RW,Z
0.0491460089725866,12.2864969536014037
0.0491460089725866
0.0491460089725866
0.0491460089725866
0.9829191224236460
0.9829191224236460
0.9829191224236460
0.9829191224236460
