RW,Z
0.0486304977406794,12.3367251705631737
0.0486565336798515
0.0486819797766229
0.0487066870098819
0.0487305577187115
0.0487535274133106
0.0487755549336407
0.0487966162433766
0.0488167001670932
0.0488358053008444
0.0488539376906786
0.0488711090430433
0.0488873353193986
0.0489026356172890
0.0489170312702768
0.0489305451183816
0.0489432009133937
0.0489550228321068
0.0489660350768684
0.0489762615471768
0.0489857255695582
0.0489944496753649
0.0490024554181913
0.0490097632240718
0.0490163922688430
0.0490223603780653
0.0490276839456436
0.0490323778679382
0.0490364554907566
0.0490399285669561
0.0490428072228821
0.0490450999321033
0.0490468134952714
0.0490479530250801
0.0490485219356300
0.0490485219356300
0.0490479530250801
0.0490468134952714
0.0490450999321033
0.0490428072228821
0.0490399285669561
0.0490364554907566
0.0490323778679382
0.0490276839456436
0.0490223603780653
0.0490163922688430
0.0490097632240717
0.0490024554181912
0.0489944496753649
0.0489857255695583
0.0489762615471768
0.0489660350768684
0.0489550228321068
0.0489432009133937
0.0489305451183816
0.0489170312702768
0.0489026356172891
0.0488873353193986
0.0488711090430433
0.0488539376906786
0.0488358053008444
0.0488167001670932
0.0487966162433766
0.0487755549336407
0.0487535274133106
0.0487305577187115
0.0487066870098819
0.0486819797766229
0.0486565336798515
0.0486304977406794
0.0486565336798515
0.0486842304214164
0.0487112370227926
0.0487373989368725
0.0487626218844364
0.0487868468425184
0.0488100385666455
0.0488321788779005
0.0488532622181342
0.0488732924930330
0.0488922807294341
0.0489102432849746
0.0489272004514631
0.0489431753490551
0.0489581930412002
0.0489722798206307
0.0489854626300915
0.0489977685904714
0.0490092246155149
0.0490198570967600
0.0490296916458685
0.0490387528839915
0.0490470642698596
0.0490546479597849
0.0490615246939972
0.0490677137047004
0.0490732326420499
0.0490780975148613
0.0490823226434465
0.0490859206223547
0.0490889022912717
0.0490912767125257
0.0490930511540638
0.0490942310768964
0.0490948201263175
0.0490948201263175
0.0490942310768967
0.0490930511540638
0.0490912767125257
0.0490889022912716
0.0490859206223547
0.0490823226434465
0.0490780975148613
0.0490732326420499
0.0490677137047004
0.0490615246939974
0.0490546479597850
0.0490470642698596
0.0490387528839915
0.0490296916458685
0.0490198570967600
0.0490092246155149
0.0489977685904714
0.0489854626300915
0.0489722798206308
0.0489581930412002
0.0489431753490551
0.0489272004514631
0.0489102432849746
0.0488922807294341
0.0488732924930330
0.0488532622181342
0.0488321788779005
0.0488100385666455
0.0487868468425184
0.0487626218844364
0.0487373989368727
0.0487112370227927
0.0486842304214163
0.0486565336798515
0.0486819797766229
0.0487112370227926
0.0487397350353266
0.0487673026591384
0.0487938414612502
0.0488192935845215
0.0488436271641124
0.0488668282962667
0.0488888959999122
0.0489098387759277
0.0489296721232172
0.0489484166775009
0.0489660967804573
0.0489827393596769
0.0489983730405137
0.0490130274353608
0.0490267325711740
0.0490395184264098
0.0490514145553992
0.0490624497833281
0.0490726519585112
0.0490820477514221
0.0490906624919916
0.0490985200382581
0.0491056426707601
0.0491120510080299
0.0491177639393330
0.0491227985715225
0.0491271701873461
0.0491308922130399
0.0491339761934311
0.0491364317730328
0.0491382666819951
0.0491394867259243
0.0491400957788505
0.0491400957788505
0.0491394867259243
0.0491382666819951
0.0491364317730328
0.0491339761934311
0.0491308922130399
0.0491271701873460
0.0491227985715225
0.0491177639393331
0.0491120510080299
0.0491056426707601
0.0490985200382581
0.0490906624919916
0.0490820477514223
0.0490726519585112
0.0490624497833281
0.0490514145553993
0.0490395184264098
0.0490267325711740
0.0490130274353608
0.0489983730405137
0.0489827393596769
0.0489660967804573
0.0489484166775008
0.0489296721232172
0.0489098387759277
0.0488888959999122
0.0488668282962667
0.0488436271641124
0.0488192935845215
0.0487938414612502
0.0487673026591384
0.0487397350353266
0.0487112370227927
0.0486819797766229
0.0487066870098819
0.0487373989368726
0.0487673026591384
0.0487962090360912
0.0488240111930855
0.0488506486911655
0.0488760903059752
0.0489003244738148
0.0489233534154722
0.0489451892321202
0.0489658511602098
0.0489853635604919
0.0490037544005782
0.0490210540852834
0.0490372945410502
0.0490525084913453
0.0490667288787585
0.0490799884017420
0.0490923191420676
0.0491037522648280
0.0491143177768793
0.0491240443326046
0.0491329590781164
0.0491410875267914
0.0491484534602868
0.0491550788503157
0.0491609837972778
0.0491661864824821
0.0491707031313693
0.0491745479854594
0.0491777332812809
0.0491802692347519
0.0491821640298696
0.0491834238107083
0.0491840526760431
0.0491840526760431
0.0491834238107083
0.0491821640298693
0.0491802692347519
0.0491777332812810
0.0491745479854594
0.0491707031313694
0.0491661864824821
0.0491609837972778
0.0491550788503157
0.0491484534602868
0.0491410875267914
0.0491329590781164
0.0491240443326046
0.0491143177768793
0.0491037522648280
0.0490923191420676
0.0490799884017420
0.0490667288787585
0.0490525084913453
0.0490372945410501
0.0490210540852834
0.0490037544005782
0.0489853635604919
0.0489658511602098
0.0489451892321202
0.0489233534154722
0.0489003244738148
0.0488760903059752
0.0488506486911655
0.0488240111930856
0.0487962090360910
0.0487673026591384
0.0487373989368726
0.0487066870098821
0.0487305577187113
0.0487626218844362
0.0487938414612502
0.0488240111930856
0.0488530144572022
0.0488807860038856
0.0489072931096286
0.0489325247805778
0.0489564850465408
0.0489791885288544
0.0490006573636445
0.0490209189824321
0.0490400044632698
0.0490579472780534
0.0490747823248620
0.0490905451712223
0.0491052714571485
0.0491189964214298
0.0491317545243707
0.0491435791468338
0.0491545023502166
0.0491645546852892
0.0491737650404871
0.0491821605220034
0.0491897663596372
0.0491966058333949
0.0492027002167912
0.0492080687335312
0.0492127285248310
0.0492166946251096
0.0492199799442365
0.0492225952547987
0.0492245491831982
0.0492258482036038
0.0492264966340303
0.0492264966340303
0.0492258482036038
0.0492245491831982
0.0492225952547987
0.0492199799442365
0.0492166946251096
0.0492127285248310
0.0492080687335312
0.0492027002167912
0.0491966058333949
0.0491897663596372
0.0491821605220034
0.0491737650404871
0.0491645546852892
0.0491545023502166
0.0491435791468337
0.0491317545243707
0.0491189964214298
0.0491052714571485
0.0490905451712223
0.0490747823248620
0.0490579472780534
0.0490400044632698
0.0490209189824321
0.0490006573636445
0.0489791885288544
0.0489564850465408
0.0489325247805778
0.0489072931096285
0.0488807860038856
0.0488530144572022
0.0488240111930856
0.0487938414612501
0.0487626218844362
0.0487305577187113
0.0487535274133106
0.0487868468425184
0.0488192935845215
0.0488506486911655
0.0488807860038856
0.0489096344990329
0.0489371585947738
0.0489633465096082
0.0489882028798670
0.0490117438352419
0.0490339935789853
0.0490549819340778
0.0490747425354202
0.0490933114698314
0.0491107262361422
0.0491270249402207
0.0491422456661881
0.0491564259822171
0.0491696025506162
0.0491818108196704
0.0491930847801551
0.0492034567733206
0.0492129573400438
0.0492216151029550
0.0492294566750271
0.0492365065893078
0.0492427872455324
0.0492483188701290
0.0492531194867278
0.0492572048948524
0.0492605886548817
0.0492632820777109
0.0492652942178863
0.0492666318692190
0.0492672995621190
0.0492672995621190
0.0492666318692190
0.0492652942178863
0.0492632820777109
0.0492605886548817
0.0492572048948524
0.0492531194867278
0.0492483188701290
0.0492427872455324
0.0492365065893078
0.0492294566750271
0.0492216151029550
0.0492129573400438
0.0492034567733206
0.0491930847801552
0.0491818108196704
0.0491696025506159
0.0491564259822171
0.0491422456661881
0.0491270249402207
0.0491107262361422
0.0490933114698313
0.0490747425354202
0.0490549819340778
0.0490339935789853
0.0490117438352419
0.0489882028798670
0.0489633465096082
0.0489371585947738
0.0489096344990328
0.0488807860038856
0.0488506486911655
0.0488192935845215
0.0487868468425184
0.0487535274133106
0.0487755549336406
0.0488100385666455
0.0488436271641124
0.0488760903059752
0.0489072931096285
0.0489371585947738
0.0489656476077862
0.0489927466655150
0.0490184600823353
0.0490428046402996
0.0490658058575081
0.0490874953034227
0.0491079086237168
0.0491270840604063
0.0491450613267848
0.0491618807423064
0.0491775825617215
0.0491922064517426
0.0492057910813197
0.0492183738003940
0.0492299903881322
0.0492406748560980
0.0492504592950417
0.0492593737564075
0.0492674461614570
0.0492747022323568
0.0492811654406206
0.0492868569692015
0.0492917956852054
0.0492959981207437
0.0492994784599390
0.0493022485304526
0.0493043177982230
0.0493056933644070
0.0493063799637390
0.0493063799637390
0.0493056933644070
0.0493043177982231
0.0493022485304526
0.0492994784599390
0.0492959981207437
0.0492917956852055
0.0492868569692015
0.0492811654406206
0.0492747022323568
0.0492674461614571
0.0492593737564075
0.0492504592950417
0.0492406748560980
0.0492299903881322
0.0492183738003940
0.0492057910813197
0.0491922064517427
0.0491775825617215
0.0491618807423064
0.0491450613267848
0.0491270840604063
0.0491079086237168
0.0490874953034227
0.0490658058575081
0.0490428046402996
0.0490184600823353
0.0489927466655150
0.0489656476077862
0.0489371585947738
0.0489072931096286
0.0488760903059752
0.0488436271641124
0.0488100385666455
0.0487755549336406
0.0487966162433766
0.0488321788779004
0.0488668282962668
0.0489003244738149
0.0489325247805778
0.0489633465096082
0.0489927466655150
0.0490207095200527
0.0490472384098187
0.0490723500987535
0.0490960707865139
0.0491184332160640
0.0491394745380871
0.0491592347097253
0.0491777552789203
0.0491950784523684
0.0492112463756008
0.0492263005740479
0.0492402815177270
0.0492532282818999
0.0492651782827396
0.0492761670720706
0.0492862281787401
0.0492953929869162
0.0493036906436365
0.0493111479894169
0.0493177895070363
0.0493236372844622
0.0493287109887171
0.0493330278480425
0.0493366026402413
0.0493394476854881
0.0493415728422243
0.0493429855050855
0.0493436906040183
0.0493436906040183
0.0493429855050855
0.0493415728422243
0.0493394476854878
0.0493366026402412
0.0493330278480425
0.0493287109887174
0.0493236372844622
0.0493177895070363
0.0493111479894171
0.0493036906436365
0.0492953929869162
0.0492862281787401
0.0492761670720706
0.0492651782827396
0.0492532282818999
0.0492402815177269
0.0492263005740478
0.0492112463756008
0.0491950784523684
0.0491777552789203
0.0491592347097252
0.0491394745380872
0.0491184332160640
0.0490960707865139
0.0490723500987535
0.0490472384098187
0.0490207095200527
0.0489927466655150
0.0489633465096082
0.0489325247805777
0.0489003244738150
0.0488668282962667
0.0488321788779005
0.0487966162433766
0.0488167001670932
0.0488532622181343
0.0488888959999121
0.0489233534154722
0.0489564850465408
0.0489882028798671
0.0490184600823353
0.0490472384098187
0.0490745397960753
0.0491003804945407
0.0491247868824763
0.0491477923931560
0.0491694352363454
0.0491897566823603
0.0492087997568372
0.0492266082396785
0.0492432258926071
0.0492586958605197
0.0492730602065474
0.0492863595507361
0.0492986327897026
0.0493099168798180
0.0493202466704781
0.0493296547768872
0.0493381714839871
0.0493458246749294
0.0493526397787159
0.0493586397327548
0.0493638449568456
0.0493682733357848
0.0493719402083427
0.0493748583607723
0.0493770380234062
0.0493784868691872
0.0493792100133158
0.0493792100133158
0.0493784868691873
0.0493770380234062
0.0493748583607723
0.0493719402083427
0.0493682733357848
0.0493638449568456
0.0493586397327549
0.0493526397787159
0.0493458246749294
0.0493381714839871
0.0493296547768872
0.0493202466704781
0.0493099168798180
0.0492986327897026
0.0492863595507362
0.0492730602065474
0.0492586958605197
0.0492432258926071
0.0492266082396785
0.0492087997568372
0.0491897566823604
0.0491694352363454
0.0491477923931560
0.0491247868824763
0.0491003804945407
0.0490745397960753
0.0490472384098187
0.0490184600823353
0.0489882028798671
0.0489564850465408
0.0489233534154722
0.0488888959999122
0.0488532622181343
0.0488167001670932
0.0488358053008444
0.0488732924930330
0.0489098387759278
0.0489451892321202
0.0489791885288544
0.0490117438352419
0.0490428046402996
0.0490723500987535
0.0491003804945407
0.0491269112308043
0.0491519684803797
0.0491755859764688
0.0491978026101318
0.0492186606113986
0.0492382041601029
0.0492564783176331
0.0492735282014294
0.0492893983449389
0.0493041322006529
0.0493177717542743
0.0493303572257521
0.0493419268385408
0.0493525166425329
0.0493621603793295
0.0493708893808249
0.0493787324939705
0.0493857160259672
0.0493918637052914
0.0493971966548223
0.0494017333740714
0.0494054897281002
0.0494084789411565
0.0494107115935145
0.0494121956202820
0.0494129363112726
0.0494129363112726
0.0494121956202821
0.0494107115935145
0.0494084789411565
0.0494054897281003
0.0494017333740714
0.0493971966548223
0.0493918637052914
0.0493857160259672
0.0493787324939705
0.0493708893808249
0.0493621603793295
0.0493525166425329
0.0493419268385408
0.0493303572257521
0.0493177717542743
0.0493041322006529
0.0492893983449388
0.0492735282014294
0.0492564783176331
0.0492382041601028
0.0492186606113986
0.0491978026101318
0.0491755859764688
0.0491519684803797
0.0491269112308043
0.0491003804945407
0.0490723500987535
0.0490428046402996
0.0490117438352419
0.0489791885288544
0.0489451892321202
0.0489098387759277
0.0488732924930330
0.0488358053008444
0.0488539376906787
0.0488922807294340
0.0489296721232173
0.0489658511602098
0.0490006573636445
0.0490339935789853
0.0490658058575080
0.0490960707865139
0.0491247868824763
0.0491519684803797
0.0491776412722704
0.0492018389875826
0.0492246008892177
0.0492459698657764
0.0492659909668444
0.0492847102720543
0.0493021740144039
0.0493184278990267
0.0493335165734195
0.0493474832157293
0.0493603692155828
0.0493722139276823
0.0493830544827402
0.0493929256436507
0.0494018596972693
0.0494098863741523
0.0494170327901424
0.0494233234048278
0.0494287799929286
0.0494334216253911
0.0494372646575900
0.0494403227225693
0.0494426067276990
0.0494441248533844
0.0494448825529574
0.0494448825529573
0.0494441248533843
0.0494426067276991
0.0494403227225692
0.0494372646575900
0.0494334216253911
0.0494287799929287
0.0494233234048279
0.0494170327901425
0.0494098863741523
0.0494018596972693
0.0493929256436507
0.0493830544827402
0.0493722139276823
0.0493603692155828
0.0493474832157293
0.0493335165734195
0.0493184278990267
0.0493021740144039
0.0492847102720543
0.0492659909668444
0.0492459698657764
0.0492246008892177
0.0492018389875826
0.0491776412722704
0.0491519684803797
0.0491247868824763
0.0490960707865139
0.0490658058575080
0.0490339935789853
0.0490006573636445
0.0489658511602098
0.0489296721232173
0.0488922807294340
0.0488539376906786
0.0488711090430433
0.0489102432849745
0.0489484166775008
0.0489853635604919
0.0490209189824321
0.0490549819340778
0.0490874953034227
0.0491184332160640
0.0491477923931560
0.0491755859764688
0.0492018389875827
0.0492265849243108
0.0492498631754955
0.0492717170386442
0.0492921921893413
0.0493113354937234
0.0493291940841391
0.0493458146384301
0.0493612428178598
0.0493755228292407
0.0493886970847906
0.0494008059390709
0.0494118874867772
0.0494219774086467
0.0494311088553114
0.0494393123609586
0.0494466157803088
0.0494530442436593
0.0494586201257360
0.0494633630249771
0.0494672897504367
0.0494704143141616
0.0494727479272219
0.0494742989980707
0.0494750731321775
0.0494750731321774
0.0494742989980707
0.0494727479272219
0.0494704143141616
0.0494672897504367
0.0494633630249771
0.0494586201257360
0.0494530442436593
0.0494466157803088
0.0494393123609586
0.0494311088553114
0.0494219774086467
0.0494118874867772
0.0494008059390708
0.0493886970847907
0.0493755228292408
0.0493612428178598
0.0493458146384301
0.0493291940841391
0.0493113354937235
0.0492921921893413
0.0492717170386442
0.0492498631754955
0.0492265849243108
0.0492018389875827
0.0491755859764688
0.0491477923931560
0.0491184332160640
0.0490874953034228
0.0490549819340778
0.0490209189824321
0.0489853635604919
0.0489484166775008
0.0489102432849745
0.0488711090430433
0.0488873353193986
0.0489272004514631
0.0489660967804573
0.0490037544005781
0.0490400044632698
0.0490747425354202
0.0491079086237168
0.0491394745380872
0.0491694352363454
0.0491978026101318
0.0492246008892177
0.0492498631754955
0.0492736287939314
0.0492959412490226
0.0493168466381653
0.0493363924143213
0.0493546264185244
0.0493715961224044
0.0493873480352584
0.0494019272406360
0.0494153770352007
0.0494277386485947
0.0494390510274751
0.0494493506704190
0.0494586715030199
0.0494670447846875
0.0494744990402599
0.0494810600108892
0.0494867506197325
0.0494915909488315
0.0494955982242352
0.0494987868070447
0.0495011681885190
0.0495027509877445
0.0495035409508455
0.0495035409508455
0.0495027509877445
0.0495011681885190
0.0494987868070448
0.0494955982242352
0.0494915909488315
0.0494867506197325
0.0494810600108891
0.0494744990402599
0.0494670447846875
0.0494586715030199
0.0494493506704190
0.0494390510274750
0.0494277386485947
0.0494153770352006
0.0494019272406360
0.0493873480352584
0.0493715961224044
0.0493546264185246
0.0493363924143213
0.0493168466381653
0.0492959412490226
0.0492736287939314
0.0492498631754956
0.0492246008892177
0.0491978026101318
0.0491694352363455
0.0491394745380871
0.0491079086237168
0.0490747425354202
0.0490400044632698
0.0490037544005782
0.0489660967804573
0.0489272004514631
0.0488873353193986
0.0489026356172890
0.0489431753490552
0.0489827393596770
0.0490210540852834
0.0490579472780534
0.0490933114698313
0.0491270840604063
0.0491592347097253
0.0491897566823604
0.0492186606113987
0.0492459698657764
0.0492717170386441
0.0492959412490226
0.0493186860489947
0.0493399977902165
0.0493599243437222
0.0493785140941307
0.0493958151487737
0.0494118747160547
0.0494267386176742
0.0494404509070982
0.0494530535724838
0.0494645863067629
0.0494750863311627
0.0494845882610795
0.0494931240054558
0.0495007226924595
0.0495074106156825
0.0495132111961535
0.0495181449563259
0.0495222295030120
0.0495254795167379
0.0495279067456014
0.0495295200020390
0.0495303251613928
0.0495303251613929
0.0495295200020390
0.0495279067456015
0.0495254795167379
0.0495222295030120
0.0495181449563259
0.0495132111961535
0.0495074106156825
0.0495007226924595
0.0494931240054558
0.0494845882610796
0.0494750863311626
0.0494645863067629
0.0494530535724838
0.0494404509070982
0.0494267386176742
0.0494118747160547
0.0493958151487737
0.0493785140941306
0.0493599243437222
0.0493399977902165
0.0493186860489947
0.0492959412490226
0.0492717170386442
0.0492459698657764
0.0492186606113987
0.0491897566823604
0.0491592347097253
0.0491270840604063
0.0490933114698313
0.0490579472780534
0.0490210540852834
0.0489827393596770
0.0489431753490552
0.0489026356172890
0.0489170312702768
0.0489581930412002
0.0489983730405137
0.0490372945410500
0.0490747823248620
0.0491107262361422
0.0491450613267847
0.0491777552789203
0.0492087997568372
0.0492382041601029
0.0492659909668444
0.0492921921893413
0.0493168466381653
0.0493399977902165
0.0493616921167316
0.0493819777666809
0.0494009035276887
0.0494185180053316
0.0494348689752990
0.0494500028729337
0.0494639643923159
0.0494767961727623
0.0494885385551778
0.0494992293941274
0.0495089039142698
0.0495175946019981
0.0495253311248441
0.0495321402725885
0.0495380459152019
0.0495430689736092
0.0495472274000754
0.0495505361655978
0.0495530072522461
0.0495546496488367
0.0495554693487065
0.0495554693487065
0.0495546496488367
0.0495530072522462
0.0495505361655978
0.0495472274000754
0.0495430689736092
0.0495380459152019
0.0495321402725886
0.0495253311248443
0.0495175946019981
0.0495089039142697
0.0494992293941274
0.0494885385551778
0.0494767961727623
0.0494639643923159
0.0494500028729337
0.0494348689752990
0.0494185180053317
0.0494009035276889
0.0493819777666809
0.0493616921167316
0.0493399977902165
0.0493168466381653
0.0492921921893413
0.0492659909668444
0.0492382041601029
0.0492087997568372
0.0491777552789203
0.0491450613267847
0.0491107262361422
0.0490747823248620
0.0490372945410500
0.0489983730405137
0.0489581930412002
0.0489170312702768
0.0489305451183816
0.0489722798206307
0.0490130274353609
0.0490525084913453
0.0490905451712223
0.0491270249402206
0.0491618807423064
0.0491950784523684
0.0492266082396785
0.0492564783176331
0.0492847102720542
0.0493113354937235
0.0493363924143213
0.0493599243437222
0.0493819777666809
0.0494026009958060
0.0494218431038718
0.0494397530769171
0.0494563791428783
0.0494717682403820
0.0494859655997511
0.0494990144139156
0.0495109555814889
0.0495218275076182
0.0495316659510065
0.0495405039077320
0.0495483715241428
0.0495552960326924
0.0495613017055378
0.0495664098218176
0.0495706386452539
0.0495740034093417
0.0495765163079980
0.0495781864899665
0.0495790200556784
0.0495790200556784
0.0495781864899664
0.0495765163079979
0.0495740034093417
0.0495706386452539
0.0495664098218175
0.0495613017055378
0.0495552960326924
0.0495483715241428
0.0495405039077320
0.0495316659510064
0.0495218275076182
0.0495109555814890
0.0494990144139156
0.0494859655997511
0.0494717682403820
0.0494563791428783
0.0494397530769171
0.0494218431038718
0.0494026009958059
0.0493819777666809
0.0493599243437222
0.0493363924143213
0.0493113354937234
0.0492847102720542
0.0492564783176330
0.0492266082396785
0.0491950784523684
0.0491618807423064
0.0491270249402206
0.0490905451712223
0.0490525084913453
0.0490130274353609
0.0489722798206307
0.0489305451183816
0.0489432009133937
0.0489854626300915
0.0490267325711740
0.0490667288787585
0.0491052714571484
0.0491422456661879
0.0491775825617215
0.0492112463756008
0.0492432258926071
0.0492735282014294
0.0493021740144038
0.0493291940841391
0.0493546264185244
0.0493785140941307
0.0494009035276889
0.0494218431038719
0.0494413820833242
0.0494595697330146
0.0494764546340627
0.0494920841318105
0.0495065039001947
0.0495197575981585
0.0495318866001336
0.0495429297860714
0.0495529233792868
0.0495619008225015
0.0495698926842588
0.0495769265893347
0.0495830271678703
0.0495882160190097
0.0495925116855419
0.0495959296367478
0.0495984822572039
0.0496001788397942
0.0496010255815791
0.0496010255815791
0.0496001788397943
0.0495984822572039
0.0495959296367478
0.0495925116855419
0.0495882160190097
0.0495830271678703
0.0495769265893348
0.0495698926842588
0.0495619008225015
0.0495529233792868
0.0495429297860714
0.0495318866001337
0.0495197575981585
0.0495065039001947
0.0494920841318105
0.0494764546340628
0.0494595697330146
0.0494413820833242
0.0494218431038719
0.0494009035276889
0.0493785140941307
0.0493546264185244
0.0493291940841391
0.0493021740144039
0.0492735282014294
0.0492432258926071
0.0492112463756008
0.0491775825617214
0.0491422456661879
0.0491052714571485
0.0490667288787585
0.0490267325711740
0.0489854626300915
0.0489432009133937
0.0489550228321068
0.0489977685904714
0.0490395184264101
0.0490799884017421
0.0491189964214298
0.0491564259822171
0.0491922064517427
0.0492263005740478
0.0492586958605197
0.0492893983449389
0.0493184278990267
0.0493458146384300
0.0493715961224044
0.0493958151487737
0.0494185180053316
0.0494397530769171
0.0494595697330146
0.0494780174386030
0.0494951450437535
0.0495110002169879
0.0495256289946384
0.0495390754238884
0.0495513812814645
0.0495625858534841
0.0495727257644461
0.0495818348457386
0.0495899440356617
0.0495970813044220
0.0496032715987922
0.0496085368020176
0.0496128957054274
0.0496163639888155
0.0496189542073295
0.0496206757830069
0.0496215349995863
0.0496215349995862
0.0496206757830068
0.0496189542073295
0.0496163639888155
0.0496128957054274
0.0496085368020176
0.0496032715987922
0.0495970813044220
0.0495899440356617
0.0495818348457386
0.0495727257644463
0.0495625858534841
0.0495513812814645
0.0495390754238884
0.0495256289946386
0.0495110002169878
0.0494951450437534
0.0494780174386032
0.0494595697330146
0.0494397530769172
0.0494185180053317
0.0493958151487737
0.0493715961224045
0.0493458146384300
0.0493184278990267
0.0492893983449389
0.0492586958605197
0.0492263005740478
0.0491922064517427
0.0491564259822172
0.0491189964214298
0.0490799884017421
0.0490395184264101
0.0489977685904714
0.0489550228321068
0.0489660350768684
0.0490092246155148
0.0490514145553992
0.0490923191420676
0.0491317545243706
0.0491696025506162
0.0492057910813197
0.0492402815177269
0.0492730602065474
0.0493041322006530
0.0493335165734195
0.0493612428178598
0.0493873480352583
0.0494118747160547
0.0494348689752990
0.0494563791428783
0.0494764546340626
0.0494951450437534
0.0495124994202323
0.0495285656838465
0.0495433901628623
0.0495570172243432
0.0495694889820514
0.0495808450666862
0.0495911224465855
0.0496003552889733
0.0496085748538121
0.0496158094135082
0.0496220841931447
0.0496274213266479
0.0496318398253546
0.0496353555559074
0.0496379812251525
0.0496397263701822
0.0496405973520235
0.0496405973520235
0.0496397263701823
0.0496379812251525
0.0496353555559073
0.0496318398253546
0.0496274213266479
0.0496220841931447
0.0496158094135082
0.0496085748538121
0.0496003552889733
0.0495911224465855
0.0495808450666862
0.0495694889820514
0.0495570172243432
0.0495433901628623
0.0495285656838466
0.0495124994202322
0.0494951450437534
0.0494764546340626
0.0494563791428783
0.0494348689752991
0.0494118747160547
0.0493873480352583
0.0493612428178598
0.0493335165734194
0.0493041322006529
0.0492730602065474
0.0492402815177270
0.0492057910813197
0.0491696025506159
0.0491317545243706
0.0490923191420676
0.0490514145553992
0.0490092246155149
0.0489660350768684
0.0489762615471768
0.0490198570967598
0.0490624497833281
0.0491037522648280
0.0491435791468337
0.0491818108196704
0.0492183738003940
0.0492532282818999
0.0492863595507361
0.0493177717542743
0.0493474832157294
0.0493755228292408
0.0494019272406359
0.0494267386176742
0.0494500028729338
0.0494717682403820
0.0494920841318104
0.0495110002169879
0.0495285656838465
0.0495448286442707
0.0495598356580072
0.0495736313525952
0.0495862581213983
0.0495977558850306
0.0496081619042662
0.0496175106344955
0.0496258336136295
0.0496331593767496
0.0496395133920804
0.0496449180133841
0.0496493924455933
0.0496529527201971
0.0496556116781912
0.0496573789585492
0.0496582609908347
0.0496582609908347
0.0496573789585492
0.0496556116781912
0.0496529527201972
0.0496493924455933
0.0496449180133840
0.0496395133920804
0.0496331593767496
0.0496258336136295
0.0496175106344955
0.0496081619042663
0.0495977558850306
0.0495862581213983
0.0495736313525952
0.0495598356580072
0.0495448286442706
0.0495285656838465
0.0495110002169879
0.0494920841318104
0.0494717682403820
0.0494500028729337
0.0494267386176742
0.0494019272406359
0.0493755228292408
0.0493474832157293
0.0493177717542742
0.0492863595507361
0.0492532282818999
0.0492183738003940
0.0491818108196704
0.0491435791468337
0.0491037522648278
0.0490624497833281
0.0490198570967599
0.0489762615471768
0.0489857255695582
0.0490296916458685
0.0490726519585113
0.0491143177768793
0.0491545023502166
0.0491930847801551
0.0492299903881322
0.0492651782827396
0.0492986327897026
0.0493303572257522
0.0493603692155828
0.0493886970847906
0.0494153770352006
0.0494404509070982
0.0494639643923159
0.0494859655997511
0.0495065039001947
0.0495256289946386
0.0495433901628623
0.0495598356580072
0.0495750122200065
0.0495889646857475
0.0496017356781798
0.0496133653597230
0.0496238912379590
0.0496333480137517
0.0496417674636498
0.0496491783496188
0.0496556063508409
0.0496610740127704
0.0496656007096636
0.0496692026176179
0.0496718926955366
0.0496736806721099
0.0496745730373096
0.0496745730373096
0.0496736806721099
0.0496718926955368
0.0496692026176179
0.0496656007096636
0.0496610740127704
0.0496556063508409
0.0496491783496188
0.0496417674636498
0.0496333480137517
0.0496238912379590
0.0496133653597230
0.0496017356781798
0.0495889646857475
0.0495750122200065
0.0495598356580072
0.0495433901628623
0.0495256289946386
0.0495065039001947
0.0494859655997512
0.0494639643923159
0.0494404509070982
0.0494153770352007
0.0493886970847907
0.0493603692155828
0.0493303572257522
0.0492986327897026
0.0492651782827396
0.0492299903881320
0.0491930847801551
0.0491545023502166
0.0491143177768793
0.0490726519585113
0.0490296916458685
0.0489857255695582
0.0489944496753649
0.0490387528839915
0.0490820477514221
0.0491240443326046
0.0491645546852891
0.0492034567733206
0.0492406748560980
0.0492761670720706
0.0493099168798180
0.0493419268385408
0.0493722139276823
0.0494008059390709
0.0494277386485947
0.0494530535724837
0.0494767961727623
0.0494990144139156
0.0495197575981586
0.0495390754238884
0.0495570172243432
0.0495736313525952
0.0495889646857475
0.0496030622264878
0.0496159667842281
0.0496277187211937
0.0496383557517011
0.0496479127842201
0.0496564217986750
0.0496639117517279
0.0496704085046121
0.0496759347688128
0.0496805100658248
0.0496841506978138
0.0496868697267286
0.0496886769597881
0.0496895789399083
0.0496895789399085
0.0496886769597883
0.0496868697267286
0.0496841506978138
0.0496805100658248
0.0496759347688128
0.0496704085046121
0.0496639117517279
0.0496564217986751
0.0496479127842201
0.0496383557517012
0.0496277187211937
0.0496159667842281
0.0496030622264878
0.0495889646857473
0.0495736313525952
0.0495570172243432
0.0495390754238884
0.0495197575981586
0.0494990144139156
0.0494767961727623
0.0494530535724837
0.0494277386485947
0.0494008059390709
0.0493722139276823
0.0493419268385408
0.0493099168798180
0.0492761670720709
0.0492406748560980
0.0492034567733205
0.0491645546852891
0.0491240443326046
0.0490820477514221
0.0490387528839914
0.0489944496753649
0.0490024554181912
0.0490470642698596
0.0490906624919916
0.0491329590781164
0.0491737650404871
0.0492129573400437
0.0492504592950416
0.0492862281787401
0.0493202466704782
0.0493525166425329
0.0493830544827402
0.0494118874867772
0.0494390510274751
0.0494645863067629
0.0494885385551778
0.0495109555814890
0.0495318866001336
0.0495513812814645
0.0495694889820514
0.0495862581213983
0.0496017356781798
0.0496159667842282
0.0496289943985420
0.0496408590470326
0.0496515986155436
0.0496612481868749
0.0496698399131860
0.0496774029170942
0.0496839632158683
0.0496895436639565
0.0496941639100758
0.0496978403656610
0.0497005861821507
0.0497024112351044
0.0497033221135579
0.0497033221135579
0.0497024112351044
0.0497005861821507
0.0496978403656610
0.0496941639100758
0.0496895436639564
0.0496839632158683
0.0496774029170942
0.0496698399131860
0.0496612481868749
0.0496515986155436
0.0496408590470326
0.0496289943985420
0.0496159667842281
0.0496017356781798
0.0495862581213983
0.0495694889820514
0.0495513812814645
0.0495318866001337
0.0495109555814889
0.0494885385551778
0.0494645863067629
0.0494390510274750
0.0494118874867772
0.0493830544827402
0.0493525166425329
0.0493202466704782
0.0492862281787401
0.0492504592950416
0.0492129573400437
0.0491737650404871
0.0491329590781164
0.0490906624919916
0.0490470642698596
0.0490024554181912
0.0490097632240717
0.0490546479597849
0.0490985200382581
0.0491410875267915
0.0491821605220034
0.0492216151029550
0.0492593737564075
0.0492953929869162
0.0493296547768873
0.0493621603793295
0.0493929256436507
0.0494219774086467
0.0494493506704190
0.0494750863311627
0.0494992293941274
0.0495218275076182
0.0495429297860714
0.0495625858534842
0.0495808450666862
0.0495977558850305
0.0496133653597234
0.0496277187211937
0.0496408590470327
0.0496528269956165
0.0496636605941130
0.0496733950705424
0.0496820627218417
0.0496896928111574
0.0496963114886151
0.0497019417309739
0.0497066032961881
0.0497103126897936
0.0497130831404906
0.0497149245829168
0.0497158436460433
0.0497158436460434
0.0497149245829168
0.0497130831404906
0.0497103126897936
0.0497066032961881
0.0497019417309739
0.0496963114886151
0.0496896928111575
0.0496820627218417
0.0496733950705424
0.0496636605941129
0.0496528269956165
0.0496408590470327
0.0496277187211937
0.0496133653597230
0.0495977558850305
0.0495808450666862
0.0495625858534842
0.0495429297860714
0.0495218275076182
0.0494992293941274
0.0494750863311627
0.0494493506704190
0.0494219774086467
0.0493929256436507
0.0493621603793295
0.0493296547768873
0.0492953929869161
0.0492593737564075
0.0492216151029550
0.0491821605220034
0.0491410875267915
0.0490985200382581
0.0490546479597849
0.0490097632240717
0.0490163922688430
0.0490615246939972
0.0491056426707601
0.0491484534602868
0.0491897663596372
0.0492294566750271
0.0492674461614571
0.0493036906436365
0.0493381714839871
0.0493708893808249
0.0494018596972693
0.0494311088553114
0.0494586715030200
0.0494845882610796
0.0495089039142698
0.0495316659510064
0.0495529233792867
0.0495727257644463
0.0495911224465855
0.0496081619042661
0.0496238912379590
0.0496383557517012
0.0496515986155436
0.0496636605941130
0.0496745798298710
0.0496843916708494
0.0496931285348013
0.0497008198029980
0.0497074917379443
0.0497131674203092
0.0497178667012277
0.0497216061667377
0.0497243991117933
0.0497262555217867
0.0497271820600367
0.0497271820600367
0.0497262555217867
0.0497243991117932
0.0497216061667378
0.0497178667012278
0.0497131674203093
0.0497074917379443
0.0497008198029980
0.0496931285348013
0.0496843916708494
0.0496745798298710
0.0496636605941130
0.0496515986155436
0.0496383557517012
0.0496238912379590
0.0496081619042662
0.0495911224465855
0.0495727257644463
0.0495529233792867
0.0495316659510065
0.0495089039142698
0.0494845882610796
0.0494586715030200
0.0494311088553114
0.0494018596972691
0.0493708893808249
0.0493381714839871
0.0493036906436365
0.0492674461614571
0.0492294566750271
0.0491897663596372
0.0491484534602868
0.0491056426707601
0.0490615246939972
0.0490163922688430
0.0490223603780654
0.0490677137047003
0.0491120510080299
0.0491550788503157
0.0491966058333949
0.0492365065893078
0.0492747022323569
0.0493111479894171
0.0493458246749292
0.0493787324939705
0.0494098863741523
0.0494393123609587
0.0494670447846875
0.0494931240054558
0.0495175946019981
0.0495405039077320
0.0495619008225015
0.0495818348457385
0.0496003552889733
0.0496175106344955
0.0496333480137517
0.0496479127842201
0.0496612481868748
0.0496733950705424
0.0496843916708495
0.0496942734341629
0.0497030728782687
0.0497108194829951
0.0497175396051688
0.0497232564131259
0.0497279898368943
0.0497317565308999
0.0497345698464946
0.0497364398123655
0.0497373731211518
0.0497373731211518
0.0497364398123655
0.0497345698464946
0.0497317565308999
0.0497279898368943
0.0497232564131259
0.0497175396051688
0.0497108194829950
0.0497030728782687
0.0496942734341629
0.0496843916708495
0.0496733950705424
0.0496612481868748
0.0496479127842201
0.0496333480137517
0.0496175106344955
0.0496003552889733
0.0495818348457386
0.0495619008225015
0.0495405039077320
0.0495175946019981
0.0494931240054557
0.0494670447846875
0.0494393123609586
0.0494098863741523
0.0493787324939705
0.0493458246749294
0.0493111479894171
0.0492747022323569
0.0492365065893078
0.0491966058333949
0.0491550788503156
0.0491120510080299
0.0490677137047004
0.0490223603780654
0.0490276839456436
0.0490732326420499
0.0491177639393330
0.0491609837972778
0.0492027002167911
0.0492427872455324
0.0492811654406206
0.0493177895070363
0.0493526397787159
0.0493857160259672
0.0494170327901424
0.0494466157803091
0.0494744990402599
0.0495007226924595
0.0495253311248441
0.0495483715241428
0.0495698926842588
0.0495899440356617
0.0496085748538121
0.0496258336136293
0.0496417674636498
0.0496564217986751
0.0496698399131860
0.0496820627218417
0.0496931285348013
0.0497030728782687
0.0497119283521167
0.0497197245177254
0.0497264878104571
0.0497322414719944
0.0497370054986452
0.0497407966024283
0.0497436281823356
0.0497455103036739
0.0497464496839197
0.0497464496839197
0.0497455103036739
0.0497436281823356
0.0497407966024283
0.0497370054986452
0.0497322414719945
0.0497264878104571
0.0497197245177254
0.0497119283521167
0.0497030728782687
0.0496931285348013
0.0496820627218417
0.0496698399131860
0.0496564217986751
0.0496417674636499
0.0496258336136293
0.0496085748538121
0.0495899440356617
0.0495698926842588
0.0495483715241428
0.0495253311248441
0.0495007226924595
0.0494744990402599
0.0494466157803088
0.0494170327901425
0.0493857160259671
0.0493526397787159
0.0493177895070363
0.0492811654406205
0.0492427872455324
0.0492027002167913
0.0491609837972778
0.0491177639393330
0.0490732326420500
0.0490276839456436
0.0490323778679382
0.0490780975148613
0.0491227985715224
0.0491661864824821
0.0492080687335312
0.0492483188701289
0.0492868569692015
0.0493236372844622
0.0493586397327549
0.0493918637052914
0.0494233234048278
0.0494530442436593
0.0494810600108892
0.0495074106156825
0.0495321402725886
0.0495552960326924
0.0495769265893348
0.0495970813044220
0.0496158094135081
0.0496331593767496
0.0496491783496187
0.0496639117517279
0.0496774029170942
0.0496896928111574
0.0497008198029980
0.0497108194829950
0.0497197245177253
0.0497275645354030
0.0497343660361647
0.0497401523224738
0.0497449434457729
0.0497487561661559
0.0497516039224495
0.0497534968106463
0.0497544415690553
0.0497544415690553
0.0497534968106463
0.0497516039224495
0.0497487561661558
0.0497449434457729
0.0497401523224738
0.0497343660361647
0.0497275645354030
0.0497197245177254
0.0497108194829950
0.0497008198029980
0.0496896928111574
0.0496774029170942
0.0496639117517279
0.0496491783496187
0.0496331593767496
0.0496158094135082
0.0495970813044220
0.0495769265893348
0.0495552960326924
0.0495321402725886
0.0495074106156825
0.0494810600108892
0.0494530442436593
0.0494233234048278
0.0493918637052914
0.0493586397327549
0.0493236372844622
0.0492868569692015
0.0492483188701290
0.0492080687335312
0.0491661864824821
0.0491227985715224
0.0490780975148613
0.0490323778679382
0.0490364554907567
0.0490823226434465
0.0491271701873460
0.0491707031313694
0.0492127285248310
0.0492531194867278
0.0492917956852056
0.0493287109887174
0.0493638449568455
0.0493971966548223
0.0494287799929287
0.0494586201257360
0.0494867506197325
0.0495132111961535
0.0495380459152019
0.0495613017055378
0.0495830271678703
0.0496032715987922
0.0496220841931447
0.0496395133920804
0.0496556063508409
0.0496704085046121
0.0496839632158683
0.0496963114886152
0.0497074917379443
0.0497175396051689
0.0497264878104571
0.0497343660361647
0.0497412008352196
0.0497470155598740
0.0497518303069013
0.0497556618760370
0.0497585237390281
0.0497604260172679
0.0497613754663325
0.0497613754663325
0.0497604260172679
0.0497585237390280
0.0497556618760370
0.0497518303069014
0.0497470155598739
0.0497412008352196
0.0497343660361647
0.0497264878104571
0.0497175396051690
0.0497074917379443
0.0496963114886151
0.0496839632158683
0.0496704085046121
0.0496556063508409
0.0496395133920804
0.0496220841931447
0.0496032715987922
0.0495830271678704
0.0495613017055378
0.0495380459152019
0.0495132111961535
0.0494867506197325
0.0494586201257360
0.0494287799929287
0.0493971966548223
0.0493638449568455
0.0493287109887174
0.0492917956852054
0.0492531194867278
0.0492127285248310
0.0491707031313694
0.0491271701873460
0.0490823226434466
0.0490364554907567
0.0490399285669561
0.0490859206223547
0.0491308922130398
0.0491745479854594
0.0492166946251095
0.0492572048948524
0.0492959981207437
0.0493330278480425
0.0493682733357848
0.0494017333740714
0.0494334216253910
0.0494633630249771
0.0494915909488315
0.0495181449563259
0.0495430689736093
0.0495664098218176
0.0495882160190097
0.0496085368020176
0.0496274213266479
0.0496449180133841
0.0496610740127704
0.0496759347688128
0.0496895436639565
0.0497019417309739
0.0497131674203092
0.0497232564131259
0.0497322414719945
0.0497401523224738
0.0497470155598740
0.0497528545766054
0.0497576895061348
0.0497615371803757
0.0497644110978577
0.0497663214006605
0.0497672748584436
0.0497672748584436
0.0497663214006605
0.0497644110978578
0.0497615371803757
0.0497576895061348
0.0497528545766054
0.0497470155598740
0.0497401523224738
0.0497322414719945
0.0497232564131259
0.0497131674203092
0.0497019417309739
0.0496895436639565
0.0496759347688128
0.0496610740127704
0.0496449180133841
0.0496274213266479
0.0496085368020176
0.0495882160190097
0.0495664098218176
0.0495430689736093
0.0495181449563259
0.0494915909488315
0.0494633630249771
0.0494334216253911
0.0494017333740714
0.0493682733357848
0.0493330278480425
0.0492959981207437
0.0492572048948524
0.0492166946251096
0.0491745479854594
0.0491308922130399
0.0490859206223548
0.0490399285669561
0.0490428072228821
0.0490889022912718
0.0491339761934307
0.0491777332812810
0.0492199799442365
0.0492605886548816
0.0492994784599390
0.0493366026402412
0.0493719402083427
0.0494054897281003
0.0494372646575900
0.0494672897504367
0.0494955982242352
0.0495222295030121
0.0495472274000754
0.0495706386452539
0.0495925116855419
0.0496128957054274
0.0496318398253546
0.0496493924455933
0.0496656007096636
0.0496805100658249
0.0496941639100758
0.0497066032961879
0.0497178667012279
0.0497279898368943
0.0497370054986453
0.0497449434457729
0.0497518303069013
0.0497576895061349
0.0497625412060035
0.0497664022639548
0.0497692861998237
0.0497712031721713
0.0497721599618838
0.0497721599618838
0.0497712031721712
0.0497692861998237
0.0497664022639548
0.0497625412060035
0.0497576895061348
0.0497518303069013
0.0497449434457729
0.0497370054986452
0.0497279898368943
0.0497178667012279
0.0497066032961881
0.0496941639100758
0.0496805100658249
0.0496656007096636
0.0496493924455933
0.0496318398253545
0.0496128957054274
0.0495925116855419
0.0495706386452539
0.0495472274000754
0.0495222295030121
0.0494955982242352
0.0494672897504367
0.0494372646575900
0.0494054897281002
0.0493719402083427
0.0493366026402413
0.0492994784599390
0.0492605886548816
0.0492199799442365
0.0491777332812810
0.0491339761934311
0.0490889022912716
0.0490428072228821
0.0490450999321033
0.0490912767125257
0.0491364317730328
0.0491802692347519
0.0492225952547987
0.0492632820777108
0.0493022485304526
0.0493394476854881
0.0493748583607723
0.0494084789411566
0.0494403227225692
0.0494704143141616
0.0494987868070447
0.0495254795167379
0.0495505361655978
0.0495740034093416
0.0495959296367478
0.0496163639888155
0.0496353555559073
0.0496529527201972
0.0496692026176179
0.0496841506978138
0.0496978403656610
0.0497103126897936
0.0497216061667378
0.0497317565308999
0.0497407966024285
0.0497487561661558
0.0497556618760371
0.0497615371803757
0.0497664022639547
0.0497702740038242
0.0497731659361977
0.0497750882323201
0.0497760476817300
0.0497760476817300
0.0497750882323201
0.0497731659361977
0.0497702740038242
0.0497664022639548
0.0497615371803757
0.0497556618760371
0.0497487561661558
0.0497407966024285
0.0497317565308999
0.0497216061667378
0.0497103126897936
0.0496978403656610
0.0496841506978138
0.0496692026176180
0.0496529527201972
0.0496353555559073
0.0496163639888155
0.0495959296367478
0.0495740034093417
0.0495505361655978
0.0495254795167379
0.0494987868070448
0.0494704143141616
0.0494403227225693
0.0494084789411566
0.0493748583607723
0.0493394476854881
0.0493022485304527
0.0492632820777108
0.0492225952547987
0.0491802692347519
0.0491364317730328
0.0490912767125257
0.0490450999321033
0.0490468134952714
0.0490930511540640
0.0491382666819951
0.0491821640298696
0.0492245491831982
0.0492652942178863
0.0493043177982230
0.0493415728422243
0.0493770380234062
0.0494107115935145
0.0494426067276994
0.0494727479272219
0.0495011681885190
0.0495279067456015
0.0495530072522462
0.0495765163079979
0.0495984822572039
0.0496189542073294
0.0496379812251525
0.0496556116781913
0.0496718926955366
0.0496868697267286
0.0497005861821506
0.0497130831404906
0.0497243991117933
0.0497345698464946
0.0497436281823356
0.0497516039224495
0.0497585237390281
0.0497644110978578
0.0497692861998236
0.0497731659361977
0.0497760638550891
0.0497779901369630
0.0497789515776528
0.0497789515776528
0.0497779901369630
0.0497760638550891
0.0497731659361977
0.0497692861998236
0.0497644110978579
0.0497585237390281
0.0497516039224495
0.0497436281823356
0.0497345698464946
0.0497243991117933
0.0497130831404907
0.0497005861821507
0.0496868697267286
0.0496718926955366
0.0496556116781913
0.0496379812251525
0.0496189542073294
0.0495984822572039
0.0495765163079979
0.0495530072522462
0.0495279067456015
0.0495011681885190
0.0494727479272218
0.0494426067276990
0.0494107115935145
0.0493770380234063
0.0493415728422243
0.0493043177982230
0.0492652942178863
0.0492245491831982
0.0491821640298697
0.0491382666819951
0.0490930511540639
0.0490468134952714
0.0490479530250802
0.0490942310768967
0.0491394867259243
0.0491834238107083
0.0492258482036037
0.0492666318692190
0.0493056933644071
0.0493429855050855
0.0493784868691872
0.0494121956202821
0.0494441248533843
0.0494742989980707
0.0495027509877445
0.0495295200020390
0.0495546496488367
0.0495781864899664
0.0496001788397942
0.0496206757830068
0.0496397263701822
0.0496573789585493
0.0496736806721099
0.0496886769597881
0.0497024112351044
0.0497149245829168
0.0497262555217867
0.0497364398123655
0.0497455103036739
0.0497534968106462
0.0497604260172680
0.0497663214006606
0.0497712031721712
0.0497750882323201
0.0497779901369630
0.0497799190725773
0.0497808818390960
0.0497808818390960
0.0497799190725774
0.0497779901369630
0.0497750882323201
0.0497712031721712
0.0497663214006605
0.0497604260172679
0.0497534968106460
0.0497455103036739
0.0497364398123655
0.0497262555217867
0.0497149245829168
0.0497024112351044
0.0496886769597881
0.0496736806721099
0.0496573789585493
0.0496397263701823
0.0496206757830068
0.0496001788397943
0.0495781864899665
0.0495546496488367
0.0495295200020390
0.0495027509877444
0.0494742989980707
0.0494441248533843
0.0494121956202820
0.0493784868691873
0.0493429855050856
0.0493056933644071
0.0492666318692190
0.0492258482036038
0.0491834238107082
0.0491394867259243
0.0490942310768967
0.0490479530250801
0.0490485219356300
0.0490948201263175
0.0491400957788505
0.0491840526760431
0.0492264966340303
0.0492672995621190
0.0493063799637390
0.0493436906040183
0.0493792100133158
0.0494129363112726
0.0494448825529574
0.0494750731321774
0.0495035409508455
0.0495303251613929
0.0495554693487065
0.0495790200556784
0.0496010255815791
0.0496215349995862
0.0496405973520235
0.0496582609908347
0.0496745730373096
0.0496895789399085
0.0497033221135579
0.0497158436460434
0.0497271820600367
0.0497373731211517
0.0497464496839196
0.0497544415690553
0.0497613754663325
0.0497672748584435
0.0497721599618837
0.0497760476817300
0.0497789515776528
0.0497808818390960
0.0497818452680167
0.0497818452680167
0.0497808818390960
0.0497789515776528
0.0497760476817300
0.0497721599618838
0.0497672748584436
0.0497613754663325
0.0497544415690553
0.0497464496839196
0.0497373731211517
0.0497271820600367
0.0497158436460434
0.0497033221135579
0.0496895789399085
0.0496745730373096
0.0496582609908347
0.0496405973520235
0.0496215349995862
0.0496010255815791
0.0495790200556785
0.0495554693487065
0.0495303251613929
0.0495035409508456
0.0494750731321775
0.0494448825529573
0.0494129363112726
0.0493792100133158
0.0493436906040183
0.0493063799637390
0.0492672995621190
0.0492264966340300
0.0491840526760431
0.0491400957788505
0.0490948201263175
0.0490485219356300
0.0490485219356301
0.0490948201263175
0.0491400957788506
0.0491840526760431
0.0492264966340303
0.0492672995621190
0.0493063799637390
0.0493436906040184
0.0493792100133158
0.0494129363112726
0.0494448825529574
0.0494750731321774
0.0495035409508457
0.0495303251613929
0.0495554693487065
0.0495790200556784
0.0496010255815791
0.0496215349995862
0.0496405973520235
0.0496582609908347
0.0496745730373096
0.0496895789399085
0.0497033221135579
0.0497158436460433
0.0497271820600366
0.0497373731211518
0.0497464496839196
0.0497544415690553
0.0497613754663325
0.0497672748584436
0.0497721599618837
0.0497760476817300
0.0497789515776528
0.0497808818390960
0.0497818452680167
0.0497818452680167
0.0497808818390960
0.0497789515776528
0.0497760476817300
0.0497721599618837
0.0497672748584436
0.0497613754663325
0.0497544415690553
0.0497464496839196
0.0497373731211517
0.0497271820600366
0.0497158436460433
0.0497033221135579
0.0496895789399085
0.0496745730373096
0.0496582609908347
0.0496405973520235
0.0496215349995862
0.0496010255815791
0.0495790200556784
0.0495554693487065
0.0495303251613929
0.0495035409508454
0.0494750731321774
0.0494448825529574
0.0494129363112726
0.0493792100133158
0.0493436906040184
0.0493063799637390
0.0492672995621190
0.0492264966340303
0.0491840526760431
0.0491400957788506
0.0490948201263175
0.0490485219356300
0.0490479530250802
0.0490942310768964
0.0491394867259243
0.0491834238107083
0.0492258482036038
0.0492666318692190
0.0493056933644071
0.0493429855050855
0.0493784868691873
0.0494121956202821
0.0494441248533843
0.0494742989980706
0.0495027509877444
0.0495295200020390
0.0495546496488367
0.0495781864899665
0.0496001788397943
0.0496206757830068
0.0496397263701823
0.0496573789585492
0.0496736806721099
0.0496886769597882
0.0497024112351044
0.0497149245829168
0.0497262555217867
0.0497364398123655
0.0497455103036739
0.0497534968106460
0.0497604260172679
0.0497663214006604
0.0497712031721713
0.0497750882323201
0.0497779901369629
0.0497799190725774
0.0497808818390960
0.0497808818390960
0.0497799190725774
0.0497779901369630
0.0497750882323201
0.0497712031721712
0.0497663214006606
0.0497604260172679
0.0497534968106463
0.0497455103036739
0.0497364398123655
0.0497262555217867
0.0497149245829168
0.0497024112351044
0.0496886769597882
0.0496736806721099
0.0496573789585492
0.0496397263701823
0.0496206757830067
0.0496001788397943
0.0495781864899664
0.0495546496488367
0.0495295200020390
0.0495027509877444
0.0494742989980707
0.0494441248533843
0.0494121956202821
0.0493784868691873
0.0493429855050855
0.0493056933644071
0.0492666318692190
0.0492258482036037
0.0491834238107083
0.0491394867259243
0.0490942310768964
0.0490479530250802
0.0490468134952714
0.0490930511540638
0.0491382666819951
0.0491821640298697
0.0492245491831982
0.0492652942178862
0.0493043177982231
0.0493415728422245
0.0493770380234062
0.0494107115935145
0.0494426067276994
0.0494727479272218
0.0495011681885190
0.0495279067456015
0.0495530072522462
0.0495765163079980
0.0495984822572039
0.0496189542073295
0.0496379812251526
0.0496556116781912
0.0496718926955366
0.0496868697267286
0.0497005861821507
0.0497130831404907
0.0497243991117932
0.0497345698464946
0.0497436281823356
0.0497516039224495
0.0497585237390281
0.0497644110978577
0.0497692861998236
0.0497731659361977
0.0497760638550890
0.0497779901369632
0.0497789515776528
0.0497789515776528
0.0497779901369630
0.0497760638550890
0.0497731659361977
0.0497692861998236
0.0497644110978577
0.0497585237390281
0.0497516039224495
0.0497436281823355
0.0497345698464946
0.0497243991117933
0.0497130831404907
0.0497005861821507
0.0496868697267286
0.0496718926955366
0.0496556116781912
0.0496379812251525
0.0496189542073295
0.0495984822572038
0.0495765163079980
0.0495530072522462
0.0495279067456015
0.0495011681885190
0.0494727479272218
0.0494426067276994
0.0494107115935145
0.0493770380234062
0.0493415728422245
0.0493043177982230
0.0492652942178863
0.0492245491831982
0.0491821640298693
0.0491382666819951
0.0490930511540638
0.0490468134952714
0.0490450999321033
0.0490912767125257
0.0491364317730328
0.0491802692347519
0.0492225952547987
0.0492632820777108
0.0493022485304526
0.0493394476854881
0.0493748583607723
0.0494084789411565
0.0494403227225693
0.0494704143141616
0.0494987868070448
0.0495254795167379
0.0495505361655979
0.0495740034093417
0.0495959296367478
0.0496163639888156
0.0496353555559073
0.0496529527201971
0.0496692026176179
0.0496841506978138
0.0496978403656609
0.0497103126897936
0.0497216061667378
0.0497317565309001
0.0497407966024283
0.0497487561661559
0.0497556618760370
0.0497615371803757
0.0497664022639548
0.0497702740038241
0.0497731659361977
0.0497750882323201
0.0497760476817300
0.0497760476817300
0.0497750882323201
0.0497731659361977
0.0497702740038241
0.0497664022639548
0.0497615371803757
0.0497556618760371
0.0497487561661559
0.0497407966024283
0.0497317565309001
0.0497216061667377
0.0497103126897936
0.0496978403656609
0.0496841506978138
0.0496692026176179
0.0496529527201971
0.0496353555559073
0.0496163639888155
0.0495959296367478
0.0495740034093417
0.0495505361655978
0.0495254795167379
0.0494987868070451
0.0494704143141616
0.0494403227225692
0.0494084789411565
0.0493748583607723
0.0493394476854881
0.0493022485304526
0.0492632820777109
0.0492225952547987
0.0491802692347519
0.0491364317730328
0.0490912767125257
0.0490450999321033
0.0490428072228821
0.0490889022912716
0.0491339761934311
0.0491777332812809
0.0492199799442365
0.0492605886548817
0.0492994784599390
0.0493366026402412
0.0493719402083427
0.0494054897281003
0.0494372646575900
0.0494672897504367
0.0494955982242352
0.0495222295030121
0.0495472274000754
0.0495706386452539
0.0495925116855419
0.0496128957054274
0.0496318398253546
0.0496493924455933
0.0496656007096636
0.0496805100658249
0.0496941639100758
0.0497066032961879
0.0497178667012279
0.0497279898368943
0.0497370054986452
0.0497449434457729
0.0497518303069013
0.0497576895061348
0.0497625412060034
0.0497664022639549
0.0497692861998236
0.0497712031721712
0.0497721599618838
0.0497721599618838
0.0497712031721712
0.0497692861998236
0.0497664022639548
0.0497625412060034
0.0497576895061348
0.0497518303069013
0.0497449434457729
0.0497370054986452
0.0497279898368943
0.0497178667012279
0.0497066032961881
0.0496941639100758
0.0496805100658249
0.0496656007096635
0.0496493924455933
0.0496318398253546
0.0496128957054274
0.0495925116855419
0.0495706386452539
0.0495472274000755
0.0495222295030121
0.0494955982242352
0.0494672897504367
0.0494372646575900
0.0494054897281002
0.0493719402083427
0.0493366026402413
0.0492994784599390
0.0492605886548817
0.0492199799442365
0.0491777332812809
0.0491339761934311
0.0490889022912716
0.0490428072228821
0.0490399285669561
0.0490859206223547
0.0491308922130399
0.0491745479854594
0.0492166946251095
0.0492572048948524
0.0492959981207437
0.0493330278480425
0.0493682733357848
0.0494017333740714
0.0494334216253910
0.0494633630249771
0.0494915909488314
0.0495181449563259
0.0495430689736092
0.0495664098218176
0.0495882160190097
0.0496085368020176
0.0496274213266478
0.0496449180133841
0.0496610740127705
0.0496759347688128
0.0496895436639565
0.0497019417309739
0.0497131674203092
0.0497232564131259
0.0497322414719945
0.0497401523224739
0.0497470155598740
0.0497528545766054
0.0497576895061348
0.0497615371803757
0.0497644110978577
0.0497663214006606
0.0497672748584436
0.0497672748584436
0.0497663214006607
0.0497644110978578
0.0497615371803757
0.0497576895061348
0.0497528545766054
0.0497470155598740
0.0497401523224739
0.0497322414719945
0.0497232564131258
0.0497131674203091
0.0497019417309739
0.0496895436639565
0.0496759347688128
0.0496610740127704
0.0496449180133841
0.0496274213266479
0.0496085368020176
0.0495882160190097
0.0495664098218176
0.0495430689736093
0.0495181449563259
0.0494915909488315
0.0494633630249771
0.0494334216253911
0.0494017333740714
0.0493682733357848
0.0493330278480425
0.0492959981207437
0.0492572048948524
0.0492166946251095
0.0491745479854594
0.0491308922130398
0.0490859206223546
0.0490399285669561
0.0490364554907567
0.0490823226434464
0.0491271701873460
0.0491707031313693
0.0492127285248310
0.0492531194867279
0.0492917956852054
0.0493287109887171
0.0493638449568456
0.0493971966548223
0.0494287799929286
0.0494586201257360
0.0494867506197326
0.0495132111961535
0.0495380459152018
0.0495613017055378
0.0495830271678702
0.0496032715987922
0.0496220841931447
0.0496395133920804
0.0496556063508408
0.0496704085046121
0.0496839632158683
0.0496963114886151
0.0497074917379443
0.0497175396051689
0.0497264878104571
0.0497343660361647
0.0497412008352196
0.0497470155598739
0.0497518303069013
0.0497556618760370
0.0497585237390281
0.0497604260172679
0.0497613754663325
0.0497613754663326
0.0497604260172679
0.0497585237390281
0.0497556618760370
0.0497518303069013
0.0497470155598740
0.0497412008352196
0.0497343660361647
0.0497264878104571
0.0497175396051690
0.0497074917379442
0.0496963114886152
0.0496839632158683
0.0496704085046121
0.0496556063508409
0.0496395133920803
0.0496220841931448
0.0496032715987922
0.0495830271678702
0.0495613017055378
0.0495380459152019
0.0495132111961535
0.0494867506197325
0.0494586201257359
0.0494287799929287
0.0493971966548223
0.0493638449568456
0.0493287109887174
0.0492917956852054
0.0492531194867279
0.0492127285248310
0.0491707031313693
0.0491271701873460
0.0490823226434466
0.0490364554907567
0.0490323778679382
0.0490780975148613
0.0491227985715224
0.0491661864824821
0.0492080687335312
0.0492483188701290
0.0492868569692015
0.0493236372844622
0.0493586397327549
0.0493918637052914
0.0494233234048279
0.0494530442436593
0.0494810600108892
0.0495074106156825
0.0495321402725886
0.0495552960326925
0.0495769265893348
0.0495970813044220
0.0496158094135082
0.0496331593767497
0.0496491783496188
0.0496639117517279
0.0496774029170941
0.0496896928111575
0.0497008198029980
0.0497108194829950
0.0497197245177254
0.0497275645354030
0.0497343660361647
0.0497401523224738
0.0497449434457729
0.0497487561661559
0.0497516039224495
0.0497534968106463
0.0497544415690553
0.0497544415690553
0.0497534968106463
0.0497516039224495
0.0497487561661559
0.0497449434457728
0.0497401523224738
0.0497343660361647
0.0497275645354030
0.0497197245177254
0.0497108194829950
0.0497008198029980
0.0496896928111575
0.0496774029170941
0.0496639117517279
0.0496491783496187
0.0496331593767496
0.0496158094135082
0.0495970813044220
0.0495769265893348
0.0495552960326925
0.0495321402725886
0.0495074106156825
0.0494810600108892
0.0494530442436593
0.0494233234048279
0.0493918637052914
0.0493586397327549
0.0493236372844622
0.0492868569692015
0.0492483188701290
0.0492080687335312
0.0491661864824821
0.0491227985715224
0.0490780975148613
0.0490323778679382
0.0490276839456436
0.0490732326420500
0.0491177639393330
0.0491609837972778
0.0492027002167913
0.0492427872455324
0.0492811654406205
0.0493177895070363
0.0493526397787159
0.0493857160259672
0.0494170327901425
0.0494466157803089
0.0494744990402599
0.0495007226924595
0.0495253311248441
0.0495483715241428
0.0495698926842588
0.0495899440356617
0.0496085748538121
0.0496258336136295
0.0496417674636498
0.0496564217986750
0.0496698399131860
0.0496820627218417
0.0496931285348012
0.0497030728782687
0.0497119283521168
0.0497197245177254
0.0497264878104571
0.0497322414719945
0.0497370054986452
0.0497407966024285
0.0497436281823356
0.0497455103036739
0.0497464496839197
0.0497464496839196
0.0497455103036739
0.0497436281823356
0.0497407966024285
0.0497370054986452
0.0497322414719945
0.0497264878104571
0.0497197245177254
0.0497119283521168
0.0497030728782686
0.0496931285348012
0.0496820627218418
0.0496698399131860
0.0496564217986750
0.0496417674636499
0.0496258336136295
0.0496085748538121
0.0495899440356617
0.0495698926842588
0.0495483715241428
0.0495253311248441
0.0495007226924595
0.0494744990402599
0.0494466157803088
0.0494170327901424
0.0493857160259672
0.0493526397787159
0.0493177895070363
0.0492811654406205
0.0492427872455324
0.0492027002167912
0.0491609837972781
0.0491177639393330
0.0490732326420500
0.0490276839456436
0.0490223603780654
0.0490677137047005
0.0491120510080299
0.0491550788503156
0.0491966058333949
0.0492365065893078
0.0492747022323568
0.0493111479894171
0.0493458246749292
0.0493787324939705
0.0494098863741523
0.0494393123609586
0.0494670447846875
0.0494931240054557
0.0495175946019981
0.0495405039077320
0.0495619008225016
0.0495818348457386
0.0496003552889733
0.0496175106344955
0.0496333480137516
0.0496479127842200
0.0496612481868748
0.0496733950705424
0.0496843916708495
0.0496942734341629
0.0497030728782686
0.0497108194829950
0.0497175396051689
0.0497232564131259
0.0497279898368943
0.0497317565308999
0.0497345698464946
0.0497364398123655
0.0497373731211518
0.0497373731211517
0.0497364398123655
0.0497345698464946
0.0497317565309001
0.0497279898368943
0.0497232564131259
0.0497175396051688
0.0497108194829950
0.0497030728782687
0.0496942734341629
0.0496843916708495
0.0496733950705424
0.0496612481868748
0.0496479127842201
0.0496333480137517
0.0496175106344955
0.0496003552889733
0.0495818348457386
0.0495619008225016
0.0495405039077320
0.0495175946019982
0.0494931240054557
0.0494670447846876
0.0494393123609587
0.0494098863741523
0.0493787324939705
0.0493458246749292
0.0493111479894171
0.0492747022323568
0.0492365065893078
0.0491966058333949
0.0491550788503157
0.0491120510080299
0.0490677137047005
0.0490223603780654
0.0490163922688430
0.0490615246939972
0.0491056426707601
0.0491484534602869
0.0491897663596373
0.0492294566750270
0.0492674461614571
0.0493036906436365
0.0493381714839871
0.0493708893808249
0.0494018596972693
0.0494311088553114
0.0494586715030200
0.0494845882610795
0.0495089039142698
0.0495316659510065
0.0495529233792868
0.0495727257644461
0.0495911224465855
0.0496081619042662
0.0496238912379591
0.0496383557517011
0.0496515986155436
0.0496636605941129
0.0496745798298710
0.0496843916708495
0.0496931285348011
0.0497008198029980
0.0497074917379443
0.0497131674203092
0.0497178667012278
0.0497216061667378
0.0497243991117933
0.0497262555217867
0.0497271820600367
0.0497271820600367
0.0497262555217867
0.0497243991117933
0.0497216061667378
0.0497178667012279
0.0497131674203092
0.0497074917379443
0.0497008198029980
0.0496931285348012
0.0496843916708495
0.0496745798298710
0.0496636605941130
0.0496515986155436
0.0496383557517011
0.0496238912379590
0.0496081619042662
0.0495911224465855
0.0495727257644461
0.0495529233792868
0.0495316659510065
0.0495089039142698
0.0494845882610796
0.0494586715030199
0.0494311088553114
0.0494018596972693
0.0493708893808248
0.0493381714839870
0.0493036906436365
0.0492674461614571
0.0492294566750270
0.0491897663596372
0.0491484534602869
0.0491056426707601
0.0490615246939972
0.0490163922688430
0.0490097632240717
0.0490546479597849
0.0490985200382581
0.0491410875267915
0.0491821605220034
0.0492216151029550
0.0492593737564075
0.0492953929869161
0.0493296547768872
0.0493621603793295
0.0493929256436507
0.0494219774086467
0.0494493506704190
0.0494750863311627
0.0494992293941274
0.0495218275076182
0.0495429297860714
0.0495625858534842
0.0495808450666862
0.0495977558850306
0.0496133653597233
0.0496277187211937
0.0496408590470327
0.0496528269956165
0.0496636605941129
0.0496733950705424
0.0496820627218417
0.0496896928111574
0.0496963114886151
0.0497019417309739
0.0497066032961879
0.0497103126897936
0.0497130831404907
0.0497149245829168
0.0497158436460433
0.0497158436460433
0.0497149245829168
0.0497130831404906
0.0497103126897936
0.0497066032961879
0.0497019417309739
0.0496963114886151
0.0496896928111575
0.0496820627218417
0.0496733950705424
0.0496636605941129
0.0496528269956164
0.0496408590470326
0.0496277187211936
0.0496133653597230
0.0495977558850306
0.0495808450666862
0.0495625858534842
0.0495429297860714
0.0495218275076182
0.0494992293941274
0.0494750863311627
0.0494493506704190
0.0494219774086468
0.0493929256436507
0.0493621603793295
0.0493296547768872
0.0492953929869161
0.0492593737564075
0.0492216151029550
0.0491821605220034
0.0491410875267915
0.0490985200382581
0.0490546479597849
0.0490097632240717
0.0490024554181912
0.0490470642698596
0.0490906624919916
0.0491329590781164
0.0491737650404871
0.0492129573400437
0.0492504592950417
0.0492862281787401
0.0493202466704782
0.0493525166425329
0.0493830544827399
0.0494118874867772
0.0494390510274750
0.0494645863067629
0.0494885385551778
0.0495109555814890
0.0495318866001337
0.0495513812814645
0.0495694889820514
0.0495862581213983
0.0496017356781798
0.0496159667842282
0.0496289943985420
0.0496408590470326
0.0496515986155436
0.0496612481868748
0.0496698399131860
0.0496774029170941
0.0496839632158683
0.0496895436639565
0.0496941639100757
0.0496978403656610
0.0497005861821507
0.0497024112351043
0.0497033221135579
0.0497033221135579
0.0497024112351044
0.0497005861821506
0.0496978403656610
0.0496941639100757
0.0496895436639565
0.0496839632158683
0.0496774029170941
0.0496698399131860
0.0496612481868748
0.0496515986155436
0.0496408590470327
0.0496289943985420
0.0496159667842282
0.0496017356781799
0.0495862581213983
0.0495694889820514
0.0495513812814645
0.0495318866001336
0.0495109555814890
0.0494885385551777
0.0494645863067629
0.0494390510274750
0.0494118874867772
0.0493830544827402
0.0493525166425329
0.0493202466704782
0.0492862281787401
0.0492504592950416
0.0492129573400437
0.0491737650404870
0.0491329590781164
0.0490906624919916
0.0490470642698596
0.0490024554181912
0.0489944496753649
0.0490387528839915
0.0490820477514221
0.0491240443326046
0.0491645546852892
0.0492034567733206
0.0492406748560980
0.0492761670720706
0.0493099168798180
0.0493419268385408
0.0493722139276823
0.0494008059390709
0.0494277386485947
0.0494530535724838
0.0494767961727622
0.0494990144139156
0.0495197575981585
0.0495390754238884
0.0495570172243432
0.0495736313525952
0.0495889646857475
0.0496030622264877
0.0496159667842281
0.0496277187211936
0.0496383557517011
0.0496479127842201
0.0496564217986751
0.0496639117517279
0.0496704085046121
0.0496759347688127
0.0496805100658249
0.0496841506978138
0.0496868697267286
0.0496886769597881
0.0496895789399085
0.0496895789399085
0.0496886769597882
0.0496868697267286
0.0496841506978138
0.0496805100658249
0.0496759347688128
0.0496704085046121
0.0496639117517279
0.0496564217986751
0.0496479127842201
0.0496383557517011
0.0496277187211936
0.0496159667842282
0.0496030622264877
0.0495889646857475
0.0495736313525952
0.0495570172243432
0.0495390754238884
0.0495197575981585
0.0494990144139157
0.0494767961727623
0.0494530535724838
0.0494277386485947
0.0494008059390709
0.0493722139276824
0.0493419268385407
0.0493099168798180
0.0492761670720706
0.0492406748560980
0.0492034567733206
0.0491645546852892
0.0491240443326046
0.0490820477514221
0.0490387528839915
0.0489944496753649
0.0489857255695583
0.0490296916458684
0.0490726519585112
0.0491143177768793
0.0491545023502166
0.0491930847801551
0.0492299903881320
0.0492651782827396
0.0492986327897026
0.0493303572257522
0.0493603692155827
0.0493886970847906
0.0494153770352006
0.0494404509070982
0.0494639643923159
0.0494859655997511
0.0495065039001947
0.0495256289946384
0.0495433901628623
0.0495598356580072
0.0495750122200064
0.0495889646857473
0.0496017356781798
0.0496133653597230
0.0496238912379590
0.0496333480137517
0.0496417674636498
0.0496491783496188
0.0496556063508409
0.0496610740127703
0.0496656007096636
0.0496692026176179
0.0496718926955366
0.0496736806721099
0.0496745730373096
0.0496745730373096
0.0496736806721099
0.0496718926955366
0.0496692026176179
0.0496656007096636
0.0496610740127704
0.0496556063508409
0.0496491783496187
0.0496417674636498
0.0496333480137517
0.0496238912379590
0.0496133653597230
0.0496017356781799
0.0495889646857473
0.0495750122200064
0.0495598356580072
0.0495433901628623
0.0495256289946386
0.0495065039001947
0.0494859655997511
0.0494639643923159
0.0494404509070980
0.0494153770352007
0.0493886970847907
0.0493603692155827
0.0493303572257522
0.0492986327897026
0.0492651782827396
0.0492299903881320
0.0491930847801551
0.0491545023502166
0.0491143177768793
0.0490726519585112
0.0490296916458685
0.0489857255695583
0.0489762615471768
0.0490198570967600
0.0490624497833281
0.0491037522648280
0.0491435791468338
0.0491818108196704
0.0492183738003940
0.0492532282818999
0.0492863595507361
0.0493177717542743
0.0493474832157293
0.0493755228292409
0.0494019272406359
0.0494267386176742
0.0494500028729337
0.0494717682403820
0.0494920841318104
0.0495110002169878
0.0495285656838466
0.0495448286442706
0.0495598356580072
0.0495736313525952
0.0495862581213983
0.0495977558850305
0.0496081619042662
0.0496175106344955
0.0496258336136293
0.0496331593767497
0.0496395133920804
0.0496449180133840
0.0496493924455934
0.0496529527201971
0.0496556116781913
0.0496573789585493
0.0496582609908347
0.0496582609908347
0.0496573789585493
0.0496556116781912
0.0496529527201972
0.0496493924455933
0.0496449180133841
0.0496395133920804
0.0496331593767497
0.0496258336136293
0.0496175106344955
0.0496081619042662
0.0495977558850305
0.0495862581213983
0.0495736313525952
0.0495598356580072
0.0495448286442706
0.0495285656838463
0.0495110002169878
0.0494920841318104
0.0494717682403820
0.0494500028729337
0.0494267386176742
0.0494019272406359
0.0493755228292408
0.0493474832157293
0.0493177717542743
0.0492863595507361
0.0492532282818999
0.0492183738003940
0.0491818108196704
0.0491435791468338
0.0491037522648280
0.0490624497833281
0.0490198570967600
0.0489762615471768
0.0489660350768684
0.0490092246155149
0.0490514145553993
0.0490923191420676
0.0491317545243706
0.0491696025506159
0.0492057910813197
0.0492402815177270
0.0492730602065474
0.0493041322006529
0.0493335165734195
0.0493612428178599
0.0493873480352583
0.0494118747160546
0.0494348689752990
0.0494563791428783
0.0494764546340627
0.0494951450437534
0.0495124994202323
0.0495285656838463
0.0495433901628623
0.0495570172243432
0.0495694889820514
0.0495808450666862
0.0495911224465855
0.0496003552889733
0.0496085748538121
0.0496158094135082
0.0496220841931447
0.0496274213266478
0.0496318398253545
0.0496353555559073
0.0496379812251525
0.0496397263701822
0.0496405973520235
0.0496405973520235
0.0496397263701821
0.0496379812251525
0.0496353555559073
0.0496318398253545
0.0496274213266478
0.0496220841931447
0.0496158094135082
0.0496085748538121
0.0496003552889733
0.0495911224465855
0.0495808450666862
0.0495694889820514
0.0495570172243432
0.0495433901628623
0.0495285656838463
0.0495124994202323
0.0494951450437534
0.0494764546340627
0.0494563791428783
0.0494348689752991
0.0494118747160547
0.0493873480352584
0.0493612428178599
0.0493335165734195
0.0493041322006529
0.0492730602065474
0.0492402815177268
0.0492057910813197
0.0491696025506159
0.0491317545243706
0.0490923191420676
0.0490514145553992
0.0490092246155148
0.0489660350768684
0.0489550228321068
0.0489977685904714
0.0490395184264101
0.0490799884017420
0.0491189964214298
0.0491564259822171
0.0491922064517426
0.0492263005740478
0.0492586958605197
0.0492893983449388
0.0493184278990267
0.0493458146384301
0.0493715961224044
0.0493958151487737
0.0494185180053317
0.0494397530769171
0.0494595697330146
0.0494780174386032
0.0494951450437534
0.0495110002169878
0.0495256289946385
0.0495390754238884
0.0495513812814645
0.0495625858534841
0.0495727257644461
0.0495818348457386
0.0495899440356617
0.0495970813044220
0.0496032715987922
0.0496085368020176
0.0496128957054274
0.0496163639888155
0.0496189542073295
0.0496206757830067
0.0496215349995862
0.0496215349995862
0.0496206757830067
0.0496189542073295
0.0496163639888156
0.0496128957054274
0.0496085368020176
0.0496032715987922
0.0495970813044219
0.0495899440356617
0.0495818348457386
0.0495727257644461
0.0495625858534841
0.0495513812814645
0.0495390754238884
0.0495256289946384
0.0495110002169878
0.0494951450437535
0.0494780174386030
0.0494595697330146
0.0494397530769171
0.0494185180053317
0.0493958151487737
0.0493715961224044
0.0493458146384301
0.0493184278990267
0.0492893983449388
0.0492586958605198
0.0492263005740478
0.0491922064517427
0.0491564259822171
0.0491189964214298
0.0490799884017420
0.0490395184264101
0.0489977685904714
0.0489550228321068
0.0489432009133937
0.0489854626300915
0.0490267325711740
0.0490667288787585
0.0491052714571485
0.0491422456661878
0.0491775825617214
0.0492112463756008
0.0492432258926071
0.0492735282014294
0.0493021740144039
0.0493291940841391
0.0493546264185244
0.0493785140941309
0.0494009035276889
0.0494218431038718
0.0494413820833241
0.0494595697330146
0.0494764546340627
0.0494920841318104
0.0495065039001947
0.0495197575981586
0.0495318866001336
0.0495429297860714
0.0495529233792868
0.0495619008225017
0.0495698926842588
0.0495769265893347
0.0495830271678703
0.0495882160190097
0.0495925116855422
0.0495959296367478
0.0495984822572038
0.0496001788397942
0.0496010255815791
0.0496010255815791
0.0496001788397942
0.0495984822572038
0.0495959296367478
0.0495925116855422
0.0495882160190097
0.0495830271678703
0.0495769265893348
0.0495698926842588
0.0495619008225017
0.0495529233792868
0.0495429297860714
0.0495318866001336
0.0495197575981586
0.0495065039001947
0.0494920841318105
0.0494764546340627
0.0494595697330146
0.0494413820833241
0.0494218431038718
0.0494009035276887
0.0493785140941307
0.0493546264185244
0.0493291940841391
0.0493021740144039
0.0492735282014294
0.0492432258926071
0.0492112463756008
0.0491775825617214
0.0491422456661878
0.0491052714571485
0.0490667288787585
0.0490267325711740
0.0489854626300915
0.0489432009133937
0.0489305451183816
0.0489722798206307
0.0490130274353609
0.0490525084913453
0.0490905451712223
0.0491270249402206
0.0491618807423064
0.0491950784523684
0.0492266082396785
0.0492564783176331
0.0492847102720545
0.0493113354937235
0.0493363924143213
0.0493599243437222
0.0493819777666809
0.0494026009958060
0.0494218431038718
0.0494397530769171
0.0494563791428783
0.0494717682403820
0.0494859655997512
0.0494990144139157
0.0495109555814890
0.0495218275076182
0.0495316659510065
0.0495405039077315
0.0495483715241428
0.0495552960326925
0.0495613017055378
0.0495664098218176
0.0495706386452539
0.0495740034093417
0.0495765163079979
0.0495781864899665
0.0495790200556785
0.0495790200556784
0.0495781864899665
0.0495765163079979
0.0495740034093417
0.0495706386452539
0.0495664098218176
0.0495613017055378
0.0495552960326924
0.0495483715241428
0.0495405039077315
0.0495316659510065
0.0495218275076181
0.0495109555814889
0.0494990144139157
0.0494859655997512
0.0494717682403820
0.0494563791428783
0.0494397530769172
0.0494218431038719
0.0494026009958060
0.0493819777666809
0.0493599243437222
0.0493363924143213
0.0493113354937235
0.0492847102720545
0.0492564783176330
0.0492266082396785
0.0491950784523684
0.0491618807423064
0.0491270249402206
0.0490905451712223
0.0490525084913453
0.0490130274353609
0.0489722798206307
0.0489305451183816
0.0489170312702768
0.0489581930412001
0.0489983730405137
0.0490372945410501
0.0490747823248620
0.0491107262361422
0.0491450613267847
0.0491777552789203
0.0492087997568372
0.0492382041601029
0.0492659909668445
0.0492921921893413
0.0493168466381653
0.0493399977902165
0.0493616921167316
0.0493819777666810
0.0494009035276889
0.0494185180053317
0.0494348689752990
0.0494500028729337
0.0494639643923159
0.0494767961727622
0.0494885385551778
0.0494992293941274
0.0495089039142698
0.0495175946019981
0.0495253311248444
0.0495321402725885
0.0495380459152019
0.0495430689736093
0.0495472274000754
0.0495505361655978
0.0495530072522462
0.0495546496488367
0.0495554693487065
0.0495554693487065
0.0495546496488367
0.0495530072522462
0.0495505361655978
0.0495472274000754
0.0495430689736093
0.0495380459152019
0.0495321402725887
0.0495253311248444
0.0495175946019981
0.0495089039142698
0.0494992293941274
0.0494885385551778
0.0494767961727623
0.0494639643923159
0.0494500028729337
0.0494348689752990
0.0494185180053317
0.0494009035276889
0.0493819777666809
0.0493616921167316
0.0493399977902165
0.0493168466381653
0.0492921921893413
0.0492659909668445
0.0492382041601029
0.0492087997568372
0.0491777552789203
0.0491450613267847
0.0491107262361422
0.0490747823248620
0.0490372945410501
0.0489983730405137
0.0489581930412002
0.0489170312702768
0.0489026356172890
0.0489431753490551
0.0489827393596769
0.0490210540852834
0.0490579472780534
0.0490933114698313
0.0491270840604064
0.0491592347097252
0.0491897566823604
0.0492186606113987
0.0492459698657764
0.0492717170386442
0.0492959412490226
0.0493186860489947
0.0493399977902165
0.0493599243437221
0.0493785140941310
0.0493958151487737
0.0494118747160548
0.0494267386176742
0.0494404509070981
0.0494530535724838
0.0494645863067629
0.0494750863311627
0.0494845882610796
0.0494931240054557
0.0495007226924595
0.0495074106156825
0.0495132111961535
0.0495181449563259
0.0495222295030120
0.0495254795167379
0.0495279067456015
0.0495295200020389
0.0495303251613928
0.0495303251613929
0.0495295200020390
0.0495279067456015
0.0495254795167380
0.0495222295030120
0.0495181449563259
0.0495132111961535
0.0495074106156825
0.0495007226924595
0.0494931240054558
0.0494845882610796
0.0494750863311627
0.0494645863067629
0.0494530535724838
0.0494404509070982
0.0494267386176742
0.0494118747160547
0.0493958151487736
0.0493785140941309
0.0493599243437222
0.0493399977902165
0.0493186860489947
0.0492959412490226
0.0492717170386441
0.0492459698657764
0.0492186606113987
0.0491897566823604
0.0491592347097252
0.0491270840604065
0.0490933114698313
0.0490579472780534
0.0490210540852834
0.0489827393596769
0.0489431753490551
0.0489026356172891
0.0488873353193986
0.0489272004514631
0.0489660967804573
0.0490037544005781
0.0490400044632701
0.0490747425354202
0.0491079086237168
0.0491394745380872
0.0491694352363454
0.0491978026101318
0.0492246008892177
0.0492498631754955
0.0492736287939314
0.0492959412490225
0.0493168466381653
0.0493363924143213
0.0493546264185244
0.0493715961224044
0.0493873480352584
0.0494019272406359
0.0494153770352007
0.0494277386485947
0.0494390510274750
0.0494493506704190
0.0494586715030199
0.0494670447846875
0.0494744990402599
0.0494810600108892
0.0494867506197325
0.0494915909488315
0.0494955982242352
0.0494987868070448
0.0495011681885190
0.0495027509877445
0.0495035409508456
0.0495035409508457
0.0495027509877445
0.0495011681885190
0.0494987868070448
0.0494955982242353
0.0494915909488315
0.0494867506197326
0.0494810600108892
0.0494744990402599
0.0494670447846875
0.0494586715030199
0.0494493506704190
0.0494390510274750
0.0494277386485947
0.0494153770352006
0.0494019272406359
0.0493873480352583
0.0493715961224044
0.0493546264185244
0.0493363924143213
0.0493168466381653
0.0492959412490226
0.0492736287939314
0.0492498631754955
0.0492246008892177
0.0491978026101318
0.0491694352363452
0.0491394745380872
0.0491079086237168
0.0490747425354202
0.0490400044632698
0.0490037544005781
0.0489660967804573
0.0489272004514631
0.0488873353193986
0.0488711090430433
0.0489102432849746
0.0489484166775009
0.0489853635604919
0.0490209189824322
0.0490549819340778
0.0490874953034227
0.0491184332160639
0.0491477923931561
0.0491755859764688
0.0492018389875827
0.0492265849243108
0.0492498631754955
0.0492717170386442
0.0492921921893413
0.0493113354937235
0.0493291940841391
0.0493458146384301
0.0493612428178598
0.0493755228292408
0.0493886970847906
0.0494008059390709
0.0494118874867772
0.0494219774086466
0.0494311088553114
0.0494393123609587
0.0494466157803091
0.0494530442436594
0.0494586201257360
0.0494633630249771
0.0494672897504367
0.0494704143141616
0.0494727479272219
0.0494742989980707
0.0494750731321774
0.0494750731321774
0.0494742989980707
0.0494727479272219
0.0494704143141616
0.0494672897504367
0.0494633630249771
0.0494586201257360
0.0494530442436594
0.0494466157803088
0.0494393123609587
0.0494311088553114
0.0494219774086468
0.0494118874867772
0.0494008059390709
0.0493886970847906
0.0493755228292408
0.0493612428178598
0.0493458146384301
0.0493291940841391
0.0493113354937235
0.0492921921893413
0.0492717170386441
0.0492498631754955
0.0492265849243108
0.0492018389875826
0.0491755859764688
0.0491477923931560
0.0491184332160639
0.0490874953034228
0.0490549819340778
0.0490209189824321
0.0489853635604919
0.0489484166775009
0.0489102432849746
0.0488711090430433
0.0488539376906786
0.0488922807294341
0.0489296721232173
0.0489658511602099
0.0490006573636445
0.0490339935789853
0.0490658058575080
0.0490960707865139
0.0491247868824763
0.0491519684803797
0.0491776412722704
0.0492018389875826
0.0492246008892177
0.0492459698657764
0.0492659909668444
0.0492847102720543
0.0493021740144039
0.0493184278990267
0.0493335165734194
0.0493474832157293
0.0493603692155828
0.0493722139276823
0.0493830544827402
0.0493929256436507
0.0494018596972693
0.0494098863741523
0.0494170327901424
0.0494233234048279
0.0494287799929286
0.0494334216253911
0.0494372646575900
0.0494403227225692
0.0494426067276994
0.0494441248533844
0.0494448825529573
0.0494448825529574
0.0494441248533844
0.0494426067276991
0.0494403227225693
0.0494372646575900
0.0494334216253911
0.0494287799929287
0.0494233234048279
0.0494170327901425
0.0494098863741523
0.0494018596972694
0.0493929256436507
0.0493830544827402
0.0493722139276823
0.0493603692155828
0.0493474832157293
0.0493335165734194
0.0493184278990266
0.0493021740144039
0.0492847102720543
0.0492659909668444
0.0492459698657764
0.0492246008892177
0.0492018389875826
0.0491776412722704
0.0491519684803797
0.0491247868824763
0.0490960707865139
0.0490658058575080
0.0490339935789853
0.0490006573636445
0.0489658511602098
0.0489296721232173
0.0488922807294341
0.0488539376906786
0.0488358053008444
0.0488732924930330
0.0489098387759278
0.0489451892321202
0.0489791885288543
0.0490117438352419
0.0490428046402996
0.0490723500987535
0.0491003804945407
0.0491269112308043
0.0491519684803797
0.0491755859764688
0.0491978026101318
0.0492186606113987
0.0492382041601029
0.0492564783176330
0.0492735282014294
0.0492893983449388
0.0493041322006529
0.0493177717542743
0.0493303572257521
0.0493419268385408
0.0493525166425329
0.0493621603793295
0.0493708893808249
0.0493787324939705
0.0493857160259672
0.0493918637052914
0.0493971966548222
0.0494017333740714
0.0494054897281002
0.0494084789411565
0.0494107115935145
0.0494121956202821
0.0494129363112726
0.0494129363112726
0.0494121956202821
0.0494107115935145
0.0494084789411565
0.0494054897281002
0.0494017333740714
0.0493971966548223
0.0493918637052914
0.0493857160259672
0.0493787324939705
0.0493708893808249
0.0493621603793295
0.0493525166425329
0.0493419268385408
0.0493303572257522
0.0493177717542743
0.0493041322006529
0.0492893983449388
0.0492735282014294
0.0492564783176330
0.0492382041601029
0.0492186606113987
0.0491978026101318
0.0491755859764688
0.0491519684803797
0.0491269112308043
0.0491003804945407
0.0490723500987535
0.0490428046402996
0.0490117438352419
0.0489791885288544
0.0489451892321202
0.0489098387759278
0.0488732924930329
0.0488358053008444
0.0488167001670932
0.0488532622181343
0.0488888959999123
0.0489233534154722
0.0489564850465409
0.0489882028798669
0.0490184600823353
0.0490472384098187
0.0490745397960753
0.0491003804945407
0.0491247868824762
0.0491477923931560
0.0491694352363454
0.0491897566823604
0.0492087997568372
0.0492266082396785
0.0492432258926071
0.0492586958605197
0.0492730602065474
0.0492863595507361
0.0492986327897026
0.0493099168798180
0.0493202466704781
0.0493296547768872
0.0493381714839871
0.0493458246749292
0.0493526397787159
0.0493586397327549
0.0493638449568455
0.0493682733357848
0.0493719402083427
0.0493748583607723
0.0493770380234062
0.0493784868691873
0.0493792100133158
0.0493792100133158
0.0493784868691873
0.0493770380234062
0.0493748583607723
0.0493719402083427
0.0493682733357848
0.0493638449568455
0.0493586397327549
0.0493526397787159
0.0493458246749292
0.0493381714839871
0.0493296547768872
0.0493202466704782
0.0493099168798180
0.0492986327897026
0.0492863595507361
0.0492730602065474
0.0492586958605197
0.0492432258926071
0.0492266082396785
0.0492087997568372
0.0491897566823603
0.0491694352363451
0.0491477923931560
0.0491247868824762
0.0491003804945407
0.0490745397960753
0.0490472384098187
0.0490184600823353
0.0489882028798669
0.0489564850465408
0.0489233534154722
0.0488888959999121
0.0488532622181343
0.0488167001670932
0.0487966162433766
0.0488321788779004
0.0488668282962667
0.0489003244738149
0.0489325247805777
0.0489633465096082
0.0489927466655149
0.0490207095200527
0.0490472384098186
0.0490723500987535
0.0490960707865139
0.0491184332160640
0.0491394745380872
0.0491592347097253
0.0491777552789203
0.0491950784523684
0.0492112463756008
0.0492263005740479
0.0492402815177268
0.0492532282818999
0.0492651782827396
0.0492761670720706
0.0492862281787401
0.0492953929869161
0.0493036906436365
0.0493111479894171
0.0493177895070363
0.0493236372844622
0.0493287109887171
0.0493330278480424
0.0493366026402412
0.0493394476854881
0.0493415728422244
0.0493429855050855
0.0493436906040184
0.0493436906040183
0.0493429855050855
0.0493415728422245
0.0493394476854881
0.0493366026402412
0.0493330278480425
0.0493287109887171
0.0493236372844622
0.0493177895070363
0.0493111479894172
0.0493036906436365
0.0492953929869161
0.0492862281787401
0.0492761670720707
0.0492651782827396
0.0492532282818999
0.0492402815177269
0.0492263005740479
0.0492112463756008
0.0491950784523684
0.0491777552789203
0.0491592347097253
0.0491394745380871
0.0491184332160640
0.0490960707865139
0.0490723500987535
0.0490472384098186
0.0490207095200527
0.0489927466655150
0.0489633465096082
0.0489325247805777
0.0489003244738149
0.0488668282962667
0.0488321788779005
0.0487966162433766
0.0487755549336407
0.0488100385666455
0.0488436271641124
0.0488760903059752
0.0489072931096285
0.0489371585947738
0.0489656476077862
0.0489927466655149
0.0490184600823353
0.0490428046402996
0.0490658058575080
0.0490874953034227
0.0491079086237168
0.0491270840604064
0.0491450613267848
0.0491618807423064
0.0491775825617215
0.0491922064517427
0.0492057910813197
0.0492183738003939
0.0492299903881320
0.0492406748560980
0.0492504592950417
0.0492593737564075
0.0492674461614571
0.0492747022323569
0.0492811654406205
0.0492868569692015
0.0492917956852054
0.0492959981207437
0.0492994784599390
0.0493022485304526
0.0493043177982230
0.0493056933644071
0.0493063799637390
0.0493063799637390
0.0493056933644071
0.0493043177982230
0.0493022485304526
0.0492994784599390
0.0492959981207437
0.0492917956852054
0.0492868569692015
0.0492811654406206
0.0492747022323569
0.0492674461614571
0.0492593737564075
0.0492504592950417
0.0492406748560981
0.0492299903881320
0.0492183738003940
0.0492057910813197
0.0491922064517427
0.0491775825617215
0.0491618807423064
0.0491450613267847
0.0491270840604064
0.0491079086237168
0.0490874953034227
0.0490658058575080
0.0490428046402996
0.0490184600823353
0.0489927466655151
0.0489656476077862
0.0489371585947738
0.0489072931096285
0.0488760903059752
0.0488436271641124
0.0488100385666455
0.0487755549336407
0.0487535274133106
0.0487868468425184
0.0488192935845215
0.0488506486911655
0.0488807860038856
0.0489096344990327
0.0489371585947738
0.0489633465096083
0.0489882028798670
0.0490117438352419
0.0490339935789853
0.0490549819340778
0.0490747425354202
0.0490933114698313
0.0491107262361421
0.0491270249402206
0.0491422456661882
0.0491564259822171
0.0491696025506161
0.0491818108196704
0.0491930847801551
0.0492034567733206
0.0492129573400437
0.0492216151029550
0.0492294566750272
0.0492365065893078
0.0492427872455324
0.0492483188701290
0.0492531194867279
0.0492572048948524
0.0492605886548816
0.0492632820777108
0.0492652942178863
0.0492666318692190
0.0492672995621190
0.0492672995621190
0.0492666318692190
0.0492652942178863
0.0492632820777109
0.0492605886548816
0.0492572048948524
0.0492531194867279
0.0492483188701290
0.0492427872455324
0.0492365065893078
0.0492294566750272
0.0492216151029550
0.0492129573400437
0.0492034567733206
0.0491930847801552
0.0491818108196704
0.0491696025506161
0.0491564259822171
0.0491422456661882
0.0491270249402206
0.0491107262361421
0.0490933114698314
0.0490747425354202
0.0490549819340778
0.0490339935789853
0.0490117438352419
0.0489882028798669
0.0489633465096082
0.0489371585947738
0.0489096344990327
0.0488807860038856
0.0488506486911655
0.0488192935845215
0.0487868468425184
0.0487535274133106
0.0487305577187113
0.0487626218844362
0.0487938414612501
0.0488240111930856
0.0488530144572022
0.0488807860038856
0.0489072931096286
0.0489325247805778
0.0489564850465408
0.0489791885288544
0.0490006573636445
0.0490209189824321
0.0490400044632701
0.0490579472780534
0.0490747823248620
0.0490905451712223
0.0491052714571485
0.0491189964214298
0.0491317545243706
0.0491435791468337
0.0491545023502166
0.0491645546852892
0.0491737650404870
0.0491821605220034
0.0491897663596372
0.0491966058333949
0.0492027002167912
0.0492080687335312
0.0492127285248311
0.0492166946251095
0.0492199799442365
0.0492225952547987
0.0492245491831982
0.0492258482036037
0.0492264966340303
0.0492264966340303
0.0492258482036037
0.0492245491831982
0.0492225952547987
0.0492199799442365
0.0492166946251095
0.0492127285248310
0.0492080687335312
0.0492027002167913
0.0491966058333949
0.0491897663596373
0.0491821605220034
0.0491737650404870
0.0491645546852892
0.0491545023502166
0.0491435791468337
0.0491317545243706
0.0491189964214298
0.0491052714571484
0.0490905451712223
0.0490747823248620
0.0490579472780534
0.0490400044632700
0.0490209189824321
0.0490006573636445
0.0489791885288544
0.0489564850465409
0.0489325247805778
0.0489072931096286
0.0488807860038856
0.0488530144572022
0.0488240111930856
0.0487938414612501
0.0487626218844362
0.0487305577187114
0.0487066870098819
0.0487373989368727
0.0487673026591385
0.0487962090360912
0.0488240111930856
0.0488506486911655
0.0488760903059752
0.0489003244738149
0.0489233534154722
0.0489451892321202
0.0489658511602099
0.0489853635604919
0.0490037544005781
0.0490210540852834
0.0490372945410501
0.0490525084913453
0.0490667288787585
0.0490799884017420
0.0490923191420676
0.0491037522648280
0.0491143177768793
0.0491240443326046
0.0491329590781164
0.0491410875267915
0.0491484534602868
0.0491550788503156
0.0491609837972781
0.0491661864824821
0.0491707031313693
0.0491745479854594
0.0491777332812810
0.0491802692347519
0.0491821640298697
0.0491834238107083
0.0491840526760431
0.0491840526760431
0.0491834238107083
0.0491821640298697
0.0491802692347519
0.0491777332812810
0.0491745479854594
0.0491707031313694
0.0491661864824821
0.0491609837972781
0.0491550788503156
0.0491484534602868
0.0491410875267915
0.0491329590781164
0.0491240443326046
0.0491143177768793
0.0491037522648280
0.0490923191420676
0.0490799884017420
0.0490667288787585
0.0490525084913453
0.0490372945410501
0.0490210540852834
0.0490037544005781
0.0489853635604919
0.0489658511602099
0.0489451892321202
0.0489233534154722
0.0489003244738149
0.0488760903059752
0.0488506486911655
0.0488240111930856
0.0487962090360912
0.0487673026591385
0.0487373989368727
0.0487066870098821
0.0486819797766229
0.0487112370227926
0.0487397350353266
0.0487673026591385
0.0487938414612501
0.0488192935845215
0.0488436271641124
0.0488668282962667
0.0488888959999123
0.0489098387759278
0.0489296721232173
0.0489484166775009
0.0489660967804573
0.0489827393596769
0.0489983730405137
0.0490130274353608
0.0490267325711740
0.0490395184264101
0.0490514145553992
0.0490624497833281
0.0490726519585112
0.0490820477514221
0.0490906624919916
0.0490985200382581
0.0491056426707601
0.0491120510080299
0.0491177639393330
0.0491227985715226
0.0491271701873460
0.0491308922130399
0.0491339761934308
0.0491364317730328
0.0491382666819951
0.0491394867259243
0.0491400957788505
0.0491400957788506
0.0491394867259243
0.0491382666819951
0.0491364317730328
0.0491339761934308
0.0491308922130399
0.0491271701873460
0.0491227985715225
0.0491177639393330
0.0491120510080300
0.0491056426707601
0.0490985200382581
0.0490906624919916
0.0490820477514221
0.0490726519585112
0.0490624497833281
0.0490514145553992
0.0490395184264101
0.0490267325711740
0.0490130274353609
0.0489983730405137
0.0489827393596769
0.0489660967804573
0.0489484166775009
0.0489296721232173
0.0489098387759278
0.0488888959999122
0.0488668282962667
0.0488436271641124
0.0488192935845215
0.0487938414612502
0.0487673026591382
0.0487397350353266
0.0487112370227926
0.0486819797766229
0.0486565336798515
0.0486842304214164
0.0487112370227926
0.0487373989368725
0.0487626218844362
0.0487868468425184
0.0488100385666455
0.0488321788779004
0.0488532622181343
0.0488732924930330
0.0488922807294341
0.0489102432849745
0.0489272004514632
0.0489431753490551
0.0489581930412002
0.0489722798206308
0.0489854626300915
0.0489977685904714
0.0490092246155149
0.0490198570967600
0.0490296916458685
0.0490387528839914
0.0490470642698596
0.0490546479597849
0.0490615246939972
0.0490677137047005
0.0490732326420499
0.0490780975148613
0.0490823226434466
0.0490859206223547
0.0490889022912717
0.0490912767125257
0.0490930511540639
0.0490942310768964
0.0490948201263175
0.0490948201263175
0.0490942310768967
0.0490930511540639
0.0490912767125257
0.0490889022912716
0.0490859206223548
0.0490823226434464
0.0490780975148613
0.0490732326420499
0.0490677137047005
0.0490615246939972
0.0490546479597849
0.0490470642698596
0.0490387528839915
0.0490296916458684
0.0490198570967600
0.0490092246155149
0.0489977685904714
0.0489854626300915
0.0489722798206308
0.0489581930412002
0.0489431753490552
0.0489272004514631
0.0489102432849745
0.0488922807294341
0.0488732924930330
0.0488532622181343
0.0488321788779004
0.0488100385666455
0.0487868468425184
0.0487626218844362
0.0487373989368725
0.0487112370227926
0.0486842304214164
0.0486565336798515
0.0486304977406795
0.0486565336798515
0.0486819797766229
0.0487066870098821
0.0487305577187113
0.0487535274133106
0.0487755549336407
0.0487966162433766
0.0488167001670932
0.0488358053008444
0.0488539376906786
0.0488711090430433
0.0488873353193986
0.0489026356172890
0.0489170312702768
0.0489305451183816
0.0489432009133938
0.0489550228321068
0.0489660350768684
0.0489762615471768
0.0489857255695582
0.0489944496753649
0.0490024554181912
0.0490097632240717
0.0490163922688430
0.0490223603780654
0.0490276839456436
0.0490323778679382
0.0490364554907567
0.0490399285669561
0.0490428072228821
0.0490450999321033
0.0490468134952714
0.0490479530250802
0.0490485219356300
0.0490485219356300
0.0490479530250802
0.0490468134952715
0.0490450999321033
0.0490428072228821
0.0490399285669561
0.0490364554907567
0.0490323778679382
0.0490276839456436
0.0490223603780654
0.0490163922688430
0.0490097632240717
0.0490024554181912
0.0489944496753649
0.0489857255695582
0.0489762615471768
0.0489660350768684
0.0489550228321068
0.0489432009133938
0.0489305451183816
0.0489170312702769
0.0489026356172890
0.0488873353193986
0.0488711090430433
0.0488539376906786
0.0488358053008444
0.0488167001670932
0.0487966162433766
0.0487755549336407
0.0487535274133106
0.0487305577187114
0.0487066870098819
0.0486819797766229
0.0486565336798515
0.0486304977406794
0.9726166059952841
0.9731378860505754
0.9736473523258271
0.9741420236017923
0.9746199464697307
0.9750798314362217
0.9755208559457011
0.9759425401176993
0.9763446613703100
0.9767271925365930
0.9770902553637852
0.9774340846722215
0.9777590002175418
0.9780653842961748
0.9783536637411959
0.9786242953367418
0.9788777539360609
0.9791145227440083
0.9793350853470525
0.9795399191672676
0.9797294900812575
0.9799042479982352
0.9800646232292154
0.9802110235102174
0.9803438315683938
0.9804634031368328
0.9805700653418912
0.9806641153990885
0.9807458195642657
0.9808154122960995
0.9808730955931679
0.9809190384762959
0.9809533765909785
0.9809762119116480
0.9809876125322718
0.9809876125322718
0.9809762119116480
0.9809533765909785
0.9809190384762959
0.9808730955931679
0.9808154122960995
0.9807458195642657
0.9806641153990885
0.9805700653418912
0.9804634031368328
0.9803438315683938
0.9802110235102174
0.9800646232292154
0.9799042479982352
0.9797294900812574
0.9795399191672676
0.9793350853470525
0.9791145227440083
0.9788777539360609
0.9786242953367418
0.9783536637411959
0.9780653842961727
0.9777590002175421
0.9774340846722215
0.9770902553637852
0.9767271925365930
0.9763446613703100
0.9759425401176993
0.9755208559457016
0.9750798314362217
0.9746199464697307
0.9741420236017923
0.9736473523258271
0.9731378860505754
0.9726166059952841
0.9731378860505754
0.9736923653792879
0.9742330179353885
0.9747567531150718
0.9752616861992204
0.9757466380456774
0.9762109053680200
0.9766541263164563
0.9770761914484207
0.9774771804892671
0.9778573154056388
0.9782169245531062
0.9785564147174469
0.9788762489908905
0.9791769290750282
0.9794589810151009
0.9797229436346262
0.9799693591235471
0.9801987653593073
0.9804116896342683
0.9806086435301333
0.9807901187329983
0.9809565836206861
0.9811084804873470
0.9812462232917385
0.9813701958388982
0.9814807503170951
0.9815782061282419
0.9816628489579855
0.9817349300427695
0.9817946655974570
0.9818422363742643
0.9818777873285415
0.9819014273735470
0.9819132292080777
0.9819132292080777
0.9819014273735392
0.9818777873285415
0.9818422363742643
0.9817946655974606
0.9817349300427695
0.9816628489579855
0.9815782061282419
0.9814807503170951
0.9813701958388982
0.9812462232917315
0.9811084804873436
0.9809565836206861
0.9807901187329983
0.9806086435301333
0.9804116896342683
0.9801987653593073
0.9799693591235471
0.9797229436346262
0.9794589810151009
0.9791769290750282
0.9788762489908905
0.9785564147174469
0.9782169245531074
0.9778573154056388
0.9774771804892671
0.9770761914484207
0.9766541263164563
0.9762109053680200
0.9757466380456774
0.9752616861992204
0.9747567531150687
0.9742330179353885
0.9736923653792879
0.9731378860505754
0.9736473523258271
0.9742330179353885
0.9748034669614313
0.9753552780803255
0.9758864848122786
0.9763959325431126
0.9768829866875270
0.9773473718970321
0.9777890711539036
0.9782082568535434
0.9786052410572909
0.9789804382280559
0.9793343365963207
0.9796674757600031
0.9799804289363512
0.9802737887711893
0.9805481559199932
0.9808041298200116
0.9810423012140789
0.9812632460859034
0.9814675207407028
0.9816556578192446
0.9818281630749416
0.9819855127759599
0.9821281516193268
0.9822564910637978
0.9823709080062081
0.9824717437364775
0.9825593031197734
0.9826338539622567
0.9826956265241181
0.9827448131517889
0.9827815680040470
0.9828060068547366
0.9828182069566838
0.9828182069566838
0.9828060068547368
0.9827815680040470
0.9827448131517889
0.9826956265241181
0.9826338539622567
0.9825593031197734
0.9824717437364775
0.9823709080062081
0.9822564910637978
0.9821281516193268
0.9819855127759599
0.9818281630749416
0.9816556578192368
0.9814675207407028
0.9812632460859034
0.9810423012140789
0.9808041298200116
0.9805481559199932
0.9802737887711893
0.9799804289363512
0.9796674757600031
0.9793343365963207
0.9789804382280559
0.9786052410572909
0.9782082568535434
0.9777890711539036
0.9773473718970321
0.9768829866875270
0.9763959325431126
0.9758864848122786
0.9753552780803255
0.9748034669614313
0.9742330179353885
0.9736473523258271
0.9741420236017923
0.9747567531150687
0.9753552780803255
0.9759338190039851
0.9764902420531288
0.9770233423488067
0.9775324993581009
0.9780174856395972
0.9784783491794292
0.9789153352092272
0.9793288312421308
0.9797193268214355
0.9800873831661842
0.9804336097904238
0.9807586462177966
0.9810631475252746
0.9813477728260431
0.9816131760485707
0.9818599985303724
0.9820888630628293
0.9823003691022653
0.9824950889251720
0.9826735645496886
0.9828363052796135
0.9829837857556748
0.9831164444182268
0.9832346823033510
0.9833388621093294
0.9834293074781600
0.9835063024507968
0.9835700910582685
0.9836208770207061
0.9836588235291264
0.9836840530926941
0.9836966474359028
0.9836966474359028
0.9836840530926941
0.9836588235291355
0.9836208770207061
0.9835700910582685
0.9835063024507968
0.9834293074781559
0.9833388621093310
0.9832346823033510
0.9831164444182268
0.9829837857556748
0.9828363052796135
0.9826735645496886
0.9824950889251720
0.9823003691022653
0.9820888630628293
0.9818599985303724
0.9816131760485707
0.9813477728260431
0.9810631475252746
0.9807586462177966
0.9804336097904238
0.9800873831661842
0.9797193268214355
0.9793288312421308
0.9789153352092272
0.9784783491794292
0.9780174856395972
0.9775324993581009
0.9770233423488067
0.9764902420531288
0.9759338190039908
0.9753552780803255
0.9747567531150687
0.9741420236017868
0.9746199464697345
0.9752616861992273
0.9758864848122786
0.9764902420531288
0.9770706306801260
0.9776263510682983
0.9781567540422877
0.9786616247495874
0.9791410483946509
0.9795953214995068
0.9800248903146382
0.9804303064110419
0.9808121937087972
0.9811712234501666
0.9815080948852198
0.9818235201854303
0.9821182125578432
0.9823928768259812
0.9826482019392997
0.9828848550076478
0.9831034765509088
0.9833046767234905
0.9834890323222104
0.9836570844282126
0.9838093365584799
0.9839462532288670
0.9840682588477907
0.9841757368733531
0.9842690291801730
0.9843484355909877
0.9844142135357911
0.9844665778094764
0.9845057004033781
0.9845317103919705
0.9845446938601974
0.9845446938601974
0.9845317103919705
0.9845057004033781
0.9844665778094764
0.9844142135357911
0.9843484355909877
0.9842690291801730
0.9841757368733531
0.9840682588477907
0.9839462532288670
0.9838093365584799
0.9836570844282126
0.9834890323222104
0.9833046767234905
0.9831034765509088
0.9828848550076478
0.9826482019392997
0.9823928768259812
0.9821182125578432
0.9818235201854303
0.9815080948852198
0.9811712234501666
0.9808121937087972
0.9804303064110419
0.9800248903146382
0.9795953214995068
0.9791410483946509
0.9786616247495874
0.9781567540422893
0.9776263510682983
0.9770706306801260
0.9764902420531288
0.9758864848122786
0.9752616861992273
0.9746199464697345
0.9750798314362217
0.9757466380456774
0.9763959325431126
0.9770233423488067
0.9776263510682983
0.9782035451082307
0.9787542195222979
0.9792781449535747
0.9797754198271958
0.9802463717637574
0.9806914891365011
0.9811113719857089
0.9815066958824916
0.9818781847687211
0.9822265902131865
0.9825526753736239
0.9828572024872156
0.9831409230533452
0.9834045701008860
0.9836488520878973
0.9838744480905464
0.9840820040172440
0.9842721296411235
0.9844453962871592
0.9846023350435731
0.9847434353915266
0.9848691441684126
0.9849798647940404
0.9850759567040039
0.9851577349429310
0.9852254698794984
0.9852793870135137
0.9853196668491442
0.9853464448153971
0.9853598112190588
0.9853598112190588
0.9853464448153971
0.9853196668491442
0.9852793870135137
0.9852254698794984
0.9851577349429310
0.9850759567040039
0.9849798647940404
0.9848691441684126
0.9847434353915266
0.9846023350435731
0.9844453962871592
0.9842721296411235
0.9840820040172440
0.9838744480905438
0.9836488520878973
0.9834045701008957
0.9831409230533452
0.9828572024872156
0.9825526753736226
0.9822265902131865
0.9818781847687211
0.9815066958824916
0.9811113719857089
0.9806914891365011
0.9802463717637574
0.9797754198271958
0.9792781449535747
0.9787542195222979
0.9782035451082307
0.9776263510682983
0.9770233423488067
0.9763959325431126
0.9757466380456774
0.9750798314362217
0.9755208559457016
0.9762109053680200
0.9768829866875263
0.9775324993581009
0.9781567540422893
0.9787542195222979
0.9793241208275570
0.9798661958432430
0.9803805376753920
0.9808674879526272
0.9813275621515932
0.9817613959046411
0.9821697055299961
0.9825532584893232
0.9829128509544494
0.9832492905816317
0.9835633831733355
0.9838559222906093
0.9841276811355368
0.9843794061985801
0.9846118122908943
0.9848255786698082
0.9850213460305397
0.9851997141864730
0.9853612402964232
0.9855064375253432
0.9856357740474067
0.9857496723176536
0.9858485085509523
0.9859326123609041
0.9860022665177496
0.9860577067933453
0.9860991218679546
0.9861266532781741
0.9861403953906295
0.9861403953906295
0.9861266532781741
0.9860991218679522
0.9860577067933453
0.9860022665177496
0.9859326123609041
0.9858485085509497
0.9857496723176536
0.9856357740474067
0.9855064375253432
0.9853612402964208
0.9851997141864730
0.9850213460305397
0.9848255786698082
0.9846118122908943
0.9843794061985801
0.9841276811355368
0.9838559222906093
0.9835633831733355
0.9832492905816317
0.9829128509544494
0.9825532584893232
0.9821697055299961
0.9817613959046411
0.9813275621515932
0.9808674879526272
0.9803805376753920
0.9798661958432430
0.9793241208275570
0.9787542195222979
0.9781567540422877
0.9775324993581009
0.9768829866875263
0.9762109053680200
0.9755208559457016
0.9759425401176993
0.9766541263164563
0.9773473718970321
0.9780174856395961
0.9786616247495874
0.9792781449535747
0.9798661958432430
0.9804254716763819
0.9809560471314517
0.9814582644486471
0.9819326535567717
0.9823798742354868
0.9828006734483977
0.9831958533870082
0.9835662472401376
0.9839127006434316
0.9842360573739922
0.9845371482627729
0.9848167825768964
0.9850757413147400
0.9853147719963469
0.9855345846273389
0.9857358485894165
0.9859191902625402
0.9860851912249033
0.9862343869091069
0.9863672656150367
0.9864842678012407
0.9865857855899302
0.9866721624335847
0.9867436929015085
0.9868006225518807
0.9868431478627633
0.9868714162002922
0.9868855258084889
0.9868855258084889
0.9868714162002922
0.9868431478627633
0.9868006225518915
0.9867436929015085
0.9866721624335847
0.9865857855899218
0.9864842678012407
0.9863672656150367
0.9862343869090989
0.9860851912249033
0.9859191902625416
0.9857358485894165
0.9855345846273389
0.9853147719963469
0.9850757413147400
0.9848167825768964
0.9845371482627729
0.9842360573739922
0.9839127006434316
0.9835662472401376
0.9831958533870082
0.9828006734483979
0.9823798742354868
0.9819326535567717
0.9814582644486471
0.9809560471314517
0.9804254716763819
0.9798661958432430
0.9792781449535747
0.9786616247495874
0.9780174856395961
0.9773473718970350
0.9766541263164548
0.9759425401176993
0.9763446613703100
0.9770761914484168
0.9777890711539072
0.9784783491794292
0.9791410483946509
0.9797754198271903
0.9803805376753920
0.9809560471314517
0.9815019959342347
0.9820187170848093
0.9825067448881577
0.9829667536134569
0.9833995119591202
0.9838058488158967
0.9841866272585258
0.9845427246295336
0.9848750171953450
0.9851843682781676
0.9854716190560208
0.9857375814293799
0.9859830324990242
0.9862087103078445
0.9864153105758030
0.9866034842170359
0.9867738354737400
0.9869269205325210
0.9870632465193594
0.9871832707856397
0.9872874004182703
0.9873759919176290
0.9874493509981080
0.9875077324756700
0.9875513402138466
0.9875803271051847
0.9875947950716544
0.9875947950716544
0.9875803271051817
0.9875513402138466
0.9875077324756700
0.9874493509981080
0.9873759919176290
0.9872874004182703
0.9871832707856397
0.9870632465193594
0.9869269205325210
0.9867738354737400
0.9866034842170359
0.9864153105758030
0.9862087103078445
0.9859830324990242
0.9857375814293772
0.9854716190560204
0.9851843682781676
0.9848750171953450
0.9845427246295336
0.9841866272585258
0.9838058488158967
0.9833995119591202
0.9829667536134569
0.9825067448881577
0.9820187170848093
0.9815019959342347
0.9809560471314517
0.9803805376753920
0.9797754198271903
0.9791410483946509
0.9784783491794292
0.9777890711539036
0.9770761914484168
0.9763446613703100
0.9767271925365930
0.9774771804892671
0.9782082568535434
0.9789153352092272
0.9795953214995068
0.9802463717637574
0.9808674879526272
0.9814582644486471
0.9820187170848076
0.9825491628112163
0.9830501326602514
0.9835223075808299
0.9839664704520505
0.9843834697990920
0.9847741921186578
0.9851395406319837
0.9854804188926525
0.9857977181024695
0.9860923072819604
0.9863650256563931
0.9866166767712677
0.9868480239621875
0.9870597868904664
0.9872526389160301
0.9874272051289692
0.9875840608966725
0.9877237308128386
0.9878466879564813
0.9879533533873861
0.9880440958184898
0.9881192314169084
0.9881790236958790
0.9882236834663041
0.9882533688246488
0.9882681851587346
0.9882681851587346
0.9882533688246488
0.9882236834663041
0.9881790236958790
0.9881192314169084
0.9880440958184898
0.9879533533873861
0.9878466879564813
0.9877237308128386
0.9875840608966725
0.9874272051289692
0.9872526389160301
0.9870597868904664
0.9868480239621875
0.9866166767712677
0.9863650256563931
0.9860923072819604
0.9857977181024695
0.9854804188926525
0.9851395406319837
0.9847741921186590
0.9843834697990920
0.9839664704520505
0.9835223075808299
0.9830501326602514
0.9825491628112163
0.9820187170848076
0.9814582644486471
0.9808674879526272
0.9802463717637574
0.9795953214995068
0.9789153352092274
0.9782082568535434
0.9774771804892671
0.9767271925365930
0.9770902553637852
0.9778573154056388
0.9786052410572902
0.9793288312421308
0.9800248903146382
0.9806914891365008
0.9813275621515932
0.9819326535567717
0.9825067448881577
0.9830501326602514
0.9835633390880795
0.9840470457157875
0.9845020434102916
0.9849291943080613
0.9853294026419612
0.9857035922518818
0.9860526891815955
0.9863776081818518
0.9866792422354131
0.9869584544356632
0.9872160717059988
0.9874528799644547
0.9876696204262235
0.9878669868002983
0.9880456231898128
0.9882061225435665
0.9883490255358003
0.9884748197775491
0.9885839392798303
0.9886767641049614
0.9887536201556301
0.9888147790600947
0.9888604581209930
0.9888908203025746
0.9889059742373036
0.9889059742373036
0.9888908203025746
0.9888604581209930
0.9888147790600947
0.9887536201556301
0.9886767641049614
0.9885839392798303
0.9884748197775470
0.9883490255358003
0.9882061225435665
0.9880456231898128
0.9878669868002983
0.9876696204262235
0.9874528799644547
0.9872160717059988
0.9869584544356632
0.9866792422354131
0.9863776081818518
0.9860526891815955
0.9857035922518818
0.9853294026419612
0.9849291943080613
0.9845020434102916
0.9840470457157875
0.9835633390880795
0.9830501326602514
0.9825067448881577
0.9819326535567717
0.9813275621515932
0.9806914891365008
0.9800248903146382
0.9793288312421308
0.9786052410572902
0.9778573154056388
0.9770902553637852
0.9774340846722215
0.9782169245531074
0.9789804382280559
0.9797193268214355
0.9804303064110419
0.9811113719857080
0.9817613959046411
0.9823798742354868
0.9829667536134569
0.9835223075808299
0.9840470457157831
0.9845416455844334
0.9850069011130935
0.9854436830519746
0.9858529084948462
0.9862355172682750
0.9865924535867673
0.9869246517766810
0.9872330251654166
0.9875184574459466
0.9877817959855287
0.9880238466642081
0.9882453699212216
0.9884470777523593
0.9886296314564401
0.9887936399694627
0.9889396586564337
0.9890681884567629
0.9891796752999010
0.9892745097222149
0.9893530266325120
0.9894155051803034
0.9894621686943221
0.9894931846629806
0.9895086647364930
0.9895086647364930
0.9894931846629806
0.9894621686943221
0.9894155051803034
0.9893530266325120
0.9892745097222149
0.9891796752999010
0.9890681884567629
0.9889396586564337
0.9887936399694627
0.9886296314564401
0.9884470777523593
0.9882453699212216
0.9880238466642081
0.9877817959855287
0.9875184574459466
0.9872330251654166
0.9869246517766810
0.9865924535867673
0.9862355172682750
0.9858529084948462
0.9854436830519746
0.9850069011130935
0.9845416455844334
0.9840470457157831
0.9835223075808299
0.9829667536134569
0.9823798742354868
0.9817613959046411
0.9811113719857080
0.9804303064110419
0.9797193268214355
0.9789804382280559
0.9782169245531074
0.9774340846722215
0.9777590002175435
0.9785564147174469
0.9793343365963207
0.9800873831661842
0.9808121937087972
0.9815066958824916
0.9821697055299961
0.9828006734483979
0.9833995119591202
0.9839664704520505
0.9845020434102916
0.9850069011130935
0.9854818367351443
0.9859277255940181
0.9863454935567701
0.9867360924435646
0.9871004808296450
0.9874396090435783
0.9877544074495536
0.9880457773088805
0.9883145836772350
0.9885616499090621
0.9887877534351471
0.9889936225450240
0.9891799339641307
0.9893473110540638
0.9894963225011243
0.9896274813815809
0.9897412445165417
0.9898380120431117
0.9899181271455448
0.9899818758992192
0.9900294871906056
0.9900611326860882
0.9900769268250638
0.9900769268250638
0.9900611326860882
0.9900294871906056
0.9899818758992192
0.9899181271455448
0.9898380120431117
0.9897412445165417
0.9896274813815809
0.9894963225011243
0.9893473110540638
0.9891799339641307
0.9889936225450240
0.9887877534351484
0.9885616499090621
0.9883145836772353
0.9880457773088805
0.9877544074495536
0.9874396090435783
0.9871004808296364
0.9867360924435655
0.9863454935567701
0.9859277255940181
0.9854818367351443
0.9850069011130913
0.9845020434102916
0.9839664704520505
0.9833995119591160
0.9828006734483986
0.9821697055299961
0.9815066958824916
0.9808121937087972
0.9800873831661842
0.9793343365963207
0.9785564147174469
0.9777590002175435
0.9780653842961748
0.9788762489908863
0.9796674757600031
0.9804336097904238
0.9811712234501671
0.9818781847687211
0.9825532584893232
0.9831958533870082
0.9838058488158967
0.9843834697990885
0.9849291943080613
0.9854436830519746
0.9859277255940181
0.9863821986184418
0.9868080334086268
0.9872061904011576
0.9875776392313392
0.9879233430725320
0.9882442463521405
0.9885412651354175
0.9888152796211693
0.9890671283149228
0.9892976035329631
0.9895074479628962
0.9896973520609227
0.9898679521075839
0.9900198287812356
0.9901535061329592
0.9902694508692840
0.9903680718691223
0.9904497198716583
0.9905146872885747
0.9905632081003459
0.9905954578069658
0.9906115534100928
0.9906115534100928
0.9905954578069658
0.9905632081003438
0.9905146872885747
0.9904497198716583
0.9903680718691223
0.9902694508692840
0.9901535061329592
0.9900198287812356
0.9898679521075839
0.9896973520609227
0.9895074479628962
0.9892976035329631
0.9890671283149228
0.9888152796211693
0.9885412651354175
0.9882442463521405
0.9879233430725320
0.9875776392313392
0.9872061904011576
0.9868080334086268
0.9863821986184418
0.9859277255940181
0.9854436830519746
0.9849291943080613
0.9843834697990885
0.9838058488158967
0.9831958533870082
0.9825532584893232
0.9818781847687211
0.9811712234501671
0.9804336097904238
0.9796674757600031
0.9788762489908863
0.9780653842961748
0.9783536637411959
0.9791769290750282
0.9799804289363512
0.9807586462178032
0.9815080948852204
0.9822265902131865
0.9829128509544494
0.9835662472401376
0.9841866272585258
0.9847741921186578
0.9853294026419612
0.9858529084948462
0.9863454935567701
0.9868080334086268
0.9872414620471501
0.9876467457186817
0.9880248623065496
0.9883767850817899
0.9887034699038165
0.9890058451573819
0.9892848038677943
0.9895411975523097
0.9897758314547402
0.9899894608825781
0.9901827884193627
0.9903564618306432
0.9905110725143316
0.9906471543771629
0.9907651830388181
0.9908655752858513
0.9909486887107295
0.9910148214859199
0.9910642122313101
0.9910970399436957
0.9911134239638252
0.9911134239638252
0.9910970399436957
0.9910642122313053
0.9910148214859199
0.9909486887107295
0.9908655752858513
0.9907651830388181
0.9906471543771629
0.9905110725143239
0.9903564618306432
0.9901827884193627
0.9899894608825781
0.9897758314547406
0.9895411975523097
0.9892848038677943
0.9890058451573819
0.9887034699038180
0.9883767850817899
0.9880248623065423
0.9876467457186821
0.9872414620471501
0.9868080334086268
0.9863454935567701
0.9858529084948462
0.9853294026419612
0.9847741921186578
0.9841866272585258
0.9835662472401376
0.9829128509544494
0.9822265902131865
0.9815080948852204
0.9807586462177994
0.9799804289363512
0.9791769290750282
0.9783536637411959
0.9786242953367418
0.9794589810151009
0.9802737887711893
0.9810631475252746
0.9818235201854303
0.9825526753736255
0.9832492905816317
0.9839127006434316
0.9845427246295336
0.9851395406319822
0.9857035922518818
0.9862355172682750
0.9867360924435646
0.9872061904011576
0.9876467457186817
0.9880587281599017
0.9884431214964666
0.9888009067428403
0.9891330488927789
0.9894404864487654
0.9897241231816916
0.9899848216765074
0.9902233983071098
0.9904406193534198
0.9906371980301277
0.9908137922390864
0.9909710028944390
0.9911093726946757
0.9912293852432007
0.9913314644344051
0.9914159740384624
0.9914832174331897
0.9915334374384221
0.9915668162209210
0.9915834752441404
0.9915834752441411
0.9915668162209210
0.9915334374384219
0.9914832174331897
0.9914159740384624
0.9913314644344051
0.9912293852432007
0.9911093726946757
0.9909710028944390
0.9908137922390864
0.9906371980301282
0.9904406193534198
0.9902233983071098
0.9899848216765073
0.9897241231816916
0.9894404864487654
0.9891330488927789
0.9888009067428403
0.9884431214964685
0.9880587281599017
0.9876467457186817
0.9872061904011576
0.9867360924435655
0.9862355172682750
0.9857035922518818
0.9851395406319837
0.9845427246295336
0.9839127006434316
0.9832492905816317
0.9825526753736255
0.9818235201854303
0.9810631475252756
0.9802737887711893
0.9794589810151009
0.9786242953367418
0.9788777539360609
0.9797229436346262
0.9805481559199932
0.9813477728260431
0.9821182125578432
0.9828572024872252
0.9835633831733355
0.9842360573739922
0.9848750171953450
0.9854804188926525
0.9860526891815963
0.9865924535867673
0.9871004808296445
0.9875776392313392
0.9880248623065423
0.9884431214964666
0.9888334045120943
0.9891966981197563
0.9895339744687660
0.9898461802515764
0.9901342281380537
0.9903989900356556
0.9906412918172756
0.9908619092272574
0.9910615647299033
0.9912409251106796
0.9914005996737024
0.9915411389088481
0.9916630335251861
0.9917667137658920
0.9918525489360324
0.9919208470881720
0.9919718548213676
0.9920057571591452
0.9920226774797294
0.9920226774797294
0.9920057571591417
0.9919718548213676
0.9919208470881720
0.9918525489360324
0.9917667137658920
0.9916630335251861
0.9915411389088470
0.9914005996737020
0.9912409251106796
0.9910615647299033
0.9908619092272574
0.9906412918172756
0.9903989900356556
0.9901342281380537
0.9898461802515764
0.9895339744687633
0.9891966981197563
0.9888334045120943
0.9884431214964666
0.9880248623065423
0.9875776392313392
0.9871004808296445
0.9865924535867673
0.9860526891815955
0.9854804188926525
0.9848750171953450
0.9842360573739922
0.9835633831733355
0.9828572024872252
0.9821182125578432
0.9813477728260431
0.9805481559199932
0.9797229436346262
0.9788777539360609
0.9791145227440083
0.9799693591235471
0.9808041298200014
0.9816131760485693
0.9823928768259812
0.9831409230533454
0.9838559222906093
0.9845371482627729
0.9851843682781670
0.9857977181024695
0.9863776081818518
0.9869246517766810
0.9874396090435783
0.9879233430725313
0.9883767850817899
0.9888009067428403
0.9891966981197563
0.9895651500708185
0.9899072402165404
0.9902239217724950
0.9905161146872854
0.9907846986408908
0.9910305075418276
0.9912543252327378
0.9914568821662053
0.9916388528584286
0.9918008539614325
0.9919434428253022
0.9920671164433930
0.9921723106948225
0.9922593998132215
0.9923286960245833
0.9923804493085683
0.9924148472480844
0.9924320149385051
0.9924320149385051
0.9924148472480844
0.9923804493085683
0.9923286960245833
0.9922593998132215
0.9921723106948224
0.9920671164433930
0.9919434428253022
0.9918008539614325
0.9916388528584286
0.9914568821661990
0.9912543252327378
0.9910305075418276
0.9907846986408908
0.9905161146872813
0.9902239217724950
0.9899072402165404
0.9895651500708138
0.9891966981197563
0.9888009067428403
0.9883767850817899
0.9879233430725313
0.9874396090435783
0.9869246517766810
0.9863776081818518
0.9857977181024695
0.9851843682781676
0.9845371482627729
0.9838559222906079
0.9831409230533454
0.9823928768259812
0.9816131760485707
0.9808041298200014
0.9799693591235471
0.9791145227440083
0.9793350853470525
0.9801987653593073
0.9810423012140789
0.9818599985303724
0.9826482019393036
0.9834045701008860
0.9841276811355368
0.9848167825768964
0.9854716190560204
0.9860923072819604
0.9866792422354131
0.9872330251654166
0.9877544074495533
0.9882442463521405
0.9887034699038180
0.9891330488927789
0.9895339744687665
0.9899072402165404
0.9902538278135727
0.9905746955725636
0.9908707693154638
0.9911429351330251
0.9913920336693530
0.9916188556403344
0.9918241383462190
0.9920085629839749
0.9921727525982470
0.9923172705409073
0.9924426193276193
0.9925492398109514
0.9926375105869375
0.9927077475851622
0.9927602037918267
0.9927950690691967
0.9928124700440354
0.9928124700440354
0.9927950690691947
0.9927602037918267
0.9927077475851630
0.9926375105869375
0.9925492398109514
0.9924426193276193
0.9923172705409073
0.9921727525982466
0.9920085629839749
0.9918241383462206
0.9916188556403344
0.9913920336693530
0.9911429351330251
0.9908707693154638
0.9905746955725636
0.9902538278135727
0.9899072402165404
0.9895339744687665
0.9891330488927789
0.9887034699038165
0.9882442463521405
0.9877544074495533
0.9872330251654166
0.9866792422354147
0.9860923072819604
0.9854716190560204
0.9848167825768964
0.9841276811355368
0.9834045701008957
0.9826482019393036
0.9818599985303724
0.9810423012140789
0.9801987653593073
0.9793350853470525
0.9795399191672676
0.9804116896342725
0.9812632460859034
0.9820888630628283
0.9828848550076478
0.9836488520878973
0.9843794061985801
0.9850757413147400
0.9857375814293799
0.9863650256563931
0.9869584544356632
0.9875184574459434
0.9880457773088805
0.9885412651354175
0.9890058451573819
0.9894404864487654
0.9898461802515794
0.9902239217724950
0.9905746955725636
0.9908994638572157
0.9911991571154153
0.9914746666640980
0.9917268387396787
0.9919564698433003
0.9921643031016754
0.9923510254436063
0.9925172654387608
0.9926635916553426
0.9927905114346252
0.9928984699896065
0.9929878497548863
0.9930589699275129
0.9931120861516605
0.9931473903082548
0.9931650103816040
0.9931650103816040
0.9931473903082548
0.9931120861516605
0.9930589699275129
0.9929878497548863
0.9928984699896070
0.9927905114346252
0.9926635916553425
0.9925172654387608
0.9923510254436063
0.9921643031016720
0.9919564698433003
0.9917268387396787
0.9914746666640980
0.9911991571154153
0.9908994638572161
0.9905746955725636
0.9902239217724950
0.9898461802515794
0.9894404864487654
0.9890058451573819
0.9885412651354175
0.9880457773088805
0.9875184574459434
0.9869584544356632
0.9863650256563939
0.9857375814293799
0.9850757413147400
0.9843794061985801
0.9836488520878973
0.9828848550076478
0.9820888630628369
0.9812632460859034
0.9804116896342725
0.9795399191672676
0.9797294900812579
0.9806086435301333
0.9814675207406997
0.9823003691022653
0.9831034765509088
0.9838744480905464
0.9846118122908943
0.9853147719963469
0.9859830324990243
0.9866166767712677
0.9872160717059988
0.9877817959855287
0.9883145836772353
0.9888152796211693
0.9892848038677943
0.9897241231816917
0.9901342281380537
0.9905161146872813
0.9908707693154638
0.9911991571154153
0.9915022122186902
0.9917808301490540
0.9920358617398382
0.9922681083187835
0.9924783179310108
0.9926671823916966
0.9928353350126616
0.9929833488678521
0.9931117354865754
0.9932209438832136
0.9933113598497481
0.9933833054489966
0.9934370386614747
0.9934727531452943
0.9934905780814156
0.9934905780814156
0.9934727531452943
0.9934370386614708
0.9933833054489966
0.9933113598497481
0.9932209438832127
0.9931117354865754
0.9929833488678521
0.9928353350126616
0.9926671823916968
0.9924783179310108
0.9922681083187835
0.9920358617398382
0.9917808301490540
0.9915022122186902
0.9911991571154153
0.9908707693154638
0.9905161146872813
0.9901342281380537
0.9897241231816916
0.9892848038677943
0.9888152796211693
0.9883145836772350
0.9877817959855287
0.9872160717059988
0.9866166767712677
0.9859830324990243
0.9853147719963469
0.9846118122909029
0.9838744480905464
0.9831034765509088
0.9823003691022653
0.9814675207406997
0.9806086435301333
0.9797294900812576
0.9799042479982352
0.9807901187329984
0.9816556578192446
0.9824950889251720
0.9833046767234934
0.9840820040172440
0.9848255786698082
0.9855345846273389
0.9862087103078445
0.9868480239621875
0.9874528799644547
0.9880238466642081
0.9885616499090621
0.9890671283149257
0.9895411975523097
0.9899848216765074
0.9903989900356537
0.9907846986408908
0.9911429351330251
0.9914746666640988
0.9917808301490540
0.9920623244507764
0.9923200041372853
0.9925546745310353
0.9927670877967956
0.9929579398822750
0.9931278681435068
0.9932774495209699
0.9934071991568745
0.9935175693591856
0.9936089488385302
0.9936816621566829
0.9937359693354078
0.9937720655884827
0.9937900811453347
0.9937900811453275
0.9937720655884754
0.9937359693354078
0.9936816621566829
0.9936089488385302
0.9935175693591856
0.9934071991568758
0.9932774495209699
0.9931278681435032
0.9929579398822750
0.9927670877967930
0.9925546745310353
0.9923200041372853
0.9920623244507764
0.9917808301490603
0.9914746666640988
0.9911429351330251
0.9907846986408908
0.9903989900356537
0.9899848216765073
0.9895411975523097
0.9890671283149257
0.9885616499090621
0.9880238466642081
0.9874528799644547
0.9868480239621875
0.9862087103078445
0.9855345846273288
0.9848255786698082
0.9840820040172440
0.9833046767234934
0.9824950889251720
0.9816556578192446
0.9807901187329984
0.9799042479982352
0.9800646232292154
0.9809565836206861
0.9818281630749448
0.9826735645496886
0.9834890323222104
0.9842721296411235
0.9850213460305397
0.9857358485894165
0.9864153105758030
0.9870597868904664
0.9876696204262235
0.9882453699212216
0.9887877534351471
0.9892976035329631
0.9897758314547402
0.9902233983071098
0.9906412918172756
0.9910305075418276
0.9913920336693530
0.9917268387396787
0.9920358617398382
0.9923200041372837
0.9925801235046632
0.9928170284348570
0.9930314745159982
0.9932241611663117
0.9933957291663328
0.9935467587533160
0.9936777681663066
0.9937892125489542
0.9938814831341619
0.9939549066489791
0.9940097448884712
0.9940461944198029
0.9940643863857346
0.9940643863857346
0.9940461944198029
0.9940097448884712
0.9939549066489791
0.9938814831341619
0.9937892125489542
0.9936777681663066
0.9935467587533160
0.9933957291663328
0.9932241611663117
0.9930314745159982
0.9928170284348571
0.9925801235046632
0.9923200041372841
0.9920358617398382
0.9917268387396787
0.9913920336693532
0.9910305075418276
0.9906412918172740
0.9902233983071105
0.9897758314547402
0.9892976035329631
0.9887877534351471
0.9882453699212216
0.9876696204262235
0.9870597868904664
0.9864153105758030
0.9857358485894165
0.9850213460305397
0.9842721296411235
0.9834890323222104
0.9826735645496886
0.9818281630749416
0.9809565836206861
0.9800646232292154
0.9802110235102194
0.9811084804873470
0.9819855127759599
0.9828363052796135
0.9836570844282126
0.9844453962871592
0.9851997141864730
0.9859191902625416
0.9866034842170359
0.9872526389160301
0.9878669868002983
0.9884470777523593
0.9889936225450240
0.9895074479628962
0.9899894608825781
0.9904406193534198
0.9908619092272574
0.9912543252327348
0.9916188556403343
0.9919564698433002
0.9922681083187723
0.9925546745310353
0.9928170284348570
0.9930559812763690
0.9932722914638039
0.9934666613078125
0.9936397344685062
0.9937920939747936
0.9939242607029597
0.9940366922225962
0.9941297819324940
0.9942038584244109
0.9942591850239506
0.9942959594686844
0.9943143136921166
0.9943143136921138
0.9942959594686844
0.9942591850239506
0.9942038584244109
0.9941297819324940
0.9940366922225962
0.9939242607029597
0.9937920939747907
0.9936397344685062
0.9934666613078125
0.9932722914638039
0.9930559812763690
0.9928170284348571
0.9925546745310353
0.9922681083187835
0.9919564698433002
0.9916188556403343
0.9912543252327348
0.9908619092272574
0.9904406193534198
0.9899894608825781
0.9895074479628962
0.9889936225450240
0.9884470777523593
0.9878669868002983
0.9872526389160301
0.9866034842170359
0.9859191902625416
0.9851997141864730
0.9844453962871592
0.9836570844282126
0.9828363052796135
0.9819855127759599
0.9811084804873470
0.9802110235102194
0.9803438315683938
0.9812462232917386
0.9821281516193268
0.9829837857556748
0.9838093365584799
0.9846023350435731
0.9853612402964208
0.9860851912249033
0.9867738354737400
0.9874272051289692
0.9880456231898128
0.9886296314564390
0.9891799339641310
0.9896973520609228
0.9901827884193627
0.9906371980301282
0.9910615647299033
0.9914568821661990
0.9918241383462195
0.9921643031016754
0.9924783179310108
0.9927670877967903
0.9930314745160004
0.9932722914638039
0.9934902993512305
0.9936862028801093
0.9938606481142737
0.9940142204297309
0.9941474429334588
0.9942607752565386
0.9943546126450106
0.9944292852859875
0.9944850578176049
0.9945221289826135
0.9945406313946477
0.9945406313946477
0.9945221289826135
0.9944850578176049
0.9944292852859875
0.9943546126450060
0.9942607752565386
0.9941474429334588
0.9940142204297309
0.9938606481142737
0.9936862028801093
0.9934902993512305
0.9932722914638039
0.9930314745160004
0.9927670877967903
0.9924783179310108
0.9921643031016720
0.9918241383462195
0.9914568821661990
0.9910615647299033
0.9906371980301276
0.9901827884193627
0.9896973520609228
0.9891799339641310
0.9886296314564390
0.9880456231898221
0.9874272051289692
0.9867738354737400
0.9860851912249033
0.9853612402964208
0.9846023350435731
0.9838093365584799
0.9829837857556748
0.9821281516193268
0.9812462232917386
0.9803438315683938
0.9804634031368328
0.9813701958389033
0.9822564910637978
0.9831164444182272
0.9839462532288661
0.9847434353915266
0.9855064375253426
0.9862343869090989
0.9869269205325285
0.9875840608966725
0.9882061225435665
0.9887936399694627
0.9893473110540638
0.9898679521075839
0.9903564618306432
0.9908137922390864
0.9912409251106798
0.9916388528584286
0.9920085629839749
0.9923510254436063
0.9926671823916968
0.9929579398822750
0.9932241611663117
0.9934666613078125
0.9936862028801083
0.9938834925458027
0.9940591783587722
0.9942138476540548
0.9943480254112816
0.9944621730005002
0.9945566872322499
0.9946318996485789
0.9946880760050569
0.9947254159018070
0.9947440525331516
0.9947440525331516
0.9947254159018070
0.9946880760050569
0.9946318996485789
0.9945566872322499
0.9944621730005002
0.9943480254112816
0.9942138476540548
0.9940591783587722
0.9938834925458027
0.9936862028801083
0.9934666613078125
0.9932241611663117
0.9929579398822750
0.9926671823916968
0.9923510254436063
0.9920085629839749
0.9916388528584286
0.9912409251106798
0.9908137922390864
0.9903564618306432
0.9898679521075864
0.9893473110540638
0.9887936399694627
0.9882061225435665
0.9875840608966725
0.9869269205325211
0.9862343869090989
0.9855064375253426
0.9847434353915266
0.9839462532288670
0.9831164444182272
0.9822564910637978
0.9813701958388986
0.9804634031368328
0.9805700653418912
0.9814807503170951
0.9823709080062081
0.9832346823033510
0.9840682588477937
0.9848691441684126
0.9856357740474067
0.9863672656150367
0.9870632465193589
0.9877237308128386
0.9883490255358003
0.9889396586564254
0.9894963225011243
0.9900198287812356
0.9905110725143316
0.9909710028944390
0.9914005996737024
0.9918008539614325
0.9921727525982470
0.9925172654387678
0.9928353350126616
0.9931278681435032
0.9933957291663335
0.9936397344685062
0.9938606481142737
0.9940591783587719
0.9942359748901611
0.9943916266644209
0.9945266602206881
0.9946415383842161
0.9947366592793092
0.9948123555899061
0.9948688940151262
0.9949064748802880
0.9949252318716723
0.9949252318716723
0.9949064748802880
0.9948688940151262
0.9948123555899062
0.9947366592793092
0.9946415383842161
0.9945266602206881
0.9943916266644209
0.9942359748901611
0.9940591783587719
0.9938606481142737
0.9936397344685062
0.9933957291663333
0.9931278681435032
0.9928353350126616
0.9925172654387678
0.9921727525982470
0.9918008539614325
0.9914005996737024
0.9909710028944390
0.9905110725143316
0.9900198287812356
0.9894963225011243
0.9889396586564337
0.9883490255358003
0.9877237308128386
0.9870632465193594
0.9863672656150367
0.9856357740474100
0.9848691441684126
0.9840682588477876
0.9832346823033510
0.9823709080062081
0.9814807503170951
0.9805700653418912
0.9806641153990885
0.9815782061282419
0.9824717437364818
0.9833388621093294
0.9841757368733531
0.9849798647940404
0.9857496723176536
0.9864842678012417
0.9871832707856397
0.9878466879564813
0.9884748197775464
0.9890681884567629
0.9896274813815809
0.9901535061329592
0.9906471543771629
0.9911093726946757
0.9915411389088470
0.9919434428253036
0.9923172705409073
0.9926635916553426
0.9929833488678559
0.9932774495209699
0.9935467587533150
0.9937920939747936
0.9940142204297323
0.9942138476540548
0.9943916266644209
0.9945481477456147
0.9946839387231194
0.9947994636281510
0.9948951216784160
0.9949712465103475
0.9950281056124008
0.9950658999175951
0.9950847635247535
0.9950847635247535
0.9950658999175951
0.9950281056124008
0.9949712465103475
0.9948951216784160
0.9947994636281510
0.9946839387231194
0.9945481477456147
0.9943916266644209
0.9942138476540548
0.9940142204297323
0.9937920939747936
0.9935467587533150
0.9932774495209699
0.9929833488678559
0.9926635916553426
0.9923172705409073
0.9919434428253036
0.9915411389088470
0.9911093726946757
0.9906471543771629
0.9901535061329592
0.9896274813815803
0.9890681884567629
0.9884748197775464
0.9878466879564813
0.9871832707856397
0.9864842678012417
0.9857496723176536
0.9849798647940404
0.9841757368733531
0.9833388621093294
0.9824717437364818
0.9815782061282419
0.9806641153990885
0.9807458195642657
0.9816628489579855
0.9825593031197734
0.9834293074781559
0.9842690291801730
0.9850759567040039
0.9858485085509459
0.9865857855899218
0.9872874004182745
0.9879533533873861
0.9885839392798303
0.9891796752999010
0.9897412445165417
0.9902694508692840
0.9907651830388181
0.9912293852432007
0.9916630335251861
0.9920671164433930
0.9924426193276193
0.9927905114346252
0.9931117354865746
0.9934071991568745
0.9936777681663066
0.9939242607029597
0.9941474429334588
0.9943480254112763
0.9945266602206889
0.9946839387231194
0.9948203897926562
0.9949364784485325
0.9950326048073735
0.9951091032911944
0.9951662420407602
0.9952042224920700
0.9952231790858040
0.9952231790858040
0.9952042224920700
0.9951662420407602
0.9951091032911944
0.9950326048073735
0.9949364784485349
0.9948203897926562
0.9946839387231194
0.9945266602206889
0.9943480254112763
0.9941474429334588
0.9939242607029597
0.9936777681663066
0.9934071991568745
0.9931117354865746
0.9927905114346252
0.9924426193276193
0.9920671164433930
0.9916630335251808
0.9912293852432007
0.9907651830388181
0.9902694508692840
0.9897412445165417
0.9891796752999010
0.9885839392798303
0.9879533533873861
0.9872874004182745
0.9865857855899218
0.9858485085509523
0.9850759567040039
0.9842690291801730
0.9834293074781559
0.9825593031197734
0.9816628489579818
0.9807458195642657
0.9808154122960995
0.9817349300427695
0.9826338539622567
0.9835063024507968
0.9843484355909924
0.9851577349429310
0.9859326123609041
0.9866721624335847
0.9873759919176290
0.9880440958184898
0.9886767641049614
0.9892745097222149
0.9898380120431117
0.9903680718691223
0.9908655752858494
0.9913314644344051
0.9917667137658920
0.9921723106948224
0.9925492398109514
0.9928984699896065
0.9932209438832148
0.9935175693591856
0.9937892125489542
0.9940366922225962
0.9942607752565410
0.9944621730005002
0.9946415383842161
0.9947994636281510
0.9949364784485325
0.9950530486615611
0.9951495751115269
0.9952263928582067
0.9952837705728357
0.9953219101012422
0.9953409461629659
0.9953409461629659
0.9953219101012422
0.9952837705728357
0.9952263928582067
0.9951495751115269
0.9950530486615611
0.9949364784485325
0.9947994636281510
0.9946415383842161
0.9944621730005002
0.9942607752565407
0.9940366922225962
0.9937892125489542
0.9935175693591856
0.9932209438832148
0.9928984699896065
0.9925492398109514
0.9921723106948224
0.9917667137658920
0.9913314644344051
0.9908655752858494
0.9903680718691223
0.9898380120431117
0.9892745097222149
0.9886767641049614
0.9880440958184898
0.9873759919176290
0.9866721624335847
0.9859326123609041
0.9851577349429300
0.9843484355909877
0.9835063024507968
0.9826338539622567
0.9817349300427695
0.9808154122960995
0.9808730955931679
0.9817946655974570
0.9826956265241282
0.9835700910582685
0.9844142135357919
0.9852254698794984
0.9860022665177496
0.9867436929015085
0.9874493509981080
0.9881192314169084
0.9887536201556301
0.9893530266325133
0.9899181271455458
0.9904497198716583
0.9909486887107295
0.9914159740384624
0.9918525489360324
0.9922593998132215
0.9926375105869375
0.9929878497548863
0.9933113598497481
0.9936089488385274
0.9938814831341619
0.9941297819324993
0.9943546126450038
0.9945566872322499
0.9947366592793092
0.9948951216784160
0.9950326048073744
0.9951495751115269
0.9952464340114210
0.9953235170731194
0.9953810933899276
0.9954193651340825
0.9954384672473663
0.9954384672473663
0.9954193651340825
0.9953810933899276
0.9953235170731194
0.9952464340114220
0.9951495751115269
0.9950326048073744
0.9948951216784160
0.9947366592793092
0.9945566872322499
0.9943546126450038
0.9941297819324940
0.9938814831341619
0.9936089488385274
0.9933113598497481
0.9929878497548863
0.9926375105869414
0.9922593998132215
0.9918525489360324
0.9914159740384624
0.9909486887107295
0.9904497198716583
0.9899181271455458
0.9893530266325133
0.9887536201556301
0.9881192314169084
0.9874493509981080
0.9867436929015085
0.9860022665177496
0.9852254698794984
0.9844142135357919
0.9835700910582685
0.9826956265241181
0.9817946655974606
0.9808730955931679
0.9809190384762956
0.9818422363742643
0.9827448131517889
0.9836208770207061
0.9844665778094764
0.9852793870135146
0.9860577067933453
0.9868006225518807
0.9875077324756700
0.9881790236958760
0.9888147790600946
0.9894155051803034
0.9899818758992192
0.9905146872885746
0.9910148214859199
0.9914832174331908
0.9919208470881720
0.9923286960245833
0.9927077475851622
0.9930589699275129
0.9933833054489966
0.9936816621566829
0.9939549066489791
0.9942038584244109
0.9944292852859875
0.9946318996485789
0.9948123555898979
0.9949712465103475
0.9951091032911946
0.9952263928582058
0.9953235170731194
0.9954008118906954
0.9954585467286248
0.9954969240103810
0.9955160788490615
0.9955160788490615
0.9954969240103810
0.9954585467286238
0.9954008118906954
0.9953235170731194
0.9952263928582037
0.9951091032911944
0.9949712465103475
0.9948123555898979
0.9946318996485789
0.9944292852859865
0.9942038584244109
0.9939549066489791
0.9936816621566829
0.9933833054489966
0.9930589699275129
0.9927077475851630
0.9923286960245833
0.9919208470881720
0.9914832174331897
0.9910148214859199
0.9905146872885746
0.9899818758992192
0.9894155051803034
0.9888147790600933
0.9881790236958760
0.9875077324756700
0.9868006225518807
0.9860577067933415
0.9852793870135146
0.9844665778094764
0.9836208770207061
0.9827448131517889
0.9818422363742643
0.9809190384762956
0.9809533765909785
0.9818777873285361
0.9827815680040470
0.9836588235291270
0.9845057004033781
0.9853196668491446
0.9860991218679531
0.9868431478627633
0.9875513402138473
0.9882236834663041
0.9888604581209810
0.9894621686943221
0.9900294871906056
0.9905632081003438
0.9910642122313053
0.9915334374384219
0.9919718548213702
0.9923804493085683
0.9927602037918267
0.9931120861516582
0.9934370386614747
0.9937359693354075
0.9940097448884739
0.9942591850239506
0.9944850578176049
0.9946880760050569
0.9948688940151262
0.9950281056124008
0.9951662420407602
0.9952837705728357
0.9953810933899276
0.9954585467286248
0.9955164002421475
0.9955548565369119
0.9955740508505700
0.9955740508505700
0.9955548565369119
0.9955164002421475
0.9954585467286248
0.9953810933899276
0.9952837705728302
0.9951662420407602
0.9950281056124008
0.9948688940151262
0.9946880760050569
0.9944850578176049
0.9942591850239506
0.9940097448884712
0.9937359693354076
0.9934370386614747
0.9931120861516582
0.9927602037918267
0.9923804493085683
0.9919718548213702
0.9915334374384219
0.9910642122313053
0.9905632081003438
0.9900294871906056
0.9894621686943221
0.9888604581209930
0.9882236834663041
0.9875513402138466
0.9868431478627633
0.9860991218679531
0.9853196668491446
0.9845057004033781
0.9836588235291229
0.9827815680040470
0.9818777873285421
0.9809533765909785
0.9809762119116453
0.9819014273735392
0.9828060068547366
0.9836840530926941
0.9845317103919705
0.9853464448153971
0.9861266532781741
0.9868714162002922
0.9875803271051847
0.9882533688246488
0.9888908203025746
0.9894931846629806
0.9900611326860882
0.9905954578069658
0.9910970399436957
0.9915668162209210
0.9920057571591433
0.9924148472480844
0.9927950690691967
0.9931473903082548
0.9934727531452956
0.9937720655884827
0.9940461944198029
0.9942959594686844
0.9945221289826135
0.9947254159018070
0.9949064748802880
0.9950658999175951
0.9952042224920700
0.9953219101012354
0.9954193651340839
0.9954969240103810
0.9955548565369119
0.9955933654391068
0.9956125860359147
0.9956125860359147
0.9955933654391047
0.9955548565369119
0.9954969240103810
0.9954193651340839
0.9953219101012400
0.9952042224920710
0.9950658999176042
0.9949064748802880
0.9947254159018070
0.9945221289826135
0.9942959594686844
0.9940461944198029
0.9937720655884827
0.9934727531452956
0.9931473903082548
0.9927950690691942
0.9924148472480844
0.9920057571591433
0.9915668162209210
0.9910970399436957
0.9905954578069658
0.9900611326860882
0.9894931846629806
0.9888908203025746
0.9882533688246488
0.9875803271051817
0.9868714162002917
0.9861266532781741
0.9853464448153971
0.9845317103919705
0.9836840530926941
0.9828060068547366
0.9819014273735392
0.9809762119116453
0.9809876125322718
0.9819132292080777
0.9828182069566838
0.9836966474359026
0.9845446938601974
0.9853598112190588
0.9861403953906304
0.9868855258084889
0.9875947950716544
0.9882681851587346
0.9889059742373036
0.9895086647364930
0.9900769268250638
0.9906115534100928
0.9911134239638252
0.9915834752441411
0.9920226774797297
0.9924320149385051
0.9928124700440354
0.9931650103816040
0.9934905780814156
0.9937900811453275
0.9940643863857346
0.9943143136921138
0.9945406313946477
0.9947440525331549
0.9949252318716733
0.9950847635247535
0.9952231790858040
0.9953409461629659
0.9954384672473663
0.9955160788490613
0.9955740508505700
0.9956125860359147
0.9956318197641016
0.9956318197641016
0.9956125860359147
0.9955740508505700
0.9955160788490615
0.9954384672473663
0.9953409461629659
0.9952231790858040
0.9950847635247535
0.9949252318716733
0.9947440525331549
0.9945406313946477
0.9943143136921138
0.9940643863857346
0.9937900811453275
0.9934905780814157
0.9931650103816040
0.9928124700440354
0.9924320149385051
0.9920226774797297
0.9915834752441385
0.9911134239638252
0.9906115534100928
0.9900769268250575
0.9895086647364930
0.9889059742373036
0.9882681851587346
0.9875947950716544
0.9868855258084889
0.9861403953906295
0.9853598112190588
0.9845446938602060
0.9836966474359026
0.9828182069566838
0.9819132292080777
0.9809876125322718
0.9809876125322718
0.9819132292080777
0.9828182069566838
0.9836966474359028
0.9845446938601974
0.9853598112190588
0.9861403953906295
0.9868855258084889
0.9875947950716544
0.9882681851587346
0.9889059742373036
0.9895086647364930
0.9900769268250575
0.9906115534100928
0.9911134239638252
0.9915834752441411
0.9920226774797297
0.9924320149385051
0.9928124700440354
0.9931650103816040
0.9934905780814157
0.9937900811453275
0.9940643863857346
0.9943143136921166
0.9945406313946477
0.9947440525331516
0.9949252318716733
0.9950847635247535
0.9952231790858040
0.9953409461629659
0.9954384672473663
0.9955160788490615
0.9955740508505700
0.9956125860359147
0.9956318197641016
0.9956318197641016
0.9956125860359147
0.9955740508505700
0.9955160788490615
0.9954384672473663
0.9953409461629659
0.9952231790858040
0.9950847635247535
0.9949252318716733
0.9947440525331550
0.9945406313946477
0.9943143136921166
0.9940643863857346
0.9937900811453275
0.9934905780814157
0.9931650103816040
0.9928124700440354
0.9924320149385051
0.9920226774797297
0.9915834752441411
0.9911134239638252
0.9906115534100928
0.9900769268250638
0.9895086647364930
0.9889059742373036
0.9882681851587346
0.9875947950716544
0.9868855258084889
0.9861403953906295
0.9853598112190588
0.9845446938601974
0.9836966474359028
0.9828182069566838
0.9819132292080777
0.9809876125322718
0.9809762119116453
0.9819014273735470
0.9828060068547366
0.9836840530926941
0.9845317103919705
0.9853464448153971
0.9861266532781741
0.9868714162002922
0.9875803271051817
0.9882533688246488
0.9888908203025746
0.9894931846629806
0.9900611326860920
0.9905954578069637
0.9910970399436957
0.9915668162209210
0.9920057571591430
0.9924148472480844
0.9927950690691948
0.9931473903082548
0.9934727531452943
0.9937720655884827
0.9940461944198029
0.9942959594686844
0.9945221289826135
0.9947254159018070
0.9949064748802880
0.9950658999176042
0.9952042224920700
0.9953219101012413
0.9954193651340839
0.9954969240103810
0.9955548565369119
0.9955933654391068
0.9956125860359147
0.9956125860359147
0.9955933654391068
0.9955548565369119
0.9954969240103810
0.9954193651340839
0.9953219101012354
0.9952042224920700
0.9950658999175951
0.9949064748802880
0.9947254159018070
0.9945221289826135
0.9942959594686844
0.9940461944198029
0.9937720655884827
0.9934727531452943
0.9931473903082548
0.9927950690691948
0.9924148472480888
0.9920057571591430
0.9915668162209210
0.9910970399436957
0.9905954578069658
0.9900611326860920
0.9894931846629806
0.9888908203025746
0.9882533688246488
0.9875803271051817
0.9868714162002922
0.9861266532781741
0.9853464448153971
0.9845317103919705
0.9836840530926941
0.9828060068547366
0.9819014273735470
0.9809762119116453
0.9809533765909785
0.9818777873285415
0.9827815680040470
0.9836588235291229
0.9845057004033781
0.9853196668491446
0.9860991218679522
0.9868431478627597
0.9875513402138466
0.9882236834663041
0.9888604581209811
0.9894621686943221
0.9900294871906056
0.9905632081003438
0.9910642122313053
0.9915334374384219
0.9919718548213702
0.9923804493085683
0.9927602037918267
0.9931120861516605
0.9934370386614747
0.9937359693354078
0.9940097448884712
0.9942591850239506
0.9944850578176049
0.9946880760050569
0.9948688940151262
0.9950281056124008
0.9951662420407602
0.9952837705728357
0.9953810933899278
0.9954585467286245
0.9955164002421475
0.9955548565369066
0.9955740508505700
0.9955740508505700
0.9955548565369119
0.9955164002421475
0.9954585467286245
0.9953810933899278
0.9952837705728357
0.9951662420407602
0.9950281056124008
0.9948688940151262
0.9946880760050569
0.9944850578176049
0.9942591850239506
0.9940097448884712
0.9937359693354078
0.9934370386614747
0.9931120861516605
0.9927602037918267
0.9923804493085683
0.9919718548213702
0.9915334374384219
0.9910642122313053
0.9905632081003438
0.9900294871906056
0.9894621686943221
0.9888604581209811
0.9882236834663041
0.9875513402138466
0.9868431478627597
0.9860991218679522
0.9853196668491446
0.9845057004033781
0.9836588235291355
0.9827815680040470
0.9818777873285415
0.9809533765909785
0.9809190384762959
0.9818422363742643
0.9827448131517889
0.9836208770207061
0.9844665778094764
0.9852793870135146
0.9860577067933453
0.9868006225518807
0.9875077324756700
0.9881790236958790
0.9888147790600947
0.9894155051803034
0.9899818758992192
0.9905146872885747
0.9910148214859199
0.9914832174331897
0.9919208470881720
0.9923286960245833
0.9927077475851630
0.9930589699275129
0.9933833054489966
0.9936816621566829
0.9939549066489791
0.9942038584244109
0.9944292852859875
0.9946318996485707
0.9948123555899061
0.9949712465103475
0.9951091032911944
0.9952263928582058
0.9953235170731194
0.9954008118906973
0.9954585467286248
0.9954969240103810
0.9955160788490615
0.9955160788490615
0.9954969240103810
0.9954585467286248
0.9954008118906973
0.9953235170731194
0.9952263928582037
0.9951091032911944
0.9949712465103475
0.9948123555899047
0.9946318996485707
0.9944292852859875
0.9942038584244109
0.9939549066489791
0.9936816621566829
0.9933833054489966
0.9930589699275129
0.9927077475851630
0.9923286960245833
0.9919208470881720
0.9914832174331908
0.9910148214859199
0.9905146872885747
0.9899818758992099
0.9894155051803034
0.9888147790600947
0.9881790236958790
0.9875077324756700
0.9868006225518807
0.9860577067933453
0.9852793870135146
0.9844665778094764
0.9836208770207061
0.9827448131517889
0.9818422363742643
0.9809190384762956
0.9808730955931679
0.9817946655974606
0.9826956265241181
0.9835700910582685
0.9844142135357911
0.9852254698794984
0.9860022665177496
0.9867436929015085
0.9874493509981080
0.9881192314169084
0.9887536201556291
0.9893530266325120
0.9899181271455448
0.9904497198716583
0.9909486887107295
0.9914159740384624
0.9918525489360324
0.9922593998132215
0.9926375105869375
0.9929878497548863
0.9933113598497481
0.9936089488385276
0.9938814831341619
0.9941297819324993
0.9943546126450038
0.9945566872322499
0.9947366592793092
0.9948951216784160
0.9950326048073744
0.9951495751115269
0.9952464340114220
0.9953235170731171
0.9953810933899276
0.9954193651340825
0.9954384672473663
0.9954384672473663
0.9954193651340839
0.9953810933899276
0.9953235170731194
0.9952464340114220
0.9951495751115269
0.9950326048073744
0.9948951216784160
0.9947366592793092
0.9945566872322499
0.9943546126450038
0.9941297819324940
0.9938814831341619
0.9936089488385274
0.9933113598497506
0.9929878497548863
0.9926375105869375
0.9922593998132215
0.9918525489360324
0.9914159740384624
0.9909486887107266
0.9904497198716583
0.9899181271455448
0.9893530266325120
0.9887536201556291
0.9881192314169084
0.9874493509981080
0.9867436929015085
0.9860022665177496
0.9852254698794984
0.9844142135357911
0.9835700910582685
0.9826956265241181
0.9817946655974606
0.9808730955931679
0.9808154122960995
0.9817349300427695
0.9826338539622567
0.9835063024507967
0.9843484355909924
0.9851577349429310
0.9859326123609041
0.9866721624335847
0.9873759919176290
0.9880440958184898
0.9886767641049614
0.9892745097222149
0.9898380120431117
0.9903680718691223
0.9908655752858513
0.9913314644344051
0.9917667137658920
0.9921723106948225
0.9925492398109514
0.9928984699896065
0.9932209438832126
0.9935175693591856
0.9937892125489542
0.9940366922225962
0.9942607752565410
0.9944621730005002
0.9946415383842161
0.9947994636281510
0.9949364784485325
0.9950530486615611
0.9951495751115269
0.9952263928582037
0.9952837705728357
0.9953219101012354
0.9953409461629659
0.9953409461629659
0.9953219101012354
0.9952837705728357
0.9952263928582037
0.9951495751115269
0.9950530486615611
0.9949364784485325
0.9947994636281510
0.9946415383842161
0.9944621730005002
0.9942607752565410
0.9940366922225962
0.9937892125489542
0.9935175693591856
0.9932209438832148
0.9928984699896065
0.9925492398109514
0.9921723106948225
0.9917667137658920
0.9913314644344051
0.9908655752858494
0.9903680718691223
0.9898380120431117
0.9892745097222149
0.9886767641049614
0.9880440958184898
0.9873759919176290
0.9866721624335847
0.9859326123609041
0.9851577349429310
0.9843484355909924
0.9835063024507967
0.9826338539622567
0.9817349300427726
0.9808154122960995
0.9807458195642653
0.9816628489579855
0.9825593031197734
0.9834293074781600
0.9842690291801702
0.9850759567040039
0.9858485085509523
0.9865857855899302
0.9872874004182745
0.9879533533873861
0.9885839392798303
0.9891796752999010
0.9897412445165417
0.9902694508692840
0.9907651830388217
0.9912293852432007
0.9916630335251861
0.9920671164433930
0.9924426193276193
0.9927905114346252
0.9931117354865757
0.9934071991568758
0.9936777681663062
0.9939242607029597
0.9941474429334588
0.9943480254112763
0.9945266602206889
0.9946839387231194
0.9948203897926570
0.9949364784485325
0.9950326048073744
0.9951091032911946
0.9951662420407602
0.9952042224920700
0.9952231790858040
0.9952231790858040
0.9952042224920700
0.9951662420407602
0.9951091032911944
0.9950326048073744
0.9949364784485325
0.9948203897926570
0.9946839387231194
0.9945266602206889
0.9943480254112763
0.9941474429334588
0.9939242607029597
0.9936777681663062
0.9934071991568758
0.9931117354865757
0.9927905114346252
0.9924426193276193
0.9920671164433930
0.9916630335251861
0.9912293852432007
0.9907651830388181
0.9902694508692840
0.9897412445165417
0.9891796752999010
0.9885839392798303
0.9879533533873861
0.9872874004182745
0.9865857855899218
0.9858485085509523
0.9850759567040039
0.9842690291801702
0.9834293074781600
0.9825593031197734
0.9816628489579818
0.9807458195642657
0.9806641153990885
0.9815782061282419
0.9824717437364818
0.9833388621093294
0.9841757368733531
0.9849798647940404
0.9857496723176536
0.9864842678012417
0.9871832707856397
0.9878466879564813
0.9884748197775470
0.9890681884567629
0.9896274813815809
0.9901535061329592
0.9906471543771629
0.9911093726946757
0.9915411389088481
0.9919434428253036
0.9923172705409073
0.9926635916553426
0.9929833488678521
0.9932774495209699
0.9935467587533160
0.9937920939747907
0.9940142204297323
0.9942138476540548
0.9943916266644209
0.9945481477456147
0.9946839387231194
0.9947994636281510
0.9948951216784160
0.9949712465103475
0.9950281056124001
0.9950658999175951
0.9950847635247535
0.9950847635247535
0.9950658999175951
0.9950281056124001
0.9949712465103475
0.9948951216784160
0.9947994636281510
0.9946839387231194
0.9945481477456147
0.9943916266644209
0.9942138476540548
0.9940142204297323
0.9937920939747907
0.9935467587533160
0.9932774495209699
0.9929833488678541
0.9926635916553426
0.9923172705409073
0.9919434428253036
0.9915411389088470
0.9911093726946757
0.9906471543771629
0.9901535061329592
0.9896274813815809
0.9890681884567629
0.9884748197775470
0.9878466879564813
0.9871832707856389
0.9864842678012417
0.9857496723176536
0.9849798647940404
0.9841757368733531
0.9833388621093294
0.9824717437364818
0.9815782061282419
0.9806641153990885
0.9805700653418912
0.9814807503170951
0.9823709080062081
0.9832346823033510
0.9840682588477876
0.9848691441684126
0.9856357740474100
0.9863672656150367
0.9870632465193594
0.9877237308128386
0.9883490255358003
0.9889396586564337
0.9894963225011243
0.9900198287812356
0.9905110725143316
0.9909710028944390
0.9914005996737020
0.9918008539614325
0.9921727525982470
0.9925172654387608
0.9928353350126616
0.9931278681435068
0.9933957291663335
0.9936397344685062
0.9938606481142798
0.9940591783587719
0.9942359748901600
0.9943916266644209
0.9945266602206881
0.9946415383842161
0.9947366592793092
0.9948123555898979
0.9948688940151262
0.9949064748802880
0.9949252318716717
0.9949252318716733
0.9949064748802880
0.9948688940151262
0.9948123555898979
0.9947366592793097
0.9946415383842161
0.9945266602206889
0.9943916266644209
0.9942359748901600
0.9940591783587719
0.9938606481142798
0.9936397344685062
0.9933957291663335
0.9931278681435068
0.9928353350126616
0.9925172654387608
0.9921727525982470
0.9918008539614325
0.9914005996737024
0.9909710028944390
0.9905110725143316
0.9900198287812356
0.9894963225011243
0.9889396586564337
0.9883490255358003
0.9877237308128386
0.9870632465193594
0.9863672656150367
0.9856357740474100
0.9848691441684126
0.9840682588477907
0.9832346823033410
0.9823709080062081
0.9814807503170951
0.9805700653418912
0.9804634031368328
0.9813701958388964
0.9822564910637978
0.9831164444182272
0.9839462532288674
0.9847434353915266
0.9855064375253426
0.9862343869090989
0.9869269205325285
0.9875840608966725
0.9882061225435665
0.9887936399694627
0.9893473110540638
0.9898679521075839
0.9903564618306432
0.9908137922390864
0.9912409251106763
0.9916388528584286
0.9920085629839749
0.9923510254436063
0.9926671823917007
0.9929579398822790
0.9932241611663117
0.9934666613078125
0.9936862028801093
0.9938834925458027
0.9940591783587730
0.9942138476540548
0.9943480254112763
0.9944621730005002
0.9945566872322499
0.9946318996485789
0.9946880760050569
0.9947254159018070
0.9947440525331515
0.9947440525331550
0.9947254159018070
0.9946880760050569
0.9946318996485707
0.9945566872322499
0.9944621730005002
0.9943480254112816
0.9942138476540548
0.9940591783587719
0.9938834925458027
0.9936862028801093
0.9934666613078125
0.9932241611663117
0.9929579398822750
0.9926671823916966
0.9923510254436063
0.9920085629839749
0.9916388528584280
0.9912409251106763
0.9908137922390864
0.9903564618306432
0.9898679521075839
0.9893473110540607
0.9887936399694607
0.9882061225435665
0.9875840608966725
0.9869269205325285
0.9862343869090989
0.9855064375253426
0.9847434353915266
0.9839462532288670
0.9831164444182268
0.9822564910637978
0.9813701958388964
0.9804634031368328
0.9803438315683938
0.9812462232917386
0.9821281516193268
0.9829837857556748
0.9838093365584799
0.9846023350435756
0.9853612402964208
0.9860851912249033
0.9867738354737400
0.9874272051289692
0.9880456231898128
0.9886296314564401
0.9891799339641307
0.9896973520609227
0.9901827884193627
0.9906371980301275
0.9910615647299033
0.9914568821662053
0.9918241383462206
0.9921643031016720
0.9924783179310108
0.9927670877967956
0.9930314745160004
0.9932722914638039
0.9934902993512305
0.9936862028801093
0.9938606481142798
0.9940142204297323
0.9941474429334588
0.9942607752565407
0.9943546126450060
0.9944292852859875
0.9944850578176049
0.9945221289826135
0.9945406313946477
0.9945406313946477
0.9945221289826128
0.9944850578176049
0.9944292852859875
0.9943546126450038
0.9942607752565407
0.9941474429334588
0.9940142204297323
0.9938606481142798
0.9936862028801093
0.9934902993512305
0.9932722914638039
0.9930314745160004
0.9927670877967956
0.9924783179310108
0.9921643031016720
0.9918241383462206
0.9914568821662053
0.9910615647299033
0.9906371980301276
0.9901827884193627
0.9896973520609227
0.9891799339641307
0.9886296314564390
0.9880456231898128
0.9874272051289692
0.9867738354737400
0.9860851912249033
0.9853612402964208
0.9846023350435756
0.9838093365584799
0.9829837857556748
0.9821281516193268
0.9812462232917386
0.9803438315683938
0.9802110235102194
0.9811084804873470
0.9819855127759599
0.9828363052796135
0.9836570844282130
0.9844453962871592
0.9851997141864730
0.9859191902625416
0.9866034842170359
0.9872526389160301
0.9878669868002983
0.9884470777523593
0.9889936225450240
0.9895074479628962
0.9899894608825781
0.9904406193534198
0.9908619092272595
0.9912543252327348
0.9916188556403343
0.9919564698433002
0.9922681083187740
0.9925546745310353
0.9928170284348559
0.9930559812763692
0.9932722914638039
0.9934666613078125
0.9936397344685062
0.9937920939747936
0.9939242607029597
0.9940366922225962
0.9941297819324993
0.9942038584244109
0.9942591850239506
0.9942959594686844
0.9943143136921166
0.9943143136921166
0.9942959594686844
0.9942591850239506
0.9942038584244109
0.9941297819324993
0.9940366922225962
0.9939242607029597
0.9937920939747907
0.9936397344685062
0.9934666613078125
0.9932722914638039
0.9930559812763692
0.9928170284348570
0.9925546745310353
0.9922681083187835
0.9919564698433002
0.9916188556403343
0.9912543252327348
0.9908619092272574
0.9904406193534198
0.9899894608825781
0.9895074479628962
0.9889936225450240
0.9884470777523593
0.9878669868002983
0.9872526389160301
0.9866034842170359
0.9859191902625416
0.9851997141864730
0.9844453962871592
0.9836570844282126
0.9828363052796135
0.9819855127759599
0.9811084804873470
0.9802110235102194
0.9800646232292154
0.9809565836206861
0.9818281630749416
0.9826735645496886
0.9834890323222104
0.9842721296411235
0.9850213460305397
0.9857358485894165
0.9864153105758030
0.9870597868904664
0.9876696204262352
0.9882453699212216
0.9887877534351484
0.9892976035329631
0.9897758314547402
0.9902233983071097
0.9906412918172756
0.9910305075418276
0.9913920336693559
0.9917268387396787
0.9920358617398375
0.9923200041372837
0.9925801235046625
0.9928170284348570
0.9930314745160004
0.9932241611663117
0.9933957291663328
0.9935467587533160
0.9936777681663062
0.9937892125489542
0.9938814831341619
0.9939549066489791
0.9940097448884712
0.9940461944198029
0.9940643863857346
0.9940643863857346
0.9940461944198029
0.9940097448884739
0.9939549066489791
0.9938814831341619
0.9937892125489542
0.9936777681663062
0.9935467587533160
0.9933957291663328
0.9932241611663117
0.9930314745160004
0.9928170284348570
0.9925801235046625
0.9923200041372853
0.9920358617398354
0.9917268387396787
0.9913920336693559
0.9910305075418276
0.9906412918172756
0.9902233983071097
0.9897758314547402
0.9892976035329631
0.9887877534351484
0.9882453699212216
0.9876696204262235
0.9870597868904664
0.9864153105758030
0.9857358485894165
0.9850213460305383
0.9842721296411235
0.9834890323222104
0.9826735645496886
0.9818281630749416
0.9809565836206861
0.9800646232292154
0.9799042479982352
0.9807901187329984
0.9816556578192446
0.9824950889251720
0.9833046767234905
0.9840820040172440
0.9848255786698082
0.9855345846273389
0.9862087103078445
0.9868480239621875
0.9874528799644547
0.9880238466642081
0.9885616499090621
0.9890671283149228
0.9895411975523097
0.9899848216765073
0.9903989900356556
0.9907846986408908
0.9911429351330251
0.9914746666640980
0.9917808301490534
0.9920623244507764
0.9923200041372853
0.9925546745310353
0.9927670877967956
0.9929579398822743
0.9931278681435032
0.9932774495209699
0.9934071991568745
0.9935175693591876
0.9936089488385274
0.9936816621566829
0.9937359693354076
0.9937720655884827
0.9937900811453275
0.9937900811453275
0.9937720655884827
0.9937359693354078
0.9936816621566829
0.9936089488385274
0.9935175693591856
0.9934071991568758
0.9932774495209699
0.9931278681435032
0.9929579398822750
0.9927670877967953
0.9925546745310353
0.9923200041372841
0.9920623244507764
0.9917808301490534
0.9914746666640980
0.9911429351330251
0.9907846986408908
0.9903989900356556
0.9899848216765033
0.9895411975523097
0.9890671283149233
0.9885616499090621
0.9880238466642081
0.9874528799644547
0.9868480239621875
0.9862087103078445
0.9855345846273389
0.9848255786698082
0.9840820040172440
0.9833046767234905
0.9824950889251720
0.9816556578192446
0.9807901187329983
0.9799042479982352
0.9797294900812569
0.9806086435301333
0.9814675207407028
0.9823003691022653
0.9831034765509088
0.9838744480905464
0.9846118122909029
0.9853147719963469
0.9859830324990245
0.9866166767712677
0.9872160717059988
0.9877817959855287
0.9883145836772350
0.9888152796211693
0.9892848038677943
0.9897241231816916
0.9901342281380537
0.9905161146872854
0.9908707693154638
0.9911991571154153
0.9915022122186902
0.9917808301490604
0.9920358617398375
0.9922681083187835
0.9924783179310109
0.9926671823916966
0.9928353350126616
0.9929833488678541
0.9931117354865754
0.9932209438832164
0.9933113598497481
0.9933833054489966
0.9934370386614747
0.9934727531452943
0.9934905780814157
0.9934905780814157
0.9934727531452943
0.9934370386614747
0.9933833054489966
0.9933113598497481
0.9932209438832136
0.9931117354865754
0.9929833488678559
0.9928353350126616
0.9926671823916966
0.9924783179310109
0.9922681083187835
0.9920358617398365
0.9917808301490604
0.9915022122186902
0.9911991571154153
0.9908707693154638
0.9905161146872813
0.9901342281380537
0.9897241231816932
0.9892848038677943
0.9888152796211734
0.9883145836772350
0.9877817959855287
0.9872160717059988
0.9866166767712677
0.9859830324990245
0.9853147719963469
0.9846118122909029
0.9838744480905464
0.9831034765509088
0.9823003691022653
0.9814675207407031
0.9806086435301333
0.9797294900812569
0.9795399191672676
0.9804116896342683
0.9812632460859034
0.9820888630628293
0.9828848550076479
0.9836488520878973
0.9843794061985801
0.9850757413147400
0.9857375814293799
0.9863650256563931
0.9869584544356631
0.9875184574459422
0.9880457773088805
0.9885412651354175
0.9890058451573819
0.9894404864487654
0.9898461802515794
0.9902239217724950
0.9905746955725636
0.9908994638572157
0.9911991571154153
0.9914746666640988
0.9917268387396787
0.9919564698433002
0.9921643031016720
0.9923510254436063
0.9925172654387678
0.9926635916553426
0.9927905114346252
0.9928984699896065
0.9929878497548815
0.9930589699275129
0.9931120861516582
0.9931473903082548
0.9931650103816040
0.9931650103816040
0.9931473903082548
0.9931120861516582
0.9930589699275129
0.9929878497548863
0.9928984699896065
0.9927905114346252
0.9926635916553426
0.9925172654387678
0.9923510254436063
0.9921643031016720
0.9919564698433002
0.9917268387396787
0.9914746666640988
0.9911991571154153
0.9908994638572157
0.9905746955725722
0.9902239217724950
0.9898461802515794
0.9894404864487654
0.9890058451573819
0.9885412651354175
0.9880457773088805
0.9875184574459434
0.9869584544356631
0.9863650256563931
0.9857375814293799
0.9850757413147400
0.9843794061985801
0.9836488520878973
0.9828848550076478
0.9820888630628293
0.9812632460859034
0.9804116896342683
0.9795399191672676
0.9793350853470525
0.9801987653593073
0.9810423012140789
0.9818599985303724
0.9826482019393036
0.9834045701008957
0.9841276811355368
0.9848167825768964
0.9854716190560204
0.9860923072819604
0.9866792422354131
0.9872330251654129
0.9877544074495536
0.9882442463521421
0.9887034699038166
0.9891330488927789
0.9895339744687665
0.9899072402165404
0.9902538278135727
0.9905746955725722
0.9908707693154638
0.9911429351330251
0.9913920336693538
0.9916188556403343
0.9918241383462206
0.9920085629839749
0.9921727525982466
0.9923172705409073
0.9924426193276193
0.9925492398109514
0.9926375105869414
0.9927077475851629
0.9927602037918267
0.9927950690691967
0.9928124700440354
0.9928124700440354
0.9927950690691969
0.9927602037918267
0.9927077475851629
0.9926375105869414
0.9925492398109514
0.9924426193276193
0.9923172705409073
0.9921727525982466
0.9920085629839749
0.9918241383462206
0.9916188556403343
0.9913920336693559
0.9911429351330251
0.9908707693154638
0.9905746955725722
0.9902538278135727
0.9899072402165404
0.9895339744687660
0.9891330488927789
0.9887034699038166
0.9882442463521421
0.9877544074495536
0.9872330251654129
0.9866792422354131
0.9860923072819604
0.9854716190560208
0.9848167825769029
0.9841276811355368
0.9834045701008957
0.9826482019393036
0.9818599985303724
0.9810423012140789
0.9801987653593073
0.9793350853470525
0.9791145227440083
0.9799693591235471
0.9808041298200014
0.9816131760485707
0.9823928768259812
0.9831409230533454
0.9838559222906093
0.9845371482627729
0.9851843682781676
0.9857977181024695
0.9863776081818518
0.9869246517766810
0.9874396090435783
0.9879233430725320
0.9883767850817899
0.9888009067428403
0.9891966981197563
0.9895651500708138
0.9899072402165404
0.9902239217724950
0.9905161146872813
0.9907846986408908
0.9910305075418276
0.9912543252327378
0.9914568821662053
0.9916388528584286
0.9918008539614325
0.9919434428253036
0.9920671164433930
0.9921723106948225
0.9922593998132215
0.9923286960245833
0.9923804493085683
0.9924148472480888
0.9924320149385051
0.9924320149385051
0.9924148472480888
0.9923804493085683
0.9923286960245833
0.9922593998132215
0.9921723106948225
0.9920671164433930
0.9919434428253036
0.9918008539614325
0.9916388528584286
0.9914568821662053
0.9912543252327348
0.9910305075418276
0.9907846986408908
0.9905161146872854
0.9902239217724945
0.9899072402165404
0.9895651500708185
0.9891966981197563
0.9888009067428403
0.9883767850817899
0.9879233430725320
0.9874396090435783
0.9869246517766810
0.9863776081818518
0.9857977181024695
0.9851843682781657
0.9845371482627729
0.9838559222906093
0.9831409230533454
0.9823928768259804
0.9816131760485707
0.9808041298200014
0.9799693591235471
0.9791145227440083
0.9788777539360609
0.9797229436346262
0.9805481559199932
0.9813477728260431
0.9821182125578434
0.9828572024872252
0.9835633831733355
0.9842360573739922
0.9848750171953450
0.9854804188926525
0.9860526891815955
0.9865924535867673
0.9871004808296445
0.9875776392313311
0.9880248623065423
0.9884431214964685
0.9888334045120943
0.9891966981197563
0.9895339744687660
0.9898461802515794
0.9901342281380537
0.9903989900356541
0.9906412918172756
0.9908619092272574
0.9910615647299033
0.9912409251106750
0.9914005996737024
0.9915411389088481
0.9916630335251861
0.9917667137658920
0.9918525489360218
0.9919208470881720
0.9919718548213702
0.9920057571591430
0.9920226774797294
0.9920226774797294
0.9920057571591433
0.9919718548213702
0.9919208470881720
0.9918525489360218
0.9917667137658920
0.9916630335251861
0.9915411389088470
0.9914005996737024
0.9912409251106750
0.9910615647299033
0.9908619092272574
0.9906412918172756
0.9903989900356541
0.9901342281380537
0.9898461802515764
0.9895339744687660
0.9891966981197563
0.9888334045120943
0.9884431214964685
0.9880248623065496
0.9875776392313391
0.9871004808296445
0.9865924535867673
0.9860526891815955
0.9854804188926525
0.9848750171953450
0.9842360573739922
0.9835633831733355
0.9828572024872252
0.9821182125578432
0.9813477728260431
0.9805481559199932
0.9797229436346262
0.9788777539360609
0.9786242953367418
0.9794589810151009
0.9802737887711893
0.9810631475252746
0.9818235201854303
0.9825526753736255
0.9832492905816317
0.9839127006434316
0.9845427246295336
0.9851395406319837
0.9857035922518717
0.9862355172682750
0.9867360924435646
0.9872061904011576
0.9876467457186817
0.9880587281599017
0.9884431214964697
0.9888009067428403
0.9891330488927789
0.9894404864487654
0.9897241231816916
0.9899848216765034
0.9902233983071097
0.9904406193534198
0.9906371980301276
0.9908137922391014
0.9909710028944390
0.9911093726946757
0.9912293852432007
0.9913314644344040
0.9914159740384624
0.9914832174331908
0.9915334374384219
0.9915668162209210
0.9915834752441393
0.9915834752441411
0.9915668162209210
0.9915334374384253
0.9914832174331908
0.9914159740384626
0.9913314644344040
0.9912293852432007
0.9911093726946757
0.9909710028944390
0.9908137922391014
0.9906371980301276
0.9904406193534198
0.9902233983071097
0.9899848216765033
0.9897241231816916
0.9894404864487654
0.9891330488927789
0.9888009067428403
0.9884431214964666
0.9880587281599017
0.9876467457186817
0.9872061904011576
0.9867360924435655
0.9862355172682750
0.9857035922518717
0.9851395406319841
0.9845427246295336
0.9839127006434316
0.9832492905816317
0.9825526753736255
0.9818235201854303
0.9810631475252746
0.9802737887711893
0.9794589810151009
0.9786242953367418
0.9783536637411954
0.9791769290750282
0.9799804289363512
0.9807586462177994
0.9815080948852204
0.9822265902131865
0.9829128509544494
0.9835662472401376
0.9841866272585258
0.9847741921186590
0.9853294026419612
0.9858529084948462
0.9863454935567701
0.9868080334086268
0.9872414620471501
0.9876467457186817
0.9880248623065423
0.9883767850817899
0.9887034699038166
0.9890058451573819
0.9892848038677943
0.9895411975523097
0.9897758314547402
0.9899894608825781
0.9901827884193627
0.9903564618306432
0.9905110725143239
0.9906471543771629
0.9907651830388181
0.9908655752858494
0.9909486887107294
0.9910148214859199
0.9910642122313053
0.9910970399436957
0.9911134239638252
0.9911134239638252
0.9910970399436957
0.9910642122313053
0.9910148214859199
0.9909486887107295
0.9908655752858494
0.9907651830388181
0.9906471543771569
0.9905110725143239
0.9903564618306432
0.9901827884193627
0.9899894608825781
0.9897758314547402
0.9895411975523097
0.9892848038677943
0.9890058451573819
0.9887034699038166
0.9883767850817899
0.9880248623065423
0.9876467457186817
0.9872414620471501
0.9868080334086268
0.9863454935567701
0.9858529084948462
0.9853294026419612
0.9847741921186578
0.9841866272585258
0.9835662472401376
0.9829128509544494
0.9822265902131865
0.9815080948852204
0.9807586462177994
0.9799804289363512
0.9791769290750282
0.9783536637411959
0.9780653842961748
0.9788762489908905
0.9796674757600031
0.9804336097904238
0.9811712234501666
0.9818781847687218
0.9825532584893205
0.9831958533870099
0.9838058488158967
0.9843834697990885
0.9849291943080613
0.9854436830519746
0.9859277255940164
0.9863821986184418
0.9868080334086268
0.9872061904011598
0.9875776392313312
0.9879233430725313
0.9882442463521405
0.9885412651354175
0.9888152796211693
0.9890671283149233
0.9892976035329631
0.9895074479628962
0.9896973520609228
0.9898679521075864
0.9900198287812356
0.9901535061329592
0.9902694508692840
0.9903680718691223
0.9904497198716583
0.9905146872885747
0.9905632081003438
0.9905954578069658
0.9906115534100928
0.9906115534100928
0.9905954578069637
0.9905632081003438
0.9905146872885747
0.9904497198716583
0.9903680718691223
0.9902694508692840
0.9901535061329592
0.9900198287812356
0.9898679521075839
0.9896973520609228
0.9895074479628962
0.9892976035329631
0.9890671283149233
0.9888152796211693
0.9885412651354175
0.9882442463521405
0.9879233430725320
0.9875776392313312
0.9872061904011576
0.9868080334086268
0.9863821986184418
0.9859277255940181
0.9854436830519746
0.9849291943080613
0.9843834697990885
0.9838058488158967
0.9831958533870099
0.9825532584893185
0.9818781847687218
0.9811712234501666
0.9804336097904238
0.9796674757600031
0.9788762489908905
0.9780653842961727
0.9777590002175433
0.9785564147174469
0.9793343365963207
0.9800873831661842
0.9808121937087906
0.9815066958824916
0.9821697055299961
0.9828006734483979
0.9833995119591202
0.9839664704520505
0.9845020434102916
0.9850069011130935
0.9854818367351433
0.9859277255940181
0.9863454935567701
0.9867360924435655
0.9871004808296445
0.9874396090435783
0.9877544074495536
0.9880457773088805
0.9883145836772353
0.9885616499090621
0.9887877534351484
0.9889936225450240
0.9891799339641307
0.9893473110540638
0.9894963225011243
0.9896274813815809
0.9897412445165417
0.9898380120431113
0.9899181271455448
0.9899818758992192
0.9900294871906056
0.9900611326860882
0.9900769268250575
0.9900769268250575
0.9900611326860882
0.9900294871906056
0.9899818758992192
0.9899181271455448
0.9898380120431113
0.9897412445165417
0.9896274813815809
0.9894963225011243
0.9893473110540638
0.9891799339641307
0.9889936225450240
0.9887877534351484
0.9885616499090621
0.9883145836772353
0.9880457773088805
0.9877544074495536
0.9874396090435783
0.9871004808296445
0.9867360924435655
0.9863454935567701
0.9859277255940181
0.9854818367351433
0.9850069011130935
0.9845020434102916
0.9839664704520505
0.9833995119591260
0.9828006734483986
0.9821697055299961
0.9815066958824916
0.9808121937087972
0.9800873831661842
0.9793343365963207
0.9785564147174469
0.9777590002175435
0.9774340846722215
0.9782169245531074
0.9789804382280548
0.9797193268214355
0.9804303064110419
0.9811113719857089
0.9817613959046411
0.9823798742354881
0.9829667536134569
0.9835223075808299
0.9840470457157831
0.9845416455844334
0.9850069011130935
0.9854436830519746
0.9858529084948462
0.9862355172682750
0.9865924535867673
0.9869246517766810
0.9872330251654166
0.9875184574459456
0.9877817959855287
0.9880238466642081
0.9882453699212216
0.9884470777523612
0.9886296314564401
0.9887936399694627
0.9889396586564254
0.9890681884567629
0.9891796752999010
0.9892745097222149
0.9893530266325120
0.9894155051803034
0.9894621686943221
0.9894931846629806
0.9895086647364930
0.9895086647364930
0.9894931846629806
0.9894621686943221
0.9894155051803034
0.9893530266325133
0.9892745097222149
0.9891796752999010
0.9890681884567629
0.9889396586564337
0.9887936399694607
0.9886296314564401
0.9884470777523593
0.9882453699212216
0.9880238466642081
0.9877817959855287
0.9875184574459456
0.9872330251654166
0.9869246517766810
0.9865924535867673
0.9862355172682750
0.9858529084948462
0.9854436830519746
0.9850069011130935
0.9845416455844334
0.9840470457157875
0.9835223075808299
0.9829667536134569
0.9823798742354881
0.9817613959046411
0.9811113719857089
0.9804303064110419
0.9797193268214355
0.9789804382280548
0.9782169245531074
0.9774340846722215
0.9770902553637852
0.9778573154056388
0.9786052410572902
0.9793288312421308
0.9800248903146382
0.9806914891365009
0.9813275621515932
0.9819326535567717
0.9825067448881577
0.9830501326602514
0.9835633390880795
0.9840470457157875
0.9845020434102916
0.9849291943080613
0.9853294026419612
0.9857035922518818
0.9860526891815963
0.9863776081818518
0.9866792422354147
0.9869584544356631
0.9872160717059991
0.9874528799644547
0.9876696204262235
0.9878669868002983
0.9880456231898125
0.9882061225435664
0.9883490255358003
0.9884748197775470
0.9885839392798303
0.9886767641049614
0.9887536201556301
0.9888147790600947
0.9888604581209811
0.9888908203025746
0.9889059742373036
0.9889059742373036
0.9888908203025746
0.9888604581209930
0.9888147790600947
0.9887536201556291
0.9886767641049614
0.9885839392798303
0.9884748197775470
0.9883490255358003
0.9882061225435665
0.9880456231898128
0.9878669868002983
0.9876696204262235
0.9874528799644547
0.9872160717059991
0.9869584544356631
0.9866792422354147
0.9863776081818518
0.9860526891815963
0.9857035922518818
0.9853294026419612
0.9849291943080613
0.9845020434102916
0.9840470457157875
0.9835633390880795
0.9830501326602514
0.9825067448881577
0.9819326535567717
0.9813275621515932
0.9806914891365009
0.9800248903146382
0.9793288312421308
0.9786052410572902
0.9778573154056388
0.9770902553637852
0.9767271925365930
0.9774771804892671
0.9782082568535434
0.9789153352092272
0.9795953214995068
0.9802463717637574
0.9808674879526272
0.9814582644486471
0.9820187170848076
0.9825491628112163
0.9830501326602514
0.9835223075808299
0.9839664704520504
0.9843834697990888
0.9847741921186578
0.9851395406319841
0.9854804188926525
0.9857977181024695
0.9860923072819604
0.9863650256563937
0.9866166767712677
0.9868480239621875
0.9870597868904664
0.9872526389160301
0.9874272051289692
0.9875840608966725
0.9877237308128386
0.9878466879564813
0.9879533533873861
0.9880440958184898
0.9881192314169084
0.9881790236958790
0.9882236834663042
0.9882533688246488
0.9882681851587346
0.9882681851587346
0.9882533688246488
0.9882236834663042
0.9881790236958790
0.9881192314169084
0.9880440958184898
0.9879533533873861
0.9878466879564813
0.9877237308128386
0.9875840608966725
0.9874272051289692
0.9872526389160301
0.9870597868904664
0.9868480239621875
0.9866166767712677
0.9863650256563937
0.9860923072819604
0.9857977181024695
0.9854804188926525
0.9851395406319841
0.9847741921186578
0.9843834697990888
0.9839664704520505
0.9835223075808299
0.9830501326602514
0.9825491628112163
0.9820187170848076
0.9814582644486471
0.9808674879526272
0.9802463717637574
0.9795953214995068
0.9789153352092272
0.9782082568535434
0.9774771804892671
0.9767271925365930
0.9763446613703100
0.9770761914484158
0.9777890711539036
0.9784783491794292
0.9791410483946509
0.9797754198271976
0.9803805376753920
0.9809560471314517
0.9815019959342349
0.9820187170848076
0.9825067448881577
0.9829667536134569
0.9833995119591202
0.9838058488158967
0.9841866272585258
0.9845427246295336
0.9848750171953450
0.9851843682781676
0.9854716190560204
0.9857375814293799
0.9859830324990240
0.9862087103078445
0.9864153105758030
0.9866034842170359
0.9867738354737400
0.9869269205325285
0.9870632465193594
0.9871832707856397
0.9872874004182745
0.9873759919176290
0.9874493509981080
0.9875077324756700
0.9875513402138466
0.9875803271051847
0.9875947950716532
0.9875947950716532
0.9875803271051817
0.9875513402138466
0.9875077324756700
0.9874493509981080
0.9873759919176290
0.9872874004182745
0.9871832707856397
0.9870632465193594
0.9869269205325285
0.9867738354737400
0.9866034842170359
0.9864153105758030
0.9862087103078445
0.9859830324990243
0.9857375814293799
0.9854716190560204
0.9851843682781676
0.9848750171953450
0.9845427246295336
0.9841866272585258
0.9838058488158967
0.9833995119591292
0.9829667536134569
0.9825067448881577
0.9820187170848076
0.9815019959342349
0.9809560471314517
0.9803805376753920
0.9797754198271976
0.9791410483946509
0.9784783491794292
0.9777890711539072
0.9770761914484183
0.9763446613703100
0.9759425401176993
0.9766541263164563
0.9773473718970321
0.9780174856395961
0.9786616247495874
0.9792781449535747
0.9798661958432430
0.9804254716763819
0.9809560471314517
0.9814582644486471
0.9819326535567717
0.9823798742354881
0.9828006734483979
0.9831958533870083
0.9835662472401376
0.9839127006434316
0.9842360573739922
0.9845371482627729
0.9848167825769029
0.9850757413147400
0.9853147719963469
0.9855345846273389
0.9857358485894165
0.9859191902625416
0.9860851912249033
0.9862343869090989
0.9863672656150367
0.9864842678012417
0.9865857855899303
0.9866721624335847
0.9867436929015085
0.9868006225518807
0.9868431478627597
0.9868714162002922
0.9868855258084889
0.9868855258084889
0.9868714162002922
0.9868431478627597
0.9868006225518807
0.9867436929015085
0.9866721624335847
0.9865857855899303
0.9864842678012417
0.9863672656150367
0.9862343869090989
0.9860851912249033
0.9859191902625416
0.9857358485894165
0.9855345846273389
0.9853147719963469
0.9850757413147400
0.9848167825768964
0.9845371482627729
0.9842360573739922
0.9839127006434316
0.9835662472401376
0.9831958533870083
0.9828006734483979
0.9823798742354881
0.9819326535567717
0.9814582644486471
0.9809560471314517
0.9804254716763819
0.9798661958432430
0.9792781449535747
0.9786616247495874
0.9780174856395961
0.9773473718970321
0.9766541263164563
0.9759425401176993
0.9755208559457011
0.9762109053680200
0.9768829866875270
0.9775324993581009
0.9781567540422893
0.9787542195222979
0.9793241208275570
0.9798661958432430
0.9803805376753920
0.9808674879526272
0.9813275621515932
0.9817613959046411
0.9821697055299961
0.9825532584893205
0.9829128509544494
0.9832492905816317
0.9835633831733355
0.9838559222906079
0.9841276811355368
0.9843794061985846
0.9846118122909029
0.9848255786698082
0.9850213460305397
0.9851997141864730
0.9853612402964199
0.9855064375253426
0.9856357740474100
0.9857496723176536
0.9858485085509523
0.9859326123609041
0.9860022665177496
0.9860577067933453
0.9860991218679531
0.9861266532781741
0.9861403953906295
0.9861403953906295
0.9861266532781741
0.9860991218679531
0.9860577067933453
0.9860022665177496
0.9859326123609041
0.9858485085509523
0.9857496723176536
0.9856357740474067
0.9855064375253426
0.9853612402964208
0.9851997141864730
0.9850213460305397
0.9848255786698082
0.9846118122909027
0.9843794061985801
0.9841276811355368
0.9838559222906079
0.9835633831733355
0.9832492905816317
0.9829128509544494
0.9825532584893205
0.9821697055299961
0.9817613959046411
0.9813275621515932
0.9808674879526272
0.9803805376753920
0.9798661958432393
0.9793241208275570
0.9787542195222979
0.9781567540422893
0.9775324993581009
0.9768829866875270
0.9762109053680200
0.9755208559457016
0.9750798314362217
0.9757466380456774
0.9763959325431126
0.9770233423488067
0.9776263510682983
0.9782035451082307
0.9787542195222979
0.9792781449535710
0.9797754198271933
0.9802463717637574
0.9806914891365008
0.9811113719857089
0.9815066958824916
0.9818781847687218
0.9822265902131865
0.9825526753736255
0.9828572024872156
0.9831409230533467
0.9834045701008860
0.9836488520878973
0.9838744480905464
0.9840820040172440
0.9842721296411235
0.9844453962871592
0.9846023350435709
0.9847434353915266
0.9848691441684126
0.9849798647940404
0.9850759567040039
0.9851577349429310
0.9852254698794984
0.9852793870135146
0.9853196668491446
0.9853464448153971
0.9853598112190588
0.9853598112190588
0.9853464448153971
0.9853196668491446
0.9852793870135146
0.9852254698794984
0.9851577349429310
0.9850759567040039
0.9849798647940404
0.9848691441684126
0.9847434353915266
0.9846023350435709
0.9844453962871592
0.9842721296411235
0.9840820040172440
0.9838744480905464
0.9836488520878973
0.9834045701008860
0.9831409230533454
0.9828572024872156
0.9825526753736255
0.9822265902131865
0.9818781847687211
0.9815066958824916
0.9811113719857089
0.9806914891365011
0.9802463717637574
0.9797754198271958
0.9792781449535747
0.9787542195222979
0.9782035451082307
0.9776263510682983
0.9770233423488067
0.9763959325431126
0.9757466380456774
0.9750798314362217
0.9746199464697345
0.9752616861992273
0.9758864848122786
0.9764902420531288
0.9770706306801260
0.9776263510682983
0.9781567540422870
0.9786616247495874
0.9791410483946509
0.9795953214995068
0.9800248903146382
0.9804303064110419
0.9808121937087906
0.9811712234501666
0.9815080948852204
0.9818235201854303
0.9821182125578434
0.9823928768259804
0.9826482019393036
0.9828848550076479
0.9831034765509088
0.9833046767234905
0.9834890323222104
0.9836570844282126
0.9838093365584799
0.9839462532288670
0.9840682588477907
0.9841757368733531
0.9842690291801702
0.9843484355909924
0.9844142135357911
0.9844665778094764
0.9845057004033781
0.9845317103919705
0.9845446938601974
0.9845446938601974
0.9845317103919705
0.9845057004033781
0.9844665778094764
0.9844142135357911
0.9843484355909924
0.9842690291801730
0.9841757368733531
0.9840682588477876
0.9839462532288670
0.9838093365584799
0.9836570844282126
0.9834890323222104
0.9833046767234905
0.9831034765509088
0.9828848550076478
0.9826482019393036
0.9823928768259804
0.9821182125578434
0.9818235201854303
0.9815080948852204
0.9811712234501666
0.9808121937087906
0.9804303064110419
0.9800248903146382
0.9795953214995068
0.9791410483946509
0.9786616247495874
0.9781567540422870
0.9776263510682983
0.9770706306801260
0.9764902420531288
0.9758864848122786
0.9752616861992273
0.9746199464697307
0.9741420236017923
0.9747567531150694
0.9753552780803255
0.9759338190039851
0.9764902420531288
0.9770233423488067
0.9775324993581009
0.9780174856395961
0.9784783491794292
0.9789153352092272
0.9793288312421308
0.9797193268214355
0.9800873831661842
0.9804336097904238
0.9807586462177966
0.9810631475252756
0.9813477728260431
0.9816131760485707
0.9818599985303724
0.9820888630628285
0.9823003691022653
0.9824950889251720
0.9826735645496886
0.9828363052796135
0.9829837857556748
0.9831164444182272
0.9832346823033410
0.9833388621093294
0.9834293074781600
0.9835063024507967
0.9835700910582685
0.9836208770207061
0.9836588235291229
0.9836840530926941
0.9836966474359028
0.9836966474359028
0.9836840530926941
0.9836588235291229
0.9836208770207061
0.9835700910582685
0.9835063024507967
0.9834293074781566
0.9833388621093294
0.9832346823033410
0.9831164444182272
0.9829837857556748
0.9828363052796135
0.9826735645496886
0.9824950889251720
0.9823003691022653
0.9820888630628293
0.9818599985303724
0.9816131760485707
0.9813477728260431
0.9810631475252756
0.9807586462177966
0.9804336097904238
0.9800873831661842
0.9797193268214355
0.9793288312421308
0.9789153352092272
0.9784783491794292
0.9780174856395961
0.9775324993581009
0.9770233423488067
0.9764902420531288
0.9759338190039851
0.9753552780803255
0.9747567531150694
0.9741420236017868
0.9736473523258271
0.9742330179353885
0.9748034669614313
0.9753552780803255
0.9758864848122786
0.9763959325431126
0.9768829866875270
0.9773473718970321
0.9777890711539036
0.9782082568535434
0.9786052410572902
0.9789804382280548
0.9793343365963207
0.9796674757600031
0.9799804289363512
0.9802737887711893
0.9805481559199932
0.9808041298200010
0.9810423012140789
0.9812632460859034
0.9814675207407028
0.9816556578192446
0.9818281630749416
0.9819855127759599
0.9821281516193268
0.9822564910637978
0.9823709080062081
0.9824717437364765
0.9825593031197734
0.9826338539622567
0.9826956265241282
0.9827448131517889
0.9827815680040470
0.9828060068547366
0.9828182069566838
0.9828182069566838
0.9828060068547366
0.9827815680040470
0.9827448131517889
0.9826956265241282
0.9826338539622567
0.9825593031197734
0.9824717437364765
0.9823709080062081
0.9822564910637978
0.9821281516193280
0.9819855127759599
0.9818281630749448
0.9816556578192446
0.9814675207407028
0.9812632460859034
0.9810423012140789
0.9808041298200014
0.9805481559199932
0.9802737887711893
0.9799804289363512
0.9796674757600031
0.9793343365963207
0.9789804382280559
0.9786052410572902
0.9782082568535434
0.9777890711539036
0.9773473718970321
0.9768829866875270
0.9763959325431126
0.9758864848122786
0.9753552780803307
0.9748034669614313
0.9742330179353885
0.9736473523258271
0.9731378860505754
0.9736923653792879
0.9742330179353885
0.9747567531150718
0.9752616861992273
0.9757466380456774
0.9762109053680200
0.9766541263164563
0.9770761914484183
0.9774771804892671
0.9778573154056388
0.9782169245531075
0.9785564147174469
0.9788762489908905
0.9791769290750282
0.9794589810151009
0.9797229436346262
0.9799693591235471
0.9801987653593073
0.9804116896342683
0.9806086435301333
0.9807901187330011
0.9809565836206861
0.9811084804873470
0.9812462232917386
0.9813701958388968
0.9814807503170951
0.9815782061282419
0.9816628489579818
0.9817349300427695
0.9817946655974570
0.9818422363742643
0.9818777873285415
0.9819014273735470
0.9819132292080777
0.9819132292080777
0.9819014273735392
0.9818777873285415
0.9818422363742643
0.9817946655974606
0.9817349300427695
0.9816628489579855
0.9815782061282419
0.9814807503170951
0.9813701958388968
0.9812462232917386
0.9811084804873470
0.9809565836206861
0.9807901187329983
0.9806086435301333
0.9804116896342683
0.9801987653593073
0.9799693591235471
0.9797229436346262
0.9794589810151009
0.9791769290750282
0.9788762489908858
0.9785564147174469
0.9782169245531074
0.9778573154056388
0.9774771804892671
0.9770761914484183
0.9766541263164563
0.9762109053680200
0.9757466380456774
0.9752616861992273
0.9747567531150718
0.9742330179353885
0.9736923653792879
0.9731378860505754
0.9726166059952841
0.9731378860505754
0.9736473523258271
0.9741420236017868
0.9746199464697345
0.9750798314362217
0.9755208559457011
0.9759425401176993
0.9763446613703100
0.9767271925365930
0.9770902553637852
0.9774340846722215
0.9777590002175418
0.9780653842961748
0.9783536637411954
0.9786242953367418
0.9788777539360609
0.9791145227440083
0.9793350853470525
0.9795399191672676
0.9797294900812575
0.9799042479982352
0.9800646232292154
0.9802110235102194
0.9803438315683938
0.9804634031368328
0.9805700653418912
0.9806641153990885
0.9807458195642657
0.9808154122960994
0.9808730955931679
0.9809190384762956
0.9809533765909785
0.9809762119116453
0.9809876125322718
0.9809876125322718
0.9809762119116453
0.9809533765909785
0.9809190384762956
0.9808730955931679
0.9808154122960994
0.9807458195642657
0.9806641153990885
0.9805700653418912
0.9804634031368328
0.9803438315683938
0.9802110235102194
0.9800646232292154
0.9799042479982352
0.9797294900812576
0.9795399191672676
0.9793350853470525
0.9791145227440083
0.9788777539360609
0.9786242953367418
0.9783536637411914
0.9780653842961748
0.9777590002175418
0.9774340846722215
0.9770902553637852
0.9767271925365930
0.9763446613703100
0.9759425401176993
0.9755208559457011
0.9750798314362217
0.9746199464697325
0.9741420236017923
0.9736473523258271
0.9731378860505754
0.9726166059952841
