RW,Z
0.0486246771273236,12.3367108514509951
0.0486448570124103
0.0486647282763616
0.0486842051836547
0.0487032270499046
0.0487217497923000
0.0487397413603746
0.0487571788449862
0.0487740464787206
0.0487903341718093
0.0488060363973673
0.0488211513181556
0.0488356800880452
0.0488496262840223
0.0488629954385443
0.0488757946506758
0.0488880322601221
0.0488997175723276
0.0489108606253826
0.0489214719916708
0.0489315626085126
0.0489411436331777
0.0489502263185964
0.0489588219066575
0.0489669415364999
0.0489745961657130
0.0489817965025990
0.0489885529479619
0.0489948755451464
0.0490007739371606
0.0490062573299814
0.0490113344611430
0.0490160135729645
0.0490203023897171
0.0490242080982714
0.0490277373316994
0.0490308961554590
0.0490336900557897
0.0490361239300687
0.0490382020787705
0.0490399281989306
0.0490413053788323
0.0490423360938223
0.0490430222030932
0.0490433649473671
0.0490433649473671
0.0490430222030932
0.0490423360938223
0.0490413053788323
0.0490399281989306
0.0490382020787705
0.0490361239300686
0.0490336900557897
0.0490308961554590
0.0490277373316994
0.0490242080982714
0.0490203023897171
0.0490160135729645
0.0490113344611428
0.0490062573299813
0.0490007739371606
0.0489948755451464
0.0489885529479618
0.0489817965025990
0.0489745961657131
0.0489669415364999
0.0489588219066575
0.0489502263185963
0.0489411436331777
0.0489315626085126
0.0489214719916708
0.0489108606253826
0.0488997175723276
0.0488880322601221
0.0488757946506758
0.0488629954385443
0.0488496262840223
0.0488356800880452
0.0488211513181556
0.0488060363973673
0.0487903341718093
0.0487740464787206
0.0487571788449862
0.0487397413603746
0.0487217497923000
0.0487032270499046
0.0486842051836547
0.0486647282763616
0.0486448570124103
0.0486246771273236
0.0486448570124103
0.0486660659031097
0.0486869175519072
0.0487073228210608
0.0487272219226862
0.0487465727491913
0.0487653455248401
0.0487835196678015
0.0488010816972768
0.0488180237307476
0.0488343423528860
0.0488500377362909
0.0488651129418292
0.0488795733521175
0.0488934262066915
0.0489066802165704
0.0489193452421239
0.0489314320220241
0.0489429519440820
0.0489539168506829
0.0489643388730848
0.0489742302900236
0.0489836034067436
0.0489924704515181
0.0490008434869709
0.0490087343341169
0.0490161545073501
0.0490231151586932
0.0490296270302678
0.0490357004135837
0.0490413451148983
0.0490465704257295
0.0490513850978249
0.0490557973219664
0.0490598147101210
0.0490634442803738
0.0490666924443771
0.0490695649968482
0.0490720671068881
0.0490742033108751
0.0490759775066401
0.0490773929488111
0.0490784522451805
0.0490791573538895
0.0490795095814577
0.0490795095814577
0.0490791573538895
0.0490784522451805
0.0490773929488111
0.0490759775066401
0.0490742033108751
0.0490720671068881
0.0490695649968482
0.0490666924443771
0.0490634442803738
0.0490598147101210
0.0490557973219664
0.0490513850978249
0.0490465704257295
0.0490413451148983
0.0490357004135837
0.0490296270302678
0.0490231151586932
0.0490161545073501
0.0490087343341169
0.0490008434869709
0.0489924704515181
0.0489836034067436
0.0489742302900236
0.0489643388730848
0.0489539168506830
0.0489429519440820
0.0489314320220241
0.0489193452421239
0.0489066802165703
0.0488934262066915
0.0488795733521175
0.0488651129418292
0.0488500377362909
0.0488343423528860
0.0488180237307476
0.0488010816972768
0.0487835196678015
0.0487653455248401
0.0487465727491913
0.0487272219226862
0.0487073228210608
0.0486869175519072
0.0486660659031097
0.0486448570124103
0.0486647282763616
0.0486869175519070
0.0487087156957416
0.0487300249660231
0.0487507829291911
0.0487709474289494
0.0487904897692277
0.0488093909483901
0.0488276392798207
0.0488452287488712
0.0488621578091879
0.0488784284644222
0.0488940455473146
0.0489090161418196
0.0489233491125475
0.0489370547170375
0.0489501442833715
0.0489626299401609
0.0489745243891138
0.0489858407127467
0.0489965922112110
0.0490067922634338
0.0490164542089143
0.0490255912468276
0.0490342163499670
0.0490423421912911
0.0490499810812794
0.0490571449145496
0.0490638451244173
0.0490700926442829
0.0490758978749152
0.0490812706567430
0.0490862202465092
0.0490907552976300
0.0490948838437502
0.0490986132850222
0.0491019503767048
0.0491049012197570
0.0491074712531206
0.0491096652474416
0.0491114873000000
0.0491129408306747
0.0491140285788312
0.0491147526009381
0.0491151142688890
0.0491151142688890
0.0491147526009381
0.0491140285788312
0.0491129408306747
0.0491114873000000
0.0491096652474416
0.0491074712531206
0.0491049012197570
0.0491019503767048
0.0490986132850222
0.0490948838437502
0.0490907552976300
0.0490862202465092
0.0490812706567430
0.0490758978749153
0.0490700926442829
0.0490638451244175
0.0490571449145496
0.0490499810812794
0.0490423421912911
0.0490342163499670
0.0490255912468276
0.0490164542089143
0.0490067922634338
0.0489965922112110
0.0489858407127467
0.0489745243891138
0.0489626299401609
0.0489501442833715
0.0489370547170375
0.0489233491125475
0.0489090161418196
0.0488940455473146
0.0488784284644222
0.0488621578091879
0.0488452287488712
0.0488276392798207
0.0488093909483901
0.0487904897692277
0.0487709474289494
0.0487507829291911
0.0487300249660231
0.0487087156957416
0.0486869175519070
0.0486647282763616
0.0486842051836547
0.0487073228210608
0.0487300249660231
0.0487522046483594
0.0487737947820193
0.0487947514020055
0.0488150456025425
0.0488346590490218
0.0488535811981354
0.0488718074306281
0.0488893377188188
0.0489061756323948
0.0489223275717234
0.0489378021620232
0.0489526097656730
0.0489667620841612
0.0489802718296881
0.0489931524519283
0.0490054179093099
0.0490170824765851
0.0490281605823244
0.0490386666713883
0.0490486150881982
0.0490580199777063
0.0490668952011909
0.0490752542647978
0.0490831102588201
0.0490904758062657
0.0490973630192728
0.0491037834623015
0.0491097481211390
0.0491152673768105
0.0491203509837521
0.0491250080516311
0.0491292470301780
0.0491330756967225
0.0491365011458935
0.0491395297812249
0.0491421673083468
0.0491444187295108
0.0491462883392187
0.0491477797207949
0.0491488957437596
0.0491496385618537
0.0491500096116505
0.0491500096116505
0.0491496385618537
0.0491488957437596
0.0491477797207949
0.0491462883392187
0.0491444187295108
0.0491421673083470
0.0491395297812249
0.0491365011458935
0.0491330756967225
0.0491292470301780
0.0491250080516311
0.0491203509837521
0.0491152673768105
0.0491097481211390
0.0491037834623015
0.0490973630192728
0.0490904758062657
0.0490831102588201
0.0490752542647978
0.0490668952011909
0.0490580199777063
0.0490486150881982
0.0490386666713883
0.0490281605823244
0.0490170824765851
0.0490054179093099
0.0489931524519283
0.0489802718296881
0.0489667620841612
0.0489526097656730
0.0489378021620230
0.0489223275717234
0.0489061756323948
0.0488893377188188
0.0488718074306282
0.0488535811981354
0.0488346590490218
0.0488150456025425
0.0487947514020056
0.0487737947820193
0.0487522046483594
0.0487300249660231
0.0487073228210608
0.0486842051836547
0.0487032270499046
0.0487272219226862
0.0487507829291911
0.0487737947820193
0.0487961851460008
0.0488179072073665
0.0488389308465744
0.0488592375621526
0.0488788172955568
0.0488976663101624
0.0489157856974618
0.0489331802796703
0.0489498577763676
0.0489658281551470
0.0489811031152918
0.0489956956708790
0.0490096198099397
0.0490228902132781
0.0490355220207155
0.0490475306357396
0.0490589315615201
0.0490697402628816
0.0490799720498085
0.0490896419791166
0.0490987647712485
0.0491073547400914
0.0491154257336132
0.0491229910838710
0.0491300635649229
0.0491366553574846
0.0491427780193563
0.0491484424607478
0.0491536589237958
0.0491584369656003
0.0491627854443151
0.0491667125077077
0.0491702255839350
0.0491733313740444
0.0491760358460190
0.0491783442300409
0.0491802610147572
0.0491817899444366
0.0491829340167975
0.0491836954814024
0.0491840758385447
0.0491840758385446
0.0491836954814024
0.0491829340167975
0.0491817899444366
0.0491802610147572
0.0491783442300409
0.0491760358460190
0.0491733313740444
0.0491702255839350
0.0491667125077077
0.0491627854443152
0.0491584369656003
0.0491536589237958
0.0491484424607478
0.0491427780193563
0.0491366553574849
0.0491300635649228
0.0491229910838710
0.0491154257336132
0.0491073547400914
0.0490987647712485
0.0490896419791166
0.0490799720498085
0.0490697402628816
0.0490589315615201
0.0490475306357396
0.0490355220207155
0.0490228902132781
0.0490096198099397
0.0489956956708790
0.0489811031152918
0.0489658281551470
0.0489498577763676
0.0489331802796703
0.0489157856974618
0.0488976663101624
0.0488788172955568
0.0488592375621526
0.0488389308465744
0.0488179072073665
0.0487961851460008
0.0487737947820193
0.0487507829291911
0.0487272219226862
0.0487032270499046
0.0487217497923000
0.0487465727491913
0.0487709474289494
0.0487947514020056
0.0488179072073665
0.0488403647430730
0.0488620920429698
0.0488830698017336
0.0489032878782505
0.0489227429388133
0.0489414367973261
0.0489593752030332
0.0489765669279004
0.0489930230625291
0.0490087564619155
0.0490237813021685
0.0490381127213763
0.0490517665257152
0.0490647589470241
0.0490771064415499
0.0490888255221802
0.0490999326180275
0.0491104439566605
0.0491203754652278
0.0491297426873340
0.0491385607132100
0.0491468441211126
0.0491546069281851
0.0491618625493769
0.0491686237631936
0.0491749026832327
0.0491807107346345
0.0491860586346681
0.0491909563768780
0.0491954132181495
0.0491994376682537
0.0492030374815103
0.0492062196501217
0.0492089903989519
0.0492113551814564
0.0492133186765734
0.0492148847863632
0.0492160566342525
0.0492168365637945
0.0492172261377969
0.0492172261377969
0.0492168365637945
0.0492160566342525
0.0492148847863632
0.0492133186765735
0.0492113551814564
0.0492089903989519
0.0492062196501217
0.0492030374815103
0.0491994376682537
0.0491954132181495
0.0491909563768780
0.0491860586346683
0.0491807107346345
0.0491749026832327
0.0491686237631936
0.0491618625493769
0.0491546069281851
0.0491468441211126
0.0491385607132100
0.0491297426873339
0.0491203754652278
0.0491104439566605
0.0490999326180275
0.0490888255221802
0.0490771064415499
0.0490647589470241
0.0490517665257152
0.0490381127213763
0.0490237813021685
0.0490087564619155
0.0489930230625291
0.0489765669279004
0.0489593752030332
0.0489414367973261
0.0489227429388133
0.0489032878782505
0.0488830698017336
0.0488620920429698
0.0488403647430730
0.0488179072073665
0.0487947514020056
0.0487709474289494
0.0487465727491913
0.0487217497923000
0.0487397413603746
0.0487653455248401
0.0487904897692277
0.0488150456025425
0.0488389308465744
0.0488620920429698
0.0488844950536522
0.0489061193441973
0.0489269542548028
0.0489469964497564
0.0489662481073263
0.0489847155948741
0.0490024084735216
0.0490193387337493
0.0490355201973643
0.0490509680424345
0.0490656984211162
0.0490797281490966
0.0490930744511276
0.0491057547512051
0.0491177864986641
0.0491291870236147
0.0491399734163190
0.0491501624265253
0.0491597703793405
0.0491688131049499
0.0491773058799690
0.0491852633786131
0.0491926996320879
0.0491996279949976
0.0492060611176348
0.0492120109232011
0.0492174885892918
0.0492225045328359
0.0492270683979780
0.0492311890464705
0.0492348745500391
0.0492381321844502
0.0492409684249355
0.0492433889427020
0.0492453986023444
0.0492470014599402
0.0492482007616794
0.0492489989429089
0.0492493976275073
0.0492493976275073
0.0492489989429089
0.0492482007616794
0.0492470014599400
0.0492453986023444
0.0492433889427020
0.0492409684249355
0.0492381321844502
0.0492348745500391
0.0492311890464705
0.0492270683979780
0.0492225045328359
0.0492174885892919
0.0492120109232011
0.0492060611176348
0.0491996279949976
0.0491926996320879
0.0491852633786131
0.0491773058799690
0.0491688131049499
0.0491597703793405
0.0491501624265253
0.0491399734163191
0.0491291870236147
0.0491177864986641
0.0491057547512051
0.0490930744511276
0.0490797281490966
0.0490656984211162
0.0490509680424345
0.0490355201973643
0.0490193387337493
0.0490024084735216
0.0489847155948741
0.0489662481073263
0.0489469964497564
0.0489269542548028
0.0489061193441973
0.0488844950536522
0.0488620920429697
0.0488389308465744
0.0488150456025425
0.0487904897692277
0.0487653455248401
0.0487397413603746
0.0487571788449862
0.0487835196678015
0.0488093909483901
0.0488346590490218
0.0488592375621526
0.0488830698017336
0.0489061193441974
0.0489283641779944
0.0489497928191718
0.0489704016143179
0.0489901928053222
0.0490091731035285
0.0490273526154775
0.0490447440178262
0.0490613619133197
0.0490772223209068
0.0490923422674613
0.0491067394575646
0.0491204320044085
0.0491334382090442
0.0491457763784510
0.0491574646750035
0.0491685209916583
0.0491789628482535
0.0491888073053388
0.0491980708925732
0.0492067695493294
0.0492149185754797
0.0492225325907953
0.0492296255015181
0.0492362104730133
0.0492422999074820
0.0492479054259725
0.0492530378539341
0.0492577072097249
0.0492619226956028
0.0492656926906918
0.0492690247456492
0.0492719255785863
0.0492744010721261
0.0492764562712167
0.0492780953816266
0.0492793217688895
0.0492801379576384
0.0492805456311615
0.0492805456311615
0.0492801379576383
0.0492793217688895
0.0492780953816266
0.0492764562712167
0.0492744010721261
0.0492719255785864
0.0492690247456492
0.0492656926906918
0.0492619226956028
0.0492577072097249
0.0492530378539341
0.0492479054259725
0.0492422999074819
0.0492362104730133
0.0492296255015181
0.0492225325907953
0.0492149185754797
0.0492067695493295
0.0491980708925732
0.0491888073053388
0.0491789628482535
0.0491685209916584
0.0491574646750034
0.0491457763784510
0.0491334382090442
0.0491204320044084
0.0491067394575646
0.0490923422674613
0.0490772223209068
0.0490613619133197
0.0490447440178262
0.0490273526154775
0.0490091731035285
0.0489901928053222
0.0489704016143179
0.0489497928191718
0.0489283641779944
0.0489061193441974
0.0488830698017336
0.0488592375621526
0.0488346590490218
0.0488093909483901
0.0487835196678015
0.0487571788449862
0.0487740464787206
0.0488010816972768
0.0488276392798207
0.0488535811981354
0.0488788172955568
0.0489032878782505
0.0489269542548028
0.0489497928191718
0.0489717910686921
0.0489929448022293
0.0490132560869981
0.0490327317476430
0.0490513822213392
0.0490692206757323
0.0490862623196298
0.0491025238576823
0.0491180230544570
0.0491327783828658
0.0491468087385719
0.0491601332066028
0.0491727708697664
0.0491847406507857
0.0491960611819791
0.0492067506974464
0.0492168269439338
0.0492263071070553
0.0492352077504486
0.0492435447656053
0.0492513333306664
0.0492585878767869
0.0492653220607014
0.0492715487426361
0.0492772799685191
0.0492825269559208
0.0492873000829349
0.0492916088796182
0.0492954620213952
0.0492988673241419
0.0493018317405687
0.0493043613576193
0.0493064613946767
0.0493081362023637
0.0493093892617739
0.0493102231840073
0.0493106397098986
0.0493106397098986
0.0493102231840073
0.0493093892617739
0.0493081362023637
0.0493064613946767
0.0493043613576193
0.0493018317405687
0.0492988673241419
0.0492954620213953
0.0492916088796182
0.0492873000829349
0.0492825269559208
0.0492772799685191
0.0492715487426361
0.0492653220607014
0.0492585878767869
0.0492513333306664
0.0492435447656053
0.0492352077504486
0.0492263071070553
0.0492168269439338
0.0492067506974465
0.0491960611819791
0.0491847406507857
0.0491727708697664
0.0491601332066028
0.0491468087385719
0.0491327783828658
0.0491180230544570
0.0491025238576823
0.0490862623196298
0.0490692206757323
0.0490513822213392
0.0490327317476430
0.0490132560869981
0.0489929448022293
0.0489717910686921
0.0489497928191718
0.0489269542548028
0.0489032878782505
0.0488788172955568
0.0488535811981354
0.0488276392798207
0.0488010816972767
0.0487740464787206
0.0487903341718093
0.0488180237307476
0.0488452287488711
0.0488718074306282
0.0488976663101624
0.0489227429388133
0.0489469964497564
0.0489704016143179
0.0489929448022293
0.0490146211082817
0.0490354322456653
0.0490553849666164
0.0490744898572960
0.0490927604046900
0.0491102122651009
0.0491268626844837
0.0491427300348886
0.0491578334408788
0.0491721924764708
0.0491858269179942
0.0491987565417039
0.0492110009575145
0.0492225794721261
0.0492335109762213
0.0492438138514607
0.0492535058938765
0.0492626042508687
0.0492711253695020
0.0492790849542774
0.0492864979327392
0.0492933784276731
0.0492997397347992
0.0493055943049662
0.0493109537301588
0.0493158287325951
0.0493202291563606
0.0493241639611298
0.0493276412175255
0.0493306681037897
0.0493332509034922
0.0493353950040092
0.0493371048955467
0.0493383841706055
0.0493392355236745
0.0493396607511189
0.0493396607511189
0.0493392355236746
0.0493383841706055
0.0493371048955467
0.0493353950040092
0.0493332509034922
0.0493306681037897
0.0493276412175255
0.0493241639611298
0.0493202291563606
0.0493158287325951
0.0493109537301588
0.0493055943049662
0.0492997397347992
0.0492933784276731
0.0492864979327392
0.0492790849542774
0.0492711253695020
0.0492626042508686
0.0492535058938765
0.0492438138514607
0.0492335109762212
0.0492225794721261
0.0492110009575145
0.0491987565417040
0.0491858269179942
0.0491721924764708
0.0491578334408788
0.0491427300348886
0.0491268626844837
0.0491102122651009
0.0490927604046900
0.0490744898572960
0.0490553849666164
0.0490354322456653
0.0490146211082817
0.0489929448022293
0.0489704016143179
0.0489469964497564
0.0489227429388134
0.0488976663101624
0.0488718074306282
0.0488452287488711
0.0488180237307476
0.0487903341718093
0.0488060363973673
0.0488343423528861
0.0488621578091879
0.0488893377188188
0.0489157856974619
0.0489414367973261
0.0489662481073263
0.0489901928053222
0.0490132560869981
0.0490354322456653
0.0490567225123736
0.0490771334233507
0.0490966755653698
0.0491153625986484
0.0491332104874686
0.0491502368886038
0.0491664606612557
0.0491819014717603
0.0491965794728362
0.0492105150421663
0.0492237285685490
0.0492362402764393
0.0492480700818512
0.0492592374737414
0.0492697614165568
0.0492796602700834
0.0492889517237734
0.0492976527429986
0.0493057795252757
0.0493133474648059
0.0493203711238763
0.0493268642100270
0.0493328395579665
0.0493383091153881
0.0493432839320618
0.0493477741515040
0.0493517890048109
0.0493553368061732
0.0493584249497188
0.0493610599074225
0.0493632472277376
0.0493649915348188
0.0493662965281254
0.0493671649822481
0.0493675987468900
0.0493675987468900
0.0493671649822481
0.0493662965281254
0.0493649915348188
0.0493632472277376
0.0493610599074225
0.0493584249497188
0.0493553368061732
0.0493517890048109
0.0493477741515039
0.0493432839320618
0.0493383091153881
0.0493328395579665
0.0493268642100270
0.0493203711238763
0.0493133474648059
0.0493057795252756
0.0492976527429986
0.0492889517237734
0.0492796602700834
0.0492697614165568
0.0492592374737414
0.0492480700818511
0.0492362402764393
0.0492237285685490
0.0492105150421663
0.0491965794728362
0.0491819014717603
0.0491664606612557
0.0491502368886038
0.0491332104874686
0.0491153625986484
0.0490966755653696
0.0490771334233507
0.0490567225123736
0.0490354322456653
0.0490132560869981
0.0489901928053223
0.0489662481073263
0.0489414367973261
0.0489157856974618
0.0488893377188188
0.0488621578091879
0.0488343423528861
0.0488060363973673
0.0488211513181556
0.0488500377362909
0.0488784284644222
0.0489061756323948
0.0489331802796703
0.0489593752030332
0.0489847155948741
0.0490091731035285
0.0490327317476430
0.0490553849666164
0.0490771334233507
0.0490979833314329
0.0491179451608585
0.0491370326241772
0.0491552618740837
0.0491726508631285
0.0491892188290859
0.0492049858789288
0.0492199726508033
0.0492342000383303
0.0492476889650149
0.0492604601992560
0.0492725342024265
0.0492839310040639
0.0492946700993310
0.0493047703649162
0.0493142499901456
0.0493231264208070
0.0493314163134152
0.0493391354982987
0.0493462989499000
0.0493529207631299
0.0493590141347064
0.0493645913486033
0.0493696637648646
0.0493742418111789
0.0493783349766401
0.0493819518072866
0.0493850999030079
0.0493877859155096
0.0493900155470670
0.0493917935498333
0.0493931237255330
0.0493940089253839
0.0493944510501345
0.0493944510501345
0.0493940089253839
0.0493931237255330
0.0493917935498333
0.0493900155470670
0.0493877859155096
0.0493850999030079
0.0493819518072866
0.0493783349766397
0.0493742418111789
0.0493696637648646
0.0493645913486033
0.0493590141347064
0.0493529207631299
0.0493462989499000
0.0493391354982987
0.0493314163134152
0.0493231264208070
0.0493142499901456
0.0493047703649162
0.0492946700993310
0.0492839310040639
0.0492725342024265
0.0492604601992560
0.0492476889650149
0.0492342000383303
0.0492199726508033
0.0492049858789287
0.0491892188290859
0.0491726508631285
0.0491552618740837
0.0491370326241772
0.0491179451608585
0.0490979833314329
0.0490771334233507
0.0490553849666164
0.0490327317476430
0.0490091731035285
0.0489847155948741
0.0489593752030332
0.0489331802796703
0.0489061756323948
0.0488784284644222
0.0488500377362909
0.0488211513181556
0.0488356800880452
0.0488651129418291
0.0488940455473146
0.0489223275717234
0.0489498577763675
0.0489765669279004
0.0490024084735216
0.0490273526154775
0.0490513822213392
0.0490744898572960
0.0490966755653696
0.0491179451608585
0.0491383089071097
0.0491577804714798
0.0491763760949685
0.0491941139266656
0.0492110134869213
0.0492270952320838
0.0492423802000953
0.0492568897208853
0.0492706451791895
0.0492836678198513
0.0492959785879524
0.0493075979973790
0.0493185460229461
0.0493288420118957
0.0493385046115124
0.0493475517100636
0.0493560003888621
0.0493638668835211
0.0493711665529030
0.0493779138543958
0.0493841223244167
0.0493898045632769
0.0493949722235767
0.0493996360014412
0.0494038056301159
0.0494074898753700
0.0494106965323485
0.0494134324235125
0.0494157033974108
0.0494175143280090
0.0494188691144250
0.0494197706808807
0.0494202209767739
0.0494202209767739
0.0494197706808807
0.0494188691144250
0.0494175143280090
0.0494157033974108
0.0494134324235125
0.0494106965323486
0.0494074898753700
0.0494038056301159
0.0493996360014412
0.0493949722235767
0.0493898045632769
0.0493841223244167
0.0493779138543958
0.0493711665529030
0.0493638668835211
0.0493560003888621
0.0493475517100636
0.0493385046115124
0.0493288420118957
0.0493185460229461
0.0493075979973790
0.0492959785879524
0.0492836678198513
0.0492706451791895
0.0492568897208853
0.0492423802000953
0.0492270952320837
0.0492110134869213
0.0491941139266656
0.0491763760949685
0.0491577804714799
0.0491383089071097
0.0491179451608585
0.0490966755653699
0.0490744898572960
0.0490513822213392
0.0490273526154775
0.0490024084735216
0.0489765669279004
0.0489498577763675
0.0489223275717234
0.0488940455473146
0.0488651129418291
0.0488356800880452
0.0488496262840222
0.0488795733521175
0.0489090161418196
0.0489378021620230
0.0489658281551470
0.0489930230625291
0.0490193387337494
0.0490447440178262
0.0490692206757323
0.0490927604046900
0.0491153625986484
0.0491370326241771
0.0491577804714799
0.0491776196861443
0.0491965665154342
0.0492146392210131
0.0492318575224695
0.0492482421446235
0.0492638144478645
0.0492785961254188
0.0492926089549438
0.0493058745942780
0.0493184144135681
0.0493302493571602
0.0493413998300994
0.0493518856050586
0.0493617257461143
0.0493709385466351
0.0493795414787774
0.0493875511527225
0.0493949832839914
0.0494018526673998
0.0494081731565777
0.0494139576480277
0.0494192180688875
0.0494239653677496
0.0494282095078813
0.0494319594624030
0.0494352232109666
0.0494380077375937
0.0494403190293579
0.0494421620756886
0.0494435408680777
0.0494444584000289
0.0494449166671239
0.0494449166671239
0.0494444584000289
0.0494435408680777
0.0494421620756886
0.0494403190293579
0.0494380077375937
0.0494352232109666
0.0494319594624030
0.0494282095078813
0.0494239653677496
0.0494192180688875
0.0494139576480277
0.0494081731565777
0.0494018526673998
0.0493949832839914
0.0493875511527225
0.0493795414787774
0.0493709385466351
0.0493617257461143
0.0493518856050586
0.0493413998300994
0.0493302493571602
0.0493184144135681
0.0493058745942780
0.0492926089549438
0.0492785961254188
0.0492638144478645
0.0492482421446234
0.0492318575224695
0.0492146392210131
0.0491965665154342
0.0491776196861443
0.0491577804714797
0.0491370326241772
0.0491153625986484
0.0490927604046900
0.0490692206757323
0.0490447440178262
0.0490193387337494
0.0489930230625291
0.0489658281551470
0.0489378021620232
0.0489090161418196
0.0488795733521175
0.0488496262840223
0.0488629954385443
0.0488934262066915
0.0489233491125475
0.0489526097656730
0.0489811031152918
0.0490087564619156
0.0490355201973643
0.0490613619133197
0.0490862623196298
0.0491102122651009
0.0491332104874686
0.0491552618740837
0.0491763760949685
0.0491965665154342
0.0492158493232042
0.0492342428227639
0.0492517668617971
0.0492684423629277
0.0492842909402170
0.0492993345842013
0.0493135954028193
0.0493270954080576
0.0493398563401682
0.0493518995228969
0.0493632457443660
0.0493739151592427
0.0493839272085826
0.0493933005543737
0.0494020530263720
0.0494102015790655
0.0494177622571619
0.0494247501680603
0.0494311794601791
0.0494370633060314
0.0494424138892575
0.0494472423948151
0.0494515590017688
0.0494553728780822
0.0494586921770472
0.0494615240349028
0.0494638745693952
0.0494657488789570
0.0494671510423587
0.0494680841185857
0.0494685501468990
0.0494685501468990
0.0494680841185857
0.0494671510423587
0.0494657488789570
0.0494638745693952
0.0494615240349028
0.0494586921770472
0.0494553728780822
0.0494515590017688
0.0494472423948151
0.0494424138892575
0.0494370633060314
0.0494311794601791
0.0494247501680603
0.0494177622571619
0.0494102015790656
0.0494020530263720
0.0493933005543737
0.0493839272085826
0.0493739151592427
0.0493632457443660
0.0493518995228969
0.0493398563401682
0.0493270954080576
0.0493135954028193
0.0492993345842013
0.0492842909402170
0.0492684423629277
0.0492517668617971
0.0492342428227640
0.0492158493232042
0.0491965665154342
0.0491763760949685
0.0491552618740837
0.0491332104874686
0.0491102122651009
0.0490862623196298
0.0490613619133197
0.0490355201973643
0.0490087564619156
0.0489811031152918
0.0489526097656730
0.0489233491125475
0.0488934262066915
0.0488629954385443
0.0488757946506758
0.0489066802165704
0.0489370547170375
0.0489667620841612
0.0489956956708790
0.0490237813021684
0.0490509680424345
0.0490772223209068
0.0491025238576823
0.0491268626844837
0.0491502368886038
0.0491726508631285
0.0491941139266656
0.0492146392210131
0.0492342428227640
0.0492529430223199
0.0492707597356306
0.0492877140223305
0.0493038276897820
0.0493191229669274
0.0493336222353562
0.0493473478072385
0.0493603217420017
0.0493725656950596
0.0493841007930995
0.0493949475314836
0.0494051256900741
0.0494146542643824
0.0494235514095150
0.0494318343947915
0.0494395195672219
0.0494466223223652
0.0494531570812933
0.0494591372725766
0.0494645753184334
0.0494694826241814
0.0494738695704541
0.0494777455075607
0.0494811187515243
0.0494839965814481
0.0494863852378407
0.0494882899216482
0.0494897147937619
0.0494906629748448
0.0494911365452941
0.0494911365452941
0.0494906629748449
0.0494897147937619
0.0494882899216482
0.0494863852378407
0.0494839965814481
0.0494811187515243
0.0494777455075607
0.0494738695704542
0.0494694826241814
0.0494645753184334
0.0494591372725766
0.0494531570812933
0.0494466223223652
0.0494395195672219
0.0494318343947915
0.0494235514095150
0.0494146542643824
0.0494051256900741
0.0493949475314836
0.0493841007930995
0.0493725656950596
0.0493603217420017
0.0493473478072384
0.0493336222353562
0.0493191229669275
0.0493038276897820
0.0492877140223305
0.0492707597356306
0.0492529430223199
0.0492342428227640
0.0492146392210131
0.0491941139266656
0.0491726508631285
0.0491502368886038
0.0491268626844837
0.0491025238576823
0.0490772223209068
0.0490509680424345
0.0490237813021685
0.0489956956708790
0.0489667620841612
0.0489370547170375
0.0489066802165704
0.0488757946506758
0.0488880322601222
0.0489193452421239
0.0489501442833715
0.0489802718296882
0.0490096198099397
0.0490381127213763
0.0490656984211162
0.0490923422674613
0.0491180230544570
0.0491427300348886
0.0491664606612556
0.0491892188290859
0.0492110134869213
0.0492318575224695
0.0492517668617971
0.0492707597356306
0.0492888560786935
0.0493060770359999
0.0493224445558742
0.0493379810537681
0.0493527091342087
0.0493666513606587
0.0493798300650679
0.0493922671903172
0.0494039841600931
0.0494150017715932
0.0494253401073223
0.0494350184627776
0.0494440552875107
0.0494524681372187
0.0494602736351673
0.0494674874412925
0.0494741242276994
0.0494801976594496
0.0494857203796900
0.0494907039983051
0.0494951590834518
0.0494990951553725
0.0495025206820098
0.0495054430760012
0.0495078686927502
0.0495098028292243
0.0495112497233216
0.0495122125535450
0.0495126934389046
0.0495126934389046
0.0495122125535450
0.0495112497233216
0.0495098028292243
0.0495078686927502
0.0495054430760012
0.0495025206820099
0.0494990951553725
0.0494951590834518
0.0494907039983051
0.0494857203796900
0.0494801976594496
0.0494741242276994
0.0494674874412926
0.0494602736351673
0.0494524681372187
0.0494440552875107
0.0494350184627776
0.0494253401073223
0.0494150017715932
0.0494039841600931
0.0493922671903172
0.0493798300650681
0.0493666513606587
0.0493527091342087
0.0493379810537681
0.0493224445558742
0.0493060770359999
0.0492888560786935
0.0492707597356306
0.0492517668617971
0.0492318575224695
0.0492110134869213
0.0491892188290859
0.0491664606612557
0.0491427300348886
0.0491180230544570
0.0490923422674613
0.0490656984211162
0.0490381127213763
0.0490096198099397
0.0489802718296881
0.0489501442833715
0.0489193452421239
0.0488880322601221
0.0488997175723278
0.0489314320220241
0.0489626299401609
0.0489931524519283
0.0490228902132782
0.0490517665257152
0.0490797281490966
0.0491067394575646
0.0491327783828657
0.0491578334408788
0.0491819014717603
0.0492049858789287
0.0492270952320837
0.0492482421446234
0.0492684423629277
0.0492877140223305
0.0493060770359999
0.0493235525910631
0.0493401627320118
0.0493559300155227
0.0493708772241758
0.0493850271288881
0.0493984022917670
0.0494110249026698
0.0494229166438273
0.0494340985780470
0.0494445910564904
0.0494544136429851
0.0494635850520907
0.0494721230987008
0.0494800446573128
0.0494873656292866
0.0494941009168164
0.0495002644024232
0.0495058689329827
0.0495109263074923
0.0495154472678491
0.0495194414920453
0.0495229175892586
0.0495258830964895
0.0495283444762414
0.0495303071150988
0.0495317753228719
0.0495327523321201
0.0495332402979622
0.0495332402979622
0.0495327523321200
0.0495317753228719
0.0495303071150989
0.0495283444762414
0.0495258830964895
0.0495229175892586
0.0495194414920453
0.0495154472678491
0.0495109263074923
0.0495058689329827
0.0495002644024232
0.0494941009168164
0.0494873656292866
0.0494800446573128
0.0494721230987008
0.0494635850520907
0.0494544136429850
0.0494445910564904
0.0494340985780470
0.0494229166438274
0.0494110249026698
0.0493984022917670
0.0493850271288881
0.0493708772241758
0.0493559300155227
0.0493401627320118
0.0493235525910631
0.0493060770359999
0.0492877140223305
0.0492684423629277
0.0492482421446234
0.0492270952320837
0.0492049858789287
0.0491819014717603
0.0491578334408789
0.0491327783828658
0.0491067394575646
0.0490797281490966
0.0490517665257152
0.0490228902132782
0.0489931524519283
0.0489626299401609
0.0489314320220241
0.0488997175723278
0.0489108606253826
0.0489429519440820
0.0489745243891138
0.0490054179093099
0.0490355220207155
0.0490647589470241
0.0490930744511276
0.0491204320044084
0.0491468087385720
0.0491721924764708
0.0491965794728362
0.0492199726508032
0.0492423802000953
0.0492638144478645
0.0492842909402169
0.0493038276897820
0.0493224445558742
0.0493401627320118
0.0493570043209203
0.0493729919814395
0.0493881486348721
0.0494024972206118
0.0494160604928578
0.0494288608516375
0.0494409202025148
0.0494522598403763
0.0494629003534338
0.0494728615441250
0.0494821623642906
0.0494908208622497
0.0494988541398649
0.0495062783179675
0.0495131085087080
0.0495193587937105
0.0495250422069370
0.0495301707214975
0.0495347552396075
0.0495388055851139
0.0495423304980341
0.0495453376306960
0.0495478335450869
0.0495498237111065
0.0495513125054735
0.0495523032110944
0.0495527980167037
0.0495527980167038
0.0495523032110944
0.0495513125054734
0.0495498237111064
0.0495478335450869
0.0495453376306960
0.0495423304980341
0.0495388055851139
0.0495347552396075
0.0495301707214975
0.0495250422069370
0.0495193587937106
0.0495131085087080
0.0495062783179675
0.0494988541398649
0.0494908208622497
0.0494821623642906
0.0494728615441250
0.0494629003534338
0.0494522598403763
0.0494409202025148
0.0494288608516376
0.0494160604928578
0.0494024972206118
0.0493881486348721
0.0493729919814395
0.0493570043209203
0.0493401627320118
0.0493224445558742
0.0493038276897820
0.0492842909402169
0.0492638144478645
0.0492423802000953
0.0492199726508032
0.0491965794728362
0.0491721924764708
0.0491468087385720
0.0491204320044084
0.0490930744511276
0.0490647589470241
0.0490355220207155
0.0490054179093099
0.0489745243891138
0.0489429519440820
0.0489108606253826
0.0489214719916708
0.0489539168506830
0.0489858407127467
0.0490170824765851
0.0490475306357396
0.0490771064415499
0.0491057547512051
0.0491334382090442
0.0491601332066028
0.0491858269179942
0.0492105150421663
0.0492342000383303
0.0492568897208853
0.0492785961254189
0.0492993345842014
0.0493191229669275
0.0493379810537681
0.0493559300155227
0.0493729919814395
0.0493891896791908
0.0494045461346360
0.0494190844213375
0.0494328274516651
0.0494457978026644
0.0494580175711757
0.0494695082534712
0.0494802906455741
0.0494903847609164
0.0494998097626674
0.0495085839083046
0.0495167245045145
0.0495242478707235
0.0495311693098474
0.0495375030850225
0.0495432624013203
0.0495484593915012
0.0495531051051476
0.0495572095004407
0.0495607814381056
0.0495638286770676
0.0495663578713466
0.0495683745680189
0.0495698832058475
0.0495708871144241
0.0495713885136982
0.0495713885136982
0.0495708871144241
0.0495698832058475
0.0495683745680189
0.0495663578713466
0.0495638286770676
0.0495607814381056
0.0495572095004407
0.0495531051051476
0.0495484593915012
0.0495432624013204
0.0495375030850225
0.0495311693098474
0.0495242478707235
0.0495167245045145
0.0495085839083046
0.0494998097626674
0.0494903847609164
0.0494802906455741
0.0494695082534712
0.0494580175711757
0.0494457978026644
0.0494328274516651
0.0494190844213375
0.0494045461346360
0.0493891896791908
0.0493729919814395
0.0493559300155227
0.0493379810537681
0.0493191229669275
0.0492993345842014
0.0492785961254189
0.0492568897208853
0.0492342000383303
0.0492105150421663
0.0491858269179942
0.0491601332066028
0.0491334382090442
0.0491057547512051
0.0490771064415499
0.0490475306357396
0.0490170824765851
0.0489858407127467
0.0489539168506830
0.0489214719916708
0.0489315626085126
0.0489643388730848
0.0489965922112110
0.0490281605823244
0.0490589315615201
0.0490888255221802
0.0491177864986641
0.0491457763784509
0.0491727708697664
0.0491987565417039
0.0492237285685490
0.0492476889650149
0.0492706451791895
0.0492926089549438
0.0493135954028194
0.0493336222353563
0.0493527091342087
0.0493708772241758
0.0493881486348723
0.0494045461346360
0.0494200928245126
0.0494348118823012
0.0494487263485330
0.0494618589476670
0.0494742319389000
0.0494858669919335
0.0494967850838036
0.0495070064134506
0.0495165503312458
0.0495254352811659
0.0495336787535286
0.0495412972466891
0.0495483062361245
0.0495547201497910
0.0495605523485936
0.0495658151111211
0.0495705196218729
0.0495746759622907
0.0495782931040666
0.0495813789042438
0.0495839401017035
0.0495859823147473
0.0495875100394335
0.0495885266485193
0.0495890343908210
0.0495890343908210
0.0495885266485193
0.0495875100394335
0.0495859823147473
0.0495839401017035
0.0495813789042438
0.0495782931040666
0.0495746759622907
0.0495705196218729
0.0495658151111211
0.0495605523485936
0.0495547201497910
0.0495483062361245
0.0495412972466891
0.0495336787535286
0.0495254352811659
0.0495165503312458
0.0495070064134506
0.0494967850838036
0.0494858669919335
0.0494742319389000
0.0494618589476670
0.0494487263485330
0.0494348118823013
0.0494200928245126
0.0494045461346360
0.0493881486348723
0.0493708772241758
0.0493527091342087
0.0493336222353563
0.0493135954028193
0.0492926089549438
0.0492706451791895
0.0492476889650149
0.0492237285685490
0.0491987565417039
0.0491727708697664
0.0491457763784510
0.0491177864986639
0.0490888255221802
0.0490589315615201
0.0490281605823244
0.0489965922112110
0.0489643388730848
0.0489315626085126
0.0489411436331777
0.0489742302900236
0.0490067922634338
0.0490386666713882
0.0490697402628816
0.0490999326180275
0.0491291870236148
0.0491574646750034
0.0491847406507857
0.0492110009575145
0.0492362402764392
0.0492604601992560
0.0492836678198513
0.0493058745942781
0.0493270954080576
0.0493473478072385
0.0493666513606587
0.0493850271288879
0.0494024972206119
0.0494190844213375
0.0494348118823012
0.0494497028596187
0.0494637804956987
0.0494770676361412
0.0494895866765992
0.0495013594349587
0.0495124070448705
0.0495227498673779
0.0495324074178174
0.0495413983056262
0.0495497401850121
0.0495574497147912
0.0495645425258990
0.0495710331953102
0.0495769352253076
0.0495822610271526
0.0495870219083956
0.0495912280631537
0.0495948885647321
0.0495980113601866
0.0496006032663424
0.0496026699669892
0.0496042160109300
0.0496052448106793
0.0496057586416512
0.0496057586416512
0.0496052448106793
0.0496042160109300
0.0496026699669892
0.0496006032663424
0.0495980113601866
0.0495948885647321
0.0495912280631537
0.0495870219083956
0.0495822610271526
0.0495769352253076
0.0495710331953102
0.0495645425258990
0.0495574497147912
0.0495497401850121
0.0495413983056263
0.0495324074178174
0.0495227498673779
0.0495124070448705
0.0495013594349587
0.0494895866765992
0.0494770676361412
0.0494637804956987
0.0494497028596187
0.0494348118823012
0.0494190844213375
0.0494024972206119
0.0493850271288879
0.0493666513606587
0.0493473478072384
0.0493270954080576
0.0493058745942781
0.0492836678198513
0.0492604601992560
0.0492362402764393
0.0492110009575145
0.0491847406507857
0.0491574646750034
0.0491291870236148
0.0490999326180275
0.0490697402628816
0.0490386666713882
0.0490067922634338
0.0489742302900237
0.0489411436331777
0.0489502263185964
0.0489836034067436
0.0490164542089142
0.0490486150881982
0.0490799720498085
0.0491104439566605
0.0491399734163190
0.0491685209916584
0.0491960611819791
0.0492225794721261
0.0492480700818511
0.0492725342024265
0.0492959785879524
0.0493184144135680
0.0493398563401682
0.0493603217420017
0.0493798300650679
0.0493984022917670
0.0494160604928577
0.0494328274516651
0.0494487263485330
0.0494637804956986
0.0494780131145756
0.0494914471487834
0.0495041051074213
0.0495160089338786
0.0495271798963642
0.0495376384967146
0.0495474043948383
0.0495564963462276
0.0495649321506683
0.0495727286102668
0.0495799014953976
0.0495864655172279
0.0495924343057835
0.0495978203925656
0.0496026351968457
0.0496068890155289
0.0496105910145489
0.0496137492232332
0.0496163705297275
0.0496184606778412
0.0496200242647458
0.0496210647394444
0.0496215844017679
0.0496215844017679
0.0496210647394444
0.0496200242647459
0.0496184606778412
0.0496163705297275
0.0496137492232331
0.0496105910145489
0.0496068890155289
0.0496026351968458
0.0495978203925656
0.0495924343057835
0.0495864655172279
0.0495799014953974
0.0495727286102668
0.0495649321506683
0.0495564963462276
0.0495474043948383
0.0495376384967146
0.0495271798963642
0.0495160089338787
0.0495041051074213
0.0494914471487834
0.0494780131145756
0.0494637804956987
0.0494487263485330
0.0494328274516651
0.0494160604928578
0.0493984022917670
0.0493798300650679
0.0493603217420017
0.0493398563401682
0.0493184144135680
0.0492959785879524
0.0492725342024265
0.0492480700818512
0.0492225794721261
0.0491960611819791
0.0491685209916584
0.0491399734163190
0.0491104439566605
0.0490799720498085
0.0490486150881982
0.0490164542089142
0.0489836034067436
0.0489502263185964
0.0489588219066575
0.0489924704515181
0.0490255912468276
0.0490580199777063
0.0490896419791166
0.0491203754652278
0.0491501624265253
0.0491789628482535
0.0492067506974465
0.0492335109762212
0.0492592374737414
0.0492839310040639
0.0493075979973789
0.0493302493571602
0.0493518995228969
0.0493725656950596
0.0493922671903172
0.0494110249026698
0.0494288608516376
0.0494457978026644
0.0494618589476670
0.0494770676361411
0.0494914471487834
0.0495050205070610
0.0495178103131674
0.0495298386158198
0.0495411267979378
0.0495516954828844
0.0495615644565260
0.0495707526026594
0.0495792778497584
0.0495871571273157
0.0495944063301445
0.0496010402899794
0.0496070727517261
0.0496125163554325
0.0496173826216753
0.0496216819402584
0.0496254235615040
0.0496286155896380
0.0496312649778835
0.0496333775248244
0.0496349578718489
0.0496360095013242
0.0496365347354351
0.0496365347354351
0.0496360095013242
0.0496349578718489
0.0496333775248242
0.0496312649778835
0.0496286155896380
0.0496254235615040
0.0496216819402582
0.0496173826216753
0.0496125163554325
0.0496070727517259
0.0496010402899794
0.0495944063301445
0.0495871571273157
0.0495792778497584
0.0495707526026594
0.0495615644565260
0.0495516954828844
0.0495411267979378
0.0495298386158198
0.0495178103131675
0.0495050205070610
0.0494914471487833
0.0494770676361411
0.0494618589476670
0.0494457978026644
0.0494288608516376
0.0494110249026698
0.0493922671903172
0.0493725656950596
0.0493518995228969
0.0493302493571602
0.0493075979973790
0.0492839310040639
0.0492592374737414
0.0492335109762212
0.0492067506974465
0.0491789628482535
0.0491501624265253
0.0491203754652278
0.0490896419791166
0.0490580199777063
0.0490255912468276
0.0489924704515181
0.0489588219066575
0.0489669415364999
0.0490008434869709
0.0490342163499670
0.0490668952011909
0.0490987647712485
0.0491297426873339
0.0491597703793405
0.0491888073053388
0.0492168269439337
0.0492438138514607
0.0492697614165569
0.0492946700993310
0.0493185460229461
0.0493413998300994
0.0493632457443660
0.0493841007930995
0.0494039841600931
0.0494229166438274
0.0494409202025148
0.0494580175711756
0.0494742319389001
0.0494895866765992
0.0495041051074213
0.0495178103131675
0.0495307249713229
0.0495428712180564
0.0495542705332847
0.0495649436445422
0.0495749104468329
0.0495841899360429
0.0495928001537831
0.0496007581425001
0.0496080799077828
0.0496147803886593
0.0496208734332018
0.0496263717790847
0.0496312870381736
0.0496356296844162
0.0496394090444824
0.0496426332905797
0.0496453094350444
0.0496474433263092
0.0496490396460239
0.0496501019069717
0.0496506324517060
0.0496506324517060
0.0496501019069718
0.0496490396460238
0.0496474433263092
0.0496453094350444
0.0496426332905797
0.0496394090444824
0.0496356296844162
0.0496312870381736
0.0496263717790847
0.0496208734332018
0.0496147803886593
0.0496080799077827
0.0496007581425001
0.0495928001537831
0.0495841899360427
0.0495749104468329
0.0495649436445422
0.0495542705332847
0.0495428712180564
0.0495307249713229
0.0495178103131675
0.0495041051074213
0.0494895866765992
0.0494742319389001
0.0494580175711756
0.0494409202025149
0.0494229166438274
0.0494039841600931
0.0493841007930995
0.0493632457443660
0.0493413998300994
0.0493185460229460
0.0492946700993310
0.0492697614165569
0.0492438138514607
0.0492168269439337
0.0491888073053388
0.0491597703793405
0.0491297426873340
0.0490987647712485
0.0490668952011909
0.0490342163499670
0.0490008434869709
0.0489669415364999
0.0489745961657131
0.0490087343341169
0.0490423421912911
0.0490752542647978
0.0491073547400914
0.0491385607132099
0.0491688131049499
0.0491980708925732
0.0492263071070553
0.0492535058938764
0.0492796602700834
0.0493047703649162
0.0493288420118957
0.0493518856050586
0.0493739151592427
0.0493949475314836
0.0494150017715932
0.0494340985780471
0.0494522598403763
0.0494695082534712
0.0494858669919335
0.0495013594349587
0.0495160089338787
0.0495298386158198
0.0495428712180565
0.0495551289484780
0.0495666333683057
0.0495774052937293
0.0495874647136260
0.0495968307215222
0.0496055214581736
0.0496135540651368
0.0496209446462128
0.0496277082360707
0.0496338587748258
0.0496394090876255
0.0496443708683251
0.0496487546666739
0.0496525698782472
0.0496558247367175
0.0496585263079384
0.0496606804855475
0.0496622919877223
0.0496633643548689
0.0496638999480605
0.0496638999480605
0.0496633643548689
0.0496622919877223
0.0496606804855475
0.0496585263079384
0.0496558247367175
0.0496525698782472
0.0496487546666738
0.0496443708683251
0.0496394090876255
0.0496338587748258
0.0496277082360707
0.0496209446462128
0.0496135540651368
0.0496055214581736
0.0495968307215221
0.0495874647136260
0.0495774052937294
0.0495666333683056
0.0495551289484780
0.0495428712180565
0.0495298386158198
0.0495160089338787
0.0495013594349587
0.0494858669919336
0.0494695082534712
0.0494522598403763
0.0494340985780471
0.0494150017715932
0.0493949475314837
0.0493739151592427
0.0493518856050586
0.0493288420118957
0.0493047703649162
0.0492796602700835
0.0492535058938765
0.0492263071070553
0.0491980708925732
0.0491688131049499
0.0491385607132099
0.0491073547400914
0.0490752542647978
0.0490423421912911
0.0490087343341169
0.0489745961657131
0.0489817965025989
0.0490161545073501
0.0490499810812794
0.0490831102588200
0.0491154257336133
0.0491468441211127
0.0491773058799690
0.0492067695493294
0.0492352077504486
0.0492626042508687
0.0492889517237734
0.0493142499901456
0.0493385046115124
0.0493617257461143
0.0493839272085826
0.0494051256900741
0.0494253401073223
0.0494445910564904
0.0494629003534338
0.0494802906455741
0.0494967850838036
0.0495124070448703
0.0495271798963642
0.0495411267979378
0.0495542705332847
0.0495666333683057
0.0495782369316711
0.0495891021143558
0.0495992489859693
0.0496086967239064
0.0496174635554048
0.0496255667091389
0.0496330223754316
0.0496398456736736
0.0496460506258590
0.0496516501351864
0.0496566559689298
0.0496610787448368
0.0496649279204519
0.0496682117848135
0.0496709374520722
0.0496731108566893
0.0496747367498912
0.0496758186970694
0.0496763590760705
0.0496763590760705
0.0496758186970694
0.0496747367498912
0.0496731108566893
0.0496709374520722
0.0496682117848135
0.0496649279204519
0.0496610787448368
0.0496566559689298
0.0496516501351864
0.0496460506258591
0.0496398456736736
0.0496330223754316
0.0496255667091389
0.0496174635554048
0.0496086967239063
0.0495992489859693
0.0495891021143558
0.0495782369316711
0.0495666333683057
0.0495542705332847
0.0495411267979378
0.0495271798963642
0.0495124070448703
0.0494967850838036
0.0494802906455741
0.0494629003534338
0.0494445910564904
0.0494253401073223
0.0494051256900741
0.0493839272085826
0.0493617257461143
0.0493385046115124
0.0493142499901456
0.0492889517237734
0.0492626042508686
0.0492352077504486
0.0492067695493294
0.0491773058799690
0.0491468441211126
0.0491154257336133
0.0490831102588201
0.0490499810812794
0.0490161545073501
0.0489817965025989
0.0489885529479619
0.0490231151586931
0.0490571449145496
0.0490904758062657
0.0491229910838710
0.0491546069281851
0.0491852633786131
0.0492149185754797
0.0492435447656053
0.0492711253695020
0.0492976527429986
0.0493231264208070
0.0493475517100636
0.0493709385466354
0.0493933005543737
0.0494146542643824
0.0494350184627776
0.0494544136429850
0.0494728615441250
0.0494903847609165
0.0495070064134507
0.0495227498673779
0.0495376384967146
0.0495516954828844
0.0495649436445423
0.0495774052937298
0.0495891021143558
0.0496000550604368
0.0496102842695716
0.0496198089916172
0.0496286475286919
0.0496368171855143
0.0496443342283650
0.0496512138514031
0.0496574701491502
0.0496631160942060
0.0496681635192937
0.0496726231029693
0.0496765043582878
0.0496798156239938
0.0496825640576475
0.0496847556304759
0.0496863951234597
0.0496874861245471
0.0496880310267039
0.0496880310267039
0.0496874861245471
0.0496863951234597
0.0496847556304759
0.0496825640576476
0.0496798156239938
0.0496765043582878
0.0496726231029693
0.0496681635192937
0.0496631160942060
0.0496574701491502
0.0496512138514031
0.0496443342283650
0.0496368171855143
0.0496286475286919
0.0496198089916172
0.0496102842695716
0.0496000550604368
0.0495891021143558
0.0495774052937298
0.0495649436445422
0.0495516954828844
0.0495376384967146
0.0495227498673779
0.0495070064134507
0.0494903847609165
0.0494728615441250
0.0494544136429850
0.0494350184627776
0.0494146542643824
0.0493933005543737
0.0493709385466351
0.0493475517100636
0.0493231264208070
0.0492976527429986
0.0492711253695020
0.0492435447656053
0.0492149185754797
0.0491852633786131
0.0491546069281851
0.0491229910838710
0.0490904758062657
0.0490571449145496
0.0490231151586931
0.0489885529479619
0.0489948755451464
0.0490296270302678
0.0490638451244173
0.0490973630192728
0.0491300635649229
0.0491618625493769
0.0491926996320879
0.0492225325907953
0.0492513333306664
0.0492790849542774
0.0493057795252756
0.0493314163134152
0.0493560003888621
0.0493795414787774
0.0494020530263721
0.0494235514095150
0.0494440552875107
0.0494635850520907
0.0494821623642906
0.0494998097626674
0.0495165503312458
0.0495324074178174
0.0495474043948383
0.0495615644565259
0.0495749104468328
0.0495874647136260
0.0495992489859693
0.0496102842695716
0.0496205907597966
0.0496301877682865
0.0496390936617294
0.0496473258109101
0.0496549005485157
0.0496618331343816
0.0496681377270322
0.0496738273605186
0.0496789139257141
0.0496834081553206
0.0496873196119545
0.0496906566788018
0.0496934265523243
0.0496956352367054
0.0496972875396527
0.0496983870693733
0.0496989362324304
0.0496989362324304
0.0496983870693733
0.0496972875396527
0.0496956352367054
0.0496934265523243
0.0496906566788018
0.0496873196119545
0.0496834081553206
0.0496789139257141
0.0496738273605187
0.0496681377270322
0.0496618331343816
0.0496549005485157
0.0496473258109101
0.0496390936617294
0.0496301877682865
0.0496205907597966
0.0496102842695716
0.0495992489859693
0.0495874647136260
0.0495749104468328
0.0495615644565259
0.0495474043948383
0.0495324074178174
0.0495165503312458
0.0494998097626674
0.0494821623642906
0.0494635850520907
0.0494440552875107
0.0494235514095150
0.0494020530263721
0.0493795414787774
0.0493560003888621
0.0493314163134152
0.0493057795252756
0.0492790849542774
0.0492513333306663
0.0492225325907953
0.0491926996320879
0.0491618625493769
0.0491300635649229
0.0490973630192728
0.0490638451244173
0.0490296270302678
0.0489948755451464
0.0490007739371606
0.0490357004135837
0.0490700926442829
0.0491037834623015
0.0491366553574849
0.0491686237631937
0.0491996279949976
0.0492296255015181
0.0492585878767869
0.0492864979327392
0.0493133474648059
0.0493391354982987
0.0493638668835211
0.0493875511527225
0.0494102015790656
0.0494318343947915
0.0494524681372187
0.0494721230987008
0.0494908208622497
0.0495085839083046
0.0495254352811659
0.0495413983056263
0.0495564963462276
0.0495707526026594
0.0495841899360427
0.0495968307215221
0.0496086967239062
0.0496198089916172
0.0496301877682865
0.0496398524180050
0.0496488213628275
0.0496571120306520
0.0496647408119509
0.0496717230240108
0.0496780728815978
0.0496838034729696
0.0496889267404459
0.0496934534647682
0.0496973932526289
0.0497007545268104
0.0497035445184795
0.0497057692612757
0.0497074335868155
0.0497085411214333
0.0497090942838817
0.0497090942838817
0.0497085411214333
0.0497074335868155
0.0497057692612757
0.0497035445184794
0.0497007545268104
0.0496973932526289
0.0496934534647682
0.0496889267404459
0.0496838034729696
0.0496780728815978
0.0496717230240109
0.0496647408119512
0.0496571120306520
0.0496488213628274
0.0496398524180050
0.0496301877682865
0.0496198089916172
0.0496086967239062
0.0495968307215221
0.0495841899360427
0.0495707526026594
0.0495564963462276
0.0495413983056263
0.0495254352811659
0.0495085839083046
0.0494908208622497
0.0494721230987008
0.0494524681372187
0.0494318343947915
0.0494102015790656
0.0493875511527225
0.0493638668835211
0.0493391354982987
0.0493133474648059
0.0492864979327392
0.0492585878767869
0.0492296255015181
0.0491996279949976
0.0491686237631937
0.0491366553574846
0.0491037834623015
0.0490700926442829
0.0490357004135837
0.0490007739371606
0.0490062573299814
0.0490413451148983
0.0490758978749153
0.0491097481211390
0.0491427780193563
0.0491749026832327
0.0492060611176348
0.0492362104730134
0.0492653220607014
0.0492933784276731
0.0493203711238763
0.0493462989499000
0.0493711665529030
0.0493949832839914
0.0494177622571619
0.0494395195672219
0.0494602736351673
0.0494800446573128
0.0494988541398649
0.0495167245045145
0.0495336787535286
0.0495497401850121
0.0495649321506683
0.0495792778497584
0.0495928001537832
0.0496055214581736
0.0496174635554048
0.0496286475286919
0.0496390936617295
0.0496488213628274
0.0496578491012490
0.0496661943540191
0.0496738735616436
0.0496809020914570
0.0496872942074340
0.0496930630454494
0.0496982205931557
0.0497027776737499
0.0497067439329622
0.0497101278287124
0.0497129366230185
0.0497151763757402
0.0497168519397982
0.0497179669576935
0.0497185238590509
0.0497185238590509
0.0497179669576932
0.0497168519397982
0.0497151763757402
0.0497129366230185
0.0497101278287124
0.0497067439329621
0.0497027776737499
0.0496982205931557
0.0496930630454494
0.0496872942074340
0.0496809020914570
0.0496738735616435
0.0496661943540191
0.0496578491012490
0.0496488213628274
0.0496390936617295
0.0496286475286919
0.0496174635554048
0.0496055214581736
0.0495928001537831
0.0495792778497584
0.0495649321506684
0.0495497401850121
0.0495336787535286
0.0495167245045145
0.0494988541398649
0.0494800446573128
0.0494602736351673
0.0494395195672219
0.0494177622571619
0.0493949832839914
0.0493711665529030
0.0493462989499000
0.0493203711238763
0.0492933784276731
0.0492653220607014
0.0492362104730133
0.0492060611176348
0.0491749026832327
0.0491427780193563
0.0491097481211390
0.0490758978749152
0.0490413451148983
0.0490062573299814
0.0490113344611428
0.0490465704257295
0.0490812706567432
0.0491152673768105
0.0491484424607478
0.0491807107346346
0.0492120109232011
0.0492422999074819
0.0492715487426361
0.0492997397347992
0.0493268642100270
0.0493529207631299
0.0493779138543958
0.0494018526673998
0.0494247501680603
0.0494466223223652
0.0494674874412925
0.0494873656292866
0.0495062783179675
0.0495242478707235
0.0495412972466891
0.0495574497147912
0.0495727286102668
0.0495871571273156
0.0496007581425001
0.0496135540651367
0.0496255667091389
0.0496368171855144
0.0496473258109101
0.0496571120306521
0.0496661943540191
0.0496745903000542
0.0496823163523991
0.0496893879217769
0.0496958193150161
0.0497016237096397
0.0497068131330889
0.0497113984459224
0.0497153893282975
0.0497187942691949
0.0497216205579487
0.0497238742776518
0.0497255603001338
0.0497266822822530
0.0497272426632915
0.0497272426632915
0.0497266822822530
0.0497255603001338
0.0497238742776519
0.0497216205579488
0.0497187942691949
0.0497153893282975
0.0497113984459224
0.0497068131330889
0.0497016237096397
0.0496958193150161
0.0496893879217769
0.0496823163523991
0.0496745903000542
0.0496661943540191
0.0496571120306522
0.0496473258109101
0.0496368171855144
0.0496255667091389
0.0496135540651368
0.0496007581425001
0.0495871571273156
0.0495727286102668
0.0495574497147912
0.0495412972466891
0.0495242478707235
0.0495062783179675
0.0494873656292865
0.0494674874412925
0.0494466223223652
0.0494247501680603
0.0494018526673998
0.0493779138543958
0.0493529207631299
0.0493268642100270
0.0492997397347992
0.0492715487426361
0.0492422999074820
0.0492120109232011
0.0491807107346345
0.0491484424607477
0.0491152673768105
0.0490812706567432
0.0490465704257295
0.0490113344611431
0.0490160135729645
0.0490513850978249
0.0490862202465093
0.0491203509837522
0.0491536589237958
0.0491860586346683
0.0492174885892918
0.0492479054259724
0.0492772799685192
0.0493055943049662
0.0493328395579665
0.0493590141347063
0.0493841223244167
0.0494081731565777
0.0494311794601791
0.0494531570812933
0.0494741242276994
0.0494941009168164
0.0495131085087080
0.0495311693098474
0.0495483062361245
0.0495645425258990
0.0495799014953974
0.0495944063301445
0.0496080799077827
0.0496209446462128
0.0496330223754316
0.0496443342283650
0.0496549005485156
0.0496647408119509
0.0496738735616435
0.0496823163523991
0.0496900857048383
0.0496971970671134
0.0497036647832246
0.0497095020669441
0.0497147209804780
0.0497193324171091
0.0497233460872298
0.0497267705071548
0.0497296129902966
0.0497318796402468
0.0497335753455437
0.0497347037757460
0.0497352673786790
0.0497352673786791
0.0497347037757460
0.0497335753455437
0.0497318796402468
0.0497296129902966
0.0497267705071548
0.0497233460872298
0.0497193324171091
0.0497147209804780
0.0497095020669441
0.0497036647832246
0.0496971970671134
0.0496900857048383
0.0496823163523991
0.0496738735616435
0.0496647408119509
0.0496549005485156
0.0496443342283650
0.0496330223754316
0.0496209446462128
0.0496080799077827
0.0495944063301445
0.0495799014953974
0.0495645425258990
0.0495483062361245
0.0495311693098474
0.0495131085087080
0.0494941009168164
0.0494741242276994
0.0494531570812933
0.0494311794601791
0.0494081731565777
0.0493841223244167
0.0493590141347063
0.0493328395579665
0.0493055943049662
0.0492772799685192
0.0492479054259724
0.0492174885892918
0.0491860586346683
0.0491536589237958
0.0491203509837522
0.0490862202465093
0.0490513850978249
0.0490160135729645
0.0490203023897171
0.0490557973219664
0.0490907552976300
0.0491250080516311
0.0491584369656003
0.0491909563768780
0.0492225045328359
0.0492530378539341
0.0492825269559208
0.0493109537301588
0.0493383091153881
0.0493645913486033
0.0493898045632770
0.0494139576480277
0.0494370633060314
0.0494591372725766
0.0494801976594496
0.0495002644024232
0.0495193587937105
0.0495375030850225
0.0495547201497910
0.0495710331953102
0.0495864655172281
0.0496010402899794
0.0496147803886593
0.0496277082360707
0.0496398456736736
0.0496512138514030
0.0496618331343816
0.0496717230240108
0.0496809020914570
0.0496893879217769
0.0496971970671134
0.0497043450077499
0.0497108461197554
0.0497167136483083
0.0497219596858264
0.0497265951541371
0.0497306297900569
0.0497340721338327
0.0497369295199791
0.0497392080701247
0.0497409126874741
0.0497420470527690
0.0497426136213544
0.0497426136213544
0.0497420470527690
0.0497409126874741
0.0497392080701247
0.0497369295199792
0.0497340721338327
0.0497306297900569
0.0497265951541371
0.0497219596858264
0.0497167136483083
0.0497108461197554
0.0497043450077499
0.0496971970671134
0.0496893879217769
0.0496809020914570
0.0496717230240108
0.0496618331343816
0.0496512138514030
0.0496398456736736
0.0496277082360705
0.0496147803886593
0.0496010402899794
0.0495864655172279
0.0495710331953102
0.0495547201497910
0.0495375030850225
0.0495193587937105
0.0495002644024232
0.0494801976594496
0.0494591372725765
0.0494370633060314
0.0494139576480277
0.0493898045632769
0.0493645913486033
0.0493383091153881
0.0493109537301588
0.0492825269559208
0.0492530378539341
0.0492225045328359
0.0491909563768780
0.0491584369656002
0.0491250080516311
0.0490907552976300
0.0490557973219664
0.0490203023897171
0.0490242080982715
0.0490598147101210
0.0490948838437502
0.0491292470301780
0.0491627854443152
0.0491954132181494
0.0492270683979780
0.0492577072097249
0.0492873000829349
0.0493158287325951
0.0493432839320618
0.0493696637648646
0.0493949722235767
0.0494192180688874
0.0494424138892575
0.0494645753184334
0.0494857203796900
0.0495058689329827
0.0495250422069370
0.0495432624013204
0.0495605523485936
0.0495769352253076
0.0495924343057835
0.0496070727517261
0.0496208734332018
0.0496338587748259
0.0496460506258590
0.0496574701491502
0.0496681377270323
0.0496780728815978
0.0496872942074340
0.0496958193150161
0.0497036647832246
0.0497108461197554
0.0497173777281871
0.0497232728807633
0.0497285436960262
0.0497332011205478
0.0497372549141096
0.0497407136378112
0.0497435846445900
0.0497458740717935
0.0497475868354912
0.0497487266261792
0.0497492959058078
0.0497492959058078
0.0497487266261792
0.0497475868354912
0.0497458740717935
0.0497435846445900
0.0497407136378112
0.0497372549141095
0.0497332011205478
0.0497285436960262
0.0497232728807633
0.0497173777281871
0.0497108461197554
0.0497036647832246
0.0496958193150161
0.0496872942074340
0.0496780728815978
0.0496681377270323
0.0496574701491502
0.0496460506258590
0.0496338587748259
0.0496208734332018
0.0496070727517261
0.0495924343057835
0.0495769352253076
0.0495605523485936
0.0495432624013204
0.0495250422069370
0.0495058689329827
0.0494857203796900
0.0494645753184334
0.0494424138892575
0.0494192180688874
0.0493949722235767
0.0493696637648646
0.0493432839320618
0.0493158287325951
0.0492873000829349
0.0492577072097249
0.0492270683979780
0.0491954132181494
0.0491627854443152
0.0491292470301780
0.0490948838437502
0.0490598147101210
0.0490242080982715
0.0490277373316993
0.0490634442803738
0.0490986132850222
0.0491330756967226
0.0491667125077077
0.0491994376682537
0.0492311890464705
0.0492619226956028
0.0492916088796182
0.0493202291563606
0.0493477741515038
0.0493742418111789
0.0493996360014414
0.0494239653677498
0.0494472423948151
0.0494694826241814
0.0494907039983051
0.0495109263074923
0.0495301707214975
0.0495484593915013
0.0495658151111211
0.0495822610271526
0.0495978203925656
0.0496125163554325
0.0496263717790847
0.0496394090876254
0.0496516501351864
0.0496631160942061
0.0496738273605186
0.0496838034729696
0.0496930630454494
0.0497016237096397
0.0497095020669440
0.0497167136483083
0.0497232728807633
0.0497291930597228
0.0497344863261830
0.0497391636480322
0.0497432348049045
0.0497467083759293
0.0497495917300096
0.0497518910181611
0.0497536111676004
0.0497547558773414
0.0497553276150503
0.0497553276150503
0.0497547558773414
0.0497536111676004
0.0497518910181611
0.0497495917300096
0.0497467083759293
0.0497432348049045
0.0497391636480322
0.0497344863261830
0.0497291930597228
0.0497232728807633
0.0497167136483083
0.0497095020669440
0.0497016237096397
0.0496930630454494
0.0496838034729695
0.0496738273605186
0.0496631160942061
0.0496516501351864
0.0496394090876254
0.0496263717790847
0.0496125163554325
0.0495978203925656
0.0495822610271526
0.0495658151111211
0.0495484593915013
0.0495301707214975
0.0495109263074923
0.0494907039983051
0.0494694826241814
0.0494472423948151
0.0494239653677499
0.0493996360014412
0.0493742418111789
0.0493477741515038
0.0493202291563606
0.0492916088796182
0.0492619226956028
0.0492311890464705
0.0491994376682537
0.0491667125077076
0.0491330756967225
0.0490986132850221
0.0490634442803738
0.0490277373316993
0.0490308961554590
0.0490666924443771
0.0491019503767048
0.0491365011458935
0.0491702255839350
0.0492030374815102
0.0492348745500391
0.0492656926906918
0.0492954620213952
0.0493241639611298
0.0493517890048109
0.0493783349766400
0.0494038056301159
0.0494282095078812
0.0494515590017688
0.0494738695704541
0.0494951590834518
0.0495154472678491
0.0495347552396074
0.0495531051051476
0.0495705196218729
0.0495870219083957
0.0496026351968457
0.0496173826216753
0.0496312870381736
0.0496443708683250
0.0496566559689299
0.0496681635192937
0.0496789139257141
0.0496889267404459
0.0496982205931556
0.0497068131330889
0.0497147209804780
0.0497219596858264
0.0497285436960263
0.0497344863261829
0.0497397997364330
0.0497444949129178
0.0497485816522653
0.0497520685491110
0.0497549629860933
0.0497572711259882
0.0497589979056370
0.0497601470313858
0.0497607209758539
0.0497607209758539
0.0497601470313858
0.0497589979056369
0.0497572711259882
0.0497549629860933
0.0497520685491110
0.0497485816522653
0.0497444949129177
0.0497397997364330
0.0497344863261830
0.0497285436960263
0.0497219596858264
0.0497147209804780
0.0497068131330889
0.0496982205931557
0.0496889267404459
0.0496789139257141
0.0496681635192937
0.0496566559689299
0.0496443708683250
0.0496312870381736
0.0496173826216753
0.0496026351968457
0.0495870219083957
0.0495705196218728
0.0495531051051476
0.0495347552396074
0.0495154472678491
0.0494951590834518
0.0494738695704541
0.0494515590017688
0.0494282095078814
0.0494038056301159
0.0493783349766401
0.0493517890048109
0.0493241639611298
0.0492954620213952
0.0492656926906918
0.0492348745500391
0.0492030374815102
0.0491702255839350
0.0491365011458935
0.0491019503767048
0.0490666924443771
0.0490308961554590
0.0490336900557897
0.0490695649968482
0.0491049012197570
0.0491395297812249
0.0491733313740444
0.0492062196501217
0.0492381321844501
0.0492690247456492
0.0492988673241419
0.0493276412175256
0.0493553368061732
0.0493819518072866
0.0494074898753700
0.0494319594624030
0.0494553728780822
0.0494777455075606
0.0494990951553725
0.0495194414920453
0.0495388055851139
0.0495572095004408
0.0495746759622907
0.0495912280631537
0.0496068890155289
0.0496216819402584
0.0496356296844162
0.0496487546666738
0.0496610787448368
0.0496726231029693
0.0496834081553206
0.0496934534647682
0.0497027776737499
0.0497113984459224
0.0497193324171091
0.0497265951541371
0.0497332011205478
0.0497391636480322
0.0497444949129178
0.0497492059167918
0.0497533064707309
0.0497568051825535
0.0497597094466087
0.0497620254357121
0.0497637580949177
0.0497649111368379
0.0497654870383263
0.0497654870383263
0.0497649111368379
0.0497637580949177
0.0497620254357121
0.0497597094466087
0.0497568051825535
0.0497533064707309
0.0497492059167918
0.0497444949129178
0.0497391636480322
0.0497332011205478
0.0497265951541371
0.0497193324171091
0.0497113984459224
0.0497027776737499
0.0496934534647682
0.0496834081553206
0.0496726231029693
0.0496610787448368
0.0496487546666738
0.0496356296844162
0.0496216819402584
0.0496068890155289
0.0495912280631537
0.0495746759622907
0.0495572095004407
0.0495388055851140
0.0495194414920453
0.0494990951553725
0.0494777455075606
0.0494553728780822
0.0494319594624030
0.0494074898753700
0.0493819518072866
0.0493553368061732
0.0493276412175256
0.0492988673241419
0.0492690247456492
0.0492381321844502
0.0492062196501217
0.0491733313740444
0.0491395297812249
0.0491049012197570
0.0490695649968482
0.0490336900557897
0.0490361239300686
0.0490720671068881
0.0491074712531205
0.0491421673083468
0.0491760358460190
0.0492089903989519
0.0492409684249355
0.0492719255785864
0.0493018317405687
0.0493306681037897
0.0493584249497188
0.0493850999030080
0.0494106965323486
0.0494352232109666
0.0494586921770472
0.0494811187515245
0.0495025206820098
0.0495229175892586
0.0495423304980342
0.0495607814381056
0.0495782931040666
0.0495948885647321
0.0496105910145489
0.0496254235615040
0.0496394090444822
0.0496525698782473
0.0496649279204519
0.0496765043582878
0.0496873196119545
0.0496973932526289
0.0497067439329621
0.0497153893282975
0.0497233460872298
0.0497306297900569
0.0497372549141096
0.0497432348049044
0.0497485816522652
0.0497533064707310
0.0497574190834963
0.0497609281094651
0.0497638409528374
0.0497661637948851
0.0497679015875960
0.0497690580488684
0.0497696356591357
0.0497696356591357
0.0497690580488684
0.0497679015875960
0.0497661637948851
0.0497638409528374
0.0497609281094651
0.0497574190834961
0.0497533064707309
0.0497485816522653
0.0497432348049044
0.0497372549141096
0.0497306297900569
0.0497233460872298
0.0497153893282975
0.0497067439329621
0.0496973932526289
0.0496873196119545
0.0496765043582878
0.0496649279204519
0.0496525698782473
0.0496394090444822
0.0496254235615040
0.0496105910145489
0.0495948885647321
0.0495782931040664
0.0495607814381056
0.0495423304980341
0.0495229175892586
0.0495025206820098
0.0494811187515243
0.0494586921770472
0.0494352232109666
0.0494106965323486
0.0493850999030079
0.0493584249497188
0.0493306681037897
0.0493018317405687
0.0492719255785863
0.0492409684249355
0.0492089903989519
0.0491760358460190
0.0491421673083468
0.0491074712531205
0.0490720671068881
0.0490361239300687
0.0490382020787705
0.0490742033108751
0.0491096652474416
0.0491444187295107
0.0491783442300409
0.0492113551814564
0.0492433889427020
0.0492744010721261
0.0493043613576193
0.0493332509034923
0.0493610599074225
0.0493877859155096
0.0494134324235125
0.0494380077375937
0.0494615240349028
0.0494839965814481
0.0495054430760012
0.0495258830964896
0.0495453376306960
0.0495638286770676
0.0495813789042438
0.0495980113601866
0.0496137492232332
0.0496286155896380
0.0496426332905797
0.0496558247367175
0.0496682117848135
0.0496798156239938
0.0496906566788018
0.0497007545268104
0.0497101278287124
0.0497187942691949
0.0497267705071548
0.0497340721338327
0.0497407136378112
0.0497467083759293
0.0497520685491110
0.0497568051825535
0.0497609281094651
0.0497644459579082
0.0497673661402344
0.0497696948447279
0.0497714370291237
0.0497725964157174
0.0497731754878930
0.0497731754878930
0.0497725964157174
0.0497714370291237
0.0497696948447279
0.0497673661402344
0.0497644459579082
0.0497609281094651
0.0497568051825535
0.0497520685491110
0.0497467083759293
0.0497407136378112
0.0497340721338327
0.0497267705071548
0.0497187942691949
0.0497101278287124
0.0497007545268104
0.0496906566788018
0.0496798156239938
0.0496682117848135
0.0496558247367175
0.0496426332905797
0.0496286155896380
0.0496137492232332
0.0495980113601866
0.0495813789042438
0.0495638286770676
0.0495453376306960
0.0495258830964896
0.0495054430760014
0.0494839965814481
0.0494615240349028
0.0494380077375937
0.0494134324235125
0.0493877859155096
0.0493610599074223
0.0493332509034923
0.0493043613576193
0.0492744010721261
0.0492433889427020
0.0492113551814564
0.0491783442300409
0.0491444187295108
0.0491096652474416
0.0490742033108751
0.0490382020787705
0.0490399281989306
0.0490759775066401
0.0491114873000000
0.0491462883392187
0.0491802610147573
0.0492133186765734
0.0492453986023444
0.0492764562712167
0.0493064613946767
0.0493353950040092
0.0493632472277375
0.0493900155470670
0.0494157033974108
0.0494403190293579
0.0494638745693952
0.0494863852378407
0.0495078686927502
0.0495283444762414
0.0495478335450869
0.0495663578713466
0.0495839401017035
0.0496006032663424
0.0496163705297275
0.0496312649778835
0.0496453094350444
0.0496585263079384
0.0496709374520723
0.0496825640576476
0.0496934265523243
0.0497035445184796
0.0497129366230185
0.0497216205579487
0.0497296129902966
0.0497369295199791
0.0497435846445900
0.0497495917300097
0.0497549629860933
0.0497597094466087
0.0497638409528374
0.0497673661402344
0.0497702924277455
0.0497726260093316
0.0497743718473683
0.0497755336677196
0.0497761139561692
0.0497761139561692
0.0497755336677196
0.0497743718473683
0.0497726260093316
0.0497702924277455
0.0497673661402344
0.0497638409528374
0.0497597094466087
0.0497549629860933
0.0497495917300097
0.0497435846445900
0.0497369295199791
0.0497296129902966
0.0497216205579487
0.0497129366230185
0.0497035445184796
0.0496934265523243
0.0496825640576474
0.0496709374520722
0.0496585263079385
0.0496453094350444
0.0496312649778835
0.0496163705297275
0.0496006032663424
0.0495839401017035
0.0495663578713466
0.0495478335450869
0.0495283444762414
0.0495078686927502
0.0494863852378407
0.0494638745693952
0.0494403190293579
0.0494157033974108
0.0493900155470670
0.0493632472277376
0.0493353950040092
0.0493064613946767
0.0492764562712167
0.0492453986023444
0.0492133186765735
0.0491802610147573
0.0491462883392187
0.0491114873000000
0.0490759775066401
0.0490399281989306
0.0490413053788322
0.0490773929488111
0.0491129408306747
0.0491477797207949
0.0491817899444366
0.0492148847863632
0.0492470014599402
0.0492780953816265
0.0493081362023637
0.0493371048955467
0.0493649915348188
0.0493917935498333
0.0494175143280091
0.0494421620756886
0.0494657488789570
0.0494882899216482
0.0495098028292244
0.0495303071150988
0.0495498237111065
0.0495683745680189
0.0495859823147473
0.0496026699669892
0.0496184606778412
0.0496333775248244
0.0496474433263092
0.0496606804855475
0.0496731108566893
0.0496847556304759
0.0496956352367054
0.0497057692612757
0.0497151763757403
0.0497238742776518
0.0497318796402468
0.0497392080701247
0.0497458740717937
0.0497518910181612
0.0497572711259882
0.0497620254357122
0.0497661637948851
0.0497696948447279
0.0497726260093316
0.0497749634870717
0.0497767122439696
0.0497778760086602
0.0497784572688009
0.0497784572688009
0.0497778760086602
0.0497767122439697
0.0497749634870717
0.0497726260093318
0.0497696948447281
0.0497661637948851
0.0497620254357121
0.0497572711259882
0.0497518910181611
0.0497458740717936
0.0497392080701247
0.0497318796402467
0.0497238742776518
0.0497151763757404
0.0497057692612758
0.0496956352367056
0.0496847556304759
0.0496731108566893
0.0496606804855475
0.0496474433263092
0.0496333775248244
0.0496184606778412
0.0496026699669892
0.0495859823147473
0.0495683745680189
0.0495498237111065
0.0495303071150988
0.0495098028292243
0.0494882899216482
0.0494657488789570
0.0494421620756886
0.0494175143280091
0.0493917935498333
0.0493649915348188
0.0493371048955467
0.0493081362023637
0.0492780953816265
0.0492470014599400
0.0492148847863632
0.0491817899444366
0.0491477797207949
0.0491129408306747
0.0490773929488111
0.0490413053788323
0.0490423360938223
0.0490784522451805
0.0491140285788311
0.0491488957437596
0.0491829340167975
0.0492160566342525
0.0492482007616794
0.0492793217688895
0.0493093892617739
0.0493383841706055
0.0493662965281254
0.0493931237255330
0.0494188691144250
0.0494435408680777
0.0494671510423587
0.0494897147937619
0.0495112497233216
0.0495317753228719
0.0495513125054734
0.0495698832058475
0.0495875100394335
0.0496042160109300
0.0496200242647459
0.0496349578718489
0.0496490396460239
0.0496622919877223
0.0496747367498912
0.0496863951234597
0.0496972875396527
0.0497074335868155
0.0497168519397982
0.0497255603001338
0.0497335753455437
0.0497409126874741
0.0497475868354912
0.0497536111676004
0.0497589979056369
0.0497637580949177
0.0497679015875959
0.0497714370291238
0.0497743718473683
0.0497767122439696
0.0497784631876106
0.0497796284089723
0.0497802103971039
0.0497802103971039
0.0497796284089723
0.0497784631876106
0.0497767122439697
0.0497743718473683
0.0497714370291238
0.0497679015875960
0.0497637580949177
0.0497589979056369
0.0497536111676003
0.0497475868354912
0.0497409126874741
0.0497335753455437
0.0497255603001338
0.0497168519397982
0.0497074335868155
0.0496972875396527
0.0496863951234597
0.0496747367498912
0.0496622919877223
0.0496490396460239
0.0496349578718489
0.0496200242647459
0.0496042160109300
0.0495875100394335
0.0495698832058475
0.0495513125054734
0.0495317753228718
0.0495112497233216
0.0494897147937619
0.0494671510423587
0.0494435408680777
0.0494188691144250
0.0493931237255330
0.0493662965281254
0.0493383841706055
0.0493093892617739
0.0492793217688895
0.0492482007616794
0.0492160566342525
0.0491829340167977
0.0491488957437596
0.0491140285788312
0.0490784522451805
0.0490423360938223
0.0490430222030932
0.0490791573538895
0.0491147526009381
0.0491496385618538
0.0491836954814024
0.0492168365637945
0.0492489989429089
0.0492801379576381
0.0493102231840073
0.0493392355236745
0.0493671649822481
0.0493940089253839
0.0494197706808807
0.0494444584000288
0.0494680841185857
0.0494906629748447
0.0495122125535450
0.0495327523321201
0.0495523032110944
0.0495708871144241
0.0495885266485193
0.0496052448106793
0.0496210647394446
0.0496360095013242
0.0496501019069717
0.0496633643548689
0.0496758186970694
0.0496874861245471
0.0496983870693732
0.0497085411214333
0.0497179669576934
0.0497266822822530
0.0497347037757460
0.0497420470527690
0.0497487266261792
0.0497547558773414
0.0497601470313858
0.0497649111368379
0.0497690580488684
0.0497725964157174
0.0497755336677197
0.0497778760086602
0.0497796284089722
0.0497807946006895
0.0497813770737737
0.0497813770737737
0.0497807946006895
0.0497796284089723
0.0497778760086602
0.0497755336677197
0.0497725964157174
0.0497690580488684
0.0497649111368379
0.0497601470313858
0.0497547558773414
0.0497487266261792
0.0497420470527690
0.0497347037757460
0.0497266822822530
0.0497179669576934
0.0497085411214333
0.0496983870693732
0.0496874861245471
0.0496758186970694
0.0496633643548689
0.0496501019069717
0.0496360095013242
0.0496210647394446
0.0496052448106793
0.0495885266485193
0.0495708871144240
0.0495523032110944
0.0495327523321201
0.0495122125535450
0.0494906629748447
0.0494680841185857
0.0494444584000288
0.0494197706808807
0.0493940089253839
0.0493671649822481
0.0493392355236745
0.0493102231840073
0.0492801379576381
0.0492489989429089
0.0492168365637945
0.0491836954814024
0.0491496385618538
0.0491147526009381
0.0490791573538895
0.0490430222030932
0.0490433649473671
0.0490795095814577
0.0491151142688890
0.0491500096116505
0.0491840758385446
0.0492172261377969
0.0492493976275073
0.0492805456311615
0.0493106397098987
0.0493396607511189
0.0493675987468900
0.0493944510501345
0.0494202209767739
0.0494449166671239
0.0494685501468990
0.0494911365452941
0.0495126934389046
0.0495332402979622
0.0495527980167037
0.0495713885136982
0.0495890343908210
0.0496057586416512
0.0496215844017680
0.0496365347354351
0.0496506324517060
0.0496638999480605
0.0496763590760705
0.0496880310267039
0.0496989362324304
0.0497090942838817
0.0497185238590510
0.0497272426632915
0.0497352673786790
0.0497426136213544
0.0497492959058078
0.0497553276150503
0.0497607209758538
0.0497654870383263
0.0497696356591357
0.0497731754878930
0.0497761139561691
0.0497784572688009
0.0497802103971039
0.0497813770737738
0.0497819597892189
0.0497819597892189
0.0497813770737738
0.0497802103971039
0.0497784572688009
0.0497761139561691
0.0497731754878930
0.0497696356591357
0.0497654870383263
0.0497607209758539
0.0497553276150503
0.0497492959058078
0.0497426136213544
0.0497352673786790
0.0497272426632915
0.0497185238590510
0.0497090942838817
0.0496989362324304
0.0496880310267038
0.0496763590760706
0.0496638999480605
0.0496506324517060
0.0496365347354351
0.0496215844017679
0.0496057586416512
0.0495890343908210
0.0495713885136982
0.0495527980167037
0.0495332402979622
0.0495126934389046
0.0494911365452941
0.0494685501468990
0.0494449166671239
0.0494202209767739
0.0493944510501345
0.0493675987468900
0.0493396607511189
0.0493106397098987
0.0492805456311615
0.0492493976275072
0.0492172261377969
0.0491840758385446
0.0491500096116505
0.0491151142688890
0.0490795095814577
0.0490433649473671
0.0490433649473671
0.0490795095814577
0.0491151142688890
0.0491500096116505
0.0491840758385447
0.0492172261377969
0.0492493976275073
0.0492805456311615
0.0493106397098987
0.0493396607511189
0.0493675987468900
0.0493944510501345
0.0494202209767739
0.0494449166671239
0.0494685501468992
0.0494911365452941
0.0495126934389046
0.0495332402979622
0.0495527980167037
0.0495713885136982
0.0495890343908210
0.0496057586416512
0.0496215844017679
0.0496365347354350
0.0496506324517060
0.0496638999480605
0.0496763590760705
0.0496880310267039
0.0496989362324304
0.0497090942838817
0.0497185238590510
0.0497272426632915
0.0497352673786791
0.0497426136213544
0.0497492959058077
0.0497553276150503
0.0497607209758539
0.0497654870383263
0.0497696356591357
0.0497731754878930
0.0497761139561691
0.0497784572688009
0.0497802103971039
0.0497813770737738
0.0497819597892190
0.0497819597892189
0.0497813770737738
0.0497802103971039
0.0497784572688009
0.0497761139561691
0.0497731754878930
0.0497696356591358
0.0497654870383263
0.0497607209758538
0.0497553276150503
0.0497492959058077
0.0497426136213544
0.0497352673786791
0.0497272426632915
0.0497185238590509
0.0497090942838817
0.0496989362324304
0.0496880310267039
0.0496763590760705
0.0496638999480605
0.0496506324517060
0.0496365347354351
0.0496215844017679
0.0496057586416512
0.0495890343908210
0.0495713885136982
0.0495527980167037
0.0495332402979622
0.0495126934389046
0.0494911365452941
0.0494685501468990
0.0494449166671239
0.0494202209767739
0.0493944510501345
0.0493675987468900
0.0493396607511189
0.0493106397098987
0.0492805456311615
0.0492493976275073
0.0492172261377969
0.0491840758385447
0.0491500096116505
0.0491151142688890
0.0490795095814577
0.0490433649473671
0.0490430222030932
0.0490791573538895
0.0491147526009381
0.0491496385618538
0.0491836954814024
0.0492168365637945
0.0492489989429089
0.0492801379576384
0.0493102231840073
0.0493392355236746
0.0493671649822481
0.0493940089253839
0.0494197706808807
0.0494444584000288
0.0494680841185858
0.0494906629748448
0.0495122125535450
0.0495327523321201
0.0495523032110944
0.0495708871144240
0.0495885266485195
0.0496052448106793
0.0496210647394444
0.0496360095013242
0.0496501019069718
0.0496633643548689
0.0496758186970694
0.0496874861245471
0.0496983870693732
0.0497085411214333
0.0497179669576932
0.0497266822822530
0.0497347037757460
0.0497420470527690
0.0497487266261792
0.0497547558773414
0.0497601470313858
0.0497649111368379
0.0497690580488684
0.0497725964157174
0.0497755336677197
0.0497778760086602
0.0497796284089723
0.0497807946006895
0.0497813770737738
0.0497813770737738
0.0497807946006895
0.0497796284089723
0.0497778760086602
0.0497755336677197
0.0497725964157174
0.0497690580488684
0.0497649111368379
0.0497601470313858
0.0497547558773414
0.0497487266261792
0.0497420470527690
0.0497347037757460
0.0497266822822530
0.0497179669576935
0.0497085411214333
0.0496983870693732
0.0496874861245471
0.0496758186970694
0.0496633643548689
0.0496501019069718
0.0496360095013242
0.0496210647394444
0.0496052448106793
0.0495885266485193
0.0495708871144240
0.0495523032110944
0.0495327523321201
0.0495122125535451
0.0494906629748448
0.0494680841185858
0.0494444584000288
0.0494197706808807
0.0493940089253839
0.0493671649822481
0.0493392355236745
0.0493102231840073
0.0492801379576384
0.0492489989429089
0.0492168365637945
0.0491836954814024
0.0491496385618538
0.0491147526009381
0.0490791573538895
0.0490430222030932
0.0490423360938223
0.0490784522451805
0.0491140285788312
0.0491488957437596
0.0491829340167975
0.0492160566342525
0.0492482007616794
0.0492793217688895
0.0493093892617739
0.0493383841706055
0.0493662965281254
0.0493931237255329
0.0494188691144250
0.0494435408680777
0.0494671510423587
0.0494897147937619
0.0495112497233216
0.0495317753228718
0.0495513125054734
0.0495698832058475
0.0495875100394335
0.0496042160109300
0.0496200242647458
0.0496349578718489
0.0496490396460238
0.0496622919877223
0.0496747367498912
0.0496863951234597
0.0496972875396527
0.0497074335868155
0.0497168519397982
0.0497255603001337
0.0497335753455437
0.0497409126874741
0.0497475868354912
0.0497536111676004
0.0497589979056370
0.0497637580949177
0.0497679015875960
0.0497714370291238
0.0497743718473683
0.0497767122439697
0.0497784631876106
0.0497796284089723
0.0497802103971039
0.0497802103971039
0.0497796284089723
0.0497784631876106
0.0497767122439696
0.0497743718473683
0.0497714370291238
0.0497679015875960
0.0497637580949177
0.0497589979056370
0.0497536111676004
0.0497475868354912
0.0497409126874740
0.0497335753455437
0.0497255603001337
0.0497168519397982
0.0497074335868155
0.0496972875396528
0.0496863951234597
0.0496747367498912
0.0496622919877223
0.0496490396460238
0.0496349578718489
0.0496200242647458
0.0496042160109300
0.0495875100394335
0.0495698832058475
0.0495513125054734
0.0495317753228719
0.0495112497233216
0.0494897147937619
0.0494671510423587
0.0494435408680777
0.0494188691144250
0.0493931237255329
0.0493662965281254
0.0493383841706055
0.0493093892617739
0.0492793217688895
0.0492482007616794
0.0492160566342525
0.0491829340167975
0.0491488957437596
0.0491140285788312
0.0490784522451805
0.0490423360938223
0.0490413053788323
0.0490773929488111
0.0491129408306747
0.0491477797207949
0.0491817899444366
0.0492148847863632
0.0492470014599402
0.0492780953816265
0.0493081362023637
0.0493371048955467
0.0493649915348188
0.0493917935498333
0.0494175143280091
0.0494421620756886
0.0494657488789570
0.0494882899216482
0.0495098028292243
0.0495303071150988
0.0495498237111064
0.0495683745680189
0.0495859823147473
0.0496026699669892
0.0496184606778412
0.0496333775248244
0.0496474433263092
0.0496606804855475
0.0496731108566893
0.0496847556304761
0.0496956352367055
0.0497057692612758
0.0497151763757403
0.0497238742776518
0.0497318796402468
0.0497392080701247
0.0497458740717935
0.0497518910181611
0.0497572711259882
0.0497620254357121
0.0497661637948851
0.0497696948447279
0.0497726260093316
0.0497749634870717
0.0497767122439696
0.0497778760086602
0.0497784572688009
0.0497784572688009
0.0497778760086602
0.0497767122439696
0.0497749634870717
0.0497726260093316
0.0497696948447279
0.0497661637948851
0.0497620254357121
0.0497572711259882
0.0497518910181611
0.0497458740717935
0.0497392080701247
0.0497318796402468
0.0497238742776518
0.0497151763757403
0.0497057692612758
0.0496956352367055
0.0496847556304759
0.0496731108566893
0.0496606804855475
0.0496474433263092
0.0496333775248244
0.0496184606778412
0.0496026699669892
0.0495859823147473
0.0495683745680189
0.0495498237111064
0.0495303071150988
0.0495098028292243
0.0494882899216482
0.0494657488789570
0.0494421620756886
0.0494175143280091
0.0493917935498333
0.0493649915348188
0.0493371048955467
0.0493081362023637
0.0492780953816265
0.0492470014599402
0.0492148847863632
0.0491817899444366
0.0491477797207949
0.0491129408306747
0.0490773929488111
0.0490413053788323
0.0490399281989306
0.0490759775066401
0.0491114873000000
0.0491462883392187
0.0491802610147572
0.0492133186765734
0.0492453986023444
0.0492764562712166
0.0493064613946767
0.0493353950040092
0.0493632472277376
0.0493900155470670
0.0494157033974108
0.0494403190293580
0.0494638745693952
0.0494863852378407
0.0495078686927502
0.0495283444762413
0.0495478335450869
0.0495663578713467
0.0495839401017035
0.0496006032663424
0.0496163705297275
0.0496312649778835
0.0496453094350443
0.0496585263079384
0.0496709374520722
0.0496825640576474
0.0496934265523243
0.0497035445184794
0.0497129366230185
0.0497216205579487
0.0497296129902966
0.0497369295199791
0.0497435846445900
0.0497495917300097
0.0497549629860932
0.0497597094466087
0.0497638409528374
0.0497673661402344
0.0497702924277455
0.0497726260093316
0.0497743718473682
0.0497755336677197
0.0497761139561691
0.0497761139561691
0.0497755336677196
0.0497743718473683
0.0497726260093316
0.0497702924277455
0.0497673661402344
0.0497638409528374
0.0497597094466087
0.0497549629860932
0.0497495917300097
0.0497435846445900
0.0497369295199791
0.0497296129902966
0.0497216205579487
0.0497129366230185
0.0497035445184795
0.0496934265523243
0.0496825640576474
0.0496709374520723
0.0496585263079384
0.0496453094350443
0.0496312649778835
0.0496163705297275
0.0496006032663424
0.0495839401017035
0.0495663578713466
0.0495478335450869
0.0495283444762413
0.0495078686927502
0.0494863852378408
0.0494638745693952
0.0494403190293580
0.0494157033974108
0.0493900155470670
0.0493632472277376
0.0493353950040092
0.0493064613946767
0.0492764562712166
0.0492453986023444
0.0492133186765734
0.0491802610147572
0.0491462883392187
0.0491114873000000
0.0490759775066401
0.0490399281989306
0.0490382020787705
0.0490742033108751
0.0491096652474416
0.0491444187295107
0.0491783442300409
0.0492113551814564
0.0492433889427020
0.0492744010721261
0.0493043613576193
0.0493332509034924
0.0493610599074225
0.0493877859155096
0.0494134324235125
0.0494380077375937
0.0494615240349028
0.0494839965814481
0.0495054430760014
0.0495258830964897
0.0495453376306961
0.0495638286770676
0.0495813789042438
0.0495980113601866
0.0496137492232331
0.0496286155896380
0.0496426332905797
0.0496558247367174
0.0496682117848135
0.0496798156239938
0.0496906566788018
0.0497007545268104
0.0497101278287124
0.0497187942691949
0.0497267705071548
0.0497340721338327
0.0497407136378112
0.0497467083759293
0.0497520685491110
0.0497568051825534
0.0497609281094651
0.0497644459579082
0.0497673661402344
0.0497696948447279
0.0497714370291238
0.0497725964157174
0.0497731754878930
0.0497731754878930
0.0497725964157174
0.0497714370291238
0.0497696948447280
0.0497673661402344
0.0497644459579082
0.0497609281094651
0.0497568051825535
0.0497520685491110
0.0497467083759293
0.0497407136378112
0.0497340721338327
0.0497267705071547
0.0497187942691949
0.0497101278287124
0.0497007545268104
0.0496906566788018
0.0496798156239939
0.0496682117848135
0.0496558247367174
0.0496426332905797
0.0496286155896380
0.0496137492232331
0.0495980113601866
0.0495813789042438
0.0495638286770676
0.0495453376306960
0.0495258830964897
0.0495054430760012
0.0494839965814481
0.0494615240349028
0.0494380077375937
0.0494134324235125
0.0493877859155096
0.0493610599074225
0.0493332509034923
0.0493043613576193
0.0492744010721261
0.0492433889427020
0.0492113551814564
0.0491783442300409
0.0491444187295108
0.0491096652474416
0.0490742033108751
0.0490382020787705
0.0490361239300687
0.0490720671068881
0.0491074712531206
0.0491421673083468
0.0491760358460190
0.0492089903989519
0.0492409684249355
0.0492719255785864
0.0493018317405687
0.0493306681037897
0.0493584249497188
0.0493850999030080
0.0494106965323486
0.0494352232109666
0.0494586921770472
0.0494811187515245
0.0495025206820099
0.0495229175892586
0.0495423304980341
0.0495607814381056
0.0495782931040665
0.0495948885647322
0.0496105910145490
0.0496254235615040
0.0496394090444824
0.0496525698782472
0.0496649279204519
0.0496765043582878
0.0496873196119545
0.0496973932526289
0.0497067439329621
0.0497153893282975
0.0497233460872299
0.0497306297900568
0.0497372549141096
0.0497432348049045
0.0497485816522653
0.0497533064707309
0.0497574190834961
0.0497609281094651
0.0497638409528374
0.0497661637948851
0.0497679015875960
0.0497690580488684
0.0497696356591357
0.0497696356591357
0.0497690580488684
0.0497679015875960
0.0497661637948851
0.0497638409528374
0.0497609281094651
0.0497574190834961
0.0497533064707309
0.0497485816522653
0.0497432348049045
0.0497372549141096
0.0497306297900568
0.0497233460872299
0.0497153893282975
0.0497067439329621
0.0496973932526289
0.0496873196119545
0.0496765043582878
0.0496649279204519
0.0496525698782472
0.0496394090444822
0.0496254235615040
0.0496105910145490
0.0495948885647322
0.0495782931040664
0.0495607814381056
0.0495423304980341
0.0495229175892586
0.0495025206820099
0.0494811187515245
0.0494586921770472
0.0494352232109666
0.0494106965323486
0.0493850999030080
0.0493584249497188
0.0493306681037897
0.0493018317405687
0.0492719255785864
0.0492409684249355
0.0492089903989519
0.0491760358460189
0.0491421673083468
0.0491074712531206
0.0490720671068881
0.0490361239300687
0.0490336900557897
0.0490695649968482
0.0491049012197569
0.0491395297812249
0.0491733313740444
0.0492062196501217
0.0492381321844502
0.0492690247456492
0.0492988673241419
0.0493276412175255
0.0493553368061732
0.0493819518072866
0.0494074898753700
0.0494319594624030
0.0494553728780822
0.0494777455075607
0.0494990951553725
0.0495194414920452
0.0495388055851139
0.0495572095004407
0.0495746759622907
0.0495912280631537
0.0496068890155289
0.0496216819402584
0.0496356296844162
0.0496487546666738
0.0496610787448368
0.0496726231029693
0.0496834081553206
0.0496934534647683
0.0497027776737500
0.0497113984459224
0.0497193324171091
0.0497265951541371
0.0497332011205478
0.0497391636480322
0.0497444949129178
0.0497492059167918
0.0497533064707309
0.0497568051825535
0.0497597094466087
0.0497620254357121
0.0497637580949177
0.0497649111368379
0.0497654870383263
0.0497654870383263
0.0497649111368380
0.0497637580949177
0.0497620254357121
0.0497597094466087
0.0497568051825535
0.0497533064707309
0.0497492059167918
0.0497444949129178
0.0497391636480322
0.0497332011205478
0.0497265951541371
0.0497193324171091
0.0497113984459224
0.0497027776737500
0.0496934534647683
0.0496834081553206
0.0496726231029693
0.0496610787448368
0.0496487546666738
0.0496356296844162
0.0496216819402584
0.0496068890155289
0.0495912280631537
0.0495746759622907
0.0495572095004407
0.0495388055851139
0.0495194414920452
0.0494990951553725
0.0494777455075607
0.0494553728780822
0.0494319594624030
0.0494074898753700
0.0493819518072866
0.0493553368061731
0.0493276412175255
0.0492988673241419
0.0492690247456492
0.0492381321844502
0.0492062196501217
0.0491733313740444
0.0491395297812249
0.0491049012197569
0.0490695649968482
0.0490336900557897
0.0490308961554590
0.0490666924443771
0.0491019503767048
0.0491365011458934
0.0491702255839350
0.0492030374815103
0.0492348745500391
0.0492656926906918
0.0492954620213952
0.0493241639611298
0.0493517890048109
0.0493783349766399
0.0494038056301159
0.0494282095078812
0.0494515590017688
0.0494738695704541
0.0494951590834518
0.0495154472678491
0.0495347552396075
0.0495531051051476
0.0495705196218728
0.0495870219083957
0.0496026351968457
0.0496173826216753
0.0496312870381736
0.0496443708683250
0.0496566559689298
0.0496681635192937
0.0496789139257142
0.0496889267404460
0.0496982205931557
0.0497068131330889
0.0497147209804780
0.0497219596858264
0.0497285436960263
0.0497344863261830
0.0497397997364330
0.0497444949129178
0.0497485816522653
0.0497520685491110
0.0497549629860932
0.0497572711259882
0.0497589979056368
0.0497601470313858
0.0497607209758538
0.0497607209758538
0.0497601470313858
0.0497589979056368
0.0497572711259882
0.0497549629860932
0.0497520685491110
0.0497485816522653
0.0497444949129178
0.0497397997364331
0.0497344863261830
0.0497285436960263
0.0497219596858264
0.0497147209804780
0.0497068131330889
0.0496982205931557
0.0496889267404460
0.0496789139257141
0.0496681635192937
0.0496566559689298
0.0496443708683250
0.0496312870381736
0.0496173826216753
0.0496026351968457
0.0495870219083957
0.0495705196218728
0.0495531051051476
0.0495347552396075
0.0495154472678491
0.0494951590834518
0.0494738695704541
0.0494515590017688
0.0494282095078812
0.0494038056301159
0.0493783349766403
0.0493517890048109
0.0493241639611298
0.0492954620213952
0.0492656926906918
0.0492348745500391
0.0492030374815103
0.0491702255839350
0.0491365011458935
0.0491019503767048
0.0490666924443771
0.0490308961554590
0.0490277373316993
0.0490634442803738
0.0490986132850222
0.0491330756967225
0.0491667125077077
0.0491994376682539
0.0492311890464705
0.0492619226956028
0.0492916088796182
0.0493202291563606
0.0493477741515040
0.0493742418111789
0.0493996360014412
0.0494239653677496
0.0494472423948151
0.0494694826241814
0.0494907039983051
0.0495109263074923
0.0495301707214975
0.0495484593915013
0.0495658151111211
0.0495822610271526
0.0495978203925656
0.0496125163554325
0.0496263717790847
0.0496394090876255
0.0496516501351864
0.0496631160942060
0.0496738273605187
0.0496838034729696
0.0496930630454493
0.0497016237096398
0.0497095020669440
0.0497167136483083
0.0497232728807632
0.0497291930597226
0.0497344863261831
0.0497391636480322
0.0497432348049044
0.0497467083759293
0.0497495917300097
0.0497518910181611
0.0497536111676004
0.0497547558773414
0.0497553276150503
0.0497553276150503
0.0497547558773414
0.0497536111676004
0.0497518910181611
0.0497495917300097
0.0497467083759293
0.0497432348049044
0.0497391636480322
0.0497344863261831
0.0497291930597226
0.0497232728807633
0.0497167136483083
0.0497095020669440
0.0497016237096398
0.0496930630454493
0.0496838034729696
0.0496738273605187
0.0496631160942060
0.0496516501351864
0.0496394090876255
0.0496263717790847
0.0496125163554325
0.0495978203925656
0.0495822610271526
0.0495658151111211
0.0495484593915013
0.0495301707214975
0.0495109263074923
0.0494907039983051
0.0494694826241814
0.0494472423948151
0.0494239653677496
0.0493996360014412
0.0493742418111789
0.0493477741515040
0.0493202291563606
0.0492916088796182
0.0492619226956028
0.0492311890464705
0.0491994376682539
0.0491667125077077
0.0491330756967225
0.0490986132850222
0.0490634442803738
0.0490277373316993
0.0490242080982715
0.0490598147101210
0.0490948838437502
0.0491292470301780
0.0491627854443151
0.0491954132181495
0.0492270683979781
0.0492577072097249
0.0492873000829348
0.0493158287325952
0.0493432839320618
0.0493696637648646
0.0493949722235767
0.0494192180688875
0.0494424138892575
0.0494645753184334
0.0494857203796900
0.0495058689329827
0.0495250422069370
0.0495432624013204
0.0495605523485936
0.0495769352253076
0.0495924343057834
0.0496070727517259
0.0496208734332018
0.0496338587748258
0.0496460506258590
0.0496574701491502
0.0496681377270323
0.0496780728815978
0.0496872942074340
0.0496958193150161
0.0497036647832246
0.0497108461197554
0.0497173777281871
0.0497232728807633
0.0497285436960263
0.0497332011205478
0.0497372549141096
0.0497407136378112
0.0497435846445900
0.0497458740717937
0.0497475868354912
0.0497487266261792
0.0497492959058078
0.0497492959058077
0.0497487266261792
0.0497475868354912
0.0497458740717937
0.0497435846445900
0.0497407136378112
0.0497372549141096
0.0497332011205478
0.0497285436960264
0.0497232728807633
0.0497173777281871
0.0497108461197554
0.0497036647832246
0.0496958193150161
0.0496872942074340
0.0496780728815978
0.0496681377270323
0.0496574701491502
0.0496460506258590
0.0496338587748258
0.0496208734332018
0.0496070727517259
0.0495924343057834
0.0495769352253076
0.0495605523485936
0.0495432624013205
0.0495250422069370
0.0495058689329827
0.0494857203796900
0.0494645753184334
0.0494424138892575
0.0494192180688875
0.0493949722235767
0.0493696637648646
0.0493432839320618
0.0493158287325951
0.0492873000829348
0.0492577072097249
0.0492270683979781
0.0491954132181495
0.0491627854443151
0.0491292470301780
0.0490948838437502
0.0490598147101210
0.0490242080982714
0.0490203023897171
0.0490557973219664
0.0490907552976300
0.0491250080516311
0.0491584369656003
0.0491909563768780
0.0492225045328359
0.0492530378539341
0.0492825269559208
0.0493109537301588
0.0493383091153881
0.0493645913486033
0.0493898045632769
0.0494139576480277
0.0494370633060313
0.0494591372725766
0.0494801976594496
0.0495002644024232
0.0495193587937105
0.0495375030850224
0.0495547201497910
0.0495710331953103
0.0495864655172279
0.0496010402899794
0.0496147803886594
0.0496277082360707
0.0496398456736736
0.0496512138514029
0.0496618331343816
0.0496717230240108
0.0496809020914570
0.0496893879217769
0.0496971970671134
0.0497043450077499
0.0497108461197554
0.0497167136483083
0.0497219596858263
0.0497265951541371
0.0497306297900569
0.0497340721338327
0.0497369295199791
0.0497392080701247
0.0497409126874741
0.0497420470527690
0.0497426136213544
0.0497426136213544
0.0497420470527690
0.0497409126874741
0.0497392080701247
0.0497369295199791
0.0497340721338327
0.0497306297900569
0.0497265951541371
0.0497219596858263
0.0497167136483083
0.0497108461197554
0.0497043450077499
0.0496971970671134
0.0496893879217769
0.0496809020914570
0.0496717230240108
0.0496618331343816
0.0496512138514029
0.0496398456736736
0.0496277082360707
0.0496147803886594
0.0496010402899794
0.0495864655172279
0.0495710331953102
0.0495547201497910
0.0495375030850224
0.0495193587937105
0.0495002644024231
0.0494801976594496
0.0494591372725766
0.0494370633060313
0.0494139576480277
0.0493898045632769
0.0493645913486033
0.0493383091153881
0.0493109537301588
0.0492825269559210
0.0492530378539341
0.0492225045328359
0.0491909563768780
0.0491584369656003
0.0491250080516311
0.0490907552976300
0.0490557973219664
0.0490203023897171
0.0490160135729646
0.0490513850978249
0.0490862202465093
0.0491203509837522
0.0491536589237958
0.0491860586346682
0.0492174885892918
0.0492479054259724
0.0492772799685192
0.0493055943049662
0.0493328395579665
0.0493590141347063
0.0493841223244167
0.0494081731565777
0.0494311794601791
0.0494531570812933
0.0494741242276994
0.0494941009168164
0.0495131085087080
0.0495311693098474
0.0495483062361245
0.0495645425258990
0.0495799014953976
0.0495944063301445
0.0496080799077828
0.0496209446462128
0.0496330223754316
0.0496443342283650
0.0496549005485156
0.0496647408119509
0.0496738735616435
0.0496823163523991
0.0496900857048383
0.0496971970671134
0.0497036647832246
0.0497095020669440
0.0497147209804780
0.0497193324171091
0.0497233460872298
0.0497267705071548
0.0497296129902966
0.0497318796402468
0.0497335753455437
0.0497347037757460
0.0497352673786790
0.0497352673786790
0.0497347037757460
0.0497335753455437
0.0497318796402468
0.0497296129902966
0.0497267705071547
0.0497233460872298
0.0497193324171091
0.0497147209804780
0.0497095020669440
0.0497036647832246
0.0496971970671134
0.0496900857048383
0.0496823163523991
0.0496738735616436
0.0496647408119509
0.0496549005485157
0.0496443342283650
0.0496330223754316
0.0496209446462128
0.0496080799077828
0.0495944063301445
0.0495799014953976
0.0495645425258990
0.0495483062361245
0.0495311693098474
0.0495131085087080
0.0494941009168164
0.0494741242276994
0.0494531570812933
0.0494311794601791
0.0494081731565777
0.0493841223244167
0.0493590141347063
0.0493328395579665
0.0493055943049662
0.0492772799685192
0.0492479054259724
0.0492174885892918
0.0491860586346682
0.0491536589237957
0.0491203509837522
0.0490862202465093
0.0490513850978249
0.0490160135729645
0.0490113344611431
0.0490465704257295
0.0490812706567430
0.0491152673768105
0.0491484424607478
0.0491807107346345
0.0492120109232011
0.0492422999074820
0.0492715487426361
0.0492997397347992
0.0493268642100270
0.0493529207631299
0.0493779138543957
0.0494018526673998
0.0494247501680604
0.0494466223223652
0.0494674874412926
0.0494873656292866
0.0495062783179675
0.0495242478707235
0.0495412972466891
0.0495574497147912
0.0495727286102668
0.0495871571273156
0.0496007581425001
0.0496135540651367
0.0496255667091389
0.0496368171855143
0.0496473258109101
0.0496571120306521
0.0496661943540191
0.0496745903000542
0.0496823163523991
0.0496893879217769
0.0496958193150161
0.0497016237096397
0.0497068131330889
0.0497113984459224
0.0497153893282975
0.0497187942691949
0.0497216205579487
0.0497238742776518
0.0497255603001337
0.0497266822822530
0.0497272426632916
0.0497272426632916
0.0497266822822531
0.0497255603001337
0.0497238742776518
0.0497216205579487
0.0497187942691949
0.0497153893282975
0.0497113984459224
0.0497068131330889
0.0497016237096398
0.0496958193150162
0.0496893879217769
0.0496823163523991
0.0496745903000542
0.0496661943540191
0.0496571120306520
0.0496473258109101
0.0496368171855143
0.0496255667091389
0.0496135540651367
0.0496007581425001
0.0495871571273156
0.0495727286102668
0.0495574497147912
0.0495412972466891
0.0495242478707235
0.0495062783179675
0.0494873656292866
0.0494674874412926
0.0494466223223652
0.0494247501680604
0.0494018526673998
0.0493779138543958
0.0493529207631299
0.0493268642100270
0.0492997397347992
0.0492715487426361
0.0492422999074820
0.0492120109232011
0.0491807107346345
0.0491484424607477
0.0491152673768105
0.0490812706567430
0.0490465704257295
0.0490113344611432
0.0490062573299813
0.0490413451148983
0.0490758978749153
0.0491097481211390
0.0491427780193563
0.0491749026832327
0.0492060611176348
0.0492362104730133
0.0492653220607014
0.0492933784276732
0.0493203711238762
0.0493462989499000
0.0493711665529030
0.0493949832839914
0.0494177622571619
0.0494395195672219
0.0494602736351673
0.0494800446573128
0.0494988541398649
0.0495167245045145
0.0495336787535286
0.0495497401850121
0.0495649321506683
0.0495792778497582
0.0495928001537831
0.0496055214581736
0.0496174635554048
0.0496286475286919
0.0496390936617295
0.0496488213628275
0.0496578491012489
0.0496661943540191
0.0496738735616435
0.0496809020914570
0.0496872942074340
0.0496930630454494
0.0496982205931557
0.0497027776737500
0.0497067439329622
0.0497101278287124
0.0497129366230185
0.0497151763757404
0.0497168519397982
0.0497179669576934
0.0497185238590509
0.0497185238590510
0.0497179669576934
0.0497168519397982
0.0497151763757404
0.0497129366230185
0.0497101278287124
0.0497067439329622
0.0497027776737500
0.0496982205931557
0.0496930630454494
0.0496872942074340
0.0496809020914570
0.0496738735616435
0.0496661943540191
0.0496578491012489
0.0496488213628275
0.0496390936617295
0.0496286475286919
0.0496174635554048
0.0496055214581736
0.0495928001537831
0.0495792778497582
0.0495649321506683
0.0495497401850121
0.0495336787535286
0.0495167245045145
0.0494988541398649
0.0494800446573128
0.0494602736351673
0.0494395195672219
0.0494177622571619
0.0493949832839914
0.0493711665529030
0.0493462989499000
0.0493203711238762
0.0492933784276731
0.0492653220607014
0.0492362104730133
0.0492060611176348
0.0491749026832327
0.0491427780193563
0.0491097481211390
0.0490758978749153
0.0490413451148983
0.0490062573299813
0.0490007739371605
0.0490357004135838
0.0490700926442829
0.0491037834623016
0.0491366553574849
0.0491686237631936
0.0491996279949977
0.0492296255015181
0.0492585878767869
0.0492864979327392
0.0493133474648059
0.0493391354982987
0.0493638668835211
0.0493875511527225
0.0494102015790656
0.0494318343947916
0.0494524681372187
0.0494721230987007
0.0494908208622497
0.0495085839083046
0.0495254352811659
0.0495413983056263
0.0495564963462276
0.0495707526026594
0.0495841899360429
0.0495968307215222
0.0496086967239063
0.0496198089916172
0.0496301877682865
0.0496398524180050
0.0496488213628274
0.0496571120306520
0.0496647408119509
0.0496717230240108
0.0496780728815978
0.0496838034729696
0.0496889267404459
0.0496934534647683
0.0496973932526289
0.0497007545268104
0.0497035445184795
0.0497057692612757
0.0497074335868155
0.0497085411214333
0.0497090942838817
0.0497090942838817
0.0497085411214333
0.0497074335868155
0.0497057692612758
0.0497035445184795
0.0497007545268104
0.0496973932526289
0.0496934534647683
0.0496889267404459
0.0496838034729695
0.0496780728815978
0.0496717230240108
0.0496647408119509
0.0496571120306520
0.0496488213628274
0.0496398524180050
0.0496301877682865
0.0496198089916172
0.0496086967239063
0.0495968307215222
0.0495841899360429
0.0495707526026594
0.0495564963462276
0.0495413983056263
0.0495254352811659
0.0495085839083046
0.0494908208622497
0.0494721230987007
0.0494524681372187
0.0494318343947916
0.0494102015790656
0.0493875511527225
0.0493638668835211
0.0493391354982988
0.0493133474648059
0.0492864979327392
0.0492585878767869
0.0492296255015181
0.0491996279949977
0.0491686237631936
0.0491366553574849
0.0491037834623016
0.0490700926442829
0.0490357004135838
0.0490007739371605
0.0489948755451464
0.0490296270302678
0.0490638451244175
0.0490973630192728
0.0491300635649228
0.0491618625493769
0.0491926996320879
0.0492225325907953
0.0492513333306664
0.0492790849542774
0.0493057795252757
0.0493314163134152
0.0493560003888621
0.0493795414787774
0.0494020530263721
0.0494235514095150
0.0494440552875107
0.0494635850520907
0.0494821623642906
0.0494998097626674
0.0495165503312458
0.0495324074178174
0.0495474043948383
0.0495615644565259
0.0495749104468329
0.0495874647136260
0.0495992489859693
0.0496102842695716
0.0496205907597966
0.0496301877682865
0.0496390936617295
0.0496473258109101
0.0496549005485157
0.0496618331343816
0.0496681377270323
0.0496738273605187
0.0496789139257141
0.0496834081553206
0.0496873196119545
0.0496906566788018
0.0496934265523243
0.0496956352367055
0.0496972875396527
0.0496983870693732
0.0496989362324304
0.0496989362324304
0.0496983870693732
0.0496972875396527
0.0496956352367054
0.0496934265523243
0.0496906566788018
0.0496873196119545
0.0496834081553206
0.0496789139257141
0.0496738273605187
0.0496681377270323
0.0496618331343816
0.0496549005485157
0.0496473258109101
0.0496390936617295
0.0496301877682865
0.0496205907597965
0.0496102842695716
0.0495992489859695
0.0495874647136260
0.0495749104468329
0.0495615644565259
0.0495474043948383
0.0495324074178174
0.0495165503312458
0.0494998097626674
0.0494821623642906
0.0494635850520907
0.0494440552875107
0.0494235514095150
0.0494020530263721
0.0493795414787774
0.0493560003888621
0.0493314163134152
0.0493057795252757
0.0492790849542774
0.0492513333306664
0.0492225325907953
0.0491926996320879
0.0491618625493769
0.0491300635649228
0.0490973630192728
0.0490638451244173
0.0490296270302678
0.0489948755451464
0.0489885529479619
0.0490231151586931
0.0490571449145496
0.0490904758062657
0.0491229910838710
0.0491546069281851
0.0491852633786131
0.0492149185754797
0.0492435447656053
0.0492711253695020
0.0492976527429986
0.0493231264208070
0.0493475517100636
0.0493709385466351
0.0493933005543737
0.0494146542643823
0.0494350184627775
0.0494544136429851
0.0494728615441250
0.0494903847609164
0.0495070064134507
0.0495227498673779
0.0495376384967145
0.0495516954828844
0.0495649436445423
0.0495774052937294
0.0495891021143559
0.0496000550604368
0.0496102842695716
0.0496198089916171
0.0496286475286919
0.0496368171855143
0.0496443342283650
0.0496512138514029
0.0496574701491502
0.0496631160942060
0.0496681635192937
0.0496726231029693
0.0496765043582878
0.0496798156239938
0.0496825640576474
0.0496847556304759
0.0496863951234597
0.0496874861245471
0.0496880310267039
0.0496880310267039
0.0496874861245471
0.0496863951234597
0.0496847556304759
0.0496825640576474
0.0496798156239938
0.0496765043582878
0.0496726231029693
0.0496681635192937
0.0496631160942060
0.0496574701491502
0.0496512138514029
0.0496443342283650
0.0496368171855143
0.0496286475286919
0.0496198089916171
0.0496102842695716
0.0496000550604368
0.0495891021143558
0.0495774052937294
0.0495649436445422
0.0495516954828844
0.0495376384967145
0.0495227498673780
0.0495070064134507
0.0494903847609164
0.0494728615441250
0.0494544136429851
0.0494350184627775
0.0494146542643823
0.0493933005543737
0.0493709385466351
0.0493475517100636
0.0493231264208070
0.0492976527429986
0.0492711253695020
0.0492435447656053
0.0492149185754797
0.0491852633786131
0.0491546069281851
0.0491229910838710
0.0490904758062657
0.0490571449145496
0.0490231151586931
0.0489885529479619
0.0489817965025989
0.0490161545073501
0.0490499810812794
0.0490831102588201
0.0491154257336132
0.0491468441211127
0.0491773058799690
0.0492067695493294
0.0492352077504486
0.0492626042508686
0.0492889517237734
0.0493142499901456
0.0493385046115124
0.0493617257461142
0.0493839272085826
0.0494051256900741
0.0494253401073223
0.0494445910564904
0.0494629003534338
0.0494802906455741
0.0494967850838035
0.0495124070448704
0.0495271798963642
0.0495411267979378
0.0495542705332847
0.0495666333683057
0.0495782369316711
0.0495891021143558
0.0495992489859693
0.0496086967239062
0.0496174635554048
0.0496255667091389
0.0496330223754316
0.0496398456736736
0.0496460506258591
0.0496516501351864
0.0496566559689298
0.0496610787448368
0.0496649279204519
0.0496682117848135
0.0496709374520723
0.0496731108566894
0.0496747367498912
0.0496758186970694
0.0496763590760705
0.0496763590760705
0.0496758186970694
0.0496747367498912
0.0496731108566894
0.0496709374520723
0.0496682117848135
0.0496649279204519
0.0496610787448368
0.0496566559689298
0.0496516501351864
0.0496460506258590
0.0496398456736736
0.0496330223754316
0.0496255667091389
0.0496174635554048
0.0496086967239062
0.0495992489859693
0.0495891021143558
0.0495782369316711
0.0495666333683057
0.0495542705332847
0.0495411267979378
0.0495271798963642
0.0495124070448704
0.0494967850838035
0.0494802906455741
0.0494629003534338
0.0494445910564904
0.0494253401073223
0.0494051256900741
0.0493839272085826
0.0493617257461143
0.0493385046115124
0.0493142499901456
0.0492889517237734
0.0492626042508686
0.0492352077504486
0.0492067695493294
0.0491773058799689
0.0491468441211127
0.0491154257336132
0.0490831102588201
0.0490499810812794
0.0490161545073501
0.0489817965025989
0.0489745961657131
0.0490087343341169
0.0490423421912911
0.0490752542647978
0.0491073547400914
0.0491385607132099
0.0491688131049499
0.0491980708925732
0.0492263071070553
0.0492535058938765
0.0492796602700834
0.0493047703649162
0.0493288420118957
0.0493518856050586
0.0493739151592427
0.0493949475314836
0.0494150017715932
0.0494340985780470
0.0494522598403763
0.0494695082534712
0.0494858669919336
0.0495013594349587
0.0495160089338787
0.0495298386158198
0.0495428712180565
0.0495551289484780
0.0495666333683057
0.0495774052937294
0.0495874647136260
0.0495968307215222
0.0496055214581736
0.0496135540651367
0.0496209446462128
0.0496277082360707
0.0496338587748259
0.0496394090876254
0.0496443708683250
0.0496487546666738
0.0496525698782472
0.0496558247367175
0.0496585263079384
0.0496606804855475
0.0496622919877223
0.0496633643548689
0.0496638999480605
0.0496638999480605
0.0496633643548689
0.0496622919877223
0.0496606804855475
0.0496585263079385
0.0496558247367175
0.0496525698782472
0.0496487546666738
0.0496443708683250
0.0496394090876254
0.0496338587748259
0.0496277082360707
0.0496209446462128
0.0496135540651367
0.0496055214581736
0.0495968307215221
0.0495874647136260
0.0495774052937298
0.0495666333683057
0.0495551289484780
0.0495428712180565
0.0495298386158198
0.0495160089338787
0.0495013594349587
0.0494858669919336
0.0494695082534712
0.0494522598403763
0.0494340985780470
0.0494150017715932
0.0493949475314836
0.0493739151592427
0.0493518856050586
0.0493288420118957
0.0493047703649162
0.0492796602700834
0.0492535058938765
0.0492263071070553
0.0491980708925732
0.0491688131049499
0.0491385607132099
0.0491073547400914
0.0490752542647978
0.0490423421912911
0.0490087343341169
0.0489745961657131
0.0489669415364999
0.0490008434869709
0.0490342163499670
0.0490668952011909
0.0490987647712485
0.0491297426873339
0.0491597703793405
0.0491888073053388
0.0492168269439337
0.0492438138514607
0.0492697614165569
0.0492946700993310
0.0493185460229461
0.0493413998300994
0.0493632457443660
0.0493841007930995
0.0494039841600931
0.0494229166438274
0.0494409202025149
0.0494580175711756
0.0494742319389001
0.0494895866765992
0.0495041051074213
0.0495178103131675
0.0495307249713229
0.0495428712180564
0.0495542705332847
0.0495649436445423
0.0495749104468328
0.0495841899360429
0.0495928001537831
0.0496007581425001
0.0496080799077828
0.0496147803886593
0.0496208734332018
0.0496263717790847
0.0496312870381736
0.0496356296844162
0.0496394090444824
0.0496426332905797
0.0496453094350444
0.0496474433263092
0.0496490396460238
0.0496501019069717
0.0496506324517060
0.0496506324517060
0.0496501019069717
0.0496490396460238
0.0496474433263092
0.0496453094350444
0.0496426332905797
0.0496394090444824
0.0496356296844162
0.0496312870381736
0.0496263717790847
0.0496208734332018
0.0496147803886593
0.0496080799077828
0.0496007581425001
0.0495928001537831
0.0495841899360427
0.0495749104468328
0.0495649436445423
0.0495542705332847
0.0495428712180564
0.0495307249713229
0.0495178103131675
0.0495041051074213
0.0494895866765992
0.0494742319389001
0.0494580175711756
0.0494409202025149
0.0494229166438273
0.0494039841600931
0.0493841007930995
0.0493632457443660
0.0493413998300994
0.0493185460229461
0.0492946700993310
0.0492697614165568
0.0492438138514607
0.0492168269439338
0.0491888073053388
0.0491597703793405
0.0491297426873339
0.0490987647712485
0.0490668952011909
0.0490342163499670
0.0490008434869708
0.0489669415364999
0.0489588219066575
0.0489924704515181
0.0490255912468277
0.0490580199777063
0.0490896419791166
0.0491203754652278
0.0491501624265253
0.0491789628482535
0.0492067506974464
0.0492335109762212
0.0492592374737414
0.0492839310040639
0.0493075979973789
0.0493302493571602
0.0493518995228969
0.0493725656950596
0.0493922671903172
0.0494110249026698
0.0494288608516375
0.0494457978026644
0.0494618589476670
0.0494770676361412
0.0494914471487833
0.0495050205070610
0.0495178103131675
0.0495298386158198
0.0495411267979378
0.0495516954828844
0.0495615644565259
0.0495707526026594
0.0495792778497584
0.0495871571273156
0.0495944063301445
0.0496010402899794
0.0496070727517260
0.0496125163554325
0.0496173826216753
0.0496216819402584
0.0496254235615040
0.0496286155896380
0.0496312649778835
0.0496333775248244
0.0496349578718489
0.0496360095013242
0.0496365347354351
0.0496365347354351
0.0496360095013242
0.0496349578718489
0.0496333775248244
0.0496312649778835
0.0496286155896380
0.0496254235615040
0.0496216819402584
0.0496173826216753
0.0496125163554325
0.0496070727517262
0.0496010402899794
0.0495944063301445
0.0495871571273156
0.0495792778497582
0.0495707526026594
0.0495615644565259
0.0495516954828844
0.0495411267979378
0.0495298386158198
0.0495178103131675
0.0495050205070610
0.0494914471487834
0.0494770676361412
0.0494618589476670
0.0494457978026644
0.0494288608516375
0.0494110249026698
0.0493922671903172
0.0493725656950596
0.0493518995228969
0.0493302493571602
0.0493075979973789
0.0492839310040639
0.0492592374737414
0.0492335109762212
0.0492067506974464
0.0491789628482535
0.0491501624265253
0.0491203754652278
0.0490896419791166
0.0490580199777063
0.0490255912468277
0.0489924704515181
0.0489588219066575
0.0489502263185964
0.0489836034067436
0.0490164542089143
0.0490486150881982
0.0490799720498085
0.0491104439566605
0.0491399734163190
0.0491685209916584
0.0491960611819791
0.0492225794721261
0.0492480700818511
0.0492725342024265
0.0492959785879524
0.0493184144135680
0.0493398563401682
0.0493603217420017
0.0493798300650681
0.0493984022917670
0.0494160604928577
0.0494328274516651
0.0494487263485330
0.0494637804956986
0.0494780131145756
0.0494914471487834
0.0495041051074213
0.0495160089338787
0.0495271798963642
0.0495376384967145
0.0495474043948383
0.0495564963462275
0.0495649321506683
0.0495727286102668
0.0495799014953976
0.0495864655172281
0.0495924343057835
0.0495978203925656
0.0496026351968457
0.0496068890155289
0.0496105910145490
0.0496137492232332
0.0496163705297275
0.0496184606778412
0.0496200242647459
0.0496210647394444
0.0496215844017679
0.0496215844017679
0.0496210647394446
0.0496200242647459
0.0496184606778412
0.0496163705297275
0.0496137492232332
0.0496105910145490
0.0496068890155287
0.0496026351968457
0.0495978203925656
0.0495924343057835
0.0495864655172279
0.0495799014953976
0.0495727286102668
0.0495649321506683
0.0495564963462275
0.0495474043948383
0.0495376384967145
0.0495271798963642
0.0495160089338787
0.0495041051074213
0.0494914471487834
0.0494780131145756
0.0494637804956985
0.0494487263485330
0.0494328274516651
0.0494160604928577
0.0493984022917670
0.0493798300650679
0.0493603217420017
0.0493398563401682
0.0493184144135680
0.0492959785879524
0.0492725342024265
0.0492480700818511
0.0492225794721261
0.0491960611819791
0.0491685209916584
0.0491399734163190
0.0491104439566605
0.0490799720498085
0.0490486150881982
0.0490164542089143
0.0489836034067436
0.0489502263185964
0.0489411436331777
0.0489742302900236
0.0490067922634339
0.0490386666713883
0.0490697402628816
0.0490999326180275
0.0491291870236148
0.0491574646750034
0.0491847406507857
0.0492110009575145
0.0492362402764393
0.0492604601992560
0.0492836678198513
0.0493058745942781
0.0493270954080576
0.0493473478072385
0.0493666513606587
0.0493850271288879
0.0494024972206118
0.0494190844213375
0.0494348118823013
0.0494497028596187
0.0494637804956986
0.0494770676361411
0.0494895866765992
0.0495013594349587
0.0495124070448705
0.0495227498673779
0.0495324074178174
0.0495413983056263
0.0495497401850121
0.0495574497147912
0.0495645425258990
0.0495710331953103
0.0495769352253076
0.0495822610271526
0.0495870219083957
0.0495912280631537
0.0495948885647322
0.0495980113601866
0.0496006032663424
0.0496026699669892
0.0496042160109300
0.0496052448106793
0.0496057586416512
0.0496057586416512
0.0496052448106793
0.0496042160109300
0.0496026699669892
0.0496006032663424
0.0495980113601866
0.0495948885647322
0.0495912280631537
0.0495870219083957
0.0495822610271526
0.0495769352253076
0.0495710331953103
0.0495645425258990
0.0495574497147912
0.0495497401850121
0.0495413983056262
0.0495324074178174
0.0495227498673779
0.0495124070448704
0.0495013594349587
0.0494895866765992
0.0494770676361411
0.0494637804956987
0.0494497028596187
0.0494348118823013
0.0494190844213375
0.0494024972206118
0.0493850271288879
0.0493666513606587
0.0493473478072385
0.0493270954080576
0.0493058745942781
0.0492836678198513
0.0492604601992560
0.0492362402764393
0.0492110009575145
0.0491847406507857
0.0491574646750034
0.0491291870236148
0.0490999326180275
0.0490697402628816
0.0490386666713881
0.0490067922634339
0.0489742302900236
0.0489411436331777
0.0489315626085126
0.0489643388730848
0.0489965922112110
0.0490281605823244
0.0490589315615201
0.0490888255221802
0.0491177864986640
0.0491457763784510
0.0491727708697664
0.0491987565417039
0.0492237285685489
0.0492476889650149
0.0492706451791895
0.0492926089549438
0.0493135954028194
0.0493336222353562
0.0493527091342087
0.0493708772241758
0.0493881486348723
0.0494045461346360
0.0494200928245126
0.0494348118823013
0.0494487263485331
0.0494618589476670
0.0494742319389001
0.0494858669919336
0.0494967850838036
0.0495070064134506
0.0495165503312458
0.0495254352811659
0.0495336787535286
0.0495412972466891
0.0495483062361245
0.0495547201497910
0.0495605523485936
0.0495658151111211
0.0495705196218729
0.0495746759622906
0.0495782931040666
0.0495813789042438
0.0495839401017035
0.0495859823147473
0.0495875100394335
0.0495885266485195
0.0495890343908210
0.0495890343908210
0.0495885266485195
0.0495875100394335
0.0495859823147473
0.0495839401017035
0.0495813789042438
0.0495782931040666
0.0495746759622906
0.0495705196218729
0.0495658151111211
0.0495605523485936
0.0495547201497910
0.0495483062361245
0.0495412972466891
0.0495336787535286
0.0495254352811659
0.0495165503312458
0.0495070064134507
0.0494967850838036
0.0494858669919336
0.0494742319389001
0.0494618589476670
0.0494487263485330
0.0494348118823013
0.0494200928245126
0.0494045461346360
0.0493881486348723
0.0493708772241758
0.0493527091342087
0.0493336222353563
0.0493135954028194
0.0492926089549438
0.0492706451791895
0.0492476889650149
0.0492237285685490
0.0491987565417040
0.0491727708697664
0.0491457763784510
0.0491177864986640
0.0490888255221803
0.0490589315615201
0.0490281605823244
0.0489965922112110
0.0489643388730848
0.0489315626085126
0.0489214719916708
0.0489539168506829
0.0489858407127468
0.0490170824765851
0.0490475306357396
0.0490771064415499
0.0491057547512051
0.0491334382090442
0.0491601332066028
0.0491858269179942
0.0492105150421663
0.0492342000383303
0.0492568897208853
0.0492785961254188
0.0492993345842014
0.0493191229669275
0.0493379810537681
0.0493559300155227
0.0493729919814395
0.0493891896791908
0.0494045461346360
0.0494190844213374
0.0494328274516651
0.0494457978026645
0.0494580175711756
0.0494695082534712
0.0494802906455741
0.0494903847609165
0.0494998097626674
0.0495085839083046
0.0495167245045145
0.0495242478707235
0.0495311693098474
0.0495375030850224
0.0495432624013204
0.0495484593915013
0.0495531051051476
0.0495572095004407
0.0495607814381056
0.0495638286770676
0.0495663578713466
0.0495683745680189
0.0495698832058475
0.0495708871144241
0.0495713885136982
0.0495713885136982
0.0495708871144241
0.0495698832058475
0.0495683745680189
0.0495663578713466
0.0495638286770676
0.0495607814381056
0.0495572095004407
0.0495531051051476
0.0495484593915012
0.0495432624013204
0.0495375030850224
0.0495311693098474
0.0495242478707235
0.0495167245045145
0.0495085839083046
0.0494998097626674
0.0494903847609164
0.0494802906455740
0.0494695082534712
0.0494580175711756
0.0494457978026644
0.0494328274516652
0.0494190844213374
0.0494045461346360
0.0493891896791908
0.0493729919814396
0.0493559300155227
0.0493379810537681
0.0493191229669275
0.0492993345842014
0.0492785961254188
0.0492568897208853
0.0492342000383303
0.0492105150421663
0.0491858269179942
0.0491601332066028
0.0491334382090442
0.0491057547512051
0.0490771064415499
0.0490475306357396
0.0490170824765851
0.0489858407127468
0.0489539168506829
0.0489214719916708
0.0489108606253826
0.0489429519440821
0.0489745243891138
0.0490054179093099
0.0490355220207155
0.0490647589470241
0.0490930744511275
0.0491204320044085
0.0491468087385720
0.0491721924764708
0.0491965794728362
0.0492199726508032
0.0492423802000953
0.0492638144478645
0.0492842909402170
0.0493038276897820
0.0493224445558742
0.0493401627320118
0.0493570043209203
0.0493729919814395
0.0493881486348722
0.0494024972206118
0.0494160604928577
0.0494288608516375
0.0494409202025149
0.0494522598403763
0.0494629003534337
0.0494728615441251
0.0494821623642906
0.0494908208622497
0.0494988541398649
0.0495062783179675
0.0495131085087080
0.0495193587937105
0.0495250422069370
0.0495301707214975
0.0495347552396074
0.0495388055851139
0.0495423304980342
0.0495453376306960
0.0495478335450869
0.0495498237111064
0.0495513125054734
0.0495523032110944
0.0495527980167037
0.0495527980167037
0.0495523032110944
0.0495513125054734
0.0495498237111065
0.0495478335450869
0.0495453376306960
0.0495423304980342
0.0495388055851139
0.0495347552396075
0.0495301707214975
0.0495250422069370
0.0495193587937105
0.0495131085087080
0.0495062783179675
0.0494988541398649
0.0494908208622497
0.0494821623642905
0.0494728615441251
0.0494629003534337
0.0494522598403763
0.0494409202025149
0.0494288608516376
0.0494160604928577
0.0494024972206118
0.0493881486348722
0.0493729919814395
0.0493570043209203
0.0493401627320118
0.0493224445558742
0.0493038276897820
0.0492842909402170
0.0492638144478645
0.0492423802000953
0.0492199726508032
0.0491965794728362
0.0491721924764708
0.0491468087385720
0.0491204320044085
0.0490930744511276
0.0490647589470241
0.0490355220207155
0.0490054179093099
0.0489745243891138
0.0489429519440821
0.0489108606253826
0.0488997175723278
0.0489314320220242
0.0489626299401610
0.0489931524519283
0.0490228902132781
0.0490517665257152
0.0490797281490966
0.0491067394575646
0.0491327783828658
0.0491578334408788
0.0491819014717603
0.0492049858789288
0.0492270952320837
0.0492482421446235
0.0492684423629277
0.0492877140223304
0.0493060770359999
0.0493235525910631
0.0493401627320118
0.0493559300155227
0.0493708772241759
0.0493850271288879
0.0493984022917670
0.0494110249026698
0.0494229166438273
0.0494340985780471
0.0494445910564904
0.0494544136429850
0.0494635850520907
0.0494721230987010
0.0494800446573128
0.0494873656292866
0.0494941009168164
0.0495002644024231
0.0495058689329827
0.0495109263074923
0.0495154472678491
0.0495194414920453
0.0495229175892586
0.0495258830964896
0.0495283444762413
0.0495303071150988
0.0495317753228718
0.0495327523321200
0.0495332402979622
0.0495332402979622
0.0495327523321201
0.0495317753228719
0.0495303071150988
0.0495283444762413
0.0495258830964896
0.0495229175892586
0.0495194414920453
0.0495154472678491
0.0495109263074923
0.0495058689329827
0.0495002644024232
0.0494941009168164
0.0494873656292866
0.0494800446573128
0.0494721230987009
0.0494635850520907
0.0494544136429850
0.0494445910564904
0.0494340985780470
0.0494229166438273
0.0494110249026698
0.0493984022917670
0.0493850271288879
0.0493708772241759
0.0493559300155227
0.0493401627320118
0.0493235525910631
0.0493060770359999
0.0492877140223304
0.0492684423629277
0.0492482421446234
0.0492270952320837
0.0492049858789288
0.0491819014717603
0.0491578334408788
0.0491327783828658
0.0491067394575646
0.0490797281490966
0.0490517665257152
0.0490228902132781
0.0489931524519283
0.0489626299401609
0.0489314320220242
0.0488997175723278
0.0488880322601221
0.0489193452421239
0.0489501442833715
0.0489802718296881
0.0490096198099397
0.0490381127213763
0.0490656984211162
0.0490923422674613
0.0491180230544571
0.0491427300348886
0.0491664606612556
0.0491892188290859
0.0492110134869213
0.0492318575224695
0.0492517668617971
0.0492707597356306
0.0492888560786935
0.0493060770359999
0.0493224445558742
0.0493379810537681
0.0493527091342087
0.0493666513606587
0.0493798300650681
0.0493922671903172
0.0494039841600931
0.0494150017715932
0.0494253401073223
0.0494350184627776
0.0494440552875107
0.0494524681372187
0.0494602736351673
0.0494674874412925
0.0494741242276994
0.0494801976594496
0.0494857203796900
0.0494907039983051
0.0494951590834518
0.0494990951553725
0.0495025206820098
0.0495054430760014
0.0495078686927502
0.0495098028292243
0.0495112497233216
0.0495122125535450
0.0495126934389046
0.0495126934389046
0.0495122125535450
0.0495112497233216
0.0495098028292243
0.0495078686927502
0.0495054430760014
0.0495025206820098
0.0494990951553725
0.0494951590834518
0.0494907039983051
0.0494857203796900
0.0494801976594496
0.0494741242276994
0.0494674874412925
0.0494602736351673
0.0494524681372187
0.0494440552875107
0.0494350184627775
0.0494253401073223
0.0494150017715932
0.0494039841600931
0.0493922671903172
0.0493798300650681
0.0493666513606587
0.0493527091342087
0.0493379810537681
0.0493224445558742
0.0493060770359999
0.0492888560786935
0.0492707597356306
0.0492517668617971
0.0492318575224695
0.0492110134869213
0.0491892188290859
0.0491664606612556
0.0491427300348886
0.0491180230544571
0.0490923422674613
0.0490656984211162
0.0490381127213763
0.0490096198099397
0.0489802718296881
0.0489501442833715
0.0489193452421239
0.0488880322601221
0.0488757946506758
0.0489066802165703
0.0489370547170375
0.0489667620841612
0.0489956956708790
0.0490237813021685
0.0490509680424345
0.0490772223209068
0.0491025238576823
0.0491268626844837
0.0491502368886038
0.0491726508631285
0.0491941139266656
0.0492146392210131
0.0492342428227640
0.0492529430223199
0.0492707597356306
0.0492877140223305
0.0493038276897820
0.0493191229669275
0.0493336222353562
0.0493473478072385
0.0493603217420017
0.0493725656950596
0.0493841007930995
0.0493949475314836
0.0494051256900741
0.0494146542643824
0.0494235514095150
0.0494318343947916
0.0494395195672219
0.0494466223223652
0.0494531570812933
0.0494591372725766
0.0494645753184334
0.0494694826241814
0.0494738695704541
0.0494777455075607
0.0494811187515243
0.0494839965814481
0.0494863852378407
0.0494882899216482
0.0494897147937619
0.0494906629748448
0.0494911365452941
0.0494911365452941
0.0494906629748448
0.0494897147937619
0.0494882899216481
0.0494863852378407
0.0494839965814481
0.0494811187515243
0.0494777455075607
0.0494738695704541
0.0494694826241814
0.0494645753184334
0.0494591372725766
0.0494531570812933
0.0494466223223652
0.0494395195672219
0.0494318343947916
0.0494235514095150
0.0494146542643823
0.0494051256900741
0.0493949475314836
0.0493841007930995
0.0493725656950596
0.0493603217420017
0.0493473478072385
0.0493336222353563
0.0493191229669275
0.0493038276897820
0.0492877140223305
0.0492707597356306
0.0492529430223199
0.0492342428227640
0.0492146392210131
0.0491941139266656
0.0491726508631285
0.0491502368886038
0.0491268626844837
0.0491025238576823
0.0490772223209068
0.0490509680424345
0.0490237813021685
0.0489956956708790
0.0489667620841612
0.0489370547170375
0.0489066802165703
0.0488757946506758
0.0488629954385443
0.0488934262066915
0.0489233491125473
0.0489526097656730
0.0489811031152918
0.0490087564619156
0.0490355201973643
0.0490613619133197
0.0490862623196298
0.0491102122651009
0.0491332104874686
0.0491552618740837
0.0491763760949686
0.0491965665154342
0.0492158493232042
0.0492342428227639
0.0492517668617971
0.0492684423629277
0.0492842909402169
0.0492993345842013
0.0493135954028193
0.0493270954080576
0.0493398563401682
0.0493518995228969
0.0493632457443660
0.0493739151592427
0.0493839272085826
0.0493933005543737
0.0494020530263720
0.0494102015790655
0.0494177622571619
0.0494247501680603
0.0494311794601791
0.0494370633060314
0.0494424138892575
0.0494472423948151
0.0494515590017688
0.0494553728780822
0.0494586921770472
0.0494615240349029
0.0494638745693952
0.0494657488789570
0.0494671510423587
0.0494680841185857
0.0494685501468990
0.0494685501468990
0.0494680841185857
0.0494671510423587
0.0494657488789570
0.0494638745693952
0.0494615240349029
0.0494586921770472
0.0494553728780822
0.0494515590017688
0.0494472423948151
0.0494424138892575
0.0494370633060314
0.0494311794601791
0.0494247501680603
0.0494177622571619
0.0494102015790656
0.0494020530263720
0.0493933005543737
0.0493839272085826
0.0493739151592427
0.0493632457443660
0.0493518995228969
0.0493398563401682
0.0493270954080576
0.0493135954028193
0.0492993345842014
0.0492842909402169
0.0492684423629277
0.0492517668617971
0.0492342428227640
0.0492158493232042
0.0491965665154342
0.0491763760949685
0.0491552618740837
0.0491332104874686
0.0491102122651009
0.0490862623196298
0.0490613619133197
0.0490355201973643
0.0490087564619155
0.0489811031152918
0.0489526097656730
0.0489233491125473
0.0488934262066915
0.0488629954385443
0.0488496262840223
0.0488795733521175
0.0489090161418195
0.0489378021620230
0.0489658281551470
0.0489930230625291
0.0490193387337494
0.0490447440178262
0.0490692206757323
0.0490927604046901
0.0491153625986485
0.0491370326241771
0.0491577804714798
0.0491776196861444
0.0491965665154342
0.0492146392210131
0.0492318575224695
0.0492482421446234
0.0492638144478645
0.0492785961254188
0.0492926089549438
0.0493058745942780
0.0493184144135680
0.0493302493571602
0.0493413998300994
0.0493518856050586
0.0493617257461142
0.0493709385466353
0.0493795414787774
0.0493875511527225
0.0493949832839914
0.0494018526673998
0.0494081731565777
0.0494139576480277
0.0494192180688875
0.0494239653677497
0.0494282095078812
0.0494319594624031
0.0494352232109666
0.0494380077375937
0.0494403190293579
0.0494421620756886
0.0494435408680777
0.0494444584000288
0.0494449166671239
0.0494449166671239
0.0494444584000288
0.0494435408680777
0.0494421620756886
0.0494403190293578
0.0494380077375937
0.0494352232109666
0.0494319594624030
0.0494282095078812
0.0494239653677497
0.0494192180688875
0.0494139576480277
0.0494081731565777
0.0494018526673998
0.0493949832839914
0.0493875511527225
0.0493795414787774
0.0493709385466353
0.0493617257461143
0.0493518856050586
0.0493413998300994
0.0493302493571602
0.0493184144135680
0.0493058745942780
0.0492926089549438
0.0492785961254188
0.0492638144478645
0.0492482421446234
0.0492318575224695
0.0492146392210131
0.0491965665154342
0.0491776196861443
0.0491577804714798
0.0491370326241771
0.0491153625986485
0.0490927604046900
0.0490692206757323
0.0490447440178262
0.0490193387337494
0.0489930230625291
0.0489658281551470
0.0489378021620230
0.0489090161418196
0.0488795733521175
0.0488496262840223
0.0488356800880452
0.0488651129418292
0.0488940455473147
0.0489223275717234
0.0489498577763675
0.0489765669279004
0.0490024084735216
0.0490273526154775
0.0490513822213392
0.0490744898572960
0.0490966755653698
0.0491179451608585
0.0491383089071099
0.0491577804714798
0.0491763760949685
0.0491941139266656
0.0492110134869213
0.0492270952320837
0.0492423802000953
0.0492568897208853
0.0492706451791896
0.0492836678198513
0.0492959785879524
0.0493075979973790
0.0493185460229461
0.0493288420118957
0.0493385046115124
0.0493475517100636
0.0493560003888621
0.0493638668835211
0.0493711665529030
0.0493779138543958
0.0493841223244167
0.0493898045632769
0.0493949722235767
0.0493996360014414
0.0494038056301159
0.0494074898753700
0.0494106965323486
0.0494134324235125
0.0494157033974108
0.0494175143280091
0.0494188691144250
0.0494197706808807
0.0494202209767738
0.0494202209767738
0.0494197706808807
0.0494188691144250
0.0494175143280091
0.0494157033974108
0.0494134324235125
0.0494106965323486
0.0494074898753700
0.0494038056301159
0.0493996360014413
0.0493949722235767
0.0493898045632769
0.0493841223244167
0.0493779138543958
0.0493711665529030
0.0493638668835211
0.0493560003888621
0.0493475517100636
0.0493385046115124
0.0493288420118957
0.0493185460229461
0.0493075979973790
0.0492959785879524
0.0492836678198513
0.0492706451791895
0.0492568897208853
0.0492423802000953
0.0492270952320837
0.0492110134869213
0.0491941139266656
0.0491763760949685
0.0491577804714799
0.0491383089071099
0.0491179451608585
0.0490966755653698
0.0490744898572960
0.0490513822213392
0.0490273526154775
0.0490024084735216
0.0489765669279004
0.0489498577763676
0.0489223275717234
0.0488940455473147
0.0488651129418291
0.0488356800880452
0.0488211513181558
0.0488500377362909
0.0488784284644222
0.0489061756323948
0.0489331802796703
0.0489593752030332
0.0489847155948741
0.0490091731035285
0.0490327317476430
0.0490553849666164
0.0490771334233507
0.0490979833314329
0.0491179451608585
0.0491370326241771
0.0491552618740837
0.0491726508631285
0.0491892188290859
0.0492049858789288
0.0492199726508032
0.0492342000383303
0.0492476889650149
0.0492604601992560
0.0492725342024266
0.0492839310040639
0.0492946700993310
0.0493047703649162
0.0493142499901456
0.0493231264208070
0.0493314163134152
0.0493391354982987
0.0493462989499000
0.0493529207631298
0.0493590141347063
0.0493645913486033
0.0493696637648647
0.0493742418111789
0.0493783349766398
0.0493819518072866
0.0493850999030079
0.0493877859155096
0.0493900155470670
0.0493917935498333
0.0493931237255330
0.0493940089253839
0.0493944510501345
0.0493944510501345
0.0493940089253839
0.0493931237255330
0.0493917935498333
0.0493900155470670
0.0493877859155096
0.0493850999030079
0.0493819518072866
0.0493783349766398
0.0493742418111789
0.0493696637648646
0.0493645913486033
0.0493590141347063
0.0493529207631298
0.0493462989499000
0.0493391354982987
0.0493314163134152
0.0493231264208070
0.0493142499901456
0.0493047703649162
0.0492946700993310
0.0492839310040639
0.0492725342024266
0.0492604601992560
0.0492476889650149
0.0492342000383303
0.0492199726508032
0.0492049858789288
0.0491892188290859
0.0491726508631285
0.0491552618740837
0.0491370326241771
0.0491179451608585
0.0490979833314329
0.0490771334233507
0.0490553849666164
0.0490327317476430
0.0490091731035285
0.0489847155948741
0.0489593752030334
0.0489331802796703
0.0489061756323948
0.0488784284644222
0.0488500377362909
0.0488211513181557
0.0488060363973673
0.0488343423528860
0.0488621578091879
0.0488893377188188
0.0489157856974618
0.0489414367973261
0.0489662481073263
0.0489901928053222
0.0490132560869981
0.0490354322456652
0.0490567225123736
0.0490771334233507
0.0490966755653696
0.0491153625986485
0.0491332104874686
0.0491502368886038
0.0491664606612556
0.0491819014717603
0.0491965794728362
0.0492105150421663
0.0492237285685490
0.0492362402764393
0.0492480700818511
0.0492592374737414
0.0492697614165569
0.0492796602700834
0.0492889517237734
0.0492976527429986
0.0493057795252756
0.0493133474648059
0.0493203711238763
0.0493268642100270
0.0493328395579665
0.0493383091153881
0.0493432839320616
0.0493477741515040
0.0493517890048109
0.0493553368061732
0.0493584249497188
0.0493610599074225
0.0493632472277375
0.0493649915348188
0.0493662965281254
0.0493671649822481
0.0493675987468900
0.0493675987468900
0.0493671649822481
0.0493662965281254
0.0493649915348188
0.0493632472277376
0.0493610599074225
0.0493584249497188
0.0493553368061731
0.0493517890048109
0.0493477741515040
0.0493432839320616
0.0493383091153881
0.0493328395579665
0.0493268642100270
0.0493203711238763
0.0493133474648059
0.0493057795252757
0.0492976527429986
0.0492889517237734
0.0492796602700834
0.0492697614165569
0.0492592374737414
0.0492480700818511
0.0492362402764393
0.0492237285685490
0.0492105150421663
0.0491965794728362
0.0491819014717603
0.0491664606612556
0.0491502368886038
0.0491332104874686
0.0491153625986485
0.0490966755653696
0.0490771334233507
0.0490567225123736
0.0490354322456652
0.0490132560869981
0.0489901928053222
0.0489662481073263
0.0489414367973261
0.0489157856974618
0.0488893377188188
0.0488621578091879
0.0488343423528860
0.0488060363973673
0.0487903341718093
0.0488180237307476
0.0488452287488711
0.0488718074306282
0.0488976663101624
0.0489227429388134
0.0489469964497564
0.0489704016143179
0.0489929448022293
0.0490146211082817
0.0490354322456653
0.0490553849666164
0.0490744898572960
0.0490927604046900
0.0491102122651009
0.0491268626844837
0.0491427300348886
0.0491578334408788
0.0491721924764708
0.0491858269179942
0.0491987565417039
0.0492110009575145
0.0492225794721261
0.0492335109762212
0.0492438138514607
0.0492535058938764
0.0492626042508686
0.0492711253695020
0.0492790849542774
0.0492864979327392
0.0492933784276731
0.0492997397347992
0.0493055943049662
0.0493109537301588
0.0493158287325951
0.0493202291563606
0.0493241639611298
0.0493276412175256
0.0493306681037897
0.0493332509034924
0.0493353950040092
0.0493371048955467
0.0493383841706055
0.0493392355236746
0.0493396607511189
0.0493396607511189
0.0493392355236746
0.0493383841706055
0.0493371048955467
0.0493353950040092
0.0493332509034924
0.0493306681037897
0.0493276412175256
0.0493241639611298
0.0493202291563606
0.0493158287325951
0.0493109537301588
0.0493055943049662
0.0492997397347992
0.0492933784276731
0.0492864979327392
0.0492790849542774
0.0492711253695020
0.0492626042508686
0.0492535058938765
0.0492438138514607
0.0492335109762212
0.0492225794721261
0.0492110009575145
0.0491987565417039
0.0491858269179942
0.0491721924764708
0.0491578334408789
0.0491427300348886
0.0491268626844836
0.0491102122651009
0.0490927604046900
0.0490744898572960
0.0490553849666164
0.0490354322456653
0.0490146211082817
0.0489929448022293
0.0489704016143179
0.0489469964497564
0.0489227429388133
0.0488976663101624
0.0488718074306282
0.0488452287488711
0.0488180237307476
0.0487903341718093
0.0487740464787206
0.0488010816972768
0.0488276392798207
0.0488535811981354
0.0488788172955569
0.0489032878782505
0.0489269542548028
0.0489497928191718
0.0489717910686921
0.0489929448022293
0.0490132560869981
0.0490327317476430
0.0490513822213392
0.0490692206757323
0.0490862623196298
0.0491025238576823
0.0491180230544570
0.0491327783828658
0.0491468087385720
0.0491601332066028
0.0491727708697664
0.0491847406507857
0.0491960611819792
0.0492067506974464
0.0492168269439337
0.0492263071070553
0.0492352077504486
0.0492435447656053
0.0492513333306664
0.0492585878767869
0.0492653220607014
0.0492715487426361
0.0492772799685192
0.0492825269559208
0.0492873000829348
0.0492916088796182
0.0492954620213952
0.0492988673241419
0.0493018317405687
0.0493043613576193
0.0493064613946767
0.0493081362023637
0.0493093892617739
0.0493102231840073
0.0493106397098987
0.0493106397098987
0.0493102231840073
0.0493093892617739
0.0493081362023637
0.0493064613946767
0.0493043613576193
0.0493018317405687
0.0492988673241419
0.0492954620213952
0.0492916088796182
0.0492873000829348
0.0492825269559208
0.0492772799685191
0.0492715487426361
0.0492653220607014
0.0492585878767869
0.0492513333306664
0.0492435447656053
0.0492352077504486
0.0492263071070553
0.0492168269439337
0.0492067506974464
0.0491960611819792
0.0491847406507857
0.0491727708697664
0.0491601332066028
0.0491468087385720
0.0491327783828658
0.0491180230544570
0.0491025238576823
0.0490862623196298
0.0490692206757323
0.0490513822213392
0.0490327317476430
0.0490132560869981
0.0489929448022293
0.0489717910686921
0.0489497928191718
0.0489269542548028
0.0489032878782505
0.0488788172955569
0.0488535811981354
0.0488276392798207
0.0488010816972768
0.0487740464787206
0.0487571788449862
0.0487835196678015
0.0488093909483901
0.0488346590490218
0.0488592375621525
0.0488830698017336
0.0489061193441973
0.0489283641779944
0.0489497928191718
0.0489704016143179
0.0489901928053222
0.0490091731035285
0.0490273526154775
0.0490447440178262
0.0490613619133197
0.0490772223209068
0.0490923422674613
0.0491067394575646
0.0491204320044085
0.0491334382090442
0.0491457763784510
0.0491574646750034
0.0491685209916584
0.0491789628482535
0.0491888073053388
0.0491980708925732
0.0492067695493294
0.0492149185754797
0.0492225325907953
0.0492296255015181
0.0492362104730133
0.0492422999074820
0.0492479054259724
0.0492530378539341
0.0492577072097249
0.0492619226956028
0.0492656926906918
0.0492690247456492
0.0492719255785864
0.0492744010721261
0.0492764562712166
0.0492780953816265
0.0492793217688895
0.0492801379576381
0.0492805456311615
0.0492805456311615
0.0492801379576381
0.0492793217688895
0.0492780953816265
0.0492764562712166
0.0492744010721261
0.0492719255785864
0.0492690247456492
0.0492656926906918
0.0492619226956028
0.0492577072097249
0.0492530378539341
0.0492479054259724
0.0492422999074820
0.0492362104730133
0.0492296255015181
0.0492225325907953
0.0492149185754797
0.0492067695493294
0.0491980708925732
0.0491888073053388
0.0491789628482535
0.0491685209916584
0.0491574646750034
0.0491457763784510
0.0491334382090442
0.0491204320044085
0.0491067394575646
0.0490923422674613
0.0490772223209068
0.0490613619133197
0.0490447440178262
0.0490273526154775
0.0490091731035285
0.0489901928053222
0.0489704016143179
0.0489497928191718
0.0489283641779944
0.0489061193441973
0.0488830698017336
0.0488592375621525
0.0488346590490218
0.0488093909483901
0.0487835196678015
0.0487571788449862
0.0487397413603746
0.0487653455248401
0.0487904897692277
0.0488150456025425
0.0488389308465744
0.0488620920429698
0.0488844950536522
0.0489061193441973
0.0489269542548028
0.0489469964497564
0.0489662481073263
0.0489847155948741
0.0490024084735216
0.0490193387337494
0.0490355201973643
0.0490509680424345
0.0490656984211162
0.0490797281490966
0.0490930744511276
0.0491057547512051
0.0491177864986640
0.0491291870236147
0.0491399734163190
0.0491501624265253
0.0491597703793405
0.0491688131049499
0.0491773058799689
0.0491852633786131
0.0491926996320879
0.0491996279949977
0.0492060611176348
0.0492120109232011
0.0492174885892918
0.0492225045328359
0.0492270683979781
0.0492311890464705
0.0492348745500390
0.0492381321844502
0.0492409684249355
0.0492433889427020
0.0492453986023445
0.0492470014599401
0.0492482007616794
0.0492489989429089
0.0492493976275073
0.0492493976275073
0.0492489989429089
0.0492482007616794
0.0492470014599402
0.0492453986023444
0.0492433889427020
0.0492409684249355
0.0492381321844502
0.0492348745500390
0.0492311890464705
0.0492270683979781
0.0492225045328359
0.0492174885892918
0.0492120109232011
0.0492060611176348
0.0491996279949977
0.0491926996320879
0.0491852633786131
0.0491773058799689
0.0491688131049499
0.0491597703793405
0.0491501624265253
0.0491399734163190
0.0491291870236148
0.0491177864986641
0.0491057547512051
0.0490930744511276
0.0490797281490966
0.0490656984211162
0.0490509680424345
0.0490355201973643
0.0490193387337494
0.0490024084735216
0.0489847155948741
0.0489662481073263
0.0489469964497564
0.0489269542548028
0.0489061193441973
0.0488844950536522
0.0488620920429698
0.0488389308465744
0.0488150456025425
0.0487904897692277
0.0487653455248401
0.0487397413603746
0.0487217497923000
0.0487465727491913
0.0487709474289494
0.0487947514020056
0.0488179072073665
0.0488403647430730
0.0488620920429698
0.0488830698017336
0.0489032878782504
0.0489227429388133
0.0489414367973261
0.0489593752030332
0.0489765669279004
0.0489930230625291
0.0490087564619155
0.0490237813021685
0.0490381127213763
0.0490517665257152
0.0490647589470241
0.0490771064415499
0.0490888255221802
0.0490999326180275
0.0491104439566605
0.0491203754652278
0.0491297426873339
0.0491385607132099
0.0491468441211127
0.0491546069281851
0.0491618625493769
0.0491686237631936
0.0491749026832327
0.0491807107346345
0.0491860586346683
0.0491909563768779
0.0491954132181495
0.0491994376682537
0.0492030374815103
0.0492062196501217
0.0492089903989519
0.0492113551814564
0.0492133186765734
0.0492148847863632
0.0492160566342526
0.0492168365637945
0.0492172261377969
0.0492172261377969
0.0492168365637945
0.0492160566342526
0.0492148847863632
0.0492133186765734
0.0492113551814564
0.0492089903989519
0.0492062196501217
0.0492030374815103
0.0491994376682539
0.0491954132181495
0.0491909563768779
0.0491860586346683
0.0491807107346345
0.0491749026832327
0.0491686237631936
0.0491618625493769
0.0491546069281851
0.0491468441211127
0.0491385607132099
0.0491297426873339
0.0491203754652278
0.0491104439566605
0.0490999326180275
0.0490888255221802
0.0490771064415499
0.0490647589470241
0.0490517665257152
0.0490381127213763
0.0490237813021685
0.0490087564619156
0.0489930230625291
0.0489765669279004
0.0489593752030332
0.0489414367973261
0.0489227429388133
0.0489032878782504
0.0488830698017337
0.0488620920429698
0.0488403647430730
0.0488179072073665
0.0487947514020056
0.0487709474289494
0.0487465727491913
0.0487217497923000
0.0487032270499046
0.0487272219226862
0.0487507829291913
0.0487737947820193
0.0487961851460008
0.0488179072073665
0.0488389308465744
0.0488592375621526
0.0488788172955568
0.0488976663101624
0.0489157856974618
0.0489331802796703
0.0489498577763676
0.0489658281551470
0.0489811031152918
0.0489956956708790
0.0490096198099397
0.0490228902132783
0.0490355220207155
0.0490475306357396
0.0490589315615201
0.0490697402628816
0.0490799720498085
0.0490896419791166
0.0490987647712485
0.0491073547400914
0.0491154257336132
0.0491229910838710
0.0491300635649229
0.0491366553574849
0.0491427780193563
0.0491484424607477
0.0491536589237958
0.0491584369656003
0.0491627854443151
0.0491667125077076
0.0491702255839350
0.0491733313740444
0.0491760358460190
0.0491783442300409
0.0491802610147572
0.0491817899444366
0.0491829340167975
0.0491836954814024
0.0491840758385446
0.0491840758385446
0.0491836954814024
0.0491829340167975
0.0491817899444366
0.0491802610147572
0.0491783442300409
0.0491760358460190
0.0491733313740444
0.0491702255839350
0.0491667125077077
0.0491627854443151
0.0491584369656003
0.0491536589237958
0.0491484424607478
0.0491427780193563
0.0491366553574849
0.0491300635649229
0.0491229910838710
0.0491154257336132
0.0491073547400914
0.0490987647712485
0.0490896419791166
0.0490799720498085
0.0490697402628816
0.0490589315615201
0.0490475306357396
0.0490355220207155
0.0490228902132783
0.0490096198099397
0.0489956956708790
0.0489811031152918
0.0489658281551470
0.0489498577763676
0.0489331802796703
0.0489157856974618
0.0488976663101624
0.0488788172955568
0.0488592375621526
0.0488389308465744
0.0488179072073665
0.0487961851460008
0.0487737947820193
0.0487507829291913
0.0487272219226862
0.0487032270499046
0.0486842051836547
0.0487073228210608
0.0487300249660231
0.0487522046483594
0.0487737947820193
0.0487947514020056
0.0488150456025425
0.0488346590490218
0.0488535811981354
0.0488718074306282
0.0488893377188188
0.0489061756323948
0.0489223275717234
0.0489378021620230
0.0489526097656730
0.0489667620841612
0.0489802718296881
0.0489931524519283
0.0490054179093099
0.0490170824765851
0.0490281605823244
0.0490386666713883
0.0490486150881982
0.0490580199777063
0.0490668952011909
0.0490752542647978
0.0490831102588201
0.0490904758062657
0.0490973630192728
0.0491037834623016
0.0491097481211390
0.0491152673768105
0.0491203509837522
0.0491250080516311
0.0491292470301780
0.0491330756967225
0.0491365011458934
0.0491395297812249
0.0491421673083469
0.0491444187295107
0.0491462883392187
0.0491477797207949
0.0491488957437596
0.0491496385618538
0.0491500096116505
0.0491500096116505
0.0491496385618538
0.0491488957437596
0.0491477797207949
0.0491462883392187
0.0491444187295107
0.0491421673083469
0.0491395297812249
0.0491365011458934
0.0491330756967225
0.0491292470301780
0.0491250080516311
0.0491203509837522
0.0491152673768105
0.0491097481211390
0.0491037834623016
0.0490973630192728
0.0490904758062657
0.0490831102588201
0.0490752542647978
0.0490668952011909
0.0490580199777063
0.0490486150881982
0.0490386666713883
0.0490281605823244
0.0490170824765851
0.0490054179093099
0.0489931524519283
0.0489802718296881
0.0489667620841612
0.0489526097656730
0.0489378021620230
0.0489223275717234
0.0489061756323948
0.0488893377188188
0.0488718074306282
0.0488535811981354
0.0488346590490218
0.0488150456025425
0.0487947514020056
0.0487737947820193
0.0487522046483594
0.0487300249660228
0.0487073228210608
0.0486842051836547
0.0486647282763616
0.0486869175519071
0.0487087156957416
0.0487300249660231
0.0487507829291911
0.0487709474289494
0.0487904897692277
0.0488093909483901
0.0488276392798207
0.0488452287488712
0.0488621578091879
0.0488784284644222
0.0488940455473146
0.0489090161418196
0.0489233491125474
0.0489370547170375
0.0489501442833715
0.0489626299401610
0.0489745243891138
0.0489858407127467
0.0489965922112110
0.0490067922634338
0.0490164542089143
0.0490255912468276
0.0490342163499670
0.0490423421912911
0.0490499810812794
0.0490571449145496
0.0490638451244172
0.0490700926442829
0.0490758978749152
0.0490812706567431
0.0490862202465093
0.0490907552976299
0.0490948838437502
0.0490986132850222
0.0491019503767048
0.0491049012197570
0.0491074712531206
0.0491096652474416
0.0491114873000000
0.0491129408306747
0.0491140285788312
0.0491147526009381
0.0491151142688890
0.0491151142688890
0.0491147526009381
0.0491140285788312
0.0491129408306747
0.0491114873000000
0.0491096652474416
0.0491074712531206
0.0491049012197570
0.0491019503767048
0.0490986132850222
0.0490948838437502
0.0490907552976299
0.0490862202465092
0.0490812706567431
0.0490758978749152
0.0490700926442829
0.0490638451244175
0.0490571449145496
0.0490499810812794
0.0490423421912911
0.0490342163499670
0.0490255912468276
0.0490164542089143
0.0490067922634338
0.0489965922112110
0.0489858407127467
0.0489745243891138
0.0489626299401610
0.0489501442833715
0.0489370547170375
0.0489233491125475
0.0489090161418196
0.0488940455473146
0.0488784284644222
0.0488621578091879
0.0488452287488712
0.0488276392798207
0.0488093909483901
0.0487904897692277
0.0487709474289494
0.0487507829291913
0.0487300249660231
0.0487087156957416
0.0486869175519072
0.0486647282763616
0.0486448570124103
0.0486660659031097
0.0486869175519071
0.0487073228210608
0.0487272219226862
0.0487465727491913
0.0487653455248401
0.0487835196678015
0.0488010816972768
0.0488180237307476
0.0488343423528860
0.0488500377362909
0.0488651129418291
0.0488795733521175
0.0488934262066915
0.0489066802165704
0.0489193452421239
0.0489314320220241
0.0489429519440821
0.0489539168506829
0.0489643388730848
0.0489742302900236
0.0489836034067436
0.0489924704515181
0.0490008434869709
0.0490087343341169
0.0490161545073501
0.0490231151586931
0.0490296270302678
0.0490357004135837
0.0490413451148983
0.0490465704257295
0.0490513850978249
0.0490557973219664
0.0490598147101210
0.0490634442803738
0.0490666924443772
0.0490695649968482
0.0490720671068881
0.0490742033108751
0.0490759775066401
0.0490773929488111
0.0490784522451805
0.0490791573538895
0.0490795095814577
0.0490795095814577
0.0490791573538895
0.0490784522451805
0.0490773929488111
0.0490759775066401
0.0490742033108751
0.0490720671068881
0.0490695649968482
0.0490666924443772
0.0490634442803738
0.0490598147101210
0.0490557973219664
0.0490513850978249
0.0490465704257295
0.0490413451148983
0.0490357004135837
0.0490296270302678
0.0490231151586931
0.0490161545073501
0.0490087343341169
0.0490008434869709
0.0489924704515181
0.0489836034067436
0.0489742302900236
0.0489643388730848
0.0489539168506829
0.0489429519440821
0.0489314320220241
0.0489193452421239
0.0489066802165704
0.0488934262066915
0.0488795733521175
0.0488651129418291
0.0488500377362909
0.0488343423528860
0.0488180237307476
0.0488010816972768
0.0487835196678015
0.0487653455248401
0.0487465727491913
0.0487272219226862
0.0487073228210608
0.0486869175519071
0.0486660659031097
0.0486448570124103
0.0486246771273236
0.0486448570124103
0.0486647282763616
0.0486842051836547
0.0487032270499046
0.0487217497923000
0.0487397413603746
0.0487571788449862
0.0487740464787206
0.0487903341718093
0.0488060363973673
0.0488211513181556
0.0488356800880452
0.0488496262840223
0.0488629954385443
0.0488757946506758
0.0488880322601221
0.0488997175723276
0.0489108606253826
0.0489214719916708
0.0489315626085125
0.0489411436331777
0.0489502263185964
0.0489588219066575
0.0489669415364999
0.0489745961657131
0.0489817965025989
0.0489885529479619
0.0489948755451464
0.0490007739371606
0.0490062573299814
0.0490113344611431
0.0490160135729646
0.0490203023897171
0.0490242080982715
0.0490277373316994
0.0490308961554590
0.0490336900557897
0.0490361239300687
0.0490382020787706
0.0490399281989306
0.0490413053788322
0.0490423360938223
0.0490430222030932
0.0490433649473671
0.0490433649473671
0.0490430222030932
0.0490423360938223
0.0490413053788323
0.0490399281989306
0.0490382020787706
0.0490361239300686
0.0490336900557897
0.0490308961554590
0.0490277373316994
0.0490242080982715
0.0490203023897171
0.0490160135729645
0.0490113344611431
0.0490062573299814
0.0490007739371606
0.0489948755451464
0.0489885529479619
0.0489817965025989
0.0489745961657131
0.0489669415364999
0.0489588219066575
0.0489502263185964
0.0489411436331777
0.0489315626085125
0.0489214719916708
0.0489108606253826
0.0488997175723276
0.0488880322601221
0.0488757946506758
0.0488629954385443
0.0488496262840223
0.0488356800880452
0.0488211513181556
0.0488060363973673
0.0487903341718093
0.0487740464787206
0.0487571788449862
0.0487397413603746
0.0487217497923000
0.0487032270499046
0.0486842051836547
0.0486647282763616
0.0486448570124103
0.0486246771273236
0.9725007780874966
0.9729047943732521
0.9733026273997728
0.9736925622138952
0.9740733850649433
0.9744442144168499
0.9748044095328012
0.9751535126163599
0.9754912087805059
0.9758172967318586
0.9761316664439097
0.9764342816682609
0.9767251659436968
0.9770043912215025
0.9772720685021841
0.9775283400508545
0.9777733728745189
0.9780073532227331
0.9782304819274651
0.9784429704382902
0.9786450374391374
0.9788369059542880
0.9790188008681048
0.9791909467968081
0.9793535662614650
0.9795068781177997
0.9796510962078903
0.9797864282029815
0.9799130746093664
0.9800312279172534
0.9801410718716894
0.9802427808498333
0.9803365193301198
0.9804224414393315
0.9805006905705548
0.9805713990573059
0.9806346879018497
0.9806906665447848
0.9807394326752333
0.9807810720721091
0.9808156584751698
0.9808432534801019
0.9808639064565542
0.9808776544845276
0.9808845223086881
0.9808845223086881
0.9808776544845276
0.9808639064565542
0.9808432534801019
0.9808156584751698
0.9807810720721091
0.9807394326752373
0.9806906665447848
0.9806346879018497
0.9805713990573059
0.9805006905705548
0.9804224414393315
0.9803365193301198
0.9802427808498388
0.9801410718716894
0.9800312279172534
0.9799130746093664
0.9797864282029815
0.9796510962078903
0.9795068781177997
0.9793535662614650
0.9791909467968081
0.9790188008681081
0.9788369059542880
0.9786450374391374
0.9784429704382902
0.9782304819274651
0.9780073532227331
0.9777733728745189
0.9775283400508545
0.9772720685021841
0.9770043912215025
0.9767251659436968
0.9764342816682609
0.9761316664439097
0.9758172967318586
0.9754912087805059
0.9751535126163599
0.9748044095328012
0.9744442144168499
0.9740733850649433
0.9736925622138952
0.9733026273997728
0.9729047943732521
0.9725007780874966
0.9729047943732521
0.9733293792686959
0.9737468051687456
0.9741552895103468
0.9745536368575810
0.9749410055519693
0.9753168007142443
0.9756806114429234
0.9760321689129871
0.9763713162822464
0.9766979860371626
0.9770121823810619
0.9773139672209452
0.9776034488227657
0.9778807725043634
0.9781461129219901
0.9783996676248712
0.9786416516353630
0.9788722928683845
0.9790918282443527
0.9793005003820544
0.9794985547764340
0.9796862373875787
0.9798637925782797
0.9800314613485145
0.9801894798244216
0.9803380779650530
0.9804774784561268
0.9806078957646603
0.9807295353329432
0.9808425928914329
0.9809472538745377
0.9810436929259689
0.9811320734794980
0.9812125474055937
0.9812852547158077
0.9813503233133251
0.9814078687877282
0.9814579942436074
0.9815007901601324
0.9815363342775443
0.9815646915059273
0.9815859138526680
0.9816000403692483
0.9816070971106117
0.9816070971106117
0.9816000403692483
0.9815859138526680
0.9815646915059273
0.9815363342775443
0.9815007901601324
0.9814579942436074
0.9814078687877282
0.9813503233133251
0.9812852547158077
0.9812125474055937
0.9811320734794980
0.9810436929259689
0.9809472538745377
0.9808425928914329
0.9807295353329432
0.9806078957646603
0.9804774784561268
0.9803380779650530
0.9801894798244216
0.9800314613485145
0.9798637925782797
0.9796862373875787
0.9794985547764340
0.9793005003820544
0.9790918282443515
0.9788722928683845
0.9786416516353630
0.9783996676248712
0.9781461129219901
0.9778807725043634
0.9776034488227657
0.9773139672209452
0.9770121823810619
0.9766979860371626
0.9763713162822464
0.9760321689129871
0.9756806114429234
0.9753168007142443
0.9749410055519693
0.9745536368575810
0.9741552895103456
0.9737468051687456
0.9733293792686959
0.9729047943732521
0.9733026273997728
0.9737468051687492
0.9741831423951973
0.9746096849970726
0.9750251851154667
0.9754288005685194
0.9758199584932552
0.9761982799876111
0.9765635324778849
0.9769155968169390
0.9772544431771690
0.9775801126580067
0.9778927028479244
0.9781923562535737
0.9784792508797741
0.9787535924716357
0.9790156080662923
0.9792655405951368
0.9795036443410514
0.9797301810985615
0.9799454169179966
0.9801496193384976
0.9803430550318666
0.9805259877947544
0.9806986768367096
0.9808613753208781
0.9810143291197521
0.9811577757564917
0.9812919435040743
0.9814170506208295
0.9815333047032153
0.9816409021382635
0.9817400276429238
0.9818308538763174
0.9819135411164479
0.9819882369896195
0.9820550762467991
0.9821141805790142
0.9821656584661445
0.9822096050536845
0.9822461020539014
0.9822752176673005
0.9822970065216610
0.9823115096255246
0.9823187543357133
0.9823187543357133
0.9823115096255248
0.9822970065216610
0.9822752176673005
0.9822461020539014
0.9822096050536845
0.9821656584661445
0.9821141805790142
0.9820550762467991
0.9819882369896195
0.9819135411164479
0.9818308538763174
0.9817400276429238
0.9816409021382635
0.9815333047032153
0.9814170506208295
0.9812919435040666
0.9811577757564917
0.9810143291197521
0.9808613753208781
0.9806986768367096
0.9805259877947544
0.9803430550318666
0.9801496193384976
0.9799454169179966
0.9797301810985615
0.9795036443410514
0.9792655405951368
0.9790156080662923
0.9787535924716357
0.9784792508797741
0.9781923562535737
0.9778927028479244
0.9775801126580067
0.9772544431771690
0.9769155968169390
0.9765635324778849
0.9761982799876111
0.9758199584932552
0.9754288005685194
0.9750251851154667
0.9746096849970726
0.9741831423951973
0.9737468051687492
0.9733026273997728
0.9736925622138952
0.9741552895103456
0.9746096849970726
0.9750536106246251
0.9754857260425355
0.9759051534121336
0.9763113161550546
0.9767038491522808
0.9770825431014287
0.9774473071313641
0.9777981421193227
0.9781351207803337
0.9784583723155348
0.9787680702825946
0.9790644228363751
0.9793476647660172
0.9796180509290341
0.9798758507916828
0.9801213438621899
0.9803548158509878
0.9805765554310150
0.9807868514976489
0.9809859908461143
0.9811742562016359
0.9813519245469720
0.9815192657039041
0.9816765411293621
0.9818240028970242
0.9819618928343025
0.9820904417961076
0.9822098690514515
0.9823203817706995
0.9824221745948022
0.9825154292781938
0.9826003143908585
0.9826769850744700
0.9827455828401884
0.9828062354054140
0.9828590565601948
0.9829041460614274
0.9829415895473773
0.9829714584722630
0.9829938100539576
0.9830086872371032
0.9830161186655954
0.9830161186655954
0.9830086872371032
0.9829938100539576
0.9829714584722630
0.9829415895473773
0.9829041460614281
0.9828590565601867
0.9828062354054140
0.9827455828401884
0.9826769850744700
0.9826003143908594
0.9825154292781944
0.9824221745948022
0.9823203817706995
0.9822098690514515
0.9820904417961076
0.9819618928343025
0.9818240028970242
0.9816765411293621
0.9815192657039041
0.9813519245469720
0.9811742562016372
0.9809859908461153
0.9807868514976489
0.9805765554310150
0.9803548158509878
0.9801213438621899
0.9798758507916828
0.9796180509290341
0.9793476647660172
0.9790644228363751
0.9787680702825997
0.9784583723155348
0.9781351207803337
0.9777981421193227
0.9774473071313632
0.9770825431014287
0.9767038491522808
0.9763113161550546
0.9759051534121336
0.9754857260425355
0.9750536106246251
0.9746096849970726
0.9741552895103456
0.9736925622138952
0.9740733850649433
0.9745536368575810
0.9750251851154667
0.9754857260425355
0.9759338148951742
0.9763685174194795
0.9767892332843151
0.9771955945148815
0.9775874019433372
0.9779645827482372
0.9783271605449151
0.9786752334129656
0.9790089572125000
0.9793285325867886
0.9796341946326244
0.9799262045624523
0.9802048428933633
0.9804704038307116
0.9807231906034389
0.9809635115683877
0.9811916769442707
0.9814079960624684
0.9816127750530914
0.9818063148891087
0.9819889097379317
0.9821608455682710
0.9823223989762380
0.9824738361959251
0.9826154122690112
0.9827473703470384
0.9828699411096701
0.9829833422789266
0.9830877782175707
0.9831834395964000
0.9832705031218673
0.9833491313140845
0.9834194723255257
0.9834816597966100
0.9835358127397750
0.9835820354480136
0.9836204174232588
0.9836510333216812
0.9836739429117999
0.9836891910444764
0.9836968076313453
0.9836968076313453
0.9836891910444764
0.9836739429117999
0.9836510333216812
0.9836204174232588
0.9835820354480136
0.9835358127397750
0.9834816597966100
0.9834194723255257
0.9833491313140845
0.9832705031218659
0.9831834395964000
0.9830877782175707
0.9829833422789266
0.9828699411096701
0.9827473703470299
0.9826154122690112
0.9824738361959251
0.9823223989762380
0.9821608455682710
0.9819889097379317
0.9818063148891087
0.9816127750530914
0.9814079960624684
0.9811916769442707
0.9809635115683877
0.9807231906034389
0.9804704038307116
0.9802048428933633
0.9799262045624523
0.9796341946326244
0.9793285325867886
0.9790089572125000
0.9786752334129656
0.9783271605449151
0.9779645827482372
0.9775874019433372
0.9771955945148815
0.9767892332843151
0.9763685174194795
0.9759338148951742
0.9754857260425355
0.9750251851154667
0.9745536368575810
0.9740733850649433
0.9744442144168499
0.9749410055519693
0.9754288005685194
0.9759051534121336
0.9763685174194795
0.9768178931548581
0.9772526439056733
0.9776723861306642
0.9780769194772544
0.9784661796029832
0.9788402049467207
0.9791991124600049
0.9795430793394534
0.9798723289381379
0.9801871196792828
0.9804877361945189
0.9807744821498520
0.9810476743781767
0.9813076380435587
0.9815547026315380
0.9817891986079745
0.9820114546275213
0.9822217951935379
0.9824205386958845
0.9826079957639604
0.9827844678841405
0.9829502462412297
0.9831056107488694
0.9832508292393738
0.9833861567902492
0.9835118351644404
0.9836280923485319
0.9837351421737737
0.9838331840051757
0.9839224024906026
0.9840029673572988
0.9840750332507140
0.9841387396053757
0.9841942105452453
0.9842415548052521
0.9842808656726548
0.9843122209417807
0.9843356828814022
0.9843512982114566
0.9843590980866450
0.9843590980866450
0.9843512982114566
0.9843356828814022
0.9843122209417807
0.9842808656726516
0.9842415548052512
0.9841942105452453
0.9841387396053757
0.9840750332507140
0.9840029673572988
0.9839224024906026
0.9838331840051757
0.9837351421737698
0.9836280923485319
0.9835118351644404
0.9833861567902492
0.9832508292393738
0.9831056107488694
0.9829502462412297
0.9827844678841405
0.9826079957639628
0.9824205386958815
0.9822217951935387
0.9820114546275213
0.9817891986079745
0.9815547026315380
0.9813076380435587
0.9810476743781767
0.9807744821498520
0.9804877361945189
0.9801871196792828
0.9798723289381379
0.9795430793394534
0.9791991124600049
0.9788402049467207
0.9784661796029832
0.9780769194772544
0.9776723861306642
0.9772526439056733
0.9768178931548581
0.9763685174194795
0.9759051534121336
0.9754288005685194
0.9749410055519693
0.9744442144168499
0.9748044095328012
0.9753168007142441
0.9758199584932552
0.9763113161550546
0.9767892332843151
0.9772526439056733
0.9777008684328735
0.9781334992714190
0.9785503261799485
0.9789512852153692
0.9793364224953319
0.9797058676793201
0.9800598140482685
0.9803985032122297
0.9807222131513331
0.9810312487214766
0.9813259340228335
0.9816066062018596
0.9818736103788267
0.9821272954683959
0.9823680107203866
0.9825961028461595
0.9828119136247161
0.9830157779068762
0.9832080219504251
0.9833889620297667
0.9835589032787875
0.9837181387285771
0.9838669485080076
0.9840055991845997
0.9841343432209302
0.9842534185296867
0.9843630481121186
0.9844634397650294
0.9845547858465781
0.9846372630896616
0.9847110324557340
0.9847762390209872
0.9848330118892245
0.9848814641261499
0.9849216927106098
0.9849537784992124
0.9849777862014215
0.9849937643617772
0.9850017453489589
0.9850017453489589
0.9849937643617772
0.9849777862014215
0.9849537784992159
0.9849216927106098
0.9848814641261499
0.9848330118892245
0.9847762390209872
0.9847110324557340
0.9846372630896616
0.9845547858465781
0.9844634397650294
0.9843630481121142
0.9842534185296867
0.9841343432209303
0.9840055991845997
0.9838669485080076
0.9837181387285771
0.9835589032787877
0.9833889620297667
0.9832080219504251
0.9830157779068762
0.9828119136247137
0.9825961028461595
0.9823680107203866
0.9821272954683959
0.9818736103788267
0.9816066062018596
0.9813259340228335
0.9810312487214766
0.9807222131513331
0.9803985032122297
0.9800598140482685
0.9797058676793201
0.9793364224953319
0.9789512852153692
0.9785503261799485
0.9781334992714190
0.9777008684328735
0.9772526439056749
0.9767892332843151
0.9763113161550546
0.9758199584932552
0.9753168007142443
0.9748044095328012
0.9751535126163610
0.9756806114429234
0.9761982799876111
0.9767038491522808
0.9771955945148815
0.9776723861306642
0.9781334992714190
0.9785784973361611
0.9790071540970338
0.9794193997068934
0.9798152819597788
0.9801949377510421
0.9805585715808840
0.9809064390509734
0.9812388339876619
0.9815560782561423
0.9818585136076313
0.9821464950944214
0.9824203857056548
0.9826805519741606
0.9829273603581189
0.9831611742522184
0.9833823515114143
0.9835912423974804
0.9837881878744481
0.9839735181952369
0.9841475517294666
0.9843105939968700
0.9844629368679119
0.9846048579098673
0.9847366198513450
0.9848584701485806
0.9849706406344776
0.9850733472394545
0.9851667897695779
0.9852511517332141
0.9853266002067266
0.9853932857332502
0.9854513422466503
0.9855008870154984
0.9855420206036056
0.9855748268430874
0.9855993728150874
0.9856157088384135
0.9856238684623844
0.9856238684623844
0.9856157088384135
0.9855993728150874
0.9855748268430874
0.9855420206036056
0.9855008870154984
0.9854513422466473
0.9853932857332502
0.9853266002067266
0.9852511517332141
0.9851667897695779
0.9850733472394545
0.9849706406344776
0.9848584701485821
0.9847366198513450
0.9846048579098673
0.9844629368679119
0.9843105939968700
0.9841475517294666
0.9839735181952369
0.9837881878744481
0.9835912423974804
0.9833823515114143
0.9831611742522184
0.9829273603581189
0.9826805519741606
0.9824203857056556
0.9821464950944214
0.9818585136076333
0.9815560782561423
0.9812388339876619
0.9809064390509734
0.9805585715808840
0.9801949377510421
0.9798152819597788
0.9794193997068932
0.9790071540970340
0.9785784973361611
0.9781334992714190
0.9776723861306642
0.9771955945148815
0.9767038491522808
0.9761982799876111
0.9756806114429234
0.9751535126163599
0.9754912087805065
0.9760321689129886
0.9765635324778849
0.9770825431014287
0.9775874019433367
0.9780769194772544
0.9785503261799470
0.9790071540970338
0.9794471571248395
0.9798702549179458
0.9802764921869734
0.9806660084564800
0.9810390151574307
0.9813957779853417
0.9817366031217870
0.9820618263416742
0.9823718043123827
0.9826669075832195
0.9829475148965947
0.9832140085437369
0.9834667705570587
0.9837061795772355
0.9839326082697070
0.9841464211911440
0.9843479730274164
0.9845376071392500
0.9847156543628492
0.9848824320244829
0.9850382431324892
0.9851833757187808
0.9853181023038156
0.9854426794666478
0.9855573475003767
0.9856623301401012
0.9857578343498403
0.9858440501583784
0.9859211505348278
0.9859892912957136
0.9860486110377034
0.9860992310905842
0.9861412554847254
0.9861747709301626
0.9861998468039549
0.9862165351427372
0.9862248706388913
0.9862248706388913
0.9862165351427372
0.9861998468039549
0.9861747709301626
0.9861412554847254
0.9860992310905842
0.9860486110377034
0.9859892912957136
0.9859211505348234
0.9858440501583784
0.9857578343498403
0.9856623301401010
0.9855573475003767
0.9854426794666478
0.9853181023038156
0.9851833757187808
0.9850382431324892
0.9848824320244829
0.9847156543628492
0.9845376071392500
0.9843479730274164
0.9841464211911440
0.9839326082697070
0.9837061795772355
0.9834667705570587
0.9832140085437369
0.9829475148965947
0.9826669075832195
0.9823718043123827
0.9820618263416742
0.9817366031217870
0.9813957779853417
0.9810390151574307
0.9806660084564800
0.9802764921869734
0.9798702549179458
0.9794471571248395
0.9790071540970338
0.9785503261799470
0.9780769194772544
0.9775874019433367
0.9770825431014287
0.9765635324778849
0.9760321689129886
0.9754912087805059
0.9758172967318586
0.9763713162822464
0.9769155968169390
0.9774473071313632
0.9779645827482372
0.9784661796029832
0.9789512852153692
0.9794193997068932
0.9798702549179458
0.9803037568771906
0.9807199436263393
0.9811189536084830
0.9815010015557323
0.9818663598290334
0.9822153437977640
0.9825483002626785
0.9828655982063909
0.9831676213454605
0.9834547620956471
0.9837274166556093
0.9839859809866203
0.9842308475140666
0.9844624024154320
0.9846810233897249
0.9848870778203520
0.9850809212654728
0.9852628962178457
0.9854333310907105
0.9855925393894900
0.9857408190407906
0.9858784518501654
0.9860057030694693
0.9861228210520948
0.9862300369836299
0.9863275646736999
0.9864156003962176
0.9864943227713965
0.9865638926793240
0.9866244531987831
0.9866761295663832
0.9867190291496445
0.9867532414314459
0.9867788380013440
0.9867958725521554
0.9868043808788477
0.9868043808788477
0.9867958725521527
0.9867788380013440
0.9867532414314459
0.9867190291496445
0.9866761295663832
0.9866244531987831
0.9865638926793240
0.9864943227713965
0.9864156003962176
0.9863275646736999
0.9862300369836299
0.9861228210520948
0.9860057030694693
0.9858784518501654
0.9857408190407920
0.9855925393894900
0.9854333310907105
0.9852628962178457
0.9850809212654728
0.9848870778203520
0.9846810233897249
0.9844624024154320
0.9842308475140666
0.9839859809866203
0.9837274166556093
0.9834547620956471
0.9831676213454605
0.9828655982063909
0.9825483002626785
0.9822153437977640
0.9818663598290334
0.9815010015557323
0.9811189536084830
0.9807199436263393
0.9803037568771906
0.9798702549179458
0.9794193997068932
0.9789512852153692
0.9784661796029825
0.9779645827482372
0.9774473071313632
0.9769155968169390
0.9763713162822464
0.9758172967318586
0.9761316664439111
0.9766979860371622
0.9772544431771690
0.9777981421193227
0.9783271605449132
0.9788402049467207
0.9793364224953319
0.9798152819597788
0.9802764921869734
0.9807199436263393
0.9811456650861147
0.9815537910550748
0.9819445366000100
0.9823181778269520
0.9826750365047608
0.9830154678534426
0.9833398507665724
0.9836485799333931
0.9839420594523048
0.9842206976333271
0.9844849027501570
0.9847350795622085
0.9849716264594001
0.9851949331185027
0.9854053785790194
0.9856033296646828
0.9857891396919430
0.9859631474158803
0.9861256761734832
0.9862770331915449
0.9864175090305343
0.9865473771416268
0.9866668935178269
0.9867762964217894
0.9868758061771037
0.9869656250110472
0.9870459369387619
0.9871169076803096
0.9871786846037837
0.9872313966878267
0.9872751544993685
0.9873100501811565
0.9873361574464543
0.9873535315784738
0.9873622094312874
0.9873622094312874
0.9873535315784738
0.9873361574464543
0.9873100501811565
0.9872751544993685
0.9872313966878267
0.9871786846037837
0.9871169076803096
0.9870459369387619
0.9869656250110490
0.9868758061771037
0.9867762964217894
0.9866668935178269
0.9865473771416268
0.9864175090305343
0.9862770331915449
0.9861256761734832
0.9859631474158803
0.9857891396919430
0.9856033296646811
0.9854053785790194
0.9851949331185027
0.9849716264594001
0.9847350795622085
0.9844849027501570
0.9842206976333271
0.9839420594523048
0.9836485799333931
0.9833398507665724
0.9830154678534426
0.9826750365047608
0.9823181778269520
0.9819445366000179
0.9815537910550748
0.9811456650861147
0.9807199436263393
0.9802764921869734
0.9798152819597793
0.9793364224953328
0.9788402049467207
0.9783271605449151
0.9777981421193227
0.9772544431771690
0.9766979860371622
0.9761316664439111
0.9764342816682609
0.9770121823810619
0.9775801126580067
0.9781351207803337
0.9786752334129656
0.9791991124600049
0.9797058676793201
0.9801949377510421
0.9806660084564800
0.9811189536084830
0.9815537910550748
0.9819706491942217
0.9823697410780061
0.9827513441385459
0.9831157841536198
0.9834634224625600
0.9837946457006921
0.9841098575085405
0.9844094718044762
0.9846939073031469
0.9849635830369537
0.9852189146888107
0.9854603115843643
0.9856881742260629
0.9859028922700146
0.9861048428699074
0.9862943893237807
0.9864718799720928
0.9866376473042259
0.9867920072377989
0.9869352585419207
0.9870676823793337
0.9871895419464602
0.9873010821945196
0.9874025296166615
0.9874940920885835
0.9875759587523590
0.9876482999341966
0.9877112670888938
0.9877649927646233
0.9878095905822957
0.9878451552257272
0.9878717624384792
0.9878894690246164
0.9878983128512390
0.9878983128512390
0.9878894690246164
0.9878717624384792
0.9878451552257272
0.9878095905822957
0.9877649927646233
0.9877112670888938
0.9876482999341966
0.9875759587523693
0.9874940920885835
0.9874025296166615
0.9873010821945196
0.9871895419464602
0.9870676823793337
0.9869352585419210
0.9867920072377989
0.9866376473042259
0.9864718799720926
0.9862943893237807
0.9861048428699074
0.9859028922700146
0.9856881742260629
0.9854603115843643
0.9852189146888107
0.9849635830369537
0.9846939073031469
0.9844094718044762
0.9841098575085405
0.9837946457006921
0.9834634224625600
0.9831157841536198
0.9827513441385459
0.9823697410780061
0.9819706491942217
0.9815537910550748
0.9811189536084830
0.9806660084564800
0.9801949377510421
0.9797058676793201
0.9791991124600049
0.9786752334129656
0.9781351207803337
0.9775801126580067
0.9770121823810619
0.9764342816682609
0.9767251659436968
0.9773139672209497
0.9778927028479244
0.9784583723155348
0.9790089572125010
0.9795430793394534
0.9800598140482685
0.9805585715808840
0.9810390151574307
0.9815010015557323
0.9819445366000177
0.9823697410780061
0.9827768242247288
0.9831660628452925
0.9835377847229823
0.9838923553317991
0.9842301671289863
0.9845516308832354
0.9848571686209775
0.9851472078714693
0.9854221769578682
0.9856825011389884
0.9859285994453159
0.9861608820825312
0.9863797483039609
0.9865855846682707
0.9867787636183992
0.9869596423236233
0.9871285617427278
0.9872858458690700
0.9874318011272237
0.9875667158943772
0.9876908601254057
0.9878044850627096
0.9879078230148938
0.9880010871926455
0.9880844715885433
0.9881581508931550
0.9882222804387057
0.9882769961635398
0.9883224145921850
0.9883586328263129
0.9883857285421530
0.9884037599926220
0.9884127660102195
0.9884127660102195
0.9884037599926220
0.9883857285421530
0.9883586328263129
0.9883224145921850
0.9882769961635404
0.9882222804387035
0.9881581508931550
0.9880844715885433
0.9880010871926455
0.9879078230148938
0.9878044850627096
0.9876908601254057
0.9875667158943772
0.9874318011272237
0.9872858458690700
0.9871285617427269
0.9869596423236233
0.9867787636183992
0.9865855846682707
0.9863797483039609
0.9861608820825312
0.9859285994453159
0.9856825011389884
0.9854221769578682
0.9851472078714685
0.9848571686209775
0.9845516308832357
0.9842301671289863
0.9838923553317991
0.9835377847229823
0.9831660628452891
0.9827768242247288
0.9823697410780061
0.9819445366000069
0.9815010015557323
0.9810390151574307
0.9805585715808840
0.9800598140482685
0.9795430793394534
0.9790089572125010
0.9784583723155348
0.9778927028479244
0.9773139672209497
0.9767251659436957
0.9770043912215025
0.9776034488227657
0.9781923562535737
0.9787680702825997
0.9793285325867889
0.9798723289381378
0.9803985032122249
0.9809064390509734
0.9813957779853417
0.9818663598290330
0.9823181778269520
0.9827513441385461
0.9831660628452891
0.9835626085894114
0.9839413095158702
0.9843025335523415
0.9846466773110424
0.9849741570705272
0.9852854014201873
0.9855808452447388
0.9858609247935755
0.9861260736349297
0.9863767193331252
0.9866132807213025
0.9868361656637438
0.9870457692239963
0.9872424721686482
0.9874266397500930
0.9875986207194539
0.9877587465331517
0.9879073307174473
0.9880446683650906
0.9881710357408535
0.9882866899762687
0.9883918688369600
0.9884867905496743
0.9885716536760991
0.9886466370244811
0.9887118995901722
0.9887675805184183
0.9888137990830510
0.9888506546767667
0.9888782268089006
0.9888965751066305
0.9889057393188141
0.9889057393188141
0.9888965751066305
0.9888782268089006
0.9888506546767647
0.9888137990830510
0.9887675805184183
0.9887118995901722
0.9886466370244809
0.9885716536760991
0.9884867905496743
0.9883918688369600
0.9882866899762687
0.9881710357408535
0.9880446683650906
0.9879073307174473
0.9877587465331517
0.9875986207194539
0.9874266397500930
0.9872424721686482
0.9870457692239963
0.9868361656637438
0.9866132807213025
0.9863767193331252
0.9861260736349297
0.9858609247935755
0.9855808452447388
0.9852854014201873
0.9849741570705284
0.9846466773110424
0.9843025335523415
0.9839413095158702
0.9835626085894089
0.9831660628452937
0.9827513441385459
0.9823181778269520
0.9818663598290330
0.9813957779853417
0.9809064390509734
0.9803985032122249
0.9798723289381378
0.9793285325867889
0.9787680702825946
0.9781923562535737
0.9776034488227657
0.9770043912215013
0.9772720685021841
0.9778807725043634
0.9784792508797769
0.9790644228363751
0.9796341946326244
0.9801871196792824
0.9807222131513331
0.9812388339876619
0.9817366031217870
0.9822153437977640
0.9826750365047608
0.9831157841536198
0.9835377847229823
0.9839413095158688
0.9843266857184383
0.9846942823141505
0.9850444986458049
0.9853777550882753
0.9856944854184160
0.9859951305575877
0.9862801334307398
0.9865499347395975
0.9868049694854354
0.9870456641100811
0.9872724341478747
0.9874856823007779
0.9876857968647744
0.9878731504480823
0.9880480989316150
0.9882109806313908
0.9883621156280674
0.9885018052346468
0.9886303315788109
0.9887479572796288
0.9888549251999655
0.9889514582624568
0.9890377593141497
0.9891140110319530
0.9891803758578233
0.9892369959579752
0.9892839931990258
0.9893214691364417
0.9893495050105479
0.9893681617477791
0.9893774799630645
0.9893774799630645
0.9893681617477791
0.9893495050105479
0.9893214691364417
0.9892839931990258
0.9892369959579740
0.9891803758578233
0.9891140110319530
0.9890377593141497
0.9889514582624568
0.9888549251999655
0.9887479572796288
0.9886303315788109
0.9885018052346468
0.9883621156280674
0.9882109806313908
0.9880480989316148
0.9878731504480823
0.9876857968647744
0.9874856823007779
0.9872724341478747
0.9870456641100811
0.9868049694854354
0.9865499347395976
0.9862801334307398
0.9859951305575877
0.9856944854184160
0.9853777550882753
0.9850444986458049
0.9846942823141495
0.9843266857184383
0.9839413095158688
0.9835377847229823
0.9831157841536198
0.9826750365047608
0.9822153437977640
0.9817366031217870
0.9812388339876619
0.9807222131513331
0.9801871196792824
0.9796341946326244
0.9790644228363751
0.9784792508797769
0.9778807725043634
0.9772720685021841
0.9775283400508545
0.9781461129219901
0.9787535924716357
0.9793476647660172
0.9799262045624519
0.9804877361945189
0.9810312487214766
0.9815560782561423
0.9820618263416742
0.9825483002626785
0.9830154678534426
0.9834634224625601
0.9838923553317991
0.9843025335523415
0.9846942823141495
0.9850679705144652
0.9854239990276381
0.9857627911075475
0.9860847845109395
0.9863904250183703
0.9866801610984209
0.9869544395087857
0.9872137016710303
0.9874583806828863
0.9876888988607818
0.9879056657215562
0.9881090763297116
0.9882995099491484
0.9884773289481691
0.9886428779151549
0.9887964829492838
0.9889384510974755
0.9890690699097480
0.9891886070951282
0.9892973102568158
0.9893954066944239
0.9894831032577527
0.9895605862431482
0.9896280213223674
0.9896855534962110
0.9897333070668768
0.9897713856230330
0.9897998720340587
0.9898188284492130
0.9898282962994454
0.9898282962994454
0.9898188284492130
0.9897998720340587
0.9897713856230330
0.9897333070668768
0.9896855534962110
0.9896280213223674
0.9895605862431498
0.9894831032577527
0.9893954066944239
0.9892973102568158
0.9891886070951282
0.9890690699097483
0.9889384510974755
0.9887964829492838
0.9886428779151549
0.9884773289481691
0.9882995099491466
0.9881090763297116
0.9879056657215562
0.9876888988607818
0.9874583806828855
0.9872137016710303
0.9869544395087892
0.9866801610984209
0.9863904250183676
0.9860847845109409
0.9857627911075475
0.9854239990276381
0.9850679705144652
0.9846942823141495
0.9843025335523415
0.9838923553317991
0.9834634224625601
0.9830154678534426
0.9825483002626785
0.9820618263416742
0.9815560782561423
0.9810312487214766
0.9804877361945189
0.9799262045624519
0.9793476647660172
0.9787535924716364
0.9781461129219901
0.9775283400508545
0.9777733728745189
0.9783996676248712
0.9790156080662923
0.9796180509290341
0.9802048428933615
0.9807744821498520
0.9813259340228335
0.9818585136076333
0.9823718043123827
0.9828655982063910
0.9833398507665724
0.9837946457006921
0.9842301671289863
0.9846466773110424
0.9850444986458049
0.9854239990276381
0.9857855798690871
0.9861296662685325
0.9864566989148187
0.9867671274095997
0.9870614047515771
0.9873399827780041
0.9876033083987833
0.9878518204858222
0.9880859473085786
0.9883061044234855
0.9885126929427026
0.9887060981180129
0.9888866881886718
0.9890548134488238
0.9892108054977672
0.9893549766425264
0.9894876194250903
0.9896090062548419
0.9897193891244682
0.9898189993961231
0.9899080476427209
0.9899867235334316
0.9900551957544509
0.9901136119559062
0.9901620987186486
0.9902007615359838
0.9902296848041574
0.9902489318194483
0.9902585447782321
0.9902585447782321
0.9902489318194483
0.9902296848041574
0.9902007615359838
0.9901620987186486
0.9901136119559062
0.9900551957544509
0.9899867235334316
0.9899080476427209
0.9898189993961231
0.9897193891244673
0.9896090062548419
0.9894876194250903
0.9893549766425226
0.9892108054977672
0.9890548134488233
0.9888866881886718
0.9887060981180129
0.9885126929427026
0.9883061044234855
0.9880859473085786
0.9878518204858222
0.9876033083987770
0.9873399827780041
0.9870614047515771
0.9867671274095997
0.9864566989148187
0.9861296662685325
0.9857855798690871
0.9854239990276381
0.9850444986458049
0.9846466773110424
0.9842301671289863
0.9837946457006921
0.9833398507665724
0.9828655982063910
0.9823718043123827
0.9818585136076313
0.9813259340228335
0.9807744821498520
0.9802048428933615
0.9796180509290341
0.9790156080662923
0.9783996676248712
0.9777733728745189
0.9780073532227331
0.9786416516353630
0.9792655405951368
0.9798758507916828
0.9804704038307116
0.9810476743781767
0.9816066062018596
0.9821464950944233
0.9826669075832203
0.9831676213454605
0.9836485799333931
0.9841098575085411
0.9845516308832357
0.9849741570705284
0.9853777550882753
0.9857627911075475
0.9861296662685325
0.9864788066459395
0.9868106549633021
0.9871256637370389
0.9874242895984326
0.9877069885883365
0.9879742122593216
0.9882264044490746
0.9884639986131926
0.9886874156253965
0.9888970619680765
0.9890933282497280
0.9892765879946691
0.9894471966616203
0.9896054908515615
0.9897517876746399
0.9898863842484205
0.9900095573037192
0.9901215628806214
0.9902226360966691
0.9903129909734965
0.9903928203107568
0.9904622955971712
0.9905215669492535
0.9905707630721485
0.9906099912360756
0.9906393372629974
0.9906588655210298
0.9906686189220744
0.9906686189220744
0.9906588655210321
0.9906393372629974
0.9906099912360756
0.9905707630721485
0.9905215669492535
0.9904622955971712
0.9903928203107568
0.9903129909734965
0.9902226360966691
0.9901215628806214
0.9900095573037192
0.9898863842484205
0.9897517876746399
0.9896054908515615
0.9894471966616203
0.9892765879946691
0.9890933282497320
0.9888970619680765
0.9886874156253965
0.9884639986131915
0.9882264044490746
0.9879742122593216
0.9877069885883365
0.9874242895984326
0.9871256637370389
0.9868106549633021
0.9864788066459395
0.9861296662685325
0.9857627911075475
0.9853777550882753
0.9849741570705284
0.9845516308832357
0.9841098575085411
0.9836485799333931
0.9831676213454605
0.9826669075832195
0.9821464950944214
0.9816066062018596
0.9810476743781767
0.9804704038307116
0.9798758507916828
0.9792655405951368
0.9786416516353630
0.9780073532227331
0.9782304819274651
0.9788722928683845
0.9795036443410515
0.9801213438621899
0.9807231906034389
0.9813076380435587
0.9818736103788267
0.9824203857056556
0.9829475148965947
0.9834547620956471
0.9839420594523048
0.9844094718044762
0.9848571686209775
0.9852854014201873
0.9856944854184174
0.9860847845109409
0.9864566989148187
0.9868106549633021
0.9871470966536521
0.9874664786349754
0.9877692603839977
0.9880559013662308
0.9883268570167077
0.9885825754043858
0.9888234944680249
0.9890500397305736
0.9892626224144692
0.9894616378931896
0.9896474644237605
0.9898204621160895
0.9899809720982069
0.9901293158465311
0.9902657946535289
0.9903906892065349
0.9905042592619733
0.9906067433944993
0.9906983588078349
0.9907793011959228
0.9908497446425413
0.9909098415519084
0.9909597226017959
0.9909994967141621
0.9910292510374131
0.9910490509374172
0.9910589399927150
0.9910589399927150
0.9910490509374172
0.9910292510374131
0.9909994967141621
0.9909597226017959
0.9909098415519084
0.9908497446425413
0.9907793011959228
0.9906983588078349
0.9906067433944993
0.9905042592619733
0.9903906892065327
0.9902657946535289
0.9901293158465311
0.9899809720982069
0.9898204621160892
0.9896474644237605
0.9894616378931896
0.9892626224144692
0.9890500397305736
0.9888234944680249
0.9885825754043875
0.9883268570167077
0.9880559013662308
0.9877692603839977
0.9874664786349754
0.9871470966536521
0.9868106549633021
0.9864566989148187
0.9860847845109395
0.9856944854184174
0.9852854014201873
0.9848571686209775
0.9844094718044762
0.9839420594523051
0.9834547620956471
0.9829475148965947
0.9824203857056556
0.9818736103788273
0.9813076380435587
0.9807231906034389
0.9801213438621899
0.9795036443410515
0.9788722928683845
0.9782304819274651
0.9784429704382902
0.9790918282443515
0.9797301810985615
0.9803548158509878
0.9809635115683877
0.9815547026315380
0.9821272954683959
0.9826805519741606
0.9832140085437369
0.9837274166556093
0.9842206976333271
0.9846939073031469
0.9851472078714685
0.9855808452447388
0.9859951305575877
0.9863904250183676
0.9867671274095997
0.9871256637370389
0.9874664786349754
0.9877900282166612
0.9880967741206640
0.9883871785509327
0.9886617001471617
0.9889207905477596
0.9891648915354385
0.9893944326699000
0.9896098293313671
0.9898114811078896
0.9899997704726481
0.9901750617035947
0.9903377000069948
0.9904880108109009
0.9906262992002065
0.9907528494698347
0.9908679247744441
0.9909717668585029
0.9910645958503659
0.9911466101092565
0.9912179861134925
0.9912788783806880
0.9913294194136794
0.9913697196641718
0.9913998675103166
0.9914199292433196
0.9914299490602124
0.9914299490602120
0.9914199292433196
0.9913998675103166
0.9913697196641718
0.9913294194136794
0.9912788783806880
0.9912179861134925
0.9911466101092565
0.9910645958503659
0.9909717668585029
0.9908679247744396
0.9907528494698347
0.9906262992002065
0.9904880108109009
0.9903377000069948
0.9901750617035947
0.9899997704726481
0.9898114811078896
0.9896098293313671
0.9893944326699000
0.9891648915354385
0.9889207905477596
0.9886617001471617
0.9883871785509327
0.9880967741206648
0.9877900282166612
0.9874664786349754
0.9871256637370389
0.9867671274095997
0.9863904250183676
0.9859951305575877
0.9855808452447388
0.9851472078714685
0.9846939073031469
0.9842206976333271
0.9837274166556093
0.9832140085437369
0.9826805519741606
0.9821272954683959
0.9815547026315380
0.9809635115683877
0.9803548158509878
0.9797301810985615
0.9790918282443515
0.9784429704382902
0.9786450374391369
0.9793005003820544
0.9799454169179953
0.9805765554310151
0.9811916769442707
0.9817891986079762
0.9823680107203833
0.9829273603581189
0.9834667705570573
0.9839859809866220
0.9844849027501570
0.9849635830369537
0.9854221769578682
0.9858609247935755
0.9862801334307398
0.9866801610984209
0.9870614047515771
0.9874242895984326
0.9877692603839940
0.9880967741206648
0.9884072940201873
0.9887012844260403
0.9889792065829075
0.9892415151074037
0.9894886550490442
0.9897210594471445
0.9899391473054276
0.9901433219188143
0.9903339694960787
0.9905114580327060
0.9906761363916851
0.9908283335609021
0.9909683580565573
0.9910964974485330
0.9912130179866988
0.9913181643104619
0.9914121592256484
0.9914952035369486
0.9915674759231481
0.9916291328476760
0.9916803084955514
0.9917211147301245
0.9917516410652439
0.9917719546475537
0.9917821002458095
0.9917821002458095
0.9917719546475537
0.9917516410652439
0.9917211147301245
0.9916803084955514
0.9916291328476760
0.9915674759231481
0.9914952035369486
0.9914121592256484
0.9913181643104619
0.9912130179866988
0.9910964974485330
0.9909683580565573
0.9908283335609021
0.9906761363916851
0.9905114580327057
0.9903339694960787
0.9901433219188143
0.9899391473054276
0.9897210594471445
0.9894886550490442
0.9892415151074037
0.9889792065829075
0.9887012844260374
0.9884072940201873
0.9880967741206648
0.9877692603839940
0.9874242895984326
0.9870614047515771
0.9866801610984209
0.9862801334307398
0.9858609247935755
0.9854221769578682
0.9849635830369537
0.9844849027501570
0.9839859809866220
0.9834667705570587
0.9829273603581189
0.9823680107203877
0.9817891986079762
0.9811916769442707
0.9805765554310151
0.9799454169179953
0.9793005003820544
0.9786450374391369
0.9788369059542880
0.9794985547764363
0.9801496193384976
0.9807868514976525
0.9814079960624684
0.9820114546275213
0.9825961028461551
0.9831611742522184
0.9837061795772355
0.9842308475140666
0.9847350795622084
0.9852189146888107
0.9856825011389884
0.9861260736349297
0.9865499347395975
0.9869544395087857
0.9873399827780041
0.9877069885883420
0.9880559013662308
0.9883871785509327
0.9887012844260404
0.9889986849557937
0.9892798434639039
0.9895452170205202
0.9897952534253297
0.9900303886933931
0.9902510449656845
0.9904576287781557
0.9906505296324974
0.9908301188227712
0.9909967484758814
0.9911507507727968
0.9912924373206030
0.9914220986504788
0.9915400038200844
0.9916464001025208
0.9917415127456775
0.9918255447893064
0.9918986769281473
0.9919610674078184
0.9920128519596740
0.9920541437450665
0.9920850333230432
0.9921055886279160
0.9921158549554735
0.9921158549554735
0.9921055886279160
0.9920850333230432
0.9920541437450675
0.9920128519596740
0.9919610674078184
0.9918986769281473
0.9918255447893064
0.9917415127456775
0.9916464001025208
0.9915400038200844
0.9914220986504788
0.9912924373206030
0.9911507507727968
0.9909967484758814
0.9908301188227659
0.9906505296324974
0.9904576287781557
0.9902510449656845
0.9900303886933931
0.9897952534253297
0.9895452170205202
0.9892798434639039
0.9889986849557937
0.9887012844260374
0.9883871785509327
0.9880559013662308
0.9877069885883423
0.9873399827780041
0.9869544395087892
0.9865499347395975
0.9861260736349297
0.9856825011389884
0.9852189146888107
0.9847350795622084
0.9842308475140666
0.9837061795772355
0.9831611742522184
0.9825961028461551
0.9820114546275213
0.9814079960624684
0.9807868514976525
0.9801496193384976
0.9794985547764340
0.9788369059542880
0.9790188008681048
0.9796862373875787
0.9803430550318666
0.9809859908461153
0.9816127750530914
0.9822217951935386
0.9828119136247161
0.9833823515114143
0.9839326082697062
0.9844624024154318
0.9849716264594010
0.9854603115843643
0.9859285994453159
0.9863767193331252
0.9868049694854353
0.9872137016710303
0.9876033083987833
0.9879742122593216
0.9883268570167077
0.9886617001471617
0.9889792065829084
0.9892798434639039
0.9895640757354972
0.9898323624593963
0.9900851537255410
0.9903228880730159
0.9905459903400291
0.9907548698792343
0.9909499190790013
0.9911315121462175
0.9913000041073273
0.9914557299949824
0.9915990041906050
0.9917301198885921
0.9918493486850445
0.9919569402401038
0.9920531220201823
0.9921380991000369
0.9922120540122394
0.9922751466356869
0.9923275141141977
0.9923692707984689
0.9924005082059451
0.9924212949937047
0.9924316769414692
0.9924316769414692
0.9924212949937047
0.9924005082059451
0.9923692707984689
0.9923275141141977
0.9922751466356898
0.9922120540122394
0.9921380991000369
0.9920531220201810
0.9919569402401038
0.9918493486850467
0.9917301198885921
0.9915990041906134
0.9914557299949824
0.9913000041073273
0.9911315121462175
0.9909499190790013
0.9907548698792343
0.9905459903400291
0.9903228880730159
0.9900851537255410
0.9898323624593963
0.9895640757354973
0.9892798434639039
0.9889792065829084
0.9886617001471617
0.9883268570167077
0.9879742122593216
0.9876033083987833
0.9872137016710303
0.9868049694854353
0.9863767193331252
0.9859285994453159
0.9854603115843643
0.9849716264593997
0.9844624024154318
0.9839326082697062
0.9833823515114143
0.9828119136247161
0.9822217951935379
0.9816127750530914
0.9809859908461153
0.9803430550318666
0.9796862373875787
0.9790188008681048
0.9791909467968081
0.9798637925782797
0.9805259877947544
0.9811742562016372
0.9818063148891087
0.9824205386958815
0.9830157779068762
0.9835912423974804
0.9841464211911440
0.9846810233897249
0.9851949331185027
0.9856881742260629
0.9861608820825338
0.9866132807213025
0.9870456641100811
0.9874583806828863
0.9878518204858222
0.9882264044490746
0.9885825754043875
0.9889207905477596
0.9892415151074037
0.9895452170205230
0.9898323624593970
0.9901034120734794
0.9903588178371334
0.9905990204102436
0.9908244469333244
0.9910355091912941
0.9912326020893146
0.9914161023934448
0.9915863676956802
0.9917437355602435
0.9918885228454362
0.9920210251409254
0.9921415163247638
0.9922502482115466
0.9923474502761006
0.9924333294393791
0.9925080699054430
0.9925718330382333
0.9926247572707416
0.9926669580394587
0.9926985277375785
0.9927195356833765
0.9927300280992021
0.9927300280992021
0.9927195356833765
0.9926985277375785
0.9926669580394643
0.9926247572707416
0.9925718330382329
0.9925080699054430
0.9924333294393853
0.9923474502761006
0.9922502482115466
0.9921415163247685
0.9920210251409254
0.9918885228454362
0.9917437355602435
0.9915863676956802
0.9914161023934448
0.9912326020893146
0.9910355091912951
0.9908244469333244
0.9905990204102436
0.9903588178371334
0.9901034120734784
0.9898323624593980
0.9895452170205230
0.9892415151074037
0.9889207905477596
0.9885825754043875
0.9882264044490746
0.9878518204858222
0.9874583806828855
0.9870456641100811
0.9866132807213025
0.9861608820825312
0.9856881742260629
0.9851949331185027
0.9846810233897249
0.9841464211911440
0.9835912423974804
0.9830157779068762
0.9824205386958815
0.9818063148891087
0.9811742562016372
0.9805259877947544
0.9798637925782797
0.9791909467968081
0.9793535662614650
0.9800314613485145
0.9806986768367096
0.9813519245469720
0.9819889097379317
0.9826079957639628
0.9832080219504251
0.9837881878744479
0.9843479730274164
0.9848870778203520
0.9854053785790187
0.9859028922700146
0.9863797483039609
0.9868361656637438
0.9872724341478747
0.9876888988607818
0.9880859473085786
0.9884639986131915
0.9888234944680249
0.9891648915354401
0.9894886550490383
0.9897952534253296
0.9900851537255410
0.9903588178371334
0.9906166992627723
0.9908592404264516
0.9910868704176833
0.9913000031084210
0.9914990355870211
0.9916843468522926
0.9918562967531230
0.9920152251016101
0.9921614509573042
0.9922952720461885
0.9924169642935924
0.9925267814519514
0.9926249548070338
0.9927116929489692
0.9927871815954761
0.9928515834579281
0.9929050381408608
0.9929476620685413
0.9929795484315601
0.9930007671507819
0.9930113648521764
0.9930113648521764
0.9930007671507790
0.9929795484315628
0.9929476620685413
0.9929050381408608
0.9928515834579281
0.9927871815954761
0.9927116929489692
0.9926249548070338
0.9925267814519514
0.9924169642935924
0.9922952720461885
0.9921614509573075
0.9920152251016101
0.9918562967531230
0.9916843468522983
0.9914990355870211
0.9913000031084210
0.9910868704176833
0.9908592404264516
0.9906166992627723
0.9903588178371334
0.9900851537255410
0.9897952534253296
0.9894886550490383
0.9891648915354401
0.9888234944680249
0.9884639986131915
0.9880859473085786
0.9876888988607818
0.9872724341478747
0.9868361656637438
0.9863797483039658
0.9859028922700146
0.9854053785790187
0.9848870778203520
0.9843479730274164
0.9837881878744479
0.9832080219504251
0.9826079957639604
0.9819889097379317
0.9813519245469731
0.9806986768367096
0.9800314613485145
0.9793535662614650
0.9795068781177997
0.9801894798244216
0.9808613753208781
0.9815192657039041
0.9821608455682710
0.9827844678841432
0.9833889620297667
0.9839735181952369
0.9845376071392500
0.9850809212654750
0.9856033296646828
0.9861048428699074
0.9865855846682707
0.9870457692239963
0.9874856823007770
0.9879056657215581
0.9883061044234855
0.9886874156253965
0.9890500397305736
0.9893944326698996
0.9897210594471458
0.9900303886933931
0.9903228880730159
0.9905990204102436
0.9908592404264477
0.9911039919959342
0.9913337058445439
0.9915487976223395
0.9917496662928196
0.9919366928049709
0.9921102389823417
0.9922706466144287
0.9924182367123648
0.9925533089027408
0.9926761409391625
0.9927869883101347
0.9928860839286430
0.9929736378877476
0.9930498372715633
0.9931148460096715
0.9931688047671201
0.9932118308636170
0.9932440182137628
0.9932654372851246
0.9932761350705708
0.9932761350705708
0.9932654372851246
0.9932440182137628
0.9932118308636170
0.9931688047671201
0.9931148460096715
0.9930498372715633
0.9929736378877484
0.9928860839286430
0.9927869883101347
0.9926761409391625
0.9925533089027408
0.9924182367123648
0.9922706466144287
0.9921102389823417
0.9919366928049714
0.9917496662928196
0.9915487976223385
0.9913337058445477
0.9911039919959329
0.9908592404264477
0.9905990204102436
0.9903228880730159
0.9900303886933932
0.9897210594471434
0.9893944326698996
0.9890500397305736
0.9886874156253965
0.9883061044234855
0.9879056657215562
0.9874856823007770
0.9870457692239963
0.9865855846682707
0.9861048428699074
0.9856033296646808
0.9850809212654728
0.9845376071392500
0.9839735181952369
0.9833889620297667
0.9827844678841432
0.9821608455682710
0.9815192657039041
0.9808613753208781
0.9801894798244216
0.9795068781177997
0.9796510962078931
0.9803380779650530
0.9810143291197521
0.9816765411293621
0.9823223989762374
0.9829502462412280
0.9835589032787875
0.9841475517294666
0.9847156543628492
0.9852628962178457
0.9857891396919430
0.9862943893237807
0.9867787636183992
0.9872424721686482
0.9876857968647744
0.9881090763297116
0.9885126929427026
0.9888970619680765
0.9892626224144692
0.9896098293313671
0.9899391473054276
0.9902510449656899
0.9905459903400291
0.9908244469333244
0.9910868704176833
0.9913337058445439
0.9915653852992994
0.9917823259315707
0.9919849283188055
0.9921735750899514
0.9923486297910892
0.9925104359465554
0.9926593162886004
0.9927955721280928
0.9929194828446323
0.9930313054763729
0.9931312743926176
0.9932196010353770
0.9932964737171437
0.9933620574649307
0.9934164939008080
0.9934599011533201
0.9934923737913768
0.9935139827778912
0.9935247754375806
0.9935247754375806
0.9935139827778912
0.9934923737913768
0.9934599011533201
0.9934164939008080
0.9933620574649307
0.9932964737171437
0.9932196010353770
0.9931312743926176
0.9930313054763729
0.9929194828446292
0.9927955721280928
0.9926593162886004
0.9925104359465554
0.9923486297910892
0.9921735750899517
0.9919849283188055
0.9917823259315707
0.9915653852992994
0.9913337058445439
0.9910868704176833
0.9908244469333244
0.9905459903400291
0.9902510449656899
0.9899391473054276
0.9896098293313671
0.9892626224144692
0.9888970619680765
0.9885126929427026
0.9881090763297116
0.9876857968647744
0.9872424721686482
0.9867787636183992
0.9862943893237807
0.9857891396919430
0.9852628962178457
0.9847156543628492
0.9841475517294666
0.9835589032787877
0.9829502462412297
0.9823223989762374
0.9816765411293621
0.9810143291197521
0.9803380779650530
0.9796510962078935
0.9797864282029815
0.9804774784561274
0.9811577757564917
0.9818240028970242
0.9824738361959237
0.9831056107488694
0.9837181387285771
0.9843105939968700
0.9848824320244829
0.9854333310907105
0.9859631474158803
0.9864718799720920
0.9869596423236233
0.9874266397500846
0.9878731504480823
0.9882995099491466
0.9887060981180129
0.9890933282497327
0.9894616378931896
0.9898114811078896
0.9901433219188120
0.9904576287781557
0.9907548698792343
0.9910355091912951
0.9913000031084210
0.9915487976223395
0.9917823259315707
0.9920010064510216
0.9922052411252219
0.9923954140291077
0.9925718902024557
0.9927350146843441
0.9928851117186308
0.9930224841021553
0.9931474126554047
0.9932601557941928
0.9933609491864436
0.9934500054801699
0.9935275140883972
0.9935936410231424
0.9936485287669047
0.9936922961762050
0.9937250384095777
0.9937468268764990
0.9937577092011697
0.9937577092011697
0.9937468268764990
0.9937250384095777
0.9936922961762050
0.9936485287668981
0.9935936410231424
0.9935275140883972
0.9934500054801699
0.9933609491864436
0.9932601557941928
0.9931474126554047
0.9930224841021553
0.9928851117186308
0.9927350146843438
0.9925718902024557
0.9923954140291077
0.9922052411252219
0.9920010064510216
0.9917823259315707
0.9915487976223395
0.9913000031084210
0.9910355091912951
0.9907548698792343
0.9904576287781557
0.9901433219188120
0.9898114811078885
0.9894616378931896
0.9890933282497327
0.9887060981180129
0.9882995099491466
0.9878731504480807
0.9874266397500930
0.9869596423236233
0.9864718799720920
0.9859631474158803
0.9854333310907105
0.9848824320244829
0.9843105939968700
0.9837181387285771
0.9831056107488694
0.9824738361959251
0.9818240028970242
0.9811577757564917
0.9804774784561274
0.9797864282029815
0.9799130746093665
0.9806078957646603
0.9812919435040743
0.9819618928343025
0.9826154122690093
0.9832508292393738
0.9838669485080084
0.9844629368679119
0.9850382431324892
0.9855925393894900
0.9861256761734832
0.9866376473042259
0.9871285617427269
0.9875986207194539
0.9880480989316122
0.9884773289481691
0.9888866881886721
0.9892765879946691
0.9896474644237605
0.9899997704726481
0.9903339694960787
0.9906505296324974
0.9909499190790013
0.9912326020893159
0.9914990355870241
0.9917496662928196
0.9919849283188055
0.9922052411252223
0.9924110078127026
0.9926026136920696
0.9927804250915134
0.9929447883666096
0.9930960290827002
0.9932344513425463
0.9933603372380116
0.9934739464050236
0.9935755156651830
0.9936652587404398
0.9937433660263626
0.9938100044157171
0.9938653171616605
0.9939094237738280
0.9939424199400581
0.9939643774708635
0.9939753442599404
0.9939753442599404
0.9939643774708635
0.9939424199400581
0.9939094237738280
0.9938653171616605
0.9938100044157171
0.9937433660263618
0.9936652587404398
0.9935755156651830
0.9934739464050192
0.9933603372380116
0.9932344513425463
0.9930960290827002
0.9929447883666096
0.9927804250915134
0.9926026136920696
0.9924110078127026
0.9922052411252223
0.9919849283188055
0.9917496662928196
0.9914990355870241
0.9912326020893146
0.9909499190790013
0.9906505296324974
0.9903339694960787
0.9899997704726481
0.9896474644237605
0.9892765879946691
0.9888866881886718
0.9884773289481691
0.9880480989316122
0.9875986207194539
0.9871285617427269
0.9866376473042259
0.9861256761734832
0.9855925393894900
0.9850382431324919
0.9844629368679119
0.9838669485080084
0.9832508292393738
0.9826154122690093
0.9819618928343025
0.9812919435040743
0.9806078957646603
0.9799130746093664
0.9800312279172534
0.9807295353329432
0.9814170506208295
0.9820904417961076
0.9827473703470299
0.9833861567902434
0.9840055991845997
0.9846048579098673
0.9851833757187808
0.9857408190407920
0.9862770331915449
0.9867920072377989
0.9872858458690700
0.9877587465331517
0.9882109806313908
0.9886428779151549
0.9890548134488233
0.9894471966616227
0.9898204621160892
0.9901750617035947
0.9905114580327060
0.9908301188227659
0.9911315121462175
0.9914161023934448
0.9916843468522983
0.9919366928049712
0.9921735750899568
0.9923954140291077
0.9926026136920696
0.9927955604392057
0.9929746217043248
0.9931401449815552
0.9932924569863624
0.9934318629640967
0.9935586461240294
0.9936730671781389
0.9937753639691490
0.9938657511716039
0.9939444200548537
0.9940115382965331
0.9940672498374820
0.9941116747704331
0.9941449092571895
0.9941670254671297
0.9941780715351556
0.9941780715351556
0.9941670254671297
0.9941449092571895
0.9941116747704331
0.9940672498374874
0.9940115382965331
0.9939444200548537
0.9938657511716039
0.9937753639691490
0.9936730671781389
0.9935586461240294
0.9934318629640967
0.9932924569863519
0.9931401449815552
0.9929746217043267
0.9927955604392044
0.9926026136920696
0.9923954140291077
0.9921735750899568
0.9919366928049712
0.9916843468522983
0.9914161023934459
0.9911315121462175
0.9908301188227659
0.9905114580327060
0.9901750617035947
0.9898204621160892
0.9894471966616203
0.9890548134488233
0.9886428779151549
0.9882109806313908
0.9877587465331517
0.9872858458690700
0.9867920072377989
0.9862770331915449
0.9857408190407920
0.9851833757187808
0.9846048579098673
0.9840055991845997
0.9833861567902434
0.9827473703470384
0.9820904417961076
0.9814170506208295
0.9807295353329432
0.9800312279172534
0.9801410718716894
0.9808425928914331
0.9815333047032153
0.9822098690514509
0.9828699411096701
0.9835118351644404
0.9841343432209302
0.9847366198513450
0.9853181023038156
0.9858784518501654
0.9864175090305343
0.9869352585419210
0.9874318011272237
0.9879073307174473
0.9883621156280674
0.9887964829492838
0.9892108054977671
0.9896054908515615
0.9899809720982069
0.9903377000069948
0.9906761363916851
0.9909967484758817
0.9913000041073263
0.9915863676956802
0.9918562967531230
0.9921102389823417
0.9923486297910892
0.9925718902024557
0.9927804250915113
0.9929746217043248
0.9931548484179921
0.9933214537062366
0.9934747652808276
0.9936150893825795
0.9937427101985200
0.9938578893861608
0.9939608656877170
0.9940518546199022
0.9941310482258336
0.9941986148797015
0.9942546991335057
0.9942994215994541
0.9943328788611329
0.9943551434081047
0.9943662635906045
0.9943662635906045
0.9943551434081133
0.9943328788611331
0.9942994215994541
0.9942546991335057
0.9941986148797015
0.9941310482258358
0.9940518546199022
0.9939608656877170
0.9938578893861608
0.9937427101985200
0.9936150893825795
0.9934747652808306
0.9933214537062366
0.9931548484179921
0.9929746217043267
0.9927804250915113
0.9925718902024557
0.9923486297910892
0.9921102389823417
0.9918562967531230
0.9915863676956802
0.9913000041073263
0.9909967484758817
0.9906761363916851
0.9903377000069948
0.9899809720982069
0.9896054908515615
0.9892108054977671
0.9887964829492838
0.9883621156280674
0.9879073307174473
0.9874318011272237
0.9869352585419210
0.9864175090305343
0.9858784518501653
0.9853181023038156
0.9847366198513450
0.9841343432209302
0.9835118351644404
0.9828699411096701
0.9822098690514509
0.9815333047032153
0.9808425928914331
0.9801410718716894
0.9802427808498388
0.9809472538745377
0.9816409021382595
0.9823203817706995
0.9829833422789266
0.9836280923485280
0.9842534185296865
0.9848584701485821
0.9854426794666478
0.9860057030694693
0.9865473771416268
0.9870676823793337
0.9875667158943772
0.9880446683650905
0.9885018052346487
0.9889384510974755
0.9893549766425264
0.9897517876746399
0.9901293158465311
0.9904880108109009
0.9908283335609021
0.9911507507727968
0.9914557299949821
0.9917437355602435
0.9920152251016101
0.9922706466144301
0.9925104359465554
0.9927350146843438
0.9929447883666096
0.9931401449815540
0.9933214537062366
0.9934890638527214
0.9936433039920806
0.9937844812280754
0.9939128805996538
0.9940287645911859
0.9941323727346607
0.9942239212876171
0.9943036029759330
0.9943715867892904
0.9944280178208342
0.9944730171431062
0.9945066817141380
0.9945290843078028
0.9945402734655707
0.9945402734655707
0.9945290843078028
0.9945066817141380
0.9944730171431051
0.9944280178208342
0.9943715867892904
0.9943036029759330
0.9942239212876171
0.9941323727346600
0.9940287645911859
0.9939128805996538
0.9937844812280754
0.9936433039920806
0.9934890638527187
0.9933214537062366
0.9931401449815540
0.9929447883666096
0.9927350146843438
0.9925104359465554
0.9922706466144287
0.9920152251016101
0.9917437355602435
0.9914557299949821
0.9911507507727968
0.9908283335609021
0.9904880108109009
0.9901293158465311
0.9897517876746414
0.9893549766425264
0.9889384510974755
0.9885018052346487
0.9880446683650906
0.9875667158943772
0.9870676823793337
0.9865473771416268
0.9860057030694683
0.9854426794666478
0.9848584701485806
0.9842534185296865
0.9836280923485319
0.9829833422789298
0.9823203817706995
0.9816409021382595
0.9809472538745377
0.9802427808498299
0.9803365193301198
0.9810436929259689
0.9817400276429238
0.9824221745948022
0.9830877782175707
0.9837351421737698
0.9843630481121186
0.9849706406344801
0.9855573475003732
0.9861228210520948
0.9866668935178269
0.9871895419464602
0.9876908601254057
0.9881710357408535
0.9886303315788109
0.9890690699097483
0.9894876194250903
0.9898863842484205
0.9902657946535289
0.9906262992002065
0.9909683580565573
0.9912924373206026
0.9915990041906134
0.9918885228454352
0.9921614509573075
0.9924182367123648
0.9926593162886004
0.9928851117186309
0.9930960290827002
0.9932924569863624
0.9934747652808306
0.9936433039920806
0.9937984024278950
0.9939403684368799
0.9940694877967706
0.9941860237120237
0.9942902164043214
0.9943822827805819
0.9944624161660568
0.9945307860921153
0.9945875381288133
0.9946327937551512
0.9946666502597492
0.9946891806679734
0.9947004336904457
0.9947004336904457
0.9946891806679734
0.9946666502597492
0.9946327937551512
0.9945875381288133
0.9945307860921153
0.9944624161660568
0.9943822827805819
0.9942902164043214
0.9941860237120237
0.9940694877967706
0.9939403684368799
0.9937984024278950
0.9936433039920806
0.9934747652808306
0.9932924569863624
0.9930960290827002
0.9928851117186309
0.9926593162886004
0.9924182367123648
0.9921614509573075
0.9918885228454352
0.9915990041906134
0.9912924373206026
0.9909683580565573
0.9906262992002065
0.9902657946535289
0.9898863842484205
0.9894876194250903
0.9890690699097483
0.9886303315788109
0.9881710357408535
0.9876908601254057
0.9871895419464602
0.9866668935178269
0.9861228210520948
0.9855573475003750
0.9849706406344801
0.9843630481121186
0.9837351421737698
0.9830877782175707
0.9824221745948022
0.9817400276429238
0.9810436929259689
0.9803365193301198
0.9804224414393315
0.9811320734794980
0.9818308538763174
0.9825154292781944
0.9831834395964025
0.9838331840051757
0.9844634397650294
0.9850733472394545
0.9856623301401012
0.9862300369836299
0.9867762964217894
0.9873010821945178
0.9878044850627092
0.9882866899762687
0.9887479572796288
0.9891886070951285
0.9896090062548419
0.9900095573037201
0.9903906892065327
0.9907528494698347
0.9910964974485313
0.9914220986504797
0.9917301198885856
0.9920210251409254
0.9922952720461885
0.9925533089027408
0.9927955721280928
0.9930224841021602
0.9932344513425463
0.9934318629640967
0.9936150893825795
0.9937844812280754
0.9939403684368793
0.9940830594970246
0.9942128408238029
0.9943299762454634
0.9944347065834691
0.9945272493107311
0.9946077982765805
0.9946765234866384
0.9947335709293883
0.9947790624405387
0.9948130955995228
0.9948357436530880
0.9948470554607932
0.9948470554607932
0.9948357436530880
0.9948130955995228
0.9947790624405387
0.9947335709293881
0.9946765234866384
0.9946077982765805
0.9945272493107311
0.9944347065834691
0.9943299762454634
0.9942128408238033
0.9940830594970246
0.9939403684368793
0.9937844812280754
0.9936150893825795
0.9934318629640967
0.9932344513425463
0.9930224841021602
0.9927955721280928
0.9925533089027486
0.9922952720461885
0.9920210251409254
0.9917301198885921
0.9914220986504797
0.9910964974485313
0.9907528494698347
0.9903906892065349
0.9900095573037201
0.9896090062548419
0.9891886070951285
0.9887479572796288
0.9882866899762687
0.9878044850627096
0.9873010821945196
0.9867762964217894
0.9862300369836299
0.9856623301401012
0.9850733472394545
0.9844634397650294
0.9838331840051757
0.9831834395964025
0.9825154292781944
0.9818308538763174
0.9811320734794980
0.9804224414393315
0.9805006905705527
0.9812125474055935
0.9819135411164479
0.9826003143908594
0.9832705031218660
0.9839224024906037
0.9845547858465781
0.9851667897695774
0.9857578343498403
0.9863275646736999
0.9868758061771037
0.9874025296166615
0.9879078230148938
0.9883918688369600
0.9888549251999655
0.9892973102568158
0.9897193891244682
0.9901215628806214
0.9905042592619733
0.9908679247744424
0.9912130179866984
0.9915400038200844
0.9918493486850467
0.9921415163247638
0.9924169642935933
0.9926761409391576
0.9929194828446323
0.9931474126554045
0.9933603372380102
0.9935586461240294
0.9937427101985187
0.9939128805996538
0.9940694877967706
0.9942128408238019
0.9943432266429235
0.9944609096201781
0.9945661310955672
0.9946591090330398
0.9947400377371066
0.9948090876266892
0.9948664050552435
0.9949121121700145
0.9949463068049884
0.9949690624003398
0.9949804279461125
0.9949804279461125
0.9949690624003398
0.9949463068049884
0.9949121121700145
0.9948664050552435
0.9948090876266892
0.9947400377371097
0.9946591090330398
0.9945661310955672
0.9944609096201781
0.9943432266429235
0.9942128408238019
0.9940694877967706
0.9939128805996523
0.9937427101985200
0.9935586461240294
0.9933603372380102
0.9931474126554045
0.9929194828446323
0.9926761409391576
0.9924169642935933
0.9921415163247638
0.9918493486850467
0.9915400038200844
0.9912130179866984
0.9908679247744424
0.9905042592619743
0.9901215628806214
0.9897193891244682
0.9892973102568158
0.9888549251999655
0.9883918688369600
0.9879078230148938
0.9874025296166615
0.9868758061771037
0.9863275646736999
0.9857578343498403
0.9851667897695774
0.9845547858465781
0.9839224024906037
0.9832705031218660
0.9826003143908594
0.9819135411164479
0.9812125474055935
0.9805006905705527
0.9805713990573097
0.9812852547158077
0.9819882369896195
0.9826769850744684
0.9833491313140845
0.9840029673572989
0.9846372630896615
0.9852511517332141
0.9858440501583784
0.9864156003962176
0.9869656250110509
0.9874940920885835
0.9880010871926398
0.9884867905496637
0.9889514582624568
0.9893954066944239
0.9898189993961231
0.9902226360966683
0.9906067433944993
0.9909717668585011
0.9913181643104619
0.9916464001025217
0.9919569402401038
0.9922502482115466
0.9925267814519516
0.9927869883101368
0.9930313054763729
0.9932601557941928
0.9934739464050236
0.9936730671781389
0.9938578893861608
0.9940287645911859
0.9941860237120237
0.9943299762454632
0.9944609096201781
0.9945790886627287
0.9946847551586866
0.9947781274949778
0.9948594003696728
0.9949287445592918
0.9949863067334049
0.9950322093101669
0.9950665503443422
0.9950894034443666
0.9951008177140385
0.9951008177140385
0.9950894034443666
0.9950665503443422
0.9950322093101669
0.9949863067334049
0.9949287445592918
0.9948594003696728
0.9947781274949778
0.9946847551586866
0.9945790886627287
0.9944609096201781
0.9943299762454632
0.9941860237120237
0.9940287645911859
0.9938578893861608
0.9936730671781442
0.9934739464050236
0.9932601557941928
0.9930313054763729
0.9927869883101368
0.9925267814519546
0.9922502482115466
0.9919569402401038
0.9916464001025209
0.9913181643104619
0.9909717668585011
0.9906067433944993
0.9902226360966683
0.9898189993961231
0.9893954066944239
0.9889514582624568
0.9884867905496637
0.9880010871926455
0.9874940920885835
0.9869656250110509
0.9864156003962176
0.9858440501583784
0.9852511517332141
0.9846372630896618
0.9840029673572989
0.9833491313140845
0.9826769850744700
0.9819882369896222
0.9812852547158077
0.9805713990573097
0.9806346879018497
0.9813503233133239
0.9820550762467989
0.9827455828401884
0.9834194723255257
0.9840750332507140
0.9847110324557340
0.9853266002067266
0.9859211505348278
0.9864943227713965
0.9870459369387619
0.9875759587523590
0.9880844715885433
0.9885716536760991
0.9890377593141497
0.9894831032577526
0.9899080476427209
0.9903129909734965
0.9906983588078383
0.9910645958503652
0.9914121592256484
0.9917415127456759
0.9920531220201826
0.9923474502761006
0.9926249548070327
0.9928860839286430
0.9931312743926137
0.9933609491864436
0.9935755156651830
0.9937753639691490
0.9939608656877220
0.9941323727346607
0.9942902164043214
0.9944347065834690
0.9945661310955662
0.9946847551586866
0.9947908209384860
0.9948845471836888
0.9949661289297820
0.9950357372603790
0.9950935191172612
0.9951395971516190
0.9951740696085809
0.9951970102422506
0.9952084682539971
0.9952084682539971
0.9951970102422506
0.9951740696085843
0.9951395971516190
0.9950935191172612
0.9950357372603790
0.9949661289297820
0.9948845471836888
0.9947908209384840
0.9946847551586842
0.9945661310955662
0.9944347065834690
0.9942902164043214
0.9941323727346607
0.9939608656877170
0.9937753639691490
0.9935755156651830
0.9933609491864451
0.9931312743926137
0.9928860839286430
0.9926249548070327
0.9923474502761006
0.9920531220201825
0.9917415127456759
0.9914121592256506
0.9910645958503659
0.9906983588078383
0.9903129909734965
0.9899080476427209
0.9894831032577526
0.9890377593141497
0.9885716536760991
0.9880844715885433
0.9875759587523590
0.9870459369387619
0.9864943227713965
0.9859211505348278
0.9853266002067266
0.9847110324557340
0.9840750332507140
0.9834194723255257
0.9827455828401884
0.9820550762467989
0.9813503233133239
0.9806346879018497
0.9806906665447848
0.9814078687877282
0.9821141805790142
0.9828062354054140
0.9834816597966101
0.9841387396053757
0.9847762390209872
0.9853932857332501
0.9859892912957136
0.9865638926793240
0.9871169076803096
0.9876482999341966
0.9881581508931551
0.9886466370244809
0.9891140110319530
0.9895605862431482
0.9899867235334316
0.9903928203107568
0.9907793011959228
0.9911466101092522
0.9914952035369486
0.9918255447893064
0.9921380991000373
0.9924333294393791
0.9927116929489692
0.9929736378877476
0.9932196010353770
0.9934500054801699
0.9936652587404398
0.9938657511716039
0.9940518546199030
0.9942239212876171
0.9943822827805819
0.9945272493107323
0.9946591090330398
0.9947781274949778
0.9948845471836888
0.9949785871546205
0.9950604427296657
0.9951302852537791
0.9951882619007330
0.9952344955205300
0.9952690845211207
0.9952921027805712
0.9953035995840454
0.9953035995840454
0.9952921027805712
0.9952690845211207
0.9952344955205300
0.9951882619007332
0.9951302852537791
0.9950604427296657
0.9949785871546205
0.9948845471836888
0.9947781274949786
0.9946591090330398
0.9945272493107323
0.9943822827805819
0.9942239212876171
0.9940518546199022
0.9938657511716039
0.9936652587404398
0.9934500054801699
0.9932196010353770
0.9929736378877476
0.9927116929489692
0.9924333294393791
0.9921380991000373
0.9918255447893064
0.9914952035369486
0.9911466101092565
0.9907793011959228
0.9903928203107568
0.9899867235334316
0.9895605862431482
0.9891140110319530
0.9886466370244809
0.9881581508931551
0.9876482999341966
0.9871169076803096
0.9865638926793240
0.9859892912957136
0.9853932857332501
0.9847762390209872
0.9841387396053757
0.9834816597966100
0.9828062354054140
0.9821141805790142
0.9814078687877282
0.9806906665447848
0.9807394326752373
0.9814579942436074
0.9821656584661479
0.9828590565601948
0.9835358127397750
0.9841942105452453
0.9848330118892245
0.9854513422466473
0.9860486110377034
0.9866244531987831
0.9871786846037837
0.9877112670888926
0.9882222804387035
0.9887118995901722
0.9891803758578233
0.9896280213223613
0.9900551957544509
0.9904622955971714
0.9908497446425395
0.9912179861134907
0.9915674759231481
0.9918986769281473
0.9922120540122394
0.9925080699054430
0.9927871815954761
0.9930498372715606
0.9932964737171437
0.9935275140883982
0.9937433660263618
0.9939444200548537
0.9941310482258375
0.9943036029759330
0.9944624161660568
0.9946077982765805
0.9947400377371078
0.9948594003696728
0.9949661289297833
0.9950604427296619
0.9951425373316165
0.9952125843002682
0.9952707310046381
0.9953171004623187
0.9953517912184423
0.9953748772559220
0.9953864079305580
0.9953864079305580
0.9953748772559218
0.9953517912184423
0.9953171004623187
0.9952707310046381
0.9952125843002682
0.9951425373316225
0.9950604427296657
0.9949661289297833
0.9948594003696728
0.9947400377371078
0.9946077982765805
0.9944624161660568
0.9943036029759330
0.9941310482258358
0.9939444200548537
0.9937433660263618
0.9935275140883982
0.9932964737171437
0.9930498372715606
0.9927871815954761
0.9925080699054430
0.9922120540122394
0.9918986769281473
0.9915674759231543
0.9912179861134925
0.9908497446425413
0.9904622955971712
0.9900551957544509
0.9896280213223674
0.9891803758578233
0.9887118995901722
0.9882222804387035
0.9877112670888938
0.9871786846037837
0.9866244531987831
0.9860486110377034
0.9854513422466503
0.9848330118892245
0.9841942105452453
0.9835358127397750
0.9828590565601948
0.9821656584661479
0.9814579942436074
0.9807394326752328
0.9807810720721091
0.9815007901601324
0.9822096050536845
0.9829041460614303
0.9835820354480136
0.9842415548052514
0.9848814641261499
0.9855008870154984
0.9860992310905842
0.9866761295663832
0.9872313966878267
0.9877649927646233
0.9882769961635404
0.9887675805184183
0.9892369959579740
0.9896855534962109
0.9901136119559062
0.9905215669492488
0.9909098415519084
0.9912788783806880
0.9916291328476760
0.9919610674078184
0.9922751466356861
0.9925718330382333
0.9928515834579281
0.9931148460096697
0.9933620574649307
0.9935936410231424
0.9938100044157171
0.9940115382965331
0.9941986148797015
0.9943715867892904
0.9945307860921150
0.9946765234866384
0.9948090876266892
0.9949287445592918
0.9950357372603790
0.9951302852537782
0.9952125843002682
0.9952828061460638
0.9953410983218859
0.9953875839840658
0.9954223617916097
0.9954455058143317
0.9954570654667914
0.9954570654667914
0.9954455058143317
0.9954223617916086
0.9953875839840658
0.9953410983218859
0.9952828061460638
0.9952125843002682
0.9951302852537782
0.9950357372603790
0.9949287445592918
0.9948090876266892
0.9946765234866384
0.9945307860921139
0.9943715867892904
0.9941986148797015
0.9940115382965331
0.9938100044157171
0.9935936410231424
0.9933620574649307
0.9931148460096697
0.9928515834579281
0.9925718330382333
0.9922751466356861
0.9919610674078184
0.9916291328476760
0.9912788783806880
0.9909098415519084
0.9905215669492488
0.9901136119558974
0.9896855534962109
0.9892369959579740
0.9887675805184183
0.9882769961635404
0.9877649927646233
0.9872313966878318
0.9866761295663832
0.9860992310905842
0.9855008870154984
0.9848814641261499
0.9842415548052514
0.9835820354480136
0.9829041460614261
0.9822096050536845
0.9815007901601324
0.9807810720721091
0.9808156584751698
0.9815363342775443
0.9822461020539019
0.9829415895473773
0.9836204174232588
0.9842808656726548
0.9849216927106098
0.9855420206036042
0.9861412554847254
0.9867190291496445
0.9872751544993685
0.9878095905822957
0.9883224145921850
0.9888137990830510
0.9892839931990258
0.9897333070668768
0.9901620987186486
0.9905707630721502
0.9909597226017959
0.9913294194136794
0.9916803084955501
0.9920128519596740
0.9923275141141977
0.9926247572707428
0.9929050381408608
0.9931688047671201
0.9934164939008039
0.9936485287668981
0.9938653171616605
0.9940672498374821
0.9942546991335057
0.9944280178208342
0.9945875381288133
0.9947335709293883
0.9948664050552435
0.9949863067334008
0.9950935191172612
0.9951882619007323
0.9952707310046380
0.9953410983218859
0.9953995115138211
0.9954460938489917
0.9954809440787010
0.9955041363431510
0.9955157201045814
0.9955157201045814
0.9955041363431510
0.9954809440787010
0.9954460938489917
0.9953995115138211
0.9953410983218859
0.9952707310046380
0.9951882619007330
0.9950935191172612
0.9949863067334008
0.9948664050552435
0.9947335709293881
0.9945875381288133
0.9944280178208342
0.9942546991335057
0.9940672498374821
0.9938653171616605
0.9936485287669047
0.9934164939008080
0.9931688047671201
0.9929050381408608
0.9926247572707428
0.9923275141141977
0.9920128519596740
0.9916803084955501
0.9913294194136794
0.9909597226017959
0.9905707630721502
0.9901620987186486
0.9897333070668768
0.9892839931990258
0.9888137990830510
0.9883224145921850
0.9878095905822957
0.9872751544993685
0.9867190291496445
0.9861412554847254
0.9855420206036042
0.9849216927106098
0.9842808656726527
0.9836204174232588
0.9829415895473773
0.9822461020539019
0.9815363342775443
0.9808156584751698
0.9808432534801059
0.9815646915059273
0.9822752176673014
0.9829714584722649
0.9836510333216819
0.9843122209417807
0.9849537784992124
0.9855748268430911
0.9861747709301626
0.9867532414314459
0.9873100501811565
0.9878451552257272
0.9883586328263089
0.9888506546767667
0.9893214691364417
0.9897713856230330
0.9902007615359795
0.9906099912360756
0.9909994967141621
0.9913697196641718
0.9917211147301245
0.9920541437450665
0.9923692707984689
0.9926669580394587
0.9929476620685422
0.9932118308636166
0.9934599011533201
0.9936922961762050
0.9939094237738280
0.9941116747704315
0.9942994215994506
0.9944730171431062
0.9946327937551512
0.9947790624405387
0.9949121121700095
0.9950322093101669
0.9951395971516190
0.9952344955205287
0.9953171004623187
0.9953875839840671
0.9954460938489917
0.9954927534134125
0.9955276615005755
0.9955508923054465
0.9955624953277354
0.9955624953277354
0.9955508923054465
0.9955276615005749
0.9954927534134126
0.9954460938489876
0.9953875839840595
0.9953171004623187
0.9952344955205300
0.9951395971516190
0.9950322093101669
0.9949121121700129
0.9947790624405387
0.9946327937551517
0.9944730171431062
0.9942994215994506
0.9941116747704315
0.9939094237738227
0.9936922961762061
0.9934599011533201
0.9932118308636166
0.9929476620685413
0.9926669580394587
0.9923692707984689
0.9920541437450665
0.9917211147301245
0.9913697196641718
0.9909994967141621
0.9906099912360756
0.9902007615359838
0.9897713856230330
0.9893214691364417
0.9888506546767667
0.9883586328263089
0.9878451552257272
0.9873100501811565
0.9867532414314459
0.9861747709301626
0.9855748268430911
0.9849537784992159
0.9843122209417807
0.9836510333216819
0.9829714584722649
0.9822752176673014
0.9815646915059273
0.9808432534801019
0.9808639064565542
0.9815859138526680
0.9822970065216649
0.9829938100539576
0.9836739429117999
0.9843356828814022
0.9849777862014215
0.9855993728150874
0.9861998468039549
0.9867788380013442
0.9873361574464543
0.9878717624384792
0.9883857285421530
0.9888782268089007
0.9893495050105479
0.9897998720340587
0.9902296848041577
0.9906393372629974
0.9910292510374131
0.9913998675103166
0.9917516410652439
0.9920850333230438
0.9924005082059451
0.9926985277375785
0.9929795484315628
0.9932440182137628
0.9934923737913768
0.9937250384095777
0.9939424199400581
0.9941449092571895
0.9943328788611329
0.9945066817141380
0.9946666502597492
0.9948130955995238
0.9949463068049884
0.9950665503443422
0.9951740696085825
0.9952690845211207
0.9953517912184452
0.9954223617916069
0.9954809440787015
0.9955276615005749
0.9955626129331022
0.9955858726122634
0.9955974900647026
0.9955974900647026
0.9955858726122634
0.9955626129331022
0.9955276615005749
0.9954809440787015
0.9954223617916069
0.9953517912184439
0.9952690845211207
0.9951740696085843
0.9950665503443435
0.9949463068049884
0.9948130955995238
0.9946666502597492
0.9945066817141380
0.9943328788611329
0.9941449092571895
0.9939424199400581
0.9937250384095777
0.9934923737913768
0.9932440182137631
0.9929795484315628
0.9926985277375785
0.9924005082059451
0.9920850333230432
0.9917516410652439
0.9913998675103166
0.9910292510374131
0.9906393372629974
0.9902296848041577
0.9897998720340595
0.9893495050105479
0.9888782268089007
0.9883857285421530
0.9878717624384780
0.9873361574464543
0.9867788380013442
0.9861998468039549
0.9855993728150874
0.9849777862014215
0.9843356828814022
0.9836739429117922
0.9829938100539576
0.9822970065216610
0.9815859138526680
0.9808639064565542
0.9808776544845276
0.9816000403692483
0.9823115096255248
0.9830086872371032
0.9836891910444764
0.9843512982114566
0.9849937643617772
0.9856157088384206
0.9862165351427372
0.9867958725521554
0.9873535315784738
0.9878894690246164
0.9884037599926220
0.9888965751066342
0.9893681617477791
0.9898188284492130
0.9902489318194483
0.9906588655210298
0.9910490509374172
0.9914199292433197
0.9917719546475537
0.9921055886279160
0.9924212949936992
0.9927195356833765
0.9930007671507819
0.9932654372851246
0.9935139827778913
0.9937468268764990
0.9939643774708635
0.9941670254671297
0.9943551434081068
0.9945290843078028
0.9946891806679751
0.9948357436530880
0.9949690624003398
0.9950894034443661
0.9951970102422497
0.9952921027805723
0.9953748772559220
0.9954455058143317
0.9955041363431503
0.9955508923054465
0.9955858726122675
0.9956091515258109
0.9956207785909024
0.9956207785909024
0.9956091515258109
0.9955858726122634
0.9955508923054465
0.9955041363431499
0.9954455058143317
0.9953748772559220
0.9952921027805708
0.9951970102422497
0.9950894034443661
0.9949690624003398
0.9948357436530880
0.9946891806679734
0.9945290843078028
0.9943551434081068
0.9941670254671297
0.9939643774708640
0.9937468268764990
0.9935139827778908
0.9932654372851246
0.9930007671507819
0.9927195356833765
0.9924212949936992
0.9921055886279160
0.9917719546475537
0.9914199292433213
0.9910490509374172
0.9906588655210298
0.9902489318194483
0.9898188284492130
0.9893681617477791
0.9888965751066342
0.9884037599926220
0.9878894690246164
0.9873535315784738
0.9867958725521554
0.9862165351427372
0.9856157088384206
0.9849937643617772
0.9843512982114566
0.9836891910444764
0.9830086872371032
0.9823115096255248
0.9816000403692483
0.9808776544845276
0.9808845223086881
0.9816070971106116
0.9823187543357133
0.9830161186655954
0.9836968076313453
0.9843590980866450
0.9850017453489598
0.9856238684623844
0.9862248706388899
0.9868043808788477
0.9873622094312874
0.9878983128512390
0.9884127660102195
0.9889057393188141
0.9893774799630645
0.9898282962994454
0.9902585447782321
0.9906686189220723
0.9910589399927150
0.9914299490602124
0.9917821002458095
0.9921158549554735
0.9924316769414674
0.9927300280992021
0.9930113648521764
0.9932761350705710
0.9935247754375806
0.9937577092011697
0.9939753442599404
0.9941780715351556
0.9943662635906045
0.9945402734655707
0.9947004336904457
0.9948470554607932
0.9949804279461125
0.9951008177140385
0.9952084682539978
0.9953035995840454
0.9953864079305561
0.9954570654667914
0.9955157201045814
0.9955624953277354
0.9955974900647026
0.9956207785909024
0.9956324104601307
0.9956324104601307
0.9956207785909024
0.9955974900647026
0.9955624953277354
0.9955157201045814
0.9954570654667914
0.9953864079305577
0.9953035995840454
0.9952084682539971
0.9951008177140385
0.9949804279461125
0.9948470554607932
0.9947004336904450
0.9945402734655707
0.9943662635906045
0.9941780715351556
0.9939753442599404
0.9937577092011732
0.9935247754375806
0.9932761350705710
0.9930113648521764
0.9927300280992021
0.9924316769414699
0.9921158549554735
0.9917821002458095
0.9914299490602124
0.9910589399927150
0.9906686189220745
0.9902585447782321
0.9898282962994454
0.9893774799630645
0.9889057393188141
0.9884127660102195
0.9878983128512390
0.9873622094312874
0.9868043808788477
0.9862248706388899
0.9856238684623844
0.9850017453489598
0.9843590980866450
0.9836968076313479
0.9830161186655954
0.9823187543357133
0.9816070971106116
0.9808845223086881
0.9808845223086881
0.9816070971106124
0.9823187543357133
0.9830161186655954
0.9836968076313453
0.9843590980866450
0.9850017453489589
0.9856238684623844
0.9862248706388899
0.9868043808788477
0.9873622094312874
0.9878983128512390
0.9884127660102225
0.9889057393188141
0.9893774799630594
0.9898282962994454
0.9902585447782312
0.9906686189220745
0.9910589399927150
0.9914299490602124
0.9917821002458095
0.9921158549554735
0.9924316769414692
0.9927300280992053
0.9930113648521764
0.9932761350705709
0.9935247754375806
0.9937577092011697
0.9939753442599413
0.9941780715351556
0.9943662635906045
0.9945402734655707
0.9947004336904450
0.9948470554607932
0.9949804279461131
0.9951008177140385
0.9952084682539959
0.9953035995840454
0.9953864079305556
0.9954570654667914
0.9955157201045828
0.9955624953277354
0.9955974900647026
0.9956207785909024
0.9956324104601307
0.9956324104601307
0.9956207785909024
0.9955974900647026
0.9955624953277354
0.9955157201045828
0.9954570654667914
0.9953864079305531
0.9953035995840454
0.9952084682539978
0.9951008177140385
0.9949804279461125
0.9948470554607932
0.9947004336904450
0.9945402734655707
0.9943662635906045
0.9941780715351556
0.9939753442599413
0.9937577092011697
0.9935247754375806
0.9932761350705708
0.9930113648521764
0.9927300280992021
0.9924316769414692
0.9921158549554735
0.9917821002458095
0.9914299490602120
0.9910589399927150
0.9906686189220723
0.9902585447782312
0.9898282962994454
0.9893774799630645
0.9889057393188141
0.9884127660102225
0.9878983128512390
0.9873622094312874
0.9868043808788477
0.9862248706388899
0.9856238684623844
0.9850017453489589
0.9843590980866450
0.9836968076313453
0.9830161186655954
0.9823187543357133
0.9816070971106124
0.9808845223086881
0.9808776544845276
0.9816000403692483
0.9823115096255248
0.9830086872371032
0.9836891910444756
0.9843512982114566
0.9849937643617765
0.9856157088384135
0.9862165351427372
0.9867958725521532
0.9873535315784738
0.9878894690246164
0.9884037599926224
0.9888965751066342
0.9893681617477791
0.9898188284492130
0.9902489318194526
0.9906588655210298
0.9910490509374170
0.9914199292433213
0.9917719546475449
0.9921055886279166
0.9924212949937047
0.9927195356833765
0.9930007671507790
0.9932654372851246
0.9935139827778913
0.9937468268764990
0.9939643774708635
0.9941670254671297
0.9943551434081133
0.9945290843078028
0.9946891806679751
0.9948357436530880
0.9949690624003398
0.9950894034443661
0.9951970102422506
0.9952921027805706
0.9953748772559220
0.9954455058143317
0.9955041363431503
0.9955508923054465
0.9955858726122634
0.9956091515258110
0.9956207785909024
0.9956207785909024
0.9956091515258110
0.9955858726122634
0.9955508923054465
0.9955041363431503
0.9954455058143317
0.9953748772559220
0.9952921027805706
0.9951970102422497
0.9950894034443661
0.9949690624003398
0.9948357436530880
0.9946891806679751
0.9945290843078028
0.9943551434081047
0.9941670254671297
0.9939643774708635
0.9937468268764990
0.9935139827778913
0.9932654372851246
0.9930007671507790
0.9927195356833765
0.9924212949937042
0.9921055886279166
0.9917719546475537
0.9914199292433213
0.9910490509374172
0.9906588655210298
0.9902489318194483
0.9898188284492130
0.9893681617477791
0.9888965751066342
0.9884037599926224
0.9878894690246164
0.9873535315784738
0.9867958725521554
0.9862165351427372
0.9856157088384135
0.9849937643617765
0.9843512982114566
0.9836891910444756
0.9830086872371032
0.9823115096255248
0.9816000403692483
0.9808776544845276
0.9808639064565542
0.9815859138526680
0.9822970065216610
0.9829938100539576
0.9836739429117999
0.9843356828814022
0.9849777862014215
0.9855993728150874
0.9861998468039549
0.9867788380013440
0.9873361574464543
0.9878717624384827
0.9883857285421530
0.9888782268089007
0.9893495050105479
0.9897998720340595
0.9902296848041577
0.9906393372629974
0.9910292510374126
0.9913998675103166
0.9917516410652425
0.9920850333230435
0.9924005082059445
0.9926985277375785
0.9929795484315656
0.9932440182137631
0.9934923737913768
0.9937250384095777
0.9939424199400581
0.9941449092571895
0.9943328788611329
0.9945066817141380
0.9946666502597492
0.9948130955995218
0.9949463068049884
0.9950665503443422
0.9951740696085809
0.9952690845211207
0.9953517912184439
0.9954223617916061
0.9954809440787010
0.9955276615005749
0.9955626129331022
0.9955858726122634
0.9955974900647026
0.9955974900647026
0.9955858726122634
0.9955626129331022
0.9955276615005749
0.9954809440787010
0.9954223617916061
0.9953517912184439
0.9952690845211207
0.9951740696085809
0.9950665503443423
0.9949463068049884
0.9948130955995238
0.9946666502597492
0.9945066817141380
0.9943328788611329
0.9941449092571895
0.9939424199400581
0.9937250384095777
0.9934923737913768
0.9932440182137628
0.9929795484315656
0.9926985277375785
0.9924005082059445
0.9920850333230432
0.9917516410652425
0.9913998675103168
0.9910292510374131
0.9906393372629974
0.9902296848041577
0.9897998720340587
0.9893495050105479
0.9888782268089007
0.9883857285421530
0.9878717624384827
0.9873361574464543
0.9867788380013440
0.9861998468039549
0.9855993728150874
0.9849777862014215
0.9843356828814022
0.9836739429117999
0.9829938100539576
0.9822970065216610
0.9815859138526680
0.9808639064565542
0.9808432534801019
0.9815646915059273
0.9822752176673015
0.9829714584722630
0.9836510333216819
0.9843122209417807
0.9849537784992124
0.9855748268430915
0.9861747709301626
0.9867532414314459
0.9873100501811565
0.9878451552257272
0.9883586328263089
0.9888506546767667
0.9893214691364417
0.9897713856230330
0.9902007615359838
0.9906099912360756
0.9909994967141621
0.9913697196641718
0.9917211147301245
0.9920541437450665
0.9923692707984689
0.9926669580394587
0.9929476620685413
0.9932118308636166
0.9934599011533201
0.9936922961762003
0.9939094237738267
0.9941116747704315
0.9942994215994539
0.9944730171431052
0.9946327937551512
0.9947790624405387
0.9949121121700145
0.9950322093101669
0.9951395971516190
0.9952344955205287
0.9953171004623187
0.9953875839840663
0.9954460938489917
0.9954927534134125
0.9955276615005749
0.9955508923054465
0.9955624953277354
0.9955624953277354
0.9955508923054465
0.9955276615005749
0.9954927534134125
0.9954460938489917
0.9953875839840663
0.9953171004623187
0.9952344955205287
0.9951395971516190
0.9950322093101669
0.9949121121700145
0.9947790624405387
0.9946327937551512
0.9944730171431052
0.9942994215994539
0.9941116747704315
0.9939094237738267
0.9936922961762050
0.9934599011533201
0.9932118308636170
0.9929476620685413
0.9926669580394587
0.9923692707984689
0.9920541437450665
0.9917211147301245
0.9913697196641718
0.9909994967141621
0.9906099912360756
0.9902007615359838
0.9897713856230330
0.9893214691364417
0.9888506546767667
0.9883586328263089
0.9878451552257272
0.9873100501811565
0.9867532414314459
0.9861747709301626
0.9855748268430915
0.9849537784992124
0.9843122209417807
0.9836510333216812
0.9829714584722630
0.9822752176673015
0.9815646915059273
0.9808432534801019
0.9808156584751698
0.9815363342775443
0.9822461020539019
0.9829415895473773
0.9836204174232588
0.9842808656726548
0.9849216927106098
0.9855420206036056
0.9861412554847254
0.9867190291496445
0.9872751544993685
0.9878095905822957
0.9883224145921850
0.9888137990830510
0.9892839931990258
0.9897333070668793
0.9901620987186486
0.9905707630721502
0.9909597226017959
0.9913294194136794
0.9916803084955501
0.9920128519596740
0.9923275141141977
0.9926247572707416
0.9929050381408608
0.9931688047671212
0.9934164939008080
0.9936485287669047
0.9938653171616605
0.9940672498374873
0.9942546991335057
0.9944280178208342
0.9945875381288133
0.9947335709293883
0.9948664050552435
0.9949863067334008
0.9950935191172632
0.9951882619007326
0.9952707310046381
0.9953410983218859
0.9953995115138211
0.9954460938489917
0.9954809440787057
0.9955041363431503
0.9955157201045828
0.9955157201045828
0.9955041363431503
0.9954809440787010
0.9954460938489917
0.9953995115138211
0.9953410983218859
0.9952707310046384
0.9951882619007326
0.9950935191172632
0.9949863067334008
0.9948664050552435
0.9947335709293883
0.9945875381288133
0.9944280178208342
0.9942546991335044
0.9940672498374820
0.9938653171616605
0.9936485287669047
0.9934164939008039
0.9931688047671212
0.9929050381408608
0.9926247572707416
0.9923275141141977
0.9920128519596740
0.9916803084955501
0.9913294194136794
0.9909597226017959
0.9905707630721502
0.9901620987186486
0.9897333070668761
0.9892839931990258
0.9888137990830510
0.9883224145921850
0.9878095905822957
0.9872751544993685
0.9867190291496445
0.9861412554847254
0.9855420206036056
0.9849216927106098
0.9842808656726548
0.9836204174232588
0.9829415895473773
0.9822461020539019
0.9815363342775443
0.9808156584751698
0.9807810720721091
0.9815007901601324
0.9822096050536872
0.9829041460614303
0.9835820354480136
0.9842415548052521
0.9848814641261499
0.9855008870154984
0.9860992310905842
0.9866761295663788
0.9872313966878261
0.9877649927646233
0.9882769961635404
0.9887675805184183
0.9892369959579752
0.9896855534962109
0.9901136119558974
0.9905215669492488
0.9909098415519084
0.9912788783806880
0.9916291328476760
0.9919610674078184
0.9922751466356898
0.9925718330382333
0.9928515834579281
0.9931148460096734
0.9933620574649307
0.9935936410231424
0.9938100044157171
0.9940115382965331
0.9941986148797015
0.9943715867892904
0.9945307860921150
0.9946765234866384
0.9948090876266892
0.9949287445592918
0.9950357372603790
0.9951302852537791
0.9952125843002682
0.9952828061460628
0.9953410983218859
0.9953875839840658
0.9954223617916061
0.9954455058143317
0.9954570654667914
0.9954570654667914
0.9954455058143317
0.9954223617916061
0.9953875839840611
0.9953410983218869
0.9952828061460628
0.9952125843002682
0.9951302852537791
0.9950357372603790
0.9949287445592918
0.9948090876266892
0.9946765234866384
0.9945307860921166
0.9943715867892904
0.9941986148797015
0.9940115382965331
0.9938100044157171
0.9935936410231424
0.9933620574649307
0.9931148460096734
0.9928515834579281
0.9925718330382333
0.9922751466356898
0.9919610674078184
0.9916291328476760
0.9912788783806880
0.9909098415519084
0.9905215669492488
0.9901136119559062
0.9896855534962109
0.9892369959579752
0.9887675805184168
0.9882769961635404
0.9877649927646233
0.9872313966878267
0.9866761295663832
0.9860992310905842
0.9855008870154984
0.9848814641261499
0.9842415548052521
0.9835820354480136
0.9829041460614261
0.9822096050536872
0.9815007901601324
0.9807810720721091
0.9807394326752328
0.9814579942436074
0.9821656584661445
0.9828590565601948
0.9835358127397745
0.9841942105452453
0.9848330118892245
0.9854513422466473
0.9860486110377034
0.9866244531987831
0.9871786846037837
0.9877112670888926
0.9882222804387035
0.9887118995901722
0.9891803758578233
0.9896280213223613
0.9900551957544509
0.9904622955971712
0.9908497446425413
0.9912179861134907
0.9915674759231543
0.9918986769281473
0.9922120540122394
0.9925080699054430
0.9927871815954761
0.9930498372715642
0.9932964737171437
0.9935275140883986
0.9937433660263619
0.9939444200548537
0.9941310482258358
0.9943036029759330
0.9944624161660542
0.9946077982765805
0.9947400377371066
0.9948594003696728
0.9949661289297820
0.9950604427296657
0.9951425373316225
0.9952125843002679
0.9952707310046381
0.9953171004623187
0.9953517912184423
0.9953748772559220
0.9953864079305561
0.9953864079305561
0.9953748772559220
0.9953517912184439
0.9953171004623187
0.9952707310046384
0.9952125843002682
0.9951425373316225
0.9950604427296657
0.9949661289297820
0.9948594003696728
0.9947400377371066
0.9946077982765805
0.9944624161660542
0.9943036029759330
0.9941310482258358
0.9939444200548537
0.9937433660263618
0.9935275140883982
0.9932964737171437
0.9930498372715642
0.9927871815954761
0.9925080699054430
0.9922120540122394
0.9918986769281473
0.9915674759231543
0.9912179861134907
0.9908497446425413
0.9904622955971712
0.9900551957544509
0.9896280213223613
0.9891803758578233
0.9887118995901722
0.9882222804387035
0.9877112670888926
0.9871786846037837
0.9866244531987831
0.9860486110377034
0.9854513422466473
0.9848330118892245
0.9841942105452453
0.9835358127397750
0.9828590565601948
0.9821656584661445
0.9814579942436074
0.9807394326752328
0.9806906665447848
0.9814078687877282
0.9821141805790142
0.9828062354054140
0.9834816597966100
0.9841387396053757
0.9847762390209872
0.9853932857332501
0.9859892912957136
0.9865638926793240
0.9871169076803096
0.9876482999341966
0.9881581508931550
0.9886466370244811
0.9891140110319530
0.9895605862431482
0.9899867235334316
0.9903928203107568
0.9907793011959226
0.9911466101092565
0.9914952035369486
0.9918255447893064
0.9921380991000373
0.9924333294393791
0.9927116929489692
0.9929736378877476
0.9932196010353770
0.9934500054801699
0.9936652587404398
0.9938657511716039
0.9940518546199002
0.9942239212876171
0.9943822827805819
0.9945272493107311
0.9946591090330398
0.9947781274949778
0.9948845471836888
0.9949785871546205
0.9950604427296657
0.9951302852537782
0.9951882619007330
0.9952344955205300
0.9952690845211207
0.9952921027805706
0.9953035995840454
0.9953035995840454
0.9952921027805706
0.9952690845211202
0.9952344955205287
0.9951882619007330
0.9951302852537782
0.9950604427296657
0.9949785871546205
0.9948845471836888
0.9947781274949778
0.9946591090330398
0.9945272493107311
0.9943822827805819
0.9942239212876171
0.9940518546199002
0.9938657511716039
0.9936652587404398
0.9934500054801699
0.9932196010353770
0.9929736378877476
0.9927116929489692
0.9924333294393790
0.9921380991000373
0.9918255447893064
0.9914952035369486
0.9911466101092565
0.9907793011959228
0.9903928203107568
0.9899867235334316
0.9895605862431482
0.9891140110319530
0.9886466370244809
0.9881581508931550
0.9876482999341966
0.9871169076803114
0.9865638926793240
0.9859892912957136
0.9853932857332501
0.9847762390209872
0.9841387396053756
0.9834816597966100
0.9828062354054140
0.9821141805790142
0.9814078687877282
0.9806906665447848
0.9806346879018497
0.9813503233133239
0.9820550762467989
0.9827455828401885
0.9834194723255257
0.9840750332507140
0.9847110324557343
0.9853266002067266
0.9859211505348234
0.9864943227713963
0.9870459369387619
0.9875759587523629
0.9880844715885433
0.9885716536760998
0.9890377593141496
0.9894831032577527
0.9899080476427192
0.9903129909734965
0.9906983588078349
0.9910645958503652
0.9914121592256506
0.9917415127456759
0.9920531220201825
0.9923474502761006
0.9926249548070327
0.9928860839286430
0.9931312743926176
0.9933609491864451
0.9935755156651807
0.9937753639691490
0.9939608656877170
0.9941323727346607
0.9942902164043214
0.9944347065834690
0.9945661310955662
0.9946847551586866
0.9947908209384838
0.9948845471836888
0.9949661289297831
0.9950357372603790
0.9950935191172632
0.9951395971516190
0.9951740696085843
0.9951970102422497
0.9952084682539978
0.9952084682539978
0.9951970102422497
0.9951740696085843
0.9951395971516190
0.9950935191172632
0.9950357372603790
0.9949661289297806
0.9948845471836888
0.9947908209384800
0.9946847551586839
0.9945661310955662
0.9944347065834690
0.9942902164043214
0.9941323727346607
0.9939608656877170
0.9937753639691490
0.9935755156651830
0.9933609491864451
0.9931312743926176
0.9928860839286430
0.9926249548070338
0.9923474502761006
0.9920531220201825
0.9917415127456759
0.9914121592256506
0.9910645958503659
0.9906983588078349
0.9903129909734965
0.9899080476427209
0.9894831032577527
0.9890377593141496
0.9885716536760998
0.9880844715885433
0.9875759587523550
0.9870459369387619
0.9864943227713963
0.9859211505348278
0.9853266002067266
0.9847110324557343
0.9840750332507140
0.9834194723255257
0.9827455828401884
0.9820550762467991
0.9813503233133239
0.9806346879018497
0.9805713990573097
0.9812852547158077
0.9819882369896195
0.9826769850744700
0.9833491313140845
0.9840029673572989
0.9846372630896618
0.9852511517332141
0.9858440501583784
0.9864156003962176
0.9869656250110467
0.9874940920885835
0.9880010871926452
0.9884867905496743
0.9889514582624568
0.9893954066944239
0.9898189993961231
0.9902226360966683
0.9906067433944993
0.9909717668585011
0.9913181643104619
0.9916464001025208
0.9919569402401038
0.9922502482115466
0.9925267814519516
0.9927869883101351
0.9930313054763729
0.9932601557941928
0.9934739464050192
0.9936730671781389
0.9938578893861633
0.9940287645911827
0.9941860237120237
0.9943299762454655
0.9944609096201781
0.9945790886627361
0.9946847551586866
0.9947781274949778
0.9948594003696728
0.9949287445592918
0.9949863067334008
0.9950322093101669
0.9950665503443422
0.9950894034443661
0.9951008177140385
0.9951008177140385
0.9950894034443661
0.9950665503443422
0.9950322093101669
0.9949863067334008
0.9949287445592918
0.9948594003696728
0.9947781274949778
0.9946847551586866
0.9945790886627361
0.9944609096201781
0.9943299762454634
0.9941860237120237
0.9940287645911827
0.9938578893861633
0.9936730671781389
0.9934739464050192
0.9932601557941928
0.9930313054763729
0.9927869883101351
0.9925267814519516
0.9922502482115466
0.9919569402401038
0.9916464001025208
0.9913181643104619
0.9909717668585011
0.9906067433944993
0.9902226360966683
0.9898189993961231
0.9893954066944239
0.9889514582624557
0.9884867905496743
0.9880010871926452
0.9874940920885839
0.9869656250110472
0.9864156003962176
0.9858440501583784
0.9852511517332141
0.9846372630896618
0.9840029673572989
0.9833491313140845
0.9826769850744700
0.9819882369896195
0.9812852547158077
0.9805713990573097
0.9805006905705527
0.9812125474055935
0.9819135411164479
0.9826003143908594
0.9832705031218673
0.9839224024906026
0.9845547858465752
0.9851667897695779
0.9857578343498403
0.9863275646736999
0.9868758061771037
0.9874025296166615
0.9879078230148938
0.9883918688369600
0.9888549251999655
0.9892973102568158
0.9897193891244682
0.9901215628806214
0.9905042592619733
0.9908679247744399
0.9912130179866977
0.9915400038200844
0.9918493486850467
0.9921415163247684
0.9924169642935933
0.9926761409391625
0.9929194828446326
0.9931474126554045
0.9933603372380094
0.9935586461240294
0.9937427101985200
0.9939128805996523
0.9940694877967710
0.9942128408238019
0.9943432266429235
0.9944609096201781
0.9945661310955637
0.9946591090330398
0.9947400377371082
0.9948090876266892
0.9948664050552435
0.9949121121700095
0.9949463068049884
0.9949690624003398
0.9949804279461125
0.9949804279461125
0.9949690624003398
0.9949463068049884
0.9949121121700095
0.9948664050552435
0.9948090876266892
0.9947400377371082
0.9946591090330398
0.9945661310955635
0.9944609096201781
0.9943432266429235
0.9942128408238019
0.9940694877967710
0.9939128805996523
0.9937427101985200
0.9935586461240294
0.9933603372380094
0.9931474126554045
0.9929194828446326
0.9926761409391625
0.9924169642935933
0.9921415163247684
0.9918493486850467
0.9915400038200844
0.9912130179866977
0.9908679247744396
0.9905042592619733
0.9901215628806214
0.9897193891244682
0.9892973102568158
0.9888549251999655
0.9883918688369600
0.9879078230148938
0.9874025296166615
0.9868758061771037
0.9863275646736999
0.9857578343498403
0.9851667897695779
0.9845547858465752
0.9839224024906026
0.9832705031218673
0.9826003143908594
0.9819135411164478
0.9812125474055935
0.9805006905705548
0.9804224414393315
0.9811320734794980
0.9818308538763174
0.9825154292781938
0.9831834395964000
0.9838331840051762
0.9844634397650294
0.9850733472394545
0.9856623301401012
0.9862300369836299
0.9867762964217894
0.9873010821945196
0.9878044850627096
0.9882866899762687
0.9887479572796329
0.9891886070951285
0.9896090062548402
0.9900095573037201
0.9903906892065327
0.9907528494698383
0.9910964974485330
0.9914220986504756
0.9917301198885921
0.9920210251409254
0.9922952720461866
0.9925533089027408
0.9927955721280928
0.9930224841021612
0.9932344513425463
0.9934318629640967
0.9936150893825795
0.9937844812280754
0.9939403684368793
0.9940830594970246
0.9942128408238019
0.9943299762454634
0.9944347065834727
0.9945272493107323
0.9946077982765805
0.9946765234866384
0.9947335709293893
0.9947790624405387
0.9948130955995238
0.9948357436530880
0.9948470554607932
0.9948470554607932
0.9948357436530880
0.9948130955995238
0.9947790624405387
0.9947335709293881
0.9946765234866384
0.9946077982765805
0.9945272493107323
0.9944347065834727
0.9943299762454634
0.9942128408238019
0.9940830594970260
0.9939403684368793
0.9937844812280758
0.9936150893825795
0.9934318629640967
0.9932344513425463
0.9930224841021612
0.9927955721280928
0.9925533089027408
0.9922952720461866
0.9920210251409254
0.9917301198885921
0.9914220986504797
0.9910964974485330
0.9907528494698383
0.9903906892065328
0.9900095573037201
0.9896090062548406
0.9891886070951285
0.9887479572796321
0.9882866899762687
0.9878044850627096
0.9873010821945196
0.9867762964217894
0.9862300369836299
0.9856623301400962
0.9850733472394545
0.9844634397650294
0.9838331840051762
0.9831834395964000
0.9825154292781938
0.9818308538763174
0.9811320734794980
0.9804224414393315
0.9803365193301198
0.9810436929259689
0.9817400276429238
0.9824221745948020
0.9830877782175707
0.9837351421737737
0.9843630481121186
0.9849706406344790
0.9855573475003747
0.9861228210520948
0.9866668935178269
0.9871895419464602
0.9876908601254057
0.9881710357408535
0.9886303315788109
0.9890690699097483
0.9894876194250902
0.9898863842484205
0.9902657946535289
0.9906262992002065
0.9909683580565573
0.9912924373206026
0.9915990041906050
0.9918885228454362
0.9921614509573042
0.9924182367123648
0.9926593162886004
0.9928851117186308
0.9930960290827002
0.9932924569863624
0.9934747652808306
0.9936433039920806
0.9937984024278951
0.9939403684368799
0.9940694877967710
0.9941860237120244
0.9942902164043214
0.9943822827805819
0.9944624161660568
0.9945307860921150
0.9945875381288133
0.9946327937551512
0.9946666502597492
0.9946891806679751
0.9947004336904450
0.9947004336904450
0.9946891806679751
0.9946666502597492
0.9946327937551512
0.9945875381288133
0.9945307860921166
0.9944624161660568
0.9943822827805819
0.9942902164043214
0.9941860237120237
0.9940694877967710
0.9939403684368799
0.9937984024278951
0.9936433039920806
0.9934747652808306
0.9932924569863624
0.9930960290827002
0.9928851117186308
0.9926593162886006
0.9924182367123648
0.9921614509573042
0.9918885228454362
0.9915990041906050
0.9912924373206026
0.9909683580565573
0.9906262992002065
0.9902657946535289
0.9898863842484205
0.9894876194250903
0.9890690699097483
0.9886303315788109
0.9881710357408535
0.9876908601254057
0.9871895419464602
0.9866668935178269
0.9861228210520948
0.9855573475003732
0.9849706406344801
0.9843630481121186
0.9837351421737737
0.9830877782175728
0.9824221745948020
0.9817400276429238
0.9810436929259689
0.9803365193301198
0.9802427808498299
0.9809472538745377
0.9816409021382635
0.9823203817706995
0.9829833422789266
0.9836280923485319
0.9842534185296867
0.9848584701485806
0.9854426794666478
0.9860057030694683
0.9865473771416268
0.9870676823793332
0.9875667158943776
0.9880446683650906
0.9885018052346459
0.9889384510974755
0.9893549766425226
0.9897517876746399
0.9901293158465311
0.9904880108109009
0.9908283335609021
0.9911507507727968
0.9914557299949818
0.9917437355602440
0.9920152251016102
0.9922706466144301
0.9925104359465554
0.9927350146843438
0.9929447883666096
0.9931401449815540
0.9933214537062366
0.9934890638527187
0.9936433039920806
0.9937844812280754
0.9939128805996523
0.9940287645911859
0.9941323727346600
0.9942239212876171
0.9943036029759330
0.9943715867892904
0.9944280178208342
0.9944730171431063
0.9945066817141380
0.9945290843078020
0.9945402734655697
0.9945402734655697
0.9945290843078020
0.9945066817141380
0.9944730171431063
0.9944280178208342
0.9943715867892904
0.9943036029759330
0.9942239212876171
0.9941323727346607
0.9940287645911827
0.9939128805996523
0.9937844812280754
0.9936433039920806
0.9934890638527187
0.9933214537062366
0.9931401449815552
0.9929447883666096
0.9927350146843438
0.9925104359465554
0.9922706466144301
0.9920152251016102
0.9917437355602440
0.9914557299949818
0.9911507507727968
0.9908283335609021
0.9904880108109009
0.9901293158465311
0.9897517876746399
0.9893549766425226
0.9889384510974755
0.9885018052346459
0.9880446683650906
0.9875667158943772
0.9870676823793332
0.9865473771416268
0.9860057030694683
0.9854426794666478
0.9848584701485806
0.9842534185296867
0.9836280923485319
0.9829833422789266
0.9823203817706995
0.9816409021382635
0.9809472538745377
0.9802427808498299
0.9801410718716894
0.9808425928914344
0.9815333047032153
0.9822098690514515
0.9828699411096701
0.9835118351644404
0.9841343432209302
0.9847366198513450
0.9853181023038156
0.9858784518501611
0.9864175090305343
0.9869352585419210
0.9874318011272245
0.9879073307174473
0.9883621156280674
0.9887964829492838
0.9892108054977672
0.9896054908515615
0.9899809720982069
0.9903377000069948
0.9906761363916851
0.9909967484758817
0.9913000041073273
0.9915863676956856
0.9918562967531226
0.9921102389823417
0.9923486297910892
0.9925718902024557
0.9927804250915112
0.9929746217043248
0.9931548484179952
0.9933214537062366
0.9934747652808306
0.9936150893825795
0.9937427101985187
0.9938578893861608
0.9939608656877170
0.9940518546199002
0.9941310482258336
0.9941986148797015
0.9942546991335057
0.9942994215994502
0.9943328788611331
0.9943551434081068
0.9943662635906048
0.9943662635906048
0.9943551434081068
0.9943328788611329
0.9942994215994502
0.9942546991335057
0.9941986148797015
0.9941310482258336
0.9940518546199002
0.9939608656877170
0.9938578893861608
0.9937427101985187
0.9936150893825795
0.9934747652808306
0.9933214537062366
0.9931548484179952
0.9929746217043248
0.9927804250915112
0.9925718902024557
0.9923486297910892
0.9921102389823417
0.9918562967531226
0.9915863676956856
0.9913000041073273
0.9909967484758817
0.9906761363916851
0.9903377000069948
0.9899809720982069
0.9896054908515615
0.9892108054977672
0.9887964829492838
0.9883621156280674
0.9879073307174473
0.9874318011272245
0.9869352585419214
0.9864175090305368
0.9858784518501653
0.9853181023038156
0.9847366198513450
0.9841343432209302
0.9835118351644404
0.9828699411096701
0.9822098690514501
0.9815333047032153
0.9808425928914344
0.9801410718716894
0.9800312279172534
0.9807295353329393
0.9814170506208295
0.9820904417961036
0.9827473703470299
0.9833861567902492
0.9840055991845984
0.9846048579098673
0.9851833757187808
0.9857408190407906
0.9862770331915449
0.9867920072377989
0.9872858458690700
0.9877587465331517
0.9882109806313908
0.9886428779151527
0.9890548134488238
0.9894471966616227
0.9898204621160901
0.9901750617035947
0.9905114580327057
0.9908301188227659
0.9911315121462175
0.9914161023934448
0.9916843468522926
0.9919366928049713
0.9921735750899514
0.9923954140291077
0.9926026136920696
0.9927955604392057
0.9929746217043267
0.9931401449815552
0.9932924569863624
0.9934318629640967
0.9935586461240294
0.9936730671781389
0.9937753639691490
0.9938657511716039
0.9939444200548537
0.9940115382965331
0.9940672498374820
0.9941116747704315
0.9941449092571895
0.9941670254671297
0.9941780715351556
0.9941780715351556
0.9941670254671297
0.9941449092571895
0.9941116747704315
0.9940672498374820
0.9940115382965331
0.9939444200548537
0.9938657511716039
0.9937753639691490
0.9936730671781442
0.9935586461240294
0.9934318629640967
0.9932924569863624
0.9931401449815552
0.9929746217043267
0.9927955604392057
0.9926026136920696
0.9923954140291077
0.9921735750899514
0.9919366928049713
0.9916843468522926
0.9914161023934448
0.9911315121462175
0.9908301188227659
0.9905114580327057
0.9901750617035947
0.9898204621160892
0.9894471966616227
0.9890548134488233
0.9886428779151527
0.9882109806313908
0.9877587465331517
0.9872858458690700
0.9867920072377976
0.9862770331915449
0.9857408190407920
0.9851833757187808
0.9846048579098673
0.9840055991845985
0.9833861567902492
0.9827473703470299
0.9820904417961036
0.9814170506208295
0.9807295353329393
0.9800312279172534
0.9799130746093664
0.9806078957646603
0.9812919435040666
0.9819618928343008
0.9826154122690112
0.9832508292393738
0.9838669485080084
0.9844629368679119
0.9850382431324892
0.9855925393894900
0.9861256761734832
0.9866376473042259
0.9871285617427269
0.9875986207194539
0.9880480989316098
0.9884773289481691
0.9888866881886718
0.9892765879946691
0.9896474644237572
0.9899997704726481
0.9903339694960787
0.9906505296324974
0.9909499190790013
0.9912326020893146
0.9914990355870211
0.9917496662928196
0.9919849283188055
0.9922052411252217
0.9924110078127026
0.9926026136920696
0.9927804250915112
0.9929447883666106
0.9930960290827002
0.9932344513425463
0.9933603372380094
0.9934739464050192
0.9935755156651830
0.9936652587404396
0.9937433660263628
0.9938100044157171
0.9938653171616605
0.9939094237738280
0.9939424199400579
0.9939643774708635
0.9939753442599404
0.9939753442599404
0.9939643774708635
0.9939424199400579
0.9939094237738280
0.9938653171616605
0.9938100044157171
0.9937433660263628
0.9936652587404396
0.9935755156651830
0.9934739464050192
0.9933603372380094
0.9932344513425463
0.9930960290827002
0.9929447883666096
0.9927804250915112
0.9926026136920696
0.9924110078127056
0.9922052411252217
0.9919849283188016
0.9917496662928196
0.9914990355870211
0.9912326020893146
0.9909499190790013
0.9906505296324974
0.9903339694960787
0.9899997704726481
0.9896474644237605
0.9892765879946691
0.9888866881886718
0.9884773289481691
0.9880480989316098
0.9875986207194539
0.9871285617427269
0.9866376473042259
0.9861256761734832
0.9855925393894900
0.9850382431324892
0.9844629368679119
0.9838669485080084
0.9832508292393738
0.9826154122690112
0.9819618928343026
0.9812919435040743
0.9806078957646603
0.9799130746093686
0.9797864282029815
0.9804774784561274
0.9811577757564917
0.9818240028970242
0.9824738361959251
0.9831056107488694
0.9837181387285771
0.9843105939968700
0.9848824320244829
0.9854333310907105
0.9859631474158803
0.9864718799720920
0.9869596423236233
0.9874266397500927
0.9878731504480823
0.9882995099491502
0.9887060981180129
0.9890933282497280
0.9894616378931896
0.9898114811078896
0.9901433219188120
0.9904576287781557
0.9907548698792354
0.9910355091912951
0.9913000031084210
0.9915487976223385
0.9917823259315707
0.9920010064510216
0.9922052411252217
0.9923954140291108
0.9925718902024557
0.9927350146843438
0.9928851117186308
0.9930224841021629
0.9931474126554061
0.9932601557941928
0.9933609491864436
0.9934500054801699
0.9935275140883982
0.9935936410231424
0.9936485287669047
0.9936922961762061
0.9937250384095777
0.9937468268764990
0.9937577092011697
0.9937577092011697
0.9937468268764990
0.9937250384095777
0.9936922961762061
0.9936485287669047
0.9935936410231424
0.9935275140883986
0.9934500054801699
0.9933609491864436
0.9932601557941928
0.9931474126554061
0.9930224841021629
0.9928851117186308
0.9927350146843438
0.9925718902024557
0.9923954140291108
0.9922052411252217
0.9920010064510218
0.9917823259315709
0.9915487976223385
0.9913000031084210
0.9910355091912951
0.9907548698792354
0.9904576287781549
0.9901433219188120
0.9898114811078896
0.9894616378931896
0.9890933282497280
0.9887060981180129
0.9882995099491502
0.9878731504480823
0.9874266397500927
0.9869596423236233
0.9864718799720920
0.9859631474158803
0.9854333310907105
0.9848824320244829
0.9843105939968700
0.9837181387285771
0.9831056107488694
0.9824738361959251
0.9818240028970242
0.9811577757564917
0.9804774784561274
0.9797864282029815
0.9796510962078931
0.9803380779650530
0.9810143291197521
0.9816765411293621
0.9823223989762374
0.9829502462412280
0.9835589032787879
0.9841475517294666
0.9847156543628492
0.9852628962178457
0.9857891396919430
0.9862943893237807
0.9867787636183992
0.9872424721686502
0.9876857968647744
0.9881090763297116
0.9885126929427026
0.9888970619680765
0.9892626224144692
0.9896098293313672
0.9899391473054276
0.9902510449656899
0.9905459903400291
0.9908244469333244
0.9910868704176833
0.9913337058445439
0.9915653852992984
0.9917823259315709
0.9919849283188055
0.9921735750899568
0.9923486297910892
0.9925104359465554
0.9926593162886004
0.9927955721280928
0.9929194828446283
0.9930313054763729
0.9931312743926176
0.9932196010353770
0.9932964737171437
0.9933620574649307
0.9934164939008039
0.9934599011533201
0.9934923737913768
0.9935139827778908
0.9935247754375806
0.9935247754375806
0.9935139827778908
0.9934923737913768
0.9934599011533201
0.9934164939008039
0.9933620574649307
0.9932964737171437
0.9932196010353770
0.9931312743926176
0.9930313054763729
0.9929194828446326
0.9927955721280928
0.9926593162886006
0.9925104359465554
0.9923486297910892
0.9921735750899568
0.9919849283188055
0.9917823259315709
0.9915653852992984
0.9913337058445439
0.9910868704176833
0.9908244469333244
0.9905459903400291
0.9902510449656899
0.9899391473054276
0.9896098293313671
0.9892626224144692
0.9888970619680765
0.9885126929427032
0.9881090763297116
0.9876857968647744
0.9872424721686482
0.9867787636183992
0.9862943893237807
0.9857891396919430
0.9852628962178457
0.9847156543628492
0.9841475517294666
0.9835589032787879
0.9829502462412280
0.9823223989762374
0.9816765411293621
0.9810143291197521
0.9803380779650530
0.9796510962078935
0.9795068781177997
0.9801894798244216
0.9808613753208781
0.9815192657039041
0.9821608455682710
0.9827844678841432
0.9833889620297667
0.9839735181952359
0.9845376071392499
0.9850809212654728
0.9856033296646828
0.9861048428699074
0.9865855846682707
0.9870457692239963
0.9874856823007779
0.9879056657215581
0.9883061044234855
0.9886874156253965
0.9890500397305736
0.9893944326699000
0.9897210594471434
0.9900303886933931
0.9903228880730159
0.9905990204102436
0.9908592404264477
0.9911039919959329
0.9913337058445439
0.9915487976223385
0.9917496662928196
0.9919366928049714
0.9921102389823417
0.9922706466144298
0.9924182367123648
0.9925533089027408
0.9926761409391576
0.9927869883101368
0.9928860839286430
0.9929736378877476
0.9930498372715642
0.9931148460096697
0.9931688047671212
0.9932118308636170
0.9932440182137631
0.9932654372851254
0.9932761350705708
0.9932761350705708
0.9932654372851254
0.9932440182137631
0.9932118308636170
0.9931688047671188
0.9931148460096697
0.9930498372715642
0.9929736378877476
0.9928860839286430
0.9927869883101368
0.9926761409391576
0.9925533089027408
0.9924182367123648
0.9922706466144308
0.9921102389823417
0.9919366928049714
0.9917496662928196
0.9915487976223403
0.9913337058445439
0.9911039919959329
0.9908592404264477
0.9905990204102436
0.9903228880730159
0.9900303886933931
0.9897210594471434
0.9893944326699000
0.9890500397305736
0.9886874156253965
0.9883061044234855
0.9879056657215581
0.9874856823007779
0.9870457692239963
0.9865855846682707
0.9861048428699074
0.9856033296646828
0.9850809212654728
0.9845376071392499
0.9839735181952359
0.9833889620297667
0.9827844678841432
0.9821608455682710
0.9815192657039041
0.9808613753208781
0.9801894798244216
0.9795068781177997
0.9793535662614650
0.9800314613485145
0.9806986768367096
0.9813519245469732
0.9819889097379317
0.9826079957639628
0.9832080219504251
0.9837881878744481
0.9843479730274164
0.9848870778203520
0.9854053785790187
0.9859028922700146
0.9863797483039609
0.9868361656637438
0.9872724341478747
0.9876888988607818
0.9880859473085786
0.9884639986131915
0.9888234944680249
0.9891648915354401
0.9894886550490383
0.9897952534253296
0.9900851537255410
0.9903588178371334
0.9906166992627723
0.9908592404264516
0.9910868704176833
0.9913000031084210
0.9914990355870241
0.9916843468522926
0.9918562967531230
0.9920152251016102
0.9921614509573042
0.9922952720461885
0.9924169642935933
0.9925267814519514
0.9926249548070338
0.9927116929489692
0.9927871815954761
0.9928515834579281
0.9929050381408608
0.9929476620685413
0.9929795484315628
0.9930007671507819
0.9930113648521764
0.9930113648521764
0.9930007671507819
0.9929795484315628
0.9929476620685422
0.9929050381408608
0.9928515834579281
0.9927871815954774
0.9927116929489692
0.9926249548070338
0.9925267814519514
0.9924169642935933
0.9922952720461885
0.9921614509573042
0.9920152251016102
0.9918562967531230
0.9916843468522983
0.9914990355870241
0.9913000031084210
0.9910868704176833
0.9908592404264516
0.9906166992627723
0.9903588178371334
0.9900851537255410
0.9897952534253297
0.9894886550490383
0.9891648915354401
0.9888234944680249
0.9884639986131915
0.9880859473085786
0.9876888988607818
0.9872724341478747
0.9868361656637438
0.9863797483039609
0.9859028922700146
0.9854053785790187
0.9848870778203520
0.9843479730274164
0.9837881878744481
0.9832080219504251
0.9826079957639628
0.9819889097379317
0.9813519245469721
0.9806986768367096
0.9800314613485145
0.9793535662614650
0.9791909467968081
0.9798637925782797
0.9805259877947519
0.9811742562016359
0.9818063148891087
0.9824205386958815
0.9830157779068762
0.9835912423974804
0.9841464211911440
0.9846810233897249
0.9851949331185027
0.9856881742260629
0.9861608820825338
0.9866132807213015
0.9870456641100811
0.9874583806828855
0.9878518204858222
0.9882264044490746
0.9885825754043875
0.9889207905477596
0.9892415151074037
0.9895452170205202
0.9898323624593980
0.9901034120734784
0.9903588178371334
0.9905990204102436
0.9908244469333244
0.9910355091912951
0.9912326020893146
0.9914161023934459
0.9915863676956802
0.9917437355602440
0.9918885228454352
0.9920210251409254
0.9921415163247659
0.9922502482115466
0.9923474502761006
0.9924333294393791
0.9925080699054409
0.9925718330382333
0.9926247572707416
0.9926669580394587
0.9926985277375785
0.9927195356833768
0.9927300280992021
0.9927300280992021
0.9927195356833768
0.9926985277375785
0.9926669580394587
0.9926247572707428
0.9925718330382333
0.9925080699054430
0.9924333294393791
0.9923474502761006
0.9922502482115466
0.9921415163247602
0.9920210251409254
0.9918885228454362
0.9917437355602440
0.9915863676956856
0.9914161023934459
0.9912326020893146
0.9910355091912951
0.9908244469333244
0.9905990204102436
0.9903588178371334
0.9901034120734784
0.9898323624593971
0.9895452170205202
0.9892415151074037
0.9889207905477608
0.9885825754043875
0.9882264044490746
0.9878518204858222
0.9874583806828855
0.9870456641100808
0.9866132807213015
0.9861608820825338
0.9856881742260629
0.9851949331185027
0.9846810233897249
0.9841464211911440
0.9835912423974804
0.9830157779068762
0.9824205386958815
0.9818063148891087
0.9811742562016359
0.9805259877947519
0.9798637925782797
0.9791909467968081
0.9790188008681073
0.9796862373875787
0.9803430550318666
0.9809859908461153
0.9816127750530914
0.9822217951935387
0.9828119136247161
0.9833823515114143
0.9839326082697049
0.9844624024154320
0.9849716264594010
0.9854603115843643
0.9859285994453159
0.9863767193331252
0.9868049694854354
0.9872137016710303
0.9876033083987772
0.9879742122593216
0.9883268570167077
0.9886617001471617
0.9889792065829073
0.9892798434639050
0.9895640757354972
0.9898323624593970
0.9900851537255410
0.9903228880730159
0.9905459903400291
0.9907548698792354
0.9909499190790013
0.9911315121462175
0.9913000041073273
0.9914557299949821
0.9915990041906050
0.9917301198885856
0.9918493486850467
0.9919569402401038
0.9920531220201813
0.9921380991000373
0.9922120540122394
0.9922751466356861
0.9923275141141977
0.9923692707984689
0.9924005082059445
0.9924212949937047
0.9924316769414699
0.9924316769414699
0.9924212949936992
0.9924005082059451
0.9923692707984689
0.9923275141141977
0.9922751466356861
0.9922120540122394
0.9921380991000373
0.9920531220201825
0.9919569402401038
0.9918493486850467
0.9917301198885921
0.9915990041906050
0.9914557299949821
0.9913000041073273
0.9911315121462175
0.9909499190790013
0.9907548698792354
0.9905459903400291
0.9903228880730159
0.9900851537255410
0.9898323624593970
0.9895640757354999
0.9892798434639050
0.9889792065829073
0.9886617001471617
0.9883268570167077
0.9879742122593216
0.9876033083987833
0.9872137016710303
0.9868049694854354
0.9863767193331252
0.9859285994453159
0.9854603115843643
0.9849716264594010
0.9844624024154320
0.9839326082697049
0.9833823515114156
0.9828119136247161
0.9822217951935379
0.9816127750530914
0.9809859908461153
0.9803430550318666
0.9796862373875787
0.9790188008681073
0.9788369059542880
0.9794985547764363
0.9801496193384976
0.9807868514976500
0.9814079960624684
0.9820114546275213
0.9825961028461551
0.9831611742522184
0.9837061795772355
0.9842308475140666
0.9847350795622084
0.9852189146888107
0.9856825011389884
0.9861260736349297
0.9865499347395975
0.9869544395087857
0.9873399827780041
0.9877069885883425
0.9880559013662308
0.9883871785509329
0.9887012844260376
0.9889986849557938
0.9892798434639050
0.9895452170205230
0.9897952534253296
0.9900303886933932
0.9902510449656844
0.9904576287781549
0.9906505296324974
0.9908301188227659
0.9909967484758817
0.9911507507727968
0.9912924373206026
0.9914220986504756
0.9915400038200844
0.9916464001025208
0.9917415127456759
0.9918255447893064
0.9918986769281473
0.9919610674078184
0.9920128519596740
0.9920541437450665
0.9920850333230432
0.9921055886279160
0.9921158549554735
0.9921158549554735
0.9921055886279166
0.9920850333230432
0.9920541437450665
0.9920128519596740
0.9919610674078184
0.9918986769281473
0.9918255447893064
0.9917415127456759
0.9916464001025201
0.9915400038200844
0.9914220986504756
0.9912924373206026
0.9911507507727968
0.9909967484758817
0.9908301188227712
0.9906505296324974
0.9904576287781557
0.9902510449656899
0.9900303886933932
0.9897952534253296
0.9895452170205230
0.9892798434639050
0.9889986849557938
0.9887012844260376
0.9883871785509329
0.9880559013662308
0.9877069885883425
0.9873399827780041
0.9869544395087857
0.9865499347395975
0.9861260736349297
0.9856825011389884
0.9852189146888107
0.9847350795622084
0.9842308475140666
0.9837061795772355
0.9831611742522184
0.9825961028461551
0.9820114546275213
0.9814079960624684
0.9807868514976544
0.9801496193384976
0.9794985547764363
0.9788369059542880
0.9786450374391369
0.9793005003820544
0.9799454169179953
0.9805765554310150
0.9811916769442707
0.9817891986079762
0.9823680107203858
0.9829273603581189
0.9834667705570587
0.9839859809866203
0.9844849027501570
0.9849635830369543
0.9854221769578682
0.9858609247935765
0.9862801334307397
0.9866801610984209
0.9870614047515771
0.9874242895984326
0.9877692603839940
0.9880967741206648
0.9884072940201873
0.9887012844260374
0.9889792065829043
0.9892415151074037
0.9894886550490383
0.9897210594471434
0.9899391473054276
0.9901433219188143
0.9903339694960787
0.9905114580327057
0.9906761363916851
0.9908283335609021
0.9909683580565573
0.9910964974485330
0.9912130179866988
0.9913181643104619
0.9914121592256488
0.9914952035369486
0.9915674759231481
0.9916291328476760
0.9916803084955501
0.9917211147301245
0.9917516410652439
0.9917719546475449
0.9917821002458095
0.9917821002458095
0.9917719546475449
0.9917516410652439
0.9917211147301245
0.9916803084955501
0.9916291328476760
0.9915674759231481
0.9914952035369486
0.9914121592256484
0.9913181643104619
0.9912130179866984
0.9910964974485316
0.9909683580565573
0.9908283335609021
0.9906761363916851
0.9905114580327057
0.9903339694960787
0.9901433219188120
0.9899391473054276
0.9897210594471434
0.9894886550490383
0.9892415151074037
0.9889792065829083
0.9887012844260374
0.9884072940201875
0.9880967741206648
0.9877692603839940
0.9874242895984326
0.9870614047515771
0.9866801610984209
0.9862801334307397
0.9858609247935765
0.9854221769578682
0.9849635830369543
0.9844849027501570
0.9839859809866203
0.9834667705570587
0.9829273603581189
0.9823680107203858
0.9817891986079718
0.9811916769442707
0.9805765554310150
0.9799454169179957
0.9793005003820544
0.9786450374391369
0.9784429704382902
0.9790918282443518
0.9797301810985615
0.9803548158509878
0.9809635115683877
0.9815547026315380
0.9821272954683973
0.9826805519741606
0.9832140085437369
0.9837274166556093
0.9842206976333271
0.9846939073031469
0.9851472078714693
0.9855808452447388
0.9859951305575877
0.9863904250183676
0.9867671274095997
0.9871256637370389
0.9874664786349754
0.9877900282166612
0.9880967741206640
0.9883871785509329
0.9886617001471617
0.9889207905477575
0.9891648915354401
0.9893944326699000
0.9896098293313671
0.9898114811078887
0.9899997704726481
0.9901750617035947
0.9903377000069948
0.9904880108109009
0.9906262992002065
0.9907528494698383
0.9908679247744399
0.9909717668585011
0.9910645958503652
0.9911466101092565
0.9912179861134907
0.9912788783806880
0.9913294194136794
0.9913697196641728
0.9913998675103166
0.9914199292433197
0.9914299490602124
0.9914299490602120
0.9914199292433197
0.9913998675103187
0.9913697196641732
0.9913294194136794
0.9912788783806880
0.9912179861134907
0.9911466101092565
0.9910645958503652
0.9909717668585029
0.9908679247744424
0.9907528494698383
0.9906262992002065
0.9904880108109009
0.9903377000069948
0.9901750617035947
0.9899997704726481
0.9898114811078896
0.9896098293313695
0.9893944326699000
0.9891648915354401
0.9889207905477596
0.9886617001471578
0.9883871785509327
0.9880967741206640
0.9877900282166612
0.9874664786349707
0.9871256637370389
0.9867671274095997
0.9863904250183676
0.9859951305575877
0.9855808452447388
0.9851472078714685
0.9846939073031469
0.9842206976333271
0.9837274166556093
0.9832140085437369
0.9826805519741606
0.9821272954683973
0.9815547026315380
0.9809635115683877
0.9803548158509878
0.9797301810985615
0.9790918282443518
0.9784429704382902
0.9782304819274651
0.9788722928683823
0.9795036443410514
0.9801213438621899
0.9807231906034389
0.9813076380435587
0.9818736103788267
0.9824203857056548
0.9829475148965947
0.9834547620956471
0.9839420594523048
0.9844094718044762
0.9848571686209775
0.9852854014201873
0.9856944854184160
0.9860847845109409
0.9864566989148187
0.9868106549633021
0.9871470966536521
0.9874664786349754
0.9877692603839945
0.9880559013662308
0.9883268570167077
0.9885825754043875
0.9888234944680249
0.9890500397305736
0.9892626224144716
0.9894616378931896
0.9896474644237601
0.9898204621160892
0.9899809720982069
0.9901293158465311
0.9902657946535289
0.9903906892065349
0.9905042592619733
0.9906067433944993
0.9906983588078383
0.9907793011959228
0.9908497446425395
0.9909098415519084
0.9909597226017959
0.9909994967141621
0.9910292510374126
0.9910490509374172
0.9910589399927150
0.9910589399927150
0.9910490509374172
0.9910292510374126
0.9909994967141621
0.9909597226017959
0.9909098415519084
0.9908497446425395
0.9907793011959226
0.9906983588078349
0.9906067433944993
0.9905042592619743
0.9903906892065327
0.9902657946535289
0.9901293158465311
0.9899809720982069
0.9898204621160892
0.9896474644237611
0.9894616378931896
0.9892626224144716
0.9890500397305736
0.9888234944680249
0.9885825754043875
0.9883268570167077
0.9880559013662308
0.9877692603839945
0.9874664786349754
0.9871470966536521
0.9868106549633021
0.9864566989148187
0.9860847845109409
0.9856944854184160
0.9852854014201873
0.9848571686209775
0.9844094718044762
0.9839420594523048
0.9834547620956471
0.9829475148965947
0.9824203857056548
0.9818736103788264
0.9813076380435587
0.9807231906034389
0.9801213438621899
0.9795036443410514
0.9788722928683823
0.9782304819274651
0.9780073532227331
0.9786416516353631
0.9792655405951368
0.9798758507916828
0.9804704038307116
0.9810476743781767
0.9816066062018596
0.9821464950944214
0.9826669075832195
0.9831676213454605
0.9836485799333931
0.9841098575085405
0.9845516308832357
0.9849741570705272
0.9853777550882753
0.9857627911075498
0.9861296662685325
0.9864788066459395
0.9868106549633021
0.9871256637370389
0.9874242895984326
0.9877069885883423
0.9879742122593216
0.9882264044490746
0.9884639986131929
0.9886874156253965
0.9888970619680765
0.9890933282497320
0.9892765879946691
0.9894471966616137
0.9896054908515615
0.9897517876746399
0.9898863842484205
0.9900095573037201
0.9901215628806214
0.9902226360966683
0.9903129909734965
0.9903928203107568
0.9904622955971714
0.9905215669492488
0.9905707630721525
0.9906099912360756
0.9906393372629974
0.9906588655210318
0.9906686189220730
0.9906686189220730
0.9906588655210298
0.9906393372629974
0.9906099912360756
0.9905707630721525
0.9905215669492488
0.9904622955971714
0.9903928203107568
0.9903129909734965
0.9902226360966683
0.9901215628806214
0.9900095573037192
0.9898863842484205
0.9897517876746399
0.9896054908515615
0.9894471966616203
0.9892765879946691
0.9890933282497320
0.9888970619680765
0.9886874156253965
0.9884639986131915
0.9882264044490746
0.9879742122593216
0.9877069885883423
0.9874242895984326
0.9871256637370389
0.9868106549633021
0.9864788066459395
0.9861296662685325
0.9857627911075498
0.9853777550882753
0.9849741570705284
0.9845516308832357
0.9841098575085405
0.9836485799333931
0.9831676213454605
0.9826669075832195
0.9821464950944214
0.9816066062018596
0.9810476743781767
0.9804704038307116
0.9798758507916828
0.9792655405951368
0.9786416516353631
0.9780073532227331
0.9777733728745189
0.9783996676248697
0.9790156080662923
0.9796180509290341
0.9802048428933633
0.9807744821498520
0.9813259340228335
0.9818585136076313
0.9823718043123827
0.9828655982063910
0.9833398507665724
0.9837946457006921
0.9842301671289863
0.9846466773110424
0.9850444986458049
0.9854239990276381
0.9857855798690871
0.9861296662685325
0.9864566989148187
0.9867671274095997
0.9870614047515771
0.9873399827780041
0.9876033083987770
0.9878518204858222
0.9880859473085786
0.9883061044234855
0.9885126929427032
0.9887060981180129
0.9888866881886718
0.9890548134488233
0.9892108054977671
0.9893549766425264
0.9894876194250903
0.9896090062548419
0.9897193891244682
0.9898189993961231
0.9899080476427209
0.9899867235334316
0.9900551957544509
0.9901136119558974
0.9901620987186486
0.9902007615359838
0.9902296848041577
0.9902489318194483
0.9902585447782321
0.9902585447782321
0.9902489318194483
0.9902296848041577
0.9902007615359838
0.9901620987186486
0.9901136119558974
0.9900551957544509
0.9899867235334316
0.9899080476427209
0.9898189993961231
0.9897193891244682
0.9896090062548419
0.9894876194250903
0.9893549766425264
0.9892108054977671
0.9890548134488233
0.9888866881886718
0.9887060981180129
0.9885126929427032
0.9883061044234855
0.9880859473085786
0.9878518204858222
0.9876033083987770
0.9873399827780041
0.9870614047515771
0.9867671274095997
0.9864566989148187
0.9861296662685325
0.9857855798690871
0.9854239990276381
0.9850444986458049
0.9846466773110424
0.9842301671289863
0.9837946457006921
0.9833398507665724
0.9828655982063909
0.9823718043123827
0.9818585136076333
0.9813259340228335
0.9807744821498520
0.9802048428933633
0.9796180509290341
0.9790156080662923
0.9783996676248712
0.9777733728745189
0.9775283400508545
0.9781461129219901
0.9787535924716364
0.9793476647660172
0.9799262045624519
0.9804877361945189
0.9810312487214766
0.9815560782561423
0.9820618263416742
0.9825483002626785
0.9830154678534426
0.9834634224625600
0.9838923553317991
0.9843025335523415
0.9846942823141495
0.9850679705144652
0.9854239990276381
0.9857627911075466
0.9860847845109395
0.9863904250183676
0.9866801610984209
0.9869544395087857
0.9872137016710303
0.9874583806828855
0.9876888988607818
0.9879056657215572
0.9881090763297116
0.9882995099491466
0.9884773289481691
0.9886428779151527
0.9887964829492838
0.9889384510974755
0.9890690699097483
0.9891886070951285
0.9892973102568158
0.9893954066944239
0.9894831032577537
0.9895605862431482
0.9896280213223674
0.9896855534962110
0.9897333070668768
0.9897713856230347
0.9897998720340595
0.9898188284492130
0.9898282962994454
0.9898282962994454
0.9898188284492130
0.9897998720340595
0.9897713856230347
0.9897333070668793
0.9896855534962109
0.9896280213223674
0.9895605862431482
0.9894831032577537
0.9893954066944239
0.9892973102568158
0.9891886070951285
0.9890690699097483
0.9889384510974755
0.9887964829492838
0.9886428779151527
0.9884773289481691
0.9882995099491502
0.9881090763297116
0.9879056657215562
0.9876888988607818
0.9874583806828855
0.9872137016710303
0.9869544395087857
0.9866801610984199
0.9863904250183676
0.9860847845109409
0.9857627911075466
0.9854239990276381
0.9850679705144652
0.9846942823141495
0.9843025335523415
0.9838923553317991
0.9834634224625600
0.9830154678534426
0.9825483002626785
0.9820618263416742
0.9815560782561423
0.9810312487214766
0.9804877361945189
0.9799262045624519
0.9793476647660172
0.9787535924716357
0.9781461129219901
0.9775283400508545
0.9772720685021841
0.9778807725043634
0.9784792508797769
0.9790644228363751
0.9796341946326244
0.9801871196792824
0.9807222131513331
0.9812388339876619
0.9817366031217870
0.9822153437977640
0.9826750365047608
0.9831157841536198
0.9835377847229823
0.9839413095158691
0.9843266857184383
0.9846942823141530
0.9850444986458049
0.9853777550882753
0.9856944854184160
0.9859951305575877
0.9862801334307397
0.9865499347395975
0.9868049694854353
0.9870456641100811
0.9872724341478747
0.9874856823007779
0.9876857968647744
0.9878731504480823
0.9880480989316140
0.9882109806313916
0.9883621156280674
0.9885018052346468
0.9886303315788109
0.9887479572796288
0.9888549251999655
0.9889514582624568
0.9890377593141496
0.9891140110319530
0.9891803758578233
0.9892369959579740
0.9892839931990258
0.9893214691364417
0.9893495050105479
0.9893681617477791
0.9893774799630642
0.9893774799630642
0.9893681617477791
0.9893495050105479
0.9893214691364417
0.9892839931990258
0.9892369959579740
0.9891803758578233
0.9891140110319530
0.9890377593141496
0.9889514582624568
0.9888549251999655
0.9887479572796288
0.9886303315788109
0.9885018052346468
0.9883621156280674
0.9882109806313908
0.9880480989316148
0.9878731504480823
0.9876857968647744
0.9874856823007779
0.9872724341478747
0.9870456641100808
0.9868049694854353
0.9865499347395976
0.9862801334307397
0.9859951305575877
0.9856944854184160
0.9853777550882753
0.9850444986458049
0.9846942823141495
0.9843266857184383
0.9839413095158691
0.9835377847229835
0.9831157841536198
0.9826750365047608
0.9822153437977640
0.9817366031217870
0.9812388339876619
0.9807222131513331
0.9801871196792824
0.9796341946326244
0.9790644228363751
0.9784792508797769
0.9778807725043634
0.9772720685021841
0.9770043912215025
0.9776034488227657
0.9781923562535751
0.9787680702825997
0.9793285325867886
0.9798723289381389
0.9803985032122260
0.9809064390509734
0.9813957779853417
0.9818663598290330
0.9823181778269497
0.9827513441385467
0.9831660628452925
0.9835626085894089
0.9839413095158688
0.9843025335523415
0.9846466773110424
0.9849741570705284
0.9852854014201873
0.9855808452447388
0.9858609247935755
0.9861260736349297
0.9863767193331252
0.9866132807213015
0.9868361656637438
0.9870457692239963
0.9872424721686502
0.9874266397500846
0.9875986207194551
0.9877587465331517
0.9879073307174473
0.9880446683650906
0.9881710357408535
0.9882866899762687
0.9883918688369600
0.9884867905496688
0.9885716536760991
0.9886466370244783
0.9887118995901722
0.9887675805184168
0.9888137990830519
0.9888506546767667
0.9888782268089007
0.9888965751066342
0.9889057393188141
0.9889057393188141
0.9888965751066342
0.9888782268089007
0.9888506546767667
0.9888137990830540
0.9887675805184183
0.9887118995901722
0.9886466370244809
0.9885716536760991
0.9884867905496688
0.9883918688369600
0.9882866899762687
0.9881710357408535
0.9880446683650906
0.9879073307174473
0.9877587465331517
0.9875986207194539
0.9874266397500846
0.9872424721686482
0.9870457692239963
0.9868361656637438
0.9866132807213015
0.9863767193331252
0.9861260736349297
0.9858609247935755
0.9855808452447388
0.9852854014201873
0.9849741570705284
0.9846466773110424
0.9843025335523415
0.9839413095158702
0.9835626085894114
0.9831660628452925
0.9827513441385467
0.9823181778269497
0.9818663598290330
0.9813957779853417
0.9809064390509734
0.9803985032122263
0.9798723289381389
0.9793285325867886
0.9787680702825997
0.9781923562535737
0.9776034488227657
0.9770043912215025
0.9767251659436968
0.9773139672209452
0.9778927028479197
0.9784583723155348
0.9790089572125010
0.9795430793394534
0.9800598140482685
0.9805585715808840
0.9810390151574315
0.9815010015557323
0.9819445366000100
0.9823697410780061
0.9827768242247239
0.9831660628452925
0.9835377847229823
0.9838923553317991
0.9842301671289863
0.9845516308832357
0.9848571686209775
0.9851472078714685
0.9854221769578682
0.9856825011389884
0.9859285994453159
0.9861608820825312
0.9863797483039609
0.9865855846682707
0.9867787636183992
0.9869596423236234
0.9871285617427269
0.9872858458690700
0.9874318011272245
0.9875667158943766
0.9876908601254057
0.9878044850627096
0.9879078230148938
0.9880010871926398
0.9880844715885433
0.9881581508931550
0.9882222804387035
0.9882769961635404
0.9883224145921850
0.9883586328263089
0.9883857285421530
0.9884037599926220
0.9884127660102225
0.9884127660102225
0.9884037599926220
0.9883857285421530
0.9883586328263089
0.9883224145921850
0.9882769961635404
0.9882222804387035
0.9881581508931550
0.9880844715885433
0.9880010871926446
0.9879078230148938
0.9878044850627103
0.9876908601254057
0.9875667158943772
0.9874318011272245
0.9872858458690700
0.9871285617427269
0.9869596423236233
0.9867787636183992
0.9865855846682707
0.9863797483039609
0.9861608820825312
0.9859285994453159
0.9856825011389884
0.9854221769578682
0.9851472078714685
0.9848571686209775
0.9845516308832357
0.9842301671289863
0.9838923553317991
0.9835377847229826
0.9831660628452895
0.9827768242247239
0.9823697410780061
0.9819445366000100
0.9815010015557323
0.9810390151574307
0.9805585715808840
0.9800598140482685
0.9795430793394534
0.9790089572125000
0.9784583723155348
0.9778927028479197
0.9773139672209497
0.9767251659436968
0.9764342816682556
0.9770121823810619
0.9775801126580067
0.9781351207803337
0.9786752334129656
0.9791991124600049
0.9797058676793201
0.9801949377510421
0.9806660084564800
0.9811189536084830
0.9815537910550748
0.9819706491942217
0.9823697410780061
0.9827513441385467
0.9831157841536198
0.9834634224625600
0.9837946457006921
0.9841098575085405
0.9844094718044762
0.9846939073031469
0.9849635830369537
0.9852189146888107
0.9854603115843643
0.9856881742260629
0.9859028922700146
0.9861048428699074
0.9862943893237807
0.9864718799720920
0.9866376473042259
0.9867920072377989
0.9869352585419214
0.9870676823793386
0.9871895419464602
0.9873010821945180
0.9874025296166611
0.9874940920885835
0.9875759587523693
0.9876482999341966
0.9877112670888938
0.9877649927646217
0.9878095905822957
0.9878451552257272
0.9878717624384792
0.9878894690246164
0.9878983128512390
0.9878983128512390
0.9878894690246164
0.9878717624384792
0.9878451552257272
0.9878095905822957
0.9877649927646217
0.9877112670888938
0.9876482999341966
0.9875759587523693
0.9874940920885835
0.9874025296166611
0.9873010821945196
0.9871895419464602
0.9870676823793386
0.9869352585419210
0.9867920072377989
0.9866376473042259
0.9864718799720920
0.9862943893237807
0.9861048428699074
0.9859028922700146
0.9856881742260629
0.9854603115843643
0.9852189146888107
0.9849635830369537
0.9846939073031469
0.9844094718044762
0.9841098575085405
0.9837946457006921
0.9834634224625600
0.9831157841536198
0.9827513441385467
0.9823697410780061
0.9819706491942217
0.9815537910550748
0.9811189536084830
0.9806660084564800
0.9801949377510421
0.9797058676793201
0.9791991124600000
0.9786752334129656
0.9781351207803337
0.9775801126580067
0.9770121823810619
0.9764342816682577
0.9761316664439111
0.9766979860371626
0.9772544431771690
0.9777981421193227
0.9783271605449152
0.9788402049467207
0.9793364224953319
0.9798152819597788
0.9802764921869734
0.9807199436263405
0.9811456650861147
0.9815537910550748
0.9819445366000177
0.9823181778269520
0.9826750365047608
0.9830154678534426
0.9833398507665724
0.9836485799333931
0.9839420594523048
0.9842206976333271
0.9844849027501570
0.9847350795622084
0.9849716264594010
0.9851949331185027
0.9854053785790187
0.9856033296646811
0.9857891396919430
0.9859631474158803
0.9861256761734832
0.9862770331915449
0.9864175090305343
0.9865473771416268
0.9866668935178269
0.9867762964217894
0.9868758061771106
0.9869656250110467
0.9870459369387619
0.9871169076803096
0.9871786846037838
0.9872313966878267
0.9872751544993685
0.9873100501811565
0.9873361574464543
0.9873535315784738
0.9873622094312874
0.9873622094312874
0.9873535315784738
0.9873361574464543
0.9873100501811565
0.9872751544993685
0.9872313966878267
0.9871786846037838
0.9871169076803114
0.9870459369387619
0.9869656250110467
0.9868758061771106
0.9867762964217894
0.9866668935178269
0.9865473771416268
0.9864175090305343
0.9862770331915449
0.9861256761734832
0.9859631474158803
0.9857891396919430
0.9856033296646811
0.9854053785790187
0.9851949331185027
0.9849716264594010
0.9847350795622084
0.9844849027501570
0.9842206976333271
0.9839420594523048
0.9836485799333931
0.9833398507665724
0.9830154678534426
0.9826750365047608
0.9823181778269520
0.9819445366000177
0.9815537910550748
0.9811456650861147
0.9807199436263405
0.9802764921869734
0.9798152819597788
0.9793364224953328
0.9788402049467207
0.9783271605449152
0.9777981421193227
0.9772544431771690
0.9766979860371626
0.9761316664439111
0.9758172967318586
0.9763713162822464
0.9769155968169390
0.9774473071313615
0.9779645827482372
0.9784661796029825
0.9789512852153692
0.9794193997068932
0.9798702549179458
0.9803037568771906
0.9807199436263393
0.9811189536084830
0.9815010015557323
0.9818663598290333
0.9822153437977640
0.9825483002626785
0.9828655982063909
0.9831676213454605
0.9834547620956471
0.9837274166556093
0.9839859809866220
0.9842308475140666
0.9844624024154318
0.9846810233897249
0.9848870778203520
0.9850809212654750
0.9852628962178457
0.9854333310907105
0.9855925393894900
0.9857408190407920
0.9858784518501654
0.9860057030694683
0.9861228210520948
0.9862300369836299
0.9863275646736999
0.9864156003962176
0.9864943227713965
0.9865638926793240
0.9866244531987831
0.9866761295663788
0.9867190291496445
0.9867532414314459
0.9867788380013440
0.9867958725521527
0.9868043808788477
0.9868043808788477
0.9867958725521527
0.9867788380013440
0.9867532414314459
0.9867190291496445
0.9866761295663788
0.9866244531987831
0.9865638926793240
0.9864943227713965
0.9864156003962176
0.9863275646736999
0.9862300369836299
0.9861228210520948
0.9860057030694683
0.9858784518501654
0.9857408190407920
0.9855925393894900
0.9854333310907105
0.9852628962178457
0.9850809212654728
0.9848870778203520
0.9846810233897249
0.9844624024154318
0.9842308475140666
0.9839859809866220
0.9837274166556093
0.9834547620956471
0.9831676213454605
0.9828655982063909
0.9825483002626785
0.9822153437977640
0.9818663598290334
0.9815010015557323
0.9811189536084830
0.9807199436263393
0.9803037568771906
0.9798702549179458
0.9794193997068932
0.9789512852153692
0.9784661796029832
0.9779645827482372
0.9774473071313615
0.9769155968169390
0.9763713162822464
0.9758172967318586
0.9754912087805059
0.9760321689129871
0.9765635324778849
0.9770825431014287
0.9775874019433326
0.9780769194772544
0.9785503261799470
0.9790071540970333
0.9794471571248395
0.9798702549179458
0.9802764921869734
0.9806660084564800
0.9810390151574307
0.9813957779853417
0.9817366031217870
0.9820618263416742
0.9823718043123827
0.9826669075832195
0.9829475148965947
0.9832140085437369
0.9834667705570587
0.9837061795772355
0.9839326082697049
0.9841464211911440
0.9843479730274164
0.9845376071392500
0.9847156543628492
0.9848824320244829
0.9850382431324892
0.9851833757187808
0.9853181023038156
0.9854426794666478
0.9855573475003747
0.9856623301401012
0.9857578343498403
0.9858440501583784
0.9859211505348278
0.9859892912957138
0.9860486110377034
0.9860992310905842
0.9861412554847248
0.9861747709301626
0.9861998468039549
0.9862165351427366
0.9862248706388899
0.9862248706388899
0.9862165351427366
0.9861998468039549
0.9861747709301626
0.9861412554847248
0.9860992310905842
0.9860486110377034
0.9859892912957138
0.9859211505348278
0.9858440501583784
0.9857578343498403
0.9856623301401012
0.9855573475003767
0.9854426794666478
0.9853181023038156
0.9851833757187808
0.9850382431324892
0.9848824320244829
0.9847156543628492
0.9845376071392500
0.9843479730274164
0.9841464211911440
0.9839326082697049
0.9837061795772355
0.9834667705570587
0.9832140085437369
0.9829475148965947
0.9826669075832195
0.9823718043123827
0.9820618263416742
0.9817366031217870
0.9813957779853417
0.9810390151574307
0.9806660084564800
0.9802764921869734
0.9798702549179458
0.9794471571248395
0.9790071540970333
0.9785503261799470
0.9780769194772544
0.9775874019433326
0.9770825431014287
0.9765635324778849
0.9760321689129867
0.9754912087805059
0.9751535126163599
0.9756806114429234
0.9761982799876111
0.9767038491522808
0.9771955945148860
0.9776723861306620
0.9781334992714190
0.9785784973361611
0.9790071540970333
0.9794193997068932
0.9798152819597788
0.9801949377510421
0.9805585715808840
0.9809064390509734
0.9812388339876619
0.9815560782561423
0.9818585136076333
0.9821464950944214
0.9824203857056548
0.9826805519741606
0.9829273603581189
0.9831611742522184
0.9833823515114143
0.9835912423974804
0.9837881878744481
0.9839735181952359
0.9841475517294677
0.9843105939968712
0.9844629368679119
0.9846048579098673
0.9847366198513450
0.9848584701485806
0.9849706406344790
0.9850733472394545
0.9851667897695779
0.9852511517332141
0.9853266002067266
0.9853932857332501
0.9854513422466473
0.9855008870154984
0.9855420206036042
0.9855748268430915
0.9855993728150874
0.9856157088384206
0.9856238684623844
0.9856238684623844
0.9856157088384206
0.9855993728150885
0.9855748268430915
0.9855420206036042
0.9855008870154984
0.9854513422466473
0.9853932857332501
0.9853266002067266
0.9852511517332141
0.9851667897695779
0.9850733472394545
0.9849706406344801
0.9848584701485806
0.9847366198513450
0.9846048579098673
0.9844629368679119
0.9843105939968724
0.9841475517294666
0.9839735181952359
0.9837881878744481
0.9835912423974804
0.9833823515114156
0.9831611742522184
0.9829273603581189
0.9826805519741606
0.9824203857056548
0.9821464950944214
0.9818585136076333
0.9815560782561423
0.9812388339876624
0.9809064390509734
0.9805585715808840
0.9801949377510421
0.9798152819597788
0.9794193997068932
0.9790071540970333
0.9785784973361611
0.9781334992714190
0.9776723861306620
0.9771955945148860
0.9767038491522808
0.9761982799876111
0.9756806114429234
0.9751535126163599
0.9748044095328012
0.9753168007142443
0.9758199584932552
0.9763113161550546
0.9767892332843151
0.9772526439056733
0.9777008684328735
0.9781334992714190
0.9785503261799470
0.9789512852153702
0.9793364224953319
0.9797058676793201
0.9800598140482685
0.9803985032122263
0.9807222131513331
0.9810312487214766
0.9813259340228335
0.9816066062018596
0.9818736103788267
0.9821272954683955
0.9823680107203858
0.9825961028461595
0.9828119136247161
0.9830157779068762
0.9832080219504251
0.9833889620297667
0.9835589032787879
0.9837181387285771
0.9838669485080084
0.9840055991845984
0.9841343432209302
0.9842534185296867
0.9843630481121186
0.9844634397650294
0.9845547858465739
0.9846372630896614
0.9847110324557343
0.9847762390209872
0.9848330118892245
0.9848814641261499
0.9849216927106074
0.9849537784992124
0.9849777862014215
0.9849937643617765
0.9850017453489589
0.9850017453489589
0.9849937643617765
0.9849777862014215
0.9849537784992124
0.9849216927106081
0.9848814641261499
0.9848330118892245
0.9847762390209872
0.9847110324557343
0.9846372630896616
0.9845547858465739
0.9844634397650294
0.9843630481121186
0.9842534185296867
0.9841343432209302
0.9840055991845985
0.9838669485080084
0.9837181387285771
0.9835589032787900
0.9833889620297667
0.9832080219504251
0.9830157779068762
0.9828119136247161
0.9825961028461551
0.9823680107203858
0.9821272954683955
0.9818736103788267
0.9816066062018596
0.9813259340228335
0.9810312487214766
0.9807222131513331
0.9803985032122260
0.9800598140482685
0.9797058676793201
0.9793364224953319
0.9789512852153692
0.9785503261799470
0.9781334992714190
0.9777008684328735
0.9772526439056733
0.9767892332843151
0.9763113161550546
0.9758199584932552
0.9753168007142441
0.9748044095328012
0.9744442144168499
0.9749410055519693
0.9754288005685203
0.9759051534121336
0.9763685174194795
0.9768178931548581
0.9772526439056733
0.9776723861306618
0.9780769194772579
0.9784661796029832
0.9788402049467204
0.9791991124600049
0.9795430793394534
0.9798723289381379
0.9801871196792828
0.9804877361945189
0.9807744821498512
0.9810476743781767
0.9813076380435587
0.9815547026315380
0.9817891986079745
0.9820114546275213
0.9822217951935379
0.9824205386958815
0.9826079957639628
0.9827844678841432
0.9829502462412280
0.9831056107488694
0.9832508292393738
0.9833861567902492
0.9835118351644404
0.9836280923485319
0.9837351421737701
0.9838331840051793
0.9839224024906026
0.9840029673572989
0.9840750332507140
0.9841387396053757
0.9841942105452453
0.9842415548052514
0.9842808656726548
0.9843122209417807
0.9843356828814007
0.9843512982114566
0.9843590980866450
0.9843590980866450
0.9843512982114566
0.9843356828814007
0.9843122209417807
0.9842808656726548
0.9842415548052514
0.9841942105452453
0.9841387396053757
0.9840750332507140
0.9840029673572989
0.9839224024906026
0.9838331840051793
0.9837351421737701
0.9836280923485319
0.9835118351644404
0.9833861567902492
0.9832508292393738
0.9831056107488694
0.9829502462412280
0.9827844678841432
0.9826079957639628
0.9824205386958815
0.9822217951935379
0.9820114546275213
0.9817891986079745
0.9815547026315380
0.9813076380435587
0.9810476743781767
0.9807744821498512
0.9804877361945189
0.9801871196792824
0.9798723289381379
0.9795430793394534
0.9791991124600049
0.9788402049467204
0.9784661796029832
0.9780769194772579
0.9776723861306618
0.9772526439056733
0.9768178931548581
0.9763685174194795
0.9759051534121336
0.9754288005685203
0.9749410055519693
0.9744442144168499
0.9740733850649433
0.9745536368575810
0.9750251851154583
0.9754857260425355
0.9759338148951742
0.9763685174194795
0.9767892332843151
0.9771955945148815
0.9775874019433367
0.9779645827482372
0.9783271605449152
0.9786752334129656
0.9790089572125000
0.9793285325867898
0.9796341946326244
0.9799262045624523
0.9802048428933633
0.9804704038307078
0.9807231906034389
0.9809635115683877
0.9811916769442712
0.9814079960624684
0.9816127750530914
0.9818063148891087
0.9819889097379317
0.9821608455682710
0.9823223989762374
0.9824738361959251
0.9826154122690093
0.9827473703470299
0.9828699411096701
0.9829833422789298
0.9830877782175707
0.9831834395964000
0.9832705031218673
0.9833491313140845
0.9834194723255257
0.9834816597966100
0.9835358127397750
0.9835820354480136
0.9836204174232588
0.9836510333216819
0.9836739429117999
0.9836891910444756
0.9836968076313453
0.9836968076313453
0.9836891910444756
0.9836739429117999
0.9836510333216819
0.9836204174232588
0.9835820354480136
0.9835358127397750
0.9834816597966100
0.9834194723255257
0.9833491313140845
0.9832705031218673
0.9831834395964025
0.9830877782175707
0.9829833422789266
0.9828699411096701
0.9827473703470299
0.9826154122690093
0.9824738361959251
0.9823223989762374
0.9821608455682710
0.9819889097379317
0.9818063148891087
0.9816127750530914
0.9814079960624684
0.9811916769442712
0.9809635115683877
0.9807231906034389
0.9804704038307078
0.9802048428933633
0.9799262045624519
0.9796341946326244
0.9793285325867898
0.9790089572125000
0.9786752334129656
0.9783271605449152
0.9779645827482372
0.9775874019433367
0.9771955945148815
0.9767892332843151
0.9763685174194795
0.9759338148951742
0.9754857260425355
0.9750251851154583
0.9745536368575810
0.9740733850649433
0.9736925622138952
0.9741552895103456
0.9746096849970726
0.9750536106246251
0.9754857260425355
0.9759051534121336
0.9763113161550546
0.9767038491522816
0.9770825431014286
0.9774473071313632
0.9777981421193227
0.9781351207803337
0.9784583723155348
0.9787680702825997
0.9790644228363751
0.9793476647660172
0.9796180509290341
0.9798758507916828
0.9801213438621899
0.9803548158509878
0.9805765554310150
0.9807868514976489
0.9809859908461143
0.9811742562016359
0.9813519245469732
0.9815192657039041
0.9816765411293604
0.9818240028970242
0.9819618928343025
0.9820904417961029
0.9822098690514509
0.9823203817706995
0.9824221745948020
0.9825154292781944
0.9826003143908585
0.9826769850744700
0.9827455828401884
0.9828062354054140
0.9828590565601889
0.9829041460614303
0.9829415895473773
0.9829714584722630
0.9829938100539576
0.9830086872371032
0.9830161186655954
0.9830161186655954
0.9830086872371032
0.9829938100539576
0.9829714584722630
0.9829415895473773
0.9829041460614303
0.9828590565601889
0.9828062354054140
0.9827455828401884
0.9826769850744700
0.9826003143908594
0.9825154292781938
0.9824221745948022
0.9823203817706995
0.9822098690514509
0.9820904417961029
0.9819618928343025
0.9818240028970242
0.9816765411293604
0.9815192657039041
0.9813519245469721
0.9811742562016359
0.9809859908461153
0.9807868514976500
0.9805765554310150
0.9803548158509878
0.9801213438621899
0.9798758507916828
0.9796180509290341
0.9793476647660172
0.9790644228363751
0.9787680702825997
0.9784583723155348
0.9781351207803337
0.9777981421193227
0.9774473071313632
0.9770825431014286
0.9767038491522816
0.9763113161550546
0.9759051534121336
0.9754857260425355
0.9750536106246251
0.9746096849970796
0.9741552895103456
0.9736925622138952
0.9733026273997728
0.9737468051687469
0.9741831423951973
0.9746096849970726
0.9750251851154667
0.9754288005685194
0.9758199584932552
0.9761982799876111
0.9765635324778849
0.9769155968169390
0.9772544431771690
0.9775801126580067
0.9778927028479244
0.9781923562535737
0.9784792508797769
0.9787535924716357
0.9790156080662923
0.9792655405951368
0.9795036443410514
0.9797301810985615
0.9799454169179953
0.9801496193384976
0.9803430550318666
0.9805259877947544
0.9806986768367096
0.9808613753208781
0.9810143291197521
0.9811577757564917
0.9812919435040754
0.9814170506208295
0.9815333047032153
0.9816409021382595
0.9817400276429238
0.9818308538763201
0.9819135411164479
0.9819882369896195
0.9820550762467991
0.9821141805790142
0.9821656584661445
0.9822096050536845
0.9822461020539019
0.9822752176673015
0.9822970065216610
0.9823115096255248
0.9823187543357133
0.9823187543357133
0.9823115096255248
0.9822970065216610
0.9822752176673014
0.9822461020539019
0.9822096050536845
0.9821656584661445
0.9821141805790142
0.9820550762467991
0.9819882369896195
0.9819135411164479
0.9818308538763201
0.9817400276429238
0.9816409021382635
0.9815333047032153
0.9814170506208295
0.9812919435040666
0.9811577757564917
0.9810143291197521
0.9808613753208781
0.9806986768367096
0.9805259877947544
0.9803430550318666
0.9801496193384976
0.9799454169179966
0.9797301810985615
0.9795036443410514
0.9792655405951368
0.9790156080662923
0.9787535924716357
0.9784792508797769
0.9781923562535737
0.9778927028479244
0.9775801126580067
0.9772544431771690
0.9769155968169390
0.9765635324778849
0.9761982799876111
0.9758199584932552
0.9754288005685203
0.9750251851154585
0.9746096849970726
0.9741831423951973
0.9737468051687456
0.9733026273997728
0.9729047943732521
0.9733293792686959
0.9737468051687469
0.9741552895103456
0.9745536368575810
0.9749410055519693
0.9753168007142441
0.9756806114429234
0.9760321689129871
0.9763713162822464
0.9766979860371626
0.9770121823810619
0.9773139672209497
0.9776034488227657
0.9778807725043634
0.9781461129219901
0.9783996676248712
0.9786416516353630
0.9788722928683823
0.9790918282443527
0.9793005003820544
0.9794985547764363
0.9796862373875787
0.9798637925782797
0.9800314613485145
0.9801894798244216
0.9803380779650530
0.9804774784561274
0.9806078957646603
0.9807295353329432
0.9808425928914331
0.9809472538745377
0.9810436929259689
0.9811320734794980
0.9812125474055935
0.9812852547158077
0.9813503233133239
0.9814078687877282
0.9814579942436074
0.9815007901601324
0.9815363342775443
0.9815646915059273
0.9815859138526680
0.9816000403692483
0.9816070971106124
0.9816070971106124
0.9816000403692483
0.9815859138526680
0.9815646915059273
0.9815363342775443
0.9815007901601324
0.9814579942436074
0.9814078687877282
0.9813503233133239
0.9812852547158077
0.9812125474055935
0.9811320734794980
0.9810436929259689
0.9809472538745377
0.9808425928914331
0.9807295353329432
0.9806078957646603
0.9804774784561274
0.9803380779650530
0.9801894798244216
0.9800314613485145
0.9798637925782797
0.9796862373875787
0.9794985547764363
0.9793005003820544
0.9790918282443527
0.9788722928683823
0.9786416516353630
0.9783996676248697
0.9781461129219901
0.9778807725043634
0.9776034488227657
0.9773139672209497
0.9770121823810619
0.9766979860371626
0.9763713162822464
0.9760321689129871
0.9756806114429234
0.9753168007142441
0.9749410055519693
0.9745536368575810
0.9741552895103456
0.9737468051687469
0.9733293792686959
0.9729047943732521
0.9725007780874967
0.9729047943732521
0.9733026273997728
0.9736925622138952
0.9740733850649433
0.9744442144168499
0.9748044095328012
0.9751535126163599
0.9754912087805065
0.9758172967318586
0.9761316664439108
0.9764342816682609
0.9767251659436968
0.9770043912215013
0.9772720685021841
0.9775283400508545
0.9777733728745189
0.9780073532227331
0.9782304819274651
0.9784429704382902
0.9786450374391374
0.9788369059542880
0.9790188008681073
0.9791909467968081
0.9793535662614650
0.9795068781177997
0.9796510962078931
0.9797864282029815
0.9799130746093664
0.9800312279172534
0.9801410718716894
0.9802427808498299
0.9803365193301163
0.9804224414393315
0.9805006905705527
0.9805713990573059
0.9806346879018503
0.9806906665447848
0.9807394326752328
0.9807810720721091
0.9808156584751698
0.9808432534801059
0.9808639064565542
0.9808776544845276
0.9808845223086881
0.9808845223086881
0.9808776544845276
0.9808639064565542
0.9808432534801019
0.9808156584751698
0.9807810720721091
0.9807394326752373
0.9806906665447848
0.9806346879018500
0.9805713990573059
0.9805006905705527
0.9804224414393315
0.9803365193301198
0.9802427808498299
0.9801410718716894
0.9800312279172534
0.9799130746093664
0.9797864282029815
0.9796510962078928
0.9795068781177987
0.9793535662614650
0.9791909467968081
0.9790188008681073
0.9788369059542880
0.9786450374391374
0.9784429704382902
0.9782304819274651
0.9780073532227331
0.9777733728745189
0.9775283400508545
0.9772720685021841
0.9770043912215013
0.9767251659436968
0.9764342816682609
0.9761316664439108
0.9758172967318586
0.9754912087805065
0.9751535126163599
0.9748044095328012
0.9744442144168499
0.9740733850649433
0.9736925622138952
0.9733026273997728
0.9729047943732521
0.9725007780874967
