RW,Z
0.0641581702616064,16.2783817903779209
0.0641821120440935
0.0642057436243098
0.0642289761561151
0.0642517451669356
0.0642740024701105
0.0642957117948382
0.0643168460202629
0.0643373852597120
0.0643573154545958
0.0643766273001554
0.0643953154004485
0.0644133775889166
0.0644308143727789
0.0644476284725875
0.0644638244366003
0.0644794083150093
0.0644943873828449
0.0645087699029317
0.0645225649221570
0.0645357820957273
0.0645484315350728
0.0645605236759225
0.0645720691636354
0.0645830787533736
0.0645935632231195
0.0646035332978176
0.0646129995831796
0.0646219725079332
0.0646304622734322
0.0646384788097076
0.0646460317371561
0.0646531303331872
0.0646597835031984
0.0646659997553648
0.0646717871787709
0.0646771534244683
0.0646821056891211
0.0646866507008970
0.0646907947073493
0.0646945434650270
0.0646979022306162
0.0647008757534135
0.0647034682689754
0.0647056834938000
0.0647075246209214
0.0647089943163153
0.0647100947160283
0.0647108274239629
0.0647111935102638
0.0647111935102638
0.0647108274239628
0.0647100947160282
0.0647089943163152
0.0647075246209214
0.0647056834938000
0.0647034682689754
0.0647008757534135
0.0646979022306163
0.0646945434650269
0.0646907947073493
0.0646866507008970
0.0646821056891210
0.0646771534244685
0.0646717871787708
0.0646659997553648
0.0646597835031984
0.0646531303331872
0.0646460317371561
0.0646384788097076
0.0646304622734323
0.0646219725079331
0.0646129995831796
0.0646035332978178
0.0645935632231196
0.0645830787533736
0.0645720691636353
0.0645605236759225
0.0645484315350729
0.0645357820957272
0.0645225649221570
0.0645087699029317
0.0644943873828450
0.0644794083150091
0.0644638244366003
0.0644476284725875
0.0644308143727789
0.0644133775889165
0.0643953154004485
0.0643766273001554
0.0643573154545958
0.0643373852597119
0.0643168460202629
0.0642957117948382
0.0642740024701105
0.0642517451669356
0.0642289761561152
0.0642057436243098
0.0641821120440935
0.0641581702616063
0.0641821120440935
0.0642071625177145
0.0642318554582869
0.0642560984727687
0.0642798277068991
0.0643029966587283
0.0643255710567934
0.0643475258545095
0.0643688432226416
0.0643895111041062
0.0644095221223486
0.0644288727289064
0.0644475625215020
0.0644655936885179
0.0644829705500423
0.0644996991744612
0.0645157870553309
0.0645312428371046
0.0645460760809780
0.0645602970640550
0.0645739166064373
0.0645869459219013
0.0645993964886307
0.0646112799371066
0.0646226079527299
0.0646333921911728
0.0646436442047286
0.0646533753782341
0.0646625968733001
0.0646713195798004
0.0646795540736997
0.0646873105804186
0.0646945989430355
0.0647014285947406
0.0647078085349937
0.0647137473089403
0.0647192529896595
0.0647243331629153
0.0647289949140632
0.0647332448168715
0.0647370889239856
0.0647405327588493
0.0647435813088792
0.0647462390197388
0.0647485097905743
0.0647503969700925
0.0647519033533720
0.0647530311793359
0.0647537821288089
0.0647541573231036
0.0647541573231036
0.0647537821288089
0.0647530311793359
0.0647519033533720
0.0647503969700923
0.0647485097905743
0.0647462390197386
0.0647435813088792
0.0647405327588493
0.0647370889239857
0.0647332448168715
0.0647289949140632
0.0647243331629152
0.0647192529896595
0.0647137473089403
0.0647078085349937
0.0647014285947406
0.0646945989430354
0.0646873105804185
0.0646795540736997
0.0646713195798004
0.0646625968733001
0.0646533753782341
0.0646436442047288
0.0646333921911728
0.0646226079527299
0.0646112799371066
0.0645993964886305
0.0645869459219013
0.0645739166064373
0.0645602970640550
0.0645460760809782
0.0645312428371046
0.0645157870553309
0.0644996991744612
0.0644829705500423
0.0644655936885180
0.0644475625215022
0.0644288727289064
0.0644095221223486
0.0643895111041062
0.0643688432226416
0.0643475258545093
0.0643255710567934
0.0643029966587283
0.0642798277068991
0.0642560984727687
0.0642318554582869
0.0642071625177144
0.0641821120440935
0.0642057436243098
0.0642318554582870
0.0642575766024054
0.0642828061194712
0.0643074773697339
0.0643315435908818
0.0643549713621683
0.0643777369930193
0.0643998242380424
0.0644212227151212
0.0644419267422781
0.0644619344461922
0.0644812470584429
0.0644998683477346
0.0645178041542709
0.0645350620030416
0.0645516507794453
0.0645675804550785
0.0645828618544518
0.0645975064555503
0.0646115262186197
0.0646249334387484
0.0646377406185821
0.0646499603582436
0.0646616052599898
0.0646726878455501
0.0646832204844241
0.0646932153316830
0.0647026842740101
0.0647116388829235
0.0647200903742491
0.0647280495730433
0.0647355268832873
0.0647425322617250
0.0647490751953380
0.0647551646819867
0.0647608092138048
0.0647660167630099
0.0647707947698038
0.0647751501320937
0.0647790891967957
0.0647826177525057
0.0647857410233613
0.0647884636639244
0.0647907897549612
0.0647927227999807
0.0647942657224611
0.0647954208636435
0.0647961899808609
0.0647965742463204
0.0647965742463203
0.0647961899808609
0.0647954208636435
0.0647942657224611
0.0647927227999807
0.0647907897549612
0.0647884636639244
0.0647857410233615
0.0647826177525057
0.0647790891967958
0.0647751501320937
0.0647707947698037
0.0647660167630099
0.0647608092138048
0.0647551646819867
0.0647490751953380
0.0647425322617250
0.0647355268832874
0.0647280495730433
0.0647200903742491
0.0647116388829236
0.0647026842740101
0.0646932153316828
0.0646832204844241
0.0646726878455501
0.0646616052599901
0.0646499603582439
0.0646377406185821
0.0646249334387484
0.0646115262186198
0.0645975064555503
0.0645828618544521
0.0645675804550785
0.0645516507794453
0.0645350620030416
0.0645178041542709
0.0644998683477351
0.0644812470584427
0.0644619344461922
0.0644419267422780
0.0644212227151212
0.0643998242380423
0.0643777369930194
0.0643549713621682
0.0643315435908820
0.0643074773697339
0.0642828061194712
0.0642575766024054
0.0642318554582871
0.0642057436243098
0.0642289761561151
0.0642560984727686
0.0642828061194712
0.0643089890221931
0.0643345758301155
0.0643595178303173
0.0643837812138297
0.0644073427682399
0.0644301872059102
0.0644523053648296
0.0644736929200714
0.0644943494178042
0.0645142775261436
0.0645334824392247
0.0645519713939505
0.0645697532722507
0.0645868382699399
0.0646032376185255
0.0646189633498051
0.0646340280955564
0.0646484449163129
0.0646622271544970
0.0646753883080878
0.0646879419217445
0.0646999014928217
0.0647112803901807
0.0647220917839972
0.0647323485850897
0.0647420633924746
0.0647512484480842
0.0647599155976758
0.0647680762571589
0.0647757413836208
0.0647829214504401
0.0647896264259712
0.0647958657553202
0.0648016483448159
0.0648069825488181
0.0648118761585464
0.0648163363926664
0.0648203698893808
0.0648239826998205
0.0648271802825633
0.0648299674991028
0.0648323486101384
0.0648343272725821
0.0648359065371519
0.0648370888465019
0.0648378760338011
0.0648382693217046
0.0648382693217046
0.0648378760338011
0.0648370888465020
0.0648359065371519
0.0648343272725821
0.0648323486101385
0.0648299674991028
0.0648271802825633
0.0648239826998205
0.0648203698893806
0.0648163363926664
0.0648118761585464
0.0648069825488179
0.0648016483448159
0.0647958657553202
0.0647896264259710
0.0647829214504401
0.0647757413836208
0.0647680762571588
0.0647599155976758
0.0647512484480842
0.0647420633924748
0.0647323485850897
0.0647220917839972
0.0647112803901807
0.0646999014928217
0.0646879419217445
0.0646753883080878
0.0646622271544971
0.0646484449163129
0.0646340280955564
0.0646189633498051
0.0646032376185255
0.0645868382699398
0.0645697532722505
0.0645519713939505
0.0645334824392247
0.0645142775261436
0.0644943494178041
0.0644736929200714
0.0644523053648295
0.0644301872059102
0.0644073427682399
0.0643837812138297
0.0643595178303174
0.0643345758301155
0.0643089890221930
0.0642828061194712
0.0642560984727686
0.0642289761561151
0.0642517451669356
0.0642798277068990
0.0643074773697337
0.0643345758301155
0.0643610464584729
0.0643868375946193
0.0644119140776874
0.0644362523722375
0.0644598375151112
0.0644826610708541
0.0645047196866064
0.0645260140255101
0.0645465479521644
0.0645663278936219
0.0645853623274660
0.0646036613648773
0.0646212364066064
0.0646380998561885
0.0646542648789203
0.0646697451979766
0.0646845549210693
0.0646987083924886
0.0647122200664104
0.0647251043981752
0.0647373757508323
0.0647490483147250
0.0647601360382540
0.0647706525682647
0.0647806111987486
0.0647900248267151
0.0647989059142920
0.0648072664562157
0.0648151179520069
0.0648224713821909
0.0648293371880621
0.0648357252544661
0.0648416448952571
0.0648471048410060
0.0648521132286958
0.0648566775930959
0.0648608048595912
0.0648645013382524
0.0648677727189576
0.0648706240674195
0.0648730598219651
0.0648750837909628
0.0648766991507890
0.0648779084442610
0.0648787135794514
0.0648791158288569
0.0648791158288570
0.0648787135794514
0.0648779084442610
0.0648766991507891
0.0648750837909627
0.0648730598219650
0.0648706240674195
0.0648677727189576
0.0648645013382524
0.0648608048595912
0.0648566775930959
0.0648521132286958
0.0648471048410059
0.0648416448952571
0.0648357252544661
0.0648293371880621
0.0648224713821909
0.0648151179520069
0.0648072664562157
0.0647989059142921
0.0647900248267151
0.0647806111987486
0.0647706525682647
0.0647601360382540
0.0647490483147250
0.0647373757508323
0.0647251043981753
0.0647122200664104
0.0646987083924886
0.0646845549210693
0.0646697451979766
0.0646542648789202
0.0646380998561885
0.0646212364066063
0.0646036613648773
0.0645853623274660
0.0645663278936219
0.0645465479521641
0.0645260140255101
0.0645047196866064
0.0644826610708541
0.0644598375151111
0.0644362523722375
0.0644119140776874
0.0643868375946193
0.0643610464584729
0.0643345758301155
0.0643074773697337
0.0642798277068990
0.0642517451669356
0.0642740024701109
0.0643029966587282
0.0643315435908818
0.0643595178303173
0.0643868375946193
0.0644134478585918
0.0644393115037407
0.0644644040605022
0.0644887103450853
0.0645122221870301
0.0645349368232844
0.0645568557199102
0.0645779836801211
0.0645983281515057
0.0646178986765426
0.0646367064493039
0.0646547639528749
0.0646720846595003
0.0646886827803779
0.0647045730554009
0.0647197705754579
0.0647342906315867
0.0647481485864715
0.0647613597647094
0.0647739393589142
0.0647859023492908
0.0647972634347025
0.0648080369735844
0.0648182369333226
0.0648278768469195
0.0648369697759495
0.0648455282789568
0.0648535643845357
0.0648610895684808
0.0648681147344346
0.0648746501975704
0.0648807056708778
0.0648862902536866
0.0648914124221228
0.0648960800211997
0.0649003002583159
0.0649040796979397
0.0649074242572965
0.0649103392028968
0.0649128291477742
0.0649148980493088
0.0649165492075293
0.0649177852638352
0.0649186082000387
0.0649190193376993
0.0649190193376993
0.0649186082000387
0.0649177852638355
0.0649165492075294
0.0649148980493090
0.0649128291477742
0.0649103392028968
0.0649074242572965
0.0649040796979397
0.0649003002583160
0.0648960800211996
0.0648914124221228
0.0648862902536866
0.0648807056708778
0.0648746501975704
0.0648681147344346
0.0648610895684805
0.0648535643845357
0.0648455282789568
0.0648369697759495
0.0648278768469195
0.0648182369333225
0.0648080369735844
0.0647972634347027
0.0647859023492908
0.0647739393589142
0.0647613597647094
0.0647481485864715
0.0647342906315869
0.0647197705754579
0.0647045730554009
0.0646886827803779
0.0646720846595003
0.0646547639528749
0.0646367064493039
0.0646178986765426
0.0645983281515057
0.0645779836801211
0.0645568557199102
0.0645349368232844
0.0645122221870301
0.0644887103450853
0.0644644040605022
0.0644393115037407
0.0644134478585918
0.0643868375946193
0.0643595178303173
0.0643315435908818
0.0643029966587282
0.0642740024701109
0.0642957117948383
0.0643255710567932
0.0643549713621683
0.0643837812138297
0.0644119140776876
0.0644393115037406
0.0644659341068475
0.0644917560766088
0.0645167615902417
0.0645409423530840
0.0645642958471050
0.0645868240433119
0.0646085324291489
0.0646294292566978
0.0646495249500520
0.0646688316305071
0.0646873627309219
0.0647051326789828
0.0647221566346571
0.0647384502709375
0.0647540295896255
0.0647689107658241
0.0647831100161634
0.0647966434868338
0.0648095271582487
0.0648217767637793
0.0648334077204110
0.0648444350696016
0.0648548734268433
0.0648647369386994
0.0648740392462678
0.0648827934541635
0.0648910121042669
0.0648987071535576
0.0649058899554859
0.0649125712443590
0.0649187611223277
0.0649244690486075
0.0649297038305783
0.0649344736165106
0.0649387858896464
0.0649426474634315
0.0649460644777070
0.0649490423956908
0.0649515860016341
0.0649536993989950
0.0649553860090596
0.0649566485699172
0.0649574891357163
0.0649579090761547
0.0649579090761550
0.0649574891357163
0.0649566485699172
0.0649553860090596
0.0649536993989949
0.0649515860016340
0.0649490423956909
0.0649460644777070
0.0649426474634315
0.0649387858896464
0.0649344736165106
0.0649297038305783
0.0649244690486075
0.0649187611223277
0.0649125712443590
0.0649058899554859
0.0648987071535576
0.0648910121042669
0.0648827934541635
0.0648740392462678
0.0648647369386994
0.0648548734268433
0.0648444350696016
0.0648334077204110
0.0648217767637794
0.0648095271582487
0.0647966434868336
0.0647831100161634
0.0647689107658241
0.0647540295896255
0.0647384502709375
0.0647221566346571
0.0647051326789828
0.0646873627309219
0.0646688316305071
0.0646495249500521
0.0646294292566978
0.0646085324291489
0.0645868240433118
0.0645642958471050
0.0645409423530842
0.0645167615902417
0.0644917560766088
0.0644659341068475
0.0644393115037406
0.0644119140776876
0.0643837812138297
0.0643549713621683
0.0643255710567932
0.0642957117948385
0.0643168460202629
0.0643475258545093
0.0643777369930194
0.0644073427682400
0.0644362523722375
0.0644644040605022
0.0644917560766088
0.0645182810337623
0.0645439621781341
0.0645687907879132
0.0645927643007978
0.0646158849284532
0.0646381586070760
0.0646595941863361
0.0646802027915733
0.0646999973146382
0.0647189920022588
0.0647372021196352
0.0647546436730431
0.0647713331793741
0.0647872874735258
0.0648025235466036
0.0648170584095077
0.0648309089775714
0.0648440919728033
0.0648566238409255
0.0648685206809388
0.0648797981853014
0.0648904715891700
0.0649005556273648
0.0649100644979571
0.0649190118315296
0.0649274106652996
0.0649352734214084
0.0649426118887909
0.0649494372081024
0.0649557598592489
0.0649615896511586
0.0649669357134206
0.0649718064895359
0.0649762097314979
0.0649801524954937
0.0649836411385318
0.0649866813158340
0.0649892779788372
0.0649914353737011
0.0649931570402025
0.0649944458109389
0.0649953038107771
0.0649957324564788
0.0649957324564789
0.0649953038107772
0.0649944458109389
0.0649931570402025
0.0649914353737012
0.0649892779788372
0.0649866813158339
0.0649836411385318
0.0649801524954937
0.0649762097314979
0.0649718064895359
0.0649669357134206
0.0649615896511584
0.0649557598592489
0.0649494372081023
0.0649426118887909
0.0649352734214084
0.0649274106652996
0.0649190118315296
0.0649100644979571
0.0649005556273646
0.0648904715891702
0.0648797981853015
0.0648685206809388
0.0648566238409255
0.0648440919728033
0.0648309089775713
0.0648170584095075
0.0648025235466036
0.0647872874735259
0.0647713331793739
0.0647546436730431
0.0647372021196350
0.0647189920022588
0.0646999973146383
0.0646802027915733
0.0646595941863361
0.0646381586070760
0.0646158849284532
0.0645927643007979
0.0645687907879132
0.0645439621781342
0.0645182810337623
0.0644917560766090
0.0644644040605020
0.0644362523722375
0.0644073427682400
0.0643777369930193
0.0643475258545093
0.0643168460202629
0.0643373852597117
0.0643688432226414
0.0643998242380423
0.0644301872059102
0.0644598375151108
0.0644887103450853
0.0645167615902417
0.0645439621781341
0.0645702942390157
0.0645957484039186
0.0646203218374380
0.0646440167697070
0.0646668393782876
0.0646887989214840
0.0647099070561953
0.0647301772938448
0.0647496245613889
0.0647682648435958
0.0647861148890813
0.0648031919670259
0.0648195136646302
0.0648350977176996
0.0648499618683844
0.0648641237453813
0.0648776007628411
0.0648904100349380
0.0649025683036428
0.0649140918776477
0.0649249965807692
0.0649352977084046
0.0649450099908674
0.0649541475625855
0.0649627239363176
0.0649707519816437
0.0649782439071264
0.0649852112455763
0.0649916648419731
0.0649976148436313
0.0650030706922675
0.0650080411176528
0.0650125341326033
0.0650165570290764
0.0650201163751528
0.0650232180127757
0.0650258670560591
0.0650280678900740
0.0650298241699792
0.0650311388204341
0.0650320140352052
0.0650324512769176
0.0650324512769176
0.0650320140352052
0.0650311388204342
0.0650298241699792
0.0650280678900740
0.0650258670560593
0.0650232180127756
0.0650201163751528
0.0650165570290764
0.0650125341326033
0.0650080411176527
0.0650030706922676
0.0649976148436314
0.0649916648419731
0.0649852112455763
0.0649782439071265
0.0649707519816437
0.0649627239363176
0.0649541475625855
0.0649450099908674
0.0649352977084046
0.0649249965807692
0.0649140918776478
0.0649025683036428
0.0648904100349380
0.0648776007628406
0.0648641237453813
0.0648499618683844
0.0648350977176996
0.0648195136646302
0.0648031919670259
0.0647861148890813
0.0647682648435958
0.0647496245613889
0.0647301772938451
0.0647099070561953
0.0646887989214840
0.0646668393782876
0.0646440167697068
0.0646203218374380
0.0645957484039186
0.0645702942390158
0.0645439621781342
0.0645167615902417
0.0644887103450853
0.0644598375151108
0.0644301872059102
0.0643998242380424
0.0643688432226414
0.0643373852597117
0.0643573154545959
0.0643895111041064
0.0644212227151212
0.0644523053648295
0.0644826610708541
0.0645122221870301
0.0645409423530842
0.0645687907879132
0.0645957484039187
0.0646218050362736
0.0646469574047503
0.0646712075793801
0.0646945618038334
0.0647170295789763
0.0647386229394052
0.0647593558756192
0.0647792438677494
0.0647983035059531
0.0648165521789842
0.0648340078170303
0.0648506886781938
0.0648666131704049
0.0648817997023615
0.0648962665584173
0.0649100317933582
0.0649231131438062
0.0649355279535725
0.0649472931107809
0.0649584249949530
0.0649689394325311
0.0649788516595829
0.0649881762906223
0.0649969272926242
0.0650051179634744
0.0650127609141989
0.0650198680543735
0.0650264505802668
0.0650325189652581
0.0650380829521935
0.0650431515473388
0.0650477330156722
0.0650518348772848
0.0650554639046559
0.0650586261206620
0.0650613267971485
0.0650635704539344
0.0650653608581522
0.0650667010238306
0.0650675932116365
0.0650680389287399
0.0650680389287398
0.0650675932116365
0.0650667010238305
0.0650653608581522
0.0650635704539344
0.0650613267971484
0.0650586261206621
0.0650554639046559
0.0650518348772846
0.0650477330156722
0.0650431515473389
0.0650380829521935
0.0650325189652581
0.0650264505802668
0.0650198680543735
0.0650127609141988
0.0650051179634744
0.0649969272926242
0.0649881762906224
0.0649788516595829
0.0649689394325309
0.0649584249949530
0.0649472931107809
0.0649355279535723
0.0649231131438062
0.0649100317933582
0.0648962665584173
0.0648817997023615
0.0648666131704050
0.0648506886781939
0.0648340078170304
0.0648165521789842
0.0647983035059531
0.0647792438677494
0.0647593558756192
0.0647386229394054
0.0647170295789763
0.0646945618038334
0.0646712075793801
0.0646469574047503
0.0646218050362738
0.0645957484039187
0.0645687907879132
0.0645409423530842
0.0645122221870301
0.0644826610708541
0.0644523053648295
0.0644212227151212
0.0643895111041064
0.0643573154545959
0.0643766273001554
0.0644095221223486
0.0644419267422781
0.0644736929200714
0.0645047196866064
0.0645349368232845
0.0645642958471049
0.0645927643007979
0.0646203218374381
0.0646469574047505
0.0646726671556282
0.0646974528622917
0.0647213206915814
0.0647442802456498
0.0647663438014632
0.0647875257016382
0.0648078418620360
0.0648273093706240
0.0648459461584143
0.0648637707279610
0.0648808019282395
0.0648970587671987
0.0649125602552011
0.0649273252739053
0.0649413724662794
0.0649547201442284
0.0649673862110102
0.0649793880960275
0.0649907427002025
0.0650014663501418
0.0650115747598770
0.0650210829989855
0.0650300054661382
0.0650383558672657
0.0650461471976244
0.0650533917271807
0.0650601009887919
0.0650662857687367
0.0650719560992249
0.0650771212525323
0.0650817897365069
0.0650859692911690
0.0650896668862146
0.0650928887192289
0.0650956402144480
0.0650979260219571
0.0650997500171803
0.0651011153006106
0.0651020241976600
0.0651024782586144
0.0651024782586142
0.0651020241976600
0.0651011153006106
0.0650997500171803
0.0650979260219571
0.0650956402144480
0.0650928887192288
0.0650896668862146
0.0650859692911691
0.0650817897365069
0.0650771212525323
0.0650719560992249
0.0650662857687367
0.0650601009887919
0.0650533917271807
0.0650461471976243
0.0650383558672657
0.0650300054661382
0.0650210829989855
0.0650115747598770
0.0650014663501417
0.0649907427002026
0.0649793880960275
0.0649673862110104
0.0649547201442284
0.0649413724662795
0.0649273252739053
0.0649125602552011
0.0648970587671988
0.0648808019282396
0.0648637707279610
0.0648459461584143
0.0648273093706240
0.0648078418620361
0.0647875257016382
0.0647663438014633
0.0647442802456498
0.0647213206915814
0.0646974528622917
0.0646726671556282
0.0646469574047505
0.0646203218374381
0.0645927643007978
0.0645642958471049
0.0645349368232845
0.0645047196866064
0.0644736929200715
0.0644419267422781
0.0644095221223486
0.0643766273001554
0.0643953154004483
0.0644288727289064
0.0644619344461922
0.0644943494178038
0.0645260140255101
0.0645568557199101
0.0645868240433118
0.0646158849284534
0.0646440167697068
0.0646712075793801
0.0646974528622918
0.0647227539910198
0.0647471169427663
0.0647705513041975
0.0647930694787371
0.0648146860491933
0.0648354172611584
0.0648552806013566
0.0648742944513836
0.0648924778019180
0.0649098500157739
0.0649264306307195
0.0649422391950071
0.0649572951297435
0.0649716176136599
0.0649852254865077
0.0649981371680321
0.0650103705901375
0.0650219431400302
0.0650328716127540
0.0650431721716334
0.0650528603154002
0.0650619508510328
0.0650704578713834
0.0650783947369016
0.0650857740607885
0.0650926076970640
0.0650989067310566
0.0651046814719397
0.0651099414469396
0.0651146953969421
0.0651189512732247
0.0651227162350873
0.0651259966482114
0.0651287980835682
0.0651311253167365
0.0651329823275242
0.0651343722997953
0.0651352976214138
0.0651357598842584
0.0651357598842584
0.0651352976214140
0.0651343722997953
0.0651329823275243
0.0651311253167364
0.0651287980835681
0.0651259966482115
0.0651227162350871
0.0651189512732247
0.0651146953969421
0.0651099414469397
0.0651046814719393
0.0650989067310569
0.0650926076970641
0.0650857740607885
0.0650783947369016
0.0650704578713833
0.0650619508510328
0.0650528603154003
0.0650431721716333
0.0650328716127540
0.0650219431400302
0.0650103705901375
0.0649981371680321
0.0649852254865076
0.0649716176136598
0.0649572951297435
0.0649422391950072
0.0649264306307195
0.0649098500157739
0.0648924778019180
0.0648742944513837
0.0648552806013565
0.0648354172611585
0.0648146860491932
0.0647930694787371
0.0647705513041976
0.0647471169427662
0.0647227539910198
0.0646974528622918
0.0646712075793801
0.0646440167697065
0.0646158849284534
0.0645868240433118
0.0645568557199102
0.0645260140255102
0.0644943494178038
0.0644619344461922
0.0644288727289064
0.0643953154004483
0.0644133775889167
0.0644475625215022
0.0644812470584430
0.0645142775261434
0.0645465479521643
0.0645779836801213
0.0646085324291488
0.0646381586070764
0.0646668393782876
0.0646945618038333
0.0647213206915815
0.0647471169427663
0.0647719562588470
0.0647958481170342
0.0648188049502264
0.0648408414849058
0.0648619742026769
0.0648822208996006
0.0649016003236225
0.0649201318749521
0.0649378353574073
0.0649547307714914
0.0649708381416861
0.0649861773721452
0.0650007681258489
0.0650146297234076
0.0650277810583242
0.0650402405260650
0.0650520259647725
0.0650631546058177
0.0650736430326664
0.0650835071467793
0.0650927621394762
0.0651014224688452
0.0651095018409070
0.0651170131943810
0.0651239686884724
0.0651303796931926
0.0651362567817872
0.0651416097249117
0.0651464474862418
0.0651507782192389
0.0651546092648489
0.0651579471499362
0.0651607975862653
0.0651631654699121
0.0651650548809630
0.0651664690834039
0.0651674105251391
0.0651678808380481
0.0651678808380481
0.0651674105251391
0.0651664690834039
0.0651650548809631
0.0651631654699121
0.0651607975862656
0.0651579471499362
0.0651546092648487
0.0651507782192392
0.0651464474862417
0.0651416097249117
0.0651362567817872
0.0651303796931926
0.0651239686884724
0.0651170131943810
0.0651095018409072
0.0651014224688451
0.0650927621394762
0.0650835071467791
0.0650736430326664
0.0650631546058177
0.0650520259647723
0.0650402405260650
0.0650277810583242
0.0650146297234075
0.0650007681258489
0.0649861773721452
0.0649708381416861
0.0649547307714914
0.0649378353574073
0.0649201318749521
0.0649016003236225
0.0648822208996006
0.0648619742026769
0.0648408414849058
0.0648188049502264
0.0647958481170342
0.0647719562588470
0.0647471169427663
0.0647213206915816
0.0646945618038333
0.0646668393782876
0.0646381586070764
0.0646085324291488
0.0645779836801213
0.0645465479521643
0.0645142775261434
0.0644812470584430
0.0644475625215021
0.0644133775889166
0.0644308143727789
0.0644655936885179
0.0644998683477348
0.0645334824392247
0.0645663278936217
0.0645983281515058
0.0646294292566976
0.0646595941863363
0.0646887989214840
0.0647170295789763
0.0647442802456498
0.0647705513041975
0.0647958481170344
0.0648201799782998
0.0648435592710195
0.0648660007837304
0.0648875211526902
0.0649081384039521
0.0649278715757479
0.0649467404056514
0.0649647650707383
0.0649819659710011
0.0649983635485435
0.0650139781363612
0.0650288298317695
0.0650429383904047
0.0650563231374879
0.0650690028935954
0.0650809959126619
0.0650923198303092
0.0651029916208996
0.0651130275619880
0.0651224432050175
0.0651312533512996
0.0651394720324644
0.0651471124946666
0.0651541871859542
0.0651607077462841
0.0651666849997319
0.0651721289485222
0.0651770487685479
0.0651814528060930
0.0651853485755195
0.0651887427577069
0.0651916411990667
0.0651940489109851
0.0651959700695605
0.0651974080155354
0.0651983652543480
0.0651988434562126
0.0651988434562128
0.0651983652543480
0.0651974080155354
0.0651959700695606
0.0651940489109854
0.0651916411990667
0.0651887427577069
0.0651853485755195
0.0651814528060930
0.0651770487685480
0.0651721289485222
0.0651666849997319
0.0651607077462841
0.0651541871859543
0.0651471124946666
0.0651394720324642
0.0651312533512996
0.0651224432050175
0.0651130275619883
0.0651029916208996
0.0650923198303092
0.0650809959126618
0.0650690028935954
0.0650563231374879
0.0650429383904049
0.0650288298317696
0.0650139781363610
0.0649983635485435
0.0649819659710011
0.0649647650707384
0.0649467404056514
0.0649278715757480
0.0649081384039520
0.0648875211526902
0.0648660007837306
0.0648435592710196
0.0648201799782998
0.0647958481170344
0.0647705513041975
0.0647442802456498
0.0647170295789763
0.0646887989214840
0.0646595941863363
0.0646294292566978
0.0645983281515058
0.0645663278936217
0.0645334824392247
0.0644998683477348
0.0644655936885179
0.0644308143727789
0.0644476284725875
0.0644829705500423
0.0645178041542709
0.0645519713939505
0.0645853623274660
0.0646178986765427
0.0646495249500521
0.0646802027915733
0.0647099070561950
0.0647386229394055
0.0647663438014634
0.0647930694787371
0.0648188049502266
0.0648435592710196
0.0648673447107738
0.0648901760523193
0.0649120700171056
0.0649330447919440
0.0649531196375492
0.0649723145636368
0.0649906500583437
0.0650081468624411
0.0650248257805574
0.0650407075231538
0.0650558125741494
0.0650701610800183
0.0650837727569121
0.0650966668129619
0.0651088618833737
0.0651203759763494
0.0651312264281484
0.0651414298658925
0.0651510021769260
0.0651599584837024
0.0651683131233644
0.0651760796312474
0.0651832707277041
0.0651898983076844
0.0651959734326263
0.0652015063242401
0.0652065063598484
0.0652109820689849
0.0652149411310035
0.0652183903734586
0.0652213357710975
0.0652237824452903
0.0652257346637667
0.0652271958405583
0.0652281685360567
0.0652286544571099
0.0652286544571099
0.0652281685360567
0.0652271958405583
0.0652257346637667
0.0652237824452903
0.0652213357710974
0.0652183903734586
0.0652149411310033
0.0652109820689849
0.0652065063598484
0.0652015063242399
0.0651959734326264
0.0651898983076844
0.0651832707277041
0.0651760796312474
0.0651683131233642
0.0651599584837024
0.0651510021769260
0.0651414298658927
0.0651312264281482
0.0651203759763494
0.0651088618833737
0.0650966668129619
0.0650837727569121
0.0650701610800182
0.0650558125741494
0.0650407075231538
0.0650248257805573
0.0650081468624411
0.0649906500583435
0.0649723145636366
0.0649531196375494
0.0649330447919440
0.0649120700171056
0.0648901760523193
0.0648673447107738
0.0648435592710196
0.0648188049502264
0.0647930694787371
0.0647663438014634
0.0647386229394055
0.0647099070561951
0.0646802027915733
0.0646495249500520
0.0646178986765426
0.0645853623274660
0.0645519713939505
0.0645178041542709
0.0644829705500423
0.0644476284725875
0.0644638244366002
0.0644996991744612
0.0645350620030416
0.0645697532722505
0.0646036613648774
0.0646367064493039
0.0646688316305071
0.0646999973146384
0.0647301772938449
0.0647593558756192
0.0647875257016382
0.0648146860491934
0.0648408414849058
0.0648660007837304
0.0648901760523192
0.0649133820126265
0.0649356354129218
0.0649569545411081
0.0649773588209320
0.0649968684759277
0.0650155042489533
0.0650332871676653
0.0650502383481030
0.0650663788300332
0.0650817294388440
0.0650963106697365
0.0651101425906424
0.0651232447609586
0.0651356361636232
0.0651473351484844
0.0651583593852258
0.0651687258243877
0.0651784506652380
0.0651875493294380
0.0651960364396122
0.0652039258020294
0.0652112303927604
0.0652179623467258
0.0652241329491616
0.0652297526290664
0.0652348309542836
0.0652393766279082
0.0652433974857325
0.0652469004945327
0.0652498917509764
0.0652523764809946
0.0652543590394886
0.0652558429102460
0.0652568307059823
0.0652573241684313
0.0652573241684314
0.0652568307059823
0.0652558429102460
0.0652543590394886
0.0652523764809946
0.0652498917509763
0.0652469004945326
0.0652433974857325
0.0652393766279082
0.0652348309542836
0.0652297526290664
0.0652241329491616
0.0652179623467258
0.0652112303927604
0.0652039258020294
0.0651960364396122
0.0651875493294380
0.0651784506652381
0.0651687258243878
0.0651583593852257
0.0651473351484844
0.0651356361636234
0.0651232447609586
0.0651101425906424
0.0650963106697365
0.0650817294388440
0.0650663788300332
0.0650502383481031
0.0650332871676653
0.0650155042489533
0.0649968684759276
0.0649773588209320
0.0649569545411081
0.0649356354129218
0.0649133820126262
0.0648901760523192
0.0648660007837306
0.0648408414849058
0.0648146860491932
0.0647875257016381
0.0647593558756192
0.0647301772938449
0.0646999973146384
0.0646688316305071
0.0646367064493039
0.0646036613648774
0.0645697532722505
0.0645350620030415
0.0644996991744613
0.0644638244366002
0.0644794083150091
0.0645157870553311
0.0645516507794453
0.0645868382699398
0.0646212364066062
0.0646547639528749
0.0646873627309217
0.0647189920022588
0.0647496245613889
0.0647792438677495
0.0648078418620359
0.0648354172611585
0.0648619742026768
0.0648875211526902
0.0649120700171055
0.0649356354129220
0.0649582340669665
0.0649798843175868
0.0650006056999503
0.0650204185999543
0.0650393439646927
0.0650574030597905
0.0650746172657654
0.0650910079070192
0.0651065961081735
0.0651214026734207
0.0651354479852689
0.0651487519196685
0.0651613337750087
0.0651732122128520
0.0651844052086197
0.0651949300107287
0.0652048031068549
0.0652140401962742
0.0652226561673023
0.0652306650790602
0.0652380801468592
0.0652449137306212
0.0652511773258325
0.0652568815565759
0.0652620361702804
0.0652666500338586
0.0652707311309518
0.0652742865600446
0.0652773225332529
0.0652798443755991
0.0652818565246474
0.0652833625303699
0.0652843650551460
0.0652848658738308
0.0652848658738310
0.0652843650551460
0.0652833625303699
0.0652818565246473
0.0652798443755991
0.0652773225332529
0.0652742865600447
0.0652707311309519
0.0652666500338586
0.0652620361702804
0.0652568815565756
0.0652511773258326
0.0652449137306212
0.0652380801468592
0.0652306650790602
0.0652226561673023
0.0652140401962742
0.0652048031068549
0.0651949300107287
0.0651844052086197
0.0651732122128520
0.0651613337750088
0.0651487519196685
0.0651354479852689
0.0651214026734207
0.0651065961081735
0.0650910079070192
0.0650746172657654
0.0650574030597903
0.0650393439646928
0.0650204185999543
0.0650006056999500
0.0649798843175868
0.0649582340669666
0.0649356354129220
0.0649120700171056
0.0648875211526902
0.0648619742026769
0.0648354172611585
0.0648078418620359
0.0647792438677495
0.0647496245613889
0.0647189920022588
0.0646873627309219
0.0646547639528749
0.0646212364066062
0.0645868382699398
0.0645516507794453
0.0645157870553311
0.0644794083150091
0.0644943873828449
0.0645312428371047
0.0645675804550785
0.0646032376185257
0.0646380998561885
0.0646720846595003
0.0647051326789828
0.0647372021196352
0.0647682648435958
0.0647983035059530
0.0648273093706240
0.0648552806013563
0.0648822208996006
0.0649081384039519
0.0649330447919440
0.0649569545411083
0.0649798843175868
0.0650018524677410
0.0650228785939314
0.0650429831995028
0.0650621873910155
0.0650805126280958
0.0650979805130723
0.0651146126139461
0.0651304303154068
0.0651454546934992
0.0651597064102606
0.0651732056252845
0.0651859719216184
0.0651980242438246
0.0652093808463759
0.0652200592508182
0.0652300762103725
0.0652394476808378
0.0652481887968401
0.0652563138525755
0.0652638362863499
0.0652707686682925
0.0652771226907171
0.0652829091606694
0.0652881379942832
0.0652928182125868
0.0652969579384847
0.0653005643946655
0.0653036439022155
0.0653062018797672
0.0653082428430290
0.0653097704045665
0.0653107872737579
0.0653112952568108
0.0653112952568108
0.0653107872737577
0.0653097704045665
0.0653082428430290
0.0653062018797674
0.0653036439022157
0.0653005643946655
0.0652969579384849
0.0652928182125866
0.0652881379942832
0.0652829091606694
0.0652771226907170
0.0652707686682925
0.0652638362863497
0.0652563138525754
0.0652481887968401
0.0652394476808379
0.0652300762103723
0.0652200592508182
0.0652093808463754
0.0651980242438246
0.0651859719216184
0.0651732056252846
0.0651597064102605
0.0651454546934992
0.0651304303154068
0.0651146126139462
0.0650979805130722
0.0650805126280958
0.0650621873910154
0.0650429831995028
0.0650228785939314
0.0650018524677410
0.0649798843175868
0.0649569545411083
0.0649330447919440
0.0649081384039520
0.0648822208996006
0.0648552806013563
0.0648273093706239
0.0647983035059530
0.0647682648435958
0.0647372021196350
0.0647051326789828
0.0646720846595003
0.0646380998561885
0.0646032376185257
0.0645675804550785
0.0645312428371046
0.0644943873828453
0.0645087699029317
0.0645460760809781
0.0645828618544520
0.0646189633498051
0.0646542648789204
0.0646886827803778
0.0647221566346571
0.0647546436730431
0.0647861148890813
0.0648165521789844
0.0648459461584143
0.0648742944513836
0.0649016003236225
0.0649278715757476
0.0649531196375493
0.0649773588209320
0.0650006056999502
0.0650228785939314
0.0650441971349861
0.0650645819050981
0.0650840541309833
0.0651026354271349
0.0651203475792362
0.0651372123615156
0.0651532513827322
0.0651684859563482
0.0651829369912012
0.0651966248995749
0.0652095695200332
0.0652217900528139
0.0652333050059139
0.0652441321502307
0.0652542884824553
0.0652637901944803
0.0652726526483856
0.0652808903561051
0.0652885169630420
0.0652955452350152
0.0653019870479624
0.0653078533799471
0.0653131543050556
0.0653178989888260
0.0653220956849201
0.0653257517327806
0.0653288735560273
0.0653314666614460
0.0653335356383862
0.0653350841584424
0.0653361149753220
0.0653366299248182
0.0653366299248183
0.0653361149753220
0.0653350841584424
0.0653335356383862
0.0653314666614460
0.0653288735560273
0.0653257517327806
0.0653220956849203
0.0653178989888259
0.0653131543050553
0.0653078533799471
0.0653019870479624
0.0652955452350152
0.0652885169630418
0.0652808903561051
0.0652726526483856
0.0652637901944806
0.0652542884824553
0.0652441321502308
0.0652333050059135
0.0652217900528141
0.0652095695200334
0.0651966248995749
0.0651829369912011
0.0651684859563478
0.0651532513827321
0.0651372123615155
0.0651203475792362
0.0651026354271349
0.0650840541309835
0.0650645819050981
0.0650441971349861
0.0650228785939313
0.0650006056999502
0.0649773588209320
0.0649531196375493
0.0649278715757477
0.0649016003236225
0.0648742944513836
0.0648459461584143
0.0648165521789843
0.0647861148890813
0.0647546436730431
0.0647221566346571
0.0646886827803778
0.0646542648789205
0.0646189633498051
0.0645828618544520
0.0645460760809779
0.0645087699029317
0.0645225649221570
0.0645602970640551
0.0645975064555503
0.0646340280955563
0.0646697451979768
0.0647045730554009
0.0647384502709375
0.0647713331793739
0.0648031919670260
0.0648340078170306
0.0648637707279611
0.0648924778019180
0.0649201318749522
0.0649467404056514
0.0649723145636369
0.0649968684759275
0.0650204185999543
0.0650429831995028
0.0650645819050981
0.0650852353441943
0.0651049648294722
0.0651237920957484
0.0651417390777023
0.0651588277220366
0.0651750798287409
0.0651905169170231
0.0652051601121831
0.0652190300503000
0.0652321467980857
0.0652445297856427
0.0652561977502392
0.0652671686894466
0.0652774598222651
0.0652870875570253
0.0652960674650583
0.0653044142592284
0.0653121417765901
0.0653192629645012
0.0653257898696268
0.0653317336293448
0.0653371044651524
0.0653419116776417
0.0653461636428647
0.0653498678096615
0.0653530306978328
0.0653556578969277
0.0653577540654826
0.0653593229305804
0.0653603672876238
0.0653608890002385
0.0653608890002385
0.0653603672876238
0.0653593229305804
0.0653577540654827
0.0653556578969278
0.0653530306978328
0.0653498678096615
0.0653461636428644
0.0653419116776417
0.0653371044651526
0.0653317336293449
0.0653257898696268
0.0653192629645011
0.0653121417765900
0.0653044142592284
0.0652960674650581
0.0652870875570253
0.0652774598222651
0.0652671686894465
0.0652561977502391
0.0652445297856427
0.0652321467980857
0.0652190300503001
0.0652051601121831
0.0651905169170231
0.0651750798287410
0.0651588277220365
0.0651417390777025
0.0651237920957484
0.0651049648294722
0.0650852353441943
0.0650645819050981
0.0650429831995028
0.0650204185999543
0.0649968684759276
0.0649723145636368
0.0649467404056514
0.0649201318749521
0.0648924778019180
0.0648637707279610
0.0648340078170306
0.0648031919670260
0.0647713331793739
0.0647384502709375
0.0647045730554009
0.0646697451979768
0.0646340280955563
0.0645975064555503
0.0645602970640551
0.0645225649221571
0.0645357820957273
0.0645739166064372
0.0646115262186197
0.0646484449163129
0.0646845549210693
0.0647197705754581
0.0647540295896255
0.0647872874735261
0.0648195136646302
0.0648506886781943
0.0648808019282396
0.0649098500157741
0.0649378353574075
0.0649647650707382
0.0649906500583436
0.0650155042489530
0.0650393439646927
0.0650621873910154
0.0650840541309834
0.0651049648294722
0.0651249408556716
0.0651440040344926
0.0651621764191560
0.0651794800985784
0.0651959370342563
0.0652115689222188
0.0652263970763006
0.0652404423296034
0.0652537249514495
0.0652662645775845
0.0652780801516849
0.0652891898764859
0.0652996111731607
0.0653093606476888
0.0653184540631886
0.0653269063172659
0.0653347314237177
0.0653419424977335
0.0653485517441810
0.0653545704483690
0.0653600089689013
0.0653648767322267
0.0653691822285739
0.0653729330089785
0.0653761356831821
0.0653787959181991
0.0653809184373732
0.0653825070197916
0.0653835644999537
0.0653840927675934
0.0653840927675934
0.0653835644999537
0.0653825070197916
0.0653809184373732
0.0653787959181990
0.0653761356831820
0.0653729330089785
0.0653691822285740
0.0653648767322266
0.0653600089689014
0.0653545704483690
0.0653485517441810
0.0653419424977337
0.0653347314237177
0.0653269063172657
0.0653184540631886
0.0653093606476888
0.0652996111731607
0.0652891898764859
0.0652780801516849
0.0652662645775845
0.0652537249514495
0.0652404423296034
0.0652263970763006
0.0652115689222188
0.0651959370342561
0.0651794800985784
0.0651621764191561
0.0651440040344926
0.0651249408556716
0.0651049648294722
0.0650840541309833
0.0650621873910154
0.0650393439646925
0.0650155042489533
0.0649906500583437
0.0649647650707385
0.0649378353574075
0.0649098500157741
0.0648808019282395
0.0648506886781943
0.0648195136646302
0.0647872874735261
0.0647540295896256
0.0647197705754583
0.0646845549210695
0.0646484449163129
0.0646115262186197
0.0645739166064371
0.0645357820957274
0.0645484315350729
0.0645869459219012
0.0646249334387482
0.0646622271544971
0.0646987083924888
0.0647342906315866
0.0647689107658240
0.0648025235466034
0.0648350977176996
0.0648666131704049
0.0648970587671988
0.0649264306307195
0.0649547307714914
0.0649819659710012
0.0650081468624410
0.0650332871676653
0.0650574030597905
0.0650805126280957
0.0651026354271349
0.0651237920957485
0.0651440040344922
0.0651632931321559
0.0651816815337123
0.0651991914433630
0.0652158449573952
0.0652316639224246
0.0652466698152918
0.0652608836414531
0.0652743258491816
0.0652870162572887
0.0652989739944217
0.0653102174482168
0.0653207642229715
0.0653306311044557
0.0653398340309055
0.0653483880692233
0.0653563073956007
0.0653636052798796
0.0653702940730365
0.0653763851972914
0.0653818891383890
0.0653868154396588
0.0653911726975296
0.0653949685582136
0.0653982097153075
0.0654009019081116
0.0654030499204940
0.0654046575801388
0.0654057277581015
0.0654062623685296
0.0654062623685296
0.0654057277581015
0.0654046575801387
0.0654030499204940
0.0654009019081115
0.0653982097153075
0.0653949685582136
0.0653911726975294
0.0653868154396588
0.0653818891383889
0.0653763851972914
0.0653702940730365
0.0653636052798798
0.0653563073956006
0.0653483880692233
0.0653398340309054
0.0653306311044558
0.0653207642229715
0.0653102174482168
0.0652989739944213
0.0652870162572887
0.0652743258491814
0.0652608836414531
0.0652466698152917
0.0652316639224244
0.0652158449573952
0.0651991914433630
0.0651816815337122
0.0651632931321558
0.0651440040344922
0.0651237920957485
0.0651026354271349
0.0650805126280957
0.0650574030597904
0.0650332871676652
0.0650081468624411
0.0649819659710011
0.0649547307714914
0.0649264306307195
0.0648970587671988
0.0648666131704049
0.0648350977176996
0.0648025235466036
0.0647689107658240
0.0647342906315868
0.0646987083924886
0.0646622271544970
0.0646249334387482
0.0645869459219012
0.0645484315350729
0.0645605236759226
0.0645993964886306
0.0646377406185821
0.0646753883080879
0.0647122200664105
0.0647481485864717
0.0647831100161634
0.0648170584095075
0.0648499618683843
0.0648817997023615
0.0649125602552013
0.0649422391950072
0.0649708381416860
0.0649983635485435
0.0650248257805572
0.0650502383481030
0.0650746172657655
0.0650979805130723
0.0651203475792362
0.0651417390777023
0.0651621764191561
0.0651816815337123
0.0652002766347214
0.0652179840178827
0.0652348258904144
0.0652508242258829
0.0652660006409377
0.0652803762908267
0.0652939717809756
0.0653068070923189
0.0653189015184970
0.0653302736131055
0.0653409411456243
0.0653509210647525
0.0653602294680554
0.0653688815769824
0.0653768917164661
0.0653842732983602
0.0653910388081506
0.0653971997943694
0.0654027668602800
0.0654077496574314
0.0654121568807348
0.0654159962647695
0.0654192745810774
0.0654219976362162
0.0654241702704049
0.0654257963566168
0.0654268787999751
0.0654274195374027
0.0654274195374027
0.0654268787999752
0.0654257963566168
0.0654241702704051
0.0654219976362162
0.0654192745810775
0.0654159962647696
0.0654121568807347
0.0654077496574314
0.0654027668602801
0.0653971997943693
0.0653910388081506
0.0653842732983604
0.0653768917164660
0.0653688815769821
0.0653602294680554
0.0653509210647525
0.0653409411456243
0.0653302736131055
0.0653189015184970
0.0653068070923189
0.0652939717809757
0.0652803762908270
0.0652660006409377
0.0652508242258829
0.0652348258904144
0.0652179840178827
0.0652002766347216
0.0651816815337123
0.0651621764191558
0.0651417390777025
0.0651203475792362
0.0650979805130723
0.0650746172657653
0.0650502383481030
0.0650248257805572
0.0649983635485436
0.0649708381416860
0.0649422391950072
0.0649125602552011
0.0648817997023615
0.0648499618683843
0.0648170584095075
0.0647831100161634
0.0647481485864717
0.0647122200664103
0.0646753883080880
0.0646377406185820
0.0645993964886307
0.0645605236759226
0.0645720691636354
0.0646112799371066
0.0646499603582439
0.0646879419217443
0.0647251043981750
0.0647613597647093
0.0647966434868336
0.0648309089775714
0.0648641237453813
0.0648962665584175
0.0649273252739053
0.0649572951297435
0.0649861773721454
0.0650139781363612
0.0650407075231538
0.0650663788300332
0.0650910079070192
0.0651146126139462
0.0651372123615156
0.0651588277220366
0.0651794800985782
0.0651991914433630
0.0652179840178826
0.0652358801884662
0.0652529022521127
0.0652690722881690
0.0652844120321532
0.0652989427685756
0.0653126852400213
0.0653256595702979
0.0653378851995257
0.0653493808295770
0.0653601643783526
0.0653702529416354
0.0653796627614203
0.0653884091997662
0.0653965067173604
0.0654039688560478
0.0654108082247371
0.0654170364881243
0.0654226643577664
0.0654277015851064
0.0654321569560987
0.0654360382871286
0.0654393524219731
0.0654421052295858
0.0654443016025051
0.0654459454557726
0.0654470397261876
0.0654475863718421
0.0654475863718421
0.0654470397261876
0.0654459454557726
0.0654443016025052
0.0654421052295858
0.0654393524219731
0.0654360382871286
0.0654321569560987
0.0654277015851063
0.0654226643577664
0.0654170364881243
0.0654108082247371
0.0654039688560478
0.0653965067173601
0.0653884091997661
0.0653796627614203
0.0653702529416355
0.0653601643783527
0.0653493808295769
0.0653378851995255
0.0653256595702980
0.0653126852400214
0.0652989427685757
0.0652844120321532
0.0652690722881690
0.0652529022521128
0.0652358801884662
0.0652179840178827
0.0651991914433630
0.0651794800985783
0.0651588277220366
0.0651372123615157
0.0651146126139461
0.0650910079070191
0.0650663788300332
0.0650407075231538
0.0650139781363612
0.0649861773721454
0.0649572951297435
0.0649273252739053
0.0648962665584175
0.0648641237453814
0.0648309089775714
0.0647966434868335
0.0647613597647094
0.0647251043981751
0.0646879419217443
0.0646499603582439
0.0646112799371066
0.0645720691636354
0.0645830787533737
0.0646226079527299
0.0646616052599901
0.0646999014928217
0.0647373757508323
0.0647739393589142
0.0648095271582488
0.0648440919728033
0.0648776007628406
0.0649100317933584
0.0649413724662794
0.0649716176136596
0.0650007681258489
0.0650288298317699
0.0650558125741492
0.0650817294388440
0.0651065961081735
0.0651304303154066
0.0651532513827321
0.0651750798287409
0.0651959370342563
0.0652158449573952
0.0652348258904144
0.0652529022521128
0.0652700964106311
0.0652864305322731
0.0653019264526064
0.0653166055668305
0.0653304887365390
0.0653435962107091
0.0653559475588885
0.0653675616148632
0.0653784564293459
0.0653886492303889
0.0653981563904412
0.0654069933990442
0.0654151748403709
0.0654227143748606
0.0654296247243184
0.0654359176599368
0.0654416039927554
0.0654466935661487
0.0654511952499880
0.0654551169361653
0.0654584655352055
0.0654612469737744
0.0654634661928526
0.0654651271464482
0.0654662328007191
0.0654667851333824
0.0654667851333824
0.0654662328007190
0.0654651271464482
0.0654634661928528
0.0654612469737742
0.0654584655352057
0.0654551169361653
0.0654511952499881
0.0654466935661487
0.0654416039927554
0.0654359176599368
0.0654296247243184
0.0654227143748606
0.0654151748403710
0.0654069933990443
0.0653981563904411
0.0653886492303889
0.0653784564293459
0.0653675616148633
0.0653559475588886
0.0653435962107091
0.0653304887365390
0.0653166055668303
0.0653019264526064
0.0652864305322731
0.0652700964106311
0.0652529022521127
0.0652348258904143
0.0652158449573952
0.0651959370342563
0.0651750798287409
0.0651532513827322
0.0651304303154068
0.0651065961081735
0.0650817294388440
0.0650558125741493
0.0650288298317700
0.0650007681258489
0.0649716176136598
0.0649413724662794
0.0649100317933584
0.0648776007628408
0.0648440919728033
0.0648095271582488
0.0647739393589142
0.0647373757508323
0.0646999014928217
0.0646616052599901
0.0646226079527299
0.0645830787533734
0.0645935632231195
0.0646333921911726
0.0646726878455502
0.0647112803901807
0.0647490483147248
0.0647859023492907
0.0648217767637795
0.0648566238409255
0.0648904100349380
0.0649231131438062
0.0649547201442283
0.0649852254865075
0.0650146297234074
0.0650429383904050
0.0650701610800182
0.0650963106697365
0.0651214026734208
0.0651454546934991
0.0651684859563480
0.0651905169170231
0.0652115689222186
0.0652316639224244
0.0652508242258830
0.0652690722881690
0.0652864305322733
0.0653029211947694
0.0653185661945493
0.0653333870207822
0.0653474046375810
0.0653606394029904
0.0653731110003412
0.0653848383802538
0.0653958397117908
0.0654061323415075
0.0654157327592468
0.0654246565697279
0.0654329184690791
0.0654405322255862
0.0654475106639906
0.0654538656528181
0.0654596080942181
0.0654647479159160
0.0654692940649044
0.0654732545025554
0.0654766362009016
0.0654794451398361
0.0654816863050506
0.0654833636865535
0.0654844802776320
0.0654850380741533
0.0654850380741533
0.0654844802776321
0.0654833636865535
0.0654816863050506
0.0654794451398361
0.0654766362009016
0.0654732545025554
0.0654692940649046
0.0654647479159160
0.0654596080942181
0.0654538656528181
0.0654475106639906
0.0654405322255862
0.0654329184690789
0.0654246565697281
0.0654157327592468
0.0654061323415075
0.0653958397117908
0.0653848383802538
0.0653731110003414
0.0653606394029904
0.0653474046375810
0.0653333870207822
0.0653185661945491
0.0653029211947697
0.0652864305322731
0.0652690722881690
0.0652508242258830
0.0652316639224244
0.0652115689222187
0.0651905169170231
0.0651684859563480
0.0651454546934992
0.0651214026734208
0.0650963106697365
0.0650701610800183
0.0650429383904050
0.0650146297234075
0.0649852254865075
0.0649547201442283
0.0649231131438061
0.0648904100349380
0.0648566238409255
0.0648217767637798
0.0647859023492907
0.0647490483147250
0.0647112803901809
0.0646726878455502
0.0646333921911726
0.0645935632231195
0.0646035332978175
0.0646436442047286
0.0646832204844242
0.0647220917839970
0.0647601360382542
0.0647972634347026
0.0648334077204111
0.0648685206809388
0.0649025683036428
0.0649355279535724
0.0649673862110101
0.0649981371680323
0.0650277810583242
0.0650563231374878
0.0650837727569123
0.0651101425906424
0.0651354479852688
0.0651597064102608
0.0651829369912011
0.0652051601121830
0.0652263970763009
0.0652466698152915
0.0652660006409377
0.0652844120321532
0.0653019264526064
0.0653185661945491
0.0653343532452877
0.0653493091730358
0.0653634550295803
0.0653768112674204
0.0653893976694004
0.0654012332891365
0.0654123364007256
0.0654227244564665
0.0654324140514657
0.0654414208941424
0.0654497597817913
0.0654574445804434
0.0654644882084074
0.0654709026228901
0.0654766988092343
0.0654818867723252
0.0654864755298203
0.0654904731068510
0.0654938865319521
0.0654967218339707
0.0654989840397543
0.0655006771724703
0.0655018042504053
0.0655023672861632
0.0655023672861632
0.0655018042504053
0.0655006771724703
0.0654989840397543
0.0654967218339707
0.0654938865319521
0.0654904731068510
0.0654864755298203
0.0654818867723252
0.0654766988092342
0.0654709026228901
0.0654644882084074
0.0654574445804434
0.0654497597817913
0.0654414208941426
0.0654324140514657
0.0654227244564665
0.0654123364007254
0.0654012332891365
0.0653893976694004
0.0653768112674204
0.0653634550295803
0.0653493091730357
0.0653343532452876
0.0653185661945491
0.0653019264526064
0.0652844120321531
0.0652660006409377
0.0652466698152917
0.0652263970763009
0.0652051601121831
0.0651829369912011
0.0651597064102608
0.0651354479852688
0.0651101425906423
0.0650837727569124
0.0650563231374878
0.0650277810583242
0.0649981371680323
0.0649673862110103
0.0649355279535723
0.0649025683036429
0.0648685206809388
0.0648334077204111
0.0647972634347024
0.0647601360382542
0.0647220917839970
0.0646832204844242
0.0646436442047286
0.0646035332978175
0.0646129995831795
0.0646533753782344
0.0646932153316828
0.0647323485850897
0.0647706525682647
0.0648080369735844
0.0648444350696016
0.0648797981853013
0.0649140918776476
0.0649472931107809
0.0649793880960275
0.0650103705901375
0.0650402405260650
0.0650690028935954
0.0650966668129619
0.0651232447609586
0.0651487519196685
0.0651732056252846
0.0651966248995749
0.0652190300503000
0.0652404423296032
0.0652608836414531
0.0652803762908267
0.0652989427685756
0.0653166055668307
0.0653333870207823
0.0653493091730358
0.0653643936575632
0.0653786616005226
0.0653921335356794
0.0654048293324414
0.0654167681347927
0.0654279683096370
0.0654384474032710
0.0654482221048381
0.0654573082157984
0.0654657206245463
0.0654734732854342
0.0654805792015435
0.0654870504106342
0.0654928979737806
0.0654981319662454
0.0655027614702437
0.0655067945692426
0.0655102383435376
0.0655130988668680
0.0655153812038545
0.0655170894081203
0.0655182265209302
0.0655187945702708
0.0655187945702707
0.0655182265209302
0.0655170894081202
0.0655153812038545
0.0655130988668679
0.0655102383435376
0.0655067945692422
0.0655027614702437
0.0654981319662456
0.0654928979737805
0.0654870504106341
0.0654805792015434
0.0654734732854342
0.0654657206245463
0.0654573082157985
0.0654482221048381
0.0654384474032710
0.0654279683096372
0.0654167681347926
0.0654048293324414
0.0653921335356796
0.0653786616005226
0.0653643936575634
0.0653493091730358
0.0653333870207823
0.0653166055668307
0.0652989427685756
0.0652803762908267
0.0652608836414531
0.0652404423296032
0.0652190300503000
0.0651966248995750
0.0651732056252847
0.0651487519196685
0.0651232447609586
0.0650966668129620
0.0650690028935954
0.0650402405260652
0.0650103705901374
0.0649793880960275
0.0649472931107809
0.0649140918776477
0.0648797981853013
0.0648444350696016
0.0648080369735843
0.0647706525682647
0.0647323485850897
0.0646932153316828
0.0646533753782342
0.0646129995831795
0.0646219725079332
0.0646625968733001
0.0647026842740101
0.0647420633924746
0.0647806111987485
0.0648182369333225
0.0648548734268433
0.0648904715891702
0.0649249965807692
0.0649584249949529
0.0649907427002027
0.0650219431400302
0.0650520259647724
0.0650809959126618
0.0651088618833738
0.0651356361636233
0.0651613337750085
0.0651859719216182
0.0652095695200333
0.0652321467980856
0.0652537249514496
0.0652743258491816
0.0652939717809757
0.0653126852400214
0.0653304887365391
0.0653474046375809
0.0653634550295803
0.0653786616005226
0.0653930455390812
0.0654066274484557
0.0654194272729098
0.0654314642353239
0.0654427567842520
0.0654533225492055
0.0654631783030231
0.0654723399303477
0.0654808224013411
0.0654886397498923
0.0654958050556521
0.0655023304293262
0.0655082270007169
0.0655135049090903
0.0655181732954652
0.0655222402965263
0.0655257130398508
0.0655285976402244
0.0655308991968430
0.0655326217912222
0.0655337684856828
0.0655343413223144
0.0655343413223144
0.0655337684856828
0.0655326217912222
0.0655308991968431
0.0655285976402244
0.0655257130398508
0.0655222402965263
0.0655181732954652
0.0655135049090903
0.0655082270007169
0.0655023304293261
0.0654958050556521
0.0654886397498925
0.0654808224013409
0.0654723399303477
0.0654631783030231
0.0654533225492055
0.0654427567842519
0.0654314642353239
0.0654194272729098
0.0654066274484557
0.0653930455390814
0.0653786616005226
0.0653634550295805
0.0653474046375810
0.0653304887365389
0.0653126852400214
0.0652939717809757
0.0652743258491815
0.0652537249514496
0.0652321467980855
0.0652095695200333
0.0651859719216182
0.0651613337750086
0.0651356361636233
0.0651088618833739
0.0650809959126618
0.0650520259647724
0.0650219431400302
0.0649907427002027
0.0649584249949528
0.0649249965807694
0.0648904715891702
0.0648548734268433
0.0648182369333226
0.0647806111987485
0.0647420633924746
0.0647026842740101
0.0646625968733001
0.0646219725079332
0.0646304622734321
0.0646713195798005
0.0647116388829237
0.0647512484480843
0.0647900248267151
0.0648278768469193
0.0648647369386994
0.0649005556273647
0.0649352977084045
0.0649689394325313
0.0650014663501417
0.0650328716127540
0.0650631546058178
0.0650923198303093
0.0651203759763493
0.0651473351484845
0.0651732122128520
0.0651980242438246
0.0652217900528139
0.0652445297856427
0.0652662645775845
0.0652870162572888
0.0653068070923189
0.0653256595702979
0.0653435962107091
0.0653606394029905
0.0653768112674204
0.0653921335356793
0.0654066274484556
0.0654203136678097
0.0654332122023457
0.0654453423434656
0.0654567226112282
0.0654673707085142
0.0654773034823725
0.0654865368915479
0.0654950859793459
0.0655029648510479
0.0655101866552464
0.0655167635684947
0.0655227067827895
0.0655280264954173
0.0655327319008110
0.0655368311840606
0.0655403315158043
0.0655432390482573
0.0655455589121672
0.0655472952145215
0.0655484510368832
0.0655490284342322
0.0655490284342322
0.0655484510368832
0.0655472952145215
0.0655455589121672
0.0655432390482573
0.0655403315158044
0.0655368311840606
0.0655327319008110
0.0655280264954175
0.0655227067827896
0.0655167635684947
0.0655101866552464
0.0655029648510481
0.0654950859793459
0.0654865368915479
0.0654773034823725
0.0654673707085142
0.0654567226112282
0.0654453423434656
0.0654332122023457
0.0654203136678097
0.0654066274484556
0.0653921335356796
0.0653768112674203
0.0653606394029904
0.0653435962107092
0.0653256595702981
0.0653068070923189
0.0652870162572888
0.0652662645775845
0.0652445297856427
0.0652217900528139
0.0651980242438246
0.0651732122128520
0.0651473351484845
0.0651203759763493
0.0650923198303092
0.0650631546058178
0.0650328716127540
0.0650014663501417
0.0649689394325314
0.0649352977084045
0.0649005556273647
0.0648647369386992
0.0648278768469193
0.0647900248267151
0.0647512484480843
0.0647116388829237
0.0646713195798005
0.0646304622734321
0.0646384788097076
0.0646795540736996
0.0647200903742490
0.0647599155976758
0.0647989059142920
0.0648369697759496
0.0648740392462678
0.0649100644979571
0.0649450099908672
0.0649788516595830
0.0650115747598770
0.0650431721716333
0.0650736430326663
0.0651029916208994
0.0651312264281484
0.0651583593852260
0.0651844052086198
0.0652093808463754
0.0652333050059137
0.0652561977502392
0.0652780801516849
0.0652989739944215
0.0653189015184969
0.0653378851995259
0.0653559475588884
0.0653731110003413
0.0653893976694004
0.0654048293324414
0.0654194272729099
0.0654332122023457
0.0654462041842849
0.0654584225693170
0.0654698859398224
0.0654806120631008
0.0654906178517422
0.0654999193302748
0.0655085316071997
0.0655164688516751
0.0655237442741657
0.0655303701104874
0.0655363576087342
0.0655417170186461
0.0655464575830197
0.0655505875308453
0.0655541140718702
0.0655570433923354
0.0655593806516973
0.0655611299801439
0.0655622944767694
0.0655628762083026
0.0655628762083026
0.0655622944767694
0.0655611299801439
0.0655593806516973
0.0655570433923354
0.0655541140718703
0.0655505875308453
0.0655464575830197
0.0655417170186461
0.0655363576087344
0.0655303701104874
0.0655237442741657
0.0655164688516751
0.0655085316071997
0.0654999193302748
0.0654906178517422
0.0654806120631008
0.0654698859398224
0.0654584225693169
0.0654462041842850
0.0654332122023457
0.0654194272729096
0.0654048293324414
0.0653893976694004
0.0653731110003413
0.0653559475588884
0.0653378851995256
0.0653189015184969
0.0652989739944215
0.0652780801516849
0.0652561977502392
0.0652333050059137
0.0652093808463752
0.0651844052086198
0.0651583593852260
0.0651312264281484
0.0651029916208994
0.0650736430326663
0.0650431721716333
0.0650115747598770
0.0649788516595830
0.0649450099908674
0.0649100644979571
0.0648740392462678
0.0648369697759495
0.0647989059142920
0.0647599155976757
0.0647200903742490
0.0646795540736996
0.0646384788097074
0.0646460317371561
0.0646873105804186
0.0647280495730434
0.0647680762571589
0.0648072664562158
0.0648455282789568
0.0648827934541635
0.0649190118315296
0.0649541475625854
0.0649881762906224
0.0650210829989855
0.0650528603154003
0.0650835071467794
0.0651130275619882
0.0651414298658925
0.0651687258243877
0.0651949300107286
0.0652200592508181
0.0652441321502309
0.0652671686894466
0.0652891898764858
0.0653102174482166
0.0653302736131055
0.0653493808295769
0.0653675616148633
0.0653848383802540
0.0654012332891365
0.0654167681347926
0.0654314642353240
0.0654453423434656
0.0654584225693167
0.0654707243142927
0.0654822662148313
0.0654930660945396
0.0655031409236685
0.0655125067849188
0.0655211788447142
0.0655291713291668
0.0655364975040926
0.0655431696584718
0.0655491990908481
0.0655545960982270
0.0655593699670733
0.0655635289660711
0.0655670803403769
0.0655700303070777
0.0655723840516762
0.0655741457254264
0.0655753184433480
0.0655759042828503
0.0655759042828502
0.0655753184433479
0.0655741457254264
0.0655723840516762
0.0655700303070777
0.0655670803403769
0.0655635289660711
0.0655593699670733
0.0655545960982270
0.0655491990908483
0.0655431696584720
0.0655364975040926
0.0655291713291670
0.0655211788447142
0.0655125067849187
0.0655031409236685
0.0654930660945396
0.0654822662148313
0.0654707243142929
0.0654584225693168
0.0654453423434656
0.0654314642353239
0.0654167681347926
0.0654012332891365
0.0653848383802539
0.0653675616148632
0.0653493808295771
0.0653302736131055
0.0653102174482166
0.0652891898764859
0.0652671686894466
0.0652441321502309
0.0652200592508182
0.0651949300107286
0.0651687258243876
0.0651414298658925
0.0651130275619882
0.0650835071467790
0.0650528603154002
0.0650210829989856
0.0649881762906222
0.0649541475625855
0.0649190118315296
0.0648827934541633
0.0648455282789567
0.0648072664562158
0.0647680762571589
0.0647280495730434
0.0646873105804186
0.0646460317371561
0.0646531303331872
0.0646945989430355
0.0647355268832873
0.0647757413836208
0.0648151179520068
0.0648535643845357
0.0648910121042667
0.0649274106652995
0.0649627239363176
0.0649969272926243
0.0650300054661384
0.0650619508510329
0.0650927621394762
0.0651224432050175
0.0651510021769260
0.0651784506652380
0.0652048031068547
0.0652300762103724
0.0652542884824553
0.0652774598222653
0.0652996111731611
0.0653207642229715
0.0653409411456243
0.0653601643783526
0.0653784564293457
0.0653958397117911
0.0654123364007254
0.0654279683096369
0.0654427567842518
0.0654567226112284
0.0654698859398224
0.0654822662148314
0.0654938821193312
0.0655047515259311
0.0655148914554009
0.0655243180416991
0.0655330465025128
0.0655410911145714
0.0655484651930450
0.0655551810744522
0.0655612501025637
0.0655666826168471
0.0655714879430672
0.0655756743856991
0.0655792492218571
0.0655822186965043
0.0655845880187088
0.0655863613587894
0.0655875418461945
0.0655881315680099
0.0655881315680099
0.0655875418461944
0.0655863613587894
0.0655845880187087
0.0655822186965043
0.0655792492218571
0.0655756743856990
0.0655714879430672
0.0655666826168471
0.0655612501025635
0.0655551810744522
0.0655484651930449
0.0655410911145712
0.0655330465025129
0.0655243180416993
0.0655148914554010
0.0655047515259309
0.0654938821193313
0.0654822662148314
0.0654698859398224
0.0654567226112284
0.0654427567842518
0.0654279683096369
0.0654123364007254
0.0653958397117909
0.0653784564293456
0.0653601643783523
0.0653409411456243
0.0653207642229715
0.0652996111731607
0.0652774598222653
0.0652542884824553
0.0652300762103724
0.0652048031068548
0.0651784506652380
0.0651510021769260
0.0651224432050175
0.0650927621394762
0.0650619508510329
0.0650300054661384
0.0649969272926242
0.0649627239363176
0.0649274106652994
0.0648910121042667
0.0648535643845357
0.0648151179520068
0.0647757413836206
0.0647355268832873
0.0646945989430355
0.0646531303331872
0.0646597835031984
0.0647014285947405
0.0647425322617250
0.0647829214504401
0.0648224713821910
0.0648610895684805
0.0648987071535576
0.0649352734214084
0.0649707519816438
0.0650051179634745
0.0650383558672657
0.0650704578713833
0.0651014224688453
0.0651312533512996
0.0651599584837024
0.0651875493294381
0.0652140401962741
0.0652394476808378
0.0652637901944806
0.0652870875570253
0.0653093606476887
0.0653306311044557
0.0653509210647526
0.0653702529416354
0.0653886492303888
0.0654061323415076
0.0654227244564665
0.0654384474032709
0.0654533225492056
0.0654673707085144
0.0654806120631008
0.0654930660945396
0.0655047515259313
0.0655156862723263
0.0655258873985735
0.0655353710836129
0.0655441525903478
0.0655522462403299
0.0655596653925851
0.0655664224260042
0.0655725287247705
0.0655779946663771
0.0655828296118498
0.0655870418978206
0.0655906388301695
0.0655936266789702
0.0655960106745409
0.0655977950044080
0.0655989828110460
0.0655995761902832
0.0655995761902830
0.0655989828110460
0.0655977950044080
0.0655960106745409
0.0655936266789703
0.0655906388301694
0.0655870418978206
0.0655828296118499
0.0655779946663770
0.0655725287247705
0.0655664224260042
0.0655596653925851
0.0655522462403299
0.0655441525903478
0.0655353710836131
0.0655258873985735
0.0655156862723263
0.0655047515259313
0.0654930660945396
0.0654806120631008
0.0654673707085142
0.0654533225492056
0.0654384474032709
0.0654227244564665
0.0654061323415076
0.0653886492303888
0.0653702529416356
0.0653509210647526
0.0653306311044557
0.0653093606476887
0.0652870875570253
0.0652637901944806
0.0652394476808379
0.0652140401962740
0.0651875493294383
0.0651599584837024
0.0651312533512996
0.0651014224688453
0.0650704578713831
0.0650383558672657
0.0650051179634745
0.0649707519816438
0.0649352734214085
0.0648987071535576
0.0648610895684805
0.0648224713821910
0.0647829214504401
0.0647425322617250
0.0647014285947405
0.0646597835031984
0.0646659997553648
0.0647078085349938
0.0647490751953382
0.0647896264259712
0.0648293371880621
0.0648681147344346
0.0649058899554859
0.0649426118887910
0.0649782439071264
0.0650127609141989
0.0650461471976244
0.0650783947369016
0.0651095018409072
0.0651394720324644
0.0651683131233644
0.0651960364396123
0.0652226561673023
0.0652481887968400
0.0652726526483856
0.0652960674650583
0.0653184540631886
0.0653398340309054
0.0653602294680554
0.0653796627614203
0.0653981563904412
0.0654157327592467
0.0654324140514655
0.0654482221048382
0.0654631783030232
0.0654773034823725
0.0654906178517422
0.0655031409236685
0.0655148914554011
0.0655258873985733
0.0655361458563215
0.0655456830469069
0.0655545142729610
0.0655626538955829
0.0655701153126370
0.0655769109406488
0.0655830521997884
0.0655885495014919
0.0655934122383154
0.0655976487756966
0.0656012664453103
0.0656042715397877
0.0656066693085409
0.0656084639545765
0.0656096586320953
0.0656102554447976
0.0656102554447975
0.0656096586320953
0.0656084639545763
0.0656066693085409
0.0656042715397878
0.0656012664453103
0.0655976487756966
0.0655934122383154
0.0655885495014919
0.0655830521997884
0.0655769109406488
0.0655701153126370
0.0655626538955829
0.0655545142729610
0.0655456830469069
0.0655361458563215
0.0655258873985733
0.0655148914554009
0.0655031409236685
0.0654906178517422
0.0654773034823725
0.0654631783030232
0.0654482221048382
0.0654324140514657
0.0654157327592468
0.0653981563904412
0.0653796627614201
0.0653602294680554
0.0653398340309052
0.0653184540631886
0.0652960674650583
0.0652726526483856
0.0652481887968402
0.0652226561673023
0.0651960364396122
0.0651683131233642
0.0651394720324645
0.0651095018409072
0.0650783947369015
0.0650461471976244
0.0650127609141987
0.0649782439071265
0.0649426118887910
0.0649058899554859
0.0648681147344348
0.0648293371880622
0.0647896264259712
0.0647490751953381
0.0647078085349938
0.0646659997553648
0.0646717871787709
0.0647137473089405
0.0647551646819867
0.0647958657553202
0.0648357252544663
0.0648746501975709
0.0649125712443590
0.0649494372081024
0.0649852112455764
0.0650198680543735
0.0650533917271808
0.0650857740607884
0.0651170131943810
0.0651471124946666
0.0651760796312475
0.0652039258020294
0.0652306650790602
0.0652563138525753
0.0652808903561050
0.0653044142592286
0.0653269063172659
0.0653483880692233
0.0653688815769823
0.0653884091997662
0.0654069933990443
0.0654246565697280
0.0654414208941425
0.0654573082157984
0.0654723399303477
0.0654865368915480
0.0654999193302748
0.0655125067849186
0.0655243180416991
0.0655353710836129
0.0655456830469071
0.0655552701840736
0.0655641478325087
0.0655723303880782
0.0655798312829115
0.0655866629668448
0.0655928368919836
0.0655983634999510
0.0656032522114008
0.0656075114174824
0.0656111484729341
0.0656141696905626
0.0656165803368923
0.0656183846288041
0.0656195857310154
0.0656201857542898
0.0656201857542899
0.0656195857310154
0.0656183846288041
0.0656165803368924
0.0656141696905625
0.0656111484729341
0.0656075114174824
0.0656032522114009
0.0655983634999511
0.0655928368919834
0.0655866629668448
0.0655798312829113
0.0655723303880782
0.0655641478325087
0.0655552701840736
0.0655456830469071
0.0655353710836129
0.0655243180416991
0.0655125067849188
0.0654999193302748
0.0654865368915480
0.0654723399303479
0.0654573082157984
0.0654414208941426
0.0654246565697280
0.0654069933990444
0.0653884091997661
0.0653688815769823
0.0653483880692234
0.0653269063172659
0.0653044142592286
0.0652808903561050
0.0652563138525753
0.0652306650790602
0.0652039258020294
0.0651760796312475
0.0651471124946666
0.0651170131943810
0.0650857740607884
0.0650533917271808
0.0650198680543735
0.0649852112455762
0.0649494372081024
0.0649125712443590
0.0648746501975702
0.0648357252544663
0.0647958657553202
0.0647551646819867
0.0647137473089404
0.0646717871787709
0.0646771534244685
0.0647192529896596
0.0647608092138048
0.0648016483448157
0.0648416448952571
0.0648807056708778
0.0649187611223277
0.0649557598592489
0.0649916648419729
0.0650264505802669
0.0650601009887918
0.0650926076970641
0.0651239686884724
0.0651541871859543
0.0651832707277041
0.0652112303927604
0.0652380801468592
0.0652638362863497
0.0652885169630420
0.0653121417765903
0.0653347314237175
0.0653563073956009
0.0653768917164659
0.0653965067173602
0.0654151748403710
0.0654329184690790
0.0654497597817912
0.0654657206245463
0.0654808224013410
0.0654950859793460
0.0655085316071997
0.0655211788447141
0.0655330465025128
0.0655441525903479
0.0655545142729610
0.0655641478325087
0.0655730686366890
0.0655812911118056
0.0655888287201046
0.0655956939407897
0.0656018982542000
0.0656074521287069
0.0656123650099116
0.0656166453118263
0.0656203004097270
0.0656233366344120
0.0656257592676726
0.0656275725387840
0.0656287796218615
0.0656293826339835
0.0656293826339835
0.0656287796218617
0.0656275725387841
0.0656257592676727
0.0656233366344120
0.0656203004097273
0.0656166453118264
0.0656123650099116
0.0656074521287069
0.0656018982542000
0.0655956939407898
0.0655888287201045
0.0655812911118056
0.0655730686366889
0.0655641478325087
0.0655545142729609
0.0655441525903478
0.0655330465025129
0.0655211788447139
0.0655085316071999
0.0654950859793460
0.0654808224013410
0.0654657206245463
0.0654497597817912
0.0654329184690790
0.0654151748403710
0.0653965067173602
0.0653768917164659
0.0653563073956006
0.0653347314237175
0.0653121417765902
0.0652885169630420
0.0652638362863497
0.0652380801468590
0.0652112303927604
0.0651832707277038
0.0651541871859543
0.0651239686884724
0.0650926076970641
0.0650601009887919
0.0650264505802669
0.0649916648419729
0.0649557598592489
0.0649187611223276
0.0648807056708778
0.0648416448952571
0.0648016483448157
0.0647608092138048
0.0647192529896595
0.0646771534244685
0.0646821056891212
0.0647243331629154
0.0647660167630099
0.0648069825488179
0.0648471048410059
0.0648862902536866
0.0649244690486074
0.0649615896511586
0.0649976148436313
0.0650325189652581
0.0650662857687366
0.0650989067310566
0.0651303796931926
0.0651607077462842
0.0651898983076843
0.0652179623467258
0.0652449137306212
0.0652707686682925
0.0652955452350154
0.0653192629645012
0.0653419424977336
0.0653636052798798
0.0653842732983602
0.0654039688560478
0.0654227143748605
0.0654405322255862
0.0654574445804434
0.0654734732854340
0.0654886397498925
0.0655029648510479
0.0655164688516751
0.0655291713291669
0.0655410911145714
0.0655522462403299
0.0655626538955827
0.0655723303880782
0.0655812911118055
0.0655895505196065
0.0655971221000844
0.0656040183582285
0.0656102507992364
0.0656158299150833
0.0656207651734276
0.0656250650085351
0.0656287368138931
0.0656317869362748
0.0656342206710442
0.0656360422584958
0.0656372548811115
0.0656378606615893
0.0656378606615894
0.0656372548811115
0.0656360422584958
0.0656342206710442
0.0656317869362748
0.0656287368138932
0.0656250650085349
0.0656207651734276
0.0656158299150831
0.0656102507992365
0.0656040183582285
0.0655971221000843
0.0655895505196065
0.0655812911118055
0.0655723303880782
0.0655626538955829
0.0655522462403299
0.0655410911145713
0.0655291713291669
0.0655164688516752
0.0655029648510479
0.0654886397498929
0.0654734732854342
0.0654574445804434
0.0654405322255860
0.0654227143748606
0.0654039688560478
0.0653842732983603
0.0653636052798797
0.0653419424977335
0.0653192629645012
0.0652955452350154
0.0652707686682926
0.0652449137306213
0.0652179623467258
0.0651898983076844
0.0651607077462842
0.0651303796931926
0.0650989067310566
0.0650662857687366
0.0650325189652581
0.0649976148436313
0.0649615896511586
0.0649244690486074
0.0648862902536866
0.0648471048410059
0.0648069825488181
0.0647660167630099
0.0647243331629153
0.0646821056891212
0.0646866507008970
0.0647289949140633
0.0647707947698038
0.0648118761585463
0.0648521132286961
0.0648914124221228
0.0649297038305783
0.0649669357134207
0.0650030706922673
0.0650380829521937
0.0650719560992248
0.0651046814719397
0.0651362567817872
0.0651666849997319
0.0651959734326264
0.0652241329491618
0.0652511773258326
0.0652771226907170
0.0653019870479623
0.0653257898696269
0.0653485517441811
0.0653702940730367
0.0653910388081504
0.0654108082247373
0.0654296247243181
0.0654475106639909
0.0654644882084074
0.0654805792015434
0.0654958050556521
0.0655101866552463
0.0655237442741657
0.0655364975040926
0.0655484651930451
0.0655596653925851
0.0655701153126370
0.0655798312829115
0.0655888287201046
0.0655971221000844
0.0656047249344150
0.0656116497506245
0.0656179080756966
0.0656235104223407
0.0656284662776333
0.0656327840936918
0.0656364712800807
0.0656395341976976
0.0656419781539079
0.0656438073987663
0.0656450251221625
0.0656456334517801
0.0656456334517801
0.0656450251221627
0.0656438073987663
0.0656419781539079
0.0656395341976976
0.0656364712800808
0.0656327840936920
0.0656284662776333
0.0656235104223409
0.0656179080756966
0.0656116497506245
0.0656047249344150
0.0655971221000844
0.0655888287201044
0.0655798312829114
0.0655701153126370
0.0655596653925851
0.0655484651930451
0.0655364975040926
0.0655237442741657
0.0655101866552463
0.0654958050556522
0.0654805792015434
0.0654644882084074
0.0654475106639907
0.0654296247243181
0.0654108082247373
0.0653910388081504
0.0653702940730368
0.0653485517441810
0.0653257898696268
0.0653019870479624
0.0652771226907170
0.0652511773258325
0.0652241329491618
0.0651959734326264
0.0651666849997319
0.0651362567817872
0.0651046814719396
0.0650719560992249
0.0650380829521936
0.0650030706922675
0.0649669357134207
0.0649297038305783
0.0648914124221230
0.0648521132286960
0.0648118761585463
0.0647707947698038
0.0647289949140632
0.0646866507008970
0.0646907947073493
0.0647332448168715
0.0647751501320937
0.0648163363926664
0.0648566775930959
0.0648960800211998
0.0649344736165107
0.0649718064895361
0.0650080411176525
0.0650431515473389
0.0650771212525321
0.0651099414469397
0.0651416097249118
0.0651721289485219
0.0652015063242400
0.0652297526290661
0.0652568815565758
0.0652829091606694
0.0653078533799471
0.0653317336293450
0.0653545704483690
0.0653763851972913
0.0653971997943693
0.0654170364881243
0.0654359176599368
0.0654538656528181
0.0654709026228901
0.0654870504106340
0.0655023304293262
0.0655167635684948
0.0655303701104874
0.0655431696584719
0.0655551810744521
0.0655664224260042
0.0655769109406488
0.0655866629668447
0.0655956939407899
0.0656040183582284
0.0656116497506247
0.0656186006651016
0.0656248826476405
0.0656305062290710
0.0656354809134669
0.0656398151686032
0.0656435164181646
0.0656465910354644
0.0656490443384298
0.0656508805857118
0.0656521029737259
0.0656527136345493
0.0656527136345493
0.0656521029737259
0.0656508805857121
0.0656490443384298
0.0656465910354646
0.0656435164181646
0.0656398151686030
0.0656354809134671
0.0656305062290710
0.0656248826476405
0.0656186006651016
0.0656116497506247
0.0656040183582286
0.0655956939407898
0.0655866629668447
0.0655769109406488
0.0655664224260042
0.0655551810744520
0.0655431696584719
0.0655303701104874
0.0655167635684946
0.0655023304293265
0.0654870504106340
0.0654709026228901
0.0654538656528181
0.0654359176599368
0.0654170364881243
0.0653971997943694
0.0653763851972913
0.0653545704483689
0.0653317336293450
0.0653078533799471
0.0652829091606694
0.0652568815565757
0.0652297526290664
0.0652015063242402
0.0651721289485221
0.0651416097249118
0.0651099414469397
0.0650771212525323
0.0650431515473388
0.0650080411176525
0.0649718064895360
0.0649344736165106
0.0648960800211999
0.0648566775930959
0.0648163363926665
0.0647751501320937
0.0647332448168715
0.0646907947073493
0.0646945434650270
0.0647370889239858
0.0647790891967957
0.0648203698893804
0.0648608048595913
0.0649003002583158
0.0649387858896463
0.0649762097314978
0.0650125341326033
0.0650477330156722
0.0650817897365067
0.0651146953969425
0.0651464474862417
0.0651770487685478
0.0652065063598482
0.0652348309542837
0.0652620361702806
0.0652881379942832
0.0653131543050554
0.0653371044651524
0.0653600089689010
0.0653818891383890
0.0654027668602801
0.0654226643577664
0.0654416039927555
0.0654596080942180
0.0654766988092341
0.0654928979737805
0.0655082270007171
0.0655227067827892
0.0655363576087342
0.0655491990908482
0.0655612501025637
0.0655725287247707
0.0655830521997884
0.0655928368919836
0.0656018982542000
0.0656102507992365
0.0656179080756966
0.0656248826476405
0.0656311860775094
0.0656368289118705
0.0656418206695886
0.0656461698320859
0.0656498838353702
0.0656529690635970
0.0656554308439354
0.0656572734425526
0.0656585000615828
0.0656591128369457
0.0656591128369456
0.0656585000615828
0.0656572734425526
0.0656554308439357
0.0656529690635971
0.0656498838353702
0.0656461698320859
0.0656418206695885
0.0656368289118705
0.0656311860775094
0.0656248826476404
0.0656179080756966
0.0656102507992368
0.0656018982542000
0.0655928368919836
0.0655830521997884
0.0655725287247706
0.0655612501025637
0.0655491990908482
0.0655363576087344
0.0655227067827893
0.0655082270007171
0.0654928979737805
0.0654766988092343
0.0654596080942180
0.0654416039927554
0.0654226643577664
0.0654027668602800
0.0653818891383890
0.0653600089689013
0.0653371044651524
0.0653131543050555
0.0652881379942832
0.0652620361702806
0.0652348309542837
0.0652065063598486
0.0651770487685479
0.0651464474862415
0.0651146953969424
0.0650817897365067
0.0650477330156722
0.0650125341326034
0.0649762097314978
0.0649387858896463
0.0649003002583159
0.0648608048595913
0.0648203698893804
0.0647790891967957
0.0647370889239858
0.0646945434650270
0.0646979022306163
0.0647405327588493
0.0647826177525057
0.0648239826998205
0.0648645013382521
0.0649040796979396
0.0649426474634317
0.0649801524954937
0.0650165570290765
0.0650518348772846
0.0650859692911693
0.0651189512732247
0.0651507782192391
0.0651814528060931
0.0652109820689849
0.0652393766279082
0.0652666500338586
0.0652928182125870
0.0653178989888261
0.0653419116776415
0.0653648767322268
0.0653868154396588
0.0654077496574314
0.0654277015851063
0.0654466935661487
0.0654647479159159
0.0654818867723254
0.0654981319662457
0.0655135049090903
0.0655280264954173
0.0655417170186462
0.0655545960982274
0.0655666826168469
0.0655779946663772
0.0655885495014920
0.0655983634999510
0.0656074521287069
0.0656158299150833
0.0656235104223407
0.0656305062290711
0.0656368289118705
0.0656424890308730
0.0656474961177186
0.0656518586656295
0.0656555841212885
0.0656586788782521
0.0656611482717037
0.0656629965743403
0.0656642269932608
0.0656648416677282
0.0656648416677279
0.0656642269932608
0.0656629965743405
0.0656611482717037
0.0656586788782521
0.0656555841212885
0.0656518586656295
0.0656474961177186
0.0656424890308730
0.0656368289118705
0.0656305062290711
0.0656235104223408
0.0656158299150831
0.0656074521287068
0.0655983634999511
0.0655885495014919
0.0655779946663773
0.0655666826168471
0.0655545960982274
0.0655417170186461
0.0655280264954173
0.0655135049090904
0.0654981319662453
0.0654818867723253
0.0654647479159159
0.0654466935661487
0.0654277015851063
0.0654077496574314
0.0653868154396586
0.0653648767322268
0.0653419116776415
0.0653178989888258
0.0652928182125870
0.0652666500338586
0.0652393766279081
0.0652109820689849
0.0651814528060931
0.0651507782192389
0.0651189512732247
0.0650859692911694
0.0650518348772846
0.0650165570290765
0.0649801524954937
0.0649426474634317
0.0649040796979396
0.0648645013382521
0.0648239826998205
0.0647826177525057
0.0647405327588491
0.0646979022306162
0.0647008757534135
0.0647435813088792
0.0647857410233614
0.0648271802825633
0.0648677727189577
0.0649074242572966
0.0649460644777071
0.0649836411385318
0.0650201163751525
0.0650554639046557
0.0650896668862147
0.0651227162350872
0.0651546092648489
0.0651853485755193
0.0652149411310033
0.0652433974857324
0.0652707311309519
0.0652969579384848
0.0653220956849201
0.0653461636428646
0.0653691822285739
0.0653911726975295
0.0654121568807347
0.0654321569560988
0.0654511952499881
0.0654692940649045
0.0654864755298203
0.0655027614702436
0.0655181732954653
0.0655327319008111
0.0655464575830199
0.0655593699670733
0.0655714879430673
0.0655828296118499
0.0655934122383152
0.0656032522114009
0.0656123650099117
0.0656207651734276
0.0656284662776333
0.0656354809134667
0.0656418206695887
0.0656474961177185
0.0656525168004224
0.0656568912210340
0.0656606268353874
0.0656637300451131
0.0656662061922799
0.0656680595552010
0.0656692933452448
0.0656699097045495
0.0656699097045494
0.0656692933452446
0.0656680595552009
0.0656662061922800
0.0656637300451131
0.0656606268353874
0.0656568912210340
0.0656525168004226
0.0656474961177187
0.0656418206695887
0.0656354809134667
0.0656284662776333
0.0656207651734276
0.0656123650099115
0.0656032522114009
0.0655934122383152
0.0655828296118499
0.0655714879430674
0.0655593699670733
0.0655464575830199
0.0655327319008110
0.0655181732954653
0.0655027614702437
0.0654864755298203
0.0654692940649045
0.0654511952499881
0.0654321569560988
0.0654121568807350
0.0653911726975295
0.0653691822285741
0.0653461636428647
0.0653220956849201
0.0652969579384847
0.0652707311309519
0.0652433974857324
0.0652149411310033
0.0651853485755192
0.0651546092648489
0.0651227162350873
0.0650896668862147
0.0650554639046557
0.0650201163751526
0.0649836411385318
0.0649460644777072
0.0649074242572966
0.0648677727189576
0.0648271802825633
0.0647857410233615
0.0647435813088793
0.0647008757534135
0.0647034682689755
0.0647462390197387
0.0647884636639246
0.0648299674991028
0.0648706240674195
0.0649103392028968
0.0649490423956909
0.0649866813158341
0.0650232180127756
0.0650586261206622
0.0650928887192288
0.0651259966482115
0.0651579471499363
0.0651887427577068
0.0652183903734586
0.0652469004945327
0.0652742865600446
0.0653005643946655
0.0653257517327804
0.0653498678096614
0.0653729330089785
0.0653949685582136
0.0654159962647696
0.0654360382871287
0.0654551169361649
0.0654732545025554
0.0654904731068510
0.0655067945692422
0.0655222402965265
0.0655368311840606
0.0655505875308453
0.0655635289660713
0.0655756743856993
0.0655870418978208
0.0655976487756963
0.0656075114174823
0.0656166453118263
0.0656250650085350
0.0656327840936918
0.0656398151686029
0.0656461698320860
0.0656518586656295
0.0656568912210340
0.0656612760101842
0.0656650204966672
0.0656681310889542
0.0656706131349596
0.0656724709177590
0.0656737076523504
0.0656743254833133
0.0656743254833137
0.0656737076523504
0.0656724709177590
0.0656706131349596
0.0656681310889543
0.0656650204966674
0.0656612760101842
0.0656568912210340
0.0656518586656295
0.0656461698320859
0.0656398151686029
0.0656327840936918
0.0656250650085351
0.0656166453118263
0.0656075114174823
0.0655976487756963
0.0655870418978208
0.0655756743856993
0.0655635289660713
0.0655505875308453
0.0655368311840606
0.0655222402965265
0.0655067945692424
0.0654904731068509
0.0654732545025554
0.0654551169361649
0.0654360382871287
0.0654159962647696
0.0653949685582136
0.0653729330089785
0.0653498678096614
0.0653257517327804
0.0653005643946654
0.0652742865600446
0.0652469004945327
0.0652183903734586
0.0651887427577068
0.0651579471499362
0.0651259966482115
0.0650928887192287
0.0650586261206622
0.0650232180127756
0.0649866813158340
0.0649490423956908
0.0649103392028967
0.0648706240674195
0.0648299674991028
0.0647884636639246
0.0647462390197387
0.0647034682689757
0.0647056834937998
0.0647485097905743
0.0647907897549612
0.0648323486101384
0.0648730598219651
0.0649128291477741
0.0649515860016341
0.0649892779788374
0.0650258670560593
0.0650613267971486
0.0650956402144479
0.0651287980835682
0.0651607975862655
0.0651916411990666
0.0652213357710975
0.0652498917509764
0.0652773225332529
0.0653036439022157
0.0653288735560272
0.0653530306978328
0.0653761356831820
0.0653982097153075
0.0654192745810775
0.0654393524219731
0.0654584655352052
0.0654766362009016
0.0654938865319521
0.0655102383435376
0.0655257130398508
0.0655403315158043
0.0655541140718702
0.0655670803403769
0.0655792492218569
0.0655906388301693
0.0656012664453103
0.0656111484729342
0.0656203004097271
0.0656287368138931
0.0656364712800807
0.0656435164181645
0.0656498838353701
0.0656555841212887
0.0656606268353874
0.0656650204966675
0.0656687725751649
0.0656718894850586
0.0656743765791306
0.0656762381444341
0.0656774773989914
0.0656780964894258
0.0656780964894258
0.0656774773989914
0.0656762381444341
0.0656743765791308
0.0656718894850586
0.0656687725751648
0.0656650204966673
0.0656606268353874
0.0656555841212887
0.0656498838353701
0.0656435164181645
0.0656364712800808
0.0656287368138931
0.0656203004097271
0.0656111484729342
0.0656012664453103
0.0655906388301693
0.0655792492218569
0.0655670803403772
0.0655541140718702
0.0655403315158044
0.0655257130398508
0.0655102383435377
0.0654938865319520
0.0654766362009016
0.0654584655352056
0.0654393524219732
0.0654192745810775
0.0653982097153076
0.0653761356831821
0.0653530306978329
0.0653288735560273
0.0653036439022157
0.0652773225332529
0.0652498917509764
0.0652213357710975
0.0651916411990666
0.0651607975862655
0.0651287980835682
0.0650956402144481
0.0650613267971486
0.0650258670560593
0.0649892779788374
0.0649515860016340
0.0649128291477742
0.0648730598219651
0.0648323486101384
0.0647907897549612
0.0647485097905743
0.0647056834938000
0.0647075246209214
0.0647503969700925
0.0647927227999805
0.0648343272725823
0.0648750837909630
0.0649148980493090
0.0649536993989949
0.0649914353737011
0.0650280678900741
0.0650635704539344
0.0650979260219570
0.0651311253167366
0.0651631654699123
0.0651940489109852
0.0652237824452903
0.0652523764809946
0.0652798443755991
0.0653062018797671
0.0653314666614458
0.0653556578969277
0.0653787959181992
0.0654009019081115
0.0654219976362162
0.0654421052295857
0.0654612469737743
0.0654794451398359
0.0654967218339707
0.0655130988668680
0.0655285976402242
0.0655432390482573
0.0655570433923355
0.0655700303070777
0.0655822186965044
0.0655936266789702
0.0656042715397877
0.0656141696905626
0.0656233366344121
0.0656317869362748
0.0656395341976976
0.0656465910354644
0.0656529690635970
0.0656586788782521
0.0656637300451132
0.0656681310889541
0.0656718894850587
0.0656750116522387
0.0656775029472395
0.0656793676603512
0.0656806090120618
0.0656812291506541
0.0656812291506543
0.0656806090120616
0.0656793676603511
0.0656775029472397
0.0656750116522386
0.0656718894850586
0.0656681310889543
0.0656637300451133
0.0656586788782521
0.0656529690635971
0.0656465910354644
0.0656395341976974
0.0656317869362748
0.0656233366344120
0.0656141696905626
0.0656042715397877
0.0655936266789700
0.0655822186965043
0.0655700303070777
0.0655570433923354
0.0655432390482573
0.0655285976402242
0.0655130988668678
0.0654967218339707
0.0654794451398359
0.0654612469737743
0.0654421052295857
0.0654219976362162
0.0654009019081115
0.0653787959181992
0.0653556578969278
0.0653314666614458
0.0653062018797673
0.0652798443755991
0.0652523764809945
0.0652237824452903
0.0651940489109852
0.0651631654699123
0.0651311253167364
0.0650979260219570
0.0650635704539345
0.0650280678900740
0.0649914353737011
0.0649536993989949
0.0649148980493090
0.0648750837909630
0.0648343272725823
0.0647927227999803
0.0647503969700926
0.0647075246209214
0.0647089943163153
0.0647519033533720
0.0647942657224611
0.0648359065371519
0.0648766991507891
0.0649165492075293
0.0649553860090596
0.0649931570402025
0.0650298241699792
0.0650653608581523
0.0650997500171804
0.0651329823275242
0.0651650548809629
0.0651959700695606
0.0652257346637667
0.0652543590394883
0.0652818565246472
0.0653082428430286
0.0653335356383860
0.0653577540654827
0.0653809184373730
0.0654030499204939
0.0654241702704050
0.0654443016025051
0.0654634661928527
0.0654816863050506
0.0654989840397544
0.0655153812038544
0.0655308991968429
0.0655455589121672
0.0655593806516973
0.0655723840516762
0.0655845880187087
0.0655960106745409
0.0656066693085408
0.0656165803368926
0.0656257592676728
0.0656342206710441
0.0656419781539077
0.0656490443384298
0.0656554308439353
0.0656611482717039
0.0656662061922799
0.0656706131349596
0.0656743765791308
0.0656775029472392
0.0656799975991406
0.0656818648276597
0.0656831078552212
0.0656837288314113
0.0656837288314112
0.0656831078552211
0.0656818648276597
0.0656799975991407
0.0656775029472397
0.0656743765791306
0.0656706131349595
0.0656662061922800
0.0656611482717038
0.0656554308439353
0.0656490443384298
0.0656419781539078
0.0656342206710441
0.0656257592676730
0.0656165803368926
0.0656066693085408
0.0655960106745409
0.0655845880187087
0.0655723840516762
0.0655593806516973
0.0655455589121672
0.0655308991968429
0.0655153812038544
0.0654989840397544
0.0654816863050506
0.0654634661928527
0.0654443016025051
0.0654241702704050
0.0654030499204939
0.0653809184373730
0.0653577540654827
0.0653335356383860
0.0653082428430290
0.0652818565246472
0.0652543590394882
0.0652257346637667
0.0651959700695606
0.0651650548809629
0.0651329823275242
0.0650997500171802
0.0650653608581522
0.0650298241699792
0.0649931570402024
0.0649553860090596
0.0649165492075293
0.0648766991507891
0.0648359065371519
0.0647942657224613
0.0647519033533720
0.0647089943163153
0.0647100947160283
0.0647530311793355
0.0647954208636435
0.0648370888465020
0.0648779084442611
0.0649177852638354
0.0649566485699169
0.0649944458109390
0.0650311388204341
0.0650667010238304
0.0651011153006105
0.0651343722997952
0.0651664690834041
0.0651974080155355
0.0652271958405583
0.0652558429102459
0.0652833625303701
0.0653097704045665
0.0653350841584423
0.0653593229305804
0.0653825070197916
0.0654046575801386
0.0654257963566169
0.0654459454557725
0.0654651271464484
0.0654833636865538
0.0655006771724703
0.0655170894081202
0.0655326217912222
0.0655472952145215
0.0655611299801439
0.0655741457254263
0.0655863613587891
0.0655977950044080
0.0656084639545766
0.0656183846288040
0.0656275725387842
0.0656360422584958
0.0656438073987664
0.0656508805857118
0.0656572734425526
0.0656629965743403
0.0656680595552011
0.0656724709177589
0.0656762381444341
0.0656793676603512
0.0656818648276598
0.0656837339410608
0.0656849782244061
0.0656855998282453
0.0656855998282453
0.0656849782244060
0.0656837339410608
0.0656818648276597
0.0656793676603512
0.0656762381444341
0.0656724709177589
0.0656680595552010
0.0656629965743403
0.0656572734425526
0.0656508805857120
0.0656438073987664
0.0656360422584958
0.0656275725387842
0.0656183846288041
0.0656084639545765
0.0655977950044080
0.0655863613587892
0.0655741457254264
0.0655611299801439
0.0655472952145215
0.0655326217912222
0.0655170894081202
0.0655006771724702
0.0654833636865538
0.0654651271464484
0.0654459454557726
0.0654257963566169
0.0654046575801387
0.0653825070197917
0.0653593229305804
0.0653350841584423
0.0653097704045665
0.0652833625303701
0.0652558429102459
0.0652271958405582
0.0651974080155355
0.0651664690834038
0.0651343722997952
0.0651011153006105
0.0650667010238306
0.0650311388204342
0.0649944458109390
0.0649566485699171
0.0649177852638354
0.0648779084442610
0.0648370888465020
0.0647954208636435
0.0647530311793355
0.0647100947160283
0.0647108274239627
0.0647537821288087
0.0647961899808609
0.0648378760338011
0.0648787135794515
0.0649186082000388
0.0649574891357162
0.0649953038107773
0.0650320140352053
0.0650675932116365
0.0651020241976601
0.0651352976214139
0.0651674105251388
0.0651983652543482
0.0652281685360569
0.0652568307059823
0.0652843650551460
0.0653107872737579
0.0653361149753219
0.0653603672876238
0.0653835644999539
0.0654057277581015
0.0654268787999750
0.0654470397261876
0.0654662328007190
0.0654844802776322
0.0655018042504056
0.0655182265209300
0.0655337684856828
0.0655484510368832
0.0655622944767691
0.0655753184433479
0.0655875418461945
0.0655989828110460
0.0656096586320954
0.0656195857310155
0.0656287796218616
0.0656372548811115
0.0656450251221629
0.0656521029737259
0.0656585000615828
0.0656642269932610
0.0656692933452446
0.0656737076523501
0.0656774773989914
0.0656806090120616
0.0656831078552213
0.0656849782244060
0.0656862233444092
0.0656868453664190
0.0656868453664191
0.0656862233444092
0.0656849782244057
0.0656831078552213
0.0656806090120616
0.0656774773989914
0.0656737076523501
0.0656692933452447
0.0656642269932608
0.0656585000615828
0.0656521029737259
0.0656450251221628
0.0656372548811115
0.0656287796218617
0.0656195857310153
0.0656096586320951
0.0655989828110460
0.0655875418461944
0.0655753184433478
0.0655622944767692
0.0655484510368832
0.0655337684856828
0.0655182265209300
0.0655018042504056
0.0654844802776320
0.0654662328007189
0.0654470397261876
0.0654268787999753
0.0654057277581014
0.0653835644999535
0.0653603672876240
0.0653361149753222
0.0653107872737578
0.0652843650551460
0.0652568307059823
0.0652281685360569
0.0651983652543481
0.0651674105251391
0.0651352976214140
0.0651020241976600
0.0650675932116365
0.0650320140352052
0.0649953038107773
0.0649574891357164
0.0649186082000388
0.0648787135794515
0.0648378760338011
0.0647961899808609
0.0647537821288087
0.0647108274239627
0.0647111935102640
0.0647541573231039
0.0647965742463204
0.0648382693217047
0.0648791158288568
0.0649190193376993
0.0649579090761548
0.0649957324564786
0.0650324512769175
0.0650680389287397
0.0651024782586141
0.0651357598842584
0.0651678808380481
0.0651988434562126
0.0652286544571097
0.0652573241684313
0.0652848658738310
0.0653112952568108
0.0653366299248183
0.0653608890002388
0.0653840927675937
0.0654062623685298
0.0654274195374027
0.0654475863718420
0.0654667851333825
0.0654850380741533
0.0655023672861632
0.0655187945702708
0.0655343413223143
0.0655490284342322
0.0655628762083026
0.0655759042828501
0.0655881315680099
0.0655995761902832
0.0656102554447975
0.0656201857542898
0.0656293826339835
0.0656378606615892
0.0656456334517801
0.0656527136345494
0.0656591128369457
0.0656648416677279
0.0656699097045494
0.0656743254833138
0.0656780964894259
0.0656812291506543
0.0656837288314115
0.0656855998282453
0.0656868453664191
0.0656874675974348
0.0656874675974348
0.0656868453664191
0.0656855998282453
0.0656837288314115
0.0656812291506544
0.0656780964894261
0.0656743254833136
0.0656699097045494
0.0656648416677279
0.0656591128369457
0.0656527136345495
0.0656456334517801
0.0656378606615892
0.0656293826339835
0.0656201857542898
0.0656102554447975
0.0655995761902830
0.0655881315680099
0.0655759042828501
0.0655628762083026
0.0655490284342324
0.0655343413223140
0.0655187945702708
0.0655023672861632
0.0654850380741533
0.0654667851333825
0.0654475863718420
0.0654274195374027
0.0654062623685297
0.0653840927675935
0.0653608890002383
0.0653366299248183
0.0653112952568108
0.0652848658738310
0.0652573241684313
0.0652286544571097
0.0651988434562125
0.0651678808380481
0.0651357598842584
0.0651024782586144
0.0650680389287397
0.0650324512769175
0.0649957324564785
0.0649579090761548
0.0649190193376993
0.0648791158288568
0.0648382693217047
0.0647965742463204
0.0647541573231037
0.0647111935102640
0.0647111935102638
0.0647541573231036
0.0647965742463203
0.0648382693217048
0.0648791158288569
0.0649190193376992
0.0649579090761548
0.0649957324564785
0.0650324512769176
0.0650680389287398
0.0651024782586145
0.0651357598842584
0.0651678808380482
0.0651988434562127
0.0652286544571101
0.0652573241684313
0.0652848658738308
0.0653112952568108
0.0653366299248183
0.0653608890002385
0.0653840927675933
0.0654062623685297
0.0654274195374027
0.0654475863718420
0.0654667851333824
0.0654850380741533
0.0655023672861632
0.0655187945702708
0.0655343413223142
0.0655490284342322
0.0655628762083026
0.0655759042828501
0.0655881315680099
0.0655995761902831
0.0656102554447973
0.0656201857542898
0.0656293826339833
0.0656378606615894
0.0656456334517800
0.0656527136345493
0.0656591128369456
0.0656648416677282
0.0656699097045497
0.0656743254833137
0.0656780964894260
0.0656812291506544
0.0656837288314115
0.0656855998282453
0.0656868453664190
0.0656874675974347
0.0656874675974349
0.0656868453664190
0.0656855998282450
0.0656837288314115
0.0656812291506544
0.0656780964894260
0.0656743254833137
0.0656699097045495
0.0656648416677282
0.0656591128369456
0.0656527136345493
0.0656456334517800
0.0656378606615894
0.0656293826339833
0.0656201857542898
0.0656102554447975
0.0655995761902830
0.0655881315680100
0.0655759042828501
0.0655628762083025
0.0655490284342322
0.0655343413223142
0.0655187945702708
0.0655023672861632
0.0654850380741533
0.0654667851333823
0.0654475863718420
0.0654274195374027
0.0654062623685298
0.0653840927675934
0.0653608890002387
0.0653366299248184
0.0653112952568108
0.0652848658738308
0.0652573241684313
0.0652286544571098
0.0651988434562126
0.0651678808380482
0.0651357598842584
0.0651024782586143
0.0650680389287398
0.0650324512769178
0.0649957324564785
0.0649579090761548
0.0649190193376992
0.0648791158288568
0.0648382693217049
0.0647965742463204
0.0647541573231037
0.0647111935102640
0.0647108274239628
0.0647537821288088
0.0647961899808609
0.0648378760338010
0.0648787135794512
0.0649186082000387
0.0649574891357163
0.0649953038107772
0.0650320140352052
0.0650675932116365
0.0651020241976600
0.0651352976214138
0.0651674105251390
0.0651983652543481
0.0652281685360566
0.0652568307059822
0.0652843650551459
0.0653107872737578
0.0653361149753219
0.0653603672876237
0.0653835644999537
0.0654057277581013
0.0654268787999751
0.0654470397261876
0.0654662328007191
0.0654844802776322
0.0655018042504054
0.0655182265209302
0.0655337684856828
0.0655484510368832
0.0655622944767694
0.0655753184433480
0.0655875418461945
0.0655989828110458
0.0656096586320952
0.0656195857310154
0.0656287796218616
0.0656372548811115
0.0656450251221629
0.0656521029737258
0.0656585000615828
0.0656642269932610
0.0656692933452446
0.0656737076523502
0.0656774773989914
0.0656806090120616
0.0656831078552210
0.0656849782244058
0.0656862233444092
0.0656868453664190
0.0656868453664191
0.0656862233444093
0.0656849782244058
0.0656831078552212
0.0656806090120618
0.0656774773989913
0.0656737076523501
0.0656692933452447
0.0656642269932607
0.0656585000615829
0.0656521029737258
0.0656450251221627
0.0656372548811115
0.0656287796218616
0.0656195857310152
0.0656096586320952
0.0655989828110458
0.0655875418461946
0.0655753184433477
0.0655622944767694
0.0655484510368832
0.0655337684856828
0.0655182265209300
0.0655018042504055
0.0654844802776321
0.0654662328007189
0.0654470397261876
0.0654268787999751
0.0654057277581014
0.0653835644999533
0.0653603672876237
0.0653361149753219
0.0653107872737578
0.0652843650551460
0.0652568307059825
0.0652281685360566
0.0651983652543481
0.0651674105251392
0.0651352976214138
0.0651020241976600
0.0650675932116363
0.0650320140352051
0.0649953038107772
0.0649574891357163
0.0649186082000387
0.0648787135794514
0.0648378760338010
0.0647961899808609
0.0647537821288088
0.0647108274239628
0.0647100947160283
0.0647530311793359
0.0647954208636435
0.0648370888465020
0.0648779084442611
0.0649177852638354
0.0649566485699171
0.0649944458109390
0.0650311388204342
0.0650667010238303
0.0651011153006105
0.0651343722997952
0.0651664690834042
0.0651974080155354
0.0652271958405581
0.0652558429102460
0.0652833625303699
0.0653097704045665
0.0653350841584424
0.0653593229305803
0.0653825070197917
0.0654046575801389
0.0654257963566169
0.0654459454557726
0.0654651271464482
0.0654833636865536
0.0655006771724703
0.0655170894081203
0.0655326217912222
0.0655472952145215
0.0655611299801441
0.0655741457254263
0.0655863613587893
0.0655977950044080
0.0656084639545765
0.0656183846288041
0.0656275725387842
0.0656360422584960
0.0656438073987664
0.0656508805857120
0.0656572734425525
0.0656629965743403
0.0656680595552010
0.0656724709177589
0.0656762381444340
0.0656793676603511
0.0656818648276598
0.0656837339410607
0.0656849782244058
0.0656855998282450
0.0656855998282450
0.0656849782244061
0.0656837339410607
0.0656818648276598
0.0656793676603511
0.0656762381444340
0.0656724709177590
0.0656680595552010
0.0656629965743405
0.0656572734425528
0.0656508805857121
0.0656438073987664
0.0656360422584959
0.0656275725387842
0.0656183846288040
0.0656084639545765
0.0655977950044079
0.0655863613587893
0.0655741457254262
0.0655611299801441
0.0655472952145215
0.0655326217912222
0.0655170894081202
0.0655006771724703
0.0654833636865538
0.0654651271464482
0.0654459454557726
0.0654257963566169
0.0654046575801388
0.0653825070197917
0.0653593229305804
0.0653350841584424
0.0653097704045665
0.0652833625303701
0.0652558429102458
0.0652271958405581
0.0651974080155353
0.0651664690834039
0.0651343722997952
0.0651011153006104
0.0650667010238306
0.0650311388204341
0.0649944458109389
0.0649566485699171
0.0649177852638353
0.0648779084442611
0.0648370888465020
0.0647954208636434
0.0647530311793359
0.0647100947160283
0.0647089943163152
0.0647519033533721
0.0647942657224611
0.0648359065371520
0.0648766991507891
0.0649165492075293
0.0649553860090596
0.0649931570402025
0.0650298241699792
0.0650653608581524
0.0650997500171804
0.0651329823275242
0.0651650548809631
0.0651959700695603
0.0652257346637669
0.0652543590394884
0.0652818565246473
0.0653082428430286
0.0653335356383860
0.0653577540654826
0.0653809184373731
0.0654030499204939
0.0654241702704050
0.0654443016025049
0.0654634661928527
0.0654816863050504
0.0654989840397542
0.0655153812038543
0.0655308991968431
0.0655455589121674
0.0655593806516972
0.0655723840516765
0.0655845880187087
0.0655960106745408
0.0656066693085409
0.0656165803368925
0.0656257592676730
0.0656342206710441
0.0656419781539079
0.0656490443384298
0.0656554308439357
0.0656611482717037
0.0656662061922800
0.0656706131349596
0.0656743765791307
0.0656775029472395
0.0656799975991405
0.0656818648276599
0.0656831078552212
0.0656837288314112
0.0656837288314115
0.0656831078552212
0.0656818648276597
0.0656799975991405
0.0656775029472395
0.0656743765791309
0.0656706131349596
0.0656662061922798
0.0656611482717037
0.0656554308439357
0.0656490443384298
0.0656419781539078
0.0656342206710441
0.0656257592676725
0.0656165803368925
0.0656066693085409
0.0655960106745409
0.0655845880187087
0.0655723840516765
0.0655593806516971
0.0655455589121673
0.0655308991968431
0.0655153812038545
0.0654989840397542
0.0654816863050507
0.0654634661928527
0.0654443016025049
0.0654241702704051
0.0654030499204939
0.0653809184373731
0.0653577540654827
0.0653335356383860
0.0653082428430286
0.0652818565246473
0.0652543590394885
0.0652257346637669
0.0651959700695605
0.0651650548809629
0.0651329823275242
0.0650997500171803
0.0650653608581521
0.0650298241699792
0.0649931570402025
0.0649553860090596
0.0649165492075293
0.0648766991507889
0.0648359065371519
0.0647942657224611
0.0647519033533721
0.0647089943163152
0.0647075246209214
0.0647503969700925
0.0647927227999805
0.0648343272725821
0.0648750837909629
0.0649148980493090
0.0649536993989949
0.0649914353737011
0.0650280678900740
0.0650635704539344
0.0650979260219570
0.0651311253167367
0.0651631654699123
0.0651940489109852
0.0652237824452903
0.0652523764809947
0.0652798443755989
0.0653062018797674
0.0653314666614457
0.0653556578969277
0.0653787959181990
0.0654009019081116
0.0654219976362161
0.0654421052295857
0.0654612469737743
0.0654794451398358
0.0654967218339708
0.0655130988668680
0.0655285976402244
0.0655432390482574
0.0655570433923355
0.0655700303070776
0.0655822186965041
0.0655936266789701
0.0656042715397877
0.0656141696905625
0.0656233366344122
0.0656317869362749
0.0656395341976974
0.0656465910354643
0.0656529690635970
0.0656586788782521
0.0656637300451131
0.0656681310889540
0.0656718894850585
0.0656750116522386
0.0656775029472398
0.0656793676603511
0.0656806090120616
0.0656812291506543
0.0656812291506543
0.0656806090120615
0.0656793676603511
0.0656775029472398
0.0656750116522386
0.0656718894850586
0.0656681310889540
0.0656637300451131
0.0656586788782521
0.0656529690635970
0.0656465910354643
0.0656395341976974
0.0656317869362747
0.0656233366344122
0.0656141696905626
0.0656042715397876
0.0655936266789701
0.0655822186965043
0.0655700303070778
0.0655570433923354
0.0655432390482574
0.0655285976402242
0.0655130988668679
0.0654967218339708
0.0654794451398359
0.0654612469737743
0.0654421052295858
0.0654219976362161
0.0654009019081116
0.0653787959181990
0.0653556578969278
0.0653314666614458
0.0653062018797674
0.0652798443755989
0.0652523764809947
0.0652237824452903
0.0651940489109852
0.0651631654699123
0.0651311253167367
0.0650979260219569
0.0650635704539344
0.0650280678900740
0.0649914353737011
0.0649536993989949
0.0649148980493090
0.0648750837909628
0.0648343272725823
0.0647927227999806
0.0647503969700926
0.0647075246209213
0.0647056834938000
0.0647485097905743
0.0647907897549612
0.0648323486101384
0.0648730598219651
0.0649128291477742
0.0649515860016340
0.0649892779788372
0.0650258670560591
0.0650613267971485
0.0650956402144479
0.0651287980835681
0.0651607975862655
0.0651916411990667
0.0652213357710975
0.0652498917509765
0.0652773225332529
0.0653036439022159
0.0653288735560273
0.0653530306978329
0.0653761356831821
0.0653982097153075
0.0654192745810775
0.0654393524219731
0.0654584655352055
0.0654766362009016
0.0654938865319521
0.0655102383435377
0.0655257130398506
0.0655403315158043
0.0655541140718703
0.0655670803403773
0.0655792492218571
0.0655906388301694
0.0656012664453103
0.0656111484729342
0.0656203004097273
0.0656287368138931
0.0656364712800808
0.0656435164181645
0.0656498838353702
0.0656555841212886
0.0656606268353876
0.0656650204966673
0.0656687725751650
0.0656718894850586
0.0656743765791308
0.0656762381444340
0.0656774773989912
0.0656780964894259
0.0656780964894259
0.0656774773989912
0.0656762381444339
0.0656743765791308
0.0656718894850586
0.0656687725751650
0.0656650204966673
0.0656606268353876
0.0656555841212886
0.0656498838353702
0.0656435164181645
0.0656364712800808
0.0656287368138931
0.0656203004097269
0.0656111484729342
0.0656012664453104
0.0655906388301693
0.0655792492218569
0.0655670803403772
0.0655541140718703
0.0655403315158043
0.0655257130398506
0.0655102383435376
0.0654938865319522
0.0654766362009016
0.0654584655352054
0.0654393524219731
0.0654192745810775
0.0653982097153075
0.0653761356831821
0.0653530306978327
0.0653288735560274
0.0653036439022158
0.0652773225332529
0.0652498917509765
0.0652213357710975
0.0651916411990669
0.0651607975862655
0.0651287980835683
0.0650956402144479
0.0650613267971484
0.0650258670560592
0.0649892779788373
0.0649515860016340
0.0649128291477743
0.0648730598219650
0.0648323486101385
0.0647907897549612
0.0647485097905743
0.0647056834938000
0.0647034682689755
0.0647462390197388
0.0647884636639245
0.0648299674991028
0.0648706240674195
0.0649103392028968
0.0649490423956908
0.0649866813158339
0.0650232180127756
0.0650586261206621
0.0650928887192290
0.0651259966482115
0.0651579471499365
0.0651887427577068
0.0652183903734589
0.0652469004945327
0.0652742865600448
0.0653005643946653
0.0653257517327806
0.0653498678096614
0.0653729330089787
0.0653949685582136
0.0654159962647697
0.0654360382871288
0.0654551169361652
0.0654732545025552
0.0654904731068510
0.0655067945692424
0.0655222402965261
0.0655368311840608
0.0655505875308453
0.0655635289660710
0.0655756743856990
0.0655870418978209
0.0655976487756964
0.0656075114174824
0.0656166453118263
0.0656250650085349
0.0656327840936919
0.0656398151686034
0.0656461698320860
0.0656518586656295
0.0656568912210339
0.0656612760101842
0.0656650204966674
0.0656681310889542
0.0656706131349596
0.0656724709177589
0.0656737076523502
0.0656743254833137
0.0656743254833136
0.0656737076523501
0.0656724709177589
0.0656706131349596
0.0656681310889543
0.0656650204966673
0.0656612760101842
0.0656568912210340
0.0656518586656297
0.0656461698320860
0.0656398151686031
0.0656327840936919
0.0656250650085349
0.0656166453118264
0.0656075114174824
0.0655976487756966
0.0655870418978208
0.0655756743856990
0.0655635289660712
0.0655505875308453
0.0655368311840607
0.0655222402965261
0.0655067945692424
0.0654904731068511
0.0654732545025554
0.0654551169361651
0.0654360382871288
0.0654159962647697
0.0653949685582134
0.0653729330089785
0.0653498678096614
0.0653257517327806
0.0653005643946654
0.0652742865600448
0.0652469004945327
0.0652183903734589
0.0651887427577068
0.0651579471499362
0.0651259966482115
0.0650928887192287
0.0650586261206621
0.0650232180127756
0.0649866813158339
0.0649490423956908
0.0649103392028968
0.0648706240674195
0.0648299674991028
0.0647884636639245
0.0647462390197386
0.0647034682689755
0.0647008757534135
0.0647435813088793
0.0647857410233614
0.0648271802825633
0.0648677727189577
0.0649074242572965
0.0649460644777072
0.0649836411385318
0.0650201163751527
0.0650554639046559
0.0650896668862146
0.0651227162350871
0.0651546092648488
0.0651853485755191
0.0652149411310033
0.0652433974857325
0.0652707311309518
0.0652969579384847
0.0653220956849202
0.0653461636428647
0.0653691822285739
0.0653911726975296
0.0654121568807350
0.0654321569560988
0.0654511952499882
0.0654692940649045
0.0654864755298201
0.0655027614702437
0.0655181732954652
0.0655327319008113
0.0655464575830199
0.0655593699670733
0.0655714879430672
0.0655828296118498
0.0655934122383153
0.0656032522114009
0.0656123650099115
0.0656207651734276
0.0656284662776333
0.0656354809134669
0.0656418206695886
0.0656474961177188
0.0656525168004225
0.0656568912210340
0.0656606268353874
0.0656637300451130
0.0656662061922800
0.0656680595552011
0.0656692933452446
0.0656699097045496
0.0656699097045496
0.0656692933452444
0.0656680595552010
0.0656662061922800
0.0656637300451130
0.0656606268353874
0.0656568912210340
0.0656525168004225
0.0656474961177188
0.0656418206695886
0.0656354809134669
0.0656284662776333
0.0656207651734277
0.0656123650099116
0.0656032522114009
0.0655934122383153
0.0655828296118498
0.0655714879430672
0.0655593699670731
0.0655464575830199
0.0655327319008110
0.0655181732954652
0.0655027614702437
0.0654864755298201
0.0654692940649045
0.0654511952499882
0.0654321569560988
0.0654121568807350
0.0653911726975295
0.0653691822285739
0.0653461636428647
0.0653220956849202
0.0652969579384848
0.0652707311309518
0.0652433974857325
0.0652149411310033
0.0651853485755192
0.0651546092648489
0.0651227162350871
0.0650896668862146
0.0650554639046557
0.0650201163751524
0.0649836411385318
0.0649460644777071
0.0649074242572966
0.0648677727189576
0.0648271802825633
0.0647857410233614
0.0647435813088793
0.0647008757534135
0.0646979022306162
0.0647405327588491
0.0647826177525057
0.0648239826998204
0.0648645013382522
0.0649040796979396
0.0649426474634319
0.0649801524954937
0.0650165570290764
0.0650518348772848
0.0650859692911690
0.0651189512732248
0.0651507782192390
0.0651814528060930
0.0652109820689848
0.0652393766279082
0.0652666500338586
0.0652928182125870
0.0653178989888259
0.0653419116776415
0.0653648767322266
0.0653868154396588
0.0654077496574311
0.0654277015851063
0.0654466935661487
0.0654647479159159
0.0654818867723252
0.0654981319662455
0.0655135049090904
0.0655280264954174
0.0655417170186461
0.0655545960982271
0.0655666826168469
0.0655779946663770
0.0655885495014919
0.0655983634999512
0.0656074521287068
0.0656158299150833
0.0656235104223409
0.0656305062290709
0.0656368289118706
0.0656424890308730
0.0656474961177186
0.0656518586656295
0.0656555841212887
0.0656586788782522
0.0656611482717037
0.0656629965743403
0.0656642269932608
0.0656648416677280
0.0656648416677282
0.0656642269932608
0.0656629965743403
0.0656611482717038
0.0656586788782521
0.0656555841212887
0.0656518586656295
0.0656474961177186
0.0656424890308730
0.0656368289118706
0.0656305062290710
0.0656235104223409
0.0656158299150833
0.0656074521287069
0.0655983634999511
0.0655885495014919
0.0655779946663770
0.0655666826168469
0.0655545960982271
0.0655417170186462
0.0655280264954175
0.0655135049090904
0.0654981319662455
0.0654818867723252
0.0654647479159159
0.0654466935661487
0.0654277015851063
0.0654077496574311
0.0653868154396587
0.0653648767322266
0.0653419116776415
0.0653178989888260
0.0652928182125870
0.0652666500338586
0.0652393766279083
0.0652109820689848
0.0651814528060930
0.0651507782192391
0.0651189512732248
0.0650859692911691
0.0650518348772848
0.0650165570290764
0.0649801524954937
0.0649426474634316
0.0649040796979396
0.0648645013382522
0.0648239826998204
0.0647826177525057
0.0647405327588491
0.0646979022306162
0.0646945434650270
0.0647370889239860
0.0647790891967957
0.0648203698893808
0.0648608048595912
0.0649003002583159
0.0649387858896464
0.0649762097314978
0.0650125341326033
0.0650477330156721
0.0650817897365069
0.0651146953969427
0.0651464474862417
0.0651770487685480
0.0652065063598485
0.0652348309542836
0.0652620361702806
0.0652881379942834
0.0653131543050554
0.0653371044651525
0.0653600089689014
0.0653818891383889
0.0654027668602801
0.0654226643577664
0.0654416039927554
0.0654596080942178
0.0654766988092341
0.0654928979737805
0.0655082270007168
0.0655227067827894
0.0655363576087342
0.0655491990908483
0.0655612501025634
0.0655725287247707
0.0655830521997885
0.0655928368919837
0.0656018982541998
0.0656102507992364
0.0656179080756966
0.0656248826476403
0.0656311860775094
0.0656368289118707
0.0656418206695886
0.0656461698320859
0.0656498838353703
0.0656529690635970
0.0656554308439353
0.0656572734425526
0.0656585000615830
0.0656591128369456
0.0656591128369456
0.0656585000615830
0.0656572734425525
0.0656554308439356
0.0656529690635970
0.0656498838353702
0.0656461698320859
0.0656418206695886
0.0656368289118706
0.0656311860775095
0.0656248826476405
0.0656179080756966
0.0656102507992364
0.0656018982541998
0.0655928368919837
0.0655830521997885
0.0655725287247707
0.0655612501025635
0.0655491990908482
0.0655363576087343
0.0655227067827894
0.0655082270007168
0.0654928979737806
0.0654766988092342
0.0654596080942178
0.0654416039927554
0.0654226643577665
0.0654027668602801
0.0653818891383889
0.0653600089689014
0.0653371044651525
0.0653131543050554
0.0652881379942832
0.0652620361702806
0.0652348309542836
0.0652065063598483
0.0651770487685478
0.0651464474862417
0.0651146953969427
0.0650817897365067
0.0650477330156721
0.0650125341326033
0.0649762097314977
0.0649387858896464
0.0649003002583159
0.0648608048595912
0.0648203698893807
0.0647790891967958
0.0647370889239860
0.0646945434650270
0.0646907947073491
0.0647332448168716
0.0647751501320937
0.0648163363926663
0.0648566775930959
0.0648960800211996
0.0649344736165107
0.0649718064895360
0.0650080411176528
0.0650431515473388
0.0650771212525323
0.0651099414469396
0.0651416097249118
0.0651721289485222
0.0652015063242400
0.0652297526290664
0.0652568815565757
0.0652829091606694
0.0653078533799471
0.0653317336293448
0.0653545704483690
0.0653763851972914
0.0653971997943694
0.0654170364881243
0.0654359176599369
0.0654538656528181
0.0654709026228903
0.0654870504106340
0.0655023304293264
0.0655167635684947
0.0655303701104874
0.0655431696584720
0.0655551810744522
0.0655664224260043
0.0655769109406488
0.0655866629668447
0.0655956939407898
0.0656040183582285
0.0656116497506245
0.0656186006651017
0.0656248826476404
0.0656305062290710
0.0656354809134670
0.0656398151686030
0.0656435164181645
0.0656465910354643
0.0656490443384298
0.0656508805857121
0.0656521029737258
0.0656527136345493
0.0656527136345494
0.0656521029737258
0.0656508805857121
0.0656490443384298
0.0656465910354642
0.0656435164181645
0.0656398151686030
0.0656354809134670
0.0656305062290710
0.0656248826476404
0.0656186006651017
0.0656116497506246
0.0656040183582285
0.0655956939407898
0.0655866629668447
0.0655769109406488
0.0655664224260041
0.0655551810744521
0.0655431696584720
0.0655303701104874
0.0655167635684947
0.0655023304293261
0.0654870504106340
0.0654709026228903
0.0654538656528181
0.0654359176599369
0.0654170364881243
0.0653971997943694
0.0653763851972913
0.0653545704483690
0.0653317336293448
0.0653078533799471
0.0652829091606693
0.0652568815565759
0.0652297526290664
0.0652015063242402
0.0651721289485222
0.0651416097249117
0.0651099414469396
0.0650771212525323
0.0650431515473388
0.0650080411176528
0.0649718064895359
0.0649344736165107
0.0648960800211997
0.0648566775930959
0.0648163363926664
0.0647751501320937
0.0647332448168715
0.0646907947073491
0.0646866507008972
0.0647289949140633
0.0647707947698036
0.0648118761585462
0.0648521132286958
0.0648914124221229
0.0649297038305784
0.0649669357134207
0.0650030706922675
0.0650380829521935
0.0650719560992248
0.0651046814719395
0.0651362567817872
0.0651666849997320
0.0651959734326264
0.0652241329491618
0.0652511773258325
0.0652771226907171
0.0653019870479624
0.0653257898696267
0.0653485517441810
0.0653702940730367
0.0653910388081506
0.0654108082247373
0.0654296247243181
0.0654475106639907
0.0654644882084076
0.0654805792015434
0.0654958050556521
0.0655101866552462
0.0655237442741659
0.0655364975040928
0.0655484651930450
0.0655596653925851
0.0655701153126370
0.0655798312829114
0.0655888287201046
0.0655971221000845
0.0656047249344149
0.0656116497506245
0.0656179080756968
0.0656235104223409
0.0656284662776332
0.0656327840936919
0.0656364712800806
0.0656395341976974
0.0656419781539078
0.0656438073987662
0.0656450251221627
0.0656456334517801
0.0656456334517801
0.0656450251221629
0.0656438073987664
0.0656419781539078
0.0656395341976976
0.0656364712800808
0.0656327840936920
0.0656284662776332
0.0656235104223409
0.0656179080756968
0.0656116497506247
0.0656047249344149
0.0655971221000845
0.0655888287201046
0.0655798312829114
0.0655701153126368
0.0655596653925851
0.0655484651930450
0.0655364975040927
0.0655237442741659
0.0655101866552463
0.0654958050556521
0.0654805792015433
0.0654644882084076
0.0654475106639907
0.0654296247243182
0.0654108082247373
0.0653910388081504
0.0653702940730368
0.0653485517441810
0.0653257898696267
0.0653019870479624
0.0652771226907171
0.0652511773258325
0.0652241329491617
0.0651959734326264
0.0651666849997320
0.0651362567817872
0.0651046814719395
0.0650719560992248
0.0650380829521935
0.0650030706922675
0.0649669357134205
0.0649297038305784
0.0648914124221229
0.0648521132286958
0.0648118761585464
0.0647707947698036
0.0647289949140633
0.0646866507008972
0.0646821056891211
0.0647243331629153
0.0647660167630098
0.0648069825488179
0.0648471048410059
0.0648862902536866
0.0649244690486075
0.0649615896511584
0.0649976148436314
0.0650325189652582
0.0650662857687367
0.0650989067310567
0.0651303796931927
0.0651607077462842
0.0651898983076844
0.0652179623467259
0.0652449137306214
0.0652707686682926
0.0652955452350155
0.0653192629645012
0.0653419424977335
0.0653636052798798
0.0653842732983603
0.0654039688560476
0.0654227143748606
0.0654405322255860
0.0654574445804433
0.0654734732854342
0.0654886397498926
0.0655029648510479
0.0655164688516750
0.0655291713291669
0.0655410911145714
0.0655522462403299
0.0655626538955829
0.0655723303880782
0.0655812911118056
0.0655895505196069
0.0655971221000843
0.0656040183582285
0.0656102507992365
0.0656158299150834
0.0656207651734278
0.0656250650085351
0.0656287368138930
0.0656317869362749
0.0656342206710439
0.0656360422584959
0.0656372548811116
0.0656378606615892
0.0656378606615892
0.0656372548811115
0.0656360422584958
0.0656342206710441
0.0656317869362747
0.0656287368138930
0.0656250650085351
0.0656207651734278
0.0656158299150834
0.0656102507992365
0.0656040183582284
0.0655971221000848
0.0655895505196066
0.0655812911118056
0.0655723303880782
0.0655626538955829
0.0655522462403299
0.0655410911145714
0.0655291713291668
0.0655164688516751
0.0655029648510479
0.0654886397498926
0.0654734732854342
0.0654574445804434
0.0654405322255862
0.0654227143748606
0.0654039688560474
0.0653842732983602
0.0653636052798797
0.0653419424977337
0.0653192629645013
0.0652955452350155
0.0652707686682926
0.0652449137306212
0.0652179623467259
0.0651898983076844
0.0651607077462842
0.0651303796931926
0.0650989067310567
0.0650662857687367
0.0650325189652582
0.0649976148436314
0.0649615896511588
0.0649244690486074
0.0648862902536866
0.0648471048410059
0.0648069825488180
0.0647660167630097
0.0647243331629153
0.0646821056891211
0.0646771534244685
0.0647192529896597
0.0647608092138048
0.0648016483448161
0.0648416448952571
0.0648807056708776
0.0649187611223278
0.0649557598592489
0.0649916648419730
0.0650264505802670
0.0650601009887920
0.0650926076970641
0.0651239686884724
0.0651541871859544
0.0651832707277041
0.0652112303927603
0.0652380801468591
0.0652638362863499
0.0652885169630420
0.0653121417765901
0.0653347314237173
0.0653563073956006
0.0653768917164658
0.0653965067173604
0.0654151748403710
0.0654329184690789
0.0654497597817913
0.0654657206245463
0.0654808224013411
0.0654950859793459
0.0655085316071999
0.0655211788447141
0.0655330465025129
0.0655441525903476
0.0655545142729608
0.0655641478325089
0.0655730686366892
0.0655812911118056
0.0655888287201047
0.0655956939407897
0.0656018982541999
0.0656074521287066
0.0656123650099116
0.0656166453118264
0.0656203004097273
0.0656233366344121
0.0656257592676728
0.0656275725387841
0.0656287796218616
0.0656293826339833
0.0656293826339833
0.0656287796218618
0.0656275725387841
0.0656257592676725
0.0656233366344121
0.0656203004097272
0.0656166453118265
0.0656123650099116
0.0656074521287067
0.0656018982541998
0.0655956939407897
0.0655888287201046
0.0655812911118056
0.0655730686366890
0.0655641478325089
0.0655545142729610
0.0655441525903478
0.0655330465025129
0.0655211788447140
0.0655085316071999
0.0654950859793460
0.0654808224013411
0.0654657206245463
0.0654497597817913
0.0654329184690791
0.0654151748403710
0.0653965067173602
0.0653768917164658
0.0653563073956006
0.0653347314237175
0.0653121417765901
0.0652885169630420
0.0652638362863499
0.0652380801468591
0.0652112303927605
0.0651832707277042
0.0651541871859543
0.0651239686884724
0.0650926076970641
0.0650601009887920
0.0650264505802670
0.0649916648419731
0.0649557598592489
0.0649187611223276
0.0648807056708778
0.0648416448952571
0.0648016483448158
0.0647608092138046
0.0647192529896595
0.0646771534244685
0.0646717871787710
0.0647137473089404
0.0647551646819867
0.0647958657553203
0.0648357252544662
0.0648746501975704
0.0649125712443590
0.0649494372081023
0.0649852112455762
0.0650198680543735
0.0650533917271807
0.0650857740607884
0.0651170131943810
0.0651471124946666
0.0651760796312472
0.0652039258020294
0.0652306650790600
0.0652563138525755
0.0652808903561051
0.0653044142592284
0.0653269063172657
0.0653483880692233
0.0653688815769823
0.0653884091997661
0.0654069933990443
0.0654246565697279
0.0654414208941425
0.0654573082157982
0.0654723399303477
0.0654865368915480
0.0654999193302748
0.0655125067849188
0.0655243180416991
0.0655353710836129
0.0655456830469070
0.0655552701840734
0.0655641478325088
0.0655723303880782
0.0655798312829113
0.0655866629668447
0.0655928368919837
0.0655983634999512
0.0656032522114010
0.0656075114174824
0.0656111484729342
0.0656141696905626
0.0656165803368925
0.0656183846288041
0.0656195857310153
0.0656201857542898
0.0656201857542898
0.0656195857310155
0.0656183846288040
0.0656165803368925
0.0656141696905624
0.0656111484729342
0.0656075114174824
0.0656032522114010
0.0655983634999512
0.0655928368919837
0.0655866629668447
0.0655798312829114
0.0655723303880782
0.0655641478325088
0.0655552701840734
0.0655456830469069
0.0655353710836129
0.0655243180416991
0.0655125067849188
0.0654999193302748
0.0654865368915479
0.0654723399303477
0.0654573082157982
0.0654414208941425
0.0654246565697279
0.0654069933990443
0.0653884091997661
0.0653688815769823
0.0653483880692233
0.0653269063172659
0.0653044142592284
0.0652808903561052
0.0652563138525755
0.0652306650790599
0.0652039258020294
0.0651760796312472
0.0651471124946666
0.0651170131943810
0.0650857740607884
0.0650533917271805
0.0650198680543733
0.0649852112455763
0.0649494372081023
0.0649125712443589
0.0648746501975708
0.0648357252544662
0.0647958657553203
0.0647551646819867
0.0647137473089405
0.0646717871787709
0.0646659997553648
0.0647078085349938
0.0647490751953380
0.0647896264259710
0.0648293371880623
0.0648681147344346
0.0649058899554858
0.0649426118887910
0.0649782439071264
0.0650127609141987
0.0650461471976244
0.0650783947369016
0.0651095018409070
0.0651394720324644
0.0651683131233641
0.0651960364396122
0.0652226561673023
0.0652481887968401
0.0652726526483857
0.0652960674650583
0.0653184540631887
0.0653398340309055
0.0653602294680554
0.0653796627614201
0.0653981563904412
0.0654157327592468
0.0654324140514658
0.0654482221048380
0.0654631783030232
0.0654773034823725
0.0654906178517422
0.0655031409236685
0.0655148914554010
0.0655258873985735
0.0655361458563216
0.0655456830469070
0.0655545142729607
0.0655626538955826
0.0655701153126370
0.0655769109406489
0.0655830521997885
0.0655885495014919
0.0655934122383152
0.0655976487756966
0.0656012664453103
0.0656042715397877
0.0656066693085409
0.0656084639545766
0.0656096586320953
0.0656102554447975
0.0656102554447975
0.0656096586320952
0.0656084639545765
0.0656066693085409
0.0656042715397877
0.0656012664453103
0.0655976487756966
0.0655934122383155
0.0655885495014919
0.0655830521997884
0.0655769109406489
0.0655701153126370
0.0655626538955829
0.0655545142729607
0.0655456830469069
0.0655361458563216
0.0655258873985735
0.0655148914554011
0.0655031409236685
0.0654906178517422
0.0654773034823726
0.0654631783030234
0.0654482221048380
0.0654324140514657
0.0654157327592468
0.0653981563904412
0.0653796627614203
0.0653602294680554
0.0653398340309055
0.0653184540631887
0.0652960674650581
0.0652726526483857
0.0652481887968403
0.0652226561673022
0.0651960364396121
0.0651683131233642
0.0651394720324642
0.0651095018409070
0.0650783947369016
0.0650461471976242
0.0650127609141989
0.0649782439071265
0.0649426118887910
0.0649058899554858
0.0648681147344348
0.0648293371880623
0.0647896264259710
0.0647490751953381
0.0647078085349938
0.0646659997553648
0.0646597835031985
0.0647014285947406
0.0647425322617250
0.0647829214504401
0.0648224713821909
0.0648610895684806
0.0648987071535576
0.0649352734214085
0.0649707519816437
0.0650051179634743
0.0650383558672657
0.0650704578713833
0.0651014224688452
0.0651312533512997
0.0651599584837024
0.0651875493294380
0.0652140401962742
0.0652394476808380
0.0652637901944802
0.0652870875570252
0.0653093606476888
0.0653306311044557
0.0653509210647526
0.0653702529416355
0.0653886492303889
0.0654061323415074
0.0654227244564667
0.0654384474032711
0.0654533225492055
0.0654673707085144
0.0654806120631008
0.0654930660945396
0.0655047515259311
0.0655156862723263
0.0655258873985735
0.0655353710836131
0.0655441525903478
0.0655522462403299
0.0655596653925851
0.0655664224260041
0.0655725287247705
0.0655779946663772
0.0655828296118499
0.0655870418978208
0.0655906388301693
0.0655936266789700
0.0655960106745408
0.0655977950044080
0.0655989828110461
0.0655995761902830
0.0655995761902829
0.0655989828110459
0.0655977950044080
0.0655960106745409
0.0655936266789701
0.0655906388301694
0.0655870418978209
0.0655828296118499
0.0655779946663772
0.0655725287247708
0.0655664224260041
0.0655596653925851
0.0655522462403300
0.0655441525903478
0.0655353710836129
0.0655258873985734
0.0655156862723263
0.0655047515259311
0.0654930660945396
0.0654806120631009
0.0654673707085144
0.0654533225492055
0.0654384474032709
0.0654227244564666
0.0654061323415074
0.0653886492303889
0.0653702529416355
0.0653509210647526
0.0653306311044557
0.0653093606476888
0.0652870875570253
0.0652637901944806
0.0652394476808379
0.0652140401962742
0.0651875493294380
0.0651599584837024
0.0651312533512995
0.0651014224688452
0.0650704578713831
0.0650383558672657
0.0650051179634743
0.0649707519816437
0.0649352734214085
0.0648987071535576
0.0648610895684806
0.0648224713821909
0.0647829214504402
0.0647425322617250
0.0647014285947406
0.0646597835031985
0.0646531303331873
0.0646945989430357
0.0647355268832873
0.0647757413836208
0.0648151179520067
0.0648535643845357
0.0648910121042668
0.0649274106652996
0.0649627239363176
0.0649969272926243
0.0650300054661383
0.0650619508510328
0.0650927621394762
0.0651224432050177
0.0651510021769260
0.0651784506652380
0.0652048031068547
0.0652300762103726
0.0652542884824551
0.0652774598222653
0.0652996111731607
0.0653207642229715
0.0653409411456243
0.0653601643783526
0.0653784564293457
0.0653958397117907
0.0654123364007254
0.0654279683096370
0.0654427567842518
0.0654567226112283
0.0654698859398225
0.0654822662148314
0.0654938821193314
0.0655047515259310
0.0655148914554012
0.0655243180416991
0.0655330465025128
0.0655410911145714
0.0655484651930451
0.0655551810744522
0.0655612501025634
0.0655666826168471
0.0655714879430672
0.0655756743856993
0.0655792492218569
0.0655822186965043
0.0655845880187087
0.0655863613587893
0.0655875418461945
0.0655881315680099
0.0655881315680099
0.0655875418461943
0.0655863613587894
0.0655845880187085
0.0655822186965043
0.0655792492218569
0.0655756743856991
0.0655714879430676
0.0655666826168470
0.0655612501025634
0.0655551810744522
0.0655484651930450
0.0655410911145714
0.0655330465025129
0.0655243180416991
0.0655148914554012
0.0655047515259310
0.0654938821193314
0.0654822662148314
0.0654698859398224
0.0654567226112282
0.0654427567842521
0.0654279683096369
0.0654123364007254
0.0653958397117909
0.0653784564293456
0.0653601643783526
0.0653409411456243
0.0653207642229715
0.0652996111731608
0.0652774598222652
0.0652542884824553
0.0652300762103724
0.0652048031068548
0.0651784506652380
0.0651510021769260
0.0651224432050177
0.0650927621394762
0.0650619508510328
0.0650300054661383
0.0649969272926242
0.0649627239363176
0.0649274106652996
0.0648910121042667
0.0648535643845357
0.0648151179520067
0.0647757413836208
0.0647355268832873
0.0646945989430357
0.0646531303331873
0.0646460317371561
0.0646873105804185
0.0647280495730431
0.0647680762571590
0.0648072664562157
0.0648455282789567
0.0648827934541635
0.0649190118315296
0.0649541475625858
0.0649881762906224
0.0650210829989856
0.0650528603154003
0.0650835071467794
0.0651130275619882
0.0651414298658925
0.0651687258243877
0.0651949300107288
0.0652200592508181
0.0652441321502309
0.0652671686894464
0.0652891898764859
0.0653102174482168
0.0653302736131057
0.0653493808295769
0.0653675616148631
0.0653848383802539
0.0654012332891366
0.0654167681347925
0.0654314642353239
0.0654453423434656
0.0654584225693168
0.0654707243142927
0.0654822662148313
0.0654930660945396
0.0655031409236685
0.0655125067849188
0.0655211788447140
0.0655291713291669
0.0655364975040926
0.0655431696584720
0.0655491990908481
0.0655545960982270
0.0655593699670731
0.0655635289660711
0.0655670803403772
0.0655700303070776
0.0655723840516763
0.0655741457254264
0.0655753184433480
0.0655759042828501
0.0655759042828503
0.0655753184433479
0.0655741457254262
0.0655723840516766
0.0655700303070776
0.0655670803403772
0.0655635289660711
0.0655593699670731
0.0655545960982271
0.0655491990908481
0.0655431696584719
0.0655364975040926
0.0655291713291669
0.0655211788447141
0.0655125067849188
0.0655031409236685
0.0654930660945396
0.0654822662148314
0.0654707243142927
0.0654584225693168
0.0654453423434656
0.0654314642353239
0.0654167681347926
0.0654012332891365
0.0653848383802539
0.0653675616148631
0.0653493808295769
0.0653302736131057
0.0653102174482167
0.0652891898764859
0.0652671686894464
0.0652441321502309
0.0652200592508182
0.0651949300107286
0.0651687258243877
0.0651414298658925
0.0651130275619882
0.0650835071467794
0.0650528603154003
0.0650210829989858
0.0649881762906224
0.0649541475625855
0.0649190118315296
0.0648827934541635
0.0648455282789569
0.0648072664562157
0.0647680762571590
0.0647280495730433
0.0646873105804185
0.0646460317371561
0.0646384788097076
0.0646795540736997
0.0647200903742490
0.0647599155976758
0.0647989059142920
0.0648369697759495
0.0648740392462678
0.0649100644979571
0.0649450099908672
0.0649788516595830
0.0650115747598770
0.0650431721716334
0.0650736430326664
0.0651029916208996
0.0651312264281482
0.0651583593852258
0.0651844052086198
0.0652093808463757
0.0652333050059137
0.0652561977502392
0.0652780801516850
0.0652989739944217
0.0653189015184969
0.0653378851995257
0.0653559475588886
0.0653731110003413
0.0653893976694004
0.0654048293324414
0.0654194272729098
0.0654332122023458
0.0654462041842849
0.0654584225693168
0.0654698859398224
0.0654806120631006
0.0654906178517422
0.0654999193302748
0.0655085316071999
0.0655164688516750
0.0655237442741657
0.0655303701104873
0.0655363576087345
0.0655417170186462
0.0655464575830199
0.0655505875308453
0.0655541140718703
0.0655570433923354
0.0655593806516973
0.0655611299801440
0.0655622944767693
0.0655628762083026
0.0655628762083026
0.0655622944767692
0.0655611299801440
0.0655593806516973
0.0655570433923355
0.0655541140718704
0.0655505875308453
0.0655464575830199
0.0655417170186462
0.0655363576087342
0.0655303701104874
0.0655237442741659
0.0655164688516750
0.0655085316071997
0.0654999193302747
0.0654906178517422
0.0654806120631006
0.0654698859398226
0.0654584225693168
0.0654462041842849
0.0654332122023458
0.0654194272729098
0.0654048293324414
0.0653893976694004
0.0653731110003414
0.0653559475588886
0.0653378851995257
0.0653189015184969
0.0652989739944213
0.0652780801516851
0.0652561977502390
0.0652333050059137
0.0652093808463755
0.0651844052086198
0.0651583593852258
0.0651312264281482
0.0651029916208994
0.0650736430326664
0.0650431721716333
0.0650115747598770
0.0649788516595829
0.0649450099908673
0.0649100644979571
0.0648740392462678
0.0648369697759495
0.0647989059142921
0.0647599155976755
0.0647200903742489
0.0646795540736997
0.0646384788097076
0.0646304622734323
0.0646713195798005
0.0647116388829237
0.0647512484480842
0.0647900248267151
0.0648278768469192
0.0648647369386994
0.0649005556273648
0.0649352977084046
0.0649689394325309
0.0650014663501419
0.0650328716127540
0.0650631546058178
0.0650923198303092
0.0651203759763494
0.0651473351484845
0.0651732122128520
0.0651980242438245
0.0652217900528138
0.0652445297856426
0.0652662645775847
0.0652870162572886
0.0653068070923189
0.0653256595702979
0.0653435962107091
0.0653606394029904
0.0653768112674203
0.0653921335356796
0.0654066274484557
0.0654203136678094
0.0654332122023458
0.0654453423434654
0.0654567226112283
0.0654673707085145
0.0654773034823725
0.0654865368915480
0.0654950859793459
0.0655029648510481
0.0655101866552463
0.0655167635684948
0.0655227067827895
0.0655280264954173
0.0655327319008111
0.0655368311840607
0.0655403315158043
0.0655432390482573
0.0655455589121673
0.0655472952145216
0.0655484510368832
0.0655490284342321
0.0655490284342321
0.0655484510368832
0.0655472952145216
0.0655455589121673
0.0655432390482574
0.0655403315158043
0.0655368311840607
0.0655327319008110
0.0655280264954173
0.0655227067827895
0.0655167635684948
0.0655101866552463
0.0655029648510479
0.0654950859793459
0.0654865368915479
0.0654773034823725
0.0654673707085145
0.0654567226112283
0.0654453423434656
0.0654332122023458
0.0654203136678094
0.0654066274484557
0.0653921335356796
0.0653768112674204
0.0653606394029904
0.0653435962107091
0.0653256595702979
0.0653068070923189
0.0652870162572886
0.0652662645775846
0.0652445297856426
0.0652217900528140
0.0651980242438245
0.0651732122128520
0.0651473351484845
0.0651203759763494
0.0650923198303090
0.0650631546058178
0.0650328716127540
0.0650014663501419
0.0649689394325311
0.0649352977084046
0.0649005556273647
0.0648647369386994
0.0648278768469192
0.0647900248267151
0.0647512484480843
0.0647116388829236
0.0646713195798004
0.0646304622734322
0.0646219725079333
0.0646625968733003
0.0647026842740102
0.0647420633924746
0.0647806111987485
0.0648182369333226
0.0648548734268433
0.0648904715891703
0.0649249965807693
0.0649584249949530
0.0649907427002026
0.0650219431400302
0.0650520259647725
0.0650809959126618
0.0651088618833738
0.0651356361636234
0.0651613337750087
0.0651859719216182
0.0652095695200333
0.0652321467980855
0.0652537249514495
0.0652743258491818
0.0652939717809758
0.0653126852400213
0.0653304887365389
0.0653474046375810
0.0653634550295803
0.0653786616005228
0.0653930455390814
0.0654066274484558
0.0654194272729096
0.0654314642353238
0.0654427567842521
0.0654533225492056
0.0654631783030231
0.0654723399303477
0.0654808224013410
0.0654886397498926
0.0654958050556519
0.0655023304293264
0.0655082270007169
0.0655135049090904
0.0655181732954653
0.0655222402965265
0.0655257130398506
0.0655285976402244
0.0655308991968431
0.0655326217912221
0.0655337684856828
0.0655343413223142
0.0655343413223143
0.0655337684856828
0.0655326217912221
0.0655308991968427
0.0655285976402244
0.0655257130398506
0.0655222402965261
0.0655181732954652
0.0655135049090903
0.0655082270007170
0.0655023304293263
0.0654958050556519
0.0654886397498926
0.0654808224013410
0.0654723399303478
0.0654631783030231
0.0654533225492055
0.0654427567842518
0.0654314642353239
0.0654194272729098
0.0654066274484558
0.0653930455390814
0.0653786616005226
0.0653634550295804
0.0653474046375810
0.0653304887365388
0.0653126852400213
0.0652939717809757
0.0652743258491818
0.0652537249514495
0.0652321467980853
0.0652095695200334
0.0651859719216181
0.0651613337750087
0.0651356361636233
0.0651088618833738
0.0650809959126619
0.0650520259647725
0.0650219431400301
0.0649907427002027
0.0649584249949529
0.0649249965807693
0.0648904715891702
0.0648548734268433
0.0648182369333226
0.0647806111987483
0.0647420633924746
0.0647026842740102
0.0646625968733003
0.0646219725079331
0.0646129995831794
0.0646533753782344
0.0646932153316828
0.0647323485850898
0.0647706525682648
0.0648080369735841
0.0648444350696017
0.0648797981853013
0.0649140918776473
0.0649472931107808
0.0649793880960276
0.0650103705901373
0.0650402405260653
0.0650690028935954
0.0650966668129622
0.0651232447609586
0.0651487519196683
0.0651732056252848
0.0651966248995750
0.0652190300503000
0.0652404423296033
0.0652608836414533
0.0652803762908267
0.0652989427685756
0.0653166055668307
0.0653333870207823
0.0653493091730359
0.0653643936575633
0.0653786616005227
0.0653921335356795
0.0654048293324412
0.0654167681347927
0.0654279683096371
0.0654384474032709
0.0654482221048381
0.0654573082157983
0.0654657206245463
0.0654734732854340
0.0654805792015434
0.0654870504106340
0.0654928979737805
0.0654981319662455
0.0655027614702437
0.0655067945692423
0.0655102383435377
0.0655130988668679
0.0655153812038544
0.0655170894081201
0.0655182265209303
0.0655187945702708
0.0655187945702708
0.0655182265209302
0.0655170894081202
0.0655153812038543
0.0655130988668681
0.0655102383435378
0.0655067945692425
0.0655027614702437
0.0654981319662455
0.0654928979737805
0.0654870504106340
0.0654805792015434
0.0654734732854340
0.0654657206245463
0.0654573082157983
0.0654482221048381
0.0654384474032710
0.0654279683096370
0.0654167681347926
0.0654048293324415
0.0653921335356796
0.0653786616005227
0.0653643936575632
0.0653493091730357
0.0653333870207823
0.0653166055668307
0.0652989427685756
0.0652803762908267
0.0652608836414533
0.0652404423296030
0.0652190300503000
0.0651966248995748
0.0651732056252845
0.0651487519196683
0.0651232447609586
0.0650966668129622
0.0650690028935954
0.0650402405260650
0.0650103705901373
0.0649793880960275
0.0649472931107808
0.0649140918776473
0.0648797981853013
0.0648444350696017
0.0648080369735841
0.0647706525682648
0.0647323485850900
0.0646932153316828
0.0646533753782344
0.0646129995831794
0.0646035332978178
0.0646436442047287
0.0646832204844241
0.0647220917839970
0.0647601360382542
0.0647972634347025
0.0648334077204111
0.0648685206809388
0.0649025683036429
0.0649355279535725
0.0649673862110100
0.0649981371680324
0.0650277810583242
0.0650563231374880
0.0650837727569121
0.0651101425906424
0.0651354479852688
0.0651597064102607
0.0651829369912011
0.0652051601121831
0.0652263970763008
0.0652466698152914
0.0652660006409376
0.0652844120321531
0.0653019264526066
0.0653185661945491
0.0653343532452877
0.0653493091730356
0.0653634550295806
0.0653768112674202
0.0653893976694006
0.0654012332891363
0.0654123364007256
0.0654227244564665
0.0654324140514657
0.0654414208941425
0.0654497597817911
0.0654574445804432
0.0654644882084074
0.0654709026228902
0.0654766988092343
0.0654818867723251
0.0654864755298203
0.0654904731068509
0.0654938865319521
0.0654967218339707
0.0654989840397542
0.0655006771724703
0.0655018042504056
0.0655023672861632
0.0655023672861632
0.0655018042504056
0.0655006771724703
0.0654989840397545
0.0654967218339707
0.0654938865319521
0.0654904731068510
0.0654864755298203
0.0654818867723253
0.0654766988092343
0.0654709026228902
0.0654644882084076
0.0654574445804434
0.0654497597817914
0.0654414208941425
0.0654324140514657
0.0654227244564666
0.0654123364007253
0.0654012332891364
0.0653893976694006
0.0653768112674204
0.0653634550295803
0.0653493091730358
0.0653343532452876
0.0653185661945491
0.0653019264526065
0.0652844120321531
0.0652660006409376
0.0652466698152915
0.0652263970763008
0.0652051601121833
0.0651829369912012
0.0651597064102607
0.0651354479852689
0.0651101425906424
0.0650837727569121
0.0650563231374880
0.0650277810583242
0.0649981371680324
0.0649673862110103
0.0649355279535725
0.0649025683036429
0.0648685206809388
0.0648334077204110
0.0647972634347027
0.0647601360382542
0.0647220917839972
0.0646832204844241
0.0646436442047287
0.0646035332978178
0.0645935632231193
0.0646333921911728
0.0646726878455500
0.0647112803901808
0.0647490483147250
0.0647859023492908
0.0648217767637796
0.0648566238409255
0.0648904100349380
0.0649231131438062
0.0649547201442282
0.0649852254865075
0.0650146297234076
0.0650429383904049
0.0650701610800183
0.0650963106697363
0.0651214026734208
0.0651454546934992
0.0651684859563479
0.0651905169170231
0.0652115689222187
0.0652316639224244
0.0652508242258830
0.0652690722881691
0.0652864305322731
0.0653029211947696
0.0653185661945489
0.0653333870207822
0.0653474046375810
0.0653606394029904
0.0653731110003413
0.0653848383802540
0.0653958397117909
0.0654061323415074
0.0654157327592467
0.0654246565697279
0.0654329184690792
0.0654405322255861
0.0654475106639909
0.0654538656528181
0.0654596080942178
0.0654647479159160
0.0654692940649046
0.0654732545025554
0.0654766362009016
0.0654794451398357
0.0654816863050506
0.0654833636865537
0.0654844802776322
0.0654850380741533
0.0654850380741533
0.0654844802776322
0.0654833636865537
0.0654816863050506
0.0654794451398357
0.0654766362009016
0.0654732545025554
0.0654692940649046
0.0654647479159159
0.0654596080942178
0.0654538656528181
0.0654475106639909
0.0654405322255862
0.0654329184690789
0.0654246565697279
0.0654157327592467
0.0654061323415074
0.0653958397117909
0.0653848383802539
0.0653731110003414
0.0653606394029904
0.0653474046375810
0.0653333870207822
0.0653185661945491
0.0653029211947697
0.0652864305322731
0.0652690722881691
0.0652508242258830
0.0652316639224244
0.0652115689222187
0.0651905169170231
0.0651684859563479
0.0651454546934992
0.0651214026734208
0.0650963106697365
0.0650701610800182
0.0650429383904048
0.0650146297234076
0.0649852254865076
0.0649547201442283
0.0649231131438062
0.0648904100349380
0.0648566238409255
0.0648217767637796
0.0647859023492908
0.0647490483147250
0.0647112803901808
0.0646726878455500
0.0646333921911728
0.0645935632231196
0.0645830787533735
0.0646226079527303
0.0646616052599901
0.0646999014928217
0.0647373757508322
0.0647739393589142
0.0648095271582488
0.0648440919728035
0.0648776007628411
0.0649100317933584
0.0649413724662794
0.0649716176136598
0.0650007681258489
0.0650288298317697
0.0650558125741493
0.0650817294388440
0.0651065961081735
0.0651304303154068
0.0651532513827320
0.0651750798287409
0.0651959370342564
0.0652158449573951
0.0652348258904143
0.0652529022521128
0.0652700964106312
0.0652864305322730
0.0653019264526066
0.0653166055668308
0.0653304887365390
0.0653435962107091
0.0653559475588884
0.0653675616148632
0.0653784564293457
0.0653886492303889
0.0653981563904412
0.0654069933990443
0.0654151748403710
0.0654227143748607
0.0654296247243181
0.0654359176599368
0.0654416039927554
0.0654466935661488
0.0654511952499885
0.0654551169361653
0.0654584655352053
0.0654612469737742
0.0654634661928527
0.0654651271464482
0.0654662328007189
0.0654667851333825
0.0654667851333825
0.0654662328007190
0.0654651271464482
0.0654634661928527
0.0654612469737742
0.0654584655352056
0.0654551169361653
0.0654511952499883
0.0654466935661487
0.0654416039927556
0.0654359176599368
0.0654296247243183
0.0654227143748607
0.0654151748403710
0.0654069933990442
0.0653981563904411
0.0653886492303889
0.0653784564293456
0.0653675616148633
0.0653559475588884
0.0653435962107089
0.0653304887365391
0.0653166055668307
0.0653019264526065
0.0652864305322731
0.0652700964106312
0.0652529022521129
0.0652348258904143
0.0652158449573954
0.0651959370342564
0.0651750798287411
0.0651532513827319
0.0651304303154067
0.0651065961081736
0.0650817294388441
0.0650558125741492
0.0650288298317700
0.0650007681258490
0.0649716176136598
0.0649413724662793
0.0649100317933584
0.0648776007628411
0.0648440919728035
0.0648095271582488
0.0647739393589142
0.0647373757508322
0.0646999014928217
0.0646616052599902
0.0646226079527301
0.0645830787533737
0.0645720691636354
0.0646112799371063
0.0646499603582440
0.0646879419217443
0.0647251043981753
0.0647613597647093
0.0647966434868335
0.0648309089775714
0.0648641237453813
0.0648962665584177
0.0649273252739054
0.0649572951297435
0.0649861773721453
0.0650139781363612
0.0650407075231538
0.0650663788300332
0.0650910079070190
0.0651146126139462
0.0651372123615157
0.0651588277220367
0.0651794800985782
0.0651991914433628
0.0652179840178826
0.0652358801884662
0.0652529022521127
0.0652690722881690
0.0652844120321531
0.0652989427685756
0.0653126852400212
0.0653256595702981
0.0653378851995257
0.0653493808295771
0.0653601643783526
0.0653702529416354
0.0653796627614201
0.0653884091997661
0.0653965067173604
0.0654039688560474
0.0654108082247371
0.0654170364881243
0.0654226643577665
0.0654277015851063
0.0654321569560988
0.0654360382871289
0.0654393524219733
0.0654421052295858
0.0654443016025051
0.0654459454557725
0.0654470397261876
0.0654475863718422
0.0654475863718421
0.0654470397261876
0.0654459454557726
0.0654443016025051
0.0654421052295856
0.0654393524219731
0.0654360382871289
0.0654321569560988
0.0654277015851064
0.0654226643577667
0.0654170364881242
0.0654108082247371
0.0654039688560474
0.0653965067173604
0.0653884091997662
0.0653796627614203
0.0653702529416354
0.0653601643783526
0.0653493808295769
0.0653378851995257
0.0653256595702979
0.0653126852400212
0.0652989427685756
0.0652844120321531
0.0652690722881690
0.0652529022521128
0.0652358801884662
0.0652179840178827
0.0651991914433628
0.0651794800985782
0.0651588277220365
0.0651372123615156
0.0651146126139462
0.0650910079070192
0.0650663788300332
0.0650407075231538
0.0650139781363612
0.0649861773721454
0.0649572951297434
0.0649273252739054
0.0648962665584172
0.0648641237453814
0.0648309089775714
0.0647966434868335
0.0647613597647093
0.0647251043981753
0.0646879419217444
0.0646499603582439
0.0646112799371063
0.0645720691636354
0.0645605236759226
0.0645993964886307
0.0646377406185819
0.0646753883080878
0.0647122200664103
0.0647481485864719
0.0647831100161634
0.0648170584095075
0.0648499618683843
0.0648817997023615
0.0649125602552013
0.0649422391950073
0.0649708381416861
0.0649983635485437
0.0650248257805574
0.0650502383481033
0.0650746172657655
0.0650979805130720
0.0651203475792362
0.0651417390777022
0.0651621764191561
0.0651816815337123
0.0652002766347216
0.0652179840178826
0.0652348258904144
0.0652508242258829
0.0652660006409376
0.0652803762908268
0.0652939717809758
0.0653068070923189
0.0653189015184969
0.0653302736131057
0.0653409411456243
0.0653509210647526
0.0653602294680554
0.0653688815769823
0.0653768917164659
0.0653842732983602
0.0653910388081507
0.0653971997943692
0.0654027668602801
0.0654077496574313
0.0654121568807350
0.0654159962647695
0.0654192745810775
0.0654219976362161
0.0654241702704049
0.0654257963566168
0.0654268787999751
0.0654274195374027
0.0654274195374027
0.0654268787999752
0.0654257963566168
0.0654241702704049
0.0654219976362161
0.0654192745810774
0.0654159962647696
0.0654121568807350
0.0654077496574313
0.0654027668602801
0.0653971997943694
0.0653910388081507
0.0653842732983603
0.0653768917164658
0.0653688815769824
0.0653602294680554
0.0653509210647526
0.0653409411456244
0.0653302736131057
0.0653189015184967
0.0653068070923189
0.0652939717809756
0.0652803762908270
0.0652660006409377
0.0652508242258829
0.0652348258904143
0.0652179840178826
0.0652002766347216
0.0651816815337122
0.0651621764191561
0.0651417390777022
0.0651203475792362
0.0650979805130720
0.0650746172657654
0.0650502383481031
0.0650248257805574
0.0649983635485435
0.0649708381416861
0.0649422391950073
0.0649125602552013
0.0648817997023615
0.0648499618683844
0.0648170584095075
0.0647831100161634
0.0647481485864713
0.0647122200664103
0.0646753883080879
0.0646377406185821
0.0645993964886306
0.0645605236759226
0.0645484315350726
0.0645869459219012
0.0646249334387484
0.0646622271544969
0.0646987083924889
0.0647342906315869
0.0647689107658240
0.0648025235466034
0.0648350977176996
0.0648666131704049
0.0648970587671987
0.0649264306307196
0.0649547307714913
0.0649819659710011
0.0650081468624412
0.0650332871676654
0.0650574030597904
0.0650805126280958
0.0651026354271348
0.0651237920957485
0.0651440040344924
0.0651632931321557
0.0651816815337122
0.0651991914433629
0.0652158449573954
0.0652316639224244
0.0652466698152915
0.0652608836414530
0.0652743258491814
0.0652870162572886
0.0652989739944216
0.0653102174482166
0.0653207642229716
0.0653306311044557
0.0653398340309053
0.0653483880692235
0.0653563073956007
0.0653636052798799
0.0653702940730366
0.0653763851972914
0.0653818891383889
0.0653868154396587
0.0653911726975293
0.0653949685582136
0.0653982097153076
0.0654009019081115
0.0654030499204939
0.0654046575801388
0.0654057277581014
0.0654062623685298
0.0654062623685298
0.0654057277581014
0.0654046575801389
0.0654030499204939
0.0654009019081113
0.0653982097153076
0.0653949685582134
0.0653911726975293
0.0653868154396587
0.0653818891383889
0.0653763851972914
0.0653702940730366
0.0653636052798798
0.0653563073956007
0.0653483880692234
0.0653398340309053
0.0653306311044557
0.0653207642229716
0.0653102174482166
0.0652989739944213
0.0652870162572886
0.0652743258491814
0.0652608836414531
0.0652466698152916
0.0652316639224244
0.0652158449573952
0.0651991914433629
0.0651816815337123
0.0651632931321557
0.0651440040344923
0.0651237920957485
0.0651026354271348
0.0650805126280957
0.0650574030597905
0.0650332871676653
0.0650081468624412
0.0649819659710011
0.0649547307714913
0.0649264306307196
0.0648970587671988
0.0648666131704051
0.0648350977176996
0.0648025235466034
0.0647689107658240
0.0647342906315869
0.0646987083924889
0.0646622271544969
0.0646249334387482
0.0645869459219012
0.0645484315350726
0.0645357820957273
0.0645739166064372
0.0646115262186196
0.0646484449163129
0.0646845549210693
0.0647197705754580
0.0647540295896257
0.0647872874735258
0.0648195136646302
0.0648506886781941
0.0648808019282393
0.0649098500157742
0.0649378353574075
0.0649647650707383
0.0649906500583436
0.0650155042489532
0.0650393439646929
0.0650621873910154
0.0650840541309833
0.0651049648294722
0.0651249408556717
0.0651440040344925
0.0651621764191561
0.0651794800985782
0.0651959370342563
0.0652115689222188
0.0652263970763010
0.0652404423296034
0.0652537249514495
0.0652662645775846
0.0652780801516851
0.0652891898764858
0.0652996111731606
0.0653093606476888
0.0653184540631886
0.0653269063172657
0.0653347314237175
0.0653419424977337
0.0653485517441810
0.0653545704483690
0.0653600089689014
0.0653648767322266
0.0653691822285739
0.0653729330089787
0.0653761356831822
0.0653787959181991
0.0653809184373730
0.0653825070197916
0.0653835644999535
0.0653840927675935
0.0653840927675935
0.0653835644999537
0.0653825070197916
0.0653809184373730
0.0653787959181992
0.0653761356831822
0.0653729330089785
0.0653691822285739
0.0653648767322266
0.0653600089689014
0.0653545704483690
0.0653485517441811
0.0653419424977336
0.0653347314237175
0.0653269063172657
0.0653184540631886
0.0653093606476887
0.0652996111731608
0.0652891898764860
0.0652780801516850
0.0652662645775846
0.0652537249514495
0.0652404423296035
0.0652263970763009
0.0652115689222187
0.0651959370342564
0.0651794800985782
0.0651621764191561
0.0651440040344925
0.0651249408556717
0.0651049648294722
0.0650840541309833
0.0650621873910155
0.0650393439646929
0.0650155042489533
0.0649906500583436
0.0649647650707383
0.0649378353574074
0.0649098500157742
0.0648808019282393
0.0648506886781941
0.0648195136646302
0.0647872874735257
0.0647540295896257
0.0647197705754580
0.0646845549210692
0.0646484449163129
0.0646115262186198
0.0645739166064371
0.0645357820957273
0.0645225649221571
0.0645602970640550
0.0645975064555503
0.0646340280955564
0.0646697451979767
0.0647045730554009
0.0647384502709374
0.0647713331793739
0.0648031919670258
0.0648340078170308
0.0648637707279610
0.0648924778019180
0.0649201318749522
0.0649467404056514
0.0649723145636368
0.0649968684759275
0.0650204185999543
0.0650429831995027
0.0650645819050981
0.0650852353441940
0.0651049648294722
0.0651237920957485
0.0651417390777025
0.0651588277220366
0.0651750798287410
0.0651905169170231
0.0652051601121832
0.0652190300503000
0.0652321467980854
0.0652445297856426
0.0652561977502390
0.0652671686894464
0.0652774598222653
0.0652870875570253
0.0652960674650584
0.0653044142592283
0.0653121417765902
0.0653192629645012
0.0653257898696267
0.0653317336293448
0.0653371044651525
0.0653419116776415
0.0653461636428647
0.0653498678096614
0.0653530306978328
0.0653556578969277
0.0653577540654828
0.0653593229305802
0.0653603672876237
0.0653608890002384
0.0653608890002384
0.0653603672876237
0.0653593229305802
0.0653577540654826
0.0653556578969275
0.0653530306978328
0.0653498678096614
0.0653461636428647
0.0653419116776416
0.0653371044651525
0.0653317336293448
0.0653257898696267
0.0653192629645012
0.0653121417765902
0.0653044142592283
0.0652960674650584
0.0652870875570253
0.0652774598222653
0.0652671686894464
0.0652561977502390
0.0652445297856426
0.0652321467980853
0.0652190300503000
0.0652051601121830
0.0651905169170231
0.0651750798287409
0.0651588277220365
0.0651417390777023
0.0651237920957485
0.0651049648294722
0.0650852353441944
0.0650645819050980
0.0650429831995027
0.0650204185999543
0.0649968684759275
0.0649723145636368
0.0649467404056513
0.0649201318749521
0.0648924778019180
0.0648637707279610
0.0648340078170308
0.0648031919670258
0.0647713331793739
0.0647384502709375
0.0647045730554008
0.0646697451979767
0.0646340280955564
0.0645975064555503
0.0645602970640550
0.0645225649221570
0.0645087699029318
0.0645460760809780
0.0645828618544520
0.0646189633498051
0.0646542648789202
0.0646886827803779
0.0647221566346572
0.0647546436730432
0.0647861148890816
0.0648165521789843
0.0648459461584144
0.0648742944513835
0.0649016003236225
0.0649278715757475
0.0649531196375494
0.0649773588209320
0.0650006056999501
0.0650228785939313
0.0650441971349861
0.0650645819050981
0.0650840541309834
0.0651026354271348
0.0651203475792362
0.0651372123615156
0.0651532513827321
0.0651684859563478
0.0651829369912012
0.0651966248995750
0.0652095695200333
0.0652217900528141
0.0652333050059138
0.0652441321502308
0.0652542884824553
0.0652637901944804
0.0652726526483857
0.0652808903561051
0.0652885169630420
0.0652955452350154
0.0653019870479623
0.0653078533799468
0.0653131543050554
0.0653178989888260
0.0653220956849200
0.0653257517327806
0.0653288735560273
0.0653314666614460
0.0653335356383862
0.0653350841584424
0.0653361149753219
0.0653366299248184
0.0653366299248183
0.0653361149753218
0.0653350841584423
0.0653335356383863
0.0653314666614460
0.0653288735560272
0.0653257517327806
0.0653220956849202
0.0653178989888260
0.0653131543050554
0.0653078533799468
0.0653019870479623
0.0652955452350154
0.0652885169630420
0.0652808903561051
0.0652726526483856
0.0652637901944802
0.0652542884824551
0.0652441321502309
0.0652333050059138
0.0652217900528141
0.0652095695200334
0.0651966248995750
0.0651829369912012
0.0651684859563478
0.0651532513827321
0.0651372123615156
0.0651203475792362
0.0651026354271348
0.0650840541309834
0.0650645819050981
0.0650441971349861
0.0650228785939313
0.0650006056999501
0.0649773588209318
0.0649531196375494
0.0649278715757475
0.0649016003236225
0.0648742944513835
0.0648459461584143
0.0648165521789844
0.0647861148890815
0.0647546436730432
0.0647221566346572
0.0646886827803775
0.0646542648789202
0.0646189633498051
0.0645828618544521
0.0645460760809780
0.0645087699029318
0.0644943873828451
0.0645312428371047
0.0645675804550783
0.0646032376185256
0.0646380998561885
0.0646720846595003
0.0647051326789826
0.0647372021196351
0.0647682648435959
0.0647983035059531
0.0648273093706240
0.0648552806013563
0.0648822208996006
0.0649081384039519
0.0649330447919440
0.0649569545411083
0.0649798843175867
0.0650018524677407
0.0650228785939313
0.0650429831995026
0.0650621873910154
0.0650805126280957
0.0650979805130722
0.0651146126139460
0.0651304303154068
0.0651454546934991
0.0651597064102607
0.0651732056252845
0.0651859719216182
0.0651980242438246
0.0652093808463755
0.0652200592508181
0.0652300762103724
0.0652394476808378
0.0652481887968404
0.0652563138525753
0.0652638362863499
0.0652707686682925
0.0652771226907173
0.0652829091606694
0.0652881379942833
0.0652928182125870
0.0652969579384846
0.0653005643946654
0.0653036439022158
0.0653062018797671
0.0653082428430286
0.0653097704045665
0.0653107872737577
0.0653112952568108
0.0653112952568108
0.0653107872737577
0.0653097704045665
0.0653082428430287
0.0653062018797671
0.0653036439022157
0.0653005643946654
0.0652969579384847
0.0652928182125870
0.0652881379942833
0.0652829091606694
0.0652771226907173
0.0652707686682925
0.0652638362863499
0.0652563138525753
0.0652481887968403
0.0652394476808378
0.0652300762103724
0.0652200592508181
0.0652093808463755
0.0651980242438246
0.0651859719216182
0.0651732056252846
0.0651597064102607
0.0651454546934992
0.0651304303154067
0.0651146126139460
0.0650979805130722
0.0650805126280958
0.0650621873910154
0.0650429831995028
0.0650228785939313
0.0650018524677407
0.0649798843175868
0.0649569545411083
0.0649330447919440
0.0649081384039521
0.0648822208996006
0.0648552806013563
0.0648273093706240
0.0647983035059533
0.0647682648435959
0.0647372021196353
0.0647051326789826
0.0646720846595003
0.0646380998561885
0.0646032376185256
0.0645675804550783
0.0645312428371047
0.0644943873828454
0.0644794083150091
0.0645157870553311
0.0645516507794451
0.0645868382699400
0.0646212364066062
0.0646547639528750
0.0646873627309219
0.0647189920022588
0.0647496245613889
0.0647792438677495
0.0648078418620360
0.0648354172611586
0.0648619742026769
0.0648875211526902
0.0649120700171056
0.0649356354129220
0.0649582340669666
0.0649798843175867
0.0650006056999503
0.0650204185999543
0.0650393439646925
0.0650574030597904
0.0650746172657655
0.0650910079070190
0.0651065961081735
0.0651214026734207
0.0651354479852689
0.0651487519196685
0.0651613337750086
0.0651732122128520
0.0651844052086199
0.0651949300107286
0.0652048031068548
0.0652140401962742
0.0652226561673023
0.0652306650790600
0.0652380801468593
0.0652449137306213
0.0652511773258325
0.0652568815565759
0.0652620361702806
0.0652666500338587
0.0652707311309519
0.0652742865600444
0.0652773225332529
0.0652798443755991
0.0652818565246473
0.0652833625303700
0.0652843650551460
0.0652848658738309
0.0652848658738310
0.0652843650551459
0.0652833625303699
0.0652818565246473
0.0652798443755990
0.0652773225332529
0.0652742865600448
0.0652707311309520
0.0652666500338587
0.0652620361702806
0.0652568815565758
0.0652511773258323
0.0652449137306213
0.0652380801468590
0.0652306650790601
0.0652226561673022
0.0652140401962742
0.0652048031068548
0.0651949300107286
0.0651844052086199
0.0651732122128520
0.0651613337750086
0.0651487519196685
0.0651354479852689
0.0651214026734207
0.0651065961081735
0.0650910079070190
0.0650746172657655
0.0650574030597905
0.0650393439646926
0.0650204185999543
0.0650006056999501
0.0649798843175866
0.0649582340669666
0.0649356354129220
0.0649120700171056
0.0648875211526902
0.0648619742026769
0.0648354172611586
0.0648078418620360
0.0647792438677495
0.0647496245613889
0.0647189920022588
0.0646873627309219
0.0646547639528749
0.0646212364066062
0.0645868382699400
0.0645516507794451
0.0645157870553311
0.0644794083150091
0.0644638244366003
0.0644996991744612
0.0645350620030416
0.0645697532722507
0.0646036613648773
0.0646367064493036
0.0646688316305071
0.0646999973146386
0.0647301772938449
0.0647593558756190
0.0647875257016383
0.0648146860491932
0.0648408414849057
0.0648660007837304
0.0648901760523194
0.0649133820126263
0.0649356354129220
0.0649569545411083
0.0649773588209318
0.0649968684759277
0.0650155042489530
0.0650332871676654
0.0650502383481030
0.0650663788300332
0.0650817294388442
0.0650963106697365
0.0651101425906424
0.0651232447609586
0.0651356361636233
0.0651473351484844
0.0651583593852258
0.0651687258243876
0.0651784506652381
0.0651875493294381
0.0651960364396119
0.0652039258020294
0.0652112303927603
0.0652179623467259
0.0652241329491618
0.0652297526290665
0.0652348309542836
0.0652393766279081
0.0652433974857323
0.0652469004945327
0.0652498917509763
0.0652523764809946
0.0652543590394886
0.0652558429102460
0.0652568307059823
0.0652573241684313
0.0652573241684313
0.0652568307059821
0.0652558429102459
0.0652543590394884
0.0652523764809946
0.0652498917509764
0.0652469004945327
0.0652433974857323
0.0652393766279082
0.0652348309542836
0.0652297526290664
0.0652241329491619
0.0652179623467259
0.0652112303927603
0.0652039258020294
0.0651960364396123
0.0651875493294381
0.0651784506652381
0.0651687258243876
0.0651583593852258
0.0651473351484845
0.0651356361636233
0.0651232447609586
0.0651101425906423
0.0650963106697365
0.0650817294388442
0.0650663788300332
0.0650502383481030
0.0650332871676652
0.0650155042489531
0.0649968684759277
0.0649773588209319
0.0649569545411083
0.0649356354129220
0.0649133820126262
0.0648901760523194
0.0648660007837304
0.0648408414849060
0.0648146860491932
0.0647875257016381
0.0647593558756190
0.0647301772938449
0.0646999973146388
0.0646688316305071
0.0646367064493036
0.0646036613648773
0.0645697532722507
0.0645350620030416
0.0644996991744612
0.0644638244366003
0.0644476284725875
0.0644829705500424
0.0645178041542710
0.0645519713939505
0.0645853623274659
0.0646178986765427
0.0646495249500521
0.0646802027915733
0.0647099070561950
0.0647386229394053
0.0647663438014632
0.0647930694787371
0.0648188049502264
0.0648435592710196
0.0648673447107737
0.0648901760523193
0.0649120700171055
0.0649330447919440
0.0649531196375493
0.0649723145636368
0.0649906500583437
0.0650081468624412
0.0650248257805574
0.0650407075231537
0.0650558125741493
0.0650701610800183
0.0650837727569124
0.0650966668129622
0.0651088618833739
0.0651203759763493
0.0651312264281482
0.0651414298658925
0.0651510021769260
0.0651599584837024
0.0651683131233644
0.0651760796312474
0.0651832707277042
0.0651898983076844
0.0651959734326264
0.0652015063242400
0.0652065063598484
0.0652109820689849
0.0652149411310033
0.0652183903734586
0.0652213357710975
0.0652237824452903
0.0652257346637667
0.0652271958405582
0.0652281685360568
0.0652286544571099
0.0652286544571098
0.0652281685360568
0.0652271958405581
0.0652257346637667
0.0652237824452903
0.0652213357710975
0.0652183903734588
0.0652149411310032
0.0652109820689850
0.0652065063598484
0.0652015063242400
0.0651959734326265
0.0651898983076844
0.0651832707277041
0.0651760796312474
0.0651683131233642
0.0651599584837023
0.0651510021769260
0.0651414298658925
0.0651312264281482
0.0651203759763493
0.0651088618833739
0.0650966668129619
0.0650837727569124
0.0650701610800183
0.0650558125741493
0.0650407075231539
0.0650248257805573
0.0650081468624413
0.0649906500583437
0.0649723145636366
0.0649531196375493
0.0649330447919440
0.0649120700171055
0.0648901760523193
0.0648673447107737
0.0648435592710196
0.0648188049502264
0.0647930694787371
0.0647663438014632
0.0647386229394053
0.0647099070561953
0.0646802027915733
0.0646495249500522
0.0646178986765428
0.0645853623274658
0.0645519713939505
0.0645178041542710
0.0644829705500423
0.0644476284725875
0.0644308143727789
0.0644655936885179
0.0644998683477347
0.0645334824392247
0.0645663278936218
0.0645983281515060
0.0646294292566975
0.0646595941863361
0.0646887989214841
0.0647170295789763
0.0647442802456497
0.0647705513041975
0.0647958481170344
0.0648201799782999
0.0648435592710196
0.0648660007837304
0.0648875211526903
0.0649081384039519
0.0649278715757478
0.0649467404056514
0.0649647650707384
0.0649819659710012
0.0649983635485435
0.0650139781363610
0.0650288298317699
0.0650429383904049
0.0650563231374878
0.0650690028935954
0.0650809959126618
0.0650923198303092
0.0651029916208994
0.0651130275619882
0.0651224432050177
0.0651312533512996
0.0651394720324642
0.0651471124946667
0.0651541871859543
0.0651607077462842
0.0651666849997317
0.0651721289485222
0.0651770487685479
0.0651814528060931
0.0651853485755193
0.0651887427577068
0.0651916411990666
0.0651940489109854
0.0651959700695605
0.0651974080155353
0.0651983652543481
0.0651988434562128
0.0651988434562128
0.0651983652543482
0.0651974080155353
0.0651959700695605
0.0651940489109854
0.0651916411990666
0.0651887427577068
0.0651853485755192
0.0651814528060931
0.0651770487685479
0.0651721289485222
0.0651666849997317
0.0651607077462842
0.0651541871859542
0.0651471124946667
0.0651394720324643
0.0651312533512996
0.0651224432050177
0.0651130275619882
0.0651029916208995
0.0650923198303092
0.0650809959126619
0.0650690028935954
0.0650563231374882
0.0650429383904049
0.0650288298317700
0.0650139781363610
0.0649983635485437
0.0649819659710012
0.0649647650707384
0.0649467404056514
0.0649278715757480
0.0649081384039519
0.0648875211526901
0.0648660007837306
0.0648435592710196
0.0648201799782998
0.0647958481170344
0.0647705513041975
0.0647442802456497
0.0647170295789763
0.0646887989214839
0.0646595941863363
0.0646294292566975
0.0645983281515057
0.0645663278936218
0.0645334824392246
0.0644998683477349
0.0644655936885179
0.0644308143727789
0.0644133775889166
0.0644475625215020
0.0644812470584428
0.0645142775261436
0.0645465479521644
0.0645779836801213
0.0646085324291488
0.0646381586070763
0.0646668393782876
0.0646945618038334
0.0647213206915813
0.0647471169427663
0.0647719562588470
0.0647958481170344
0.0648188049502264
0.0648408414849057
0.0648619742026768
0.0648822208996006
0.0649016003236225
0.0649201318749521
0.0649378353574074
0.0649547307714913
0.0649708381416861
0.0649861773721454
0.0650007681258490
0.0650146297234074
0.0650277810583240
0.0650402405260653
0.0650520259647726
0.0650631546058178
0.0650736430326664
0.0650835071467794
0.0650927621394762
0.0651014224688452
0.0651095018409070
0.0651170131943810
0.0651239686884724
0.0651303796931926
0.0651362567817874
0.0651416097249117
0.0651464474862417
0.0651507782192392
0.0651546092648489
0.0651579471499363
0.0651607975862655
0.0651631654699123
0.0651650548809631
0.0651664690834039
0.0651674105251390
0.0651678808380481
0.0651678808380481
0.0651674105251390
0.0651664690834039
0.0651650548809631
0.0651631654699123
0.0651607975862655
0.0651579471499363
0.0651546092648488
0.0651507782192392
0.0651464474862417
0.0651416097249118
0.0651362567817871
0.0651303796931928
0.0651239686884724
0.0651170131943812
0.0651095018409073
0.0651014224688452
0.0650927621394762
0.0650835071467794
0.0650736430326662
0.0650631546058176
0.0650520259647724
0.0650402405260653
0.0650277810583240
0.0650146297234074
0.0650007681258489
0.0649861773721454
0.0649708381416861
0.0649547307714913
0.0649378353574074
0.0649201318749521
0.0649016003236225
0.0648822208996006
0.0648619742026768
0.0648408414849057
0.0648188049502264
0.0647958481170341
0.0647719562588470
0.0647471169427665
0.0647213206915813
0.0646945618038334
0.0646668393782876
0.0646381586070762
0.0646085324291488
0.0645779836801210
0.0645465479521644
0.0645142775261435
0.0644812470584430
0.0644475625215019
0.0644133775889166
0.0643953154004484
0.0644288727289064
0.0644619344461922
0.0644943494178038
0.0645260140255100
0.0645568557199102
0.0645868240433119
0.0646158849284534
0.0646440167697067
0.0646712075793801
0.0646974528622919
0.0647227539910199
0.0647471169427663
0.0647705513041975
0.0647930694787371
0.0648146860491932
0.0648354172611585
0.0648552806013565
0.0648742944513836
0.0648924778019180
0.0649098500157742
0.0649264306307195
0.0649422391950072
0.0649572951297435
0.0649716176136598
0.0649852254865078
0.0649981371680323
0.0650103705901373
0.0650219431400302
0.0650328716127540
0.0650431721716334
0.0650528603154003
0.0650619508510327
0.0650704578713833
0.0650783947369015
0.0650857740607884
0.0650926076970641
0.0650989067310567
0.0651046814719397
0.0651099414469396
0.0651146953969423
0.0651189512732247
0.0651227162350873
0.0651259966482115
0.0651287980835681
0.0651311253167367
0.0651329823275242
0.0651343722997952
0.0651352976214140
0.0651357598842586
0.0651357598842584
0.0651352976214139
0.0651343722997952
0.0651329823275242
0.0651311253167366
0.0651287980835682
0.0651259966482113
0.0651227162350873
0.0651189512732247
0.0651146953969423
0.0651099414469397
0.0651046814719396
0.0650989067310567
0.0650926076970642
0.0650857740607884
0.0650783947369015
0.0650704578713833
0.0650619508510328
0.0650528603154003
0.0650431721716333
0.0650328716127540
0.0650219431400304
0.0650103705901373
0.0649981371680323
0.0649852254865078
0.0649716176136600
0.0649572951297435
0.0649422391950072
0.0649264306307195
0.0649098500157741
0.0648924778019180
0.0648742944513836
0.0648552806013563
0.0648354172611585
0.0648146860491932
0.0647930694787371
0.0647705513041975
0.0647471169427662
0.0647227539910199
0.0646974528622919
0.0646712075793801
0.0646440167697066
0.0646158849284534
0.0645868240433117
0.0645568557199102
0.0645260140255100
0.0644943494178042
0.0644619344461922
0.0644288727289064
0.0643953154004484
0.0643766273001554
0.0644095221223486
0.0644419267422781
0.0644736929200714
0.0645047196866064
0.0645349368232845
0.0645642958471049
0.0645927643007979
0.0646203218374380
0.0646469574047504
0.0646726671556282
0.0646974528622918
0.0647213206915814
0.0647442802456498
0.0647663438014631
0.0647875257016383
0.0648078418620359
0.0648273093706240
0.0648459461584141
0.0648637707279610
0.0648808019282396
0.0648970587671989
0.0649125602552013
0.0649273252739054
0.0649413724662794
0.0649547201442282
0.0649673862110104
0.0649793880960276
0.0649907427002028
0.0650014663501417
0.0650115747598770
0.0650210829989856
0.0650300054661381
0.0650383558672658
0.0650461471976242
0.0650533917271807
0.0650601009887917
0.0650662857687367
0.0650719560992249
0.0650771212525323
0.0650817897365070
0.0650859692911692
0.0650896668862146
0.0650928887192287
0.0650956402144482
0.0650979260219570
0.0650997500171803
0.0651011153006105
0.0651020241976600
0.0651024782586142
0.0651024782586144
0.0651020241976600
0.0651011153006103
0.0650997500171803
0.0650979260219570
0.0650956402144482
0.0650928887192288
0.0650896668862146
0.0650859692911692
0.0650817897365067
0.0650771212525323
0.0650719560992249
0.0650662857687367
0.0650601009887918
0.0650533917271807
0.0650461471976242
0.0650383558672657
0.0650300054661381
0.0650210829989856
0.0650115747598770
0.0650014663501417
0.0649907427002027
0.0649793880960275
0.0649673862110104
0.0649547201442282
0.0649413724662794
0.0649273252739054
0.0649125602552013
0.0648970587671989
0.0648808019282396
0.0648637707279610
0.0648459461584141
0.0648273093706240
0.0648078418620360
0.0647875257016383
0.0647663438014631
0.0647442802456498
0.0647213206915814
0.0646974528622918
0.0646726671556282
0.0646469574047504
0.0646203218374380
0.0645927643007979
0.0645642958471049
0.0645349368232845
0.0645047196866064
0.0644736929200714
0.0644419267422781
0.0644095221223485
0.0643766273001554
0.0643573154545958
0.0643895111041061
0.0644212227151211
0.0644523053648295
0.0644826610708542
0.0645122221870301
0.0645409423530840
0.0645687907879132
0.0645957484039185
0.0646218050362738
0.0646469574047503
0.0646712075793801
0.0646945618038333
0.0647170295789763
0.0647386229394053
0.0647593558756190
0.0647792438677496
0.0647983035059531
0.0648165521789842
0.0648340078170305
0.0648506886781944
0.0648666131704051
0.0648817997023615
0.0648962665584172
0.0649100317933582
0.0649231131438062
0.0649355279535725
0.0649472931107808
0.0649584249949529
0.0649689394325313
0.0649788516595829
0.0649881762906222
0.0649969272926243
0.0650051179634746
0.0650127609141987
0.0650198680543735
0.0650264505802670
0.0650325189652581
0.0650380829521935
0.0650431515473389
0.0650477330156723
0.0650518348772848
0.0650554639046557
0.0650586261206619
0.0650613267971484
0.0650635704539344
0.0650653608581523
0.0650667010238305
0.0650675932116366
0.0650680389287397
0.0650680389287397
0.0650675932116365
0.0650667010238306
0.0650653608581523
0.0650635704539344
0.0650613267971486
0.0650586261206620
0.0650554639046559
0.0650518348772848
0.0650477330156722
0.0650431515473389
0.0650380829521935
0.0650325189652581
0.0650264505802670
0.0650198680543735
0.0650127609141987
0.0650051179634746
0.0649969272926242
0.0649881762906223
0.0649788516595831
0.0649689394325313
0.0649584249949529
0.0649472931107808
0.0649355279535725
0.0649231131438062
0.0649100317933584
0.0648962665584172
0.0648817997023613
0.0648666131704050
0.0648506886781941
0.0648340078170305
0.0648165521789844
0.0647983035059533
0.0647792438677495
0.0647593558756190
0.0647386229394053
0.0647170295789763
0.0646945618038333
0.0646712075793802
0.0646469574047503
0.0646218050362738
0.0645957484039185
0.0645687907879130
0.0645409423530841
0.0645122221870301
0.0644826610708541
0.0644523053648295
0.0644212227151212
0.0643895111041061
0.0643573154545958
0.0643373852597117
0.0643688432226414
0.0643998242380424
0.0644301872059102
0.0644598375151108
0.0644887103450853
0.0645167615902417
0.0645439621781342
0.0645702942390156
0.0645957484039185
0.0646203218374381
0.0646440167697068
0.0646668393782874
0.0646887989214838
0.0647099070561953
0.0647301772938449
0.0647496245613889
0.0647682648435958
0.0647861148890814
0.0648031919670259
0.0648195136646302
0.0648350977176996
0.0648499618683844
0.0648641237453815
0.0648776007628408
0.0648904100349380
0.0649025683036428
0.0649140918776477
0.0649249965807692
0.0649352977084046
0.0649450099908674
0.0649541475625858
0.0649627239363174
0.0649707519816436
0.0649782439071264
0.0649852112455762
0.0649916648419729
0.0649976148436314
0.0650030706922673
0.0650080411176528
0.0650125341326033
0.0650165570290766
0.0650201163751530
0.0650232180127756
0.0650258670560592
0.0650280678900740
0.0650298241699793
0.0650311388204342
0.0650320140352052
0.0650324512769175
0.0650324512769175
0.0650320140352052
0.0650311388204342
0.0650298241699792
0.0650280678900740
0.0650258670560591
0.0650232180127756
0.0650201163751530
0.0650165570290764
0.0650125341326033
0.0650080411176528
0.0650030706922675
0.0649976148436314
0.0649916648419729
0.0649852112455762
0.0649782439071264
0.0649707519816439
0.0649627239363176
0.0649541475625858
0.0649450099908674
0.0649352977084046
0.0649249965807692
0.0649140918776476
0.0649025683036429
0.0648904100349380
0.0648776007628408
0.0648641237453814
0.0648499618683844
0.0648350977176997
0.0648195136646302
0.0648031919670259
0.0647861148890814
0.0647682648435958
0.0647496245613889
0.0647301772938448
0.0647099070561953
0.0646887989214838
0.0646668393782876
0.0646440167697068
0.0646203218374381
0.0645957484039187
0.0645702942390158
0.0645439621781342
0.0645167615902417
0.0644887103450853
0.0644598375151108
0.0644301872059102
0.0643998242380424
0.0643688432226416
0.0643373852597119
0.0643168460202627
0.0643475258545093
0.0643777369930193
0.0644073427682399
0.0644362523722375
0.0644644040605020
0.0644917560766089
0.0645182810337622
0.0645439621781341
0.0645687907879130
0.0645927643007978
0.0646158849284534
0.0646381586070760
0.0646595941863363
0.0646802027915733
0.0646999973146382
0.0647189920022588
0.0647372021196351
0.0647546436730432
0.0647713331793738
0.0647872874735263
0.0648025235466034
0.0648170584095075
0.0648309089775715
0.0648440919728035
0.0648566238409255
0.0648685206809388
0.0648797981853013
0.0648904715891699
0.0649005556273650
0.0649100644979571
0.0649190118315296
0.0649274106652995
0.0649352734214084
0.0649426118887910
0.0649494372081025
0.0649557598592489
0.0649615896511587
0.0649669357134207
0.0649718064895361
0.0649762097314978
0.0649801524954937
0.0649836411385317
0.0649866813158339
0.0649892779788373
0.0649914353737014
0.0649931570402025
0.0649944458109390
0.0649953038107772
0.0649957324564790
0.0649957324564789
0.0649953038107774
0.0649944458109390
0.0649931570402025
0.0649914353737011
0.0649892779788373
0.0649866813158340
0.0649836411385318
0.0649801524954937
0.0649762097314978
0.0649718064895361
0.0649669357134205
0.0649615896511587
0.0649557598592489
0.0649494372081025
0.0649426118887909
0.0649352734214084
0.0649274106652995
0.0649190118315296
0.0649100644979571
0.0649005556273650
0.0648904715891699
0.0648797981853013
0.0648685206809388
0.0648566238409255
0.0648440919728033
0.0648309089775714
0.0648170584095075
0.0648025235466034
0.0647872874735260
0.0647713331793740
0.0647546436730432
0.0647372021196352
0.0647189920022588
0.0646999973146384
0.0646802027915733
0.0646595941863363
0.0646381586070760
0.0646158849284533
0.0645927643007977
0.0645687907879132
0.0645439621781341
0.0645182810337622
0.0644917560766089
0.0644644040605020
0.0644362523722375
0.0644073427682399
0.0643777369930193
0.0643475258545093
0.0643168460202629
0.0642957117948380
0.0643255710567933
0.0643549713621684
0.0643837812138298
0.0644119140776873
0.0644393115037408
0.0644659341068475
0.0644917560766088
0.0645167615902417
0.0645409423530842
0.0645642958471049
0.0645868240433117
0.0646085324291489
0.0646294292566973
0.0646495249500520
0.0646688316305071
0.0646873627309224
0.0647051326789826
0.0647221566346571
0.0647384502709375
0.0647540295896255
0.0647689107658241
0.0647831100161634
0.0647966434868335
0.0648095271582488
0.0648217767637798
0.0648334077204110
0.0648444350696017
0.0648548734268433
0.0648647369386993
0.0648740392462678
0.0648827934541635
0.0648910121042669
0.0648987071535576
0.0649058899554859
0.0649125712443589
0.0649187611223278
0.0649244690486075
0.0649297038305783
0.0649344736165107
0.0649387858896464
0.0649426474634316
0.0649460644777073
0.0649490423956908
0.0649515860016340
0.0649536993989949
0.0649553860090596
0.0649566485699171
0.0649574891357164
0.0649579090761549
0.0649579090761546
0.0649574891357162
0.0649566485699170
0.0649553860090596
0.0649536993989949
0.0649515860016340
0.0649490423956908
0.0649460644777072
0.0649426474634316
0.0649387858896464
0.0649344736165107
0.0649297038305783
0.0649244690486075
0.0649187611223278
0.0649125712443589
0.0649058899554859
0.0648987071535576
0.0648910121042669
0.0648827934541635
0.0648740392462678
0.0648647369386993
0.0648548734268433
0.0648444350696016
0.0648334077204110
0.0648217767637798
0.0648095271582488
0.0647966434868335
0.0647831100161634
0.0647689107658241
0.0647540295896255
0.0647384502709375
0.0647221566346571
0.0647051326789826
0.0646873627309221
0.0646688316305071
0.0646495249500520
0.0646294292566975
0.0646085324291489
0.0645868240433119
0.0645642958471049
0.0645409423530842
0.0645167615902417
0.0644917560766088
0.0644659341068475
0.0644393115037408
0.0644119140776873
0.0643837812138298
0.0643549713621683
0.0643255710567933
0.0642957117948380
0.0642740024701106
0.0643029966587284
0.0643315435908818
0.0643595178303175
0.0643868375946194
0.0644134478585918
0.0644393115037407
0.0644644040605020
0.0644887103450853
0.0645122221870301
0.0645349368232845
0.0645568557199099
0.0645779836801212
0.0645983281515060
0.0646178986765426
0.0646367064493038
0.0646547639528749
0.0646720846595003
0.0646886827803777
0.0647045730554009
0.0647197705754580
0.0647342906315867
0.0647481485864718
0.0647613597647094
0.0647739393589142
0.0647859023492909
0.0647972634347027
0.0648080369735841
0.0648182369333227
0.0648278768469192
0.0648369697759495
0.0648455282789569
0.0648535643845357
0.0648610895684804
0.0648681147344346
0.0648746501975708
0.0648807056708778
0.0648862902536866
0.0648914124221228
0.0648960800211998
0.0649003002583159
0.0649040796979396
0.0649074242572967
0.0649103392028967
0.0649128291477741
0.0649148980493090
0.0649165492075297
0.0649177852638353
0.0649186082000387
0.0649190193376992
0.0649190193376993
0.0649186082000387
0.0649177852638353
0.0649165492075297
0.0649148980493090
0.0649128291477741
0.0649103392028967
0.0649074242572966
0.0649040796979397
0.0649003002583158
0.0648960800211996
0.0648914124221228
0.0648862902536866
0.0648807056708778
0.0648746501975708
0.0648681147344347
0.0648610895684804
0.0648535643845355
0.0648455282789569
0.0648369697759495
0.0648278768469192
0.0648182369333227
0.0648080369735843
0.0647972634347027
0.0647859023492909
0.0647739393589142
0.0647613597647094
0.0647481485864715
0.0647342906315867
0.0647197705754582
0.0647045730554009
0.0646886827803777
0.0646720846595003
0.0646547639528749
0.0646367064493038
0.0646178986765426
0.0645983281515060
0.0645779836801212
0.0645568557199099
0.0645349368232845
0.0645122221870301
0.0644887103450853
0.0644644040605020
0.0644393115037406
0.0644134478585919
0.0643868375946193
0.0643595178303175
0.0643315435908818
0.0643029966587284
0.0642740024701105
0.0642517451669355
0.0642798277068990
0.0643074773697339
0.0643345758301155
0.0643610464584729
0.0643868375946192
0.0644119140776874
0.0644362523722377
0.0644598375151108
0.0644826610708543
0.0645047196866064
0.0645260140255100
0.0645465479521642
0.0645663278936218
0.0645853623274660
0.0646036613648774
0.0646212364066062
0.0646380998561885
0.0646542648789202
0.0646697451979767
0.0646845549210695
0.0646987083924886
0.0647122200664106
0.0647251043981752
0.0647373757508323
0.0647490483147248
0.0647601360382540
0.0647706525682645
0.0647806111987483
0.0647900248267151
0.0647989059142920
0.0648072664562157
0.0648151179520068
0.0648224713821909
0.0648293371880622
0.0648357252544662
0.0648416448952571
0.0648471048410060
0.0648521132286960
0.0648566775930959
0.0648608048595914
0.0648645013382524
0.0648677727189577
0.0648706240674195
0.0648730598219651
0.0648750837909628
0.0648766991507891
0.0648779084442611
0.0648787135794512
0.0648791158288568
0.0648791158288568
0.0648787135794512
0.0648779084442611
0.0648766991507891
0.0648750837909629
0.0648730598219651
0.0648706240674195
0.0648677727189577
0.0648645013382522
0.0648608048595914
0.0648566775930959
0.0648521132286960
0.0648471048410060
0.0648416448952571
0.0648357252544663
0.0648293371880622
0.0648224713821910
0.0648151179520069
0.0648072664562157
0.0647989059142923
0.0647900248267151
0.0647806111987483
0.0647706525682645
0.0647601360382540
0.0647490483147248
0.0647373757508322
0.0647251043981752
0.0647122200664106
0.0646987083924886
0.0646845549210693
0.0646697451979767
0.0646542648789202
0.0646380998561885
0.0646212364066062
0.0646036613648774
0.0645853623274660
0.0645663278936218
0.0645465479521641
0.0645260140255100
0.0645047196866064
0.0644826610708542
0.0644598375151108
0.0644362523722377
0.0644119140776877
0.0643868375946192
0.0643610464584729
0.0643345758301155
0.0643074773697339
0.0642798277068990
0.0642517451669355
0.0642289761561151
0.0642560984727686
0.0642828061194713
0.0643089890221930
0.0643345758301155
0.0643595178303175
0.0643837812138298
0.0644073427682398
0.0644301872059101
0.0644523053648295
0.0644736929200714
0.0644943494178038
0.0645142775261435
0.0645334824392247
0.0645519713939505
0.0645697532722507
0.0645868382699400
0.0646032376185256
0.0646189633498051
0.0646340280955564
0.0646484449163128
0.0646622271544969
0.0646753883080879
0.0646879419217445
0.0646999014928217
0.0647112803901808
0.0647220917839972
0.0647323485850897
0.0647420633924746
0.0647512484480843
0.0647599155976758
0.0647680762571590
0.0647757413836207
0.0647829214504401
0.0647896264259710
0.0647958657553205
0.0648016483448158
0.0648069825488181
0.0648118761585463
0.0648163363926664
0.0648203698893808
0.0648239826998204
0.0648271802825633
0.0648299674991028
0.0648323486101384
0.0648343272725823
0.0648359065371519
0.0648370888465020
0.0648378760338011
0.0648382693217048
0.0648382693217048
0.0648378760338010
0.0648370888465020
0.0648359065371520
0.0648343272725823
0.0648323486101385
0.0648299674991028
0.0648271802825633
0.0648239826998204
0.0648203698893808
0.0648163363926664
0.0648118761585463
0.0648069825488179
0.0648016483448158
0.0647958657553202
0.0647896264259710
0.0647829214504402
0.0647757413836206
0.0647680762571589
0.0647599155976758
0.0647512484480842
0.0647420633924746
0.0647323485850897
0.0647220917839971
0.0647112803901808
0.0646999014928217
0.0646879419217444
0.0646753883080878
0.0646622271544970
0.0646484449163128
0.0646340280955564
0.0646189633498051
0.0646032376185256
0.0645868382699400
0.0645697532722507
0.0645519713939505
0.0645334824392247
0.0645142775261435
0.0644943494178043
0.0644736929200714
0.0644523053648296
0.0644301872059102
0.0644073427682399
0.0643837812138298
0.0643595178303175
0.0643345758301155
0.0643089890221929
0.0642828061194713
0.0642560984727686
0.0642289761561151
0.0642057436243098
0.0642318554582870
0.0642575766024058
0.0642828061194713
0.0643074773697339
0.0643315435908818
0.0643549713621683
0.0643777369930194
0.0643998242380423
0.0644212227151212
0.0644419267422781
0.0644619344461922
0.0644812470584430
0.0644998683477351
0.0645178041542708
0.0645350620030416
0.0645516507794453
0.0645675804550783
0.0645828618544519
0.0645975064555505
0.0646115262186199
0.0646249334387484
0.0646377406185820
0.0646499603582440
0.0646616052599901
0.0646726878455500
0.0646832204844242
0.0646932153316830
0.0647026842740101
0.0647116388829237
0.0647200903742490
0.0647280495730431
0.0647355268832874
0.0647425322617250
0.0647490751953380
0.0647551646819869
0.0647608092138048
0.0647660167630097
0.0647707947698037
0.0647751501320935
0.0647790891967957
0.0647826177525057
0.0647857410233614
0.0647884636639244
0.0647907897549612
0.0647927227999805
0.0647942657224613
0.0647954208636435
0.0647961899808609
0.0647965742463203
0.0647965742463203
0.0647961899808609
0.0647954208636435
0.0647942657224613
0.0647927227999805
0.0647907897549612
0.0647884636639244
0.0647857410233614
0.0647826177525057
0.0647790891967957
0.0647751501320937
0.0647707947698037
0.0647660167630098
0.0647608092138048
0.0647551646819867
0.0647490751953381
0.0647425322617250
0.0647355268832874
0.0647280495730431
0.0647200903742490
0.0647116388829238
0.0647026842740102
0.0646932153316830
0.0646832204844241
0.0646726878455500
0.0646616052599901
0.0646499603582440
0.0646377406185821
0.0646249334387484
0.0646115262186199
0.0645975064555503
0.0645828618544521
0.0645675804550785
0.0645516507794453
0.0645350620030415
0.0645178041542709
0.0644998683477349
0.0644812470584430
0.0644619344461922
0.0644419267422780
0.0644212227151212
0.0643998242380424
0.0643777369930193
0.0643549713621683
0.0643315435908818
0.0643074773697339
0.0642828061194713
0.0642575766024054
0.0642318554582872
0.0642057436243098
0.0641821120440935
0.0642071625177146
0.0642318554582873
0.0642560984727686
0.0642798277068990
0.0643029966587281
0.0643255710567932
0.0643475258545093
0.0643688432226414
0.0643895111041063
0.0644095221223486
0.0644288727289064
0.0644475625215022
0.0644655936885179
0.0644829705500423
0.0644996991744612
0.0645157870553311
0.0645312428371047
0.0645460760809781
0.0645602970640551
0.0645739166064374
0.0645869459219012
0.0645993964886306
0.0646112799371064
0.0646226079527299
0.0646333921911728
0.0646436442047287
0.0646533753782342
0.0646625968733001
0.0646713195798006
0.0646795540736996
0.0646873105804186
0.0646945989430355
0.0647014285947406
0.0647078085349938
0.0647137473089404
0.0647192529896598
0.0647243331629153
0.0647289949140633
0.0647332448168716
0.0647370889239858
0.0647405327588491
0.0647435813088793
0.0647462390197389
0.0647485097905744
0.0647503969700925
0.0647519033533721
0.0647530311793357
0.0647537821288087
0.0647541573231039
0.0647541573231039
0.0647537821288087
0.0647530311793357
0.0647519033533720
0.0647503969700925
0.0647485097905744
0.0647462390197388
0.0647435813088793
0.0647405327588491
0.0647370889239856
0.0647332448168716
0.0647289949140633
0.0647243331629153
0.0647192529896598
0.0647137473089404
0.0647078085349938
0.0647014285947406
0.0646945989430355
0.0646873105804186
0.0646795540736998
0.0646713195798006
0.0646625968733001
0.0646533753782342
0.0646436442047287
0.0646333921911728
0.0646226079527302
0.0646112799371063
0.0645993964886306
0.0645869459219013
0.0645739166064374
0.0645602970640551
0.0645460760809781
0.0645312428371047
0.0645157870553311
0.0644996991744612
0.0644829705500423
0.0644655936885179
0.0644475625215022
0.0644288727289065
0.0644095221223485
0.0643895111041061
0.0643688432226414
0.0643475258545095
0.0643255710567932
0.0643029966587282
0.0642798277068990
0.0642560984727686
0.0642318554582873
0.0642071625177145
0.0641821120440935
0.0641581702616063
0.0641821120440938
0.0642057436243098
0.0642289761561151
0.0642517451669355
0.0642740024701107
0.0642957117948382
0.0643168460202629
0.0643373852597119
0.0643573154545958
0.0643766273001554
0.0643953154004482
0.0644133775889166
0.0644308143727789
0.0644476284725875
0.0644638244366003
0.0644794083150091
0.0644943873828450
0.0645087699029318
0.0645225649221570
0.0645357820957273
0.0645484315350726
0.0645605236759225
0.0645720691636353
0.0645830787533735
0.0645935632231197
0.0646035332978178
0.0646129995831794
0.0646219725079331
0.0646304622734322
0.0646384788097076
0.0646460317371561
0.0646531303331871
0.0646597835031985
0.0646659997553649
0.0646717871787709
0.0646771534244685
0.0646821056891211
0.0646866507008970
0.0646907947073492
0.0646945434650269
0.0646979022306163
0.0647008757534135
0.0647034682689755
0.0647056834938000
0.0647075246209213
0.0647089943163153
0.0647100947160283
0.0647108274239628
0.0647111935102640
0.0647111935102640
0.0647108274239628
0.0647100947160283
0.0647089943163152
0.0647075246209215
0.0647056834938000
0.0647034682689755
0.0647008757534135
0.0646979022306163
0.0646945434650269
0.0646907947073492
0.0646866507008970
0.0646821056891211
0.0646771534244684
0.0646717871787709
0.0646659997553649
0.0646597835031985
0.0646531303331873
0.0646460317371561
0.0646384788097076
0.0646304622734321
0.0646219725079331
0.0646129995831794
0.0646035332978174
0.0645935632231197
0.0645830787533736
0.0645720691636353
0.0645605236759225
0.0645484315350727
0.0645357820957273
0.0645225649221572
0.0645087699029316
0.0644943873828450
0.0644794083150093
0.0644638244366003
0.0644476284725875
0.0644308143727789
0.0644133775889166
0.0643953154004482
0.0643766273001554
0.0643573154545959
0.0643373852597118
0.0643168460202629
0.0642957117948382
0.0642740024701106
0.0642517451669355
0.0642289761561151
0.0642057436243098
0.0641821120440935
0.0641581702616063
0.6415815706994535
0.6418209615000804
0.6420572513851521
0.6422895517832973
0.6425172178713886
0.6427397676909895
0.6429568384458518
0.6431681588429673
0.6433735299353592
0.6435728110620280
0.6437659091062142
0.6439527700458979
0.6441333721601814
0.6443077204734940
0.6444758421516299
0.6446377826450286
0.6447936024316386
0.6449433742454733
0.6450871807058408
0.6452251122798258
0.6453572655242010
0.6454837415642515
0.6456046447738601
0.6457200816281650
0.6458301597049632
0.6459349868141619
0.6460346702386101
0.6461293160717116
0.6462190286393023
0.6463039099952315
0.6463840594813201
0.6464595733439552
0.6465305443999068
0.6465970617458336
0.6466592105056551
0.6467170716115614
0.6467707216143416
0.6468202325194143
0.6468656716455414
0.6469071015033194
0.6469445796911638
0.6469781588064548
0.6470078863700882
0.6470338047628312
0.6470559511720065
0.6470743575473095
0.6470890505647781
0.6471000515979862
0.6471073766958717
0.6471110365664853
0.6471110365664853
0.6471073766958724
0.6471000515979861
0.6470890505647781
0.6470743575473095
0.6470559511720065
0.6470338047628312
0.6470078863700882
0.6469781588064548
0.6469445796911638
0.6469071015033194
0.6468656716455414
0.6468202325194149
0.6467707216143408
0.6467170716115614
0.6466592105056551
0.6465970617458336
0.6465305443999068
0.6464595733439552
0.6463840594813201
0.6463039099952315
0.6462190286393023
0.6461293160717116
0.6460346702386061
0.6459349868141619
0.6458301597049632
0.6457200816281659
0.6456046447738601
0.6454837415642515
0.6453572655242010
0.6452251122798258
0.6450871807058406
0.6449433742454733
0.6447936024316387
0.6446377826450286
0.6444758421516299
0.6443077204734940
0.6441333721601814
0.6439527700458979
0.6437659091062142
0.6435728110620280
0.6433735299353596
0.6431681588429680
0.6429568384458524
0.6427397676909895
0.6425172178713886
0.6422895517832973
0.6420572513851521
0.6418209615000804
0.6415815706994555
0.6418209615000804
0.6420714413417665
0.6423183471590788
0.6425607548764164
0.6427980258273513
0.6430296948764792
0.6432554191983012
0.6434749482207637
0.6436881035506822
0.6438947645228741
0.6440948572846188
0.6442883462722310
0.6444752273925153
0.6446555224680433
0.6448292746477542
0.6449965445730420
0.6451574071460860
0.6453119487872304
0.6454602650928699
0.6456024588267535
0.6457386381902815
0.6458689153287400
0.6459934050380097
0.6461122236428088
0.6462254880223246
0.6463333147629994
0.6464358194214626
0.6465331158830019
0.6466253158033490
0.6467125281230532
0.6467948586450802
0.6468724096678896
0.6469452796671403
0.6470135630196016
0.6470773497644344
0.6471367253967768
0.6471917706900947
0.6472425615430939
0.6472891688487028
0.6473316583818562
0.6473700907040340
0.6474045210821300
0.6474349994200324
0.6474615702012246
0.6474842724409871
0.6475031396469856
0.6475181997873881
0.6475294752654125
0.6475369828998431
0.6475407339108741
0.6475407339108731
0.6475369828998431
0.6475294752654125
0.6475181997873881
0.6475031396469856
0.6474842724409869
0.6474615702012246
0.6474349994200324
0.6474045210821300
0.6473700907040340
0.6473316583818559
0.6472891688487005
0.6472425615430936
0.6471917706900947
0.6471367253967768
0.6470773497644344
0.6470135630196016
0.6469452796671389
0.6468724096678898
0.6467948586450802
0.6467125281230532
0.6466253158033490
0.6465331158830003
0.6464358194214626
0.6463333147629994
0.6462254880223246
0.6461122236428088
0.6459934050380113
0.6458689153287388
0.6457386381902815
0.6456024588267535
0.6454602650928699
0.6453119487872304
0.6451574071460860
0.6449965445730420
0.6448292746477542
0.6446555224680435
0.6444752273925153
0.6442883462722310
0.6440948572846188
0.6438947645228741
0.6436881035506822
0.6434749482207637
0.6432554191983012
0.6430296948764792
0.6427980258273513
0.6425607548764166
0.6423183471590788
0.6420714413417665
0.6418209615000804
0.6420572513851521
0.6423183471590783
0.6425755375846947
0.6428278130969779
0.6430745071381251
0.6433151519385085
0.6435494131520333
0.6437770537413341
0.6439979111280124
0.6442118813746585
0.6444189075542049
0.6446189708360301
0.6448120834489013
0.6449982830037322
0.6451776278374612
0.6453501931458352
0.6455160677397020
0.6456753513021021
0.6458281520555275
0.6459745847665829
0.6461147690335206
0.6462488278110786
0.6463768861371202
0.6464990700310765
0.6466155055396480
0.6467263179095368
0.6468316308697115
0.6469315660086467
0.6470262422340751
0.6471157753045294
0.6472002774234416
0.6472798568878556
0.6473546177847056
0.6474246597287906
0.6474900776369683
0.6475509615340910
0.6476073963866791
0.6476594619605310
0.6477072326994736
0.6477507776222076
0.6477901602351051
0.6478254384587074
0.6478566645660120
0.6478838851312823
0.6479071409874928
0.6479264671917891
0.6479418929973992
0.6479534418317041
0.6479611312792372
0.6479649730696336
0.6479649730696336
0.6479611312792372
0.6479534418317041
0.6479418929973992
0.6479264671917891
0.6479071409874928
0.6478838851312823
0.6478566645660120
0.6478254384587074
0.6477901602351051
0.6477507776222076
0.6477072326994736
0.6476594619605310
0.6476073963866791
0.6475509615340910
0.6474900776369683
0.6474246597287906
0.6473546177847056
0.6472798568878556
0.6472002774234416
0.6471157753045294
0.6470262422340751
0.6469315660086467
0.6468316308697115
0.6467263179095368
0.6466155055396473
0.6464990700310718
0.6463768861371202
0.6462488278110780
0.6461147690335207
0.6459745847665829
0.6458281520555245
0.6456753513021021
0.6455160677397016
0.6453501931458352
0.6451776278374612
0.6449982830037302
0.6448120834489013
0.6446189708360301
0.6444189075542049
0.6442118813746585
0.6439979111280124
0.6437770537413332
0.6435494131520351
0.6433151519385085
0.6430745071381251
0.6428278130969779
0.6425755375846949
0.6423183471590783
0.6420572513851521
0.6422895517832967
0.6425607548764166
0.6428278130969779
0.6430896254614064
0.6433454782589821
0.6435948841772604
0.6438375049554880
0.6440731083083072
0.6443015412079682
0.6445227118934249
0.6447365769856404
0.6449431318285415
0.6451424029979725
0.6453344423428924
0.6455193221527943
0.6456971311802912
0.6458679713294919
0.6460319548734857
0.6461892020999281
0.6463398393069911
0.6464839970908082
0.6466218088756337
0.6467534096498819
0.6468789348764111
0.6469985195519410
0.6471122973941910
0.6472204001392283
0.6473229569338554
0.6474200938105342
0.6475119332335972
0.6475985937078922
0.6476801894412744
0.6477568300541963
0.6478286203304076
0.6478956600031710
0.6479580435725409
0.6480158601496923
0.6480691933245242
0.6481181210536432
0.6481627155658448
0.6482030432826921
0.6482391647523265
0.6482711345942139
0.6482990014537252
0.6483228079649417
0.6483425907203598
0.6483583802469216
0.6483702009870694
0.6483780712844289
0.6483820033736474
0.6483820033736474
0.6483780712844289
0.6483702009870694
0.6483583802469216
0.6483425907203598
0.6483228079649417
0.6482990014537252
0.6482711345942139
0.6482391647523265
0.6482030432826921
0.6481627155658448
0.6481181210536432
0.6480691933245242
0.6480158601496923
0.6479580435725409
0.6478956600031710
0.6478286203304076
0.6477568300541963
0.6476801894412751
0.6475985937078922
0.6475119332335972
0.6474200938105342
0.6473229569338554
0.6472204001392283
0.6471122973941910
0.6469985195519410
0.6468789348764111
0.6467534096498819
0.6466218088756337
0.6464839970908082
0.6463398393069911
0.6461892020999281
0.6460319548734857
0.6458679713294945
0.6456971311802944
0.6455193221527942
0.6453344423428924
0.6451424029979725
0.6449431318285413
0.6447365769856404
0.6445227118934249
0.6443015412079682
0.6440731083083072
0.6438375049554894
0.6435948841772604
0.6433454782589821
0.6430896254614064
0.6428278130969779
0.6425607548764164
0.6422895517832967
0.6425172178713886
0.6427980258273513
0.6430745071381251
0.6433454782589821
0.6436101726470238
0.6438680734769745
0.6441188289325734
0.6443622034651433
0.6445980472615063
0.6448262757988636
0.6450468553939247
0.6452597925380195
0.6454651257517968
0.6456629191955839
0.6458532575501171
0.6460362418468953
0.6462119860276467
0.6463806140758896
0.6465422576059343
0.6466970538232951
0.6468451437904555
0.6469866709462792
0.6471217798380254
0.6472506150334815
0.6473733201852130
0.6474900372254340
0.6476009056727726
0.6477060620353224
0.6478056392966176
0.6478997664736688
0.6479885682371639
0.6480721645856434
0.6481506705664924
0.6482241960377290
0.6482928454647221
0.6483567177479349
0.6484159060765488
0.6484704978054678
0.6485205743516196
0.6485662111074729
0.6486074773689513
0.6486444362758539
0.6486771447628505
0.6487056535194758
0.6487300069577736
0.6487502431863652
0.6487663939900435
0.6487784848138665
0.6487865347513899
0.6487905565361123
0.6487905565361123
0.6487865347513909
0.6487784848138665
0.6487663939900435
0.6487502431863656
0.6487300069577736
0.6487056535194758
0.6486771447628505
0.6486444362758539
0.6486074773689513
0.6485662111074729
0.6485205743516196
0.6484704978054678
0.6484159060765488
0.6483567177479320
0.6482928454647221
0.6482241960377290
0.6481506705664924
0.6480721645856434
0.6479885682371639
0.6478997664736688
0.6478056392966176
0.6477060620353255
0.6476009056727726
0.6474900372254340
0.6473733201852130
0.6472506150334815
0.6471217798380254
0.6469866709462792
0.6468451437904555
0.6466970538232951
0.6465422576059343
0.6463806140758896
0.6462119860276483
0.6460362418468953
0.6458532575501171
0.6456629191955839
0.6454651257518005
0.6452597925380195
0.6450468553939247
0.6448262757988636
0.6445980472615063
0.6443622034651429
0.6441188289325734
0.6438680734769745
0.6436101726470238
0.6433454782589821
0.6430745071381251
0.6427980258273513
0.6425172178713886
0.6427397676909880
0.6430296948764792
0.6433151519385085
0.6435948841772604
0.6438680734769745
0.6441341693201729
0.6443928002753574
0.6446437214166637
0.6448867806918289
0.6451218961979883
0.6453490401230284
0.6455682269630693
0.6457795046032372
0.6459829473899645
0.6461786506360307
0.6463667261872342
0.6465472987961169
0.6467205031225506
0.6468864812310181
0.6470453804869764
0.6471973517788916
0.6473425480086438
0.6474811228055082
0.6476132294275908
0.6477390198218769
0.6478586438188442
0.6479722484421160
0.6480799773166371
0.6481819701612602
0.6482783623548699
0.6483692845649132
0.6484548624304489
0.6485352162923869
0.6486104609641826
0.6486807055378017
0.6487460532198497
0.6488066011939022
0.6488624405053521
0.6489136559654143
0.6489603260717512
0.6490025229430262
0.6490403122654574
0.6490737532493923
0.6491028985944114
0.6491277944614330
0.6491484804507406
0.6491649895850387
0.6491773482962718
0.6491855764161667
0.6491896871694255
0.6491896871694255
0.6491855764161667
0.6491773482962702
0.6491649895850380
0.6491484804507391
0.6491277944614330
0.6491028985944114
0.6490737532493923
0.6490403122654574
0.6490025229430262
0.6489603260717481
0.6489136559654139
0.6488624405053521
0.6488066011939022
0.6487460532198497
0.6486807055378017
0.6486104609641846
0.6485352162923869
0.6484548624304489
0.6483692845649132
0.6482783623548733
0.6481819701612602
0.6480799773166371
0.6479722484421135
0.6478586438188442
0.6477390198218769
0.6476132294275908
0.6474811228055082
0.6473425480086413
0.6471973517788916
0.6470453804869764
0.6468864812310179
0.6467205031225506
0.6465472987961169
0.6463667261872342
0.6461786506360296
0.6459829473899645
0.6457795046032372
0.6455682269630693
0.6453490401230284
0.6451218961979883
0.6448867806918289
0.6446437214166637
0.6443928002753574
0.6441341693201729
0.6438680734769745
0.6435948841772604
0.6433151519385085
0.6430296948764792
0.6427397676909880
0.6429568384458524
0.6432554191983012
0.6435494131520333
0.6438375049554880
0.6441188289325710
0.6443928002753574
0.6446590248454234
0.6449172442708230
0.6451673000744591
0.6454091090796068
0.6456426458953856
0.6458679300412224
0.6460850162214029
0.6462939868065927
0.6464949459076887
0.6466880146270234
0.6468733272013584
0.6470510278336310
0.6472212680664992
0.6473842045886419
0.6475399973914778
0.6476888082127968
0.6478307992178122
0.6479661318782265
0.6480949660177222
0.6482174589978912
0.6483337650239094
0.6484440345518101
0.6485484137830975
0.6486470442341654
0.6487400623698786
0.6488275992926651
0.6489097804790441
0.6489867255573533
0.6490585481205987
0.6491253555697792
0.6491872489832543
0.6492443230082895
0.6492966657715160
0.6493443588060257
0.6493874769916033
0.6494260885067453
0.6494602547902600
0.6494900305109799
0.6495154635437991
0.6495365949514544
0.6495534589705592
0.6495660830011218
0.6495744875990526
0.6495786864709572
0.6495786864709572
0.6495744875990526
0.6495660830011218
0.6495534589705592
0.6495365949514544
0.6495154635437986
0.6494900305109799
0.6494602547902600
0.6494260885067453
0.6493874769916034
0.6493443588060257
0.6492966657715156
0.6492443230082895
0.6491872489832543
0.6491253555697792
0.6490585481205987
0.6489867255573541
0.6489097804790441
0.6488275992926651
0.6487400623698786
0.6486470442341654
0.6485484137830975
0.6484440345518101
0.6483337650239094
0.6482174589978912
0.6480949660177222
0.6479661318782265
0.6478307992178122
0.6476888082127968
0.6475399973914778
0.6473842045886419
0.6472212680664992
0.6470510278336310
0.6468733272013584
0.6466880146270234
0.6464949459076887
0.6462939868065927
0.6460850162214029
0.6458679300412224
0.6456426458953856
0.6454091090796067
0.6451673000744591
0.6449172442708230
0.6446590248454234
0.6443928002753574
0.6441188289325710
0.6438375049554880
0.6435494131520333
0.6432554191983012
0.6429568384458499
0.6431681588429673
0.6434749482207637
0.6437770537413332
0.6440731083083071
0.6443622034651429
0.6446437214166637
0.6449172442708230
0.6451824978528805
0.6454393143390799
0.6456876062477204
0.6459273477148110
0.6461585606389041
0.6463813041869496
0.6465956666838513
0.6468017592336665
0.6469997106276444
0.6471896632269137
0.6473717695974174
0.6475461897347073
0.6477130887582666
0.6478726349837443
0.6480249983038847
0.6481703488228207
0.6483088557011273
0.6484406861768272
0.6485660047345251
0.6486849723996608
0.6487977461391784
0.6489044783526525
0.6490053164409281
0.6491004024409784
0.6491898727174802
0.6492738577031599
0.6493524816809289
0.6494258626017957
0.6494941119333619
0.6495573345346792
0.6496156285531638
0.6496690853406937
0.6497177893855084
0.6497618182576189
0.6498012425655308
0.6498361259221496
0.6498665249183881
0.6498924891030234
0.6499140609674716
0.6499312759346094
0.6499441623507036
0.6499527414796846
0.6499570274994462
0.6499570274994462
0.6499527414796846
0.6499441623507036
0.6499312759346094
0.6499140609674716
0.6498924891030230
0.6498665249183886
0.6498361259221496
0.6498012425655308
0.6497618182576185
0.6497177893855084
0.6496690853406937
0.6496156285531646
0.6495573345346792
0.6494941119333619
0.6494258626017957
0.6493524816809289
0.6492738577031599
0.6491898727174802
0.6491004024409784
0.6490053164409278
0.6489044783526525
0.6487977461391784
0.6486849723996608
0.6485660047345251
0.6484406861768283
0.6483088557011273
0.6481703488228205
0.6480249983038847
0.6478726349837443
0.6477130887582666
0.6475461897347073
0.6473717695974174
0.6471896632269137
0.6469997106276444
0.6468017592336665
0.6465956666838513
0.6463813041869496
0.6461585606389041
0.6459273477148075
0.6456876062477204
0.6454393143390794
0.6451824978528805
0.6449172442708230
0.6446437214166637
0.6443622034651429
0.6440731083083071
0.6437770537413332
0.6434749482207637
0.6431681588429680
0.6433735299353600
0.6436881035506822
0.6439979111280121
0.6443015412079678
0.6445980472615113
0.6448867806918289
0.6451673000744591
0.6454393143390800
0.6457026444656954
0.6459571964667494
0.6462029417155080
0.6464399022665778
0.6466681396748793
0.6468877463286241
0.6470988386274344
0.6473015515406657
0.6474960342166175
0.6476824464040593
0.6478609555112997
0.6480317341717541
0.6481949582171407
0.6483508049816467
0.6484994518778316
0.6486410751970719
0.6487758490970728
0.6489039447461656
0.6490255295995667
0.6491407667872994
0.6492498145969436
0.6493528260370159
0.6494499484691499
0.6495413232990644
0.6496270857177229
0.6497073644854885
0.6497822817527267
0.6498519529118213
0.6499164864756785
0.6499759839787888
0.6500305398972807
0.6500802415850828
0.6501251692232854
0.6501653957805956
0.6502009869831250
0.6502320012911627
0.6502584898822349
0.6502804966385590
0.6502980581383042
0.6503112036494637
0.6503199551258655
0.6503243272046340
0.6503243272046340
0.6503199551258655
0.6503112036494650
0.6502980581383042
0.6502804966385590
0.6502584898822349
0.6502320012911627
0.6502009869831250
0.6501653957805956
0.6501251692232854
0.6500802415850828
0.6500305398972807
0.6499759839787888
0.6499164864756775
0.6498519529118213
0.6497822817527267
0.6497073644854885
0.6496270857177209
0.6495413232990644
0.6494499484691499
0.6493528260370159
0.6492498145969436
0.6491407667872982
0.6490255295995667
0.6489039447461656
0.6487758490970805
0.6486410751970719
0.6484994518778316
0.6483508049816467
0.6481949582171407
0.6480317341717541
0.6478609555112997
0.6476824464040593
0.6474960342166175
0.6473015515406657
0.6470988386274344
0.6468877463286241
0.6466681396748793
0.6464399022665778
0.6462029417155080
0.6459571964667494
0.6457026444656954
0.6454393143390799
0.6451673000744591
0.6448867806918286
0.6445980472615113
0.6443015412079678
0.6439979111280121
0.6436881035506822
0.6433735299353600
0.6435728110620280
0.6438947645228706
0.6442118813746585
0.6445227118934259
0.6448262757988636
0.6451218961979883
0.6454091090796067
0.6456876062477204
0.6459571964667488
0.6462177777555038
0.6464693170067760
0.6467118346446974
0.6469453928587366
0.6471700864389195
0.6473860355408514
0.6475933799063907
0.6477922741997639
0.6479828842101523
0.6481653837358966
0.6483399520112344
0.6485067715693222
0.6486660264597516
0.6488179007561307
0.6489625773032683
0.6491002366632838
0.6492310562279757
0.6493552094708613
0.6494728653169792
0.6495841876121866
0.6496893346772222
0.6497884589335156
0.6498817065901530
0.6499692173831358
0.6500511243588999
0.6501275536954813
0.6501986245561517
0.6502644489698781
0.6503251317349806
0.6503807703419565
0.6504314549125809
0.6504772681524227
0.6505182853141892
0.6505545741703591
0.6505861949928385
0.6506132005383813
0.6506356360384274
0.6506535391923357
0.6506669401629669
0.6506758615740695
0.6506803185087670
0.6506803185087684
0.6506758615740695
0.6506669401629710
0.6506535391923357
0.6506356360384274
0.6506132005383818
0.6505861949928385
0.6505545741703591
0.6505182853141892
0.6504772681524227
0.6504314549125809
0.6503807703419565
0.6503251317349806
0.6502644489698762
0.6501986245561517
0.6501275536954813
0.6500511243588999
0.6499692173831358
0.6498817065901530
0.6497884589335156
0.6496893346772230
0.6495841876121866
0.6494728653169792
0.6493552094708613
0.6492310562279757
0.6491002366632838
0.6489625773032683
0.6488179007561307
0.6486660264597496
0.6485067715693222
0.6483399520112330
0.6481653837358966
0.6479828842101523
0.6477922741997639
0.6475933799063907
0.6473860355408496
0.6471700864389195
0.6469453928587366
0.6467118346446967
0.6464693170067760
0.6462177777555030
0.6459571964667488
0.6456876062477204
0.6454091090796067
0.6451218961979883
0.6448262757988634
0.6445227118934259
0.6442118813746585
0.6438947645228706
0.6435728110620280
0.6437659091062142
0.6440948572846188
0.6444189075542049
0.6447365769856404
0.6450468553939247
0.6453490401230275
0.6456426458953856
0.6459273477148098
0.6462029417155080
0.6464693170067760
0.6467264347800630
0.6469743124514266
0.6472130114148475
0.6474426274489303
0.6476632831114009
0.6478751216462654
0.6480783020587244
0.6482729951020211
0.6484593799852466
0.6486376416565429
0.6488079685498184
0.6489705507086274
0.6491255782184615
0.6492732398937778
0.6494137221762384
0.6495472082093665
0.6496738770607262
0.6497939030687819
0.6499074552944634
0.6500146970618491
0.6501157855741118
0.6502108715934721
0.6503000991756901
0.6503836054504799
0.6504615204413807
0.6505339669186725
0.6506010602804078
0.6506629084570411
0.6507196118357471
0.6507712632014202
0.6508179476910324
0.6508597427593423
0.6508967181534097
0.6509289358943923
0.6509564502649967
0.6509793078009993
0.6509975472861882
0.6510111997492061
0.6510202884621671
0.6510248289399171
0.6510248289399179
0.6510202884621671
0.6510111997492061
0.6509975472861882
0.6509793078009993
0.6509564502649967
0.6509289358943923
0.6508967181534097
0.6508597427593423
0.6508179476910324
0.6507712632014202
0.6507196118357471
0.6506629084570411
0.6506010602804078
0.6505339669186725
0.6504615204413807
0.6503836054504799
0.6503000991756910
0.6502108715934721
0.6501157855741118
0.6500146970618491
0.6499074552944634
0.6497939030687825
0.6496738770607218
0.6495472082093665
0.6494137221762373
0.6492732398937778
0.6491255782184615
0.6489705507086274
0.6488079685498189
0.6486376416565429
0.6484593799852466
0.6482729951020171
0.6480783020587244
0.6478751216462654
0.6476632831114003
0.6474426274489303
0.6472130114148475
0.6469743124514266
0.6467264347800630
0.6464693170067760
0.6462029417155080
0.6459273477148088
0.6456426458953856
0.6453490401230275
0.6450468553939247
0.6447365769856404
0.6444189075542049
0.6440948572846188
0.6437659091062142
0.6439527700458979
0.6442883462722310
0.6446189708360301
0.6449431318285448
0.6452597925380195
0.6455682269630685
0.6458679300412217
0.6461585606389041
0.6464399022665783
0.6467118346446974
0.6469743124514266
0.6472273490762668
0.6474710039893619
0.6477053727897704
0.6479305792776602
0.6481467690796872
0.6483541044814682
0.6485527602092634
0.6487429199658288
0.6489247735702196
0.6490985145864306
0.6492643383497502
0.6494224403193378
0.6495730147004699
0.6497162532899615
0.6498523445082276
0.6499814725876184
0.6501038168915018
0.6502195513447800
0.6503288439574640
0.6504318564275149
0.6505287438113414
0.6506196542502540
0.6507047287461309
0.6507841009774342
0.6508578971499164
0.6509262358763532
0.6509892280808193
0.6510469769231932
0.6510995777408032
0.6511471180038196
0.6511896772821109
0.6512273272212413
0.6512601315256090
0.6512881459471659
0.6513114182783999
0.6513299883483625
0.6513438880205986
0.6513531411926126
0.6513577637958247
0.6513577637958247
0.6513531411926126
0.6513438880205986
0.6513299883483625
0.6513114182783999
0.6512881459471642
0.6512601315256081
0.6512273272212413
0.6511896772821109
0.6511471180038196
0.6510995777408032
0.6510469769231968
0.6509892280808198
0.6509262358763525
0.6508578971499164
0.6507841009774342
0.6507047287461323
0.6506196542502539
0.6505287438113403
0.6504318564275149
0.6503288439574640
0.6502195513447789
0.6501038168915018
0.6499814725876184
0.6498523445082312
0.6497162532899617
0.6495730147004699
0.6494224403193378
0.6492643383497502
0.6490985145864306
0.6489247735702196
0.6487429199658288
0.6485527602092637
0.6483541044814682
0.6481467690796889
0.6479305792776602
0.6477053727897691
0.6474710039893619
0.6472273490762668
0.6469743124514266
0.6467118346446974
0.6464399022665801
0.6461585606389041
0.6458679300412217
0.6455682269630685
0.6452597925380195
0.6449431318285448
0.6446189708360301
0.6442883462722310
0.6439527700458979
0.6441333721601814
0.6444752273925151
0.6448120834489013
0.6451424029979731
0.6454651257517968
0.6457795046032371
0.6460850162214029
0.6463813041869445
0.6466681396748791
0.6469453928587362
0.6472130114148434
0.6474710039893614
0.6477194272675065
0.6479583757288530
0.6481879734460870
0.6484083674628974
0.6486197224076932
0.6488222160853846
0.6490160358495962
0.6492013756041417
0.6493784333143944
0.6495474089358573
0.6497085026847940
0.6498619135930086
0.6500078382969283
0.6501464700240458
0.6502779977432934
0.6504026054539407
0.6505204715910208
0.6506317685291798
0.6507366621697699
0.6508353115985173
0.6509278688028602
0.6510144784397612
0.6510952776463614
0.6511703958866112
0.6512399548282327
0.6513040682450946
0.6513628419408672
0.6514163736900263
0.6514647531933876
0.6515080620452866
0.6515463737101713
0.6515797535063740
0.6516082585958083
0.6516319379776477
0.6516508324850731
0.6516649747841468
0.6516743893736131
0.6516790925854173
0.6516790925854201
0.6516743893736131
0.6516649747841468
0.6516508324850731
0.6516319379776448
0.6516082585958083
0.6515797535063740
0.6515463737101713
0.6515080620452866
0.6514647531933860
0.6514163736900263
0.6513628419408672
0.6513040682450946
0.6512399548282330
0.6511703958866112
0.6510952776463614
0.6510144784397606
0.6509278688028602
0.6508353115985216
0.6507366621697700
0.6506317685291798
0.6505204715910208
0.6504026054539407
0.6502779977432934
0.6501464700240424
0.6500078382969283
0.6498619135930086
0.6497085026847940
0.6495474089358573
0.6493784333143944
0.6492013756041415
0.6490160358495962
0.6488222160853846
0.6486197224076932
0.6484083674628974
0.6481879734460870
0.6479583757288530
0.6477194272675060
0.6474710039893614
0.6472130114148439
0.6469453928587366
0.6466681396748792
0.6463813041869443
0.6460850162214029
0.6457795046032371
0.6454651257517968
0.6451424029979731
0.6448120834489013
0.6444752273925153
0.6441333721601814
0.6443077204734940
0.6446555224680427
0.6449982830037302
0.6453344423428921
0.6456629191955839
0.6459829473899634
0.6462939868065926
0.6465956666838513
0.6468877463286243
0.6471700864389195
0.6474426274489303
0.6477053727897704
0.6479583757288530
0.6482017288902201
0.6484355558254746
0.6486600041789952
0.6488752401082652
0.6490814437031742
0.6492788052070060
0.6494675218866571
0.6496477954311232
0.6498198297834922
0.6499838293305088
0.6501399973880863
0.6502885349330993
0.6504296395413385
0.6505635044979670
0.6506903180532830
0.6508102628008419
0.6509235151589197
0.6510302449396347
0.6511306149917320
0.6512247809062591
0.6513128907751166
0.6513950849943466
0.6514714961051599
0.6515422486667174
0.6516074591553194
0.6516672358858207
0.6517216789512092
0.6517708801771916
0.6518149230889043
0.6518538828872594
0.6518878264329712
0.6519168122363049
0.6519408904512066
0.6519601028724453
0.6519744829347582
0.6519840557130699
0.6519888379233552
0.6519888379233550
0.6519840557130699
0.6519744829347582
0.6519601028724453
0.6519408904512066
0.6519168122363049
0.6518878264329718
0.6518538828872594
0.6518149230889043
0.6517708801771916
0.6517216789512085
0.6516672358858207
0.6516074591553194
0.6515422486667174
0.6514714961051603
0.6513950849943463
0.6513128907751166
0.6512247809062601
0.6511306149917269
0.6510302449396347
0.6509235151589197
0.6508102628008419
0.6506903180532827
0.6505635044979670
0.6504296395413385
0.6502885349330972
0.6501399973880863
0.6499838293305088
0.6498198297834921
0.6496477954311219
0.6494675218866575
0.6492788052070060
0.6490814437031746
0.6488752401082654
0.6486600041789924
0.6484355558254746
0.6482017288902201
0.6479583757288530
0.6477053727897704
0.6474426274489303
0.6471700864389195
0.6468877463286241
0.6465956666838513
0.6462939868065927
0.6459829473899634
0.6456629191955839
0.6453344423428921
0.6449982830037302
0.6446555224680427
0.6443077204734940
0.6444758421516299
0.6448292746477540
0.6451776278374607
0.6455193221527942
0.6458532575501168
0.6461786506360282
0.6464949459076887
0.6468017592336665
0.6470988386274344
0.6473860355408496
0.6476632831114009
0.6479305792776602
0.6481879734460866
0.6484355558254735
0.6486734488114182
0.6489017999715444
0.6491207762977219
0.6493305594719572
0.6495313419497138
0.6497233237078885
0.6499067095369172
0.6500817067802180
0.6502485234438981
0.6504073666139439
0.6505584411300561
0.6507019484742348
0.6508380858398045
0.6509670453522115
0.6510890134181573
0.6512041701827809
0.6513126890786128
0.6514147364520545
0.6515104712553960
0.6516000447945138
0.6516836005232423
0.6517612738774459
0.6518331921421231
0.6518994743464380
0.6519602311816869
0.6520155649384543
0.6520655694593865
0.6521103301046434
0.6521499237273026
0.6521844186569538
0.6522138746891072
0.6522383430791798
0.6522578665396837
0.6522724792393655
0.6522822068035484
0.6522870663150339
0.6522870663150339
0.6522822068035483
0.6522724792393655
0.6522578665396837
0.6522383430791798
0.6522138746891072
0.6521844186569538
0.6521499237273026
0.6521103301046434
0.6520655694593864
0.6520155649384543
0.6519602311816869
0.6518994743464380
0.6518331921421224
0.6517612738774459
0.6516836005232423
0.6516000447945138
0.6515104712553960
0.6514147364520545
0.6513126890786129
0.6512041701827812
0.6510890134181561
0.6509670453522115
0.6508380858398045
0.6507019484742353
0.6505584411300561
0.6504073666139439
0.6502485234438981
0.6500817067802180
0.6499067095369185
0.6497233237078900
0.6495313419497108
0.6493305594719572
0.6491207762977219
0.6489017999715444
0.6486734488114182
0.6484355558254735
0.6481879734460866
0.6479305792776602
0.6476632831114009
0.6473860355408496
0.6470988386274344
0.6468017592336665
0.6464949459076887
0.6461786506360288
0.6458532575501168
0.6455193221527940
0.6451776278374607
0.6448292746477540
0.6444758421516299
0.6446377826450286
0.6449965445730420
0.6453501931458362
0.6456971311802912
0.6460362418468945
0.6463667261872342
0.6466880146270235
0.6469997106276424
0.6473015515406655
0.6475933799063907
0.6478751216462654
0.6481467690796872
0.6484083674628975
0.6486600041789924
0.6489017999715444
0.6491339017795800
0.6493564768459164
0.6495697078482189
0.6497737888588410
0.6499689219817126
0.6501553145451229
0.6503331767536877
0.6505027197214699
0.6506641538227218
0.6508176873083914
0.6509635251453291
0.6511018680432736
0.6512329116398213
0.6513568458191414
0.6514738541436524
0.6515841133814726
0.6516877931149104
0.6517850554176262
0.6518760545899172
0.6519609369429769
0.6520398406246655
0.6521128954799494
0.6521802229404574
0.6522419359381589
0.6522981388391423
0.6523489273939685
0.6523943887006514
0.6524346011790050
0.6524696345528482
0.6524995498386887
0.6525243993392228
0.6525442266400030
0.6525590666084282
0.6525689453939142
0.6525738804287072
0.6525738804287075
0.6525689453939142
0.6525590666084282
0.6525442266400030
0.6525243993392228
0.6524995498386886
0.6524696345528482
0.6524346011790051
0.6523943887006513
0.6523489273939685
0.6522981388391419
0.6522419359381589
0.6521802229404574
0.6521128954799494
0.6520398406246655
0.6519609369429769
0.6518760545899172
0.6517850554176250
0.6516877931149104
0.6515841133814726
0.6514738541436524
0.6513568458191409
0.6512329116398213
0.6511018680432736
0.6509635251453291
0.6508176873083907
0.6506641538227218
0.6505027197214699
0.6503331767536877
0.6501553145451229
0.6499689219817127
0.6497737888588410
0.6495697078482189
0.6493564768459164
0.6491339017795831
0.6489017999715444
0.6486600041789924
0.6484083674628975
0.6481467690796889
0.6478751216462657
0.6475933799063907
0.6473015515406657
0.6469997106276424
0.6466880146270235
0.6463667261872342
0.6460362418468945
0.6456971311802912
0.6453501931458362
0.6449965445730413
0.6446377826450286
0.6447936024316387
0.6451574071460860
0.6455160677397020
0.6458679713294945
0.6462119860276472
0.6465472987961169
0.6468733272013588
0.6471896632269162
0.6474960342166175
0.6477922741997639
0.6480783020587244
0.6483541044814682
0.6486197224076929
0.6488752401082665
0.6491207762977219
0.6493564768459164
0.6495825087640150
0.6497990552188090
0.6500063113836246
0.6502044809748369
0.6503937733535430
0.6505744010961583
0.6507465779552475
0.6509105171464953
0.6510664299094376
0.6512145242983026
0.6513550041669134
0.6514880683176707
0.6516139097892197
0.6517327152617149
0.6518446645617901
0.6519499302521287
0.6520486772924063
0.6521410627611750
0.6522272356290061
0.6523073365747895
0.6523814978384846
0.6524498431043745
0.6525124874095574
0.6525695370735733
0.6526210896451364
0.6526672338628786
0.6527080496272317
0.6527436079810944
0.6527739710972491
0.6527991922708536
0.6528193159154073
0.6528343775611664
0.6528444038550523
0.6528494125611043
0.6528494125611043
0.6528444038550523
0.6528343775611664
0.6528193159154073
0.6527991922708536
0.6527739710972491
0.6527436079810948
0.6527080496272322
0.6526672338628786
0.6526210896451364
0.6525695370735743
0.6525124874095576
0.6524498431043741
0.6523814978384846
0.6523073365747895
0.6522272356290061
0.6521410627611750
0.6520486772924063
0.6519499302521287
0.6518446645617901
0.6517327152617136
0.6516139097892197
0.6514880683176707
0.6513550041669134
0.6512145242983026
0.6510664299094376
0.6509105171464953
0.6507465779552475
0.6505744010961583
0.6503937733535430
0.6502044809748369
0.6500063113836246
0.6497990552188090
0.6495825087640150
0.6493564768459164
0.6491207762977219
0.6488752401082665
0.6486197224076932
0.6483541044814682
0.6480783020587244
0.6477922741997639
0.6474960342166175
0.6471896632269162
0.6468733272013588
0.6465472987961169
0.6462119860276483
0.6458679713294945
0.6455160677397019
0.6451574071460833
0.6447936024316387
0.6449433742454733
0.6453119487872302
0.6456753513021021
0.6460319548734857
0.6463806140758896
0.6467205031225506
0.6470510278336310
0.6473717695974146
0.6476824464040593
0.6479828842101523
0.6482729951020204
0.6485527602092637
0.6488222160853846
0.6490814437031746
0.6493305594719572
0.6495697078482179
0.6497990552188094
0.6500187848156274
0.6502290924708831
0.6504301830640516
0.6506222675413178
0.6508055604112614
0.6509802776380045
0.6511466348681465
0.6513048459380512
0.6514551216176137
0.6515976685541424
0.6517326883856123
0.6518603769969232
0.6519809238986609
0.6520945117089343
0.6522013157230546
0.6523015035578605
0.6523952348592116
0.6524826610629487
0.6525639252011093
0.6526391617460786
0.6527084964866864
0.6527720464308103
0.6528299197300782
0.6528822156225801
0.6529290243903002
0.6529704273284156
0.6530064967237520
0.6530372958405429
0.6530628789115309
0.6530832911328727
0.6530985686619193
0.6531087386162713
0.6531138190739820
0.6531138190739820
0.6531087386162713
0.6530985686619193
0.6530832911328727
0.6530628789115279
0.6530372958405433
0.6530064967237520
0.6529704273284130
0.6529290243903005
0.6528822156225805
0.6528299197300782
0.6527720464308103
0.6527084964866864
0.6526391617460789
0.6525639252011093
0.6524826610629487
0.6523952348592116
0.6523015035578605
0.6522013157230546
0.6520945117089368
0.6519809238986609
0.6518603769969232
0.6517326883856094
0.6515976685541424
0.6514551216176137
0.6513048459380512
0.6511466348681465
0.6509802776380045
0.6508055604112611
0.6506222675413185
0.6504301830640516
0.6502290924708857
0.6500187848156274
0.6497990552188094
0.6495697078482183
0.6493305594719572
0.6490814437031749
0.6488222160853846
0.6485527602092637
0.6482729951020204
0.6479828842101523
0.6476824464040593
0.6473717695974174
0.6470510278336310
0.6467205031225506
0.6463806140758896
0.6460319548734857
0.6456753513021021
0.6453119487872302
0.6449433742454679
0.6450871807058408
0.6454602650928699
0.6458281520555245
0.6461892020999279
0.6465422576059343
0.6468864812310179
0.6472212680664988
0.6475461897347073
0.6478609555112999
0.6481653837358963
0.6484593799852466
0.6487429199658288
0.6490160358495962
0.6492788052070098
0.6495313419497115
0.6497737888588410
0.6500063113836252
0.6502290924708831
0.6504423282372207
0.6506462243372907
0.6508409929093070
0.6510268500024394
0.6512040134078344
0.6513727008291860
0.6515331283393782
0.6516855090796907
0.6518300521634176
0.6519669617541353
0.6520964362915739
0.6522186678433209
0.6523338415633319
0.6524421352417391
0.6525437189315504
0.6526387546414439
0.6527273960838795
0.6528097884704094
0.6528860683467698
0.6529563634609646
0.6530207926595292
0.6530794658065575
0.6531324837218774
0.6531799381347554
0.6532219116499365
0.6532584777235141
0.6532897006467664
0.6533156355354052
0.6533363283232649
0.6533518157588619
0.6533621254039355
0.6533672756328857
0.6533672756328847
0.6533621254039355
0.6533518157588619
0.6533363283232649
0.6533156355354052
0.6532897006467664
0.6532584777235144
0.6532219116499365
0.6531799381347554
0.6531324837218808
0.6530794658065575
0.6530207926595284
0.6529563634609646
0.6528860683467698
0.6528097884704094
0.6527273960838795
0.6526387546414419
0.6525437189315504
0.6524421352417382
0.6523338415633372
0.6522186678433209
0.6520964362915739
0.6519669617541353
0.6518300521634176
0.6516855090796907
0.6515331283393799
0.6513727008291860
0.6512040134078344
0.6510268500024394
0.6508409929093065
0.6506462243372907
0.6504423282372207
0.6502290924708857
0.6500063113836252
0.6497737888588410
0.6495313419497115
0.6492788052070084
0.6490160358495962
0.6487429199658288
0.6484593799852466
0.6481653837358963
0.6478609555112999
0.6475461897347075
0.6472212680664988
0.6468864812310179
0.6465422576059343
0.6461892020999279
0.6458281520555245
0.6454602650928699
0.6450871807058408
0.6452251122798249
0.6456024588267516
0.6459745847665829
0.6463398393069911
0.6466970538232945
0.6470453804869764
0.6473842045886422
0.6477130887582659
0.6480317341717541
0.6483399520112291
0.6486376416565428
0.6489247735702196
0.6492013756041417
0.6494675218866575
0.6497233237078887
0.6499689219817135
0.6502044809748372
0.6504301830640516
0.6506462243372907
0.6508528108927858
0.6510501557189330
0.6512384760600967
0.6514179911907210
0.6515889205340131
0.6517514820710244
0.6519058909972701
0.6520523585885253
0.6521910912450419
0.6523222896873736
0.6524461482817444
0.6525628544754490
0.6526725883262644
0.6527755221117153
0.6528718200065077
0.6529616378174342
0.6530451227674795
0.6531224133209896
0.6531936390435913
0.6532589204912389
0.6533183691234072
0.6533720872361003
0.6534201679112615
0.6534626949793075
0.6534997429921497
0.6535313772043951
0.6535576535607465
0.6535786186880745
0.6535943098907505
0.6536047551481405
0.6536099731134906
0.6536099731134906
0.6536047551481405
0.6535943098907505
0.6535786186880743
0.6535576535607452
0.6535313772043951
0.6534997429921497
0.6534626949793111
0.6534201679112615
0.6533720872361003
0.6533183691234072
0.6532589204912389
0.6531936390435913
0.6531224133209896
0.6530451227674795
0.6529616378174352
0.6528718200065077
0.6527755221117153
0.6526725883262647
0.6525628544754490
0.6524461482817444
0.6523222896873736
0.6521910912450419
0.6520523585885253
0.6519058909972701
0.6517514820710244
0.6515889205340131
0.6514179911907210
0.6512384760600967
0.6510501557189330
0.6508528108927852
0.6506462243372907
0.6504301830640516
0.6502044809748372
0.6499689219817127
0.6497233237078901
0.6494675218866575
0.6492013756041415
0.6489247735702196
0.6486376416565429
0.6483399520112291
0.6480317341717541
0.6477130887582659
0.6473842045886422
0.6470453804869764
0.6466970538232945
0.6463398393069911
0.6459745847665829
0.6456024588267516
0.6452251122798249
0.6453572655242010
0.6457386381902815
0.6461147690335201
0.6464839970908082
0.6468451437904554
0.6471973517788895
0.6475399973914778
0.6478726349837401
0.6481949582171410
0.6485067715693171
0.6488079685498189
0.6490985145864289
0.6493784333143944
0.6496477954311232
0.6499067095369172
0.6501553145451253
0.6503937733535430
0.6506222675413191
0.6508409929093073
0.6510501557189330
0.6512499695142415
0.6514406524325899
0.6516224249273825
0.6517955078383442
0.6519601207574472
0.6521164806451792
0.6522648006604009
0.6524052891719614
0.6525381489258216
0.6526635763445061
0.6527817609396618
0.6528928848215810
0.6529971222907160
0.6530946394996332
0.6531855941747078
0.6532701353883834
0.6533484033742093
0.6534205293783311
0.6534866355407712
0.6535468348023105
0.6536012308321052
0.6536499179724746
0.6536929811973987
0.6537304960824217
0.6537625287830593
0.6537891360199461
0.6538103650691168
0.6538262537559396
0.6538368304514711
0.6538421140704632
0.6538421140704632
0.6538368304514711
0.6538262537559396
0.6538103650691168
0.6537891360199461
0.6537625287830593
0.6537304960824217
0.6536929811973948
0.6536499179724746
0.6536012308321052
0.6535468348023102
0.6534866355407712
0.6534205293783304
0.6533484033742093
0.6532701353883834
0.6531855941747078
0.6530946394996332
0.6529971222907160
0.6528928848215819
0.6527817609396616
0.6526635763445061
0.6525381489258216
0.6524052891719616
0.6522648006604009
0.6521164806451792
0.6519601207574472
0.6517955078383442
0.6516224249273825
0.6514406524325899
0.6512499695142415
0.6510501557189330
0.6508409929093074
0.6506222675413191
0.6503937733535430
0.6501553145451229
0.6499067095369172
0.6496477954311232
0.6493784333143944
0.6490985145864289
0.6488079685498189
0.6485067715693171
0.6481949582171410
0.6478726349837401
0.6475399973914778
0.6471973517788873
0.6468451437904555
0.6464839970908082
0.6461147690335201
0.6457386381902815
0.6453572655242010
0.6454837415642515
0.6458689153287400
0.6462488278110780
0.6466218088756337
0.6469866709462792
0.6473425480086438
0.6476888082127968
0.6480249983038845
0.6483508049816467
0.6486660264597516
0.6489705507086274
0.6492643383497502
0.6495474089358573
0.6498198297834915
0.6500817067802204
0.6503331767536877
0.6505744010961583
0.6508055604112611
0.6510268500024394
0.6512384760600967
0.6514406524325923
0.6516335978883482
0.6518175337915305
0.6519926821293726
0.6521592638374095
0.6523174973786879
0.6524675975396543
0.6526097744111390
0.6527442325276356
0.6528711701419273
0.6529907786156214
0.6531032419086760
0.6532087361537185
0.6533074293025949
0.6533994808344207
0.6534850415161004
0.6535642532071919
0.6536372487020832
0.6537041516038887
0.6537650762244419
0.6538201275061557
0.6538694009619065
0.6539129826294409
0.6539509490376043
0.6539833671818198
0.6540102945068723
0.6540317788950402
0.6540478586585794
0.6540585625346711
0.6540639096827129
0.6540639096827129
0.6540585625346717
0.6540478586585802
0.6540317788950402
0.6540102945068723
0.6539833671818198
0.6539509490376043
0.6539129826294408
0.6538694009619066
0.6538201275061557
0.6537650762244419
0.6537041516038887
0.6536372487020832
0.6535642532071919
0.6534850415161004
0.6533994808344207
0.6533074293025949
0.6532087361537185
0.6531032419086760
0.6529907786156278
0.6528711701419263
0.6527442325276392
0.6526097744111390
0.6524675975396543
0.6523174973786879
0.6521592638374095
0.6519926821293726
0.6518175337915305
0.6516335978883471
0.6514406524325923
0.6512384760600967
0.6510268500024394
0.6508055604112611
0.6505744010961586
0.6503331767536854
0.6500817067802204
0.6498198297834918
0.6495474089358573
0.6492643383497502
0.6489705507086274
0.6486660264597508
0.6483508049816467
0.6480249983038847
0.6476888082127968
0.6473425480086413
0.6469866709462792
0.6466218088756337
0.6462488278110780
0.6458689153287400
0.6454837415642515
0.6456046447738599
0.6459934050380099
0.6463768861371202
0.6467534096498817
0.6471217798380254
0.6474811228055039
0.6478307992178122
0.6481703488228207
0.6484994518778326
0.6488179007561307
0.6491255782184615
0.6494224403193378
0.6497085026847935
0.6499838293305088
0.6502485234438981
0.6505027197214699
0.6507465779552475
0.6509802776380045
0.6512040134078344
0.6514179911907210
0.6516224249273809
0.6518175337915305
0.6520035398246189
0.6521806659234706
0.6523491341286221
0.6525091641691722
0.6526609722271673
0.6528047698895387
0.6529407632612039
0.6530691522157960
0.6531901297649064
0.6533038815283727
0.6534105852915921
0.6535104106367967
0.6536035186377286
0.6536900616083970
0.6537701828972993
0.6538440167208311
0.6539116880289225
0.6539733123982580
0.6540289959482538
0.6540788352756454
0.6541229174045481
0.6541613197489690
0.6541941100850861
0.6542213465314041
0.6542430775348431
0.6542593418611717
0.6542701685890092
0.6542755771057926
0.6542755771057926
0.6542701685890092
0.6542593418611717
0.6542430775348431
0.6542213465314041
0.6541941100850861
0.6541613197489690
0.6541229174045481
0.6540788352756454
0.6540289959482538
0.6539733123982580
0.6539116880289225
0.6538440167208311
0.6537701828972993
0.6536900616084028
0.6536035186377286
0.6535104106367967
0.6534105852915921
0.6533038815283727
0.6531901297649064
0.6530691522157960
0.6529407632612039
0.6528047698895387
0.6526609722271669
0.6525091641691722
0.6523491341286221
0.6521806659234706
0.6520035398246178
0.6518175337915305
0.6516224249273825
0.6514179911907210
0.6512040134078344
0.6509802776380045
0.6507465779552475
0.6505027197214699
0.6502485234438981
0.6499838293305090
0.6497085026847940
0.6494224403193378
0.6491255782184615
0.6488179007561307
0.6484994518778326
0.6481703488228207
0.6478307992178122
0.6474811228055039
0.6471217798380270
0.6467534096498799
0.6463768861371201
0.6459934050380099
0.6456046447738599
0.6457200816281650
0.6461122236428074
0.6464990700310718
0.6468789348764111
0.6472506150334837
0.6476132294275918
0.6479661318782265
0.6483088557011273
0.6486410751970739
0.6489625773032651
0.6492732398937811
0.6495730147004699
0.6498619135930086
0.6501399973880863
0.6504073666139439
0.6506641538227219
0.6509105171464953
0.6511466348681465
0.6513727008291866
0.6515889205340131
0.6517955078383467
0.6519926821293720
0.6521806659234706
0.6523596828184629
0.6525299557482812
0.6526917054964158
0.6528451494309362
0.6529905004295338
0.6531279659676834
0.6532577473469489
0.6533800390436174
0.6534950281606616
0.6536028939683090
0.6537038075205894
0.6537979313367689
0.6538854191382997
0.6539664156327679
0.6540410563380189
0.6541094674399153
0.6541717656784412
0.6542280582574991
0.6542784427743669
0.6543230071650735
0.6543618296630213
0.6543949787680324
0.6544225132235799
0.6544444820007936
0.6544609242868764
0.6544718694777144
0.6544773371728961
0.6544773371728961
0.6544718694777144
0.6544609242868764
0.6544444820007930
0.6544225132235799
0.6543949787680324
0.6543618296630213
0.6543230071650735
0.6542784427743669
0.6542280582574986
0.6541717656784412
0.6541094674399153
0.6540410563380189
0.6539664156327680
0.6538854191382999
0.6537979313367689
0.6537038075205894
0.6536028939683090
0.6534950281606616
0.6533800390436197
0.6532577473469489
0.6531279659676834
0.6529905004295338
0.6528451494309362
0.6526917054964158
0.6525299557482800
0.6523596828184629
0.6521806659234710
0.6519926821293720
0.6517955078383442
0.6515889205340131
0.6513727008291860
0.6511466348681477
0.6509105171464948
0.6506641538227219
0.6504073666139439
0.6501399973880863
0.6498619135930086
0.6495730147004697
0.6492732398937811
0.6489625773032651
0.6486410751970739
0.6483088557011273
0.6479661318782289
0.6476132294275908
0.6472506150334836
0.6468789348764111
0.6464990700310718
0.6461122236428074
0.6457200816281650
0.6458301597049607
0.6462254880223243
0.6466155055396473
0.6469985195519410
0.6473733201852130
0.6477390198218754
0.6480949660177222
0.6484406861768272
0.6487758490970807
0.6491002366632838
0.6494137221762381
0.6497162532899621
0.6500078382969307
0.6502885349330950
0.6505584411300561
0.6508176873083907
0.6510664299094376
0.6513048459380512
0.6515331283393799
0.6517514820710244
0.6519601207574486
0.6521592638374095
0.6523491341286221
0.6525299557482812
0.6527019523373973
0.6528653455454821
0.6530203537386716
0.6531671908995340
0.6533060656921551
0.6534371806691701
0.6535607316008450
0.6536769069094647
0.6537858871938659
0.6538878448316555
0.6539829436476187
0.6540713386392207
0.6541531757503515
0.6542285916862204
0.6542977137631346
0.6543606597875710
0.6544175379597634
0.6544684467977376
0.6545134750780816
0.6545527017905007
0.6545861961034982
0.6546140173387289
0.6546362149524722
0.6546528285224458
0.6546638877385695
0.6546694123971702
0.6546694123971697
0.6546638877385671
0.6546528285224458
0.6546362149524722
0.6546140173387296
0.6545861961034986
0.6545527017905007
0.6545134750780816
0.6544684467977376
0.6544175379597634
0.6543606597875710
0.6542977137631346
0.6542285916862204
0.6541531757503507
0.6540713386392213
0.6539829436476203
0.6538878448316555
0.6537858871938659
0.6536769069094646
0.6535607316008440
0.6534371806691701
0.6533060656921551
0.6531671908995352
0.6530203537386716
0.6528653455454821
0.6527019523373973
0.6525299557482849
0.6523491341286221
0.6521592638374095
0.6519601207574475
0.6517514820710244
0.6515331283393782
0.6513048459380512
0.6510664299094376
0.6508176873083927
0.6505584411300576
0.6502885349330955
0.6500078382969307
0.6497162532899587
0.6494137221762381
0.6491002366632838
0.6487758490970807
0.6484406861768272
0.6480949660177222
0.6477390198218754
0.6473733201852130
0.6469985195519410
0.6466155055396473
0.6462254880223243
0.6458301597049638
0.6459349868141625
0.6463333147630007
0.6467263179095354
0.6471122973941906
0.6474900372254340
0.6478586438188442
0.6482174589978872
0.6485660047345251
0.6489039447461656
0.6492310562279752
0.6495472082093665
0.6498523445082279
0.6501464700240458
0.6504296395413385
0.6507019484742348
0.6509635251453296
0.6512145242983021
0.6514551216176139
0.6516855090796907
0.6519058909972701
0.6521164806451810
0.6523174973786879
0.6525091641691722
0.6526917054964158
0.6528653455454816
0.6530303066654827
0.6531868080527325
0.6533350646276569
0.6534752860781333
0.6536076760465680
0.6537324314407353
0.6538497418512124
0.6539597890608114
0.6540627466327282
0.6541587795666396
0.6542480440128751
0.6543306870361135
0.6544068464212713
0.6544766505154418
0.6545402180997979
0.6545976582870779
0.6546490704401183
0.6546945441079607
0.6547341589763879
0.6547679848299481
0.6547960815235687
0.6548184989614818
0.6548352770820274
0.6548464458469373
0.6548520252343777
0.6548520252343777
0.6548464458469371
0.6548352770820274
0.6548184989614818
0.6547960815235687
0.6547679848299481
0.6547341589763879
0.6546945441079599
0.6546490704401183
0.6545976582870779
0.6545402180997979
0.6544766505154418
0.6544068464212713
0.6543306870361135
0.6542480440128722
0.6541587795666396
0.6540627466327282
0.6539597890608114
0.6538497418512124
0.6537324314407353
0.6536076760465680
0.6534752860781333
0.6533350646276569
0.6531868080527362
0.6530303066654827
0.6528653455454821
0.6526917054964158
0.6525091641691722
0.6523174973786879
0.6521164806451810
0.6519058909972701
0.6516855090796907
0.6514551216176139
0.6512145242983021
0.6509635251453296
0.6507019484742347
0.6504296395413385
0.6501464700240458
0.6498523445082279
0.6495472082093665
0.6492310562279752
0.6489039447461656
0.6485660047345251
0.6482174589978871
0.6478586438188442
0.6474900372254340
0.6471122973941906
0.6467263179095354
0.6463333147630007
0.6459349868141625
0.6460346702386061
0.6464358194214626
0.6468316308697112
0.6472204001392305
0.6476009056727726
0.6479722484421135
0.6483337650239094
0.6486849723996608
0.6490255295995667
0.6493552094708613
0.6496738770607265
0.6499814725876165
0.6502779977432934
0.6505635044979670
0.6508380858398045
0.6511018680432736
0.6513550041669134
0.6515976685541414
0.6518300521634207
0.6520523585885267
0.6522648006603982
0.6524675975396571
0.6526609722271673
0.6528451494309362
0.6530203537386716
0.6531868080527362
0.6533447322509732
0.6534943420421365
0.6536358479893979
0.6537694546787437
0.6538953600126268
0.6540137546115089
0.6541248213087300
0.6542287347254935
0.6543256609149021
0.6544157570652028
0.6544991712537206
0.6545760422441638
0.6546464993204140
0.6547106621517814
0.6547686406841353
0.6548205350532048
0.6548664355158199
0.6549064223964225
0.6549405660456277
0.6549689268087493
0.6549915550023564
0.6550084908969477
0.6550197647048326
0.6550253965717407
0.6550253965717407
0.6550197647048326
0.6550084908969477
0.6549915550023564
0.6549689268087493
0.6549405660456282
0.6549064223964225
0.6548664355158199
0.6548205350532048
0.6547686406841351
0.6547106621517814
0.6546464993204140
0.6545760422441638
0.6544991712537206
0.6544157570652026
0.6543256609149021
0.6542287347254935
0.6541248213087300
0.6540137546115089
0.6538953600126268
0.6537694546787437
0.6536358479893979
0.6534943420421365
0.6533447322509707
0.6531868080527362
0.6530203537386731
0.6528451494309362
0.6526609722271673
0.6524675975396569
0.6522648006603985
0.6520523585885267
0.6518300521634207
0.6515976685541414
0.6513550041669134
0.6511018680432730
0.6508380858398010
0.6505635044979670
0.6502779977432934
0.6499814725876165
0.6496738770607220
0.6493552094708613
0.6490255295995667
0.6486849723996606
0.6483337650239094
0.6479722484421165
0.6476009056727726
0.6472204001392305
0.6468316308697112
0.6464358194214626
0.6460346702386061
0.6461293160717111
0.6465331158829950
0.6469315660086467
0.6473229569338568
0.6477060620353249
0.6480799773166371
0.6484440345518101
0.6487977461391802
0.6491407667872990
0.6494728653169792
0.6497939030687825
0.6501038168915025
0.6504026054539411
0.6506903180532830
0.6509670453522115
0.6512329116398213
0.6514880683176694
0.6517326883856102
0.6519669617541362
0.6521910912450419
0.6524052891719634
0.6526097744111387
0.6528047698895387
0.6529905004295338
0.6531671908995299
0.6533350646276550
0.6534943420421366
0.6536452395072042
0.6537879683282380
0.6539227339029205
0.6540497349986745
0.6541691631394918
0.6542812020869312
0.6543860274025489
0.6544838060804553
0.6545746962401084
0.6546588468708328
0.6547363976205214
0.6548074786219450
0.6548722103510963
0.6549307035122824
0.6549830589461330
0.6550293675561600
0.6550697102511187
0.6551041579001637
0.6551327712983397
0.6551556011406744
0.6551726880027838
0.6551840623271776
0.6551897444136970
0.6551897444136972
0.6551840623271776
0.6551726880027831
0.6551556011406744
0.6551327712983408
0.6551041579001637
0.6550697102511202
0.6550293675561600
0.6549830589461330
0.6549307035122824
0.6548722103510970
0.6548074786219450
0.6547363976205214
0.6546588468708328
0.6545746962401053
0.6544838060804562
0.6543860274025488
0.6542812020869295
0.6541691631394918
0.6540497349986745
0.6539227339029177
0.6537879683282380
0.6536452395072005
0.6534943420421366
0.6533350646276550
0.6531671908995299
0.6529905004295338
0.6528047698895387
0.6526097744111387
0.6524052891719604
0.6521910912450419
0.6519669617541357
0.6517326883856094
0.6514880683176694
0.6512329116398213
0.6509670453522115
0.6506903180532830
0.6504026054539351
0.6501038168915018
0.6497939030687813
0.6494728653169792
0.6491407667872990
0.6487977461391802
0.6484440345518101
0.6480799773166379
0.6477060620353249
0.6473229569338568
0.6469315660086467
0.6465331158829983
0.6461293160717111
0.6462190286393023
0.6466253158033490
0.6470262422340751
0.6474200938105342
0.6478056392966176
0.6481819701612602
0.6485484137830970
0.6489044783526522
0.6492498145969449
0.6495841876121872
0.6499074552944634
0.6502195513447800
0.6505204715910191
0.6508102628008419
0.6510890134181561
0.6513568458191414
0.6516139097892197
0.6518603769969232
0.6520964362915728
0.6523222896873736
0.6525381489258216
0.6527442325276359
0.6529407632612039
0.6531279659676834
0.6533060656921551
0.6534752860781339
0.6536358479893979
0.6537879683282378
0.6539318590236761
0.6540677261666015
0.6541957692724062
0.6543161806537301
0.6544291448886500
0.6545348383711699
0.6546334289328829
0.6547250755257583
0.6548099279576323
0.6548881266726748
0.6549598025703819
0.6550250768571667
0.6550840609257635
0.6551368562577385
0.6551835543457012
0.6552242366314894
0.6552589744578838
0.6552878290312113
0.6553108513928164
0.6553280823977966
0.6553395526996333
0.6553452827394464
0.6553452827394466
0.6553395526996333
0.6553280823977966
0.6553108513928164
0.6552878290312113
0.6552589744578838
0.6552242366314894
0.6551835543457012
0.6551368562577385
0.6550840609257635
0.6550250768571667
0.6549598025703819
0.6548881266726748
0.6548099279576343
0.6547250755257589
0.6546334289328829
0.6545348383711699
0.6544291448886500
0.6543161806537301
0.6541957692724062
0.6540677261666015
0.6539318590236770
0.6537879683282378
0.6536358479893979
0.6534752860781329
0.6533060656921552
0.6531279659676834
0.6529407632612039
0.6527442325276389
0.6525381489258216
0.6523222896873736
0.6520964362915739
0.6518603769969232
0.6516139097892197
0.6513568458191414
0.6510890134181535
0.6508102628008419
0.6505204715910191
0.6502195513447789
0.6499074552944634
0.6495841876121872
0.6492498145969436
0.6489044783526522
0.6485484137830970
0.6481819701612602
0.6478056392966176
0.6474200938105342
0.6470262422340751
0.6466253158033490
0.6462190286393023
0.6463039099952339
0.6467125281230532
0.6471157753045290
0.6475119332335970
0.6478997664736684
0.6482783623548699
0.6486470442341654
0.6490053164409261
0.6493528260370171
0.6496893346772171
0.6500146970618503
0.6503288439574640
0.6506317685291807
0.6509235151589208
0.6512041701827812
0.6514738541436518
0.6517327152617136
0.6519809238986609
0.6522186678433226
0.6524461482817453
0.6526635763445060
0.6528711701419263
0.6530691522157954
0.6532577473469509
0.6534371806691704
0.6536076760465680
0.6537694546787437
0.6539227339029201
0.6540677261666015
0.6542046381482483
0.6543336700058929
0.6544550147370752
0.6545688576348113
0.6546753758270228
0.6547747378877651
0.6548671035106901
0.6549526232357253
0.6550314382218231
0.6551036800587381
0.6551694706123545
0.6552289218981936
0.6552821359790419
0.6553292048824823
0.6553702105352539
0.6554052247115530
0.6554343089926670
0.6554575147360120
0.6554748830519553
0.6554864447867345
0.6554922205106436
0.6554922205106436
0.6554864447867345
0.6554748830519553
0.6554575147360120
0.6554343089926670
0.6554052247115530
0.6553702105352539
0.6553292048824823
0.6552821359790419
0.6552289218981936
0.6551694706123543
0.6551036800587381
0.6550314382218231
0.6549526232357253
0.6548671035106901
0.6547747378877651
0.6546753758270228
0.6545688576348113
0.6544550147370752
0.6543336700058929
0.6542046381482483
0.6540677261666015
0.6539227339029177
0.6537694546787437
0.6536076760465680
0.6534371806691704
0.6532577473469489
0.6530691522157960
0.6528711701419263
0.6526635763445060
0.6524461482817444
0.6522186678433226
0.6519809238986609
0.6517327152617136
0.6514738541436518
0.6512041701827812
0.6509235151589197
0.6506317685291807
0.6503288439574640
0.6500146970618503
0.6496893346772171
0.6493528260370171
0.6490053164409261
0.6486470442341654
0.6482783623548699
0.6478997664736684
0.6475119332335970
0.6471157753045290
0.6467125281230531
0.6463039099952339
0.6463840594813197
0.6467948586450802
0.6472002774234419
0.6475985937078922
0.6479885682371636
0.6483692845649132
0.6487400623698786
0.6491004024409796
0.6494499484691497
0.6497884589335161
0.6501157855741118
0.6504318564275147
0.6507366621697699
0.6510302449396370
0.6513126890786124
0.6515841133814698
0.6518446645617900
0.6520945117089368
0.6523338415633319
0.6525628544754498
0.6527817609396616
0.6529907786156214
0.6531901297649088
0.6533800390436174
0.6535607316008440
0.6537324314407358
0.6538953600126268
0.6540497349986745
0.6541957692724062
0.6543336700058929
0.6544636379057540
0.6545858665609389
0.6547005418876112
0.6548078416579189
0.6549079351016932
0.6550009825708090
0.6550871352578723
0.6551665349612655
0.6552393138902608
0.6553055945041765
0.6553654893804068
0.6554191011070341
0.6554665221961253
0.6555078350142275
0.6555431117272473
0.6555724142573864
0.6555957942497357
0.6556132930470525
0.6556249416712243
0.6556307608103081
0.6556307608103081
0.6556249416712243
0.6556132930470525
0.6555957942497357
0.6555724142573864
0.6555431117272472
0.6555078350142275
0.6554665221961253
0.6554191011070341
0.6553654893804034
0.6553055945041765
0.6552393138902608
0.6551665349612655
0.6550871352578723
0.6550009825708090
0.6549079351016932
0.6548078416579189
0.6547005418876112
0.6545858665609389
0.6544636379057540
0.6543336700058929
0.6541957692724062
0.6540497349986745
0.6538953600126268
0.6537324314407358
0.6535607316008440
0.6533800390436174
0.6531901297649088
0.6529907786156214
0.6527817609396616
0.6525628544754498
0.6523338415633319
0.6520945117089368
0.6518446645617900
0.6515841133814698
0.6513126890786124
0.6510302449396370
0.6507366621697700
0.6504318564275147
0.6501157855741118
0.6497884589335159
0.6494499484691511
0.6491004024409793
0.6487400623698786
0.6483692845649132
0.6479885682371636
0.6475985937078922
0.6472002774234419
0.6467948586450804
0.6463840594813197
0.6464595733439552
0.6468724096678898
0.6472798568878525
0.6476801894412744
0.6480721645856434
0.6484548624304489
0.6488275992926651
0.6491898727174804
0.6495413232990658
0.6498817065901530
0.6502108715934726
0.6505287438113414
0.6508353115985173
0.6511306149917301
0.6514147364520545
0.6516877931149120
0.6519499302521287
0.6522013157230546
0.6524421352417391
0.6526725883262644
0.6528928848215813
0.6531032419086760
0.6533038815283727
0.6534950281606616
0.6536769069094646
0.6538497418512124
0.6540137546115100
0.6541691631394904
0.6543161806537301
0.6544550147370752
0.6545858665609401
0.6547089302221265
0.6548243921770731
0.6549324307610926
0.6550332157808437
0.6551269081703797
0.6552136597019378
0.6552936127441223
0.6553669000604270
0.6554336446425008
0.6554939595730102
0.6555479479134556
0.6555957026132675
0.6556373064366796
0.6556728319043206
0.6557023412473720
0.6557258863719544
0.6557435088318152
0.6557552398084531
0.6557611000969249
0.6557611000969249
0.6557552398084531
0.6557435088318152
0.6557258863719544
0.6557023412473720
0.6556728319043216
0.6556373064366796
0.6555957026132675
0.6555479479134556
0.6554939595730098
0.6554336446425008
0.6553669000604270
0.6552936127441201
0.6552136597019378
0.6551269081703793
0.6550332157808449
0.6549324307610926
0.6548243921770731
0.6547089302221258
0.6545858665609389
0.6544550147370756
0.6543161806537301
0.6541691631394904
0.6540137546115100
0.6538497418512124
0.6536769069094652
0.6534950281606616
0.6533038815283727
0.6531032419086760
0.6528928848215813
0.6526725883262644
0.6524421352417389
0.6522013157230546
0.6519499302521287
0.6516877931149119
0.6514147364520545
0.6511306149917301
0.6508353115985216
0.6505287438113414
0.6502108715934726
0.6498817065901530
0.6495413232990641
0.6491898727174804
0.6488275992926651
0.6484548624304489
0.6480721645856434
0.6476801894412744
0.6472798568878525
0.6468724096678896
0.6464595733439552
0.6465305443999068
0.6469452796671372
0.6473546177847056
0.6477568300541945
0.6481506705664929
0.6485352162923869
0.6489097804790465
0.6492738577031599
0.6496270857177208
0.6499692173831358
0.6503000991756902
0.6506196542502538
0.6509278688028602
0.6512247809062601
0.6515104712553960
0.6517850554176262
0.6520486772924063
0.6523015035578609
0.6525437189315497
0.6527755221117153
0.6529971222907124
0.6532087361537172
0.6534105852915940
0.6536028939683090
0.6537858871938659
0.6539597890608114
0.6541248213087300
0.6542812020869312
0.6544291448886506
0.6545688576348112
0.6547005418876112
0.6548243921770717
0.6549405954258326
0.6550493304591513
0.6551507675890570
0.6552450682624223
0.6553323847646578
0.6554128599710188
0.6554866271391233
0.6555538097366845
0.6556145212992961
0.6556688653137664
0.6557169351232159
0.6557588138502900
0.6557945743358856
0.6558242790904426
0.6558479802561257
0.6558657195777605
0.6558775283813849
0.6558834275590172
0.6558834275590172
0.6558775283813850
0.6558657195777605
0.6558479802561257
0.6558242790904426
0.6557945743358868
0.6557588138502899
0.6557169351232159
0.6556688653137664
0.6556145212992961
0.6555538097366845
0.6554866271391242
0.6554128599710188
0.6553323847646578
0.6552450682624230
0.6551507675890565
0.6550493304591498
0.6549405954258326
0.6548243921770717
0.6547005418876112
0.6545688576348112
0.6544291448886506
0.6542812020869312
0.6541248213087300
0.6539597890608114
0.6537858871938659
0.6536028939683097
0.6534105852915933
0.6532087361537172
0.6529971222907158
0.6527755221117153
0.6525437189315507
0.6523015035578609
0.6520486772924067
0.6517850554176262
0.6515104712553960
0.6512247809062601
0.6509278688028602
0.6506196542502538
0.6503000991756879
0.6499692173831358
0.6496270857177208
0.6492738577031599
0.6489097804790465
0.6485352162923869
0.6481506705664929
0.6477568300541976
0.6473546177847056
0.6469452796671372
0.6465305443999068
0.6465970617458336
0.6470135630196016
0.6474246597287896
0.6478286203304074
0.6482241960377290
0.6486104609641833
0.6489867255573533
0.6493524816809289
0.6497073644854856
0.6500511243588967
0.6503836054504796
0.6507047287461327
0.6510144784397602
0.6513128907751166
0.6516000447945141
0.6518760545899168
0.6521410627611754
0.6523952348592116
0.6526387546414419
0.6528718200065077
0.6530946394996339
0.6533074293025949
0.6535104106367967
0.6537038075205907
0.6538878448316555
0.6540627466327282
0.6542287347254935
0.6543860274025488
0.6545348383711699
0.6546753758270220
0.6548078416579189
0.6549324307610926
0.6550493304591498
0.6551587200016906
0.6552607701415667
0.6553556427757592
0.6554434906421713
0.6555244570647208
0.6555986757401611
0.6556662705604764
0.6557273554659234
0.6557820343242285
0.6558304008316664
0.6558725384330729
0.6559085202574614
0.6559384090668745
0.6559622572163569
0.6559801066231598
0.6559919887438498
0.6559979245580393
0.6559979245580393
0.6559919887438498
0.6559801066231598
0.6559622572163569
0.6559384090668744
0.6559085202574614
0.6558725384330729
0.6558304008316667
0.6557820343242285
0.6557273554659236
0.6556662705604764
0.6555986757401611
0.6555244570647208
0.6554434906421710
0.6553556427757592
0.6552607701415667
0.6551587200016906
0.6550493304591498
0.6549324307610926
0.6548078416579189
0.6546753758270230
0.6545348383711699
0.6543860274025488
0.6542287347254935
0.6540627466327282
0.6538878448316555
0.6537038075205885
0.6535104106367967
0.6533074293025949
0.6530946394996339
0.6528718200065077
0.6526387546414419
0.6523952348592116
0.6521410627611754
0.6518760545899172
0.6516000447945138
0.6513128907751166
0.6510144784397601
0.6507047287461327
0.6503836054504799
0.6500511243588967
0.6497073644854856
0.6493524816809280
0.6489867255573533
0.6486104609641833
0.6482241960377290
0.6478286203304074
0.6474246597287896
0.6470135630196016
0.6465970617458336
0.6466592105056550
0.6470773497644335
0.6474900776369683
0.6478956600031710
0.6482928454647221
0.6486807055378002
0.6490585481205987
0.6494258626017957
0.6497822817527267
0.6501275536954811
0.6504615204413791
0.6507841009774352
0.6510952776463619
0.6513950849943438
0.6516836005232423
0.6519609369429744
0.6522272356290063
0.6524826610629487
0.6527273960838795
0.6529616378174348
0.6531855941747078
0.6533994808344207
0.6536035186377286
0.6537979313367689
0.6539829436476187
0.6541587795666399
0.6543256609149051
0.6544838060804548
0.6546334289328807
0.6547747378877625
0.6549079351016932
0.6550332157808436
0.6551507675890561
0.6552607701415669
0.6553633945741768
0.6554588031772465
0.6555471490862276
0.6556285760209303
0.6557032180669283
0.6557711994930435
0.6558326345999899
0.6558876275953507
0.6559362724912835
0.6559786530211521
0.6560148425724692
0.6560449041331271
0.6560688902495907
0.6560868429941960
0.6560987939409628
0.6561047641483875
0.6561047641483875
0.6560987939409628
0.6560868429941971
0.6560688902495907
0.6560449041331271
0.6560148425724692
0.6559786530211521
0.6559362724912835
0.6558876275953507
0.6558326345999899
0.6557711994930435
0.6557032180669283
0.6556285760209317
0.6555471490862276
0.6554588031772465
0.6553633945741768
0.6552607701415669
0.6551507675890561
0.6550332157808436
0.6549079351016932
0.6547747378877625
0.6546334289328843
0.6544838060804548
0.6543256609149021
0.6541587795666396
0.6539829436476187
0.6537979313367689
0.6536035186377286
0.6533994808344219
0.6531855941747076
0.6529616378174348
0.6527273960838795
0.6524826610629451
0.6522272356290061
0.6519609369429769
0.6516836005232423
0.6513950849943466
0.6510952776463619
0.6507841009774342
0.6504615204413791
0.6501275536954813
0.6497822817527259
0.6494258626017957
0.6490585481205987
0.6486807055378017
0.6482928454647221
0.6478956600031710
0.6474900776369683
0.6470773497644335
0.6466592105056550
0.6467170716115624
0.6471367253967752
0.6475509615340910
0.6479580435725406
0.6483567177479320
0.6487460532198426
0.6491253555697792
0.6494941119333619
0.6498519529118213
0.6501986245561517
0.6505339669186708
0.6508578971499177
0.6511703958866112
0.6514714961051599
0.6517612738774445
0.6520398406246655
0.6523073365747890
0.6525639252011122
0.6528097884704094
0.6530451227674798
0.6532701353883834
0.6534850415161001
0.6536900616083985
0.6538854191382996
0.6540713386392205
0.6542480440128722
0.6544157570652028
0.6545746962401053
0.6547250755257590
0.6548671035106892
0.6550009825708090
0.6551269081703797
0.6552450682624229
0.6553556427757592
0.6554588031772483
0.6555547120996561
0.6556435230263480
0.6557253800251130
0.6558004175245730
0.6558687601270532
0.6559305224531046
0.6559858090126321
0.6560347140992849
0.6560773217039805
0.6561137054451741
0.6561439285130419
0.6561680436253834
0.6561860929935935
0.6561981082970612
0.6562041106650653
0.6562041106650653
0.6561981082970612
0.6561860929935918
0.6561680436253837
0.6561439285130419
0.6561137054451741
0.6560773217039805
0.6560347140992849
0.6559858090126321
0.6559305224531088
0.6558687601270532
0.6558004175245730
0.6557253800251135
0.6556435230263483
0.6555547120996561
0.6554588031772483
0.6553556427757592
0.6552450682624223
0.6551269081703797
0.6550009825708090
0.6548671035106892
0.6547250755257599
0.6545746962401053
0.6544157570652028
0.6542480440128722
0.6540713386392200
0.6538854191382997
0.6536900616083985
0.6534850415161001
0.6532701353883834
0.6530451227674798
0.6528097884704094
0.6525639252011122
0.6523073365747890
0.6520398406246655
0.6517612738774445
0.6514714961051599
0.6511703958866112
0.6508578971499177
0.6505339669186708
0.6501986245561517
0.6498519529118213
0.6494941119333619
0.6491253555697792
0.6487460532198553
0.6483567177479320
0.6479580435725406
0.6475509615340910
0.6471367253967770
0.6467170716115628
0.6467707216143397
0.6471917706900947
0.6476073963866791
0.6480158601496931
0.6484159060765488
0.6488066011939022
0.6491872489832543
0.6495573345346792
0.6499164864756785
0.6502644489698765
0.6506010602804075
0.6509262358763511
0.6512399548282327
0.6515422486667162
0.6518331921421237
0.6521128954799494
0.6523814978384846
0.6526391617460789
0.6528860683467698
0.6531224133209885
0.6533484033742093
0.6535642532071919
0.6537701828973004
0.6539664156327680
0.6541531757503516
0.6543306870361137
0.6544991712537206
0.6546588468708328
0.6548099279576329
0.6549526232357253
0.6550871352578723
0.6552136597019372
0.6553323847646578
0.6554434906421710
0.6555471490862276
0.6556435230263484
0.6557327662490805
0.6558150231268882
0.6558904283898350
0.6559591069343342
0.6560211736636608
0.6560767333556201
0.6561258805537019
0.6561686994779180
0.6562052639524245
0.6562356373476643
0.6562598725344233
0.6562780118482213
0.6562900870626456
0.6562961193702305
0.6562961193702305
0.6562900870626456
0.6562780118482213
0.6562598725344237
0.6562356373476643
0.6562052639524200
0.6561686994779179
0.6561258805537019
0.6560767333556201
0.6560211736636608
0.6559591069343328
0.6558904283898350
0.6558150231268882
0.6557327662490796
0.6556435230263484
0.6555471490862276
0.6554434906421710
0.6553323847646579
0.6552136597019386
0.6550871352578723
0.6549526232357253
0.6548099279576329
0.6546588468708328
0.6544991712537206
0.6543306870361135
0.6541531757503516
0.6539664156327680
0.6537701828973004
0.6535642532071919
0.6533484033742093
0.6531224133209896
0.6528860683467698
0.6526391617460786
0.6523814978384846
0.6521128954799494
0.6518331921421237
0.6515422486667162
0.6512399548282327
0.6509262358763511
0.6506010602804078
0.6502644489698762
0.6499164864756785
0.6495573345346792
0.6491872489832543
0.6488066011939025
0.6484159060765488
0.6480158601496931
0.6476073963866791
0.6471917706900947
0.6467707216143416
0.6468202325194143
0.6472425615430942
0.6476594619605314
0.6480691933245247
0.6484704978054678
0.6488624405053529
0.6492443230082916
0.6496156285531638
0.6499759839787888
0.6503251317349806
0.6506629084570411
0.6509892280808198
0.6513040682450941
0.6516074591553194
0.6518994743464380
0.6521802229404574
0.6524498431043748
0.6527084964866851
0.6529563634609646
0.6531936390435913
0.6534205293783304
0.6536372487020820
0.6538440167208311
0.6540410563380189
0.6542285916862218
0.6544068464212713
0.6545760422441638
0.6547363976205214
0.6548881266726748
0.6550314382218233
0.6551665349612648
0.6552936127441201
0.6554128599710188
0.6555244570647208
0.6556285760209303
0.6557253800251130
0.6558150231268897
0.6558976499642764
0.6559733955311967
0.6560423849822588
0.6561047334696563
0.6561605460076050
0.6562099173605588
0.6562529319513288
0.6562896637865561
0.6563201763967645
0.6563445227886384
0.6563627454081986
0.6563748761127841
0.6563809361513115
0.6563809361513115
0.6563748761127841
0.6563627454081986
0.6563445227886384
0.6563201763967645
0.6562896637865554
0.6562529319513288
0.6562099173605588
0.6561605460076050
0.6561047334696527
0.6560423849822588
0.6559733955311967
0.6558976499642764
0.6558150231268897
0.6557253800251130
0.6556285760209303
0.6555244570647215
0.6554128599710188
0.6552936127441201
0.6551665349612648
0.6550314382218233
0.6548881266726736
0.6547363976205214
0.6545760422441643
0.6544068464212713
0.6542285916862205
0.6540410563380189
0.6538440167208311
0.6536372487020832
0.6534205293783304
0.6531936390435913
0.6529563634609646
0.6527084964866851
0.6524498431043741
0.6521802229404574
0.6518994743464380
0.6516074591553194
0.6513040682450941
0.6509892280808198
0.6506629084570421
0.6503251317349806
0.6499759839787888
0.6496156285531638
0.6492443230082895
0.6488624405053529
0.6484704978054678
0.6480691933245237
0.6476594619605314
0.6472425615430942
0.6468202325194143
0.6468656716455414
0.6472891688487017
0.6477072326994736
0.6481181210536432
0.6485205743516163
0.6489136559654142
0.6492966657715156
0.6496690853406927
0.6500305398972838
0.6503807703419560
0.6507196118357468
0.6510469769231932
0.6513628419408672
0.6516672358858207
0.6519602311816869
0.6522419359381569
0.6525124874095576
0.6527720464308103
0.6530207926595284
0.6532589204912365
0.6534866355407712
0.6537041516038874
0.6539116880289223
0.6541094674399153
0.6542977137631392
0.6544766505154396
0.6546464993204140
0.6548074786219461
0.6549598025703819
0.6551036800587381
0.6552393138902608
0.6553669000604270
0.6554866271391242
0.6555986757401611
0.6557032180669283
0.6558004175245730
0.6558904283898347
0.6559733955311967
0.6560494541724322
0.6561187296937926
0.6561813374656356
0.6562373827098689
0.6562869603853599
0.6563301550937812
0.6563670410028877
0.6563976817846084
0.6564221305659576
0.6564404298907105
0.6564526116904615
0.6564586972640045
0.6564586972640045
0.6564526116904615
0.6564404298907105
0.6564221305659576
0.6563976817846074
0.6563670410028877
0.6563301550937812
0.6562869603853599
0.6562373827098678
0.6561813374656356
0.6561187296937926
0.6560494541724322
0.6559733955311967
0.6558904283898374
0.6558004175245730
0.6557032180669283
0.6555986757401611
0.6554866271391242
0.6553669000604270
0.6552393138902608
0.6551036800587381
0.6549598025703819
0.6548074786219461
0.6546464993204140
0.6544766505154398
0.6542977137631392
0.6541094674399153
0.6539116880289223
0.6537041516038874
0.6534866355407712
0.6532589204912389
0.6530207926595284
0.6527720464308103
0.6525124874095578
0.6522419359381589
0.6519602311816869
0.6516672358858207
0.6513628419408659
0.6510469769231932
0.6507196118357471
0.6503807703419560
0.6500305398972807
0.6496690853406927
0.6492966657715156
0.6489136559654142
0.6485205743516171
0.6481181210536432
0.6477072326994736
0.6472891688487005
0.6468656716455414
0.6469071015033194
0.6473316583818562
0.6477507776222076
0.6481627155658448
0.6485662111074729
0.6489603260717481
0.6493443588060261
0.6497177893855042
0.6500802415850828
0.6504314549125809
0.6507712632014205
0.6510995777408030
0.6514163736900253
0.6517216789512092
0.6520155649384528
0.6522981388391423
0.6525695370735743
0.6528299197300782
0.6530794658065567
0.6533183691234066
0.6535468348023105
0.6537650762244419
0.6539733123982578
0.6541717656784420
0.6543606597875710
0.6545402180997979
0.6547106621517808
0.6548722103510963
0.6550250768571666
0.6551694706123542
0.6553055945041765
0.6554336446425008
0.6555538097366882
0.6556662705604764
0.6557711994930435
0.6558687601270532
0.6559591069343328
0.6560423849822588
0.6561187296937917
0.6561882666454031
0.6562511113976216
0.6563073693538309
0.6563571356431813
0.6564004950241850
0.6564375218060452
0.6564682797850580
0.6564928221940926
0.6565111916630042
0.6565234201888335
0.6565295291143343
0.6565295291143343
0.6565234201888335
0.6565111916630042
0.6564928221940926
0.6564682797850572
0.6564375218060452
0.6564004950241863
0.6563571356431813
0.6563073693538309
0.6562511113976216
0.6561882666454031
0.6561187296937917
0.6560423849822601
0.6559591069343328
0.6558687601270532
0.6557711994930435
0.6556662705604764
0.6555538097366850
0.6554336446425008
0.6553055945041765
0.6551694706123535
0.6550250768571653
0.6548722103510963
0.6547106621517808
0.6545402180997979
0.6543606597875710
0.6541717656784420
0.6539733123982578
0.6537650762244419
0.6535468348023104
0.6533183691234066
0.6530794658065567
0.6528299197300782
0.6525695370735743
0.6522981388391419
0.6520155649384531
0.6517216789512085
0.6514163736900253
0.6510995777408030
0.6507712632014203
0.6504314549125824
0.6500802415850828
0.6497177893855051
0.6493443588060261
0.6489603260717445
0.6485662111074729
0.6481627155658427
0.6477507776222076
0.6473316583818562
0.6469071015033194
0.6469445796911638
0.6473700907040304
0.6477901602351051
0.6482030432826963
0.6486074773689515
0.6490025229430268
0.6493874769916023
0.6497618182576193
0.6501251692232854
0.6504772681524225
0.6508179476910398
0.6511471180038164
0.6514647531933885
0.6517708801771933
0.6520655694593865
0.6523489273939685
0.6526210896451364
0.6528822156225804
0.6531324837218806
0.6533720872361011
0.6536012308321120
0.6538201275061557
0.6540289959482538
0.6542280582574987
0.6544175379597634
0.6545976582870777
0.6547686406841349
0.6549307035122824
0.6550840609257635
0.6552289218981936
0.6553654893804068
0.6554939595730100
0.6556145212992961
0.6557273554659235
0.6558326345999899
0.6559305224531046
0.6560211736636608
0.6561047334696559
0.6561813374656356
0.6562511113976222
0.6563141709909582
0.6563706218066395
0.6564205591219839
0.6564640678321595
0.6565012223698220
0.6565320866399590
0.6565567139679469
0.6565751470590132
0.6565874179674387
0.6565935480745768
0.6565935480745768
0.6565874179674387
0.6565751470590132
0.6565567139679419
0.6565320866399590
0.6565012223698220
0.6564640678321595
0.6564205591219839
0.6563706218066397
0.6563141709909582
0.6562511113976222
0.6561813374656356
0.6561047334696514
0.6560211736636608
0.6559305224531046
0.6558326345999899
0.6557273554659235
0.6556145212992961
0.6554939595730102
0.6553654893804034
0.6552289218981936
0.6550840609257635
0.6549307035122824
0.6547686406841349
0.6545976582870777
0.6544175379597634
0.6542280582574987
0.6540289959482544
0.6538201275061557
0.6536012308321062
0.6533720872361011
0.6531324837218808
0.6528822156225804
0.6526210896451364
0.6523489273939685
0.6520655694593842
0.6517708801771916
0.6514647531933885
0.6511471180038156
0.6508179476910398
0.6504772681524230
0.6501251692232846
0.6497618182576193
0.6493874769916023
0.6490025229430268
0.6486074773689514
0.6482030432826963
0.6477901602351051
0.6473700907040304
0.6469445796911638
0.6469781588064548
0.6474045210821314
0.6478254384587074
0.6482391647523265
0.6486444362758539
0.6490403122654578
0.6494260885067453
0.6498012425655312
0.6501653957805958
0.6505182853141892
0.6508597427593397
0.6511896772821109
0.6515080620452866
0.6518149230889043
0.6521103301046456
0.6523943887006513
0.6526672338628786
0.6529290243902995
0.6531799381347522
0.6534201679112610
0.6536499179724736
0.6538694009619065
0.6540788352756454
0.6542784427743668
0.6544684467977376
0.6546490704401183
0.6548205350532011
0.6549830589461341
0.6551368562577385
0.6552821359790419
0.6554191011070341
0.6555479479134532
0.6556688653137664
0.6557820343242288
0.6558876275953505
0.6559858090126339
0.6560767333556201
0.6561605460076050
0.6562373827098689
0.6563073693538301
0.6563706218066397
0.6564272457651357
0.6564773366345784
0.6565209794283879
0.6565582486860724
0.6565892084068563
0.6566139119964155
0.6566324022253888
0.6566447111978128
0.6566508603285375
0.6566508603285375
0.6566447111978141
0.6566324022253885
0.6566139119964155
0.6565892084068564
0.6565582486860724
0.6565209794283879
0.6564773366345784
0.6564272457651357
0.6563706218066397
0.6563073693538301
0.6562373827098689
0.6561605460076050
0.6560767333556249
0.6559858090126333
0.6558876275953507
0.6557820343242282
0.6556688653137664
0.6555479479134532
0.6554191011070341
0.6552821359790419
0.6551368562577385
0.6549830589461341
0.6548205350532045
0.6546490704401183
0.6544684467977376
0.6542784427743668
0.6540788352756454
0.6538694009619065
0.6536499179724736
0.6534201679112610
0.6531799381347554
0.6529290243903003
0.6526672338628798
0.6523943887006513
0.6521103301046456
0.6518149230889043
0.6515080620452866
0.6511896772821109
0.6508597427593423
0.6505182853141892
0.6501653957805958
0.6498012425655312
0.6494260885067453
0.6490403122654578
0.6486444362758539
0.6482391647523265
0.6478254384587074
0.6474045210821314
0.6469781588064548
0.6470078863700882
0.6474349994200329
0.6478566645660130
0.6482711345942133
0.6486771447628505
0.6490737532493909
0.6494602547902590
0.6498361259221496
0.6502009869831288
0.6505545741703617
0.6508967181534083
0.6512273272212428
0.6515463737101713
0.6518538828872594
0.6521499237273026
0.6524346011790050
0.6527080496272317
0.6529704273284130
0.6532219116499365
0.6534626949793069
0.6536929811973988
0.6539129826294404
0.6541229174045481
0.6543230071650739
0.6545134750780838
0.6546945441079607
0.6548664355158199
0.6550293675561600
0.6551835543457009
0.6553292048824817
0.6554665221961214
0.6555957026132675
0.6557169351232143
0.6558304008316669
0.6559362724912835
0.6560347140992849
0.6561258805537024
0.6562099173605568
0.6562869603853599
0.6563571356431847
0.6564205591219826
0.6564773366345802
0.6565275636956939
0.6565713254200032
0.6566086964387509
0.6566397408319853
0.6566645120744143
0.6566830529928946
0.6566953957342810
0.6567015617422405
0.6567015617422405
0.6566953957342814
0.6566830529928946
0.6566645120744117
0.6566397408319853
0.6566086964387509
0.6565713254200009
0.6565275636956939
0.6564773366345802
0.6564205591219826
0.6563571356431847
0.6562869603853599
0.6562099173605568
0.6561258805537024
0.6560347140992849
0.6559362724912835
0.6558304008316669
0.6557169351232143
0.6555957026132675
0.6554665221961214
0.6553292048824823
0.6551835543457012
0.6550293675561600
0.6548664355158199
0.6546945441079607
0.6545134750780816
0.6543230071650737
0.6541229174045452
0.6539129826294404
0.6536929811973952
0.6534626949793075
0.6532219116499365
0.6529704273284130
0.6527080496272317
0.6524346011790050
0.6521499237273026
0.6518538828872594
0.6515463737101713
0.6512273272212413
0.6508967181534095
0.6505545741703617
0.6502009869831256
0.6498361259221496
0.6494602547902582
0.6490737532493909
0.6486771447628505
0.6482711345942133
0.6478566645660129
0.6474349994200324
0.6470078863700882
0.6470338047628312
0.6474615702012251
0.6478838851312823
0.6482990014537252
0.6487056535194758
0.6491028985944111
0.6494900305109799
0.6498665249183881
0.6502320012911627
0.6505861949928393
0.6509289358943930
0.6512601315256081
0.6515797535063736
0.6518878264329713
0.6521844186569538
0.6524696345528482
0.6527436079810944
0.6530064967237520
0.6532584777235144
0.6534997429921497
0.6537304960824217
0.6539509490376044
0.6541613197489690
0.6543618296630196
0.6545527017905032
0.6547341589763869
0.6549064223964212
0.6550697102511212
0.6552242366314842
0.6553702105352542
0.6555078350142275
0.6556373064366791
0.6557588138502869
0.6558725384330729
0.6559786530211548
0.6560773217039805
0.6561686994779177
0.6562529319513278
0.6563301550937811
0.6564004950241873
0.6564640678321574
0.6565209794283879
0.6565713254200032
0.6566151910074032
0.6566526508994515
0.6566837692448042
0.6567085995766506
0.6567271847696318
0.6567395570069087
0.6567457377566710
0.6567457377566699
0.6567395570069084
0.6567271847696313
0.6567085995766506
0.6566837692448033
0.6566526508994515
0.6566151910074032
0.6565713254200032
0.6565209794283879
0.6564640678321595
0.6564004950241873
0.6563301550937811
0.6562529319513278
0.6561686994779177
0.6560773217039805
0.6559786530211548
0.6558725384330729
0.6557588138502869
0.6556373064366791
0.6555078350142275
0.6553702105352542
0.6552242366314842
0.6550697102511188
0.6549064223964225
0.6547341589763875
0.6545527017905032
0.6543618296630196
0.6541613197489690
0.6539509490376044
0.6537304960824217
0.6534997429921497
0.6532584777235144
0.6530064967237514
0.6527436079810944
0.6524696345528482
0.6521844186569538
0.6518878264329713
0.6515797535063741
0.6512601315256081
0.6509289358943930
0.6505861949928393
0.6502320012911627
0.6498665249183881
0.6494900305109799
0.6491028985944135
0.6487056535194758
0.6482990014537252
0.6478838851312823
0.6474615702012251
0.6470338047628312
0.6470559511720064
0.6474842724409871
0.6479071409874928
0.6483228079649417
0.6487300069577736
0.6491277944614330
0.6495154635437986
0.6498924891030200
0.6502584898822349
0.6506132005383818
0.6509564502649967
0.6512881459471646
0.6516082585958083
0.6519168122363053
0.6522138746891072
0.6524995498386883
0.6527739710972491
0.6530372958405429
0.6532897006467662
0.6535313772043951
0.6537625287830593
0.6539833671818194
0.6541941100850861
0.6543949787680324
0.6545861961034997
0.6547679848299481
0.6549405660456280
0.6551041579001644
0.6552589744578838
0.6554052247115530
0.6555431117272473
0.6556728319043216
0.6557945743358856
0.6559085202574614
0.6560148425724692
0.6561137054451741
0.6562052639524245
0.6562896637865555
0.6563670410028877
0.6564375218060452
0.6565012223698220
0.6565582486860724
0.6566086964387509
0.6566526508994494
0.6566901868417642
0.6567213684713914
0.6567462493703560
0.6567648724531340
0.6567772699332415
0.6567834632992469
0.6567834632992469
0.6567772699332415
0.6567648724531340
0.6567462493703560
0.6567213684713914
0.6566901868417632
0.6566526508994494
0.6566086964387509
0.6565582486860724
0.6565012223698220
0.6564375218060452
0.6563670410028877
0.6562896637865555
0.6562052639524245
0.6561137054451723
0.6560148425724692
0.6559085202574614
0.6557945743358856
0.6556728319043152
0.6555431117272473
0.6554052247115530
0.6552589744578838
0.6551041579001644
0.6549405660456289
0.6547679848299481
0.6545861961034959
0.6543949787680328
0.6541941100850861
0.6539833671818194
0.6537625287830593
0.6535313772043951
0.6532897006467662
0.6530372958405429
0.6527739710972491
0.6524995498386883
0.6522138746891072
0.6519168122363053
0.6516082585958083
0.6512881459471648
0.6509564502649967
0.6506132005383818
0.6502584898822349
0.6498924891030200
0.6495154635437991
0.6491277944614330
0.6487300069577736
0.6483228079649417
0.6479071409874928
0.6474842724409869
0.6470559511720064
0.6470743575473095
0.6475031396469856
0.6479264671917898
0.6483425907203586
0.6487502431863652
0.6491484804507391
0.6495365949514544
0.6499140609674716
0.6502804966385590
0.6506356360384274
0.6509793078009978
0.6513114182783983
0.6516319379776448
0.6519408904512054
0.6522383430791798
0.6525243993392228
0.6527991922708525
0.6530628789115296
0.6533156355354102
0.6535576535607452
0.6537891360199450
0.6540102945068723
0.6542213465314041
0.6544225132235818
0.6546140173387284
0.6547960815235701
0.6549689268087495
0.6551327712983426
0.6552878290312129
0.6554343089926670
0.6555724142573864
0.6557023412473720
0.6558242790904426
0.6559384090668750
0.6560449041331275
0.6561439285130419
0.6562356373476643
0.6563201763967645
0.6563976817846074
0.6564682797850571
0.6565320866399590
0.6565892084068558
0.6566397408319853
0.6566837692448033
0.6567213684713901
0.6567526027638956
0.6567775257441050
0.6567961803588686
0.6568085988464002
0.6568148027119364
0.6568148027119364
0.6568085988464004
0.6567961803588686
0.6567775257441050
0.6567526027638964
0.6567213684713901
0.6566837692448033
0.6566397408319853
0.6565892084068558
0.6565320866399590
0.6564682797850571
0.6563976817846119
0.6563201763967645
0.6562356373476643
0.6561439285130419
0.6560449041331271
0.6559384090668754
0.6558242790904454
0.6557023412473720
0.6555724142573864
0.6554343089926670
0.6552878290312129
0.6551327712983426
0.6549689268087495
0.6547960815235701
0.6546140173387296
0.6544225132235818
0.6542213465314041
0.6540102945068723
0.6537891360199450
0.6535576535607452
0.6533156355354102
0.6530628789115296
0.6527991922708525
0.6525243993392228
0.6522383430791798
0.6519408904512054
0.6516319379776448
0.6513114182783983
0.6509793078009978
0.6506356360384274
0.6502804966385590
0.6499140609674716
0.6495365949514544
0.6491484804507391
0.6487502431863652
0.6483425907203584
0.6479264671917898
0.6475031396469856
0.6470743575473097
0.6470890505647781
0.6475181997873881
0.6479418929973992
0.6483583802469216
0.6487663939900435
0.6491649895850380
0.6495534589705592
0.6499312759346092
0.6502980581383039
0.6506535391923326
0.6509975472861882
0.6513299883483632
0.6516508324850731
0.6519601028724453
0.6522578665396840
0.6525442266400041
0.6528193159154073
0.6530832911328778
0.6533363283232649
0.6535786186880743
0.6538103650691168
0.6540317788950388
0.6542430775348411
0.6544444820007936
0.6546362149524727
0.6548184989614809
0.6549915550023546
0.6551556011406724
0.6553108513928164
0.6554575147360118
0.6555957942497357
0.6557258863719544
0.6558479802561258
0.6559622572163573
0.6560688902495907
0.6561680436253839
0.6562598725344233
0.6563445227886388
0.6564221305659576
0.6564928221940926
0.6565567139679469
0.6566139119964126
0.6566645120744143
0.6567085995766511
0.6567462493703560
0.6567775257441126
0.6568024823507776
0.6568211621626846
0.6568335974373986
0.6568398096932311
0.6568398096932335
0.6568335974373986
0.6568211621626844
0.6568024823507776
0.6567775257441043
0.6567462493703560
0.6567085995766515
0.6566645120744151
0.6566139119964126
0.6565567139679469
0.6564928221940926
0.6564221305659576
0.6563445227886388
0.6562598725344186
0.6561680436253839
0.6560688902495907
0.6559622572163573
0.6558479802561258
0.6557258863719544
0.6555957942497357
0.6554575147360118
0.6553108513928164
0.6551556011406724
0.6549915550023538
0.6548184989614821
0.6546362149524727
0.6544444820007960
0.6542430775348412
0.6540317788950388
0.6538103650691168
0.6535786186880734
0.6533363283232649
0.6530832911328727
0.6528193159154073
0.6525442266400051
0.6522578665396837
0.6519601028724453
0.6516508324850731
0.6513299883483632
0.6509975472861882
0.6506535391923357
0.6502980581383039
0.6499312759346094
0.6495534589705592
0.6491649895850380
0.6487663939900435
0.6483583802469216
0.6479418929973992
0.6475181997873881
0.6470890505647781
0.6471000515979861
0.6475294752654160
0.6479534418317041
0.6483702009870694
0.6487784848138665
0.6491773482962703
0.6495660830011232
0.6499441623507026
0.6503112036494656
0.6506669401629707
0.6510111997492061
0.6513438880205991
0.6516649747841468
0.6519744829347582
0.6522724792393658
0.6525590666084282
0.6528343775611660
0.6530985686619193
0.6533518157588619
0.6535943098907505
0.6538262537559396
0.6540478586585809
0.6542593418611724
0.6544609242868766
0.6546528285224444
0.6548352770820201
0.6550084908969496
0.6551726880027831
0.6553280823977966
0.6554748830519552
0.6556132930470525
0.6557435088318172
0.6558657195777622
0.6559801066231598
0.6560868429941971
0.6561860929935935
0.6562780118482199
0.6563627454081986
0.6564404298907098
0.6565111916630042
0.6565751470590158
0.6566324022253888
0.6566830529928931
0.6567271847696313
0.6567648724531335
0.6567961803588676
0.6568211621626844
0.6568398608556578
0.6568523087097081
0.6568585272527871
0.6568585272527871
0.6568523087097099
0.6568398608556578
0.6568211621626844
0.6567961803588676
0.6567648724531335
0.6567271847696313
0.6566830529928931
0.6566324022253884
0.6565751470590158
0.6565111916630042
0.6564404298907098
0.6563627454081986
0.6562780118482199
0.6561860929935919
0.6560868429941976
0.6559801066231598
0.6558657195777622
0.6557435088318144
0.6556132930470524
0.6554748830519553
0.6553280823977966
0.6551726880027831
0.6550084908969495
0.6548352770820208
0.6546528285224444
0.6544609242868766
0.6542593418611724
0.6540478586585809
0.6538262537559396
0.6535943098907505
0.6533518157588619
0.6530985686619193
0.6528343775611660
0.6525590666084280
0.6522724792393655
0.6519744829347582
0.6516649747841488
0.6513438880205991
0.6510111997492061
0.6506669401629672
0.6503112036494637
0.6499441623507031
0.6495660830011232
0.6491773482962718
0.6487784848138665
0.6483702009870694
0.6479534418317041
0.6475294752654160
0.6471000515979861
0.6471073766958729
0.6475369828998431
0.6479611312792372
0.6483780712844289
0.6487865347513894
0.6491855764161667
0.6495744875990526
0.6499527414796846
0.6503199551258655
0.6506758615740722
0.6510202884621671
0.6513531411926120
0.6516743893736157
0.6519840557130699
0.6522822068035468
0.6525689453939142
0.6528444038550523
0.6531087386162728
0.6533621254039377
0.6536047551481405
0.6538368304514691
0.6540585625346711
0.6542701685890094
0.6544718694777146
0.6546638877385710
0.6548464458469371
0.6550197647048326
0.6551840623271784
0.6553395526996333
0.6554864447867345
0.6556249416712264
0.6557552398084531
0.6558775283813848
0.6559919887438498
0.6560987939409628
0.6561981082970589
0.6562900870626456
0.6563748761127851
0.6564526116904615
0.6565234201888335
0.6565874179674355
0.6566447111978140
0.6566953957342814
0.6567395570069126
0.6567772699332415
0.6568085988464001
0.6568335974373989
0.6568523087097085
0.6568647649446865
0.6568709876766080
0.6568709876766080
0.6568647649446865
0.6568523087097121
0.6568335974373983
0.6568085988464003
0.6567772699332415
0.6567395570069126
0.6566953957342814
0.6566447111978128
0.6565874179674355
0.6565234201888335
0.6564526116904615
0.6563748761127841
0.6562900870626456
0.6561981082970589
0.6560987939409628
0.6559919887438498
0.6558775283813848
0.6557552398084547
0.6556249416712264
0.6554864447867345
0.6553395526996333
0.6551840623271776
0.6550197647048326
0.6548464458469371
0.6546638877385710
0.6544718694777146
0.6542701685890092
0.6540585625346711
0.6538368304514715
0.6536047551481395
0.6533621254039355
0.6531087386162713
0.6528444038550523
0.6525689453939142
0.6522822068035466
0.6519840557130699
0.6516743893736131
0.6513531411926120
0.6510202884621671
0.6506758615740722
0.6503199551258655
0.6499527414796846
0.6495744875990526
0.6491855764161667
0.6487865347513894
0.6483780712844289
0.6479611312792372
0.6475369828998431
0.6471073766958729
0.6471110365664853
0.6475407339108731
0.6479649730696336
0.6483820033736474
0.6487905565361146
0.6491896871694255
0.6495786864709572
0.6499570274994507
0.6503243272046340
0.6506803185087705
0.6510248289399172
0.6513577637958223
0.6516790925854201
0.6519888379233552
0.6522870663150339
0.6525738804287072
0.6528494125611043
0.6531138190739821
0.6533672756328847
0.6536099731134896
0.6538421140704616
0.6540639096827129
0.6542755771057926
0.6544773371728961
0.6546694123971697
0.6548520252343777
0.6550253965717407
0.6551897444136968
0.6553452827394499
0.6554922205106436
0.6556307608103080
0.6557611000969257
0.6558834275590163
0.6559979245580392
0.6561047641483875
0.6562041106650655
0.6562961193702306
0.6563809361513119
0.6564586972640064
0.6565295291143343
0.6565935480745767
0.6566508603285375
0.6567015617422405
0.6567457377566710
0.6567834632992482
0.6568148027119364
0.6568398096932294
0.6568585272527871
0.6568709876766080
0.6568772125021495
0.6568772125021495
0.6568709876766080
0.6568585272527871
0.6568398096932294
0.6568148027119364
0.6567834632992451
0.6567457377566699
0.6567015617422405
0.6566508603285375
0.6565935480745748
0.6565295291143343
0.6564586972640064
0.6563809361513119
0.6562961193702306
0.6562041106650655
0.6561047641483875
0.6559979245580392
0.6558834275590163
0.6557611000969257
0.6556307608103080
0.6554922205106428
0.6553452827394521
0.6551897444136970
0.6550253965717407
0.6548520252343777
0.6546694123971697
0.6544773371728961
0.6542755771057926
0.6540639096827122
0.6538421140704632
0.6536099731134910
0.6533672756328850
0.6531138190739821
0.6528494125611043
0.6525738804287072
0.6522870663150339
0.6519888379233550
0.6516790925854201
0.6513577637958223
0.6510248289399178
0.6506803185087705
0.6503243272046340
0.6499570274994506
0.6495786864709572
0.6491896871694255
0.6487905565361147
0.6483820033736474
0.6479649730696336
0.6475407339108731
0.6471110365664853
0.6471110365664853
0.6475407339108741
0.6479649730696336
0.6483820033736474
0.6487905565361146
0.6491896871694255
0.6495786864709602
0.6499570274994506
0.6503243272046340
0.6506803185087683
0.6510248289399171
0.6513577637958247
0.6516790925854180
0.6519888379233550
0.6522870663150339
0.6525738804287072
0.6528494125611043
0.6531138190739816
0.6533672756328847
0.6536099731134910
0.6538421140704621
0.6540639096827129
0.6542755771057924
0.6544773371728961
0.6546694123971702
0.6548520252343777
0.6550253965717414
0.6551897444136972
0.6553452827394466
0.6554922205106436
0.6556307608103081
0.6557611000969249
0.6558834275590172
0.6559979245580393
0.6561047641483875
0.6562041106650655
0.6562961193702306
0.6563809361513119
0.6564586972640064
0.6565295291143343
0.6565935480745767
0.6566508603285375
0.6567015617422395
0.6567457377566710
0.6567834632992452
0.6568148027119364
0.6568398096932302
0.6568585272527871
0.6568709876766080
0.6568772125021509
0.6568772125021495
0.6568709876766080
0.6568585272527915
0.6568398096932302
0.6568148027119364
0.6567834632992452
0.6567457377566710
0.6567015617422395
0.6566508603285375
0.6565935480745767
0.6565295291143343
0.6564586972640064
0.6563809361513119
0.6562961193702306
0.6562041106650655
0.6561047641483875
0.6559979245580393
0.6558834275590167
0.6557611000969249
0.6556307608103088
0.6554922205106436
0.6553452827394466
0.6551897444136972
0.6550253965717414
0.6548520252343777
0.6546694123971702
0.6544773371728945
0.6542755771057924
0.6540639096827129
0.6538421140704639
0.6536099731134910
0.6533672756328838
0.6531138190739816
0.6528494125611043
0.6525738804287072
0.6522870663150339
0.6519888379233550
0.6516790925854180
0.6513577637958247
0.6510248289399173
0.6506803185087683
0.6503243272046340
0.6499570274994507
0.6495786864709572
0.6491896871694255
0.6487905565361147
0.6483820033736474
0.6479649730696336
0.6475407339108727
0.6471110365664853
0.6471073766958729
0.6475369828998431
0.6479611312792373
0.6483780712844300
0.6487865347513909
0.6491855764161667
0.6495744875990526
0.6499527414796844
0.6503199551258655
0.6506758615740692
0.6510202884621671
0.6513531411926126
0.6516743893736137
0.6519840557130699
0.6522822068035484
0.6525689453939142
0.6528444038550523
0.6531087386162713
0.6533621254039379
0.6536047551481405
0.6538368304514710
0.6540585625346711
0.6542701685890094
0.6544718694777144
0.6546638877385693
0.6548464458469372
0.6550197647048328
0.6551840623271766
0.6553395526996333
0.6554864447867345
0.6556249416712243
0.6557552398084547
0.6558775283813842
0.6559919887438495
0.6560987939409628
0.6561981082970612
0.6562900870626456
0.6563748761127841
0.6564526116904620
0.6565234201888335
0.6565874179674355
0.6566447111978128
0.6566953957342818
0.6567395570069123
0.6567772699332415
0.6568085988464007
0.6568335974374006
0.6568523087097111
0.6568647649446865
0.6568709876766080
0.6568709876766056
0.6568647649446848
0.6568523087097099
0.6568335974373981
0.6568085988464002
0.6567772699332415
0.6567395570069126
0.6566953957342818
0.6566447111978141
0.6565874179674355
0.6565234201888335
0.6564526116904620
0.6563748761127841
0.6562900870626456
0.6561981082970612
0.6560987939409628
0.6559919887438505
0.6558775283813842
0.6557552398084547
0.6556249416712243
0.6554864447867345
0.6553395526996333
0.6551840623271784
0.6550197647048326
0.6548464458469371
0.6546638877385695
0.6544718694777144
0.6542701685890094
0.6540585625346717
0.6538368304514734
0.6536047551481405
0.6533621254039379
0.6531087386162713
0.6528444038550522
0.6525689453939119
0.6522822068035484
0.6519840557130699
0.6516743893736131
0.6513531411926126
0.6510202884621671
0.6506758615740719
0.6503199551258655
0.6499527414796844
0.6495744875990526
0.6491855764161667
0.6487865347513909
0.6483780712844300
0.6479611312792372
0.6475369828998431
0.6471073766958717
0.6471000515979861
0.6475294752654139
0.6479534418317041
0.6483702009870694
0.6487784848138665
0.6491773482962719
0.6495660830011232
0.6499441623507036
0.6503112036494637
0.6506669401629710
0.6510111997492061
0.6513438880205991
0.6516649747841468
0.6519744829347583
0.6522724792393655
0.6525590666084282
0.6528343775611664
0.6530985686619193
0.6533518157588619
0.6535943098907505
0.6538262537559396
0.6540478586585793
0.6542593418611714
0.6544609242868766
0.6546528285224458
0.6548352770820274
0.6550084908969485
0.6551726880027837
0.6553280823977972
0.6554748830519552
0.6556132930470525
0.6557435088318152
0.6558657195777617
0.6559801066231598
0.6560868429941971
0.6561860929935935
0.6562780118482199
0.6563627454081986
0.6564404298907098
0.6565111916630036
0.6565751470590158
0.6566324022253884
0.6566830529928931
0.6567271847696313
0.6567648724531336
0.6567961803588686
0.6568211621626844
0.6568398608556587
0.6568523087097088
0.6568585272527915
0.6568585272527915
0.6568523087097081
0.6568398608556587
0.6568211621626827
0.6567961803588686
0.6567648724531336
0.6567271847696313
0.6566830529928931
0.6566324022253852
0.6565751470590132
0.6565111916630041
0.6564404298907098
0.6563627454081986
0.6562780118482199
0.6561860929935935
0.6560868429941971
0.6559801066231598
0.6558657195777617
0.6557435088318193
0.6556132930470525
0.6554748830519552
0.6553280823977972
0.6551726880027831
0.6550084908969496
0.6548352770820208
0.6546528285224444
0.6544609242868766
0.6542593418611714
0.6540478586585802
0.6538262537559396
0.6535943098907505
0.6533518157588619
0.6530985686619193
0.6528343775611664
0.6525590666084282
0.6522724792393668
0.6519744829347582
0.6516649747841472
0.6513438880205991
0.6510111997492061
0.6506669401629672
0.6503112036494656
0.6499441623507026
0.6495660830011232
0.6491773482962703
0.6487784848138665
0.6483702009870694
0.6479534418317041
0.6475294752654139
0.6471000515979861
0.6470890505647781
0.6475181997873881
0.6479418929973992
0.6483583802469216
0.6487663939900435
0.6491649895850380
0.6495534589705592
0.6499312759346094
0.6502980581383039
0.6506535391923326
0.6509975472861882
0.6513299883483632
0.6516508324850731
0.6519601028724458
0.6522578665396837
0.6525442266400051
0.6528193159154073
0.6530832911328778
0.6533363283232649
0.6535786186880745
0.6538103650691184
0.6540317788950402
0.6542430775348431
0.6544444820007960
0.6546362149524716
0.6548184989614814
0.6549915550023564
0.6551556011406735
0.6553108513928164
0.6554575147360099
0.6555957942497352
0.6557258863719517
0.6558479802561258
0.6559622572163574
0.6560688902495907
0.6561680436253836
0.6562598725344184
0.6563445227886384
0.6564221305659576
0.6564928221940924
0.6565567139679408
0.6566139119964155
0.6566645120744117
0.6567085995766511
0.6567462493703560
0.6567775257441044
0.6568024823507776
0.6568211621626844
0.6568335974373983
0.6568398096932333
0.6568398096932311
0.6568335974373983
0.6568211621626844
0.6568024823507776
0.6567775257441044
0.6567462493703532
0.6567085995766511
0.6566645120744139
0.6566139119964155
0.6565567139679408
0.6564928221940924
0.6564221305659576
0.6563445227886384
0.6562598725344237
0.6561680436253836
0.6560688902495907
0.6559622572163569
0.6558479802561258
0.6557258863719517
0.6555957942497357
0.6554575147360120
0.6553108513928164
0.6551556011406735
0.6549915550023564
0.6548184989614778
0.6546362149524716
0.6544444820007960
0.6542430775348431
0.6540317788950402
0.6538103650691184
0.6535786186880745
0.6533363283232649
0.6530832911328778
0.6528193159154073
0.6525442266400030
0.6522578665396837
0.6519601028724458
0.6516508324850731
0.6513299883483632
0.6509975472861882
0.6506535391923357
0.6502980581383039
0.6499312759346089
0.6495534589705592
0.6491649895850380
0.6487663939900435
0.6483583802469216
0.6479418929973992
0.6475181997873881
0.6470890505647781
0.6470743575473097
0.6475031396469856
0.6479264671917898
0.6483425907203598
0.6487502431863652
0.6491484804507391
0.6495365949514547
0.6499140609674708
0.6502804966385590
0.6506356360384253
0.6509793078009978
0.6513114182783979
0.6516319379776448
0.6519408904512066
0.6522383430791798
0.6525243993392212
0.6527991922708534
0.6530628789115279
0.6533156355354102
0.6535576535607459
0.6537891360199450
0.6540102945068721
0.6542213465314040
0.6544225132235818
0.6546140173387296
0.6547960815235701
0.6549689268087493
0.6551327712983396
0.6552878290312113
0.6554343089926670
0.6555724142573864
0.6557023412473720
0.6558242790904452
0.6559384090668750
0.6560449041331271
0.6561439285130417
0.6562356373476643
0.6563201763967622
0.6563976817846111
0.6564682797850572
0.6565320866399588
0.6565892084068556
0.6566397408319853
0.6566837692448042
0.6567213684713914
0.6567526027638947
0.6567775257441050
0.6567961803588686
0.6568085988464003
0.6568148027119364
0.6568148027119364
0.6568085988464001
0.6567961803588686
0.6567775257441050
0.6567526027638947
0.6567213684713914
0.6566837692448042
0.6566397408319853
0.6565892084068558
0.6565320866399589
0.6564682797850575
0.6563976817846111
0.6563201763967622
0.6562356373476643
0.6561439285130417
0.6560449041331275
0.6559384090668744
0.6558242790904433
0.6557023412473720
0.6555724142573864
0.6554343089926670
0.6552878290312129
0.6551327712983405
0.6549689268087493
0.6547960815235698
0.6546140173387296
0.6544225132235799
0.6542213465314040
0.6540102945068721
0.6537891360199450
0.6535576535607452
0.6533156355354102
0.6530628789115279
0.6527991922708534
0.6525243993392212
0.6522383430791798
0.6519408904512066
0.6516319379776448
0.6513114182783979
0.6509793078009978
0.6506356360384274
0.6502804966385590
0.6499140609674716
0.6495365949514547
0.6491484804507391
0.6487502431863656
0.6483425907203598
0.6479264671917898
0.6475031396469856
0.6470743575473097
0.6470559511720064
0.6474842724409871
0.6479071409874928
0.6483228079649417
0.6487300069577736
0.6491277944614330
0.6495154635437986
0.6498924891030228
0.6502584898822349
0.6506132005383818
0.6509564502649967
0.6512881459471659
0.6516082585958083
0.6519168122363029
0.6522138746891072
0.6524995498386890
0.6527739710972491
0.6530372958405429
0.6532897006467664
0.6535313772043957
0.6537625287830584
0.6539833671818198
0.6541941100850861
0.6543949787680324
0.6545861961034986
0.6547679848299476
0.6549405660456288
0.6551041579001619
0.6552589744578834
0.6554052247115530
0.6555431117272472
0.6556728319043152
0.6557945743358847
0.6559085202574614
0.6560148425724694
0.6561137054451741
0.6562052639524200
0.6562896637865555
0.6563670410028877
0.6564375218060452
0.6565012223698220
0.6565582486860707
0.6566086964387509
0.6566526508994494
0.6566901868417631
0.6567213684713914
0.6567462493703560
0.6567648724531336
0.6567772699332415
0.6567834632992483
0.6567834632992483
0.6567772699332415
0.6567648724531346
0.6567462493703560
0.6567213684713914
0.6566901868417631
0.6566526508994515
0.6566086964387509
0.6565582486860707
0.6565012223698220
0.6564375218060452
0.6563670410028877
0.6562896637865555
0.6562052639524243
0.6561137054451741
0.6560148425724694
0.6559085202574614
0.6557945743358847
0.6556728319043152
0.6555431117272472
0.6554052247115530
0.6552589744578834
0.6551041579001637
0.6549405660456288
0.6547679848299476
0.6545861961034979
0.6543949787680328
0.6541941100850861
0.6539833671818198
0.6537625287830593
0.6535313772043957
0.6532897006467662
0.6530372958405429
0.6527739710972494
0.6524995498386890
0.6522138746891072
0.6519168122363029
0.6516082585958083
0.6512881459471642
0.6509564502649967
0.6506132005383818
0.6502584898822349
0.6498924891030228
0.6495154635437986
0.6491277944614330
0.6487300069577736
0.6483228079649411
0.6479071409874928
0.6474842724409871
0.6470559511720064
0.6470338047628312
0.6474615702012246
0.6478838851312823
0.6482990014537252
0.6487056535194758
0.6491028985944114
0.6494900305109799
0.6498665249183881
0.6502320012911627
0.6505861949928393
0.6509289358943923
0.6512601315256081
0.6515797535063741
0.6518878264329713
0.6521844186569485
0.6524696345528482
0.6527436079810948
0.6530064967237520
0.6532584777235144
0.6534997429921497
0.6537304960824217
0.6539509490376044
0.6541613197489690
0.6543618296630189
0.6545527017905025
0.6547341589763879
0.6549064223964212
0.6550697102511188
0.6552242366314893
0.6553702105352538
0.6555078350142279
0.6556373064366796
0.6557588138502900
0.6558725384330729
0.6559786530211548
0.6560773217039799
0.6561686994779181
0.6562529319513284
0.6563301550937813
0.6564004950241812
0.6564640678321587
0.6565209794283879
0.6565713254200040
0.6566151910074032
0.6566526508994494
0.6566837692448042
0.6567085995766511
0.6567271847696313
0.6567395570069123
0.6567457377566697
0.6567457377566710
0.6567395570069123
0.6567271847696313
0.6567085995766511
0.6566837692448042
0.6566526508994494
0.6566151910074033
0.6565713254200027
0.6565209794283879
0.6564640678321587
0.6564004950241863
0.6563301550937841
0.6562529319513284
0.6561686994779177
0.6560773217039803
0.6559786530211509
0.6558725384330729
0.6557588138502900
0.6556373064366796
0.6555078350142279
0.6553702105352535
0.6552242366314893
0.6550697102511188
0.6549064223964183
0.6547341589763879
0.6545527017905032
0.6543618296630189
0.6541613197489690
0.6539509490376040
0.6537304960824217
0.6534997429921497
0.6532584777235144
0.6530064967237514
0.6527436079810948
0.6524696345528482
0.6521844186569485
0.6518878264329713
0.6515797535063740
0.6512601315256081
0.6509289358943923
0.6505861949928393
0.6502320012911627
0.6498665249183881
0.6494900305109799
0.6491028985944114
0.6487056535194758
0.6482990014537252
0.6478838851312823
0.6474615702012246
0.6470338047628312
0.6470078863700882
0.6474349994200324
0.6478566645660130
0.6482711345942139
0.6486771447628505
0.6490737532493923
0.6494602547902582
0.6498361259221496
0.6502009869831248
0.6505545741703591
0.6508967181534095
0.6512273272212413
0.6515463737101713
0.6518538828872594
0.6521499237273026
0.6524346011790050
0.6527080496272322
0.6529704273284130
0.6532219116499370
0.6534626949793078
0.6536929811973990
0.6539129826294409
0.6541229174045452
0.6543230071650735
0.6545134750780816
0.6546945441079607
0.6548664355158199
0.6550293675561600
0.6551835543457012
0.6553292048824790
0.6554665221961253
0.6555957026132675
0.6557169351232159
0.6558304008316664
0.6559362724912835
0.6560347140992849
0.6561258805537024
0.6562099173605586
0.6562869603853599
0.6563571356431812
0.6564205591219839
0.6564773366345784
0.6565275636956944
0.6565713254200027
0.6566086964387509
0.6566397408319853
0.6566645120744113
0.6566830529928931
0.6566953957342818
0.6567015617422405
0.6567015617422405
0.6566953957342818
0.6566830529928931
0.6566645120744113
0.6566397408319853
0.6566086964387509
0.6565713254200027
0.6565275636956944
0.6564773366345784
0.6564205591219839
0.6563571356431812
0.6562869603853599
0.6562099173605572
0.6561258805537025
0.6560347140992849
0.6559362724912835
0.6558304008316667
0.6557169351232159
0.6555957026132675
0.6554665221961253
0.6553292048824823
0.6551835543457012
0.6550293675561600
0.6548664355158199
0.6546945441079607
0.6545134750780816
0.6543230071650739
0.6541229174045452
0.6539129826294403
0.6536929811973990
0.6534626949793078
0.6532219116499354
0.6529704273284130
0.6527080496272322
0.6524346011790050
0.6521499237273026
0.6518538828872594
0.6515463737101713
0.6512273272212413
0.6508967181534095
0.6505545741703617
0.6502009869831288
0.6498361259221496
0.6494602547902590
0.6490737532493908
0.6486771447628504
0.6482711345942139
0.6478566645660130
0.6474349994200324
0.6470078863700882
0.6469781588064548
0.6474045210821314
0.6478254384587074
0.6482391647523258
0.6486444362758539
0.6490403122654588
0.6494260885067442
0.6498012425655310
0.6501653957805955
0.6505182853141892
0.6508597427593423
0.6511896772821109
0.6515080620452877
0.6518149230889043
0.6521103301046456
0.6523943887006514
0.6526672338628786
0.6529290243903001
0.6531799381347559
0.6534201679112615
0.6536499179724746
0.6538694009619065
0.6540788352756456
0.6542784427743660
0.6544684467977376
0.6546490704401183
0.6548205350532048
0.6549830589461374
0.6551368562577388
0.6552821359790419
0.6554191011070341
0.6555479479134532
0.6556688653137664
0.6557820343242288
0.6558876275953507
0.6559858090126321
0.6560767333556250
0.6561605460076050
0.6562373827098678
0.6563073693538309
0.6563706218066395
0.6564272457651357
0.6564773366345812
0.6565209794283878
0.6565582486860724
0.6565892084068558
0.6566139119964155
0.6566324022253888
0.6566447111978140
0.6566508603285375
0.6566508603285375
0.6566447111978140
0.6566324022253888
0.6566139119964157
0.6565892084068558
0.6565582486860724
0.6565209794283879
0.6564773366345812
0.6564272457651357
0.6563706218066381
0.6563073693538309
0.6562373827098678
0.6561605460076031
0.6560767333556202
0.6559858090126321
0.6558876275953507
0.6557820343242288
0.6556688653137664
0.6555479479134532
0.6554191011070341
0.6552821359790419
0.6551368562577388
0.6549830589461374
0.6548205350532048
0.6546490704401183
0.6544684467977376
0.6542784427743669
0.6540788352756456
0.6538694009619066
0.6536499179724746
0.6534201679112615
0.6531799381347514
0.6529290243903000
0.6526672338628786
0.6523943887006513
0.6521103301046456
0.6518149230889043
0.6515080620452877
0.6511896772821109
0.6508597427593423
0.6505182853141892
0.6501653957805948
0.6498012425655310
0.6494260885067442
0.6490403122654578
0.6486444362758539
0.6482391647523258
0.6478254384587074
0.6474045210821314
0.6469781588064548
0.6469445796911638
0.6473700907040304
0.6477901602351051
0.6482030432826921
0.6486074773689513
0.6490025229430262
0.6493874769916036
0.6497618182576193
0.6501251692232854
0.6504772681524219
0.6508179476910325
0.6511471180038120
0.6514647531933860
0.6517708801771916
0.6520655694593865
0.6523489273939687
0.6526210896451361
0.6528822156225796
0.6531324837218806
0.6533720872361004
0.6536012308321052
0.6538201275061550
0.6540289959482538
0.6542280582574991
0.6544175379597634
0.6545976582870779
0.6547686406841349
0.6549307035122824
0.6550840609257635
0.6552289218981939
0.6553654893804068
0.6554939595730098
0.6556145212992974
0.6557273554659234
0.6558326345999899
0.6559305224531046
0.6560211736636652
0.6561047334696559
0.6561813374656356
0.6562511113976216
0.6563141709909578
0.6563706218066381
0.6564205591219839
0.6564640678321588
0.6565012223698220
0.6565320866399588
0.6565567139679469
0.6565751470590132
0.6565874179674355
0.6565935480745767
0.6565935480745767
0.6565874179674355
0.6565751470590158
0.6565567139679414
0.6565320866399583
0.6565012223698220
0.6564640678321595
0.6564205591219839
0.6563706218066381
0.6563141709909578
0.6562511113976222
0.6561813374656356
0.6561047334696559
0.6560211736636652
0.6559305224531046
0.6558326345999899
0.6557273554659216
0.6556145212992961
0.6554939595730098
0.6553654893804068
0.6552289218981939
0.6550840609257635
0.6549307035122824
0.6547686406841353
0.6545976582870779
0.6544175379597634
0.6542280582574992
0.6540289959482538
0.6538201275061550
0.6536012308321052
0.6533720872361004
0.6531324837218806
0.6528822156225803
0.6526210896451364
0.6523489273939730
0.6520655694593865
0.6517708801771933
0.6514647531933860
0.6511471180038120
0.6508179476910381
0.6504772681524219
0.6501251692232854
0.6497618182576185
0.6493874769916036
0.6490025229430262
0.6486074773689513
0.6482030432826921
0.6477901602351051
0.6473700907040304
0.6469445796911638
0.6469071015033194
0.6473316583818559
0.6477507776222076
0.6481627155658448
0.6485662111074729
0.6489603260717483
0.6493443588060261
0.6497177893855051
0.6500802415850828
0.6504314549125816
0.6507712632014202
0.6510995777408030
0.6514163736900263
0.6517216789512085
0.6520155649384531
0.6522981388391423
0.6525695370735743
0.6528299197300782
0.6530794658065572
0.6533183691234073
0.6535468348023104
0.6537650762244419
0.6539733123982578
0.6541717656784415
0.6543606597875710
0.6545402180997979
0.6547106621517814
0.6548722103510972
0.6550250768571667
0.6551694706123542
0.6553055945041765
0.6554336446425008
0.6555538097366845
0.6556662705604764
0.6557711994930436
0.6558687601270532
0.6559591069343342
0.6560423849822594
0.6561187296937917
0.6561882666454031
0.6562511113976216
0.6563073693538309
0.6563571356431827
0.6564004950241873
0.6564375218060452
0.6564682797850572
0.6564928221940931
0.6565111916630041
0.6565234201888350
0.6565295291143343
0.6565295291143343
0.6565234201888350
0.6565111916630041
0.6564928221940931
0.6564682797850578
0.6564375218060452
0.6564004950241873
0.6563571356431827
0.6563073693538309
0.6562511113976216
0.6561882666454031
0.6561187296937916
0.6560423849822594
0.6559591069343342
0.6558687601270532
0.6557711994930436
0.6556662705604764
0.6555538097366845
0.6554336446425008
0.6553055945041765
0.6551694706123542
0.6550250768571667
0.6548722103510963
0.6547106621517814
0.6545402180997979
0.6543606597875710
0.6541717656784412
0.6539733123982578
0.6537650762244419
0.6535468348023104
0.6533183691234073
0.6530794658065571
0.6528299197300782
0.6525695370735743
0.6522981388391423
0.6520155649384531
0.6517216789512060
0.6514163736900263
0.6510995777408030
0.6507712632014202
0.6504314549125830
0.6500802415850813
0.6497177893855079
0.6493443588060261
0.6489603260717481
0.6485662111074729
0.6481627155658448
0.6477507776222076
0.6473316583818562
0.6469071015033194
0.6468656716455414
0.6472891688487017
0.6477072326994747
0.6481181210536432
0.6485205743516196
0.6489136559654139
0.6492966657715156
0.6496690853406929
0.6500305398972807
0.6503807703419565
0.6507196118357471
0.6510469769231954
0.6513628419408672
0.6516672358858207
0.6519602311816869
0.6522419359381592
0.6525124874095576
0.6527720464308103
0.6530207926595284
0.6532589204912395
0.6534866355407712
0.6537041516038873
0.6539116880289225
0.6541094674399153
0.6542977137631392
0.6544766505154405
0.6546464993204140
0.6548074786219450
0.6549598025703819
0.6551036800587381
0.6552393138902604
0.6553669000604270
0.6554866271391233
0.6555986757401611
0.6557032180669283
0.6558004175245726
0.6558904283898350
0.6559733955311954
0.6560494541724322
0.6561187296937926
0.6561813374656356
0.6562373827098678
0.6562869603853599
0.6563301550937839
0.6563670410028877
0.6563976817846111
0.6564221305659576
0.6564404298907105
0.6564526116904631
0.6564586972640045
0.6564586972640064
0.6564526116904615
0.6564404298907091
0.6564221305659576
0.6563976817846074
0.6563670410028877
0.6563301550937813
0.6562869603853599
0.6562373827098678
0.6561813374656356
0.6561187296937926
0.6560494541724322
0.6559733955311954
0.6558904283898350
0.6558004175245726
0.6557032180669283
0.6555986757401611
0.6554866271391228
0.6553669000604270
0.6552393138902604
0.6551036800587381
0.6549598025703819
0.6548074786219489
0.6546464993204140
0.6544766505154405
0.6542977137631392
0.6541094674399153
0.6539116880289225
0.6537041516038887
0.6534866355407712
0.6532589204912395
0.6530207926595284
0.6527720464308103
0.6525124874095576
0.6522419359381585
0.6519602311816869
0.6516672358858207
0.6513628419408672
0.6510469769231954
0.6507196118357471
0.6503807703419561
0.6500305398972807
0.6496690853406937
0.6492966657715156
0.6489136559654139
0.6485205743516196
0.6481181210536432
0.6477072326994747
0.6472891688487020
0.6468656716455414
0.6468202325194147
0.6472425615430942
0.6476594619605314
0.6480691933245238
0.6484704978054672
0.6488624405053521
0.6492443230082895
0.6496156285531645
0.6499759839787888
0.6503251317349806
0.6506629084570411
0.6509892280808198
0.6513040682450941
0.6516074591553194
0.6518994743464380
0.6521802229404574
0.6524498431043727
0.6527084964866843
0.6529563634609634
0.6531936390435913
0.6534205293783311
0.6536372487020832
0.6538440167208316
0.6540410563380230
0.6542285916862196
0.6544068464212709
0.6545760422441638
0.6547363976205214
0.6548881266726740
0.6550314382218231
0.6551665349612648
0.6552936127441201
0.6554128599710188
0.6555244570647205
0.6556285760209303
0.6557253800251130
0.6558150231268899
0.6558976499642720
0.6559733955311954
0.6560423849822588
0.6561047334696563
0.6561605460076049
0.6562099173605568
0.6562529319513284
0.6562896637865555
0.6563201763967645
0.6563445227886394
0.6563627454081986
0.6563748761127838
0.6563809361513119
0.6563809361513119
0.6563748761127838
0.6563627454081986
0.6563445227886384
0.6563201763967645
0.6562896637865555
0.6562529319513284
0.6562099173605568
0.6561605460076049
0.6561047334696563
0.6560423849822601
0.6559733955311907
0.6558976499642764
0.6558150231268899
0.6557253800251130
0.6556285760209303
0.6555244570647205
0.6554128599710188
0.6552936127441201
0.6551665349612648
0.6550314382218231
0.6548881266726740
0.6547363976205214
0.6545760422441638
0.6544068464212713
0.6542285916862205
0.6540410563380230
0.6538440167208315
0.6536372487020832
0.6534205293783301
0.6531936390435913
0.6529563634609634
0.6527084964866853
0.6524498431043745
0.6521802229404574
0.6518994743464380
0.6516074591553194
0.6513040682450948
0.6509892280808198
0.6506629084570411
0.6503251317349806
0.6499759839787888
0.6496156285531602
0.6492443230082916
0.6488624405053521
0.6484704978054672
0.6480691933245252
0.6476594619605314
0.6472425615430942
0.6468202325194147
0.6467707216143408
0.6471917706900947
0.6476073963866791
0.6480158601496904
0.6484159060765483
0.6488066011939025
0.6491872489832543
0.6495573345346792
0.6499164864756788
0.6502644489698761
0.6506010602804055
0.6509262358763525
0.6512399548282327
0.6515422486667169
0.6518331921421237
0.6521128954799494
0.6523814978384848
0.6526391617460786
0.6528860683467698
0.6531224133209896
0.6533484033742093
0.6535642532071919
0.6537701828972993
0.6539664156327679
0.6541531757503486
0.6543306870361135
0.6544991712537206
0.6546588468708328
0.6548099279576323
0.6549526232357253
0.6550871352578723
0.6552136597019386
0.6553323847646578
0.6554434906421740
0.6555471490862277
0.6556435230263483
0.6557327662490801
0.6558150231268899
0.6558904283898350
0.6559591069343342
0.6560211736636645
0.6560767333556250
0.6561258805537024
0.6561686994779196
0.6562052639524200
0.6562356373476643
0.6562598725344186
0.6562780118482212
0.6562900870626456
0.6562961193702305
0.6562961193702305
0.6562900870626456
0.6562780118482212
0.6562598725344233
0.6562356373476643
0.6562052639524200
0.6561686994779179
0.6561258805537024
0.6560767333556249
0.6560211736636652
0.6559591069343342
0.6558904283898350
0.6558150231268899
0.6557327662490801
0.6556435230263483
0.6555471490862277
0.6554434906421710
0.6553323847646578
0.6552136597019386
0.6550871352578723
0.6549526232357253
0.6548099279576323
0.6546588468708328
0.6544991712537198
0.6543306870361135
0.6541531757503486
0.6539664156327679
0.6537701828972993
0.6535642532071919
0.6533484033742093
0.6531224133209896
0.6528860683467698
0.6526391617460789
0.6523814978384848
0.6521128954799490
0.6518331921421237
0.6515422486667187
0.6512399548282327
0.6509262358763525
0.6506010602804059
0.6502644489698761
0.6499164864756785
0.6495573345346792
0.6491872489832543
0.6488066011939025
0.6484159060765483
0.6480158601496931
0.6476073963866802
0.6471917706900947
0.6467707216143408
0.6467170716115611
0.6471367253967770
0.6475509615340910
0.6479580435725409
0.6483567177479320
0.6487460532198497
0.6491253555697796
0.6494941119333622
0.6498519529118204
0.6501986245561517
0.6505339669186725
0.6508578971499177
0.6511703958866112
0.6514714961051599
0.6517612738774450
0.6520398406246655
0.6523073365747895
0.6525639252011093
0.6528097884704094
0.6530451227674795
0.6532701353883834
0.6534850415160982
0.6536900616083984
0.6538854191382997
0.6540713386392205
0.6542480440128750
0.6544157570652028
0.6545746962401084
0.6547250755257583
0.6548671035106892
0.6550009825708090
0.6551269081703797
0.6552450682624223
0.6553556427757592
0.6554588031772483
0.6555547120996564
0.6556435230263483
0.6557253800251130
0.6558004175245726
0.6558687601270532
0.6559305224531046
0.6559858090126314
0.6560347140992859
0.6560773217039803
0.6561137054451723
0.6561439285130419
0.6561680436253836
0.6561860929935918
0.6561981082970590
0.6562041106650655
0.6562041106650655
0.6561981082970589
0.6561860929935918
0.6561680436253836
0.6561439285130419
0.6561137054451723
0.6560773217039800
0.6560347140992859
0.6559858090126314
0.6559305224531046
0.6558687601270532
0.6558004175245712
0.6557253800251130
0.6556435230263483
0.6555547120996570
0.6554588031772483
0.6553556427757592
0.6552450682624223
0.6551269081703797
0.6550009825708090
0.6548671035106892
0.6547250755257599
0.6545746962401084
0.6544157570652028
0.6542480440128750
0.6540713386392205
0.6538854191382997
0.6536900616083984
0.6534850415160982
0.6532701353883834
0.6530451227674795
0.6528097884704094
0.6525639252011093
0.6523073365747895
0.6520398406246655
0.6517612738774450
0.6514714961051599
0.6511703958866112
0.6508578971499164
0.6505339669186725
0.6501986245561517
0.6498519529118204
0.6494941119333622
0.6491253555697796
0.6487460532198430
0.6483567177479320
0.6479580435725407
0.6475509615340910
0.6471367253967770
0.6467170716115611
0.6466592105056550
0.6470773497644327
0.6474900776369683
0.6478956600031710
0.6482928454647221
0.6486807055378002
0.6490585481205987
0.6494258626017957
0.6497822817527268
0.6501275536954811
0.6504615204413791
0.6507841009774342
0.6510952776463645
0.6513950849943466
0.6516836005232423
0.6519609369429769
0.6522272356290063
0.6524826610629487
0.6527273960838795
0.6529616378174334
0.6531855941747067
0.6533994808344207
0.6536035186377286
0.6537979313367689
0.6539829436476187
0.6541587795666396
0.6543256609149021
0.6544838060804559
0.6546334289328807
0.6547747378877646
0.6549079351016932
0.6550332157808448
0.6551507675890571
0.6552607701415664
0.6553633945741764
0.6554588031772475
0.6555471490862276
0.6556285760209317
0.6557032180669283
0.6557711994930436
0.6558326345999899
0.6558876275953507
0.6559362724912835
0.6559786530211521
0.6560148425724694
0.6560449041331275
0.6560688902495907
0.6560868429941944
0.6560987939409628
0.6561047641483875
0.6561047641483875
0.6560987939409628
0.6560868429941971
0.6560688902495907
0.6560449041331275
0.6560148425724694
0.6559786530211521
0.6559362724912782
0.6558876275953507
0.6558326345999899
0.6557711994930436
0.6557032180669283
0.6556285760209303
0.6555471490862276
0.6554588031772483
0.6553633945741764
0.6552607701415664
0.6551507675890561
0.6550332157808448
0.6549079351016932
0.6547747378877626
0.6546334289328807
0.6544838060804553
0.6543256609149021
0.6541587795666396
0.6539829436476187
0.6537979313367689
0.6536035186377286
0.6533994808344207
0.6531855941747078
0.6529616378174348
0.6527273960838795
0.6524826610629451
0.6522272356290065
0.6519609369429769
0.6516836005232423
0.6513950849943466
0.6510952776463645
0.6507841009774342
0.6504615204413791
0.6501275536954811
0.6497822817527267
0.6494258626017957
0.6490585481205987
0.6486807055378002
0.6482928454647221
0.6478956600031710
0.6474900776369683
0.6470773497644327
0.6466592105056542
0.6465970617458322
0.6470135630196016
0.6474246597287906
0.6478286203304074
0.6482241960377290
0.6486104609641826
0.6489867255573528
0.6493524816809286
0.6497073644854882
0.6500511243588999
0.6503836054504799
0.6507047287461323
0.6510144784397609
0.6513128907751166
0.6516000447945138
0.6518760545899172
0.6521410627611750
0.6523952348592079
0.6526387546414439
0.6528718200065077
0.6530946394996332
0.6533074293025948
0.6535104106367967
0.6537038075205907
0.6538878448316555
0.6540627466327282
0.6542287347254935
0.6543860274025489
0.6545348383711705
0.6546753758270230
0.6548078416579189
0.6549324307610926
0.6550493304591495
0.6551587200016906
0.6552607701415669
0.6553556427757592
0.6554434906421710
0.6555244570647215
0.6555986757401611
0.6556662705604764
0.6557273554659236
0.6557820343242282
0.6558304008316669
0.6558725384330729
0.6559085202574614
0.6559384090668750
0.6559622572163570
0.6559801066231598
0.6559919887438495
0.6559979245580392
0.6559979245580392
0.6559919887438498
0.6559801066231598
0.6559622572163569
0.6559384090668750
0.6559085202574614
0.6558725384330729
0.6558304008316667
0.6557820343242284
0.6557273554659219
0.6556662705604764
0.6555986757401611
0.6555244570647211
0.6554434906421710
0.6553556427757592
0.6552607701415669
0.6551587200016906
0.6550493304591495
0.6549324307610928
0.6548078416579189
0.6546753758270230
0.6545348383711705
0.6543860274025489
0.6542287347254935
0.6540627466327282
0.6538878448316555
0.6537038075205907
0.6535104106367967
0.6533074293025949
0.6530946394996332
0.6528718200065077
0.6526387546414419
0.6523952348592116
0.6521410627611750
0.6518760545899172
0.6516000447945132
0.6513128907751166
0.6510144784397609
0.6507047287461327
0.6503836054504796
0.6500511243588999
0.6497073644854883
0.6493524816809286
0.6489867255573528
0.6486104609641826
0.6482241960377290
0.6478286203304074
0.6474246597287906
0.6470135630196016
0.6465970617458322
0.6465305443999068
0.6469452796671389
0.6473546177847056
0.6477568300541964
0.6481506705664936
0.6485352162923869
0.6489097804790441
0.6492738577031599
0.6496270857177208
0.6499692173831358
0.6503000991756903
0.6506196542502548
0.6509278688028602
0.6512247809062591
0.6515104712553960
0.6517850554176274
0.6520486772924065
0.6523015035578605
0.6525437189315505
0.6527755221117153
0.6529971222907158
0.6532087361537171
0.6534105852915926
0.6536028939683090
0.6537858871938659
0.6539597890608153
0.6541248213087300
0.6542812020869312
0.6544291448886506
0.6545688576348115
0.6547005418876112
0.6548243921770714
0.6549405954258326
0.6550493304591495
0.6551507675890571
0.6552450682624230
0.6553323847646578
0.6554128599710188
0.6554866271391233
0.6555538097366841
0.6556145212992974
0.6556688653137664
0.6557169351232159
0.6557588138502869
0.6557945743358856
0.6558242790904454
0.6558479802561257
0.6558657195777605
0.6558775283813842
0.6558834275590172
0.6558834275590167
0.6558775283813845
0.6558657195777605
0.6558479802561258
0.6558242790904454
0.6557945743358856
0.6557588138502900
0.6557169351232154
0.6556688653137664
0.6556145212992974
0.6555538097366845
0.6554866271391228
0.6554128599710188
0.6553323847646578
0.6552450682624230
0.6551507675890559
0.6550493304591495
0.6549405954258326
0.6548243921770714
0.6547005418876112
0.6545688576348113
0.6544291448886506
0.6542812020869312
0.6541248213087300
0.6539597890608114
0.6537858871938659
0.6536028939683090
0.6534105852915926
0.6532087361537171
0.6529971222907158
0.6527755221117153
0.6525437189315502
0.6523015035578609
0.6520486772924065
0.6517850554176274
0.6515104712553956
0.6512247809062591
0.6509278688028602
0.6506196542502548
0.6503000991756903
0.6499692173831358
0.6496270857177208
0.6492738577031599
0.6489097804790465
0.6485352162923869
0.6481506705664936
0.6477568300541964
0.6473546177847056
0.6469452796671389
0.6465305443999068
0.6464595733439552
0.6468724096678898
0.6472798568878556
0.6476801894412744
0.6480721645856434
0.6484548624304489
0.6488275992926648
0.6491898727174802
0.6495413232990589
0.6498817065901530
0.6502108715934726
0.6505287438113403
0.6508353115985164
0.6511306149917301
0.6514147364520545
0.6516877931149119
0.6519499302521287
0.6522013157230546
0.6524421352417389
0.6526725883262644
0.6528928848215810
0.6531032419086760
0.6533038815283692
0.6534950281606620
0.6536769069094656
0.6538497418512138
0.6540137546115108
0.6541691631394904
0.6543161806537318
0.6544550147370763
0.6545858665609389
0.6547089302221265
0.6548243921770717
0.6549324307610926
0.6550332157808436
0.6551269081703797
0.6552136597019386
0.6552936127441201
0.6553669000604270
0.6554336446425008
0.6554939595730098
0.6555479479134534
0.6555957026132675
0.6556373064366798
0.6556728319043152
0.6557023412473720
0.6557258863719563
0.6557435088318152
0.6557552398084531
0.6557611000969257
0.6557611000969213
0.6557552398084540
0.6557435088318193
0.6557258863719505
0.6557023412473720
0.6556728319043152
0.6556373064366796
0.6555957026132675
0.6555479479134534
0.6554939595730098
0.6554336446425008
0.6553669000604270
0.6552936127441201
0.6552136597019386
0.6551269081703797
0.6550332157808436
0.6549324307610926
0.6548243921770717
0.6547089302221265
0.6545858665609389
0.6544550147370763
0.6543161806537301
0.6541691631394904
0.6540137546115089
0.6538497418512138
0.6536769069094656
0.6534950281606620
0.6533038815283692
0.6531032419086760
0.6528928848215810
0.6526725883262644
0.6524421352417376
0.6522013157230542
0.6519499302521280
0.6516877931149119
0.6514147364520545
0.6511306149917301
0.6508353115985164
0.6505287438113403
0.6502108715934726
0.6498817065901530
0.6495413232990644
0.6491898727174804
0.6488275992926648
0.6484548624304489
0.6480721645856435
0.6476801894412744
0.6472798568878556
0.6468724096678898
0.6464595733439552
0.6463840594813197
0.6467948586450802
0.6472002774234419
0.6475985937078922
0.6479885682371636
0.6483692845649132
0.6487400623698786
0.6491004024409792
0.6494499484691509
0.6497884589335156
0.6501157855741118
0.6504318564275137
0.6507366621697700
0.6510302449396347
0.6513126890786123
0.6515841133814726
0.6518446645617901
0.6520945117089368
0.6523338415633319
0.6525628544754489
0.6527817609396618
0.6529907786156214
0.6531901297649088
0.6533800390436199
0.6535607316008440
0.6537324314407353
0.6538953600126268
0.6540497349986745
0.6541957692724062
0.6543336700058930
0.6544636379057539
0.6545858665609389
0.6547005418876112
0.6548078416579189
0.6549079351016932
0.6550009825708090
0.6550871352578723
0.6551665349612653
0.6552393138902608
0.6553055945041780
0.6553654893804034
0.6554191011070341
0.6554665221961253
0.6555078350142275
0.6555431117272473
0.6555724142573864
0.6555957942497357
0.6556132930470525
0.6556249416712243
0.6556307608103085
0.6556307608103086
0.6556249416712243
0.6556132930470525
0.6555957942497357
0.6555724142573864
0.6555431117272468
0.6555078350142275
0.6554665221961253
0.6554191011070341
0.6553654893804068
0.6553055945041780
0.6552393138902608
0.6551665349612653
0.6550871352578723
0.6550009825708090
0.6549079351016932
0.6548078416579189
0.6547005418876112
0.6545858665609389
0.6544636379057540
0.6543336700058930
0.6541957692724062
0.6540497349986745
0.6538953600126268
0.6537324314407353
0.6535607316008440
0.6533800390436199
0.6531901297649088
0.6529907786156278
0.6527817609396616
0.6525628544754490
0.6523338415633319
0.6520945117089368
0.6518446645617901
0.6515841133814726
0.6513126890786123
0.6510302449396370
0.6507366621697700
0.6504318564275147
0.6501157855741118
0.6497884589335156
0.6494499484691502
0.6491004024409792
0.6487400623698786
0.6483692845649132
0.6479885682371636
0.6475985937078967
0.6472002774234419
0.6467948586450802
0.6463840594813197
0.6463039099952315
0.6467125281230531
0.6471157753045294
0.6475119332335970
0.6478997664736684
0.6482783623548733
0.6486470442341654
0.6490053164409281
0.6493528260370159
0.6496893346772230
0.6500146970618467
0.6503288439574640
0.6506317685291807
0.6509235151589202
0.6512041701827812
0.6514738541436524
0.6517327152617136
0.6519809238986609
0.6522186678433226
0.6524461482817457
0.6526635763445049
0.6528711701419263
0.6530691522157960
0.6532577473469492
0.6534371806691701
0.6536076760465680
0.6537694546787437
0.6539227339029166
0.6540677261666015
0.6542046381482483
0.6543336700058929
0.6544550147370752
0.6545688576348118
0.6546753758270217
0.6547747378877651
0.6548671035106892
0.6549526232357253
0.6550314382218231
0.6551036800587381
0.6551694706123542
0.6552289218981936
0.6552821359790419
0.6553292048824790
0.6553702105352535
0.6554052247115530
0.6554343089926670
0.6554575147360120
0.6554748830519552
0.6554864447867345
0.6554922205106428
0.6554922205106428
0.6554864447867345
0.6554748830519552
0.6554575147360118
0.6554343089926670
0.6554052247115530
0.6553702105352535
0.6553292048824790
0.6552821359790419
0.6552289218981936
0.6551694706123542
0.6551036800587381
0.6550314382218231
0.6549526232357253
0.6548671035106892
0.6547747378877651
0.6546753758270206
0.6545688576348118
0.6544550147370752
0.6543336700058929
0.6542046381482483
0.6540677261666015
0.6539227339029166
0.6537694546787433
0.6536076760465680
0.6534371806691701
0.6532577473469490
0.6530691522157960
0.6528711701419263
0.6526635763445049
0.6524461482817457
0.6522186678433226
0.6519809238986609
0.6517327152617136
0.6514738541436524
0.6512041701827809
0.6509235151589234
0.6506317685291798
0.6503288439574640
0.6500146970618467
0.6496893346772205
0.6493528260370159
0.6490053164409281
0.6486470442341654
0.6482783623548733
0.6478997664736684
0.6475119332335970
0.6471157753045294
0.6467125281230532
0.6463039099952339
0.6462190286393021
0.6466253158033490
0.6470262422340751
0.6474200938105342
0.6478056392966176
0.6481819701612602
0.6485484137830970
0.6489044783526522
0.6492498145969434
0.6495841876121872
0.6499074552944634
0.6502195513447800
0.6505204715910199
0.6508102628008419
0.6510890134181561
0.6513568458191407
0.6516139097892197
0.6518603769969232
0.6520964362915728
0.6523222896873736
0.6525381489258216
0.6527442325276359
0.6529407632612039
0.6531279659676842
0.6533060656921562
0.6534752860781330
0.6536358479893979
0.6537879683282359
0.6539318590236761
0.6540677261665998
0.6541957692724062
0.6543161806537318
0.6544291448886506
0.6545348383711699
0.6546334289328829
0.6547250755257589
0.6548099279576329
0.6548881266726736
0.6549598025703869
0.6550250768571657
0.6550840609257635
0.6551368562577388
0.6551835543457014
0.6552242366314842
0.6552589744578838
0.6552878290312113
0.6553108513928164
0.6553280823977973
0.6553395526996340
0.6553452827394479
0.6553452827394479
0.6553395526996333
0.6553280823977973
0.6553108513928173
0.6552878290312113
0.6552589744578838
0.6552242366314893
0.6551835543457014
0.6551368562577388
0.6550840609257613
0.6550250768571657
0.6549598025703869
0.6548881266726736
0.6548099279576329
0.6547250755257590
0.6546334289328829
0.6545348383711705
0.6544291448886506
0.6543161806537301
0.6541957692724062
0.6540677261665998
0.6539318590236761
0.6537879683282378
0.6536358479893979
0.6534752860781330
0.6533060656921562
0.6531279659676842
0.6529407632612039
0.6527442325276359
0.6525381489258216
0.6523222896873767
0.6520964362915728
0.6518603769969232
0.6516139097892197
0.6513568458191394
0.6510890134181561
0.6508102628008419
0.6505204715910199
0.6502195513447800
0.6499074552944634
0.6495841876121865
0.6492498145969434
0.6489044783526515
0.6485484137830970
0.6481819701612602
0.6478056392966176
0.6474200938105342
0.6470262422340751
0.6466253158033490
0.6462190286393023
0.6461293160717126
0.6465331158829950
0.6469315660086467
0.6473229569338538
0.6477060620353224
0.6480799773166417
0.6484440345518085
0.6487977461391802
0.6491407667873049
0.6494728653169797
0.6497939030687818
0.6501038168915018
0.6504026054539351
0.6506903180532827
0.6509670453522115
0.6512329116398213
0.6514880683176694
0.6517326883856102
0.6519669617541353
0.6521910912450419
0.6524052891719633
0.6526097744111350
0.6528047698895387
0.6529905004295338
0.6531671908995299
0.6533350646276569
0.6534943420421365
0.6536452395072005
0.6537879683282378
0.6539227339029177
0.6540497349986745
0.6541691631394911
0.6542812020869295
0.6543860274025488
0.6544838060804559
0.6545746962401078
0.6546588468708328
0.6547363976205214
0.6548074786219450
0.6548722103510963
0.6549307035122824
0.6549830589461341
0.6550293675561600
0.6550697102511209
0.6551041579001620
0.6551327712983397
0.6551556011406751
0.6551726880027839
0.6551840623271741
0.6551897444136972
0.6551897444136972
0.6551840623271750
0.6551726880027831
0.6551556011406735
0.6551327712983397
0.6551041579001620
0.6550697102511198
0.6550293675561600
0.6549830589461341
0.6549307035122824
0.6548722103510963
0.6548074786219450
0.6547363976205214
0.6546588468708328
0.6545746962401078
0.6544838060804559
0.6543860274025489
0.6542812020869295
0.6541691631394911
0.6540497349986732
0.6539227339029177
0.6537879683282378
0.6536452395072005
0.6534943420421365
0.6533350646276569
0.6531671908995299
0.6529905004295338
0.6528047698895387
0.6526097744111350
0.6524052891719634
0.6521910912450419
0.6519669617541353
0.6517326883856124
0.6514880683176694
0.6512329116398213
0.6509670453522115
0.6506903180532827
0.6504026054539414
0.6501038168915018
0.6497939030687818
0.6494728653169797
0.6491407667873049
0.6487977461391802
0.6484440345518085
0.6480799773166417
0.6477060620353224
0.6473229569338521
0.6469315660086467
0.6465331158829950
0.6461293160717126
0.6460346702386061
0.6464358194214613
0.6468316308697112
0.6472204001392305
0.6476009056727730
0.6479722484421165
0.6483337650239094
0.6486849723996624
0.6490255295995651
0.6493552094708613
0.6496738770607264
0.6499814725876165
0.6502779977432934
0.6505635044979649
0.6508380858398045
0.6511018680432736
0.6513550041669131
0.6515976685541414
0.6518300521634176
0.6520523585885253
0.6522648006603983
0.6524675975396569
0.6526609722271669
0.6528451494309362
0.6530203537386716
0.6531868080527325
0.6533447322509689
0.6534943420421372
0.6536358479893979
0.6537694546787437
0.6538953600126267
0.6540137546115100
0.6541248213087300
0.6542287347254935
0.6543256609149021
0.6544157570652028
0.6544991712537200
0.6545760422441643
0.6546464993204140
0.6547106621517814
0.6547686406841349
0.6548205350532047
0.6548664355158199
0.6549064223964227
0.6549405660456289
0.6549689268087493
0.6549915550023564
0.6550084908969479
0.6550197647048328
0.6550253965717409
0.6550253965717409
0.6550197647048328
0.6550084908969486
0.6549915550023546
0.6549689268087493
0.6549405660456282
0.6549064223964209
0.6548664355158199
0.6548205350532047
0.6547686406841349
0.6547106621517814
0.6546464993204140
0.6545760422441638
0.6544991712537200
0.6544157570652034
0.6543256609149021
0.6542287347254935
0.6541248213087300
0.6540137546115100
0.6538953600126267
0.6537694546787437
0.6536358479893987
0.6534943420421366
0.6533447322509689
0.6531868080527325
0.6530203537386716
0.6528451494309362
0.6526609722271669
0.6524675975396548
0.6522648006603984
0.6520523585885253
0.6518300521634176
0.6515976685541414
0.6513550041669138
0.6511018680432736
0.6508380858398045
0.6505635044979649
0.6502779977432934
0.6499814725876165
0.6496738770607224
0.6493552094708613
0.6490255295995651
0.6486849723996606
0.6483337650239094
0.6479722484421138
0.6476009056727730
0.6472204001392283
0.6468316308697112
0.6464358194214613
0.6460346702386061
0.6459349868141637
0.6463333147629994
0.6467263179095368
0.6471122973941906
0.6474900372254357
0.6478586438188447
0.6482174589978870
0.6485660047345251
0.6489039447461656
0.6492310562279757
0.6495472082093665
0.6498523445082276
0.6501464700240458
0.6504296395413385
0.6507019484742348
0.6509635251453291
0.6512145242983023
0.6514551216176137
0.6516855090796907
0.6519058909972701
0.6521164806451810
0.6523174973786879
0.6525091641691722
0.6526917054964153
0.6528653455454816
0.6530303066654815
0.6531868080527362
0.6533350646276569
0.6534752860781330
0.6536076760465680
0.6537324314407359
0.6538497418512124
0.6539597890608114
0.6540627466327295
0.6541587795666396
0.6542480440128751
0.6543306870361137
0.6544068464212713
0.6544766505154398
0.6545402180997979
0.6545976582870779
0.6546490704401183
0.6546945441079607
0.6547341589763879
0.6547679848299470
0.6547960815235701
0.6548184989614818
0.6548352770820274
0.6548464458469372
0.6548520252343777
0.6548520252343777
0.6548464458469372
0.6548352770820274
0.6548184989614821
0.6547960815235701
0.6547679848299481
0.6547341589763879
0.6546945441079607
0.6546490704401183
0.6545976582870779
0.6545402180997979
0.6544766505154398
0.6544068464212713
0.6543306870361137
0.6542480440128722
0.6541587795666396
0.6540627466327295
0.6539597890608114
0.6538497418512124
0.6537324314407359
0.6536076760465680
0.6534752860781330
0.6533350646276569
0.6531868080527362
0.6530303066654793
0.6528653455454816
0.6526917054964153
0.6525091641691722
0.6523174973786879
0.6521164806451792
0.6519058909972701
0.6516855090796907
0.6514551216176137
0.6512145242983007
0.6509635251453291
0.6507019484742356
0.6504296395413385
0.6501464700240458
0.6498523445082295
0.6495472082093665
0.6492310562279757
0.6489039447461656
0.6485660047345251
0.6482174589978872
0.6478586438188447
0.6474900372254357
0.6471122973941906
0.6467263179095368
0.6463333147629994
0.6459349868141621
0.6458301597049616
0.6462254880223243
0.6466155055396473
0.6469985195519407
0.6473733201852137
0.6477390198218769
0.6480949660177222
0.6484406861768272
0.6487758490970728
0.6491002366632838
0.6494137221762388
0.6497162532899617
0.6500078382969283
0.6502885349330955
0.6505584411300575
0.6508176873083927
0.6510664299094376
0.6513048459380512
0.6515331283393817
0.6517514820710244
0.6519601207574470
0.6521592638374095
0.6523491341286221
0.6525299557482812
0.6527019523373974
0.6528653455454821
0.6530203537386716
0.6531671908995286
0.6533060656921559
0.6534371806691699
0.6535607316008440
0.6536769069094656
0.6537858871938659
0.6538878448316555
0.6539829436476187
0.6540713386392205
0.6541531757503515
0.6542285916862205
0.6542977137631392
0.6543606597875710
0.6544175379597634
0.6544684467977370
0.6545134750780816
0.6545527017905007
0.6545861961034993
0.6546140173387296
0.6546362149524722
0.6546528285224444
0.6546638877385708
0.6546694123971702
0.6546694123971702
0.6546638877385708
0.6546528285224444
0.6546362149524722
0.6546140173387296
0.6545861961034954
0.6545527017905007
0.6545134750780816
0.6544684467977376
0.6544175379597634
0.6543606597875710
0.6542977137631346
0.6542285916862205
0.6541531757503517
0.6540713386392205
0.6539829436476203
0.6538878448316555
0.6537858871938659
0.6536769069094656
0.6535607316008440
0.6534371806691699
0.6533060656921552
0.6531671908995286
0.6530203537386715
0.6528653455454807
0.6527019523373979
0.6525299557482800
0.6523491341286221
0.6521592638374095
0.6519601207574470
0.6517514820710244
0.6515331283393817
0.6513048459380512
0.6510664299094372
0.6508176873083915
0.6505584411300578
0.6502885349330946
0.6500078382969307
0.6497162532899621
0.6494137221762388
0.6491002366632838
0.6487758490970728
0.6484406861768272
0.6480949660177222
0.6477390198218769
0.6473733201852137
0.6469985195519407
0.6466155055396473
0.6462254880223243
0.6458301597049607
0.6457200816281650
0.6461122236428105
0.6464990700310718
0.6468789348764111
0.6472506150334820
0.6476132294275918
0.6479661318782289
0.6483088557011273
0.6486410751970719
0.6489625773032612
0.6492732398937792
0.6495730147004699
0.6498619135930086
0.6501399973880863
0.6504073666139439
0.6506641538227218
0.6509105171464953
0.6511466348681465
0.6513727008291860
0.6515889205340142
0.6517955078383467
0.6519926821293726
0.6521806659234706
0.6523596828184629
0.6525299557482812
0.6526917054964158
0.6528451494309362
0.6529905004295338
0.6531279659676845
0.6532577473469490
0.6533800390436175
0.6534950281606611
0.6536028939683090
0.6537038075205907
0.6537979313367689
0.6538854191382997
0.6539664156327680
0.6540410563380225
0.6541094674399153
0.6541717656784412
0.6542280582574991
0.6542784427743669
0.6543230071650739
0.6543618296630190
0.6543949787680324
0.6544225132235799
0.6544444820007960
0.6544609242868766
0.6544718694777144
0.6544773371728945
0.6544773371728945
0.6544718694777144
0.6544609242868766
0.6544444820007960
0.6544225132235835
0.6543949787680324
0.6543618296630190
0.6543230071650739
0.6542784427743669
0.6542280582574953
0.6541717656784425
0.6541094674399153
0.6540410563380225
0.6539664156327680
0.6538854191382997
0.6537979313367689
0.6537038075205894
0.6536028939683090
0.6534950281606611
0.6533800390436175
0.6532577473469506
0.6531279659676845
0.6529905004295338
0.6528451494309362
0.6526917054964158
0.6525299557482800
0.6523596828184629
0.6521806659234706
0.6519926821293726
0.6517955078383467
0.6515889205340142
0.6513727008291860
0.6511466348681465
0.6509105171464953
0.6506641538227218
0.6504073666139439
0.6501399973880863
0.6498619135930086
0.6495730147004699
0.6492732398937792
0.6489625773032683
0.6486410751970724
0.6483088557011289
0.6479661318782289
0.6476132294275917
0.6472506150334820
0.6468789348764108
0.6464990700310718
0.6461122236428105
0.6457200816281650
0.6456046447738594
0.6459934050380099
0.6463768861371230
0.6467534096498799
0.6471217798380275
0.6474811228055039
0.6478307992178122
0.6481703488228207
0.6484994518778326
0.6488179007561307
0.6491255782184615
0.6494224403193354
0.6497085026847940
0.6499838293305088
0.6502485234438981
0.6505027197214699
0.6507465779552443
0.6509802776380049
0.6512040134078348
0.6514179911907210
0.6516224249273825
0.6518175337915305
0.6520035398246178
0.6521806659234706
0.6523491341286221
0.6525091641691722
0.6526609722271680
0.6528047698895387
0.6529407632612041
0.6530691522157960
0.6531901297649088
0.6533038815283692
0.6534105852915938
0.6535104106367967
0.6536035186377286
0.6536900616083985
0.6537701828973004
0.6538440167208311
0.6539116880289225
0.6539733123982614
0.6540289959482538
0.6540788352756456
0.6541229174045452
0.6541613197489690
0.6541941100850861
0.6542213465314041
0.6542430775348431
0.6542593418611717
0.6542701685890092
0.6542755771057923
0.6542755771057923
0.6542701685890092
0.6542593418611717
0.6542430775348431
0.6542213465314041
0.6541941100850861
0.6541613197489690
0.6541229174045452
0.6540788352756454
0.6540289959482538
0.6539733123982578
0.6539116880289225
0.6538440167208311
0.6537701828973004
0.6536900616083985
0.6536035186377286
0.6535104106367967
0.6534105852915926
0.6533038815283692
0.6531901297649088
0.6530691522157960
0.6529407632612041
0.6528047698895387
0.6526609722271680
0.6525091641691722
0.6523491341286221
0.6521806659234706
0.6520035398246178
0.6518175337915305
0.6516224249273825
0.6514179911907210
0.6512040134078348
0.6509802776380049
0.6507465779552475
0.6505027197214699
0.6502485234438981
0.6499838293305088
0.6497085026847939
0.6494224403193354
0.6491255782184615
0.6488179007561307
0.6484994518778322
0.6481703488228207
0.6478307992178122
0.6474811228055082
0.6471217798380275
0.6467534096498799
0.6463768861371203
0.6459934050380099
0.6456046447738594
0.6454837415642537
0.6458689153287400
0.6462488278110786
0.6466218088756337
0.6469866709462792
0.6473425480086413
0.6476888082127968
0.6480249983038847
0.6483508049816467
0.6486660264597516
0.6489705507086274
0.6492643383497502
0.6495474089358573
0.6498198297834918
0.6500817067802204
0.6503331767536877
0.6505744010961586
0.6508055604112614
0.6510268500024400
0.6512384760600965
0.6514406524325905
0.6516335978883482
0.6518175337915346
0.6519926821293720
0.6521592638374095
0.6523174973786879
0.6524675975396569
0.6526097744111387
0.6527442325276392
0.6528711701419263
0.6529907786156214
0.6531032419086760
0.6532087361537170
0.6533074293025949
0.6533994808344207
0.6534850415160981
0.6535642532071925
0.6536372487020820
0.6537041516038887
0.6537650762244419
0.6538201275061557
0.6538694009619069
0.6539129826294409
0.6539509490376044
0.6539833671818193
0.6540102945068723
0.6540317788950388
0.6540478586585802
0.6540585625346717
0.6540639096827129
0.6540639096827129
0.6540585625346717
0.6540478586585793
0.6540317788950402
0.6540102945068723
0.6539833671818193
0.6539509490376044
0.6539129826294409
0.6538694009619069
0.6538201275061557
0.6537650762244419
0.6537041516038887
0.6536372487020832
0.6535642532071919
0.6534850415160981
0.6533994808344207
0.6533074293025949
0.6532087361537170
0.6531032419086760
0.6529907786156278
0.6528711701419263
0.6527442325276392
0.6526097744111378
0.6524675975396543
0.6523174973786879
0.6521592638374095
0.6519926821293720
0.6518175337915305
0.6516335978883482
0.6514406524325905
0.6512384760600965
0.6510268500024400
0.6508055604112614
0.6505744010961583
0.6503331767536877
0.6500817067802204
0.6498198297834921
0.6495474089358573
0.6492643383497502
0.6489705507086274
0.6486660264597496
0.6483508049816467
0.6480249983038847
0.6476888082127968
0.6473425480086413
0.6469866709462792
0.6466218088756337
0.6462488278110786
0.6458689153287400
0.6454837415642537
0.6453572655242010
0.6457386381902799
0.6461147690335204
0.6464839970908082
0.6468451437904555
0.6471973517788894
0.6475399973914778
0.6478726349837443
0.6481949582171410
0.6485067715693186
0.6488079685498189
0.6490985145864289
0.6493784333143944
0.6496477954311232
0.6499067095369172
0.6501553145451253
0.6503937733535430
0.6506222675413185
0.6508409929093065
0.6510501557189330
0.6512499695142419
0.6514406524325905
0.6516224249273810
0.6517955078383467
0.6519601207574462
0.6521164806451792
0.6522648006603980
0.6524052891719633
0.6525381489258216
0.6526635763445060
0.6527817609396617
0.6528928848215819
0.6529971222907175
0.6530946394996332
0.6531855941747086
0.6532701353883834
0.6533484033742093
0.6534205293783301
0.6534866355407712
0.6535468348023105
0.6536012308321052
0.6536499179724746
0.6536929811973987
0.6537304960824217
0.6537625287830582
0.6537891360199450
0.6538103650691168
0.6538262537559396
0.6538368304514711
0.6538421140704621
0.6538421140704639
0.6538368304514710
0.6538262537559396
0.6538103650691168
0.6537891360199450
0.6537625287830582
0.6537304960824217
0.6536929811973988
0.6536499179724746
0.6536012308321052
0.6535468348023104
0.6534866355407712
0.6534205293783301
0.6533484033742093
0.6532701353883834
0.6531855941747078
0.6530946394996339
0.6529971222907157
0.6528928848215819
0.6527817609396616
0.6526635763445060
0.6525381489258216
0.6524052891719604
0.6522648006603985
0.6521164806451810
0.6519601207574462
0.6517955078383467
0.6516224249273810
0.6514406524325905
0.6512499695142419
0.6510501557189321
0.6508409929093065
0.6506222675413191
0.6503937733535430
0.6501553145451229
0.6499067095369172
0.6496477954311232
0.6493784333143944
0.6490985145864289
0.6488079685498189
0.6485067715693186
0.6481949582171410
0.6478726349837443
0.6475399973914778
0.6471973517788894
0.6468451437904555
0.6464839970908082
0.6461147690335207
0.6457386381902815
0.6453572655242010
0.6452251122798249
0.6456024588267535
0.6459745847665829
0.6463398393069911
0.6466970538232951
0.6470453804869761
0.6473842045886422
0.6477130887582669
0.6480317341717541
0.6483399520112291
0.6486376416565438
0.6489247735702196
0.6492013756041415
0.6494675218866577
0.6497233237078885
0.6499689219817126
0.6502044809748372
0.6504301830640516
0.6506462243372907
0.6508528108927896
0.6510501557189321
0.6512384760600965
0.6514179911907210
0.6515889205340142
0.6517514820710244
0.6519058909972701
0.6520523585885243
0.6521910912450419
0.6523222896873767
0.6524461482817453
0.6525628544754490
0.6526725883262645
0.6527755221117153
0.6528718200065077
0.6529616378174352
0.6530451227674812
0.6531224133209896
0.6531936390435913
0.6532589204912395
0.6533183691234072
0.6533720872361011
0.6534201679112615
0.6534626949793078
0.6534997429921497
0.6535313772043951
0.6535576535607464
0.6535786186880745
0.6535943098907505
0.6536047551481405
0.6536099731134896
0.6536099731134898
0.6536047551481405
0.6535943098907505
0.6535786186880745
0.6535576535607481
0.6535313772043954
0.6534997429921497
0.6534626949793078
0.6534201679112629
0.6533720872361011
0.6533183691234073
0.6532589204912395
0.6531936390435913
0.6531224133209896
0.6530451227674812
0.6529616378174334
0.6528718200065077
0.6527755221117153
0.6526725883262645
0.6525628544754483
0.6524461482817453
0.6523222896873767
0.6521910912450419
0.6520523585885267
0.6519058909972701
0.6517514820710244
0.6515889205340142
0.6514179911907210
0.6512384760600965
0.6510501557189322
0.6508528108927858
0.6506462243372907
0.6504301830640516
0.6502044809748372
0.6499689219817129
0.6497233237078885
0.6494675218866571
0.6492013756041417
0.6489247735702196
0.6486376416565438
0.6483399520112291
0.6480317341717541
0.6477130887582669
0.6473842045886422
0.6470453804869761
0.6466970538232951
0.6463398393069911
0.6459745847665829
0.6456024588267535
0.6452251122798258
0.6450871807058408
0.6454602650928698
0.6458281520555258
0.6461892020999281
0.6465422576059343
0.6468864812310181
0.6472212680664988
0.6475461897347066
0.6478609555112980
0.6481653837358957
0.6484593799852466
0.6487429199658291
0.6490160358495962
0.6492788052070108
0.6495313419497115
0.6497737888588410
0.6500063113836274
0.6502290924708857
0.6504423282372226
0.6506462243372907
0.6508409929093060
0.6510268500024392
0.6512040134078348
0.6513727008291860
0.6515331283393799
0.6516855090796907
0.6518300521634176
0.6519669617541353
0.6520964362915739
0.6522186678433209
0.6523338415633319
0.6524421352417376
0.6525437189315505
0.6526387546414419
0.6527273960838795
0.6528097884704094
0.6528860683467698
0.6529563634609646
0.6530207926595284
0.6530794658065616
0.6531324837218806
0.6531799381347552
0.6532219116499354
0.6532584777235144
0.6532897006467664
0.6533156355354052
0.6533363283232649
0.6533518157588619
0.6533621254039389
0.6533672756328873
0.6533672756328847
0.6533621254039389
0.6533518157588619
0.6533363283232649
0.6533156355354052
0.6532897006467682
0.6532584777235144
0.6532219116499354
0.6531799381347552
0.6531324837218806
0.6530794658065616
0.6530207926595284
0.6529563634609646
0.6528860683467698
0.6528097884704097
0.6527273960838795
0.6526387546414439
0.6525437189315497
0.6524421352417376
0.6523338415633319
0.6522186678433209
0.6520964362915728
0.6519669617541357
0.6518300521634176
0.6516855090796907
0.6515331283393809
0.6513727008291860
0.6512040134078348
0.6510268500024392
0.6508409929093060
0.6506462243372909
0.6504423282372225
0.6502290924708857
0.6500063113836274
0.6497737888588410
0.6495313419497115
0.6492788052070108
0.6490160358495962
0.6487429199658291
0.6484593799852438
0.6481653837358966
0.6478609555112980
0.6475461897347066
0.6472212680664988
0.6468864812310211
0.6465422576059343
0.6461892020999281
0.6458281520555245
0.6454602650928698
0.6450871807058408
0.6449433742454733
0.6453119487872300
0.6456753513021021
0.6460319548734857
0.6463806140758896
0.6467205031225506
0.6470510278336310
0.6473717695974159
0.6476824464040593
0.6479828842101523
0.6482729951020171
0.6485527602092637
0.6488222160853846
0.6490814437031768
0.6493305594719572
0.6495697078482183
0.6497990552188094
0.6500187848156276
0.6502290924708857
0.6504301830640530
0.6506222675413191
0.6508055604112614
0.6509802776380045
0.6511466348681477
0.6513048459380512
0.6514551216176137
0.6515976685541414
0.6517326883856124
0.6518603769969232
0.6519809238986609
0.6520945117089368
0.6522013157230546
0.6523015035578609
0.6523952348592116
0.6524826610629451
0.6525639252011122
0.6526391617460789
0.6527084964866853
0.6527720464308103
0.6528299197300782
0.6528822156225804
0.6529290243903003
0.6529704273284154
0.6530064967237514
0.6530372958405433
0.6530628789115296
0.6530832911328778
0.6530985686619193
0.6531087386162713
0.6531138190739804
0.6531138190739804
0.6531087386162713
0.6530985686619193
0.6530832911328778
0.6530628789115305
0.6530372958405429
0.6530064967237514
0.6529704273284143
0.6529290243903003
0.6528822156225804
0.6528299197300782
0.6527720464308103
0.6527084964866853
0.6526391617460789
0.6525639252011122
0.6524826610629451
0.6523952348592116
0.6523015035578609
0.6522013157230546
0.6520945117089368
0.6519809238986609
0.6518603769969232
0.6517326883856094
0.6515976685541414
0.6514551216176137
0.6513048459380512
0.6511466348681477
0.6509802776380053
0.6508055604112614
0.6506222675413191
0.6504301830640529
0.6502290924708857
0.6500187848156276
0.6497990552188094
0.6495697078482183
0.6493305594719572
0.6490814437031734
0.6488222160853846
0.6485527602092637
0.6482729951020171
0.6479828842101526
0.6476824464040593
0.6473717695974159
0.6470510278336310
0.6467205031225506
0.6463806140758896
0.6460319548734857
0.6456753513021021
0.6453119487872300
0.6449433742454691
0.6447936024316387
0.6451574071460833
0.6455160677397019
0.6458679713294919
0.6462119860276484
0.6465472987961169
0.6468733272013588
0.6471896632269162
0.6474960342166175
0.6477922741997639
0.6480783020587244
0.6483541044814682
0.6486197224076929
0.6488752401082652
0.6491207762977219
0.6493564768459149
0.6495825087640150
0.6497990552188094
0.6500063113836252
0.6502044809748372
0.6503937733535430
0.6505744010961586
0.6507465779552446
0.6509105171464954
0.6510664299094376
0.6512145242983023
0.6513550041669134
0.6514880683176694
0.6516139097892197
0.6517327152617136
0.6518446645617901
0.6519499302521286
0.6520486772924065
0.6521410627611750
0.6522272356290065
0.6523073365747890
0.6523814978384848
0.6524498431043744
0.6525124874095573
0.6525695370735733
0.6526210896451364
0.6526672338628786
0.6527080496272331
0.6527436079810948
0.6527739710972494
0.6527991922708525
0.6528193159154073
0.6528343775611644
0.6528444038550523
0.6528494125611043
0.6528494125611043
0.6528444038550523
0.6528343775611664
0.6528193159154073
0.6527991922708536
0.6527739710972491
0.6527436079810948
0.6527080496272322
0.6526672338628786
0.6526210896451364
0.6525695370735743
0.6525124874095576
0.6524498431043744
0.6523814978384848
0.6523073365747890
0.6522272356290065
0.6521410627611750
0.6520486772924065
0.6519499302521282
0.6518446645617901
0.6517327152617136
0.6516139097892197
0.6514880683176694
0.6513550041669134
0.6512145242983003
0.6510664299094376
0.6509105171464954
0.6507465779552446
0.6505744010961583
0.6503937733535430
0.6502044809748372
0.6500063113836252
0.6497990552188094
0.6495825087640150
0.6493564768459149
0.6491207762977219
0.6488752401082652
0.6486197224076929
0.6483541044814682
0.6480783020587244
0.6477922741997639
0.6474960342166175
0.6471896632269162
0.6468733272013588
0.6465472987961169
0.6462119860276491
0.6458679713294919
0.6455160677397019
0.6451574071460833
0.6447936024316387
0.6446377826450286
0.6449965445730412
0.6453501931458352
0.6456971311802912
0.6460362418468953
0.6463667261872371
0.6466880146270234
0.6469997106276396
0.6473015515406657
0.6475933799063907
0.6478751216462652
0.6481467690796889
0.6484083674628974
0.6486600041789952
0.6489017999715444
0.6491339017795831
0.6493564768459149
0.6495697078482183
0.6497737888588410
0.6499689219817126
0.6501553145451255
0.6503331767536848
0.6505027197214699
0.6506641538227218
0.6508176873083907
0.6509635251453291
0.6511018680432736
0.6512329116398213
0.6513568458191407
0.6514738541436524
0.6515841133814726
0.6516877931149119
0.6517850554176257
0.6518760545899172
0.6519609369429819
0.6520398406246655
0.6521128954799494
0.6521802229404574
0.6522419359381569
0.6522981388391403
0.6523489273939687
0.6523943887006541
0.6524346011790060
0.6524696345528482
0.6524995498386883
0.6525243993392212
0.6525442266400030
0.6525590666084282
0.6525689453939143
0.6525738804287072
0.6525738804287072
0.6525689453939143
0.6525590666084282
0.6525442266400051
0.6525243993392212
0.6524995498386891
0.6524696345528482
0.6524346011790060
0.6523943887006513
0.6523489273939687
0.6522981388391423
0.6522419359381569
0.6521802229404574
0.6521128954799494
0.6520398406246655
0.6519609369429769
0.6518760545899172
0.6517850554176250
0.6516877931149119
0.6515841133814726
0.6514738541436524
0.6513568458191407
0.6512329116398213
0.6511018680432736
0.6509635251453291
0.6508176873083900
0.6506641538227218
0.6505027197214699
0.6503331767536877
0.6501553145451229
0.6499689219817129
0.6497737888588410
0.6495697078482183
0.6493564768459149
0.6491339017795831
0.6489017999715444
0.6486600041789952
0.6484083674628952
0.6481467690796889
0.6478751216462654
0.6475933799063907
0.6473015515406657
0.6469997106276396
0.6466880146270234
0.6463667261872371
0.6460362418468953
0.6456971311802912
0.6453501931458352
0.6449965445730420
0.6446377826450286
0.6444758421516299
0.6448292746477540
0.6451776278374612
0.6455193221527942
0.6458532575501157
0.6461786506360280
0.6464949459076887
0.6468017592336667
0.6470988386274344
0.6473860355408496
0.6476632831114011
0.6479305792776602
0.6481879734460866
0.6484355558254740
0.6486734488114182
0.6489017999715444
0.6491207762977219
0.6493305594719572
0.6495313419497138
0.6497233237078900
0.6499067095369168
0.6500817067802204
0.6502485234438981
0.6504073666139439
0.6505584411300578
0.6507019484742347
0.6508380858398010
0.6509670453522115
0.6510890134181561
0.6512041701827812
0.6513126890786128
0.6514147364520545
0.6515104712553960
0.6516000447945138
0.6516836005232423
0.6517612738774459
0.6518331921421219
0.6518994743464380
0.6519602311816869
0.6520155649384531
0.6520655694593865
0.6521103301046434
0.6521499237273026
0.6521844186569485
0.6522138746891072
0.6522383430791798
0.6522578665396837
0.6522724792393658
0.6522822068035484
0.6522870663150339
0.6522870663150339
0.6522822068035484
0.6522724792393658
0.6522578665396837
0.6522383430791798
0.6522138746891072
0.6521844186569485
0.6521499237273026
0.6521103301046434
0.6520655694593865
0.6520155649384531
0.6519602311816869
0.6518994743464380
0.6518331921421231
0.6517612738774459
0.6516836005232423
0.6516000447945141
0.6515104712553956
0.6514147364520545
0.6513126890786123
0.6512041701827812
0.6510890134181561
0.6509670453522115
0.6508380858398010
0.6507019484742347
0.6505584411300576
0.6504073666139439
0.6502485234438981
0.6500817067802180
0.6499067095369168
0.6497233237078907
0.6495313419497138
0.6493305594719572
0.6491207762977211
0.6489017999715444
0.6486734488114182
0.6484355558254740
0.6481879734460866
0.6479305792776602
0.6476632831114011
0.6473860355408496
0.6470988386274344
0.6468017592336667
0.6464949459076887
0.6461786506360279
0.6458532575501171
0.6455193221527942
0.6451776278374612
0.6448292746477540
0.6444758421516299
0.6443077204734953
0.6446555224680427
0.6449982830037322
0.6453344423428924
0.6456629191955839
0.6459829473899621
0.6462939868065920
0.6465956666838503
0.6468877463286224
0.6471700864389195
0.6474426274489281
0.6477053727897704
0.6479583757288530
0.6482017288902201
0.6484355558254740
0.6486600041789952
0.6488752401082652
0.6490814437031742
0.6492788052070060
0.6494675218866577
0.6496477954311232
0.6498198297834907
0.6499838293305088
0.6501399973880863
0.6502885349330954
0.6504296395413385
0.6505635044979670
0.6506903180532827
0.6508102628008419
0.6509235151589197
0.6510302449396370
0.6511306149917301
0.6512247809062591
0.6513128907751166
0.6513950849943466
0.6514714961051562
0.6515422486667174
0.6516074591553194
0.6516672358858207
0.6517216789512092
0.6517708801771922
0.6518149230889043
0.6518538828872615
0.6518878264329718
0.6519168122363053
0.6519408904512047
0.6519601028724458
0.6519744829347583
0.6519840557130699
0.6519888379233552
0.6519888379233552
0.6519840557130699
0.6519744829347583
0.6519601028724458
0.6519408904512066
0.6519168122363053
0.6518878264329713
0.6518538828872594
0.6518149230889043
0.6517708801771916
0.6517216789512085
0.6516672358858207
0.6516074591553194
0.6515422486667174
0.6514714961051562
0.6513950849943463
0.6513128907751166
0.6512247809062591
0.6511306149917301
0.6510302449396353
0.6509235151589197
0.6508102628008419
0.6506903180532827
0.6505635044979649
0.6504296395413385
0.6502885349330946
0.6501399973880863
0.6499838293305088
0.6498198297834918
0.6496477954311232
0.6494675218866577
0.6492788052070061
0.6490814437031742
0.6488752401082652
0.6486600041789924
0.6484355558254740
0.6482017288902201
0.6479583757288530
0.6477053727897704
0.6474426274489281
0.6471700864389195
0.6468877463286241
0.6465956666838513
0.6462939868065926
0.6459829473899649
0.6456629191955839
0.6453344423428937
0.6449982830037302
0.6446555224680433
0.6443077204734953
0.6441333721601814
0.6444752273925152
0.6448120834489013
0.6451424029979731
0.6454651257517968
0.6457795046032376
0.6460850162214029
0.6463813041869443
0.6466681396748791
0.6469453928587365
0.6472130114148475
0.6474710039893614
0.6477194272675060
0.6479583757288530
0.6481879734460871
0.6484083674628974
0.6486197224076929
0.6488222160853846
0.6490160358495962
0.6492013756041415
0.6493784333143944
0.6495474089358573
0.6497085026847940
0.6498619135930086
0.6500078382969283
0.6501464700240458
0.6502779977432934
0.6504026054539351
0.6505204715910191
0.6506317685291798
0.6507366621697699
0.6508353115985173
0.6509278688028602
0.6510144784397602
0.6510952776463645
0.6511703958866112
0.6512399548282327
0.6513040682450946
0.6513628419408659
0.6514163736900263
0.6514647531933860
0.6515080620452856
0.6515463737101713
0.6515797535063741
0.6516082585958083
0.6516319379776448
0.6516508324850731
0.6516649747841468
0.6516743893736157
0.6516790925854201
0.6516790925854201
0.6516743893736157
0.6516649747841468
0.6516508324850731
0.6516319379776448
0.6516082585958083
0.6515797535063741
0.6515463737101713
0.6515080620452856
0.6514647531933885
0.6514163736900263
0.6513628419408672
0.6513040682450941
0.6512399548282327
0.6511703958866112
0.6510952776463612
0.6510144784397608
0.6509278688028602
0.6508353115985173
0.6507366621697701
0.6506317685291798
0.6505204715910191
0.6504026054539351
0.6502779977432934
0.6501464700240458
0.6500078382969283
0.6498619135930086
0.6497085026847940
0.6495474089358573
0.6493784333143944
0.6492013756041415
0.6490160358495962
0.6488222160853846
0.6486197224076929
0.6484083674628974
0.6481879734460866
0.6479583757288574
0.6477194272675060
0.6474710039893596
0.6472130114148475
0.6469453928587365
0.6466681396748791
0.6463813041869443
0.6460850162214029
0.6457795046032396
0.6454651257517968
0.6451424029979731
0.6448120834489013
0.6444752273925152
0.6441333721601814
0.6439527700458980
0.6442883462722310
0.6446189708360301
0.6449431318285448
0.6452597925380199
0.6455682269630694
0.6458679300412224
0.6461585606389032
0.6464399022665798
0.6467118346446967
0.6469743124514266
0.6472273490762684
0.6474710039893614
0.6477053727897704
0.6479305792776602
0.6481467690796889
0.6483541044814682
0.6485527602092634
0.6487429199658288
0.6489247735702196
0.6490985145864289
0.6492643383497502
0.6494224403193378
0.6495730147004699
0.6497162532899589
0.6498523445082278
0.6499814725876165
0.6501038168915018
0.6502195513447797
0.6503288439574640
0.6504318564275137
0.6505287438113403
0.6506196542502549
0.6507047287461327
0.6507841009774342
0.6508578971499164
0.6509262358763525
0.6509892280808198
0.6510469769231932
0.6510995777408030
0.6511471180038164
0.6511896772821109
0.6512273272212413
0.6512601315256081
0.6512881459471646
0.6513114182783981
0.6513299883483632
0.6513438880205991
0.6513531411926126
0.6513577637958236
0.6513577637958247
0.6513531411926126
0.6513438880205991
0.6513299883483632
0.6513114182783981
0.6512881459471649
0.6512601315256106
0.6512273272212413
0.6511896772821109
0.6511471180038164
0.6510995777408030
0.6510469769231932
0.6509892280808198
0.6509262358763525
0.6508578971499177
0.6507841009774342
0.6507047287461327
0.6506196542502540
0.6505287438113403
0.6504318564275149
0.6503288439574640
0.6502195513447780
0.6501038168915018
0.6499814725876165
0.6498523445082276
0.6497162532899589
0.6495730147004699
0.6494224403193374
0.6492643383497502
0.6490985145864289
0.6489247735702196
0.6487429199658288
0.6485527602092637
0.6483541044814682
0.6481467690796889
0.6479305792776602
0.6477053727897690
0.6474710039893610
0.6472273490762684
0.6469743124514266
0.6467118346446967
0.6464399022665798
0.6461585606389032
0.6458679300412224
0.6455682269630694
0.6452597925380195
0.6449431318285413
0.6446189708360301
0.6442883462722310
0.6439527700458979
0.6437659091062142
0.6440948572846189
0.6444189075542049
0.6447365769856418
0.6450468553939247
0.6453490401230274
0.6456426458953856
0.6459273477148085
0.6462029417155080
0.6464693170067760
0.6467264347800630
0.6469743124514266
0.6472130114148439
0.6474426274489302
0.6476632831114011
0.6478751216462652
0.6480783020587244
0.6482729951020171
0.6484593799852466
0.6486376416565429
0.6488079685498190
0.6489705507086274
0.6491255782184615
0.6492732398937792
0.6494137221762381
0.6495472082093665
0.6496738770607218
0.6497939030687786
0.6499074552944634
0.6500146970618491
0.6501157855741118
0.6502108715934726
0.6503000991756903
0.6503836054504799
0.6504615204413807
0.6505339669186698
0.6506010602804102
0.6506629084570413
0.6507196118357471
0.6507712632014202
0.6508179476910325
0.6508597427593423
0.6508967181534097
0.6509289358943923
0.6509564502649967
0.6509793078009978
0.6509975472861882
0.6510111997492061
0.6510202884621671
0.6510248289399171
0.6510248289399173
0.6510202884621671
0.6510111997492061
0.6509975472861882
0.6509793078009978
0.6509564502649967
0.6509289358943924
0.6508967181534097
0.6508597427593423
0.6508179476910377
0.6507712632014202
0.6507196118357471
0.6506629084570413
0.6506010602804096
0.6505339669186698
0.6504615204413791
0.6503836054504796
0.6503000991756903
0.6502108715934726
0.6501157855741118
0.6500146970618491
0.6499074552944634
0.6497939030687813
0.6496738770607218
0.6495472082093665
0.6494137221762377
0.6492732398937792
0.6491255782184615
0.6489705507086274
0.6488079685498190
0.6486376416565429
0.6484593799852466
0.6482729951020171
0.6480783020587244
0.6478751216462652
0.6476632831114011
0.6474426274489302
0.6472130114148439
0.6469743124514266
0.6467264347800630
0.6464693170067760
0.6462029417155080
0.6459273477148085
0.6456426458953856
0.6453490401230274
0.6450468553939247
0.6447365769856418
0.6444189075542049
0.6440948572846195
0.6437659091062142
0.6435728110620280
0.6438947645228725
0.6442118813746585
0.6445227118934259
0.6448262757988634
0.6451218961979883
0.6454091090796067
0.6456876062477211
0.6459571964667494
0.6462177777555030
0.6464693170067760
0.6467118346446967
0.6469453928587364
0.6471700864389195
0.6473860355408494
0.6475933799063907
0.6477922741997639
0.6479828842101526
0.6481653837358966
0.6483399520112330
0.6485067715693164
0.6486660264597496
0.6488179007561307
0.6489625773032683
0.6491002366632838
0.6492310562279757
0.6493552094708613
0.6494728653169797
0.6495841876121865
0.6496893346772170
0.6497884589335156
0.6498817065901530
0.6499692173831358
0.6500511243588967
0.6501275536954811
0.6501986245561517
0.6502644489698761
0.6503251317349806
0.6503807703419560
0.6504314549125809
0.6504772681524227
0.6505182853141892
0.6505545741703617
0.6505861949928409
0.6506132005383818
0.6506356360384274
0.6506535391923347
0.6506669401629690
0.6506758615740695
0.6506803185087705
0.6506803185087706
0.6506758615740695
0.6506669401629669
0.6506535391923347
0.6506356360384274
0.6506132005383818
0.6505861949928409
0.6505545741703591
0.6505182853141892
0.6504772681524225
0.6504314549125809
0.6503807703419564
0.6503251317349806
0.6502644489698761
0.6501986245561517
0.6501275536954811
0.6500511243588967
0.6499692173831358
0.6498817065901530
0.6497884589335159
0.6496893346772170
0.6495841876121865
0.6494728653169797
0.6493552094708613
0.6492310562279757
0.6491002366632838
0.6489625773032683
0.6488179007561307
0.6486660264597496
0.6485067715693210
0.6483399520112330
0.6481653837358966
0.6479828842101526
0.6477922741997639
0.6475933799063907
0.6473860355408494
0.6471700864389195
0.6469453928587364
0.6467118346446967
0.6464693170067760
0.6462177777555030
0.6459571964667490
0.6456876062477213
0.6454091090796067
0.6451218961979883
0.6448262757988636
0.6445227118934259
0.6442118813746585
0.6438947645228725
0.6435728110620280
0.6433735299353600
0.6436881035506822
0.6439979111280111
0.6443015412079682
0.6445980472615113
0.6448867806918286
0.6451673000744591
0.6454393143390799
0.6457026444656954
0.6459571964667490
0.6462029417155080
0.6464399022665783
0.6466681396748791
0.6468877463286243
0.6470988386274344
0.6473015515406657
0.6474960342166179
0.6476824464040593
0.6478609555112999
0.6480317341717541
0.6481949582171410
0.6483508049816467
0.6484994518778326
0.6486410751970719
0.6487758490970805
0.6489039447461656
0.6490255295995667
0.6491407667872999
0.6492498145969434
0.6493528260370159
0.6494499484691497
0.6495413232990589
0.6496270857177229
0.6497073644854882
0.6497822817527259
0.6498519529118204
0.6499164864756785
0.6499759839787888
0.6500305398972807
0.6500802415850813
0.6501251692232854
0.6501653957805955
0.6502009869831193
0.6502320012911627
0.6502584898822349
0.6502804966385590
0.6502980581383039
0.6503112036494637
0.6503199551258655
0.6503243272046340
0.6503243272046340
0.6503199551258655
0.6503112036494637
0.6502980581383039
0.6502804966385590
0.6502584898822349
0.6502320012911627
0.6502009869831193
0.6501653957805955
0.6501251692232854
0.6500802415850813
0.6500305398972807
0.6499759839787888
0.6499164864756785
0.6498519529118213
0.6497822817527259
0.6497073644854859
0.6496270857177208
0.6495413232990589
0.6494499484691502
0.6493528260370158
0.6492498145969434
0.6491407667872999
0.6490255295995658
0.6489039447461656
0.6487758490970805
0.6486410751970724
0.6484994518778326
0.6483508049816467
0.6481949582171410
0.6480317341717541
0.6478609555112999
0.6476824464040593
0.6474960342166179
0.6473015515406657
0.6470988386274344
0.6468877463286243
0.6466681396748791
0.6464399022665783
0.6462029417155080
0.6459571964667491
0.6457026444656960
0.6454393143390799
0.6451673000744591
0.6448867806918286
0.6445980472615113
0.6443015412079682
0.6439979111280111
0.6436881035506822
0.6433735299353592
0.6431681588429673
0.6434749482207637
0.6437770537413341
0.6440731083083097
0.6443622034651429
0.6446437214166643
0.6449172442708230
0.6451824978528805
0.6454393143390799
0.6456876062477201
0.6459273477148088
0.6461585606389041
0.6463813041869494
0.6465956666838503
0.6468017592336665
0.6469997106276442
0.6471896632269162
0.6473717695974159
0.6475461897347066
0.6477130887582666
0.6478726349837379
0.6480249983038847
0.6481703488228205
0.6483088557011273
0.6484406861768272
0.6485660047345251
0.6486849723996624
0.6487977461391802
0.6489044783526522
0.6490053164409261
0.6491004024409792
0.6491898727174804
0.6492738577031599
0.6493524816809280
0.6494258626017951
0.6494941119333622
0.6495573345346792
0.6496156285531611
0.6496690853406937
0.6497177893855042
0.6497618182576193
0.6498012425655310
0.6498361259221496
0.6498665249183881
0.6498924891030200
0.6499140609674716
0.6499312759346094
0.6499441623507036
0.6499527414796843
0.6499570274994462
0.6499570274994462
0.6499527414796846
0.6499441623507036
0.6499312759346094
0.6499140609674716
0.6498924891030200
0.6498665249183881
0.6498361259221496
0.6498012425655310
0.6497618182576193
0.6497177893855042
0.6496690853406937
0.6496156285531611
0.6495573345346792
0.6494941119333622
0.6494258626017952
0.6493524816809280
0.6492738577031599
0.6491898727174804
0.6491004024409792
0.6490053164409261
0.6489044783526522
0.6487977461391802
0.6486849723996624
0.6485660047345251
0.6484406861768272
0.6483088557011273
0.6481703488228207
0.6480249983038847
0.6478726349837410
0.6477130887582669
0.6475461897347066
0.6473717695974146
0.6471896632269162
0.6469997106276424
0.6468017592336665
0.6465956666838503
0.6463813041869517
0.6461585606389030
0.6459273477148091
0.6456876062477201
0.6454393143390799
0.6451824978528805
0.6449172442708230
0.6446437214166643
0.6443622034651429
0.6440731083083076
0.6437770537413341
0.6434749482207637
0.6431681588429673
0.6429568384458524
0.6432554191983016
0.6435494131520344
0.6438375049554880
0.6441188289325739
0.6443928002753574
0.6446590248454230
0.6449172442708230
0.6451673000744591
0.6454091090796067
0.6456426458953856
0.6458679300412224
0.6460850162214029
0.6462939868065927
0.6464949459076887
0.6466880146270234
0.6468733272013528
0.6470510278336310
0.6472212680664988
0.6473842045886422
0.6475399973914778
0.6476888082127968
0.6478307992178122
0.6479661318782289
0.6480949660177222
0.6482174589978872
0.6483337650239094
0.6484440345518085
0.6485484137830970
0.6486470442341653
0.6487400623698786
0.6488275992926648
0.6489097804790442
0.6489867255573528
0.6490585481205987
0.6491253555697796
0.6491872489832543
0.6492443230082895
0.6492966657715156
0.6493443588060261
0.6493874769916034
0.6494260885067442
0.6494602547902582
0.6494900305109799
0.6495154635437991
0.6495365949514544
0.6495534589705592
0.6495660830011218
0.6495744875990526
0.6495786864709611
0.6495786864709611
0.6495744875990526
0.6495660830011232
0.6495534589705592
0.6495365949514544
0.6495154635437991
0.6494900305109799
0.6494602547902582
0.6494260885067442
0.6493874769916034
0.6493443588060261
0.6492966657715156
0.6492443230082895
0.6491872489832543
0.6491253555697796
0.6490585481205987
0.6489867255573528
0.6489097804790442
0.6488275992926648
0.6487400623698786
0.6486470442341653
0.6485484137830970
0.6484440345518101
0.6483337650239094
0.6482174589978872
0.6480949660177222
0.6479661318782289
0.6478307992178122
0.6476888082127968
0.6475399973914778
0.6473842045886422
0.6472212680664988
0.6470510278336310
0.6468733272013585
0.6466880146270234
0.6464949459076887
0.6462939868065920
0.6460850162214029
0.6458679300412224
0.6456426458953856
0.6454091090796067
0.6451673000744591
0.6449172442708230
0.6446590248454230
0.6443928002753574
0.6441188289325739
0.6438375049554880
0.6435494131520330
0.6432554191983016
0.6429568384458531
0.6427397676909905
0.6430296948764791
0.6433151519385085
0.6435948841772604
0.6438680734769745
0.6441341693201729
0.6443928002753574
0.6446437214166637
0.6448867806918286
0.6451218961979883
0.6453490401230275
0.6455682269630735
0.6457795046032380
0.6459829473899632
0.6461786506360288
0.6463667261872371
0.6465472987961169
0.6467205031225506
0.6468864812310179
0.6470453804869764
0.6471973517788894
0.6473425480086433
0.6474811228055041
0.6476132294275907
0.6477390198218769
0.6478586438188428
0.6479722484421138
0.6480799773166379
0.6481819701612602
0.6482783623548733
0.6483692845649132
0.6484548624304489
0.6485352162923869
0.6486104609641846
0.6486807055378017
0.6487460532198426
0.6488066011939025
0.6488624405053521
0.6489136559654142
0.6489603260717483
0.6490025229430262
0.6490403122654578
0.6490737532493909
0.6491028985944135
0.6491277944614330
0.6491484804507391
0.6491649895850351
0.6491773482962718
0.6491855764161667
0.6491896871694255
0.6491896871694255
0.6491855764161667
0.6491773482962718
0.6491649895850351
0.6491484804507391
0.6491277944614330
0.6491028985944135
0.6490737532493909
0.6490403122654578
0.6490025229430262
0.6489603260717512
0.6489136559654143
0.6488624405053521
0.6488066011939025
0.6487460532198426
0.6486807055378017
0.6486104609641846
0.6485352162923869
0.6484548624304489
0.6483692845649132
0.6482783623548733
0.6481819701612602
0.6480799773166379
0.6479722484421138
0.6478586438188428
0.6477390198218769
0.6476132294275907
0.6474811228055041
0.6473425480086433
0.6471973517788880
0.6470453804869761
0.6468864812310179
0.6467205031225506
0.6465472987961169
0.6463667261872371
0.6461786506360304
0.6459829473899632
0.6457795046032380
0.6455682269630735
0.6453490401230275
0.6451218961979883
0.6448867806918286
0.6446437214166637
0.6443928002753574
0.6441341693201729
0.6438680734769745
0.6435948841772604
0.6433151519385085
0.6430296948764791
0.6427397676909905
0.6425172178713902
0.6427980258273513
0.6430745071381251
0.6433454782589827
0.6436101726470238
0.6438680734769745
0.6441188289325739
0.6443622034651429
0.6445980472615113
0.6448262757988636
0.6450468553939247
0.6452597925380199
0.6454651257518005
0.6456629191955839
0.6458532575501171
0.6460362418468945
0.6462119860276483
0.6463806140758896
0.6465422576059343
0.6466970538232951
0.6468451437904555
0.6469866709462792
0.6471217798380221
0.6472506150334820
0.6473733201852137
0.6474900372254376
0.6476009056727730
0.6477060620353258
0.6478056392966176
0.6478997664736688
0.6479885682371636
0.6480721645856434
0.6481506705664917
0.6482241960377290
0.6482928454647221
0.6483567177479320
0.6484159060765488
0.6484704978054672
0.6485205743516166
0.6485662111074731
0.6486074773689515
0.6486444362758539
0.6486771447628505
0.6487056535194758
0.6487300069577721
0.6487502431863652
0.6487663939900435
0.6487784848138665
0.6487865347513909
0.6487905565361146
0.6487905565361146
0.6487865347513909
0.6487784848138665
0.6487663939900435
0.6487502431863652
0.6487300069577721
0.6487056535194758
0.6486771447628505
0.6486444362758539
0.6486074773689515
0.6485662111074731
0.6485205743516166
0.6484704978054672
0.6484159060765488
0.6483567177479320
0.6482928454647221
0.6482241960377290
0.6481506705664924
0.6480721645856434
0.6479885682371627
0.6478997664736684
0.6478056392966176
0.6477060620353258
0.6476009056727730
0.6474900372254376
0.6473733201852139
0.6472506150334820
0.6471217798380221
0.6469866709462792
0.6468451437904555
0.6466970538232951
0.6465422576059343
0.6463806140758896
0.6462119860276483
0.6460362418468945
0.6458532575501171
0.6456629191955839
0.6454651257517994
0.6452597925380199
0.6450468553939247
0.6448262757988634
0.6445980472615113
0.6443622034651429
0.6441188289325716
0.6438680734769745
0.6436101726470238
0.6433454782589827
0.6430745071381251
0.6427980258273513
0.6425172178713886
0.6422895517832967
0.6425607548764166
0.6428278130969779
0.6430896254614061
0.6433454782589827
0.6435948841772604
0.6438375049554880
0.6440731083083097
0.6443015412079680
0.6445227118934259
0.6447365769856418
0.6449431318285448
0.6451424029979731
0.6453344423428937
0.6455193221527942
0.6456971311802912
0.6458679713294919
0.6460319548734857
0.6461892020999281
0.6463398393069911
0.6464839970908082
0.6466218088756337
0.6467534096498817
0.6468789348764111
0.6469985195519410
0.6471122973941905
0.6472204001392283
0.6473229569338568
0.6474200938105342
0.6475119332335981
0.6475985937078922
0.6476801894412744
0.6477568300541963
0.6478286203304080
0.6478956600031710
0.6479580435725409
0.6480158601496931
0.6480691933245247
0.6481181210536432
0.6481627155658427
0.6482030432826921
0.6482391647523258
0.6482711345942139
0.6482990014537254
0.6483228079649417
0.6483425907203598
0.6483583802469217
0.6483702009870698
0.6483780712844290
0.6483820033736474
0.6483820033736474
0.6483780712844300
0.6483702009870694
0.6483583802469217
0.6483425907203598
0.6483228079649411
0.6482990014537254
0.6482711345942139
0.6482391647523258
0.6482030432826921
0.6481627155658427
0.6481181210536432
0.6480691933245247
0.6480158601496931
0.6479580435725407
0.6478956600031710
0.6478286203304074
0.6477568300541965
0.6476801894412744
0.6475985937078922
0.6475119332335970
0.6474200938105342
0.6473229569338568
0.6472204001392305
0.6471122973941905
0.6469985195519410
0.6468789348764111
0.6467534096498806
0.6466218088756337
0.6464839970908082
0.6463398393069911
0.6461892020999281
0.6460319548734857
0.6458679713294919
0.6456971311802912
0.6455193221527942
0.6453344423428937
0.6451424029979731
0.6449431318285411
0.6447365769856418
0.6445227118934249
0.6443015412079683
0.6440731083083095
0.6438375049554889
0.6435948841772604
0.6433454782589817
0.6430896254614098
0.6428278130969779
0.6425607548764166
0.6422895517832967
0.6420572513851521
0.6423183471590788
0.6425755375846941
0.6428278130969781
0.6430745071381250
0.6433151519385085
0.6435494131520333
0.6437770537413332
0.6439979111280121
0.6442118813746586
0.6444189075542049
0.6446189708360301
0.6448120834489013
0.6449982830037302
0.6451776278374612
0.6453501931458352
0.6455160677397019
0.6456753513021021
0.6458281520555266
0.6459745847665829
0.6461147690335198
0.6462488278110786
0.6463768861371202
0.6464990700310718
0.6466155055396473
0.6467263179095368
0.6468316308697111
0.6469315660086467
0.6470262422340751
0.6471157753045279
0.6472002774234419
0.6472798568878556
0.6473546177847056
0.6474246597287906
0.6474900776369683
0.6475509615340910
0.6476073963866791
0.6476594619605314
0.6477072326994745
0.6477507776222067
0.6477901602351051
0.6478254384587074
0.6478566645660132
0.6478838851312823
0.6479071409874928
0.6479264671917898
0.6479418929973992
0.6479534418317041
0.6479611312792372
0.6479649730696336
0.6479649730696336
0.6479611312792372
0.6479534418317041
0.6479418929973992
0.6479264671917898
0.6479071409874928
0.6478838851312823
0.6478566645660129
0.6478254384587074
0.6477901602351051
0.6477507776222076
0.6477072326994736
0.6476594619605314
0.6476073963866791
0.6475509615340910
0.6474900776369683
0.6474246597287906
0.6473546177847056
0.6472798568878556
0.6472002774234419
0.6471157753045279
0.6470262422340751
0.6469315660086467
0.6468316308697112
0.6467263179095368
0.6466155055396473
0.6464990700310718
0.6463768861371202
0.6462488278110786
0.6461147690335198
0.6459745847665829
0.6458281520555245
0.6456753513021021
0.6455160677397019
0.6453501931458362
0.6451776278374612
0.6449982830037322
0.6448120834489013
0.6446189708360301
0.6444189075542049
0.6442118813746586
0.6439979111280111
0.6437770537413332
0.6435494131520333
0.6433151519385085
0.6430745071381250
0.6428278130969779
0.6425755375846949
0.6423183471590783
0.6420572513851521
0.6418209615000804
0.6420714413417663
0.6423183471590783
0.6425607548764166
0.6427980258273513
0.6430296948764799
0.6432554191983012
0.6434749482207637
0.6436881035506822
0.6438947645228725
0.6440948572846189
0.6442883462722310
0.6444752273925151
0.6446555224680435
0.6448292746477544
0.6449965445730420
0.6451574071460833
0.6453119487872302
0.6454602650928692
0.6456024588267516
0.6457386381902815
0.6458689153287400
0.6459934050380097
0.6461122236428087
0.6462254880223243
0.6463333147629994
0.6464358194214613
0.6465331158829983
0.6466253158033490
0.6467125281230531
0.6467948586450802
0.6468724096678896
0.6469452796671389
0.6470135630196016
0.6470773497644335
0.6471367253967759
0.6471917706900947
0.6472425615430942
0.6472891688487020
0.6473316583818559
0.6473700907040340
0.6474045210821314
0.6474349994200324
0.6474615702012246
0.6474842724409871
0.6475031396469856
0.6475181997873881
0.6475294752654139
0.6475369828998431
0.6475407339108731
0.6475407339108731
0.6475369828998431
0.6475294752654139
0.6475181997873881
0.6475031396469856
0.6474842724409871
0.6474615702012251
0.6474349994200324
0.6474045210821314
0.6473700907040340
0.6473316583818559
0.6472891688487017
0.6472425615430942
0.6471917706900947
0.6471367253967759
0.6470773497644335
0.6470135630196016
0.6469452796671389
0.6468724096678896
0.6467948586450781
0.6467125281230531
0.6466253158033490
0.6465331158829983
0.6464358194214613
0.6463333147629994
0.6462254880223243
0.6461122236428105
0.6459934050380097
0.6458689153287388
0.6457386381902815
0.6456024588267516
0.6454602650928692
0.6453119487872302
0.6451574071460833
0.6449965445730420
0.6448292746477544
0.6446555224680435
0.6444752273925149
0.6442883462722310
0.6440948572846195
0.6438947645228725
0.6436881035506822
0.6434749482207637
0.6432554191983012
0.6430296948764792
0.6427980258273513
0.6425607548764166
0.6423183471590783
0.6420714413417663
0.6418209615000804
0.6415815706994555
0.6418209615000746
0.6420572513851521
0.6422895517832967
0.6425172178713902
0.6427397676909895
0.6429568384458499
0.6431681588429673
0.6433735299353596
0.6435728110620280
0.6437659091062142
0.6439527700458980
0.6441333721601814
0.6443077204734940
0.6444758421516299
0.6446377826450286
0.6447936024316387
0.6449433742454733
0.6450871807058408
0.6452251122798249
0.6453572655242010
0.6454837415642540
0.6456046447738594
0.6457200816281659
0.6458301597049616
0.6459349868141621
0.6460346702386061
0.6461293160717126
0.6462190286393023
0.6463039099952339
0.6463840594813201
0.6464595733439552
0.6465305443999068
0.6465970617458322
0.6466592105056542
0.6467170716115628
0.6467707216143408
0.6468202325194143
0.6468656716455414
0.6469071015033194
0.6469445796911638
0.6469781588064537
0.6470078863700882
0.6470338047628312
0.6470559511720064
0.6470743575473097
0.6470890505647781
0.6471000515979861
0.6471073766958717
0.6471110365664853
0.6471110365664853
0.6471073766958717
0.6471000515979861
0.6470890505647781
0.6470743575473097
0.6470559511720064
0.6470338047628312
0.6470078863700882
0.6469781588064537
0.6469445796911638
0.6469071015033194
0.6468656716455414
0.6468202325194143
0.6467707216143408
0.6467170716115624
0.6466592105056542
0.6465970617458322
0.6465305443999068
0.6464595733439552
0.6463840594813201
0.6463039099952339
0.6462190286393023
0.6461293160717126
0.6460346702386087
0.6459349868141621
0.6458301597049607
0.6457200816281659
0.6456046447738594
0.6454837415642537
0.6453572655242010
0.6452251122798249
0.6450871807058408
0.6449433742454733
0.6447936024316395
0.6446377826450286
0.6444758421516299
0.6443077204734940
0.6441333721601814
0.6439527700458980
0.6437659091062142
0.6435728110620280
0.6433735299353592
0.6431681588429673
0.6429568384458499
0.6427397676909905
0.6425172178713902
0.6422895517832967
0.6420572513851521
0.6418209615000805
0.6415815706994555
