RW,Z
0.0486237867574434,12.3367064800603661
0.0486419146882045
0.0486598064153637
0.0486773948253407
0.0486946312480258
0.0487114793340852
0.0487279117461832
0.0487439080647988
0.0487594533378715
0.0487745370164779
0.0487891521419076
0.0488032947064129
0.0488169631393216
0.0488301578870016
0.0488428810648281
0.0488551361657949
0.0488669278144606
0.0488782615576522
0.0488891436855247
0.0488995810777655
0.0489095810709599
0.0489191513438347
0.0489282998177295
0.0489370345701121
0.0489453637592723
0.0489532955587404
0.0489608381000884
0.0489679994230256
0.0489747874318589
0.0489812098575134
0.0489872742244147
0.0489929878216017
0.0489983576776187
0.0490033905386293
0.0490080928494285
0.0490124707369712
0.0490165299961132
0.0490202760772926
0.0490237140758920
0.0490268487231384
0.0490296843782757
0.0490322250218905
0.0490344742502614
0.0490364352705756
0.0490381108969297
0.0490395035470089
0.0490406152394105
0.0490414475914528
0.0490420018175374
0.0490422787279164
0.0490422787279164
0.0490420018175374
0.0490414475914527
0.0490406152394104
0.0490395035470088
0.0490381108969297
0.0490364352705756
0.0490344742502614
0.0490322250218906
0.0490296843782757
0.0490268487231383
0.0490237140758923
0.0490202760772925
0.0490165299961132
0.0490124707369707
0.0490080928494285
0.0490033905386292
0.0489983576776187
0.0489929878216017
0.0489872742244147
0.0489812098575135
0.0489747874318589
0.0489679994230255
0.0489608381000883
0.0489532955587404
0.0489453637592724
0.0489370345701121
0.0489282998177294
0.0489191513438347
0.0489095810709599
0.0488995810777655
0.0488891436855248
0.0488782615576524
0.0488669278144608
0.0488551361657948
0.0488428810648281
0.0488301578870016
0.0488169631393216
0.0488032947064127
0.0487891521419076
0.0487745370164779
0.0487594533378715
0.0487439080647989
0.0487279117461832
0.0487114793340852
0.0486946312480257
0.0486773948253406
0.0486598064153638
0.0486419146882045
0.0486237867574434
0.0486419146882045
0.0486608801837014
0.0486795736490685
0.0486979253027278
0.0487158869543712
0.0487334235386822
0.0487505092382809
0.0487671252085231
0.0487832580580142
0.0487988987549923
0.0488140418014408
0.0488286845884278
0.0488428268805212
0.0488564703959170
0.0488696184596722
0.0488822757141004
0.0488944478747574
0.0489061415233839
0.0489173639311813
0.0489281229072596
0.0489384266681742
0.0489482837253028
0.0489577027873375
0.0489666926757582
0.0489752622513917
0.0489834203505982
0.0489911757297527
0.0489985370169495
0.0490055126699530
0.0490121109396586
0.0490183398382942
0.0490242071118267
0.0490297202160096
0.0490348862956102
0.0490397121664772
0.0490442043000245
0.0490483688098621
0.0490522114403118
0.0490557375565643
0.0490589521362530
0.0490618597622796
0.0490644646167405
0.0490667704757893
0.0490687807053286
0.0490704982574355
0.0490719256674009
0.0490730650513421
0.0490739181043040
0.0490744860987948
0.0490747698837275
0.0490747698837275
0.0490744860987948
0.0490739181043040
0.0490730650513421
0.0490719256674008
0.0490704982574351
0.0490687807053285
0.0490667704757892
0.0490644646167405
0.0490618597622797
0.0490589521362531
0.0490557375565643
0.0490522114403117
0.0490483688098621
0.0490442043000245
0.0490397121664772
0.0490348862956101
0.0490297202160096
0.0490242071118267
0.0490183398382942
0.0490121109396584
0.0490055126699530
0.0489985370169495
0.0489911757297527
0.0489834203505982
0.0489752622513917
0.0489666926757582
0.0489577027873375
0.0489482837253028
0.0489384266681742
0.0489281229072596
0.0489173639311813
0.0489061415233840
0.0488944478747575
0.0488822757141004
0.0488696184596722
0.0488564703959170
0.0488428268805212
0.0488286845884278
0.0488140418014408
0.0487988987549923
0.0487832580580141
0.0487671252085231
0.0487505092382809
0.0487334235386822
0.0487158869543713
0.0486979253027278
0.0486795736490693
0.0486608801837014
0.0486419146882045
0.0486598064153637
0.0486795736490694
0.0486990437558291
0.0487181405053227
0.0487368136117392
0.0487550278218403
0.0487727579686656
0.0487899862384853
0.0488067004416786
0.0488228928160023
0.0488385591468505
0.0488536980932009
0.0488683106557070
0.0488823997476760
0.0488959698433756
0.0489090266860135
0.0489215770428661
0.0489336284983201
0.0489451892778652
0.0489562680976285
0.0489668740352359
0.0489770164186456
0.0489867047301582
0.0489959485234442
0.0490047573516418
0.0490131407050720
0.0490211079571811
0.0490286683176594
0.0490358307917965
0.0490426041452093
0.0490489968733272
0.0490550171749458
0.0490606729294034
0.0490659716768783
0.0490709206014131
0.0490755265163460
0.0490797958518039
0.0490837346439998
0.0490873485261637
0.0490906427207649
0.0490936220330058
0.0490962908452782
0.0490986531125591
0.0491007123585661
0.0491024716725823
0.0491039337068504
0.0491051006744907
0.0491059743478489
0.0491065560572367
0.0491068466900167
0.0491068466900167
0.0491065560572367
0.0491059743478489
0.0491051006744905
0.0491039337068504
0.0491024716725822
0.0491007123585661
0.0490986531125591
0.0490962908452780
0.0490936220330057
0.0490906427207649
0.0490873485261637
0.0490837346439999
0.0490797958518039
0.0490755265163460
0.0490709206014129
0.0490659716768783
0.0490606729294031
0.0490550171749458
0.0490489968733274
0.0490426041452094
0.0490358307917965
0.0490286683176594
0.0490211079571811
0.0490131407050720
0.0490047573516418
0.0489959485234442
0.0489867047301582
0.0489770164186456
0.0489668740352360
0.0489562680976285
0.0489451892778657
0.0489336284983201
0.0489215770428661
0.0489090266860136
0.0488959698433753
0.0488823997476760
0.0488683106557070
0.0488536980932009
0.0488385591468505
0.0488228928160023
0.0488067004416786
0.0487899862384854
0.0487727579686656
0.0487550278218403
0.0487368136117392
0.0487181405053228
0.0486990437558291
0.0486795736490694
0.0486598064153637
0.0486773948253407
0.0486979253027278
0.0487181405053228
0.0487379573047217
0.0487573218622868
0.0487761974576859
0.0487945586366334
0.0488123879516551
0.0488296739407795
0.0488464097666738
0.0488625922423064
0.0488782211007280
0.0488932984289945
0.0489078282179825
0.0489218159974630
0.0489352685358510
0.0489481935902821
0.0489605996966960
0.0489724959922908
0.0489838920644118
0.0489947978214633
0.0490052233821482
0.0490151789802454
0.0490246748825288
0.0490337213179318
0.0490423284163546
0.0490505061557571
0.0490582643164505
0.0490656124415760
0.0490725598029722
0.0490791153717292
0.0490852877928346
0.0490910853633149
0.0490965160135210
0.0491015872910475
0.0491063063470341
0.0491106799244381
0.0491147143481356
0.0491184155165012
0.0491217888943074
0.0491248395067915
0.0491275719346848
0.0491299903100744
0.0491320983130132
0.0491338991687226
0.0491353956453472
0.0491365900521410
0.0491374842380772
0.0491380795907581
0.0491383770356668
0.0491383770356668
0.0491380795907581
0.0491374842380772
0.0491365900521411
0.0491353956453472
0.0491338991687226
0.0491320983130133
0.0491299903100744
0.0491275719346848
0.0491248395067916
0.0491217888943075
0.0491184155165012
0.0491147143481357
0.0491106799244382
0.0491063063470341
0.0491015872910475
0.0490965160135210
0.0490910853633149
0.0490852877928346
0.0490791153717292
0.0490725598029721
0.0490656124415760
0.0490582643164505
0.0490505061557571
0.0490423284163546
0.0490337213179319
0.0490246748825288
0.0490151789802454
0.0490052233821483
0.0489947978214633
0.0489838920644118
0.0489724959922907
0.0489605996966960
0.0489481935902821
0.0489352685358510
0.0489218159974630
0.0489078282179821
0.0488932984289945
0.0488782211007280
0.0488625922423063
0.0488464097666738
0.0488296739407795
0.0488123879516552
0.0487945586366333
0.0487761974576859
0.0487573218622868
0.0487379573047218
0.0487181405053228
0.0486979253027278
0.0486773948253407
0.0486946312480257
0.0487158869543712
0.0487368136117392
0.0487573218622868
0.0487773538842569
0.0487968707356149
0.0488158459451790
0.0488342618251739
0.0488521071617277
0.0488693756686267
0.0488860648947704
0.0489021754180681
0.0489177102300276
0.0489326742531487
0.0489470739544153
0.0489609170306051
0.0489742121487008
0.0489869687295386
0.0489991967660357
0.0490109066694291
0.0490221091385979
0.0490328150485120
0.0490430353547349
0.0490527810114822
0.0490620629011784
0.0490708917738678
0.0490792781950193
0.0490872325006212
0.0490947647585177
0.0491018847351608
0.0491086018670651
0.0491149252362891
0.0491208635494987
0.0491264251200440
0.0491316178527052
0.0491364492307521
0.0491409263049632
0.0491450556843865
0.0491488435285806
0.0491522955411195
0.0491554169641964
0.0491582125741617
0.0491606866778562
0.0491628431096324
0.0491646852289149
0.0491662159182874
0.0491674375819481
0.0491683521445506
0.0491689610503038
0.0491692652623421
0.0491692652623421
0.0491689610503038
0.0491683521445506
0.0491674375819481
0.0491662159182874
0.0491646852289149
0.0491628431096324
0.0491606866778562
0.0491582125741617
0.0491554169641964
0.0491522955411194
0.0491488435285807
0.0491450556843865
0.0491409263049632
0.0491364492307521
0.0491316178527052
0.0491264251200440
0.0491208635494988
0.0491149252362892
0.0491086018670651
0.0491018847351608
0.0490947647585177
0.0490872325006213
0.0490792781950193
0.0490708917738678
0.0490620629011784
0.0490527810114821
0.0490430353547350
0.0490328150485120
0.0490221091385979
0.0490109066694291
0.0489991967660357
0.0489869687295386
0.0489742121487008
0.0489609170306051
0.0489470739544153
0.0489326742531487
0.0489177102300276
0.0489021754180681
0.0488860648947704
0.0488693756686267
0.0488521071617277
0.0488342618251740
0.0488158459451789
0.0487968707356150
0.0487773538842569
0.0487573218622868
0.0487368136117392
0.0487158869543713
0.0486946312480258
0.0487114793340851
0.0487334235386822
0.0487550278218402
0.0487761974576863
0.0487968707356151
0.0488170061751124
0.0488365758292927
0.0488555613073054
0.0488739512305728
0.0488917395144493
0.0489089241542552
0.0489255063348576
0.0489414897568656
0.0489568801134883
0.0489716846757217
0.0489859119577917
0.0489995714436181
0.0490126733606245
0.0490252284910628
0.0490372480134701
0.0490487433686906
0.0490597261462034
0.0490702079872287
0.0490802005020342
0.0490897151991864
0.0490987634249224
0.0491073563112019
0.0491155047312057
0.0491232192611574
0.0491305101476930
0.0491373872799369
0.0491438601656934
0.0491499379111631
0.0491556292037208
0.0491609422973530
0.0491658850003448
0.0491704646649697
0.0491746881788265
0.0491785619576800
0.0491820919394737
0.0491852835794690
0.0491881418462251
0.0491906712183534
0.0491928756819251
0.0491947587283754
0.0491963233528893
0.0491975720530988
0.0491985068281552
0.0491991291779883
0.0491994401028086
0.0491994401028088
0.0491991291779883
0.0491985068281550
0.0491975720530990
0.0491963233528893
0.0491947587283754
0.0491928756819251
0.0491906712183534
0.0491881418462252
0.0491852835794690
0.0491820919394733
0.0491785619576800
0.0491746881788266
0.0491704646649697
0.0491658850003448
0.0491609422973530
0.0491556292037207
0.0491499379111631
0.0491438601656934
0.0491373872799369
0.0491305101476930
0.0491232192611574
0.0491155047312057
0.0491073563112019
0.0490987634249224
0.0490897151991865
0.0490802005020342
0.0490702079872287
0.0490597261462035
0.0490487433686906
0.0490372480134701
0.0490252284910628
0.0490126733606245
0.0489995714436181
0.0489859119577918
0.0489716846757217
0.0489568801134883
0.0489414897568656
0.0489255063348573
0.0489089241542553
0.0488917395144493
0.0488739512305727
0.0488555613073054
0.0488365758292927
0.0488170061751124
0.0487968707356150
0.0487761974576863
0.0487550278218403
0.0487334235386822
0.0487114793340851
0.0487279117461832
0.0487505092382809
0.0487727579686656
0.0487945586366334
0.0488158459451789
0.0488365758292927
0.0488567186319949
0.0488762549511840
0.0488951729266798
0.0489134663806464
0.0489311334936830
0.0489481758319392
0.0489645976124669
0.0489804051355534
0.0489956063373646
0.0490102104316812
0.0490242276189495
0.0490376688473866
0.0490505456150093
0.0490628698043162
0.0490746535434189
0.0490859090888214
0.0490966487260913
0.0491068846854845
0.0491166290700908
0.0491258937945666
0.0491346905329172
0.0491430306738945
0.0491509252829793
0.0491583850700420
0.0491654203617599
0.0491720410782761
0.0491782567134013
0.0491840763179180
0.0491895084855280
0.0491945613411048
0.0491992425308803
0.0492035592143216
0.0492075180574392
0.0492111252272977
0.0492143863875662
0.0492173066949251
0.0492198907961957
0.0492221428260924
0.0492240664054376
0.0492256646397902
0.0492269401184379
0.0492278949135845
0.0492285305798377
0.0492288481537832
0.0492288481537832
0.0492285305798378
0.0492278949135844
0.0492269401184380
0.0492256646397902
0.0492240664054376
0.0492221428260924
0.0492198907961957
0.0492173066949251
0.0492143863875662
0.0492111252272972
0.0492075180574393
0.0492035592143216
0.0491992425308803
0.0491945613411049
0.0491895084855280
0.0491840763179180
0.0491782567134013
0.0491720410782761
0.0491654203617599
0.0491583850700420
0.0491509252829793
0.0491430306738945
0.0491346905329175
0.0491258937945666
0.0491166290700908
0.0491068846854845
0.0490966487260911
0.0490859090888214
0.0490746535434189
0.0490628698043161
0.0490505456150094
0.0490376688473866
0.0490242276189495
0.0490102104316814
0.0489956063373646
0.0489804051355535
0.0489645976124669
0.0489481758319392
0.0489311334936830
0.0489134663806465
0.0488951729266796
0.0488762549511840
0.0488567186319951
0.0488365758292927
0.0488158459451789
0.0487945586366334
0.0487727579686656
0.0487505092382809
0.0487279117461832
0.0487439080647991
0.0487671252085230
0.0487899862384854
0.0488123879516551
0.0488342618251739
0.0488555613073054
0.0488762549511840
0.0488963221647496
0.0489157503849157
0.0489345331111225
0.0489526684901605
0.0489701582693027
0.0489870070037125
0.0490032214440687
0.0490188100551476
0.0490337826316437
0.0490481499876198
0.0490619237028119
0.0490751159134281
0.0490877391384124
0.0490998061342237
0.0491113297728854
0.0491223229391656
0.0491327984436116
0.0491427689488734
0.0491522469071837
0.0491612445072624
0.0491697736292288
0.0491778458063336
0.0491854721925331
0.0491926635350460
0.0491994301511600
0.0492057819087369
0.0492117282098635
0.0492172779771601
0.0492224396424268
0.0492272211372501
0.0492316298852991
0.0492356727960093
0.0492393562595001
0.0492426861425131
0.0492456677851441
0.0492483059983274
0.0492506050618726
0.0492525687229396
0.0492542001949463
0.0492555021567180
0.0492564767518968
0.0492571255885310
0.0492574497387858
0.0492574497387858
0.0492571255885310
0.0492564767518968
0.0492555021567180
0.0492542001949463
0.0492525687229396
0.0492506050618726
0.0492483059983274
0.0492456677851440
0.0492426861425131
0.0492393562594999
0.0492356727960093
0.0492316298852991
0.0492272211372501
0.0492224396424267
0.0492172779771600
0.0492117282098637
0.0492057819087369
0.0491994301511600
0.0491926635350460
0.0491854721925328
0.0491778458063336
0.0491697736292288
0.0491612445072624
0.0491522469071837
0.0491427689488734
0.0491327984436115
0.0491223229391656
0.0491113297728854
0.0490998061342237
0.0490877391384124
0.0490751159134281
0.0490619237028119
0.0490481499876198
0.0490337826316437
0.0490188100551475
0.0490032214440687
0.0489870070037125
0.0489701582693027
0.0489526684901605
0.0489345331111225
0.0489157503849157
0.0488963221647500
0.0488762549511840
0.0488555613073054
0.0488342618251739
0.0488123879516551
0.0487899862384854
0.0487671252085230
0.0487439080647991
0.0487594533378713
0.0487832580580141
0.0488067004416786
0.0488296739407795
0.0488521071617277
0.0488739512305724
0.0488951729266798
0.0489157503849157
0.0489356701990111
0.0489549253789887
0.0489735138644484
0.0489914374155226
0.0490087007684472
0.0490253109812249
0.0490412769187730
0.0490566088424030
0.0490713180786477
0.0490854167494653
0.0490989175505913
0.0491118335680692
0.0491241781255875
0.0491359646567432
0.0491472065978198
0.0491579172974644
0.0491681099405053
0.0491777974835391
0.0491869926004862
0.0491957076365574
0.0492039545693356
0.0492117449759663
0.0492190900054944
0.0492260003556591
0.0492324862534316
0.0492385574388079
0.0492442231513601
0.0492494921191073
0.0492543725494245
0.0492588721216210
0.0492629979809607
0.0492667567338678
0.0492701544441662
0.0492731966301230
0.0492758882621766
0.0492782337612517
0.0492802369974619
0.0492819012892096
0.0492832294025299
0.0492842235506495
0.0492848853936896
0.0492852160384919
0.0492852160384920
0.0492848853936896
0.0492842235506496
0.0492832294025299
0.0492819012892096
0.0492802369974619
0.0492782337612517
0.0492758882621766
0.0492731966301234
0.0492701544441661
0.0492667567338678
0.0492629979809607
0.0492588721216210
0.0492543725494245
0.0492494921191073
0.0492442231513601
0.0492385574388079
0.0492324862534316
0.0492260003556590
0.0492190900054943
0.0492117449759662
0.0492039545693356
0.0491957076365574
0.0491869926004862
0.0491777974835391
0.0491681099405053
0.0491579172974644
0.0491472065978198
0.0491359646567432
0.0491241781255873
0.0491118335680691
0.0490989175505913
0.0490854167494653
0.0490713180786478
0.0490566088424030
0.0490412769187730
0.0490253109812248
0.0490087007684472
0.0489914374155226
0.0489735138644485
0.0489549253789887
0.0489356701990111
0.0489157503849157
0.0488951729266798
0.0488739512305724
0.0488521071617277
0.0488296739407795
0.0488067004416786
0.0487832580580141
0.0487594533378712
0.0487745370164780
0.0487988987549922
0.0488228928160023
0.0488464097666739
0.0488693756686266
0.0488917395144493
0.0489134663806465
0.0489345331111226
0.0489549253789887
0.0489746355920457
0.0489936613525962
0.0490120042983836
0.0490296692139982
0.0490466633390467
0.0490629958221151
0.0490786772847886
0.0490937194699188
0.0491081349553003
0.0491219369188417
0.0491351389446499
0.0491477548620473
0.0491597986113215
0.0491712841313286
0.0491822252651879
0.0491926356809525
0.0492025288048083
0.0492119177647921
0.0492208153433835
0.0492292339375979
0.0492371855254482
0.0492446816378154
0.0492517333349274
0.0492583511867651
0.0492645452567921
0.0492703250885672
0.0492756996947115
0.0492806775479869
0.0492852665740471
0.0492894741456843
0.0492933070782499
0.0492967716261188
0.0492998734799662
0.0493026177647141
0.0493050090380284
0.0493070512892460
0.0493087479386189
0.0493101018368147
0.0493111152646229
0.0493117899327351
0.0493121269816576
0.0493121269816576
0.0493117899327351
0.0493111152646230
0.0493101018368148
0.0493087479386189
0.0493070512892460
0.0493050090380284
0.0493026177647141
0.0492998734799662
0.0492967716261189
0.0492933070782499
0.0492894741456842
0.0492852665740470
0.0492806775479869
0.0492756996947115
0.0492703250885671
0.0492645452567919
0.0492583511867651
0.0492517333349275
0.0492446816378152
0.0492371855254483
0.0492292339375979
0.0492208153433836
0.0492119177647921
0.0492025288048083
0.0491926356809525
0.0491822252651878
0.0491712841313286
0.0491597986113214
0.0491477548620473
0.0491351389446499
0.0491219369188411
0.0491081349553003
0.0490937194699188
0.0490786772847886
0.0490629958221151
0.0490466633390468
0.0490296692139982
0.0490120042983837
0.0489936613525963
0.0489746355920457
0.0489549253789887
0.0489345331111226
0.0489134663806465
0.0488917395144493
0.0488693756686267
0.0488464097666738
0.0488228928160025
0.0487988987549922
0.0487745370164780
0.0487891521419076
0.0488140418014409
0.0488385591468506
0.0488625922423064
0.0488860648947703
0.0489089241542552
0.0489311334936830
0.0489526684901605
0.0489735138644484
0.0489936613525962
0.0490131081270980
0.0490318555989556
0.0490499084929013
0.0490672741231842
0.0490839618196450
0.0490999824680674
0.0491153481387468
0.0491300717839317
0.0491441669896646
0.0491576477710657
0.0491705284025735
0.0491828232766131
0.0491945467855773
0.0492057132229329
0.0492163367003042
0.0492264310778189
0.0492360099055747
0.0492450863745082
0.0492536732751371
0.0492617829630184
0.0492694273298661
0.0492766177795050
0.0492833652079097
0.0492896799867205
0.0492955719497107
0.0493010503817483
0.0493061240098762
0.0493108009961666
0.0493150889320449
0.0493189948338911
0.0493225251396190
0.0493256857061198
0.0493284818073765
0.0493309181331064
0.0493329987878357
0.0493347272902883
0.0493361065729998
0.0493371389821120
0.0493378262772721
0.0493381696315743
0.0493381696315744
0.0493378262772721
0.0493371389821120
0.0493361065729999
0.0493347272902883
0.0493329987878357
0.0493309181331064
0.0493284818073765
0.0493256857061199
0.0493225251396190
0.0493189948338912
0.0493150889320450
0.0493108009961666
0.0493061240098762
0.0493010503817483
0.0492955719497107
0.0492896799867205
0.0492833652079097
0.0492766177795053
0.0492694273298661
0.0492617829630184
0.0492536732751372
0.0492450863745081
0.0492360099055747
0.0492264310778189
0.0492163367003042
0.0492057132229327
0.0491945467855774
0.0491828232766131
0.0491705284025735
0.0491576477710657
0.0491441669896646
0.0491300717839318
0.0491153481387468
0.0490999824680674
0.0490839618196449
0.0490672741231842
0.0490499084929013
0.0490318555989556
0.0490131081270980
0.0489936613525962
0.0489735138644484
0.0489526684901605
0.0489311334936830
0.0489089241542553
0.0488860648947704
0.0488625922423064
0.0488385591468506
0.0488140418014409
0.0487891521419076
0.0488032947064126
0.0488286845884278
0.0488536980932009
0.0488782211007279
0.0489021754180681
0.0489255063348574
0.0489481758319392
0.0489701582693027
0.0489914374155225
0.0490120042983837
0.0490318555989561
0.0490509924243709
0.0490694193540701
0.0490871436885564
0.0491041748511888
0.0491205239072832
0.0491362031743844
0.0491512259042682
0.0491656060217820
0.0491793579093393
0.0491924962282374
0.0492050357699998
0.0492169913323160
0.0492283776152634
0.0492392091344229
0.0492495001479986
0.0492592645957202
0.0492685160476421
0.0492772676612668
0.0492855321457169
0.0492933217318960
0.0493006481476504
0.0493075225972799
0.0493139557446557
0.0493199576993834
0.0493255380056277
0.0493307056330746
0.0493354689697411
0.0493398358163501
0.0493438133819489
0.0493474082805690
0.0493506265287722
0.0493534735438618
0.0493559541426183
0.0493580725404929
0.0493598323510725
0.0493612365858100
0.0493622876538836
0.0493629873621379
0.0493633369151373
0.0493633369151373
0.0493629873621379
0.0493622876538836
0.0493612365858100
0.0493598323510724
0.0493580725404929
0.0493559541426183
0.0493534735438617
0.0493506265287722
0.0493474082805690
0.0493438133819490
0.0493398358163501
0.0493354689697413
0.0493307056330743
0.0493255380056277
0.0493199576993835
0.0493139557446560
0.0493075225972796
0.0493006481476505
0.0492933217318960
0.0492855321457168
0.0492772676612668
0.0492685160476421
0.0492592645957202
0.0492495001479985
0.0492392091344229
0.0492283776152634
0.0492169913323160
0.0492050357699998
0.0491924962282374
0.0491793579093393
0.0491656060217820
0.0491512259042682
0.0491362031743844
0.0491205239072832
0.0491041748511887
0.0490871436885565
0.0490694193540701
0.0490509924243709
0.0490318555989560
0.0490120042983837
0.0489914374155226
0.0489701582693027
0.0489481758319392
0.0489255063348574
0.0489021754180680
0.0488782211007279
0.0488536980932009
0.0488286845884277
0.0488032947064129
0.0488169631393216
0.0488428268805212
0.0488683106557070
0.0488932984289945
0.0489177102300276
0.0489414897568656
0.0489645976124669
0.0489870070037126
0.0490087007684472
0.0490296692139983
0.0490499084929009
0.0490694193540701
0.0490882061664387
0.0491062761456544
0.0491236387352193
0.0491403051069464
0.0491562877547599
0.0491716001623211
0.0491862565296002
0.0492002715468789
0.0492136602072656
0.0492264376506292
0.0492386190333692
0.0492502194195518
0.0492612536897706
0.0492717364648126
0.0492816820417213
0.0492911043402722
0.0493000168582396
0.0493084326340582
0.0493163642157885
0.0493238236353432
0.0493308223872580
0.0493373714112355
0.0493434810779176
0.0493491611773748
0.0493544209098684
0.0493592688785254
0.0493637130836264
0.0493677609181848
0.0493714191646241
0.0493746939923280
0.0493775909559032
0.0493801149939770
0.0493822704284444
0.0493840609639869
0.0493854896878734
0.0493865590698631
0.0493872709621988
0.0493876265996744
0.0493876265996744
0.0493872709621988
0.0493865590698628
0.0493854896878734
0.0493840609639870
0.0493822704284444
0.0493801149939771
0.0493775909559031
0.0493746939923280
0.0493714191646241
0.0493677609181848
0.0493637130836264
0.0493592688785254
0.0493544209098684
0.0493491611773749
0.0493434810779176
0.0493373714112355
0.0493308223872580
0.0493238236353432
0.0493163642157884
0.0493084326340582
0.0493000168582396
0.0492911043402722
0.0492816820417208
0.0492717364648126
0.0492612536897705
0.0492502194195519
0.0492386190333692
0.0492264376506292
0.0492136602072656
0.0492002715468790
0.0491862565296003
0.0491716001623211
0.0491562877547599
0.0491403051069465
0.0491236387352193
0.0491062761456544
0.0490882061664387
0.0490694193540701
0.0490499084929013
0.0490296692139983
0.0490087007684472
0.0489870070037126
0.0489645976124669
0.0489414897568656
0.0489177102300276
0.0488932984289945
0.0488683106557070
0.0488428268805212
0.0488169631393216
0.0488301578870015
0.0488564703959170
0.0488823997476760
0.0489078282179821
0.0489326742531487
0.0489568801134882
0.0489804051355534
0.0490032214440688
0.0490253109812248
0.0490466633390467
0.0490672741231843
0.0490871436885564
0.0491062761456544
0.0491246785695540
0.0491423603638684
0.0491593327451807
0.0491756083222629
0.0491912007506960
0.0492061244480234
0.0492203943578801
0.0492340257539493
0.0492470340766657
0.0492594347968281
0.0492712433015220
0.0492824747986504
0.0492931442369399
0.0493032662389899
0.0493128550452461
0.0493219244671947
0.0493304878483610
0.0493385580318640
0.0493461473335661
0.0493532675199423
0.0493599297899077
0.0493661447600595
0.0493719224527207
0.0493772722863834
0.0493822030681664
0.0493867229878934
0.0493908396136003
0.0493945598881086
0.0493978901265648
0.0494008360146646
0.0494034026074801
0.0494055943286919
0.0494074149701747
0.0494088676917852
0.0494099550213197
0.0494106788545322
0.0494110404552005
0.0494110404552005
0.0494106788545322
0.0494099550213197
0.0494088676917851
0.0494074149701747
0.0494055943286920
0.0494034026074801
0.0494008360146646
0.0493978901265648
0.0493945598881086
0.0493908396136003
0.0493867229878934
0.0493822030681663
0.0493772722863834
0.0493719224527209
0.0493661447600597
0.0493599297899077
0.0493532675199423
0.0493461473335661
0.0493385580318640
0.0493304878483610
0.0493219244671947
0.0493128550452461
0.0493032662389897
0.0492931442369395
0.0492824747986504
0.0492712433015221
0.0492594347968282
0.0492470340766657
0.0492340257539489
0.0492203943578801
0.0492061244480233
0.0491912007506959
0.0491756083222629
0.0491593327451807
0.0491423603638685
0.0491246785695540
0.0491062761456544
0.0490871436885564
0.0490672741231842
0.0490466633390467
0.0490253109812248
0.0490032214440688
0.0489804051355534
0.0489568801134883
0.0489326742531487
0.0489078282179822
0.0488823997476760
0.0488564703959170
0.0488301578870017
0.0488428810648281
0.0488696184596722
0.0488959698433754
0.0489218159974631
0.0489470739544152
0.0489716846757217
0.0489956063373645
0.0490188100551480
0.0490412769187729
0.0490629958221151
0.0490839618196449
0.0491041748511887
0.0491236387352193
0.0491423603638685
0.0491603490528345
0.0491776160122506
0.0491941739132157
0.0492100365308649
0.0492252184491236
0.0492397348156185
0.0492536011376407
0.0492668331118146
0.0492794464817068
0.0492914569186035
0.0493028799216384
0.0493137307341014
0.0493240242733303
0.0493337750720582
0.0493429972294195
0.0493517043700899
0.0493599096103476
0.0493676255299706
0.0493748641490626
0.0493816369090930
0.0493879546574187
0.0493938276348336
0.0493992654655752
0.0494042771494439
0.0494088710556553
0.0494130549181317
0.0494168358319587
0.0494202202508023
0.0494232139850939
0.0494258222007958
0.0494280494186279
0.0494298995136187
0.0494313757149221
0.0494324806057480
0.0494332161234018
0.0494335835593694
0.0494335835593693
0.0494332161234018
0.0494324806057480
0.0494313757149220
0.0494298995136188
0.0494280494186279
0.0494258222007957
0.0494232139850939
0.0494202202508024
0.0494168358319587
0.0494130549181317
0.0494088710556553
0.0494042771494440
0.0493992654655752
0.0493938276348336
0.0493879546574187
0.0493816369090931
0.0493748641490626
0.0493676255299706
0.0493599096103476
0.0493517043700899
0.0493429972294195
0.0493337750720582
0.0493240242733303
0.0493137307341014
0.0493028799216384
0.0492914569186035
0.0492794464817068
0.0492668331118146
0.0492536011376407
0.0492397348156185
0.0492252184491236
0.0492100365308649
0.0491941739132157
0.0491776160122506
0.0491603490528345
0.0491423603638685
0.0491236387352193
0.0491041748511887
0.0490839618196449
0.0490629958221152
0.0490412769187729
0.0490188100551480
0.0489956063373646
0.0489716846757217
0.0489470739544152
0.0489218159974631
0.0488959698433756
0.0488696184596722
0.0488428810648281
0.0488551361657951
0.0488822757141005
0.0489090266860137
0.0489352685358510
0.0489609170306053
0.0489859119577917
0.0490102104316816
0.0490337826316437
0.0490566088424030
0.0490786772847885
0.0490999824680674
0.0491205239072832
0.0491403051069470
0.0491593327451807
0.0491776160122506
0.0491951660701045
0.0492119956080779
0.0492281184757762
0.0492435493785400
0.0492583036239617
0.0492723969103437
0.0492858451497874
0.0492986643200016
0.0493108703400935
0.0493224789663277
0.0493335057047354
0.0493439657378193
0.0493538738631961
0.0493632444422946
0.0493720913575841
0.0493804279769882
0.0493882671244389
0.0493956210555815
0.0494025014378369
0.0494089193342178
0.0494148851901939
0.0494204088232194
0.0494254994144419
0.0494301655022125
0.0494344149771309
0.0494382550782996
0.0494416923905960
0.0494447328427305
0.0494473817059195
0.0494496435930715
0.0494515224582882
0.0494530215966353
0.0494541436440783
0.0494548905774903
0.0494552637147406
0.0494552637147406
0.0494548905774903
0.0494541436440783
0.0494530215966353
0.0494515224582883
0.0494496435930714
0.0494473817059196
0.0494447328427306
0.0494416923905960
0.0494382550782996
0.0494344149771309
0.0494301655022125
0.0494254994144415
0.0494204088232194
0.0494148851901939
0.0494089193342178
0.0494025014378369
0.0493956210555816
0.0493882671244389
0.0493804279769882
0.0493720913575840
0.0493632444422946
0.0493538738631961
0.0493439657378193
0.0493335057047354
0.0493224789663277
0.0493108703400935
0.0492986643200016
0.0492858451497874
0.0492723969103436
0.0492583036239617
0.0492435493785400
0.0492281184757762
0.0492119956080779
0.0491951660701045
0.0491776160122506
0.0491593327451806
0.0491403051069466
0.0491205239072832
0.0490999824680671
0.0490786772847885
0.0490566088424030
0.0490337826316437
0.0490102104316815
0.0489859119577918
0.0489609170306053
0.0489352685358510
0.0489090266860137
0.0488822757141005
0.0488551361657948
0.0488669278144606
0.0488944478747574
0.0489215770428661
0.0489481935902822
0.0489742121487008
0.0489995714436181
0.0490242276189495
0.0490481499876199
0.0490713180786475
0.0490937194699188
0.0491153481387468
0.0491362031743845
0.0491562877547599
0.0491756083222627
0.0491941739132151
0.0492119956080779
0.0492290860779407
0.0492454592086224
0.0492611297878933
0.0492761132444418
0.0492904254294387
0.0493040824335052
0.0493171004330516
0.0493294955612468
0.0493412837995885
0.0493524808868295
0.0493631022425296
0.0493731629029652
0.0493826774674800
0.0493916600537186
0.0494001242603404
0.0494080831361422
0.0494155491545278
0.0494225341925795
0.0494290495139996
0.0494351057552815
0.0494407129146514
0.0494458803432924
0.0494506167384536
0.0494549301381978
0.0494588279173893
0.0494623167847468
0.0494654027807673
0.0494680912762618
0.0494703869714329
0.0494722938953180
0.0494738154054945
0.0494749541879812
0.0494757122572127
0.0494760909561070
0.0494760909561070
0.0494757122572126
0.0494749541879812
0.0494738154054945
0.0494722938953180
0.0494703869714329
0.0494680912762618
0.0494654027807672
0.0494623167847468
0.0494588279173895
0.0494549301381979
0.0494506167384537
0.0494458803432924
0.0494407129146514
0.0494351057552815
0.0494290495139996
0.0494225341925795
0.0494155491545278
0.0494080831361422
0.0494001242603404
0.0493916600537186
0.0493826774674801
0.0493731629029653
0.0493631022425296
0.0493524808868294
0.0493412837995884
0.0493294955612468
0.0493171004330516
0.0493040824335052
0.0492904254294387
0.0492761132444418
0.0492611297878932
0.0492454592086224
0.0492290860779407
0.0492119956080779
0.0491941739132157
0.0491756083222628
0.0491562877547599
0.0491362031743845
0.0491153481387468
0.0490937194699188
0.0490713180786477
0.0490481499876199
0.0490242276189495
0.0489995714436181
0.0489742121487007
0.0489481935902822
0.0489215770428661
0.0488944478747574
0.0488669278144606
0.0488782615576523
0.0489061415233839
0.0489336284983201
0.0489605996966959
0.0489869687295386
0.0490126733606245
0.0490376688473866
0.0490619237028119
0.0490854167494653
0.0491081349553003
0.0491300717839317
0.0491512259042683
0.0491716001623208
0.0491912007506959
0.0492100365308650
0.0492281184757762
0.0492454592086224
0.0492620726193867
0.0492779735448941
0.0492931775009754
0.0493077004578807
0.0493215586515282
0.0493347684248111
0.0493473460939630
0.0493593078361305
0.0493706695947368
0.0493814469999293
0.0493916553017774
0.0494013093142789
0.0494104233685657
0.0494190112738756
0.0494270862851671
0.0494346610763354
0.0494417477181939
0.0494483576604854
0.0494545017173049
0.0494601900553749
0.0494654321847259
0.0494702369513825
0.0494746125317049
0.0494785664280917
0.0494821054657839
0.0494852357905800
0.0494879628672047
0.0494902914782654
0.0494922257235955
0.0494937690198713
0.0494949241004469
0.0494956930153129
0.0494960771310943
0.0494960771310942
0.0494956930153129
0.0494949241004469
0.0494937690198710
0.0494922257235956
0.0494902914782654
0.0494879628672047
0.0494852357905800
0.0494821054657839
0.0494785664280917
0.0494746125317049
0.0494702369513826
0.0494654321847261
0.0494601900553749
0.0494545017173049
0.0494483576604854
0.0494417477181938
0.0494346610763353
0.0494270862851671
0.0494190112738756
0.0494104233685657
0.0494013093142788
0.0493916553017774
0.0493814469999293
0.0493706695947369
0.0493593078361305
0.0493473460939630
0.0493347684248110
0.0493215586515283
0.0493077004578808
0.0492931775009754
0.0492779735448941
0.0492620726193867
0.0492454592086224
0.0492281184757762
0.0492100365308649
0.0491912007506959
0.0491716001623209
0.0491512259042682
0.0491300717839317
0.0491081349553003
0.0490854167494653
0.0490619237028119
0.0490376688473866
0.0490126733606245
0.0489869687295386
0.0489605996966959
0.0489336284983200
0.0489061415233839
0.0488782615576522
0.0488891436855248
0.0489173639311813
0.0489451892778658
0.0489724959922908
0.0489991967660357
0.0490252284910629
0.0490505456150093
0.0490751159134280
0.0490989175505911
0.0491219369188417
0.0491441669896651
0.0491656060217823
0.0491862565296003
0.0492061244480234
0.0492252184491236
0.0492435493785400
0.0492611297878932
0.0492779735448940
0.0492940955071191
0.0493095112482738
0.0493242368279833
0.0493382885979358
0.0493516830384461
0.0493644366206002
0.0493765656900027
0.0493880863687424
0.0493990144728289
0.0494093654427464
0.0494191542851450
0.0494283955239897
0.0494371031598066
0.0494452906357743
0.0494529708095875
0.0494601559303552
0.0494668576196290
0.0494730868559949
0.0494788539626571
0.0494841685975415
0.0494890397454516
0.0494934757120298
0.0494974841190854
0.0495010719011289
0.0495042453028163
0.0495070098771698
0.0495093704843396
0.0495113312908241
0.0495128957689949
0.0495140666968597
0.0495148461579324
0.0495152355412207
0.0495152355412206
0.0495148461579324
0.0495140666968597
0.0495128957689950
0.0495113312908241
0.0495093704843395
0.0495070098771698
0.0495042453028163
0.0495010719011288
0.0494974841190854
0.0494934757120299
0.0494890397454515
0.0494841685975416
0.0494788539626571
0.0494730868559950
0.0494668576196289
0.0494601559303552
0.0494529708095875
0.0494452906357743
0.0494371031598066
0.0494283955239897
0.0494191542851449
0.0494093654427464
0.0493990144728290
0.0493880863687422
0.0493765656900027
0.0493644366206001
0.0493516830384461
0.0493382885979358
0.0493242368279833
0.0493095112482738
0.0492940955071191
0.0492779735448941
0.0492611297878933
0.0492435493785404
0.0492252184491236
0.0492061244480234
0.0491862565296002
0.0491656060217821
0.0491441669896646
0.0491219369188417
0.0490989175505912
0.0490751159134281
0.0490505456150093
0.0490252284910628
0.0489991967660357
0.0489724959922908
0.0489451892778658
0.0489173639311813
0.0488891436855248
0.0488995810777655
0.0489281229072596
0.0489562680976285
0.0489838920644118
0.0490109066694291
0.0490372480134701
0.0490628698043161
0.0490877391384124
0.0491118335680691
0.0491351389446499
0.0491576477710657
0.0491793579093393
0.0492002715468790
0.0492203943578800
0.0492397348156185
0.0492583036239617
0.0492761132444418
0.0492931775009755
0.0493095112482738
0.0493251300928625
0.0493400501579578
0.0493542878849213
0.0493678598655592
0.0493807827003231
0.0493930728784765
0.0494047466768570
0.0494158200744261
0.0494263086802603
0.0494362276729696
0.0494455917498783
0.0494544150844906
0.0494627112910341
0.0494704933950506
0.0494777738090824
0.0494845643127305
0.0494908760363824
0.0494967194480483
0.0495021043428524
0.0495070398346469
0.0495115343495020
0.0495155956206691
0.0495192306847818
0.0495224458790465
0.0495252468392097
0.0495276384981612
0.0495296250850005
0.0495312101244299
0.0495323964364182
0.0495331861360282
0.0495335806333170
0.0495335806333171
0.0495331861360283
0.0495323964364182
0.0495312101244299
0.0495296250850006
0.0495276384981612
0.0495252468392096
0.0495224458790465
0.0495192306847818
0.0495155956206690
0.0495115343495020
0.0495070398346470
0.0495021043428524
0.0494967194480484
0.0494908760363824
0.0494845643127305
0.0494777738090824
0.0494704933950506
0.0494627112910340
0.0494544150844906
0.0494455917498784
0.0494362276729695
0.0494263086802602
0.0494158200744262
0.0494047466768570
0.0493930728784765
0.0493807827003231
0.0493678598655592
0.0493542878849213
0.0493400501579578
0.0493251300928625
0.0493095112482737
0.0492931775009754
0.0492761132444418
0.0492583036239617
0.0492397348156185
0.0492203943578800
0.0492002715468789
0.0491793579093393
0.0491576477710657
0.0491351389446499
0.0491118335680691
0.0490877391384124
0.0490628698043161
0.0490372480134701
0.0490109066694291
0.0489838920644118
0.0489562680976284
0.0489281229072596
0.0488995810777655
0.0489095810709599
0.0489384266681742
0.0489668740352362
0.0489947978214633
0.0490221091385979
0.0490487433686906
0.0490746535434190
0.0490998061342235
0.0491241781255873
0.0491477548620473
0.0491705284025735
0.0491924962282374
0.0492136602072656
0.0492340257539494
0.0492536011376407
0.0492723969103436
0.0492904254294387
0.0493077004578807
0.0493242368279833
0.0493400501579575
0.0493551566123590
0.0493695726994338
0.0493833150994862
0.0493964005194829
0.0494088455699143
0.0494206666605240
0.0494318799121314
0.0494425010821824
0.0494525455019790
0.0494620280238941
0.0494709629771258
0.0494793641307283
0.0494872446628606
0.0494946171353016
0.0495014934725097
0.0495078849444445
0.0495138021526616
0.0495192550191167
0.0495242527772461
0.0495288039649450
0.0495329164191304
0.0495365972715965
0.0495398529458819
0.0495426891550320
0.0495451108999577
0.0495471224683424
0.0495487274339172
0.0495499286559925
0.0495507282791939
0.0495511277333367
0.0495511277333371
0.0495507282791942
0.0495499286559926
0.0495487274339172
0.0495471224683424
0.0495451108999577
0.0495426891550320
0.0495398529458819
0.0495365972715966
0.0495329164191304
0.0495288039649449
0.0495242527772461
0.0495192550191165
0.0495138021526616
0.0495078849444445
0.0495014934725099
0.0494946171353021
0.0494872446628606
0.0494793641307284
0.0494709629771257
0.0494620280238941
0.0494525455019790
0.0494425010821824
0.0494318799121315
0.0494206666605240
0.0494088455699145
0.0493964005194828
0.0493833150994862
0.0493695726994338
0.0493551566123589
0.0493400501579575
0.0493242368279833
0.0493077004578807
0.0492904254294387
0.0492723969103438
0.0492536011376407
0.0492340257539493
0.0492136602072657
0.0491924962282374
0.0491705284025735
0.0491477548620473
0.0491241781255873
0.0490998061342237
0.0490746535434189
0.0490487433686906
0.0490221091385979
0.0489947978214633
0.0489668740352362
0.0489384266681742
0.0489095810709599
0.0489191513438347
0.0489482837253029
0.0489770164186456
0.0490052233821483
0.0490328150485120
0.0490597261462035
0.0490859090888214
0.0491113297728853
0.0491359646567432
0.0491597986113215
0.0491828232766128
0.0492050357699997
0.0492264376506291
0.0492470340766657
0.0492668331118145
0.0492858451497874
0.0493040824335051
0.0493215586515282
0.0493382885979358
0.0493542878849213
0.0493695726994337
0.0493841595968102
0.0493980653256530
0.0494113066791179
0.0494239003687495
0.0494358629173880
0.0494472105684479
0.0494579592091150
0.0494681243055038
0.0494777208479803
0.0494867633052539
0.0494952655858994
0.0495032410062941
0.0495107022639739
0.0495176614156515
0.0495241298591731
0.0495301183188067
0.0495356368333887
0.0495406947467816
0.0495453007003959
0.0495494626272689
0.0495531877475693
0.0495564825651613
0.0495593528650584
0.0495618037116023
0.0495638394471537
0.0495654636912193
0.0495666793398763
0.0495674885654042
0.0495678928160855
0.0495678928160855
0.0495674885654042
0.0495666793398762
0.0495654636912193
0.0495638394471537
0.0495618037116022
0.0495593528650584
0.0495564825651614
0.0495531877475693
0.0495494626272688
0.0495453007003959
0.0495406947467816
0.0495356368333888
0.0495301183188067
0.0495241298591731
0.0495176614156514
0.0495107022639739
0.0495032410062941
0.0494952655858994
0.0494867633052539
0.0494777208479803
0.0494681243055038
0.0494579592091150
0.0494472105684479
0.0494358629173881
0.0494239003687496
0.0494113066791179
0.0493980653256531
0.0493841595968103
0.0493695726994338
0.0493542878849212
0.0493382885979357
0.0493215586515283
0.0493040824335052
0.0492858451497873
0.0492668331118145
0.0492470340766657
0.0492264376506293
0.0492050357699996
0.0491828232766133
0.0491597986113215
0.0491359646567432
0.0491113297728854
0.0490859090888214
0.0490597261462033
0.0490328150485121
0.0490052233821483
0.0489770164186457
0.0489482837253029
0.0489191513438347
0.0489282998177295
0.0489577027873376
0.0489867047301581
0.0490151789802453
0.0490430353547350
0.0490702079872287
0.0490966487260913
0.0491223229391656
0.0491472065978196
0.0491712841313286
0.0491945467855773
0.0492169913323160
0.0492386190333689
0.0492594347968281
0.0492794464817067
0.0492986643200016
0.0493171004330516
0.0493347684248111
0.0493516830384461
0.0493678598655592
0.0493833150994862
0.0493980653256531
0.0494121273433098
0.0494255180138728
0.0494382541319332
0.0494503523155815
0.0494618289133135
0.0494726999250149
0.0494829809351529
0.0494926870562847
0.0495018328815293
0.0495104324446680
0.0495184991867387
0.0495260459282963
0.0495330848463858
0.0495396274555945
0.0495456845925839
0.0495512664035016
0.0495563823338988
0.0495610411206605
0.0495652507856850
0.0495690186309751
0.0495723512348675
0.0495752544492134
0.0495777333973088
0.0495797924723876
0.0495814353365893
0.0495826649202427
0.0495834834214115
0.0495838923056003
0.0495838923056002
0.0495834834214116
0.0495826649202427
0.0495814353365893
0.0495797924723876
0.0495777333973089
0.0495752544492134
0.0495723512348675
0.0495690186309751
0.0495652507856851
0.0495610411206605
0.0495563823338988
0.0495512664035016
0.0495456845925839
0.0495396274555952
0.0495330848463858
0.0495260459282963
0.0495184991867386
0.0495104324446679
0.0495018328815294
0.0494926870562847
0.0494829809351526
0.0494726999250149
0.0494618289133135
0.0494503523155815
0.0494382541319332
0.0494255180138728
0.0494121273433098
0.0493980653256531
0.0493833150994861
0.0493678598655591
0.0493516830384461
0.0493347684248110
0.0493171004330516
0.0492986643200017
0.0492794464817067
0.0492594347968281
0.0492386190333692
0.0492169913323159
0.0491945467855773
0.0491712841313286
0.0491472065978196
0.0491223229391657
0.0490966487260913
0.0490702079872287
0.0490430353547349
0.0490151789802453
0.0489867047301582
0.0489577027873371
0.0489282998177296
0.0489370345701121
0.0489666926757583
0.0489959485234443
0.0490246748825288
0.0490527810114821
0.0490802005020342
0.0491068846854845
0.0491327984436116
0.0491579172974644
0.0491822252651878
0.0492057132229328
0.0492283776152634
0.0492502194195518
0.0492712433015220
0.0492914569186035
0.0493108703400935
0.0493294955612468
0.0493473460939630
0.0493644366206002
0.0493807827003231
0.0493964005194829
0.0494113066791178
0.0494255180138728
0.0494390514376746
0.0494519238122025
0.0494641518348304
0.0494757519433182
0.0494867402347623
0.0494971323968902
0.0495069436498909
0.0495161886973220
0.0495248816848049
0.0495330361653966
0.0495406650706852
0.0495477806867779
0.0495543946344895
0.0495605178530442
0.0495661605868348
0.0495713323746987
0.0495760420413432
0.0495802976905518
0.0495841066998566
0.0495874757164488
0.0495904106540575
0.0495929166906113
0.0495949982665511
0.0495966590835890
0.0495979021038856
0.0495987295494609
0.0495991429018430
0.0495991429018429
0.0495987295494610
0.0495979021038856
0.0495966590835890
0.0495949982665510
0.0495929166906113
0.0495904106540575
0.0495874757164488
0.0495841066998566
0.0495802976905517
0.0495760420413432
0.0495713323746987
0.0495661605868348
0.0495605178530442
0.0495543946344895
0.0495477806867779
0.0495406650706848
0.0495330361653965
0.0495248816848049
0.0495161886973218
0.0495069436498908
0.0494971323968902
0.0494867402347624
0.0494757519433181
0.0494641518348306
0.0494519238122025
0.0494390514376745
0.0494255180138728
0.0494113066791179
0.0493964005194829
0.0493807827003230
0.0493644366206002
0.0493473460939630
0.0493294955612469
0.0493108703400936
0.0492914569186035
0.0492712433015220
0.0492502194195518
0.0492283776152634
0.0492057132229328
0.0491822252651878
0.0491579172974645
0.0491327984436116
0.0491068846854845
0.0490802005020342
0.0490527810114821
0.0490246748825288
0.0489959485234444
0.0489666926757583
0.0489370345701121
0.0489453637592725
0.0489752622513917
0.0490047573516418
0.0490337213179318
0.0490620629011784
0.0490897151991867
0.0491166290700907
0.0491427689488734
0.0491681099405054
0.0491926356809525
0.0492163367003042
0.0492392091344229
0.0492612536897705
0.0492824747986504
0.0493028799216386
0.0493224789663277
0.0493412837995884
0.0493593078361305
0.0493765656900028
0.0493930728784764
0.0494088455699145
0.0494239003687495
0.0494382541319332
0.0494519238122026
0.0494649263242680
0.0494772784305864
0.0494889966439838
0.0495000971447456
0.0495105957101442
0.0495205076546374
0.0495298477793487
0.0495386303293806
0.0495468689580014
0.0495545766966468
0.0495617659299365
0.0495684483749713
0.0495746350642863
0.0495803363318899
0.0495855618019587
0.0495903203797089
0.0495946202441373
0.0495984688423097
0.0496018728848703
0.0496048383426624
0.0496073704441065
0.0496094736733013
0.0496111517685998
0.0496124077216473
0.0496132437766810
0.0496136614300708
0.0496136614300708
0.0496132437766810
0.0496124077216473
0.0496111517685998
0.0496094736733010
0.0496073704441065
0.0496048383426625
0.0496018728848702
0.0495984688423094
0.0495946202441373
0.0495903203797088
0.0495855618019591
0.0495803363318899
0.0495746350642862
0.0495684483749713
0.0495617659299365
0.0495545766966468
0.0495468689580014
0.0495386303293809
0.0495298477793487
0.0495205076546374
0.0495105957101442
0.0495000971447455
0.0494889966439838
0.0494772784305862
0.0494649263242680
0.0494519238122028
0.0494382541319332
0.0494239003687495
0.0494088455699145
0.0493930728784765
0.0493765656900028
0.0493593078361305
0.0493412837995883
0.0493224789663277
0.0493028799216384
0.0492824747986504
0.0492612536897706
0.0492392091344229
0.0492163367003042
0.0491926356809525
0.0491681099405053
0.0491427689488734
0.0491166290700907
0.0490897151991866
0.0490620629011784
0.0490337213179318
0.0490047573516418
0.0489752622513917
0.0489453637592725
0.0489532955587404
0.0489834203505982
0.0490131407050720
0.0490423284163545
0.0490708917738678
0.0490987634249223
0.0491258937945666
0.0491522469071837
0.0491777974835391
0.0492025288048082
0.0492264310778189
0.0492495001479984
0.0492717364648126
0.0492931442369395
0.0493137307341014
0.0493335057047353
0.0493524808868294
0.0493706695947369
0.0493880863687424
0.0494047466768571
0.0494206666605241
0.0494358629173881
0.0494503523155815
0.0494641518348305
0.0494772784305864
0.0494897489178142
0.0495015798717625
0.0495127875433002
0.0495233877867866
0.0495333959988143
0.0495428270662310
0.0495516953222403
0.0495600145094010
0.0495677977485849
0.0495750575130637
0.0495818056069267
0.0495880531472959
0.0495938105496790
0.0495990875160596
0.0496038930252341
0.0496082353250928
0.0496121219264801
0.0496155595983829
0.0496185543641874
0.0496211114988381
0.0496232355267050
0.0496249302199697
0.0496261985975091
0.0496270429240891
0.0496274647098110
0.0496274647098109
0.0496270429240891
0.0496261985975090
0.0496249302199696
0.0496232355267050
0.0496211114988382
0.0496185543641874
0.0496155595983829
0.0496121219264800
0.0496082353250928
0.0496038930252341
0.0495990875160596
0.0495938105496790
0.0495880531472959
0.0495818056069265
0.0495750575130635
0.0495677977485849
0.0495600145094010
0.0495516953222404
0.0495428270662309
0.0495333959988143
0.0495233877867866
0.0495127875433003
0.0495015798717625
0.0494897489178142
0.0494772784305864
0.0494641518348305
0.0494503523155815
0.0494358629173878
0.0494206666605240
0.0494047466768571
0.0493880863687424
0.0493706695947369
0.0493524808868294
0.0493335057047353
0.0493137307341014
0.0492931442369395
0.0492717364648126
0.0492495001479984
0.0492264310778190
0.0492025288048084
0.0491777974835391
0.0491522469071837
0.0491258937945666
0.0490987634249223
0.0490708917738678
0.0490423284163544
0.0490131407050720
0.0489834203505982
0.0489532955587403
0.0489608381000884
0.0489911757297527
0.0490211079571811
0.0490505061557571
0.0490792781950193
0.0491073563112019
0.0491346905329171
0.0491612445072624
0.0491869926004861
0.0492119177647920
0.0492360099055747
0.0492592645957202
0.0492816820417207
0.0493032662389898
0.0493240242733303
0.0493439657378193
0.0493631022425295
0.0493814469999293
0.0493990144728289
0.0494158200744261
0.0494318799121315
0.0494472105684479
0.0494618289133135
0.0494757519433181
0.0494889966439834
0.0495015798717626
0.0495135182531048
0.0495248280981753
0.0495355253272406
0.0495456254079697
0.0495551433021729
0.0495640934206962
0.0495724895853313
0.0495803449967556
0.0495876722077100
0.0495944831006080
0.0496007888689983
0.0496066000022589
0.0496119262730918
0.0496167767273399
0.0496211596757941
0.0496250826876517
0.0496285525853374
0.0496315754404683
0.0496341565707382
0.0496363005375379
0.0496380111442014
0.0496392914346850
0.0496401436926702
0.0496405694409222
0.0496405694409222
0.0496401436926702
0.0496392914346851
0.0496380111442014
0.0496363005375379
0.0496341565707382
0.0496315754404682
0.0496285525853373
0.0496250826876517
0.0496211596757940
0.0496167767273399
0.0496119262730918
0.0496066000022588
0.0496007888689989
0.0495944831006080
0.0495876722077100
0.0495803449967556
0.0495724895853313
0.0495640934206962
0.0495551433021729
0.0495456254079697
0.0495355253272405
0.0495248280981753
0.0495135182531048
0.0495015798717624
0.0494889966439834
0.0494757519433182
0.0494618289133135
0.0494472105684479
0.0494318799121312
0.0494158200744261
0.0493990144728290
0.0493814469999293
0.0493631022425296
0.0493439657378193
0.0493240242733302
0.0493032662389898
0.0492816820417207
0.0492592645957202
0.0492360099055747
0.0492119177647921
0.0491869926004861
0.0491612445072625
0.0491346905329171
0.0491073563112019
0.0490792781950193
0.0490505061557571
0.0490211079571811
0.0489911757297527
0.0489608381000884
0.0489679994230256
0.0489985370169495
0.0490286683176594
0.0490582643164505
0.0490872325006213
0.0491155047312058
0.0491430306738945
0.0491697736292288
0.0491957076365573
0.0492208153433836
0.0492450863745081
0.0492685160476421
0.0492911043402722
0.0493128550452461
0.0493337750720582
0.0493538738631961
0.0493731629029652
0.0493916553017774
0.0494093654427464
0.0494263086802602
0.0494425010821824
0.0494579592091150
0.0494726999250149
0.0494867402347624
0.0495000971447457
0.0495127875433003
0.0495248280981753
0.0495362351688287
0.0495470247313800
0.0495572123146193
0.0495668129455470
0.0495758411031165
0.0495843106791073
0.0495922349451343
0.0495996265249217
0.0496064973711527
0.0496128587461959
0.0496187212061734
0.0496240945878573
0.0496289879979904
0.0496334098046254
0.0496373676301767
0.0496408683459014
0.0496439180675447
0.0496465221519500
0.0496486851944715
0.0496504110270192
0.0496517027166006
0.0496525625642782
0.0496529921044638
0.0496529921044638
0.0496525625642783
0.0496517027166005
0.0496504110270194
0.0496486851944715
0.0496465221519501
0.0496439180675448
0.0496408683459014
0.0496373676301767
0.0496334098046253
0.0496289879979903
0.0496240945878573
0.0496187212061733
0.0496128587461959
0.0496064973711527
0.0495996265249216
0.0495922349451342
0.0495843106791073
0.0495758411031164
0.0495668129455469
0.0495572123146194
0.0495470247313800
0.0495362351688287
0.0495248280981753
0.0495127875433000
0.0495000971447456
0.0494867402347623
0.0494726999250149
0.0494579592091150
0.0494425010821823
0.0494263086802602
0.0494093654427464
0.0493916553017774
0.0493731629029652
0.0493538738631960
0.0493337750720584
0.0493128550452461
0.0492911043402722
0.0492685160476421
0.0492450863745080
0.0492208153433835
0.0491957076365573
0.0491697736292288
0.0491430306738945
0.0491155047312057
0.0490872325006213
0.0490582643164505
0.0490286683176594
0.0489985370169495
0.0489679994230256
0.0489747874318589
0.0490055126699531
0.0490358307917965
0.0490656124415760
0.0490947647585177
0.0491232192611573
0.0491509252829793
0.0491778458063336
0.0492039545693358
0.0492292339375979
0.0492536732751376
0.0492772676612667
0.0493000168582395
0.0493219244671947
0.0493429972294195
0.0493632444422945
0.0493826774674800
0.0494013093142789
0.0494191542851450
0.0494362276729695
0.0494525455019790
0.0494681243055034
0.0494829809351527
0.0494971323968906
0.0495105957101442
0.0495233877867866
0.0495355253272406
0.0495470247313800
0.0495579020222290
0.0495681727807826
0.0495778520903843
0.0495869544894293
0.0495954939312677
0.0496034837502870
0.0496109366333982
0.0496178645960913
0.0496242789625152
0.0496301903488810
0.0496356086498384
0.0496405430272713
0.0496450019012056
0.0496489929424543
0.0496525230667498
0.0496555984300903
0.0496582244250864
0.0496604056781544
0.0496621460473546
0.0496634486208018
0.0496643157154948
0.0496647488765094
0.0496647488765094
0.0496643157154948
0.0496634486208019
0.0496621460473545
0.0496604056781544
0.0496582244250864
0.0496555984300903
0.0496525230667498
0.0496489929424544
0.0496450019012057
0.0496405430272712
0.0496356086498384
0.0496301903488810
0.0496242789625152
0.0496178645960913
0.0496109366333978
0.0496034837502869
0.0495954939312676
0.0495869544894293
0.0495778520903843
0.0495681727807826
0.0495579020222290
0.0495470247313800
0.0495355253272406
0.0495233877867864
0.0495105957101442
0.0494971323968906
0.0494829809351526
0.0494681243055037
0.0494525455019790
0.0494362276729696
0.0494191542851451
0.0494013093142787
0.0493826774674800
0.0493632444422946
0.0493429972294195
0.0493219244671947
0.0493000168582395
0.0492772676612667
0.0492536732751371
0.0492292339375979
0.0492039545693358
0.0491778458063335
0.0491509252829793
0.0491232192611573
0.0490947647585178
0.0490656124415760
0.0490358307917965
0.0490055126699531
0.0489747874318589
0.0489812098575134
0.0490121109396586
0.0490426041452093
0.0490725598029721
0.0491018847351608
0.0491305101476930
0.0491583850700420
0.0491854721925331
0.0492117449759663
0.0492371855254482
0.0492617829630184
0.0492855321457169
0.0493084326340581
0.0493304878483608
0.0493517043700900
0.0493720913575840
0.0493916600537186
0.0494104233685656
0.0494283955239897
0.0494455917498783
0.0494620280238941
0.0494777208479803
0.0494926870562847
0.0495069436498908
0.0495205076546374
0.0495333959988143
0.0495456254079697
0.0495572123146193
0.0495681727807826
0.0495785224316719
0.0495882763990347
0.0495974492728777
0.0496060550604495
0.0496141071514887
0.0496216182889100
0.0496286005441663
0.0496350652966460
0.0496410232165123
0.0496464842505124
0.0496514576103170
0.0496559517629709
0.0496599744231692
0.0496635325470424
0.0496666323272014
0.0496692791888361
0.0496714777866792
0.0496732320026631
0.0496745449441780
0.0496754189427824
0.0496758555533067
0.0496758555533068
0.0496754189427824
0.0496745449441779
0.0496732320026632
0.0496714777866793
0.0496692791888362
0.0496666323272014
0.0496635325470424
0.0496599744231691
0.0496559517629710
0.0496514576103170
0.0496464842505124
0.0496410232165123
0.0496350652966460
0.0496286005441663
0.0496216182889100
0.0496141071514887
0.0496060550604500
0.0495974492728777
0.0495882763990348
0.0495785224316719
0.0495681727807826
0.0495572123146194
0.0495456254079697
0.0495333959988142
0.0495205076546374
0.0495069436498908
0.0494926870562847
0.0494777208479803
0.0494620280238941
0.0494455917498783
0.0494283955239897
0.0494104233685656
0.0493916600537186
0.0493720913575841
0.0493517043700900
0.0493304878483610
0.0493084326340581
0.0492855321457169
0.0492617829630184
0.0492371855254482
0.0492117449759663
0.0491854721925331
0.0491583850700420
0.0491305101476928
0.0491018847351608
0.0490725598029722
0.0490426041452093
0.0490121109396586
0.0489812098575133
0.0489872742244147
0.0490183398382942
0.0490489968733273
0.0490791153717293
0.0491086018670651
0.0491373872799369
0.0491654203617600
0.0491926635350460
0.0492190900054944
0.0492446816378153
0.0492694273298657
0.0492933217318960
0.0493163642157885
0.0493385580318640
0.0493599096103476
0.0493804279769881
0.0494001242603404
0.0494190112738756
0.0494371031598065
0.0494544150844906
0.0494709629771257
0.0494867633052538
0.0495018328815294
0.0495161886973218
0.0495298477793487
0.0495428270662309
0.0495551433021729
0.0495668129455471
0.0495778520903843
0.0495882763990348
0.0495981010445481
0.0496073406615014
0.0496160093041011
0.0496241204106774
0.0496316867736034
0.0496387205139944
0.0496452330604835
0.0496512351314990
0.0496567367205497
0.0496617470841029
0.0496662747316218
0.0496703274174667
0.0496739121343453
0.0496770351080758
0.0496797017934432
0.0496819168709170
0.0496836842441538
0.0496850070381000
0.0496858875975753
0.0496863274863038
0.0496863274863039
0.0496858875975753
0.0496850070381000
0.0496836842441538
0.0496819168709170
0.0496797017934433
0.0496770351080758
0.0496739121343453
0.0496703274174668
0.0496662747316218
0.0496617470841029
0.0496567367205498
0.0496512351314990
0.0496452330604836
0.0496387205139944
0.0496316867736034
0.0496241204106774
0.0496160093041012
0.0496073406615014
0.0495981010445476
0.0495882763990348
0.0495778520903843
0.0495668129455472
0.0495551433021729
0.0495428270662308
0.0495298477793487
0.0495161886973220
0.0495018328815294
0.0494867633052539
0.0494709629771257
0.0494544150844906
0.0494371031598065
0.0494190112738757
0.0494001242603403
0.0493804279769881
0.0493599096103476
0.0493385580318640
0.0493163642157885
0.0492933217318960
0.0492694273298657
0.0492446816378153
0.0492190900054944
0.0491926635350459
0.0491654203617599
0.0491373872799369
0.0491086018670650
0.0490791153717293
0.0490489968733273
0.0490183398382942
0.0489872742244147
0.0489929878216018
0.0490242071118267
0.0490550171749457
0.0490852877928346
0.0491149252362892
0.0491438601656934
0.0491720410782762
0.0491994301511600
0.0492260003556589
0.0492517333349274
0.0492766177795053
0.0493006481476504
0.0493238236353432
0.0493461473335662
0.0493676255299706
0.0493882671244389
0.0494080831361422
0.0494270862851671
0.0494452906357743
0.0494627112910340
0.0494793641307283
0.0494952655858993
0.0495104324446680
0.0495248816848049
0.0495386303293809
0.0495516953222403
0.0495640934206962
0.0495758411031165
0.0495869544894294
0.0495974492728776
0.0496073406615014
0.0496166433281216
0.0496253713676794
0.0496335382609562
0.0496411568438315
0.0496482392813445
0.0496547970458655
0.0496608408988537
0.0496663808756541
0.0496714262729167
0.0496759856382530
0.0496800667617601
0.0496836766691823
0.0496868216163682
0.0496895070848766
0.0496917377785202
0.0496935176206672
0.0496948497522023
0.0496957365299951
0.0496961795258604
0.0496961795258604
0.0496957365299951
0.0496948497522023
0.0496935176206672
0.0496917377785202
0.0496895070848768
0.0496868216163682
0.0496836766691824
0.0496800667617601
0.0496759856382529
0.0496714262729167
0.0496663808756540
0.0496608408988538
0.0496547970458656
0.0496482392813444
0.0496411568438315
0.0496335382609564
0.0496253713676793
0.0496166433281217
0.0496073406615014
0.0495974492728776
0.0495869544894294
0.0495758411031165
0.0495640934206962
0.0495516953222404
0.0495386303293809
0.0495248816848049
0.0495104324446680
0.0494952655858994
0.0494793641307283
0.0494627112910340
0.0494452906357743
0.0494270862851671
0.0494080831361424
0.0493882671244389
0.0493676255299706
0.0493461473335662
0.0493238236353432
0.0493006481476505
0.0492766177795053
0.0492517333349275
0.0492260003556588
0.0491994301511597
0.0491720410782762
0.0491438601656935
0.0491149252362892
0.0490852877928347
0.0490550171749457
0.0490242071118267
0.0489929878216018
0.0489983576776187
0.0490297202160097
0.0490606729294032
0.0490910853633148
0.0491208635494988
0.0491499379111631
0.0491782567134014
0.0492057819087370
0.0492324862534316
0.0492583511867651
0.0492833652079097
0.0493075225972799
0.0493308223872580
0.0493532675199423
0.0493748641490626
0.0493956210555816
0.0494155491545277
0.0494346610763354
0.0494529708095876
0.0494704933950508
0.0494872446628605
0.0495032410062942
0.0495184991867386
0.0495330361653965
0.0495468689580014
0.0495600145094009
0.0495724895853313
0.0495843106791073
0.0495954939312677
0.0496060550604495
0.0496160093041011
0.0496253713676793
0.0496341553812467
0.0496423748625191
0.0496500426854962
0.0496571710538981
0.0496637714788191
0.0496698547599478
0.0496754309699315
0.0496805094413573
0.0496850987560267
0.0496892067361533
0.0496928404372008
0.0496960061420872
0.0496987093565593
0.0497009548055136
0.0497027464301570
0.0497040873857912
0.0497049800402092
0.0497054259725472
0.0497054259725472
0.0497049800402091
0.0497040873857912
0.0497027464301569
0.0497009548055136
0.0496987093565593
0.0496960061420872
0.0496928404372008
0.0496892067361534
0.0496850987560267
0.0496805094413573
0.0496754309699315
0.0496698547599478
0.0496637714788191
0.0496571710538982
0.0496500426854963
0.0496423748625192
0.0496341553812467
0.0496253713676793
0.0496160093041011
0.0496060550604495
0.0495954939312677
0.0495843106791073
0.0495724895853313
0.0495600145094009
0.0495468689580014
0.0495330361653965
0.0495184991867386
0.0495032410062941
0.0494872446628605
0.0494704933950508
0.0494529708095875
0.0494346610763354
0.0494155491545278
0.0493956210555816
0.0493748641490625
0.0493532675199423
0.0493308223872580
0.0493075225972799
0.0492833652079097
0.0492583511867650
0.0492324862534316
0.0492057819087370
0.0491782567134014
0.0491499379111630
0.0491208635494988
0.0490910853633148
0.0490606729294032
0.0490297202160096
0.0489983576776187
0.0490033905386292
0.0490348862956102
0.0490659716768784
0.0490965160135210
0.0491264251200440
0.0491556292037207
0.0491840763179179
0.0492117282098637
0.0492385574388077
0.0492645452567921
0.0492896799867205
0.0493139557446558
0.0493373714112356
0.0493599297899077
0.0493816369090930
0.0494025014378369
0.0494225341925796
0.0494417477181938
0.0494601559303552
0.0494777738090824
0.0494946171353021
0.0495107022639739
0.0495260459282962
0.0495406650706848
0.0495545766966468
0.0495677977485848
0.0495803449967556
0.0495922349451343
0.0496034837502870
0.0496141071514887
0.0496241204106774
0.0496335382609561
0.0496423748625191
0.0496506437650753
0.0496583578758610
0.0496655294325523
0.0496721699803774
0.0496782903528906
0.0496839006558826
0.0496890102539583
0.0496936277594820
0.0496977610234217
0.0497014171279108
0.0497046023801890
0.0497073223077690
0.0497095816545487
0.0497113843778031
0.0497127336458682
0.0497136318363910
0.0497140805351163
0.0497140805351163
0.0497136318363911
0.0497127336458682
0.0497113843778031
0.0497095816545487
0.0497073223077690
0.0497046023801890
0.0497014171279108
0.0496977610234216
0.0496936277594819
0.0496890102539583
0.0496839006558826
0.0496782903528907
0.0496721699803775
0.0496655294325523
0.0496583578758611
0.0496506437650754
0.0496423748625191
0.0496335382609564
0.0496241204106774
0.0496141071514886
0.0496034837502870
0.0495922349451343
0.0495803449967556
0.0495677977485848
0.0495545766966468
0.0495406650706849
0.0495260459282963
0.0495107022639739
0.0494946171353021
0.0494777738090824
0.0494601559303553
0.0494417477181939
0.0494225341925796
0.0494025014378369
0.0493816369090930
0.0493599297899077
0.0493373714112356
0.0493139557446558
0.0492896799867204
0.0492645452567921
0.0492385574388079
0.0492117282098637
0.0491840763179179
0.0491556292037207
0.0491264251200440
0.0490965160135210
0.0490659716768783
0.0490348862956102
0.0490033905386293
0.0490080928494282
0.0490397121664772
0.0490709206014131
0.0491015872910475
0.0491316178527050
0.0491609422973529
0.0491895084855280
0.0492172779771600
0.0492442231513601
0.0492703250885671
0.0492955719497107
0.0493199576993835
0.0493434810779177
0.0493661447600596
0.0493879546574187
0.0494089193342178
0.0494290495139995
0.0494483576604855
0.0494668576196290
0.0494845643127306
0.0495014934725098
0.0495176614156511
0.0495330848463858
0.0495477806867779
0.0495617659299365
0.0495750575130635
0.0495876722077100
0.0495996265249218
0.0496109366333979
0.0496216182889100
0.0496316867736035
0.0496411568438316
0.0496500426854962
0.0496583578758611
0.0496661153510363
0.0496733273783746
0.0496800055330889
0.0496861606786191
0.0496918029500887
0.0496969417405608
0.0497015856896010
0.0497057426738469
0.0497094197992788
0.0497126233949322
0.0497153590078288
0.0497176313989312
0.0497194445399723
0.0497208016109905
0.0497217049985118
0.0497221562942475
0.0497221562942475
0.0497217049985119
0.0497208016109906
0.0497194445399723
0.0497176313989312
0.0497153590078288
0.0497126233949322
0.0497094197992788
0.0497057426738468
0.0497015856896011
0.0496969417405607
0.0496918029500887
0.0496861606786191
0.0496800055330888
0.0496733273783742
0.0496661153510363
0.0496583578758611
0.0496500426854962
0.0496411568438316
0.0496316867736035
0.0496216182889099
0.0496109366333978
0.0495996265249219
0.0495876722077100
0.0495750575130636
0.0495617659299365
0.0495477806867780
0.0495330848463859
0.0495176614156514
0.0495014934725099
0.0494845643127305
0.0494668576196290
0.0494483576604852
0.0494290495139995
0.0494089193342178
0.0493879546574187
0.0493661447600597
0.0493434810779177
0.0493199576993835
0.0492955719497107
0.0492703250885671
0.0492442231513601
0.0492172779771600
0.0491895084855280
0.0491609422973530
0.0491316178527049
0.0491015872910475
0.0490709206014129
0.0490397121664772
0.0490080928494285
0.0490124707369712
0.0490442043000245
0.0490755265163460
0.0491063063470342
0.0491364492307521
0.0491658850003448
0.0491945613411048
0.0492224396424267
0.0492494921191073
0.0492756996947115
0.0493010503817483
0.0493255380056284
0.0493491611773749
0.0493719224527209
0.0493938276348335
0.0494148851901939
0.0494351057552815
0.0494545017173049
0.0494730868559950
0.0494908760363823
0.0495078849444447
0.0495241298591729
0.0495396274555945
0.0495543946344894
0.0495684483749713
0.0495818056069266
0.0495944831006081
0.0496064973711527
0.0496178645960913
0.0496286005441663
0.0496387205139944
0.0496482392813445
0.0496571710538981
0.0496655294325523
0.0496733273783743
0.0496805771845322
0.0496872904525056
0.0496934780719737
0.0496991502039613
0.0497043162667068
0.0497089849239172
0.0497131640750557
0.0497168608473590
0.0497200815893084
0.0497228318653726
0.0497251164517832
0.0497269393332181
0.0497283037002233
0.0497292119472766
0.0497296656714324
0.0497296656714324
0.0497292119472766
0.0497283037002231
0.0497269393332182
0.0497251164517832
0.0497228318653726
0.0497200815893084
0.0497168608473590
0.0497131640750557
0.0497089849239171
0.0497043162667066
0.0496991502039613
0.0496934780719739
0.0496872904525056
0.0496805771845322
0.0496733273783746
0.0496655294325523
0.0496571710538981
0.0496482392813445
0.0496387205139944
0.0496286005441663
0.0496178645960913
0.0496064973711527
0.0495944831006080
0.0495818056069267
0.0495684483749713
0.0495543946344894
0.0495396274555946
0.0495241298591729
0.0495078849444446
0.0494908760363823
0.0494730868559950
0.0494545017173049
0.0494351057552816
0.0494148851901939
0.0493938276348336
0.0493719224527209
0.0493491611773749
0.0493255380056277
0.0493010503817483
0.0492756996947115
0.0492494921191073
0.0492224396424267
0.0491945613411048
0.0491658850003448
0.0491364492307521
0.0491063063470342
0.0490755265163460
0.0490442043000245
0.0490124707369712
0.0490165299961133
0.0490483688098621
0.0490797958518039
0.0491106799244381
0.0491409263049632
0.0491704646649697
0.0491992425308803
0.0492272211372500
0.0492543725494245
0.0492806775479869
0.0493061240098763
0.0493307056330743
0.0493544209098685
0.0493772722863835
0.0493992654655752
0.0494204088232195
0.0494407129146513
0.0494601900553749
0.0494788539626572
0.0494967194480483
0.0495138021526616
0.0495301183188068
0.0495456845925839
0.0495605178530442
0.0495746350642852
0.0495880531472959
0.0496007888689983
0.0496128587461959
0.0496242789625152
0.0496350652966459
0.0496452330604835
0.0496547970458656
0.0496637714788190
0.0496721699803773
0.0496800055330888
0.0496872904525056
0.0496940363629670
0.0497002541771475
0.0497059540788256
0.0497111455084313
0.0497158371510186
0.0497200369262814
0.0497237519803147
0.0497269886789044
0.0497297526020526
0.0497320485396030
0.0497338804877908
0.0497352516465321
0.0497361644174285
0.0497366204023017
0.0497366204023017
0.0497361644174283
0.0497352516465322
0.0497338804877909
0.0497320485396031
0.0497297526020525
0.0497269886789045
0.0497237519803147
0.0497200369262814
0.0497158371510185
0.0497111455084312
0.0497059540788254
0.0497002541771475
0.0496940363629670
0.0496872904525055
0.0496800055330889
0.0496721699803774
0.0496637714788190
0.0496547970458655
0.0496452330604836
0.0496350652966459
0.0496242789625152
0.0496128587461959
0.0496007888689983
0.0495880531472959
0.0495746350642863
0.0495605178530443
0.0495456845925839
0.0495301183188066
0.0495138021526616
0.0494967194480484
0.0494788539626571
0.0494601900553749
0.0494407129146512
0.0494204088232195
0.0493992654655752
0.0493772722863835
0.0493544209098684
0.0493307056330743
0.0493061240098763
0.0492806775479870
0.0492543725494245
0.0492272211372501
0.0491992425308803
0.0491704646649697
0.0491409263049632
0.0491106799244381
0.0490797958518039
0.0490483688098622
0.0490165299961133
0.0490202760772924
0.0490522114403117
0.0490837346439998
0.0491147143481357
0.0491450556843866
0.0491746881788266
0.0492035592143220
0.0492316298852991
0.0492588721216210
0.0492852665740471
0.0493108009961666
0.0493354689697413
0.0493592688785254
0.0493822030681664
0.0494042771494438
0.0494254994144419
0.0494458803432924
0.0494654321847259
0.0494841685975415
0.0495021043428524
0.0495192550191165
0.0495356368333887
0.0495512664035016
0.0495661605868348
0.0495803363318899
0.0495938105496786
0.0496066000022588
0.0496187212061734
0.0496301903488810
0.0496410232165123
0.0496512351314991
0.0496608408988538
0.0496698547599480
0.0496782903528907
0.0496861606786191
0.0496934780719737
0.0497002541771477
0.0497064999268558
0.0497122255247784
0.0497174404308401
0.0497221533488896
0.0497263722164655
0.0497301041963485
0.0497333556696365
0.0497361322301194
0.0497384386797254
0.0497402790249562
0.0497416564740675
0.0497425734349935
0.0497430315138183
0.0497430315138183
0.0497425734349935
0.0497416564740675
0.0497402790249561
0.0497384386797254
0.0497361322301194
0.0497333556696368
0.0497301041963485
0.0497263722164654
0.0497221533488896
0.0497174404308400
0.0497122255247784
0.0497064999268560
0.0497002541771477
0.0496934780719737
0.0496861606786191
0.0496782903528908
0.0496698547599478
0.0496608408988538
0.0496512351314991
0.0496410232165123
0.0496301903488810
0.0496187212061733
0.0496066000022589
0.0495938105496789
0.0495803363318899
0.0495661605868349
0.0495512664035016
0.0495356368333887
0.0495192550191166
0.0495021043428524
0.0494841685975417
0.0494654321847259
0.0494458803432923
0.0494254994144419
0.0494042771494438
0.0493822030681664
0.0493592688785249
0.0493354689697410
0.0493108009961666
0.0492852665740470
0.0492588721216209
0.0492316298852991
0.0492035592143220
0.0491746881788266
0.0491450556843866
0.0491147143481356
0.0490837346439998
0.0490522114403117
0.0490202760772924
0.0490237140758918
0.0490557375565642
0.0490873485261638
0.0491184155165012
0.0491488435285807
0.0491785619576803
0.0492075180574393
0.0492356727960093
0.0492629979809607
0.0492894741456843
0.0493150889320449
0.0493398358163501
0.0493637130836264
0.0493867229878934
0.0494088710556553
0.0494301655022125
0.0494506167384537
0.0494702369513826
0.0494890397454515
0.0495070398346469
0.0495242527772459
0.0495406947467816
0.0495563823338989
0.0495713323746987
0.0495855618019590
0.0495990875160596
0.0496119262730917
0.0496240945878573
0.0496356086498384
0.0496464842505124
0.0496567367205497
0.0496663808756540
0.0496754309699315
0.0496839006558826
0.0496918029500887
0.0496991502039613
0.0497059540788254
0.0497122255247785
0.0497179747628535
0.0497232112699989
0.0497279437665408
0.0497321802056889
0.0497359277649140
0.0497391928388194
0.0497419810333509
0.0497442971611321
0.0497461452377432
0.0497475284788246
0.0497484492979208
0.0497489093048789
0.0497489093048789
0.0497484492979205
0.0497475284788246
0.0497461452377432
0.0497442971611321
0.0497419810333509
0.0497391928388193
0.0497359277649140
0.0497321802056890
0.0497279437665408
0.0497232112699989
0.0497179747628535
0.0497122255247784
0.0497059540788255
0.0496991502039613
0.0496918029500887
0.0496839006558826
0.0496754309699315
0.0496663808756540
0.0496567367205498
0.0496464842505124
0.0496356086498383
0.0496240945878573
0.0496119262730917
0.0495990875160596
0.0495855618019590
0.0495713323746987
0.0495563823338989
0.0495406947467816
0.0495242527772461
0.0495070398346470
0.0494890397454515
0.0494702369513830
0.0494506167384537
0.0494301655022126
0.0494088710556553
0.0493867229878934
0.0493637130836265
0.0493398358163501
0.0493150889320450
0.0492894741456842
0.0492629979809607
0.0492356727960093
0.0492075180574392
0.0491785619576803
0.0491488435285807
0.0491184155165012
0.0490873485261638
0.0490557375565643
0.0490237140758919
0.0490268487231383
0.0490589521362532
0.0490906427207648
0.0491217888943074
0.0491522955411194
0.0491820919394737
0.0492111252272977
0.0492393562595000
0.0492667567338679
0.0492933070782499
0.0493189948338912
0.0493438133819489
0.0493677609181848
0.0493908396136003
0.0494130549181317
0.0494344149771308
0.0494549301381978
0.0494746125317048
0.0494934757120299
0.0495115343495021
0.0495288039649450
0.0495453007003958
0.0495610411206605
0.0495760420413432
0.0495903203797088
0.0496038930252339
0.0496167767273399
0.0496289879979903
0.0496405430272713
0.0496514576103171
0.0496617470841031
0.0496714262729167
0.0496805094413573
0.0496890102539584
0.0496969417405607
0.0497043162667069
0.0497111455084315
0.0497174404308400
0.0497232112699990
0.0497284675176690
0.0497332179085274
0.0497374704094934
0.0497412322108870
0.0497445097191537
0.0497473085509288
0.0497496335282252
0.0497514886746139
0.0497528772122489
0.0497538015596027
0.0497542633298569
0.0497542633298569
0.0497538015596026
0.0497528772122489
0.0497514886746138
0.0497496335282252
0.0497473085509286
0.0497445097191538
0.0497412322108870
0.0497374704094935
0.0497332179085274
0.0497284675176690
0.0497232112699989
0.0497174404308400
0.0497111455084314
0.0497043162667069
0.0496969417405607
0.0496890102539584
0.0496805094413573
0.0496714262729167
0.0496617470841031
0.0496514576103170
0.0496405430272713
0.0496289879979903
0.0496167767273396
0.0496038930252339
0.0495903203797089
0.0495760420413432
0.0495610411206605
0.0495453007003958
0.0495288039649450
0.0495115343495021
0.0494934757120299
0.0494746125317049
0.0494549301381978
0.0494344149771308
0.0494130549181317
0.0493908396136003
0.0493677609181848
0.0493438133819489
0.0493189948338912
0.0492933070782499
0.0492667567338679
0.0492393562595000
0.0492111252272977
0.0491820919394737
0.0491522955411195
0.0491217888943074
0.0490906427207645
0.0490589521362532
0.0490268487231384
0.0490296843782757
0.0490618597622796
0.0490936220330058
0.0491248395067916
0.0491554169641964
0.0491852835794690
0.0492143863875662
0.0492426861425130
0.0492701544441660
0.0492967716261188
0.0493225251396190
0.0493474082805690
0.0493714191646240
0.0493945598881086
0.0494168358319587
0.0494382550782996
0.0494588279173894
0.0494785664280917
0.0494974841190855
0.0495155956206690
0.0495329164191304
0.0495494626272688
0.0495652507856851
0.0495802976905517
0.0495946202441374
0.0496082353250928
0.0496211596757940
0.0496334098046254
0.0496450019012056
0.0496559517629710
0.0496662747316221
0.0496759856382529
0.0496850987560269
0.0496936277594819
0.0497015856896011
0.0497089849239172
0.0497158371510185
0.0497221533488895
0.0497279437665408
0.0497332179085274
0.0497379845219731
0.0497422515856931
0.0497460263011946
0.0497493150852524
0.0497521235638153
0.0497544565671029
0.0497563181256827
0.0497577114673936
0.0497586390150364
0.0497591023847047
0.0497591023847047
0.0497586390150364
0.0497577114673937
0.0497563181256824
0.0497544565671029
0.0497521235638153
0.0497493150852524
0.0497460263011946
0.0497422515856931
0.0497379845219730
0.0497332179085274
0.0497279437665408
0.0497221533488896
0.0497158371510185
0.0497089849239172
0.0497015856896012
0.0496936277594819
0.0496850987560269
0.0496759856382529
0.0496662747316222
0.0496559517629709
0.0496450019012056
0.0496334098046254
0.0496211596757940
0.0496082353250928
0.0495946202441374
0.0495802976905517
0.0495652507856850
0.0495494626272688
0.0495329164191305
0.0495155956206690
0.0494974841190855
0.0494785664280917
0.0494588279173894
0.0494382550782996
0.0494168358319587
0.0493945598881086
0.0493714191646241
0.0493474082805691
0.0493225251396190
0.0492967716261188
0.0492701544441661
0.0492426861425130
0.0492143863875662
0.0491852835794690
0.0491554169641964
0.0491248395067916
0.0490936220330058
0.0490618597622796
0.0490296843782758
0.0490322250218906
0.0490644646167405
0.0490962908452780
0.0491275719346848
0.0491582125741617
0.0491881418462252
0.0492173066949251
0.0492456677851441
0.0492731966301234
0.0492998734799662
0.0493256857061198
0.0493506265287722
0.0493746939923279
0.0493978901265648
0.0494202202508020
0.0494416923905960
0.0494623167847463
0.0494821054657840
0.0495010719011286
0.0495192306847818
0.0495365972715965
0.0495531877475695
0.0495690186309752
0.0495841066998566
0.0495984688423098
0.0496121219264801
0.0496250826876523
0.0496373676301768
0.0496489929424544
0.0496599744231692
0.0496703274174668
0.0496800667617601
0.0496892067361534
0.0496977610234217
0.0497057426738468
0.0497131640750557
0.0497200369262814
0.0497263722164654
0.0497321802056889
0.0497374704094935
0.0497422515856932
0.0497465317233656
0.0497503180336815
0.0497536169423355
0.0497564340833574
0.0497587742940804
0.0497606416111319
0.0497620392672919
0.0497629696891255
0.0497634344952569
0.0497634344952568
0.0497629696891255
0.0497620392672919
0.0497606416111318
0.0497587742940804
0.0497564340833574
0.0497536169423354
0.0497503180336815
0.0497465317233656
0.0497422515856932
0.0497374704094935
0.0497321802056890
0.0497263722164655
0.0497200369262814
0.0497131640750557
0.0497057426738468
0.0496977610234217
0.0496892067361533
0.0496800667617601
0.0496703274174668
0.0496599744231691
0.0496489929424543
0.0496373676301767
0.0496250826876517
0.0496121219264802
0.0495984688423098
0.0495841066998566
0.0495690186309751
0.0495531877475695
0.0495365972715966
0.0495192306847820
0.0495010719011288
0.0494821054657839
0.0494623167847463
0.0494416923905960
0.0494202202508023
0.0493978901265649
0.0493746939923280
0.0493506265287722
0.0493256857061198
0.0492998734799662
0.0492731966301234
0.0492456677851441
0.0492173066949251
0.0491881418462252
0.0491582125741617
0.0491275719346849
0.0490962908452781
0.0490644646167405
0.0490322250218906
0.0490344742502615
0.0490667704757893
0.0490986531125591
0.0491299903100744
0.0491606866778563
0.0491906712183535
0.0492198907961957
0.0492483059983274
0.0492758882621766
0.0493026177647141
0.0493284818073764
0.0493534735438616
0.0493775909559032
0.0494008360146646
0.0494232139850940
0.0494447328427306
0.0494654027807672
0.0494852357905799
0.0495042453028164
0.0495224458790465
0.0495398529458818
0.0495564825651613
0.0495723512348675
0.0495874757164489
0.0496018728848703
0.0496155595983830
0.0496285525853374
0.0496408683459014
0.0496525230667499
0.0496635325470424
0.0496739121343453
0.0496836766691824
0.0496928404372008
0.0497014171279108
0.0497094197992788
0.0497168608473590
0.0497237519803147
0.0497301041963485
0.0497359277649140
0.0497412322108871
0.0497460263011947
0.0497503180336815
0.0497541146277742
0.0497574225168196
0.0497602473417704
0.0497625939460671
0.0497644663715488
0.0497658678552508
0.0497668008269577
0.0497672669074748
0.0497672669074747
0.0497668008269577
0.0497658678552508
0.0497644663715489
0.0497625939460670
0.0497602473417705
0.0497574225168196
0.0497541146277743
0.0497503180336815
0.0497460263011947
0.0497412322108871
0.0497359277649140
0.0497301041963485
0.0497237519803147
0.0497168608473589
0.0497094197992788
0.0497014171279108
0.0496928404372008
0.0496836766691824
0.0496739121343453
0.0496635325470424
0.0496525230667499
0.0496408683459013
0.0496285525853374
0.0496155595983830
0.0496018728848703
0.0495874757164490
0.0495723512348675
0.0495564825651613
0.0495398529458819
0.0495224458790465
0.0495042453028164
0.0494852357905800
0.0494654027807672
0.0494447328427306
0.0494232139850940
0.0494008360146646
0.0493775909559031
0.0493534735438616
0.0493284818073764
0.0493026177647141
0.0492758882621766
0.0492483059983274
0.0492198907961957
0.0491906712183535
0.0491606866778563
0.0491299903100744
0.0490986531125591
0.0490667704757893
0.0490344742502615
0.0490364352705756
0.0490687807053284
0.0491007123585662
0.0491320983130133
0.0491628431096325
0.0491928756819250
0.0492221428260922
0.0492506050618726
0.0492782337612517
0.0493050090380284
0.0493309181331063
0.0493559541426184
0.0493801149939771
0.0494034026074801
0.0494258222007957
0.0494473817059195
0.0494680912762618
0.0494879628672047
0.0495070098771697
0.0495252468392097
0.0495426891550320
0.0495593528650585
0.0495752544492134
0.0495904106540573
0.0496048383426624
0.0496185543641874
0.0496315754404682
0.0496439180675447
0.0496555984300904
0.0496666323272014
0.0496770351080756
0.0496868216163681
0.0496960061420872
0.0497046023801890
0.0497126233949324
0.0497200815893083
0.0497269886789043
0.0497333556696368
0.0497391928388193
0.0497445097191537
0.0497493150852523
0.0497536169423355
0.0497574225168197
0.0497607382485184
0.0497635697842506
0.0497659219726258
0.0497677988599196
0.0497692036867617
0.0497701388856861
0.0497706060793487
0.0497706060793487
0.0497701388856861
0.0497692036867618
0.0497677988599195
0.0497659219726258
0.0497635697842507
0.0497607382485184
0.0497574225168192
0.0497536169423355
0.0497493150852524
0.0497445097191537
0.0497391928388193
0.0497333556696367
0.0497269886789044
0.0497200815893084
0.0497126233949324
0.0497046023801891
0.0496960061420872
0.0496868216163682
0.0496770351080756
0.0496666323272015
0.0496555984300903
0.0496439180675448
0.0496315754404682
0.0496185543641874
0.0496048383426624
0.0495904106540575
0.0495752544492134
0.0495593528650584
0.0495426891550321
0.0495252468392096
0.0495070098771699
0.0494879628672047
0.0494680912762618
0.0494473817059195
0.0494258222007957
0.0494034026074801
0.0493801149939770
0.0493559541426183
0.0493309181331064
0.0493050090380284
0.0492782337612516
0.0492506050618726
0.0492221428260923
0.0491928756819251
0.0491628431096324
0.0491320983130134
0.0491007123585662
0.0490687807053285
0.0490364352705756
0.0490381108969297
0.0490704982574354
0.0491024716725823
0.0491338991687226
0.0491646852289149
0.0491947587283755
0.0492240664054376
0.0492525687229395
0.0492802369974619
0.0493070512892461
0.0493329987878358
0.0493580725404929
0.0493822704284444
0.0494055943286920
0.0494280494186279
0.0494496435930715
0.0494703869714329
0.0494902914782654
0.0495093704843395
0.0495276384981614
0.0495451108999577
0.0495618037116023
0.0495777333973088
0.0495929166906114
0.0496073704441065
0.0496211114988381
0.0496341565707380
0.0496465221519501
0.0496582244250864
0.0496692791888361
0.0496797017934432
0.0496895070848769
0.0496987093565594
0.0497073223077690
0.0497153590078289
0.0497228318653726
0.0497297526020526
0.0497361322301194
0.0497419810333510
0.0497473085509288
0.0497521235638153
0.0497564340833575
0.0497602473417705
0.0497635697842505
0.0497664070624899
0.0497687640294286
0.0497706447350136
0.0497720524228911
0.0497729895278848
0.0497734576741916
0.0497734576741916
0.0497729895278851
0.0497720524228910
0.0497706447350136
0.0497687640294286
0.0497664070624900
0.0497635697842507
0.0497602473417705
0.0497564340833574
0.0497521235638153
0.0497473085509287
0.0497419810333509
0.0497361322301194
0.0497297526020526
0.0497228318653726
0.0497153590078289
0.0497073223077690
0.0496987093565594
0.0496895070848767
0.0496797017934432
0.0496692791888360
0.0496582244250864
0.0496465221519500
0.0496341565707382
0.0496211114988382
0.0496073704441065
0.0495929166906113
0.0495777333973088
0.0495618037116023
0.0495451108999577
0.0495276384981614
0.0495093704843395
0.0494902914782654
0.0494703869714331
0.0494496435930715
0.0494280494186279
0.0494055943286919
0.0493822704284444
0.0493580725404929
0.0493329987878357
0.0493070512892460
0.0492802369974619
0.0492525687229396
0.0492240664054376
0.0491947587283755
0.0491646852289149
0.0491338991687225
0.0491024716725823
0.0490704982574355
0.0490381108969297
0.0490395035470089
0.0490719256674009
0.0491039337068504
0.0491353956453472
0.0491662159182874
0.0491963233528893
0.0492256646397903
0.0492542001949463
0.0492819012892096
0.0493087479386190
0.0493347272902882
0.0493598323510724
0.0493840609639870
0.0494074149701747
0.0494298995136187
0.0494515224582883
0.0494722938953180
0.0494922257235956
0.0495113312908240
0.0495296250850005
0.0495471224683424
0.0495638394471536
0.0495797924723877
0.0495949982665511
0.0496094736733011
0.0496232355267049
0.0496363005375378
0.0496486851944715
0.0496604056781544
0.0496714777866791
0.0496819168709170
0.0496917377785205
0.0497009548055136
0.0497095816545487
0.0497176313989313
0.0497251164517832
0.0497320485396031
0.0497384386797254
0.0497442971611321
0.0497496335282252
0.0497544565671030
0.0497587742940804
0.0497625939460671
0.0497659219726256
0.0497687640294286
0.0497711249729120
0.0497730088560245
0.0497744189248599
0.0497753576161122
0.0497758265552282
0.0497758265552281
0.0497753576161122
0.0497744189248599
0.0497730088560245
0.0497711249729118
0.0497687640294286
0.0497659219726256
0.0497625939460670
0.0497587742940803
0.0497544565671030
0.0497496335282251
0.0497442971611320
0.0497384386797254
0.0497320485396031
0.0497251164517833
0.0497176313989313
0.0497095816545487
0.0497009548055136
0.0496917377785204
0.0496819168709170
0.0496714777866793
0.0496604056781544
0.0496486851944715
0.0496363005375378
0.0496232355267050
0.0496094736733011
0.0495949982665511
0.0495797924723877
0.0495638394471535
0.0495471224683424
0.0495296250850005
0.0495113312908241
0.0494922257235956
0.0494722938953180
0.0494515224582883
0.0494298995136187
0.0494074149701747
0.0493840609639870
0.0493598323510723
0.0493347272902882
0.0493087479386189
0.0492819012892096
0.0492542001949463
0.0492256646397903
0.0491963233528893
0.0491662159182874
0.0491353956453472
0.0491039337068504
0.0490719256674009
0.0490395035470089
0.0490406152394104
0.0490730650513421
0.0491051006744906
0.0491365900521410
0.0491674375819481
0.0491975720530988
0.0492269401184379
0.0492555021567180
0.0492832294025299
0.0493101018368147
0.0493361065729997
0.0493612365858100
0.0493854896878734
0.0494088676917852
0.0494313757149221
0.0494530215966352
0.0494738154054944
0.0494937690198713
0.0495128957689950
0.0495312101244298
0.0495487274339171
0.0495654636912194
0.0495814353365894
0.0495966590835890
0.0496111517685998
0.0496249302199696
0.0496380111442014
0.0496504110270194
0.0496621460473544
0.0496732320026632
0.0496836842441538
0.0496935176206672
0.0497027464301569
0.0497113843778031
0.0497194445399722
0.0497269393332181
0.0497338804877909
0.0497402790249561
0.0497461452377432
0.0497514886746139
0.0497563181256825
0.0497606416111318
0.0497644663715488
0.0497677988599194
0.0497706447350137
0.0497730088560245
0.0497748952782492
0.0497763072497023
0.0497772472085445
0.0497777167812084
0.0497777167812082
0.0497772472085445
0.0497763072497023
0.0497748952782493
0.0497730088560245
0.0497706447350137
0.0497677988599195
0.0497644663715488
0.0497606416111319
0.0497563181256827
0.0497514886746140
0.0497461452377432
0.0497402790249561
0.0497338804877909
0.0497269393332182
0.0497194445399722
0.0497113843778031
0.0497027464301569
0.0496935176206672
0.0496836842441537
0.0496732320026631
0.0496621460473546
0.0496504110270194
0.0496380111442014
0.0496249302199697
0.0496111517685998
0.0495966590835889
0.0495814353365894
0.0495654636912193
0.0495487274339176
0.0495312101244298
0.0495128957689951
0.0494937690198713
0.0494738154054945
0.0494530215966353
0.0494313757149221
0.0494088676917852
0.0493854896878734
0.0493612365858100
0.0493361065729997
0.0493101018368147
0.0492832294025298
0.0492555021567181
0.0492269401184379
0.0491975720530987
0.0491674375819481
0.0491365900521411
0.0491051006744906
0.0490730650513417
0.0490406152394104
0.0490414475914527
0.0490739181043040
0.0491059743478489
0.0491374842380772
0.0491683521445506
0.0491985068281549
0.0492278949135845
0.0492564767518968
0.0492842235506494
0.0493111152646231
0.0493371389821120
0.0493622876538836
0.0493865590698628
0.0494099550213197
0.0494324806057480
0.0494541436440783
0.0494749541879813
0.0494949241004469
0.0495140666968598
0.0495323964364181
0.0495499286559925
0.0495666793398762
0.0495826649202427
0.0495979021038856
0.0496124077216472
0.0496261985975088
0.0496392914346850
0.0496517027166004
0.0496634486208019
0.0496745449441779
0.0496850070380999
0.0496948497522023
0.0497040873857911
0.0497127336458682
0.0497208016109906
0.0497283037002232
0.0497352516465321
0.0497416564740674
0.0497475284788246
0.0497528772122490
0.0497577114673936
0.0497620392672920
0.0497658678552507
0.0497692036867616
0.0497720524228911
0.0497744189248600
0.0497763072497023
0.0497777206468549
0.0497786615555521
0.0497791316029610
0.0497791316029610
0.0497786615555520
0.0497777206468549
0.0497763072497023
0.0497744189248599
0.0497720524228911
0.0497692036867617
0.0497658678552507
0.0497620392672919
0.0497577114673936
0.0497528772122489
0.0497475284788246
0.0497416564740674
0.0497352516465321
0.0497283037002232
0.0497208016109905
0.0497127336458682
0.0497040873857911
0.0496948497522023
0.0496850070380999
0.0496745449441779
0.0496634486208019
0.0496517027166004
0.0496392914346851
0.0496261985975090
0.0496124077216472
0.0495979021038855
0.0495826649202427
0.0495666793398762
0.0495499286559925
0.0495323964364182
0.0495140666968598
0.0494949241004469
0.0494749541879813
0.0494541436440783
0.0494324806057480
0.0494099550213197
0.0493865590698628
0.0493622876538836
0.0493371389821120
0.0493111152646232
0.0492842235506495
0.0492564767518968
0.0492278949135845
0.0491985068281550
0.0491683521445507
0.0491374842380772
0.0491059743478489
0.0490739181043036
0.0490414475914527
0.0490420018175374
0.0490744860987947
0.0491065560572367
0.0491380795907582
0.0491689610503038
0.0491991291779883
0.0492285305798379
0.0492571255885310
0.0492848853936896
0.0493117899327351
0.0493378262772721
0.0493629873621379
0.0493872709621988
0.0494106788545322
0.0494332161234018
0.0494548905774903
0.0494757122572127
0.0494956930153129
0.0495148461579324
0.0495331861360283
0.0495507282791939
0.0495674885654041
0.0495834834214116
0.0495987295494610
0.0496132437766809
0.0496270429240891
0.0496401436926702
0.0496525625642782
0.0496643157154948
0.0496754189427824
0.0496858875975754
0.0496957365299951
0.0497049800402091
0.0497136318363911
0.0497217049985119
0.0497292119472766
0.0497361644174284
0.0497425734349935
0.0497484492979208
0.0497538015596029
0.0497586390150364
0.0497629696891255
0.0497668008269577
0.0497701388856861
0.0497729895278849
0.0497753576161122
0.0497772472085445
0.0497786615555520
0.0497796030970859
0.0497800734607920
0.0497800734607920
0.0497796030970859
0.0497786615555520
0.0497772472085445
0.0497753576161122
0.0497729895278848
0.0497701388856861
0.0497668008269578
0.0497629696891255
0.0497586390150365
0.0497538015596029
0.0497484492979205
0.0497425734349936
0.0497361644174284
0.0497292119472766
0.0497217049985119
0.0497136318363910
0.0497049800402091
0.0496957365299951
0.0496858875975752
0.0496754189427827
0.0496643157154948
0.0496525625642782
0.0496401436926701
0.0496270429240891
0.0496132437766809
0.0495987295494609
0.0495834834214115
0.0495674885654041
0.0495507282791939
0.0495331861360283
0.0495148461579328
0.0494956930153129
0.0494757122572127
0.0494548905774903
0.0494332161234019
0.0494106788545322
0.0493872709621988
0.0493629873621379
0.0493378262772721
0.0493117899327351
0.0492848853936895
0.0492571255885310
0.0492285305798378
0.0491991291779884
0.0491689610503038
0.0491380795907582
0.0491065560572367
0.0490744860987947
0.0490420018175373
0.0490422787279164
0.0490747698837275
0.0491068466900167
0.0491383770356669
0.0491692652623421
0.0491994401028088
0.0492288481537832
0.0492574497387858
0.0492852160384919
0.0493121269816577
0.0493381696315743
0.0493633369151374
0.0493876265996744
0.0494110404552006
0.0494335835593693
0.0494552637147406
0.0494760909561070
0.0494960771310941
0.0495152355412206
0.0495335806333171
0.0495511277333367
0.0495678928160855
0.0495838923056002
0.0495991429018429
0.0496136614300708
0.0496274647098109
0.0496405694409221
0.0496529921044637
0.0496647488765092
0.0496758555533067
0.0496863274863037
0.0496961795258604
0.0497054259725472
0.0497140805351163
0.0497221562942476
0.0497296656714325
0.0497366204023017
0.0497430315138182
0.0497489093048789
0.0497542633298569
0.0497591023847046
0.0497634344952569
0.0497672669074747
0.0497706060793487
0.0497734576741917
0.0497758265552284
0.0497777167812083
0.0497791316029611
0.0497800734607920
0.0497805439825881
0.0497805439825881
0.0497800734607919
0.0497791316029611
0.0497777167812083
0.0497758265552282
0.0497734576741917
0.0497706060793487
0.0497672669074747
0.0497634344952569
0.0497591023847047
0.0497542633298567
0.0497489093048788
0.0497430315138184
0.0497366204023017
0.0497296656714324
0.0497221562942477
0.0497140805351162
0.0497054259725472
0.0496961795258604
0.0496863274863038
0.0496758555533068
0.0496647488765092
0.0496529921044638
0.0496405694409221
0.0496274647098109
0.0496136614300708
0.0495991429018429
0.0495838923056002
0.0495678928160855
0.0495511277333367
0.0495335806333171
0.0495152355412206
0.0494960771310942
0.0494760909561070
0.0494552637147406
0.0494335835593693
0.0494110404552006
0.0493876265996744
0.0493633369151373
0.0493381696315743
0.0493121269816577
0.0492852160384920
0.0492574497387858
0.0492288481537832
0.0491994401028086
0.0491692652623421
0.0491383770356669
0.0491068466900167
0.0490747698837276
0.0490422787279164
0.0490422787279164
0.0490747698837275
0.0491068466900167
0.0491383770356670
0.0491692652623420
0.0491994401028088
0.0492288481537832
0.0492574497387858
0.0492852160384920
0.0493121269816577
0.0493381696315743
0.0493633369151373
0.0493876265996744
0.0494110404552005
0.0494335835593692
0.0494552637147406
0.0494760909561070
0.0494960771310942
0.0495152355412206
0.0495335806333171
0.0495511277333367
0.0495678928160854
0.0495838923056001
0.0495991429018430
0.0496136614300708
0.0496274647098110
0.0496405694409222
0.0496529921044638
0.0496647488765094
0.0496758555533068
0.0496863274863038
0.0496961795258605
0.0497054259725472
0.0497140805351163
0.0497221562942476
0.0497296656714325
0.0497366204023015
0.0497430315138181
0.0497489093048789
0.0497542633298567
0.0497591023847047
0.0497634344952569
0.0497672669074747
0.0497706060793487
0.0497734576741917
0.0497758265552284
0.0497777167812082
0.0497791316029611
0.0497800734607920
0.0497805439825881
0.0497805439825880
0.0497800734607920
0.0497791316029610
0.0497777167812083
0.0497758265552282
0.0497734576741916
0.0497706060793487
0.0497672669074747
0.0497634344952569
0.0497591023847046
0.0497542633298567
0.0497489093048789
0.0497430315138182
0.0497366204023015
0.0497296656714324
0.0497221562942476
0.0497140805351164
0.0497054259725472
0.0496961795258604
0.0496863274863038
0.0496758555533068
0.0496647488765094
0.0496529921044637
0.0496405694409221
0.0496274647098110
0.0496136614300708
0.0495991429018429
0.0495838923056000
0.0495678928160855
0.0495511277333367
0.0495335806333171
0.0495152355412206
0.0494960771310941
0.0494760909561070
0.0494552637147405
0.0494335835593693
0.0494110404552006
0.0493876265996744
0.0493633369151373
0.0493381696315743
0.0493121269816575
0.0492852160384920
0.0492574497387858
0.0492288481537832
0.0491994401028088
0.0491692652623420
0.0491383770356670
0.0491068466900167
0.0490747698837276
0.0490422787279164
0.0490420018175374
0.0490744860987947
0.0491065560572367
0.0491380795907582
0.0491689610503038
0.0491991291779883
0.0492285305798377
0.0492571255885310
0.0492848853936896
0.0493117899327351
0.0493378262772722
0.0493629873621379
0.0493872709621988
0.0494106788545322
0.0494332161234018
0.0494548905774902
0.0494757122572126
0.0494956930153129
0.0495148461579328
0.0495331861360283
0.0495507282791939
0.0495674885654041
0.0495834834214116
0.0495987295494609
0.0496132437766809
0.0496270429240890
0.0496401436926702
0.0496525625642782
0.0496643157154947
0.0496754189427824
0.0496858875975753
0.0496957365299951
0.0497049800402091
0.0497136318363911
0.0497217049985118
0.0497292119472766
0.0497361644174284
0.0497425734349935
0.0497484492979206
0.0497538015596027
0.0497586390150364
0.0497629696891254
0.0497668008269578
0.0497701388856861
0.0497729895278851
0.0497753576161123
0.0497772472085446
0.0497786615555520
0.0497796030970860
0.0497800734607919
0.0497800734607919
0.0497796030970859
0.0497786615555520
0.0497772472085446
0.0497753576161123
0.0497729895278845
0.0497701388856861
0.0497668008269577
0.0497629696891256
0.0497586390150364
0.0497538015596027
0.0497484492979209
0.0497425734349935
0.0497361644174284
0.0497292119472766
0.0497217049985119
0.0497136318363911
0.0497049800402092
0.0496957365299951
0.0496858875975753
0.0496754189427827
0.0496643157154948
0.0496525625642782
0.0496401436926702
0.0496270429240891
0.0496132437766809
0.0495987295494609
0.0495834834214113
0.0495674885654043
0.0495507282791942
0.0495331861360283
0.0495148461579328
0.0494956930153128
0.0494757122572126
0.0494548905774903
0.0494332161234019
0.0494106788545322
0.0493872709621989
0.0493629873621379
0.0493378262772722
0.0493117899327351
0.0492848853936896
0.0492571255885310
0.0492285305798379
0.0491991291779883
0.0491689610503038
0.0491380795907581
0.0491065560572368
0.0490744860987947
0.0490420018175374
0.0490414475914527
0.0490739181043037
0.0491059743478489
0.0491374842380772
0.0491683521445508
0.0491985068281550
0.0492278949135845
0.0492564767518968
0.0492842235506494
0.0493111152646231
0.0493371389821120
0.0493622876538836
0.0493865590698628
0.0494099550213197
0.0494324806057480
0.0494541436440784
0.0494749541879813
0.0494949241004469
0.0495140666968598
0.0495323964364182
0.0495499286559925
0.0495666793398762
0.0495826649202427
0.0495979021038855
0.0496124077216472
0.0496261985975088
0.0496392914346851
0.0496517027166005
0.0496634486208019
0.0496745449441779
0.0496850070380999
0.0496948497522023
0.0497040873857911
0.0497127336458682
0.0497208016109905
0.0497283037002230
0.0497352516465322
0.0497416564740674
0.0497475284788247
0.0497528772122489
0.0497577114673936
0.0497620392672920
0.0497658678552507
0.0497692036867616
0.0497720524228910
0.0497744189248599
0.0497763072497023
0.0497777206468549
0.0497786615555521
0.0497791316029611
0.0497791316029611
0.0497786615555521
0.0497777206468549
0.0497763072497022
0.0497744189248599
0.0497720524228911
0.0497692036867618
0.0497658678552507
0.0497620392672920
0.0497577114673935
0.0497528772122489
0.0497475284788246
0.0497416564740674
0.0497352516465321
0.0497283037002230
0.0497208016109905
0.0497127336458682
0.0497040873857911
0.0496948497522023
0.0496850070380999
0.0496745449441779
0.0496634486208019
0.0496517027166005
0.0496392914346851
0.0496261985975088
0.0496124077216472
0.0495979021038855
0.0495826649202427
0.0495666793398761
0.0495499286559925
0.0495323964364182
0.0495140666968597
0.0494949241004469
0.0494749541879813
0.0494541436440784
0.0494324806057480
0.0494099550213197
0.0493865590698628
0.0493622876538836
0.0493371389821120
0.0493111152646232
0.0492842235506494
0.0492564767518968
0.0492278949135845
0.0491985068281551
0.0491683521445507
0.0491374842380772
0.0491059743478489
0.0490739181043036
0.0490414475914528
0.0490406152394104
0.0490730650513421
0.0491051006744906
0.0491365900521411
0.0491674375819481
0.0491975720530989
0.0492269401184379
0.0492555021567180
0.0492832294025299
0.0493101018368148
0.0493361065729999
0.0493612365858100
0.0493854896878734
0.0494088676917852
0.0494313757149221
0.0494530215966353
0.0494738154054945
0.0494937690198713
0.0495128957689949
0.0495312101244300
0.0495487274339172
0.0495654636912194
0.0495814353365893
0.0495966590835890
0.0496111517685998
0.0496249302199697
0.0496380111442014
0.0496504110270194
0.0496621460473544
0.0496732320026632
0.0496836842441543
0.0496935176206672
0.0497027464301570
0.0497113843778031
0.0497194445399723
0.0497269393332181
0.0497338804877907
0.0497402790249562
0.0497461452377432
0.0497514886746139
0.0497563181256827
0.0497606416111319
0.0497644663715489
0.0497677988599195
0.0497706447350137
0.0497730088560246
0.0497748952782492
0.0497763072497022
0.0497772472085446
0.0497777167812083
0.0497777167812083
0.0497772472085446
0.0497763072497023
0.0497748952782492
0.0497730088560243
0.0497706447350137
0.0497677988599194
0.0497644663715489
0.0497606416111318
0.0497563181256825
0.0497514886746138
0.0497461452377432
0.0497402790249562
0.0497338804877908
0.0497269393332181
0.0497194445399723
0.0497113843778031
0.0497027464301570
0.0496935176206671
0.0496836842441542
0.0496732320026632
0.0496621460473544
0.0496504110270194
0.0496380111442014
0.0496249302199697
0.0496111517685998
0.0495966590835889
0.0495814353365893
0.0495654636912194
0.0495487274339172
0.0495312101244299
0.0495128957689949
0.0494937690198713
0.0494738154054945
0.0494530215966353
0.0494313757149221
0.0494088676917851
0.0493854896878735
0.0493612365858099
0.0493361065729996
0.0493101018368148
0.0492832294025299
0.0492555021567180
0.0492269401184380
0.0491975720530990
0.0491674375819481
0.0491365900521410
0.0491051006744906
0.0490730650513418
0.0490406152394104
0.0490395035470091
0.0490719256674008
0.0491039337068504
0.0491353956453472
0.0491662159182874
0.0491963233528893
0.0492256646397902
0.0492542001949463
0.0492819012892096
0.0493087479386189
0.0493347272902883
0.0493598323510725
0.0493840609639870
0.0494074149701747
0.0494298995136187
0.0494515224582882
0.0494722938953180
0.0494922257235956
0.0495113312908241
0.0495296250850005
0.0495471224683426
0.0495638394471536
0.0495797924723876
0.0495949982665511
0.0496094736733014
0.0496232355267049
0.0496363005375379
0.0496486851944716
0.0496604056781544
0.0496714777866791
0.0496819168709170
0.0496917377785204
0.0497009548055136
0.0497095816545487
0.0497176313989312
0.0497251164517832
0.0497320485396032
0.0497384386797254
0.0497442971611320
0.0497496335282252
0.0497544565671030
0.0497587742940803
0.0497625939460672
0.0497659219726255
0.0497687640294286
0.0497711249729120
0.0497730088560245
0.0497744189248599
0.0497753576161123
0.0497758265552282
0.0497758265552282
0.0497753576161122
0.0497744189248599
0.0497730088560246
0.0497711249729120
0.0497687640294286
0.0497659219726256
0.0497625939460671
0.0497587742940803
0.0497544565671030
0.0497496335282251
0.0497442971611320
0.0497384386797254
0.0497320485396030
0.0497251164517832
0.0497176313989313
0.0497095816545487
0.0497009548055136
0.0496917377785204
0.0496819168709170
0.0496714777866791
0.0496604056781544
0.0496486851944715
0.0496363005375378
0.0496232355267050
0.0496094736733013
0.0495949982665511
0.0495797924723876
0.0495638394471536
0.0495471224683426
0.0495296250850005
0.0495113312908240
0.0494922257235956
0.0494722938953180
0.0494515224582883
0.0494298995136187
0.0494074149701747
0.0493840609639870
0.0493598323510723
0.0493347272902883
0.0493087479386190
0.0492819012892095
0.0492542001949463
0.0492256646397903
0.0491963233528893
0.0491662159182874
0.0491353956453472
0.0491039337068504
0.0490719256674007
0.0490395035470091
0.0490381108969298
0.0490704982574353
0.0491024716725822
0.0491338991687226
0.0491646852289149
0.0491947587283755
0.0492240664054376
0.0492525687229396
0.0492802369974619
0.0493070512892460
0.0493329987878357
0.0493580725404929
0.0493822704284444
0.0494055943286919
0.0494280494186279
0.0494496435930715
0.0494703869714329
0.0494902914782654
0.0495093704843393
0.0495276384981614
0.0495451108999577
0.0495618037116022
0.0495777333973088
0.0495929166906113
0.0496073704441065
0.0496211114988382
0.0496341565707380
0.0496465221519501
0.0496582244250865
0.0496692791888362
0.0496797017934432
0.0496895070848767
0.0496987093565593
0.0497073223077690
0.0497153590078288
0.0497228318653726
0.0497297526020526
0.0497361322301194
0.0497419810333509
0.0497473085509288
0.0497521235638153
0.0497564340833575
0.0497602473417705
0.0497635697842507
0.0497664070624899
0.0497687640294286
0.0497706447350137
0.0497720524228911
0.0497729895278849
0.0497734576741917
0.0497734576741916
0.0497729895278849
0.0497720524228910
0.0497706447350137
0.0497687640294286
0.0497664070624899
0.0497635697842504
0.0497602473417705
0.0497564340833575
0.0497521235638153
0.0497473085509287
0.0497419810333509
0.0497361322301194
0.0497297526020526
0.0497228318653726
0.0497153590078288
0.0497073223077690
0.0496987093565593
0.0496895070848769
0.0496797017934433
0.0496692791888363
0.0496582244250863
0.0496465221519500
0.0496341565707383
0.0496211114988381
0.0496073704441064
0.0495929166906114
0.0495777333973088
0.0495618037116023
0.0495451108999577
0.0495276384981613
0.0495093704843395
0.0494902914782654
0.0494703869714328
0.0494496435930714
0.0494280494186279
0.0494055943286920
0.0493822704284444
0.0493580725404929
0.0493329987878357
0.0493070512892461
0.0492802369974619
0.0492525687229396
0.0492240664054376
0.0491947587283754
0.0491646852289149
0.0491338991687225
0.0491024716725822
0.0490704982574354
0.0490381108969298
0.0490364352705756
0.0490687807053285
0.0491007123585662
0.0491320983130133
0.0491628431096325
0.0491928756819251
0.0492221428260924
0.0492506050618725
0.0492782337612517
0.0493050090380284
0.0493309181331064
0.0493559541426183
0.0493801149939770
0.0494034026074801
0.0494258222007957
0.0494473817059195
0.0494680912762618
0.0494879628672047
0.0495070098771698
0.0495252468392096
0.0495426891550320
0.0495593528650584
0.0495752544492135
0.0495904106540575
0.0496048383426624
0.0496185543641874
0.0496315754404681
0.0496439180675447
0.0496555984300903
0.0496666323272014
0.0496770351080758
0.0496868216163682
0.0496960061420872
0.0497046023801891
0.0497126233949323
0.0497200815893084
0.0497269886789045
0.0497333556696368
0.0497391928388193
0.0497445097191537
0.0497493150852524
0.0497536169423355
0.0497574225168196
0.0497607382485184
0.0497635697842507
0.0497659219726255
0.0497677988599194
0.0497692036867616
0.0497701388856860
0.0497706060793487
0.0497706060793487
0.0497701388856860
0.0497692036867616
0.0497677988599193
0.0497659219726256
0.0497635697842505
0.0497607382485184
0.0497574225168196
0.0497536169423354
0.0497493150852524
0.0497445097191537
0.0497391928388193
0.0497333556696368
0.0497269886789045
0.0497200815893085
0.0497126233949323
0.0497046023801892
0.0496960061420873
0.0496868216163682
0.0496770351080757
0.0496666323272015
0.0496555984300903
0.0496439180675448
0.0496315754404681
0.0496185543641874
0.0496048383426624
0.0495904106540576
0.0495752544492134
0.0495593528650584
0.0495426891550320
0.0495252468392097
0.0495070098771699
0.0494879628672047
0.0494680912762618
0.0494473817059190
0.0494258222007957
0.0494034026074801
0.0493801149939771
0.0493559541426183
0.0493309181331064
0.0493050090380284
0.0492782337612517
0.0492506050618725
0.0492221428260923
0.0491928756819251
0.0491628431096324
0.0491320983130134
0.0491007123585662
0.0490687807053284
0.0490364352705756
0.0490344742502615
0.0490667704757892
0.0490986531125591
0.0491299903100743
0.0491606866778562
0.0491906712183535
0.0492198907961957
0.0492483059983275
0.0492758882621766
0.0493026177647143
0.0493284818073765
0.0493534735438615
0.0493775909559032
0.0494008360146646
0.0494232139850939
0.0494447328427306
0.0494654027807673
0.0494852357905800
0.0495042453028163
0.0495224458790464
0.0495398529458818
0.0495564825651613
0.0495723512348675
0.0495874757164489
0.0496018728848704
0.0496155595983828
0.0496285525853374
0.0496408683459014
0.0496525230667499
0.0496635325470422
0.0496739121343453
0.0496836766691824
0.0496928404372007
0.0497014171279108
0.0497094197992789
0.0497168608473589
0.0497237519803147
0.0497301041963485
0.0497359277649140
0.0497412322108871
0.0497460263011946
0.0497503180336815
0.0497541146277743
0.0497574225168197
0.0497602473417704
0.0497625939460670
0.0497644663715488
0.0497658678552508
0.0497668008269577
0.0497672669074747
0.0497672669074747
0.0497668008269577
0.0497658678552508
0.0497644663715488
0.0497625939460670
0.0497602473417705
0.0497574225168191
0.0497541146277742
0.0497503180336815
0.0497460263011947
0.0497412322108869
0.0497359277649140
0.0497301041963485
0.0497237519803147
0.0497168608473589
0.0497094197992791
0.0497014171279108
0.0496928404372007
0.0496836766691824
0.0496739121343453
0.0496635325470425
0.0496525230667499
0.0496408683459015
0.0496285525853374
0.0496155595983830
0.0496018728848704
0.0495874757164488
0.0495723512348675
0.0495564825651613
0.0495398529458817
0.0495224458790465
0.0495042453028163
0.0494852357905800
0.0494654027807672
0.0494447328427305
0.0494232139850939
0.0494008360146646
0.0493775909559031
0.0493534735438616
0.0493284818073765
0.0493026177647141
0.0492758882621765
0.0492483059983274
0.0492198907961957
0.0491906712183535
0.0491606866778562
0.0491299903100743
0.0490986531125591
0.0490667704757892
0.0490344742502615
0.0490322250218906
0.0490644646167405
0.0490962908452780
0.0491275719346849
0.0491582125741617
0.0491881418462252
0.0492173066949251
0.0492456677851441
0.0492731966301235
0.0492998734799662
0.0493256857061198
0.0493506265287722
0.0493746939923280
0.0493978901265649
0.0494202202508024
0.0494416923905960
0.0494623167847467
0.0494821054657839
0.0495010719011286
0.0495192306847820
0.0495365972715965
0.0495531877475693
0.0495690186309751
0.0495841066998566
0.0495984688423098
0.0496121219264801
0.0496250826876517
0.0496373676301766
0.0496489929424544
0.0496599744231692
0.0496703274174668
0.0496800667617601
0.0496892067361534
0.0496977610234216
0.0497057426738469
0.0497131640750557
0.0497200369262814
0.0497263722164655
0.0497321802056890
0.0497374704094934
0.0497422515856932
0.0497465317233656
0.0497503180336814
0.0497536169423354
0.0497564340833574
0.0497587742940804
0.0497606416111319
0.0497620392672919
0.0497629696891253
0.0497634344952569
0.0497634344952569
0.0497629696891255
0.0497620392672920
0.0497606416111318
0.0497587742940803
0.0497564340833574
0.0497536169423355
0.0497503180336814
0.0497465317233656
0.0497422515856931
0.0497374704094935
0.0497321802056889
0.0497263722164654
0.0497200369262814
0.0497131640750558
0.0497057426738469
0.0496977610234216
0.0496892067361534
0.0496800667617601
0.0496703274174668
0.0496599744231692
0.0496489929424543
0.0496373676301767
0.0496250826876523
0.0496121219264801
0.0495984688423096
0.0495841066998566
0.0495690186309751
0.0495531877475695
0.0495365972715965
0.0495192306847819
0.0495010719011287
0.0494821054657839
0.0494623167847467
0.0494416923905960
0.0494202202508023
0.0493978901265649
0.0493746939923279
0.0493506265287722
0.0493256857061199
0.0492998734799661
0.0492731966301234
0.0492456677851440
0.0492173066949251
0.0491881418462252
0.0491582125741617
0.0491275719346849
0.0490962908452780
0.0490644646167405
0.0490322250218906
0.0490296843782757
0.0490618597622797
0.0490936220330057
0.0491248395067915
0.0491554169641964
0.0491852835794690
0.0492143863875662
0.0492426861425130
0.0492701544441662
0.0492967716261188
0.0493225251396190
0.0493474082805690
0.0493714191646240
0.0493945598881086
0.0494168358319587
0.0494382550782996
0.0494588279173893
0.0494785664280919
0.0494974841190855
0.0495155956206690
0.0495329164191304
0.0495494626272688
0.0495652507856850
0.0495802976905518
0.0495946202441374
0.0496082353250927
0.0496211596757940
0.0496334098046254
0.0496450019012056
0.0496559517629709
0.0496662747316218
0.0496759856382529
0.0496850987560266
0.0496936277594819
0.0497015856896010
0.0497089849239172
0.0497158371510186
0.0497221533488896
0.0497279437665408
0.0497332179085273
0.0497379845219729
0.0497422515856932
0.0497460263011946
0.0497493150852524
0.0497521235638153
0.0497544565671029
0.0497563181256825
0.0497577114673936
0.0497586390150364
0.0497591023847046
0.0497591023847047
0.0497586390150364
0.0497577114673936
0.0497563181256825
0.0497544565671029
0.0497521235638153
0.0497493150852524
0.0497460263011946
0.0497422515856932
0.0497379845219730
0.0497332179085273
0.0497279437665408
0.0497221533488895
0.0497158371510185
0.0497089849239171
0.0497015856896011
0.0496936277594819
0.0496850987560269
0.0496759856382529
0.0496662747316222
0.0496559517629709
0.0496450019012056
0.0496334098046254
0.0496211596757940
0.0496082353250928
0.0495946202441373
0.0495802976905518
0.0495652507856851
0.0495494626272688
0.0495329164191304
0.0495155956206691
0.0494974841190855
0.0494785664280919
0.0494588279173894
0.0494382550782995
0.0494168358319587
0.0493945598881086
0.0493714191646240
0.0493474082805690
0.0493225251396190
0.0492967716261188
0.0492701544441661
0.0492426861425131
0.0492143863875661
0.0491852835794690
0.0491554169641964
0.0491248395067915
0.0490936220330058
0.0490618597622797
0.0490296843782758
0.0490268487231383
0.0490589521362531
0.0490906427207649
0.0491217888943075
0.0491522955411195
0.0491820919394733
0.0492111252272977
0.0492393562594999
0.0492667567338679
0.0492933070782499
0.0493189948338912
0.0493438133819490
0.0493677609181848
0.0493908396136003
0.0494130549181317
0.0494344149771308
0.0494549301381978
0.0494746125317048
0.0494934757120299
0.0495115343495021
0.0495288039649449
0.0495453007003959
0.0495610411206605
0.0495760420413432
0.0495903203797089
0.0496038930252340
0.0496167767273399
0.0496289879979904
0.0496405430272713
0.0496514576103174
0.0496617470841029
0.0496714262729168
0.0496805094413573
0.0496890102539584
0.0496969417405607
0.0497043162667069
0.0497111455084314
0.0497174404308401
0.0497232112699988
0.0497284675176690
0.0497332179085273
0.0497374704094935
0.0497412322108870
0.0497445097191537
0.0497473085509286
0.0497496335282252
0.0497514886746139
0.0497528772122489
0.0497538015596026
0.0497542633298570
0.0497542633298569
0.0497538015596027
0.0497528772122489
0.0497514886746139
0.0497496335282252
0.0497473085509288
0.0497445097191537
0.0497412322108868
0.0497374704094935
0.0497332179085273
0.0497284675176690
0.0497232112699987
0.0497174404308402
0.0497111455084315
0.0497043162667065
0.0496969417405606
0.0496890102539584
0.0496805094413573
0.0496714262729168
0.0496617470841029
0.0496514576103170
0.0496405430272712
0.0496289879979904
0.0496167767273399
0.0496038930252341
0.0495903203797089
0.0495760420413435
0.0495610411206605
0.0495453007003959
0.0495288039649449
0.0495115343495021
0.0494934757120299
0.0494746125317048
0.0494549301381979
0.0494344149771308
0.0494130549181317
0.0493908396136003
0.0493677609181848
0.0493438133819490
0.0493189948338912
0.0492933070782499
0.0492667567338672
0.0492393562595000
0.0492111252272977
0.0491820919394733
0.0491522955411195
0.0491217888943075
0.0490906427207649
0.0490589521362531
0.0490268487231383
0.0490237140758921
0.0490557375565643
0.0490873485261638
0.0491184155165013
0.0491488435285806
0.0491785619576801
0.0492075180574393
0.0492356727960093
0.0492629979809606
0.0492894741456842
0.0493150889320449
0.0493398358163501
0.0493637130836265
0.0493867229878934
0.0494088710556551
0.0494301655022126
0.0494506167384537
0.0494702369513826
0.0494890397454516
0.0495070398346470
0.0495242527772461
0.0495406947467816
0.0495563823338989
0.0495713323746987
0.0495855618019588
0.0495990875160596
0.0496119262730918
0.0496240945878573
0.0496356086498383
0.0496464842505125
0.0496567367205497
0.0496663808756540
0.0496754309699315
0.0496839006558826
0.0496918029500887
0.0496991502039614
0.0497059540788254
0.0497122255247785
0.0497179747628535
0.0497232112699989
0.0497279437665408
0.0497321802056890
0.0497359277649140
0.0497391928388193
0.0497419810333509
0.0497442971611321
0.0497461452377429
0.0497475284788246
0.0497484492979209
0.0497489093048789
0.0497489093048789
0.0497484492979205
0.0497475284788246
0.0497461452377429
0.0497442971611321
0.0497419810333509
0.0497391928388193
0.0497359277649140
0.0497321802056890
0.0497279437665408
0.0497232112699990
0.0497179747628535
0.0497122255247781
0.0497059540788255
0.0496991502039613
0.0496918029500887
0.0496839006558825
0.0496754309699315
0.0496663808756540
0.0496567367205498
0.0496464842505124
0.0496356086498383
0.0496240945878573
0.0496119262730917
0.0495990875160596
0.0495855618019590
0.0495713323746987
0.0495563823338994
0.0495406947467816
0.0495242527772464
0.0495070398346469
0.0494890397454516
0.0494702369513826
0.0494506167384537
0.0494301655022126
0.0494088710556551
0.0493867229878934
0.0493637130836265
0.0493398358163501
0.0493150889320449
0.0492894741456843
0.0492629979809606
0.0492356727960093
0.0492075180574392
0.0491785619576803
0.0491488435285806
0.0491184155165012
0.0490873485261638
0.0490557375565643
0.0490237140758922
0.0490202760772925
0.0490522114403117
0.0490837346439999
0.0491147143481356
0.0491450556843866
0.0491746881788266
0.0492035592143216
0.0492316298852992
0.0492588721216209
0.0492852665740471
0.0493108009961666
0.0493354689697412
0.0493592688785250
0.0493822030681663
0.0494042771494439
0.0494254994144420
0.0494458803432923
0.0494654321847259
0.0494841685975413
0.0495021043428524
0.0495192550191165
0.0495356368333887
0.0495512664035016
0.0495661605868352
0.0495803363318903
0.0495938105496786
0.0496066000022584
0.0496187212061732
0.0496301903488810
0.0496410232165123
0.0496512351314991
0.0496608408988541
0.0496698547599479
0.0496782903528906
0.0496861606786191
0.0496934780719737
0.0497002541771475
0.0497064999268560
0.0497122255247784
0.0497174404308400
0.0497221533488895
0.0497263722164654
0.0497301041963486
0.0497333556696368
0.0497361322301194
0.0497384386797254
0.0497402790249561
0.0497416564740674
0.0497425734349935
0.0497430315138183
0.0497430315138182
0.0497425734349935
0.0497416564740674
0.0497402790249561
0.0497384386797254
0.0497361322301194
0.0497333556696368
0.0497301041963484
0.0497263722164655
0.0497221533488896
0.0497174404308400
0.0497122255247784
0.0497064999268559
0.0497002541771475
0.0496934780719737
0.0496861606786191
0.0496782903528908
0.0496698547599477
0.0496608408988540
0.0496512351314990
0.0496410232165123
0.0496301903488810
0.0496187212061733
0.0496066000022585
0.0495938105496791
0.0495803363318898
0.0495661605868349
0.0495512664035016
0.0495356368333887
0.0495192550191165
0.0495021043428524
0.0494841685975416
0.0494654321847260
0.0494458803432924
0.0494254994144420
0.0494042771494439
0.0493822030681664
0.0493592688785250
0.0493354689697412
0.0493108009961666
0.0492852665740471
0.0492588721216210
0.0492316298852991
0.0492035592143216
0.0491746881788266
0.0491450556843865
0.0491147143481356
0.0490837346439998
0.0490522114403117
0.0490202760772925
0.0490165299961133
0.0490483688098622
0.0490797958518039
0.0491106799244381
0.0491409263049632
0.0491704646649697
0.0491992425308803
0.0492272211372501
0.0492543725494245
0.0492806775479870
0.0493061240098763
0.0493307056330744
0.0493544209098685
0.0493772722863835
0.0493992654655752
0.0494204088232195
0.0494407129146512
0.0494601900553750
0.0494788539626572
0.0494967194480485
0.0495138021526617
0.0495301183188067
0.0495456845925839
0.0495605178530442
0.0495746350642863
0.0495880531472958
0.0496007888689982
0.0496128587461959
0.0496242789625151
0.0496350652966460
0.0496452330604835
0.0496547970458655
0.0496637714788191
0.0496721699803773
0.0496800055330889
0.0496872904525056
0.0496940363629670
0.0497002541771475
0.0497059540788255
0.0497111455084315
0.0497158371510185
0.0497200369262814
0.0497237519803148
0.0497269886789043
0.0497297526020525
0.0497320485396032
0.0497338804877908
0.0497352516465322
0.0497361644174284
0.0497366204023016
0.0497366204023016
0.0497361644174284
0.0497352516465322
0.0497338804877908
0.0497320485396029
0.0497297526020526
0.0497269886789043
0.0497237519803147
0.0497200369262814
0.0497158371510185
0.0497111455084314
0.0497059540788255
0.0497002541771476
0.0496940363629670
0.0496872904525055
0.0496800055330889
0.0496721699803773
0.0496637714788191
0.0496547970458656
0.0496452330604836
0.0496350652966461
0.0496242789625151
0.0496128587461959
0.0496007888689982
0.0495880531472959
0.0495746350642859
0.0495605178530442
0.0495456845925839
0.0495301183188067
0.0495138021526616
0.0494967194480484
0.0494788539626572
0.0494601900553750
0.0494407129146508
0.0494204088232195
0.0493992654655751
0.0493772722863836
0.0493544209098684
0.0493307056330744
0.0493061240098764
0.0492806775479870
0.0492543725494245
0.0492272211372501
0.0491992425308803
0.0491704646649697
0.0491409263049632
0.0491106799244382
0.0490797958518039
0.0490483688098622
0.0490165299961133
0.0490124707369705
0.0490442043000245
0.0490755265163460
0.0491063063470341
0.0491364492307521
0.0491658850003448
0.0491945613411048
0.0492224396424266
0.0492494921191073
0.0492756996947114
0.0493010503817483
0.0493255380056283
0.0493491611773748
0.0493719224527209
0.0493938276348336
0.0494148851901939
0.0494351057552816
0.0494545017173049
0.0494730868559948
0.0494908760363823
0.0495078849444445
0.0495241298591730
0.0495396274555952
0.0495543946344895
0.0495684483749714
0.0495818056069264
0.0495944831006080
0.0496064973711528
0.0496178645960910
0.0496286005441663
0.0496387205139944
0.0496482392813445
0.0496571710538981
0.0496655294325523
0.0496733273783743
0.0496805771845322
0.0496872904525056
0.0496934780719736
0.0496991502039613
0.0497043162667069
0.0497089849239172
0.0497131640750557
0.0497168608473589
0.0497200815893084
0.0497228318653726
0.0497251164517832
0.0497269393332182
0.0497283037002232
0.0497292119472766
0.0497296656714324
0.0497296656714324
0.0497292119472766
0.0497283037002230
0.0497269393332182
0.0497251164517832
0.0497228318653726
0.0497200815893084
0.0497168608473590
0.0497131640750557
0.0497089849239172
0.0497043162667069
0.0496991502039613
0.0496934780719737
0.0496872904525056
0.0496805771845321
0.0496733273783743
0.0496655294325523
0.0496571710538982
0.0496482392813445
0.0496387205139944
0.0496286005441663
0.0496178645960911
0.0496064973711528
0.0495944831006080
0.0495818056069266
0.0495684483749714
0.0495543946344895
0.0495396274555945
0.0495241298591729
0.0495078849444447
0.0494908760363823
0.0494730868559950
0.0494545017173049
0.0494351057552815
0.0494148851901939
0.0493938276348336
0.0493719224527209
0.0493491611773748
0.0493255380056283
0.0493010503817483
0.0492756996947115
0.0492494921191073
0.0492224396424267
0.0491945613411048
0.0491658850003448
0.0491364492307521
0.0491063063470341
0.0490755265163460
0.0490442043000245
0.0490124707369712
0.0490080928494285
0.0490397121664772
0.0490709206014132
0.0491015872910475
0.0491316178527050
0.0491609422973531
0.0491895084855282
0.0492172779771601
0.0492442231513601
0.0492703250885671
0.0492955719497107
0.0493199576993835
0.0493434810779176
0.0493661447600597
0.0493879546574187
0.0494089193342177
0.0494290495139996
0.0494483576604851
0.0494668576196290
0.0494845643127306
0.0495014934725098
0.0495176614156515
0.0495330848463859
0.0495477806867779
0.0495617659299365
0.0495750575130636
0.0495876722077101
0.0495996265249217
0.0496109366333982
0.0496216182889100
0.0496316867736036
0.0496411568438316
0.0496500426854962
0.0496583578758611
0.0496661153510363
0.0496733273783743
0.0496800055330889
0.0496861606786191
0.0496918029500887
0.0496969417405607
0.0497015856896011
0.0497057426738469
0.0497094197992788
0.0497126233949324
0.0497153590078288
0.0497176313989312
0.0497194445399722
0.0497208016109906
0.0497217049985119
0.0497221562942476
0.0497221562942476
0.0497217049985119
0.0497208016109906
0.0497194445399723
0.0497176313989313
0.0497153590078288
0.0497126233949323
0.0497094197992788
0.0497057426738469
0.0497015856896011
0.0496969417405607
0.0496918029500887
0.0496861606786191
0.0496800055330889
0.0496733273783743
0.0496661153510363
0.0496583578758611
0.0496500426854962
0.0496411568438315
0.0496316867736035
0.0496216182889100
0.0496109366333982
0.0495996265249216
0.0495876722077101
0.0495750575130636
0.0495617659299364
0.0495477806867779
0.0495330848463857
0.0495176614156514
0.0495014934725099
0.0494845643127306
0.0494668576196290
0.0494483576604855
0.0494290495139996
0.0494089193342177
0.0493879546574187
0.0493661447600596
0.0493434810779176
0.0493199576993835
0.0492955719497106
0.0492703250885671
0.0492442231513598
0.0492172779771600
0.0491895084855280
0.0491609422973530
0.0491316178527051
0.0491015872910475
0.0490709206014130
0.0490397121664772
0.0490080928494284
0.0490033905386293
0.0490348862956102
0.0490659716768783
0.0490965160135209
0.0491264251200441
0.0491556292037207
0.0491840763179180
0.0492117282098638
0.0492385574388079
0.0492645452567919
0.0492896799867204
0.0493139557446557
0.0493373714112353
0.0493599297899077
0.0493816369090929
0.0494025014378369
0.0494225341925795
0.0494417477181938
0.0494601559303553
0.0494777738090824
0.0494946171353021
0.0495107022639739
0.0495260459282963
0.0495406650706849
0.0495545766966468
0.0495677977485849
0.0495803449967556
0.0495922349451344
0.0496034837502869
0.0496141071514888
0.0496241204106774
0.0496335382609561
0.0496423748625192
0.0496506437650754
0.0496583578758611
0.0496655294325524
0.0496721699803776
0.0496782903528907
0.0496839006558826
0.0496890102539583
0.0496936277594819
0.0496977610234218
0.0497014171279108
0.0497046023801891
0.0497073223077690
0.0497095816545487
0.0497113843778031
0.0497127336458682
0.0497136318363910
0.0497140805351163
0.0497140805351162
0.0497136318363910
0.0497127336458682
0.0497113843778031
0.0497095816545487
0.0497073223077690
0.0497046023801892
0.0497014171279108
0.0496977610234219
0.0496936277594819
0.0496890102539584
0.0496839006558826
0.0496782903528908
0.0496721699803773
0.0496655294325523
0.0496583578758611
0.0496506437650754
0.0496423748625193
0.0496335382609562
0.0496241204106774
0.0496141071514887
0.0496034837502870
0.0495922349451344
0.0495803449967556
0.0495677977485849
0.0495545766966468
0.0495406650706849
0.0495260459282963
0.0495107022639739
0.0494946171353021
0.0494777738090824
0.0494601559303553
0.0494417477181938
0.0494225341925795
0.0494025014378369
0.0493816369090929
0.0493599297899077
0.0493373714112356
0.0493139557446559
0.0492896799867204
0.0492645452567921
0.0492385574388079
0.0492117282098638
0.0491840763179180
0.0491556292037207
0.0491264251200441
0.0490965160135209
0.0490659716768783
0.0490348862956102
0.0490033905386294
0.0489983576776189
0.0490297202160097
0.0490606729294031
0.0490910853633149
0.0491208635494988
0.0491499379111630
0.0491782567134014
0.0492057819087369
0.0492324862534316
0.0492583511867651
0.0492833652079096
0.0493075225972797
0.0493308223872580
0.0493532675199422
0.0493748641490625
0.0493956210555816
0.0494155491545278
0.0494346610763354
0.0494529708095875
0.0494704933950506
0.0494872446628606
0.0495032410062941
0.0495184991867387
0.0495330361653965
0.0495468689580014
0.0495600145094007
0.0495724895853313
0.0495843106791073
0.0495954939312677
0.0496060550604495
0.0496160093041012
0.0496253713676794
0.0496341553812467
0.0496423748625192
0.0496500426854962
0.0496571710538982
0.0496637714788191
0.0496698547599478
0.0496754309699314
0.0496805094413572
0.0496850987560266
0.0496892067361534
0.0496928404372007
0.0496960061420873
0.0496987093565593
0.0497009548055136
0.0497027464301570
0.0497040873857911
0.0497049800402091
0.0497054259725472
0.0497054259725472
0.0497049800402091
0.0497040873857911
0.0497027464301570
0.0497009548055136
0.0496987093565593
0.0496960061420872
0.0496928404372007
0.0496892067361534
0.0496850987560269
0.0496805094413573
0.0496754309699314
0.0496698547599478
0.0496637714788191
0.0496571710538982
0.0496500426854962
0.0496423748625192
0.0496341553812467
0.0496253713676794
0.0496160093041012
0.0496060550604496
0.0495954939312675
0.0495843106791074
0.0495724895853313
0.0495600145094009
0.0495468689580014
0.0495330361653965
0.0495184991867386
0.0495032410062941
0.0494872446628606
0.0494704933950506
0.0494529708095876
0.0494346610763354
0.0494155491545278
0.0493956210555816
0.0493748641490625
0.0493532675199423
0.0493308223872580
0.0493075225972797
0.0492833652079097
0.0492583511867650
0.0492324862534316
0.0492057819087369
0.0491782567134014
0.0491499379111631
0.0491208635494988
0.0490910853633149
0.0490606729294031
0.0490297202160097
0.0489983576776189
0.0489929878216017
0.0490242071118266
0.0490550171749456
0.0490852877928348
0.0491149252362892
0.0491438601656935
0.0491720410782761
0.0491994301511600
0.0492260003556589
0.0492517333349275
0.0492766177795053
0.0493006481476505
0.0493238236353431
0.0493461473335662
0.0493676255299706
0.0493882671244389
0.0494080831361425
0.0494270862851670
0.0494452906357743
0.0494627112910340
0.0494793641307285
0.0494952655858994
0.0495104324446679
0.0495248816848049
0.0495386303293810
0.0495516953222404
0.0495640934206962
0.0495758411031165
0.0495869544894294
0.0495974492728777
0.0496073406615014
0.0496166433281218
0.0496253713676793
0.0496335382609561
0.0496411568438316
0.0496482392813445
0.0496547970458655
0.0496608408988540
0.0496663808756540
0.0496714262729167
0.0496759856382529
0.0496800667617599
0.0496836766691824
0.0496868216163682
0.0496895070848769
0.0496917377785202
0.0496935176206672
0.0496948497522024
0.0496957365299951
0.0496961795258605
0.0496961795258604
0.0496957365299951
0.0496948497522023
0.0496935176206672
0.0496917377785202
0.0496895070848767
0.0496868216163682
0.0496836766691824
0.0496800667617601
0.0496759856382529
0.0496714262729167
0.0496663808756541
0.0496608408988540
0.0496547970458656
0.0496482392813444
0.0496411568438316
0.0496335382609561
0.0496253713676793
0.0496166433281217
0.0496073406615014
0.0495974492728776
0.0495869544894293
0.0495758411031165
0.0495640934206963
0.0495516953222404
0.0495386303293806
0.0495248816848049
0.0495104324446680
0.0494952655858994
0.0494793641307285
0.0494627112910340
0.0494452906357743
0.0494270862851671
0.0494080831361424
0.0493882671244390
0.0493676255299706
0.0493461473335661
0.0493238236353432
0.0493006481476505
0.0492766177795053
0.0492517333349274
0.0492260003556589
0.0491994301511600
0.0491720410782761
0.0491438601656934
0.0491149252362891
0.0490852877928346
0.0490550171749456
0.0490242071118267
0.0489929878216017
0.0489872742244149
0.0490183398382942
0.0490489968733275
0.0490791153717292
0.0491086018670650
0.0491373872799369
0.0491654203617600
0.0491926635350459
0.0492190900054944
0.0492446816378154
0.0492694273298657
0.0492933217318960
0.0493163642157885
0.0493385580318641
0.0493599096103476
0.0493804279769882
0.0494001242603405
0.0494190112738756
0.0494371031598066
0.0494544150844906
0.0494709629771257
0.0494867633052539
0.0495018328815293
0.0495161886973220
0.0495298477793487
0.0495428270662308
0.0495551433021730
0.0495668129455472
0.0495778520903843
0.0495882763990347
0.0495981010445481
0.0496073406615014
0.0496160093041012
0.0496241204106774
0.0496316867736035
0.0496387205139944
0.0496452330604835
0.0496512351314990
0.0496567367205497
0.0496617470841031
0.0496662747316222
0.0496703274174666
0.0496739121343453
0.0496770351080758
0.0496797017934433
0.0496819168709170
0.0496836842441543
0.0496850070380998
0.0496858875975753
0.0496863274863038
0.0496863274863038
0.0496858875975753
0.0496850070380999
0.0496836842441542
0.0496819168709170
0.0496797017934432
0.0496770351080758
0.0496739121343453
0.0496703274174667
0.0496662747316221
0.0496617470841027
0.0496567367205497
0.0496512351314991
0.0496452330604835
0.0496387205139944
0.0496316867736035
0.0496241204106774
0.0496160093041012
0.0496073406615015
0.0495981010445482
0.0495882763990349
0.0495778520903843
0.0495668129455470
0.0495551433021731
0.0495428270662308
0.0495298477793486
0.0495161886973220
0.0495018328815293
0.0494867633052539
0.0494709629771258
0.0494544150844905
0.0494371031598066
0.0494190112738756
0.0494001242603404
0.0493804279769882
0.0493599096103476
0.0493385580318641
0.0493163642157885
0.0492933217318959
0.0492694273298661
0.0492446816378154
0.0492190900054946
0.0491926635350460
0.0491654203617599
0.0491373872799369
0.0491086018670651
0.0490791153717292
0.0490489968733275
0.0490183398382942
0.0489872742244148
0.0489812098575132
0.0490121109396586
0.0490426041452093
0.0490725598029722
0.0491018847351607
0.0491305101476931
0.0491583850700420
0.0491854721925328
0.0492117449759663
0.0492371855254482
0.0492617829630184
0.0492855321457170
0.0493084326340582
0.0493304878483610
0.0493517043700899
0.0493720913575840
0.0493916600537186
0.0494104233685656
0.0494283955239897
0.0494455917498784
0.0494620280238941
0.0494777208479803
0.0494926870562847
0.0495069436498907
0.0495205076546374
0.0495333959988143
0.0495456254079697
0.0495572123146193
0.0495681727807826
0.0495785224316722
0.0495882763990347
0.0495974492728776
0.0496060550604498
0.0496141071514887
0.0496216182889100
0.0496286005441663
0.0496350652966459
0.0496410232165123
0.0496464842505124
0.0496514576103170
0.0496559517629709
0.0496599744231691
0.0496635325470425
0.0496666323272014
0.0496692791888361
0.0496714777866793
0.0496732320026632
0.0496745449441780
0.0496754189427824
0.0496758555533068
0.0496758555533068
0.0496754189427823
0.0496745449441779
0.0496732320026631
0.0496714777866791
0.0496692791888361
0.0496666323272014
0.0496635325470424
0.0496599744231692
0.0496559517629710
0.0496514576103170
0.0496464842505124
0.0496410232165123
0.0496350652966460
0.0496286005441663
0.0496216182889100
0.0496141071514886
0.0496060550604496
0.0495974492728777
0.0495882763990347
0.0495785224316721
0.0495681727807826
0.0495572123146193
0.0495456254079697
0.0495333959988143
0.0495205076546374
0.0495069436498909
0.0494926870562847
0.0494777208479803
0.0494620280238941
0.0494455917498784
0.0494283955239897
0.0494104233685657
0.0493916600537185
0.0493720913575840
0.0493517043700897
0.0493304878483610
0.0493084326340581
0.0492855321457169
0.0492617829630184
0.0492371855254482
0.0492117449759663
0.0491854721925330
0.0491583850700420
0.0491305101476930
0.0491018847351607
0.0490725598029722
0.0490426041452093
0.0490121109396584
0.0489812098575133
0.0489747874318589
0.0490055126699531
0.0490358307917966
0.0490656124415760
0.0490947647585177
0.0491232192611573
0.0491509252829793
0.0491778458063336
0.0492039545693358
0.0492292339375979
0.0492536732751372
0.0492772676612669
0.0493000168582395
0.0493219244671947
0.0493429972294194
0.0493632444422947
0.0493826774674800
0.0494013093142788
0.0494191542851450
0.0494362276729696
0.0494525455019791
0.0494681243055035
0.0494829809351526
0.0494971323968906
0.0495105957101443
0.0495233877867867
0.0495355253272406
0.0495470247313803
0.0495579020222290
0.0495681727807826
0.0495778520903843
0.0495869544894293
0.0495954939312677
0.0496034837502870
0.0496109366333978
0.0496178645960910
0.0496242789625152
0.0496301903488810
0.0496356086498383
0.0496405430272712
0.0496450019012056
0.0496489929424542
0.0496525230667499
0.0496555984300903
0.0496582244250864
0.0496604056781545
0.0496621460473545
0.0496634486208018
0.0496643157154948
0.0496647488765093
0.0496647488765093
0.0496643157154948
0.0496634486208019
0.0496621460473546
0.0496604056781545
0.0496582244250864
0.0496555984300904
0.0496525230667499
0.0496489929424542
0.0496450019012056
0.0496405430272713
0.0496356086498381
0.0496301903488810
0.0496242789625151
0.0496178645960910
0.0496109366333979
0.0496034837502870
0.0495954939312675
0.0495869544894293
0.0495778520903843
0.0495681727807826
0.0495579020222292
0.0495470247313803
0.0495355253272406
0.0495233877867864
0.0495105957101443
0.0494971323968906
0.0494829809351526
0.0494681243055034
0.0494525455019790
0.0494362276729696
0.0494191542851450
0.0494013093142787
0.0493826774674800
0.0493632444422947
0.0493429972294195
0.0493219244671947
0.0493000168582395
0.0492772676612667
0.0492536732751372
0.0492292339375979
0.0492039545693358
0.0491778458063336
0.0491509252829793
0.0491232192611573
0.0490947647585178
0.0490656124415760
0.0490358307917966
0.0490055126699531
0.0489747874318589
0.0489679994230256
0.0489985370169495
0.0490286683176595
0.0490582643164506
0.0490872325006212
0.0491155047312057
0.0491430306738945
0.0491697736292288
0.0491957076365573
0.0492208153433836
0.0492450863745080
0.0492685160476421
0.0492911043402723
0.0493128550452461
0.0493337750720581
0.0493538738631960
0.0493731629029652
0.0493916553017774
0.0494093654427464
0.0494263086802606
0.0494425010821824
0.0494579592091155
0.0494726999250149
0.0494867402347624
0.0495000971447456
0.0495127875433003
0.0495248280981753
0.0495362351688287
0.0495470247313801
0.0495572123146195
0.0495668129455472
0.0495758411031164
0.0495843106791076
0.0495922349451344
0.0495996265249217
0.0496064973711527
0.0496128587461959
0.0496187212061733
0.0496240945878573
0.0496289879979904
0.0496334098046253
0.0496373676301767
0.0496408683459015
0.0496439180675448
0.0496465221519500
0.0496486851944715
0.0496504110270192
0.0496517027166005
0.0496525625642783
0.0496529921044638
0.0496529921044638
0.0496525625642782
0.0496517027166005
0.0496504110270194
0.0496486851944716
0.0496465221519500
0.0496439180675448
0.0496408683459014
0.0496373676301767
0.0496334098046253
0.0496289879979903
0.0496240945878573
0.0496187212061733
0.0496128587461959
0.0496064973711527
0.0495996265249216
0.0495922349451343
0.0495843106791073
0.0495758411031164
0.0495668129455472
0.0495572123146194
0.0495470247313803
0.0495362351688287
0.0495248280981753
0.0495127875433003
0.0495000971447456
0.0494867402347624
0.0494726999250148
0.0494579592091150
0.0494425010821824
0.0494263086802606
0.0494093654427462
0.0493916553017774
0.0493731629029653
0.0493538738631961
0.0493337750720583
0.0493128550452461
0.0492911043402723
0.0492685160476421
0.0492450863745081
0.0492208153433836
0.0491957076365573
0.0491697736292288
0.0491430306738945
0.0491155047312057
0.0490872325006213
0.0490582643164506
0.0490286683176594
0.0489985370169495
0.0489679994230255
0.0489608381000882
0.0489911757297525
0.0490211079571812
0.0490505061557572
0.0490792781950193
0.0491073563112019
0.0491346905329171
0.0491612445072625
0.0491869926004861
0.0492119177647920
0.0492360099055747
0.0492592645957202
0.0492816820417208
0.0493032662389898
0.0493240242733302
0.0493439657378193
0.0493631022425295
0.0493814469999293
0.0493990144728290
0.0494158200744262
0.0494318799121314
0.0494472105684480
0.0494618289133135
0.0494757519433182
0.0494889966439837
0.0495015798717625
0.0495135182531048
0.0495248280981753
0.0495355253272405
0.0495456254079697
0.0495551433021730
0.0495640934206963
0.0495724895853313
0.0495803449967554
0.0495876722077101
0.0495944831006083
0.0496007888689983
0.0496066000022588
0.0496119262730917
0.0496167767273399
0.0496211596757940
0.0496250826876523
0.0496285525853375
0.0496315754404682
0.0496341565707382
0.0496363005375379
0.0496380111442014
0.0496392914346850
0.0496401436926702
0.0496405694409221
0.0496405694409222
0.0496401436926702
0.0496392914346851
0.0496380111442014
0.0496363005375378
0.0496341565707380
0.0496315754404682
0.0496285525853373
0.0496250826876517
0.0496211596757941
0.0496167767273399
0.0496119262730917
0.0496066000022588
0.0496007888689983
0.0495944831006080
0.0495876722077100
0.0495803449967554
0.0495724895853313
0.0495640934206962
0.0495551433021729
0.0495456254079697
0.0495355253272406
0.0495248280981753
0.0495135182531048
0.0495015798717625
0.0494889966439837
0.0494757519433182
0.0494618289133135
0.0494472105684479
0.0494318799121314
0.0494158200744261
0.0493990144728290
0.0493814469999293
0.0493631022425295
0.0493439657378193
0.0493240242733302
0.0493032662389899
0.0492816820417208
0.0492592645957202
0.0492360099055750
0.0492119177647920
0.0491869926004861
0.0491612445072624
0.0491346905329173
0.0491073563112019
0.0490792781950193
0.0490505061557572
0.0490211079571812
0.0489911757297525
0.0489608381000882
0.0489532955587404
0.0489834203505982
0.0490131407050720
0.0490423284163544
0.0490708917738678
0.0490987634249224
0.0491258937945666
0.0491522469071837
0.0491777974835391
0.0492025288048084
0.0492264310778189
0.0492495001479984
0.0492717364648126
0.0492931442369398
0.0493137307341013
0.0493335057047353
0.0493524808868294
0.0493706695947368
0.0493880863687424
0.0494047466768570
0.0494206666605240
0.0494358629173879
0.0494503523155815
0.0494641518348309
0.0494772784305864
0.0494897489178142
0.0495015798717624
0.0495127875433001
0.0495233877867864
0.0495333959988142
0.0495428270662308
0.0495516953222404
0.0495600145094009
0.0495677977485849
0.0495750575130635
0.0495818056069264
0.0495880531472958
0.0495938105496789
0.0495990875160596
0.0496038930252339
0.0496082353250928
0.0496121219264801
0.0496155595983829
0.0496185543641874
0.0496211114988381
0.0496232355267050
0.0496249302199697
0.0496261985975088
0.0496270429240890
0.0496274647098109
0.0496274647098109
0.0496270429240890
0.0496261985975091
0.0496249302199697
0.0496232355267049
0.0496211114988381
0.0496185543641875
0.0496155595983828
0.0496121219264801
0.0496082353250928
0.0496038930252339
0.0495990875160596
0.0495938105496790
0.0495880531472957
0.0495818056069266
0.0495750575130636
0.0495677977485849
0.0495600145094009
0.0495516953222404
0.0495428270662309
0.0495333959988142
0.0495233877867864
0.0495127875433003
0.0495015798717625
0.0494897489178142
0.0494772784305864
0.0494641518348304
0.0494503523155815
0.0494358629173880
0.0494206666605240
0.0494047466768570
0.0493880863687424
0.0493706695947368
0.0493524808868295
0.0493335057047353
0.0493137307341015
0.0492931442369395
0.0492717364648126
0.0492495001479984
0.0492264310778190
0.0492025288048084
0.0491777974835392
0.0491522469071837
0.0491258937945666
0.0490987634249224
0.0490708917738678
0.0490423284163546
0.0490131407050720
0.0489834203505982
0.0489532955587403
0.0489453637592726
0.0489752622513917
0.0490047573516418
0.0490337213179318
0.0490620629011783
0.0490897151991866
0.0491166290700907
0.0491427689488734
0.0491681099405053
0.0491926356809525
0.0492163367003042
0.0492392091344229
0.0492612536897705
0.0492824747986504
0.0493028799216384
0.0493224789663277
0.0493412837995884
0.0493593078361305
0.0493765656900027
0.0493930728784765
0.0494088455699144
0.0494239003687495
0.0494382541319332
0.0494519238122025
0.0494649263242680
0.0494772784305864
0.0494889966439837
0.0495000971447456
0.0495105957101442
0.0495205076546374
0.0495298477793487
0.0495386303293806
0.0495468689580014
0.0495545766966468
0.0495617659299365
0.0495684483749713
0.0495746350642863
0.0495803363318903
0.0495855618019590
0.0495903203797088
0.0495946202441373
0.0495984688423098
0.0496018728848703
0.0496048383426624
0.0496073704441064
0.0496094736733014
0.0496111517685998
0.0496124077216473
0.0496132437766810
0.0496136614300708
0.0496136614300708
0.0496132437766810
0.0496124077216473
0.0496111517685998
0.0496094736733013
0.0496073704441065
0.0496048383426624
0.0496018728848702
0.0495984688423098
0.0495946202441373
0.0495903203797088
0.0495855618019590
0.0495803363318903
0.0495746350642863
0.0495684483749714
0.0495617659299365
0.0495545766966468
0.0495468689580014
0.0495386303293806
0.0495298477793487
0.0495205076546374
0.0495105957101443
0.0495000971447456
0.0494889966439837
0.0494772784305864
0.0494649263242680
0.0494519238122026
0.0494382541319332
0.0494239003687495
0.0494088455699143
0.0493930728784765
0.0493765656900027
0.0493593078361305
0.0493412837995885
0.0493224789663277
0.0493028799216384
0.0492824747986504
0.0492612536897705
0.0492392091344229
0.0492163367003042
0.0491926356809525
0.0491681099405053
0.0491427689488734
0.0491166290700908
0.0490897151991867
0.0490620629011783
0.0490337213179317
0.0490047573516417
0.0489752622513917
0.0489453637592725
0.0489370345701122
0.0489666926757582
0.0489959485234443
0.0490246748825288
0.0490527810114821
0.0490802005020342
0.0491068846854844
0.0491327984436116
0.0491579172974645
0.0491822252651879
0.0492057132229328
0.0492283776152634
0.0492502194195518
0.0492712433015220
0.0492914569186036
0.0493108703400936
0.0493294955612468
0.0493473460939630
0.0493644366206001
0.0493807827003230
0.0493964005194829
0.0494113066791179
0.0494255180138727
0.0494390514376745
0.0494519238122029
0.0494641518348309
0.0494757519433181
0.0494867402347623
0.0494971323968902
0.0495069436498908
0.0495161886973217
0.0495248816848048
0.0495330361653965
0.0495406650706851
0.0495477806867779
0.0495543946344895
0.0495605178530442
0.0495661605868349
0.0495713323746987
0.0495760420413432
0.0495802976905517
0.0495841066998566
0.0495874757164488
0.0495904106540576
0.0495929166906114
0.0495949982665511
0.0495966590835890
0.0495979021038856
0.0495987295494609
0.0495991429018429
0.0495991429018430
0.0495987295494609
0.0495979021038856
0.0495966590835890
0.0495949982665511
0.0495929166906114
0.0495904106540575
0.0495874757164488
0.0495841066998566
0.0495802976905518
0.0495760420413431
0.0495713323746987
0.0495661605868348
0.0495605178530441
0.0495543946344895
0.0495477806867779
0.0495406650706849
0.0495330361653965
0.0495248816848049
0.0495161886973220
0.0495069436498908
0.0494971323968902
0.0494867402347623
0.0494757519433181
0.0494641518348309
0.0494519238122028
0.0494390514376745
0.0494255180138728
0.0494113066791179
0.0493964005194829
0.0493807827003231
0.0493644366206003
0.0493473460939630
0.0493294955612468
0.0493108703400936
0.0492914569186036
0.0492712433015220
0.0492502194195519
0.0492283776152635
0.0492057132229328
0.0491822252651878
0.0491579172974646
0.0491327984436116
0.0491068846854846
0.0490802005020341
0.0490527810114821
0.0490246748825288
0.0489959485234443
0.0489666926757582
0.0489370345701121
0.0489282998177295
0.0489577027873376
0.0489867047301582
0.0490151789802455
0.0490430353547349
0.0490702079872287
0.0490966487260911
0.0491223229391653
0.0491472065978198
0.0491712841313286
0.0491945467855773
0.0492169913323159
0.0492386190333692
0.0492594347968281
0.0492794464817068
0.0492986643200016
0.0493171004330516
0.0493347684248111
0.0493516830384461
0.0493678598655591
0.0493833150994861
0.0493980653256530
0.0494121273433097
0.0494255180138728
0.0494382541319332
0.0494503523155815
0.0494618289133135
0.0494726999250149
0.0494829809351527
0.0494926870562848
0.0495018328815293
0.0495104324446679
0.0495184991867387
0.0495260459282963
0.0495330848463858
0.0495396274555946
0.0495456845925839
0.0495512664035017
0.0495563823338993
0.0495610411206605
0.0495652507856851
0.0495690186309752
0.0495723512348675
0.0495752544492135
0.0495777333973088
0.0495797924723877
0.0495814353365894
0.0495826649202426
0.0495834834214115
0.0495838923056002
0.0495838923056002
0.0495834834214115
0.0495826649202427
0.0495814353365894
0.0495797924723877
0.0495777333973088
0.0495752544492134
0.0495723512348675
0.0495690186309752
0.0495652507856851
0.0495610411206605
0.0495563823338994
0.0495512664035017
0.0495456845925839
0.0495396274555946
0.0495330848463859
0.0495260459282963
0.0495184991867387
0.0495104324446679
0.0495018328815293
0.0494926870562847
0.0494829809351527
0.0494726999250148
0.0494618289133135
0.0494503523155815
0.0494382541319332
0.0494255180138728
0.0494121273433097
0.0493980653256530
0.0493833150994861
0.0493678598655591
0.0493516830384461
0.0493347684248110
0.0493171004330516
0.0492986643200016
0.0492794464817067
0.0492594347968282
0.0492386190333692
0.0492169913323159
0.0491945467855773
0.0491712841313286
0.0491472065978198
0.0491223229391656
0.0490966487260912
0.0490702079872287
0.0490430353547349
0.0490151789802454
0.0489867047301582
0.0489577027873376
0.0489282998177295
0.0489191513438347
0.0489482837253028
0.0489770164186457
0.0490052233821482
0.0490328150485120
0.0490597261462034
0.0490859090888213
0.0491113297728854
0.0491359646567432
0.0491597986113215
0.0491828232766132
0.0492050357699997
0.0492264376506292
0.0492470340766657
0.0492668331118145
0.0492858451497873
0.0493040824335052
0.0493215586515282
0.0493382885979357
0.0493542878849213
0.0493695726994338
0.0493841595968102
0.0493980653256530
0.0494113066791179
0.0494239003687496
0.0494358629173880
0.0494472105684484
0.0494579592091149
0.0494681243055035
0.0494777208479803
0.0494867633052539
0.0494952655858993
0.0495032410062941
0.0495107022639739
0.0495176614156515
0.0495241298591730
0.0495301183188067
0.0495356368333888
0.0495406947467816
0.0495453007003959
0.0495494626272688
0.0495531877475695
0.0495564825651614
0.0495593528650584
0.0495618037116022
0.0495638394471537
0.0495654636912194
0.0495666793398762
0.0495674885654041
0.0495678928160854
0.0495678928160855
0.0495674885654041
0.0495666793398762
0.0495654636912194
0.0495638394471537
0.0495618037116021
0.0495593528650584
0.0495564825651614
0.0495531877475693
0.0495494626272688
0.0495453007003959
0.0495406947467816
0.0495356368333887
0.0495301183188068
0.0495241298591731
0.0495176614156514
0.0495107022639739
0.0495032410062941
0.0494952655858994
0.0494867633052539
0.0494777208479803
0.0494681243055035
0.0494579592091156
0.0494472105684484
0.0494358629173881
0.0494239003687496
0.0494113066791179
0.0493980653256530
0.0493841595968102
0.0493695726994338
0.0493542878849213
0.0493382885979357
0.0493215586515282
0.0493040824335052
0.0492858451497873
0.0492668331118146
0.0492470340766657
0.0492264376506292
0.0492050357699997
0.0491828232766131
0.0491597986113215
0.0491359646567432
0.0491113297728854
0.0490859090888214
0.0490597261462035
0.0490328150485120
0.0490052233821483
0.0489770164186457
0.0489482837253028
0.0489191513438347
0.0489095810709599
0.0489384266681742
0.0489668740352359
0.0489947978214633
0.0490221091385979
0.0490487433686906
0.0490746535434190
0.0490998061342237
0.0491241781255875
0.0491477548620472
0.0491705284025735
0.0491924962282374
0.0492136602072657
0.0492340257539493
0.0492536011376407
0.0492723969103436
0.0492904254294387
0.0493077004578807
0.0493242368279833
0.0493400501579578
0.0493551566123590
0.0493695726994338
0.0493833150994862
0.0493964005194830
0.0494088455699143
0.0494206666605241
0.0494318799121315
0.0494425010821824
0.0494525455019790
0.0494620280238941
0.0494709629771258
0.0494793641307283
0.0494872446628606
0.0494946171353016
0.0495014934725099
0.0495078849444446
0.0495138021526617
0.0495192550191165
0.0495242527772461
0.0495288039649450
0.0495329164191304
0.0495365972715966
0.0495398529458819
0.0495426891550320
0.0495451108999577
0.0495471224683425
0.0495487274339175
0.0495499286559925
0.0495507282791939
0.0495511277333367
0.0495511277333367
0.0495507282791942
0.0495499286559926
0.0495487274339176
0.0495471224683425
0.0495451108999577
0.0495426891550320
0.0495398529458819
0.0495365972715966
0.0495329164191305
0.0495288039649450
0.0495242527772461
0.0495192550191166
0.0495138021526617
0.0495078849444445
0.0495014934725098
0.0494946171353016
0.0494872446628606
0.0494793641307283
0.0494709629771258
0.0494620280238941
0.0494525455019790
0.0494425010821824
0.0494318799121315
0.0494206666605240
0.0494088455699143
0.0493964005194832
0.0493833150994862
0.0493695726994338
0.0493551566123589
0.0493400501579578
0.0493242368279834
0.0493077004578807
0.0492904254294387
0.0492723969103437
0.0492536011376407
0.0492340257539493
0.0492136602072656
0.0491924962282373
0.0491705284025735
0.0491477548620472
0.0491241781255875
0.0490998061342235
0.0490746535434189
0.0490487433686906
0.0490221091385978
0.0489947978214633
0.0489668740352360
0.0489384266681742
0.0489095810709599
0.0488995810777655
0.0489281229072596
0.0489562680976285
0.0489838920644118
0.0490109066694293
0.0490372480134701
0.0490628698043157
0.0490877391384124
0.0491118335680691
0.0491351389446499
0.0491576477710657
0.0491793579093394
0.0492002715468790
0.0492203943578802
0.0492397348156185
0.0492583036239617
0.0492761132444418
0.0492931775009755
0.0493095112482738
0.0493251300928625
0.0493400501579578
0.0493542878849212
0.0493678598655592
0.0493807827003230
0.0493930728784765
0.0494047466768570
0.0494158200744261
0.0494263086802606
0.0494362276729695
0.0494455917498783
0.0494544150844906
0.0494627112910340
0.0494704933950506
0.0494777738090824
0.0494845643127305
0.0494908760363823
0.0494967194480484
0.0495021043428524
0.0495070398346469
0.0495115343495021
0.0495155956206690
0.0495192306847818
0.0495224458790465
0.0495252468392097
0.0495276384981612
0.0495296250850005
0.0495312101244299
0.0495323964364182
0.0495331861360283
0.0495335806333171
0.0495335806333170
0.0495331861360282
0.0495323964364183
0.0495312101244300
0.0495296250850006
0.0495276384981614
0.0495252468392097
0.0495224458790465
0.0495192306847820
0.0495155956206690
0.0495115343495021
0.0495070398346469
0.0495021043428524
0.0494967194480484
0.0494908760363823
0.0494845643127305
0.0494777738090825
0.0494704933950506
0.0494627112910340
0.0494544150844906
0.0494455917498784
0.0494362276729695
0.0494263086802607
0.0494158200744262
0.0494047466768570
0.0493930728784765
0.0493807827003231
0.0493678598655591
0.0493542878849212
0.0493400501579578
0.0493251300928625
0.0493095112482738
0.0492931775009754
0.0492761132444418
0.0492583036239617
0.0492397348156185
0.0492203943578801
0.0492002715468792
0.0491793579093393
0.0491576477710657
0.0491351389446498
0.0491118335680691
0.0490877391384124
0.0490628698043161
0.0490372480134701
0.0490109066694293
0.0489838920644118
0.0489562680976285
0.0489281229072596
0.0488995810777655
0.0488891436855248
0.0489173639311814
0.0489451892778657
0.0489724959922908
0.0489991967660357
0.0490252284910629
0.0490505456150093
0.0490751159134280
0.0490989175505910
0.0491219369188417
0.0491441669896646
0.0491656060217821
0.0491862565296003
0.0492061244480233
0.0492252184491236
0.0492435493785403
0.0492611297878936
0.0492779735448941
0.0492940955071191
0.0493095112482738
0.0493242368279833
0.0493382885979357
0.0493516830384461
0.0493644366206001
0.0493765656900028
0.0493880863687424
0.0493990144728289
0.0494093654427465
0.0494191542851450
0.0494283955239897
0.0494371031598066
0.0494452906357745
0.0494529708095875
0.0494601559303552
0.0494668576196290
0.0494730868559950
0.0494788539626572
0.0494841685975415
0.0494890397454515
0.0494934757120299
0.0494974841190855
0.0495010719011289
0.0495042453028163
0.0495070098771698
0.0495093704843396
0.0495113312908241
0.0495128957689949
0.0495140666968598
0.0495148461579325
0.0495152355412206
0.0495152355412206
0.0495148461579325
0.0495140666968597
0.0495128957689949
0.0495113312908241
0.0495093704843394
0.0495070098771698
0.0495042453028163
0.0495010719011288
0.0494974841190855
0.0494934757120299
0.0494890397454515
0.0494841685975416
0.0494788539626572
0.0494730868559950
0.0494668576196290
0.0494601559303552
0.0494529708095875
0.0494452906357745
0.0494371031598066
0.0494283955239897
0.0494191542851450
0.0494093654427462
0.0493990144728291
0.0493880863687424
0.0493765656900028
0.0493644366206001
0.0493516830384461
0.0493382885979357
0.0493242368279833
0.0493095112482737
0.0492940955071191
0.0492779735448941
0.0492611297878932
0.0492435493785404
0.0492252184491236
0.0492061244480235
0.0491862565296002
0.0491656060217821
0.0491441669896651
0.0491219369188417
0.0490989175505912
0.0490751159134286
0.0490505456150093
0.0490252284910629
0.0489991967660357
0.0489724959922908
0.0489451892778657
0.0489173639311814
0.0488891436855248
0.0488782615576522
0.0489061415233839
0.0489336284983202
0.0489605996966959
0.0489869687295386
0.0490126733606245
0.0490376688473866
0.0490619237028119
0.0490854167494653
0.0491081349553004
0.0491300717839318
0.0491512259042683
0.0491716001623209
0.0491912007506960
0.0492100365308651
0.0492281184757762
0.0492454592086224
0.0492620726193868
0.0492779735448941
0.0492931775009755
0.0493077004578808
0.0493215586515282
0.0493347684248110
0.0493473460939630
0.0493593078361306
0.0493706695947368
0.0493814469999293
0.0493916553017774
0.0494013093142790
0.0494104233685657
0.0494190112738756
0.0494270862851671
0.0494346610763354
0.0494417477181938
0.0494483576604855
0.0494545017173049
0.0494601900553750
0.0494654321847261
0.0494702369513825
0.0494746125317048
0.0494785664280917
0.0494821054657839
0.0494852357905800
0.0494879628672047
0.0494902914782653
0.0494922257235956
0.0494937690198713
0.0494949241004469
0.0494956930153130
0.0494960771310943
0.0494960771310942
0.0494956930153130
0.0494949241004469
0.0494937690198713
0.0494922257235956
0.0494902914782653
0.0494879628672047
0.0494852357905800
0.0494821054657839
0.0494785664280919
0.0494746125317049
0.0494702369513830
0.0494654321847259
0.0494601900553749
0.0494545017173049
0.0494483576604854
0.0494417477181938
0.0494346610763354
0.0494270862851671
0.0494190112738756
0.0494104233685656
0.0494013093142788
0.0493916553017774
0.0493814469999293
0.0493706695947367
0.0493593078361305
0.0493473460939630
0.0493347684248110
0.0493215586515283
0.0493077004578807
0.0492931775009755
0.0492779735448940
0.0492620726193868
0.0492454592086229
0.0492281184757762
0.0492100365308651
0.0491912007506960
0.0491716001623209
0.0491512259042683
0.0491300717839317
0.0491081349553003
0.0490854167494653
0.0490619237028120
0.0490376688473866
0.0490126733606245
0.0489869687295386
0.0489605996966959
0.0489336284983202
0.0489061415233839
0.0488782615576523
0.0488669278144607
0.0488944478747574
0.0489215770428660
0.0489481935902821
0.0489742121487007
0.0489995714436181
0.0490242276189495
0.0490481499876199
0.0490713180786477
0.0490937194699188
0.0491153481387468
0.0491362031743845
0.0491562877547599
0.0491756083222627
0.0491941739132151
0.0492119956080779
0.0492290860779407
0.0492454592086224
0.0492611297878932
0.0492761132444418
0.0492904254294387
0.0493040824335051
0.0493171004330516
0.0493294955612467
0.0493412837995883
0.0493524808868295
0.0493631022425297
0.0493731629029652
0.0493826774674800
0.0493916600537186
0.0494001242603404
0.0494080831361423
0.0494155491545277
0.0494225341925796
0.0494290495139995
0.0494351057552815
0.0494407129146515
0.0494458803432924
0.0494506167384537
0.0494549301381978
0.0494588279173893
0.0494623167847467
0.0494654027807673
0.0494680912762618
0.0494703869714329
0.0494722938953180
0.0494738154054944
0.0494749541879818
0.0494757122572128
0.0494760909561070
0.0494760909561070
0.0494757122572127
0.0494749541879812
0.0494738154054945
0.0494722938953180
0.0494703869714330
0.0494680912762618
0.0494654027807672
0.0494623167847467
0.0494588279173893
0.0494549301381980
0.0494506167384537
0.0494458803432924
0.0494407129146514
0.0494351057552816
0.0494290495139995
0.0494225341925795
0.0494155491545284
0.0494080831361423
0.0494001242603404
0.0493916600537185
0.0493826774674800
0.0493731629029653
0.0493631022425296
0.0493524808868295
0.0493412837995883
0.0493294955612468
0.0493171004330516
0.0493040824335052
0.0492904254294386
0.0492761132444418
0.0492611297878932
0.0492454592086224
0.0492290860779407
0.0492119956080778
0.0491941739132157
0.0491756083222627
0.0491562877547598
0.0491362031743845
0.0491153481387468
0.0490937194699188
0.0490713180786477
0.0490481499876199
0.0490242276189494
0.0489995714436182
0.0489742121487008
0.0489481935902822
0.0489215770428661
0.0488944478747574
0.0488669278144608
0.0488551361657947
0.0488822757141005
0.0489090266860137
0.0489352685358510
0.0489609170306052
0.0489859119577918
0.0490102104316814
0.0490337826316437
0.0490566088424030
0.0490786772847885
0.0490999824680671
0.0491205239072832
0.0491403051069464
0.0491593327451806
0.0491776160122507
0.0491951660701045
0.0492119956080778
0.0492281184757762
0.0492435493785404
0.0492583036239617
0.0492723969103437
0.0492858451497874
0.0492986643200016
0.0493108703400934
0.0493224789663278
0.0493335057047354
0.0493439657378193
0.0493538738631961
0.0493632444422946
0.0493720913575841
0.0493804279769882
0.0493882671244386
0.0493956210555816
0.0494025014378368
0.0494089193342177
0.0494148851901939
0.0494204088232195
0.0494254994144419
0.0494301655022125
0.0494344149771308
0.0494382550782996
0.0494416923905960
0.0494447328427306
0.0494473817059195
0.0494496435930715
0.0494515224582882
0.0494530215966353
0.0494541436440782
0.0494548905774903
0.0494552637147406
0.0494552637147407
0.0494548905774903
0.0494541436440784
0.0494530215966353
0.0494515224582882
0.0494496435930715
0.0494473817059196
0.0494447328427306
0.0494416923905960
0.0494382550782996
0.0494344149771309
0.0494301655022126
0.0494254994144420
0.0494204088232195
0.0494148851901939
0.0494089193342178
0.0494025014378369
0.0493956210555816
0.0493882671244386
0.0493804279769882
0.0493720913575840
0.0493632444422946
0.0493538738631961
0.0493439657378193
0.0493335057047354
0.0493224789663278
0.0493108703400934
0.0492986643200016
0.0492858451497874
0.0492723969103437
0.0492583036239617
0.0492435493785403
0.0492281184757762
0.0492119956080779
0.0491951660701043
0.0491776160122507
0.0491593327451807
0.0491403051069470
0.0491205239072832
0.0490999824680671
0.0490786772847885
0.0490566088424030
0.0490337826316436
0.0490102104316814
0.0489859119577917
0.0489609170306052
0.0489352685358509
0.0489090266860137
0.0488822757141005
0.0488551361657949
0.0488428810648281
0.0488696184596722
0.0488959698433754
0.0489218159974630
0.0489470739544152
0.0489716846757218
0.0489956063373646
0.0490188100551476
0.0490412769187729
0.0490629958221151
0.0490839618196449
0.0491041748511886
0.0491236387352193
0.0491423603638685
0.0491603490528350
0.0491776160122506
0.0491941739132156
0.0492100365308649
0.0492252184491235
0.0492397348156185
0.0492536011376407
0.0492668331118146
0.0492794464817067
0.0492914569186035
0.0493028799216383
0.0493137307341014
0.0493240242733302
0.0493337750720582
0.0493429972294194
0.0493517043700899
0.0493599096103477
0.0493676255299706
0.0493748641490626
0.0493816369090929
0.0493879546574188
0.0493938276348336
0.0493992654655752
0.0494042771494439
0.0494088710556554
0.0494130549181318
0.0494168358319587
0.0494202202508020
0.0494232139850939
0.0494258222007958
0.0494280494186279
0.0494298995136187
0.0494313757149221
0.0494324806057480
0.0494332161234018
0.0494335835593690
0.0494335835593693
0.0494332161234018
0.0494324806057480
0.0494313757149221
0.0494298995136187
0.0494280494186276
0.0494258222007957
0.0494232139850940
0.0494202202508020
0.0494168358319587
0.0494130549181318
0.0494088710556553
0.0494042771494439
0.0493992654655752
0.0493938276348336
0.0493879546574187
0.0493816369090929
0.0493748641490626
0.0493676255299706
0.0493599096103475
0.0493517043700899
0.0493429972294194
0.0493337750720583
0.0493240242733302
0.0493137307341014
0.0493028799216384
0.0492914569186035
0.0492794464817068
0.0492668331118146
0.0492536011376407
0.0492397348156185
0.0492252184491235
0.0492100365308651
0.0491941739132156
0.0491776160122506
0.0491603490528345
0.0491423603638684
0.0491236387352193
0.0491041748511886
0.0490839618196449
0.0490629958221151
0.0490412769187729
0.0490188100551475
0.0489956063373646
0.0489716846757218
0.0489470739544152
0.0489218159974631
0.0488959698433754
0.0488696184596723
0.0488428810648281
0.0488301578870016
0.0488564703959170
0.0488823997476760
0.0489078282179822
0.0489326742531485
0.0489568801134883
0.0489804051355534
0.0490032214440687
0.0490253109812248
0.0490466633390467
0.0490672741231842
0.0490871436885564
0.0491062761456544
0.0491246785695540
0.0491423603638684
0.0491593327451806
0.0491756083222627
0.0491912007506960
0.0492061244480234
0.0492203943578801
0.0492340257539494
0.0492470340766657
0.0492594347968282
0.0492712433015221
0.0492824747986503
0.0492931442369399
0.0493032662389899
0.0493128550452461
0.0493219244671947
0.0493304878483611
0.0493385580318641
0.0493461473335662
0.0493532675199423
0.0493599297899077
0.0493661447600596
0.0493719224527209
0.0493772722863836
0.0493822030681664
0.0493867229878935
0.0493908396136003
0.0493945598881086
0.0493978901265649
0.0494008360146646
0.0494034026074801
0.0494055943286921
0.0494074149701747
0.0494088676917852
0.0494099550213197
0.0494106788545323
0.0494110404552005
0.0494110404552006
0.0494106788545322
0.0494099550213197
0.0494088676917851
0.0494074149701747
0.0494055943286919
0.0494034026074801
0.0494008360146647
0.0493978901265649
0.0493945598881086
0.0493908396136003
0.0493867229878934
0.0493822030681664
0.0493772722863835
0.0493719224527209
0.0493661447600596
0.0493599297899077
0.0493532675199423
0.0493461473335662
0.0493385580318640
0.0493304878483611
0.0493219244671946
0.0493128550452461
0.0493032662389899
0.0492931442369398
0.0492824747986504
0.0492712433015221
0.0492594347968281
0.0492470340766657
0.0492340257539493
0.0492203943578800
0.0492061244480234
0.0491912007506960
0.0491756083222628
0.0491593327451806
0.0491423603638684
0.0491246785695539
0.0491062761456545
0.0490871436885564
0.0490672741231842
0.0490466633390467
0.0490253109812248
0.0490032214440687
0.0489804051355534
0.0489568801134883
0.0489326742531487
0.0489078282179821
0.0488823997476760
0.0488564703959171
0.0488301578870016
0.0488169631393216
0.0488428268805212
0.0488683106557064
0.0488932984289946
0.0489177102300275
0.0489414897568656
0.0489645976124669
0.0489870070037132
0.0490087007684472
0.0490296692139983
0.0490499084929012
0.0490694193540701
0.0490882061664388
0.0491062761456545
0.0491236387352193
0.0491403051069465
0.0491562877547598
0.0491716001623209
0.0491862565296004
0.0492002715468789
0.0492136602072654
0.0492264376506292
0.0492386190333689
0.0492502194195519
0.0492612536897705
0.0492717364648126
0.0492816820417208
0.0492911043402723
0.0493000168582396
0.0493084326340581
0.0493163642157885
0.0493238236353433
0.0493308223872579
0.0493373714112355
0.0493434810779177
0.0493491611773748
0.0493544209098684
0.0493592688785250
0.0493637130836264
0.0493677609181848
0.0493714191646240
0.0493746939923280
0.0493775909559031
0.0493801149939771
0.0493822704284444
0.0493840609639870
0.0493854896878735
0.0493865590698628
0.0493872709621988
0.0493876265996744
0.0493876265996744
0.0493872709621988
0.0493865590698628
0.0493854896878735
0.0493840609639869
0.0493822704284444
0.0493801149939770
0.0493775909559031
0.0493746939923280
0.0493714191646240
0.0493677609181847
0.0493637130836264
0.0493592688785250
0.0493544209098684
0.0493491611773749
0.0493434810779177
0.0493373714112356
0.0493308223872581
0.0493238236353433
0.0493163642157885
0.0493084326340582
0.0493000168582395
0.0492911043402722
0.0492816820417208
0.0492717364648126
0.0492612536897706
0.0492502194195519
0.0492386190333689
0.0492264376506292
0.0492136602072662
0.0492002715468790
0.0491862565296002
0.0491716001623211
0.0491562877547598
0.0491403051069465
0.0491236387352193
0.0491062761456544
0.0490882061664388
0.0490694193540701
0.0490499084929012
0.0490296692139983
0.0490087007684472
0.0489870070037132
0.0489645976124669
0.0489414897568656
0.0489177102300276
0.0488932984289945
0.0488683106557064
0.0488428268805212
0.0488169631393216
0.0488032947064129
0.0488286845884277
0.0488536980932010
0.0488782211007280
0.0489021754180680
0.0489255063348576
0.0489481758319392
0.0489701582693027
0.0489914374155226
0.0490120042983837
0.0490318555989560
0.0490509924243709
0.0490694193540701
0.0490871436885564
0.0491041748511887
0.0491205239072832
0.0491362031743845
0.0491512259042682
0.0491656060217823
0.0491793579093393
0.0491924962282373
0.0492050357699996
0.0492169913323160
0.0492283776152634
0.0492392091344229
0.0492495001479984
0.0492592645957201
0.0492685160476422
0.0492772676612669
0.0492855321457171
0.0492933217318960
0.0493006481476505
0.0493075225972797
0.0493139557446560
0.0493199576993835
0.0493255380056283
0.0493307056330743
0.0493354689697412
0.0493398358163500
0.0493438133819490
0.0493474082805691
0.0493506265287722
0.0493534735438617
0.0493559541426184
0.0493580725404928
0.0493598323510723
0.0493612365858100
0.0493622876538837
0.0493629873621379
0.0493633369151373
0.0493633369151373
0.0493629873621379
0.0493622876538836
0.0493612365858100
0.0493598323510724
0.0493580725404929
0.0493559541426183
0.0493534735438618
0.0493506265287722
0.0493474082805689
0.0493438133819489
0.0493398358163501
0.0493354689697411
0.0493307056330743
0.0493255380056283
0.0493199576993835
0.0493139557446558
0.0493075225972799
0.0493006481476505
0.0492933217318960
0.0492855321457169
0.0492772676612669
0.0492685160476421
0.0492592645957202
0.0492495001479984
0.0492392091344229
0.0492283776152634
0.0492169913323160
0.0492050357699996
0.0491924962282374
0.0491793579093393
0.0491656060217823
0.0491512259042682
0.0491362031743845
0.0491205239072832
0.0491041748511887
0.0490871436885564
0.0490694193540701
0.0490509924243709
0.0490318555989560
0.0490120042983837
0.0489914374155226
0.0489701582693027
0.0489481758319392
0.0489255063348576
0.0489021754180680
0.0488782211007280
0.0488536980932009
0.0488286845884278
0.0488032947064128
0.0487891521419076
0.0488140418014409
0.0488385591468506
0.0488625922423064
0.0488860648947703
0.0489089241542553
0.0489311334936830
0.0489526684901606
0.0489735138644485
0.0489936613525962
0.0490131081270979
0.0490318555989556
0.0490499084929009
0.0490672741231843
0.0490839618196450
0.0490999824680671
0.0491153481387468
0.0491300717839317
0.0491441669896651
0.0491576477710657
0.0491705284025735
0.0491828232766128
0.0491945467855773
0.0492057132229328
0.0492163367003041
0.0492264310778190
0.0492360099055747
0.0492450863745081
0.0492536732751372
0.0492617829630184
0.0492694273298659
0.0492766177795053
0.0492833652079097
0.0492896799867204
0.0492955719497107
0.0493010503817483
0.0493061240098764
0.0493108009961666
0.0493150889320448
0.0493189948338912
0.0493225251396190
0.0493256857061199
0.0493284818073764
0.0493309181331064
0.0493329987878357
0.0493347272902883
0.0493361065729998
0.0493371389821121
0.0493378262772722
0.0493381696315743
0.0493381696315743
0.0493378262772722
0.0493371389821120
0.0493361065729998
0.0493347272902883
0.0493329987878357
0.0493309181331063
0.0493284818073765
0.0493256857061199
0.0493225251396190
0.0493189948338912
0.0493150889320449
0.0493108009961666
0.0493061240098763
0.0493010503817483
0.0492955719497107
0.0492896799867205
0.0492833652079097
0.0492766177795053
0.0492694273298662
0.0492617829630184
0.0492536732751372
0.0492450863745081
0.0492360099055747
0.0492264310778189
0.0492163367003041
0.0492057132229328
0.0491945467855773
0.0491828232766132
0.0491705284025734
0.0491576477710657
0.0491441669896645
0.0491300717839317
0.0491153481387468
0.0490999824680671
0.0490839618196450
0.0490672741231842
0.0490499084929013
0.0490318555989560
0.0490131081270979
0.0489936613525962
0.0489735138644484
0.0489526684901605
0.0489311334936830
0.0489089241542552
0.0488860648947703
0.0488625922423064
0.0488385591468506
0.0488140418014409
0.0487891521419076
0.0487745370164779
0.0487988987549921
0.0488228928160024
0.0488464097666739
0.0488693756686268
0.0488917395144493
0.0489134663806464
0.0489345331111225
0.0489549253789886
0.0489746355920457
0.0489936613525961
0.0490120042983837
0.0490296692139983
0.0490466633390467
0.0490629958221151
0.0490786772847885
0.0490937194699188
0.0491081349553003
0.0491219369188417
0.0491351389446499
0.0491477548620473
0.0491597986113215
0.0491712841313286
0.0491822252651878
0.0491926356809525
0.0492025288048084
0.0492119177647920
0.0492208153433835
0.0492292339375979
0.0492371855254482
0.0492446816378154
0.0492517333349275
0.0492583511867651
0.0492645452567921
0.0492703250885671
0.0492756996947115
0.0492806775479870
0.0492852665740471
0.0492894741456843
0.0492933070782499
0.0492967716261188
0.0492998734799661
0.0493026177647141
0.0493050090380284
0.0493070512892460
0.0493087479386189
0.0493101018368148
0.0493111152646231
0.0493117899327352
0.0493121269816575
0.0493121269816575
0.0493117899327351
0.0493111152646232
0.0493101018368148
0.0493087479386189
0.0493070512892460
0.0493050090380284
0.0493026177647141
0.0492998734799661
0.0492967716261188
0.0492933070782499
0.0492894741456843
0.0492852665740471
0.0492806775479870
0.0492756996947115
0.0492703250885671
0.0492645452567921
0.0492583511867651
0.0492517333349275
0.0492446816378154
0.0492371855254481
0.0492292339375979
0.0492208153433836
0.0492119177647920
0.0492025288048082
0.0491926356809525
0.0491822252651878
0.0491712841313286
0.0491597986113215
0.0491477548620473
0.0491351389446499
0.0491219369188416
0.0491081349553003
0.0490937194699188
0.0490786772847885
0.0490629958221151
0.0490466633390468
0.0490296692139983
0.0490120042983836
0.0489936613525964
0.0489746355920457
0.0489549253789887
0.0489345331111226
0.0489134663806464
0.0488917395144493
0.0488693756686268
0.0488464097666739
0.0488228928160024
0.0487988987549922
0.0487745370164779
0.0487594533378713
0.0487832580580142
0.0488067004416786
0.0488296739407795
0.0488521071617277
0.0488739512305727
0.0488951729266798
0.0489157503849157
0.0489356701990111
0.0489549253789887
0.0489735138644485
0.0489914374155226
0.0490087007684472
0.0490253109812248
0.0490412769187729
0.0490566088424030
0.0490713180786477
0.0490854167494653
0.0490989175505911
0.0491118335680691
0.0491241781255875
0.0491359646567432
0.0491472065978197
0.0491579172974646
0.0491681099405054
0.0491777974835388
0.0491869926004861
0.0491957076365574
0.0492039545693358
0.0492117449759663
0.0492190900054944
0.0492260003556589
0.0492324862534316
0.0492385574388079
0.0492442231513601
0.0492494921191072
0.0492543725494245
0.0492588721216209
0.0492629979809607
0.0492667567338678
0.0492701544441661
0.0492731966301234
0.0492758882621766
0.0492782337612516
0.0492802369974617
0.0492819012892095
0.0492832294025298
0.0492842235506494
0.0492848853936896
0.0492852160384919
0.0492852160384920
0.0492848853936896
0.0492842235506493
0.0492832294025297
0.0492819012892096
0.0492802369974617
0.0492782337612517
0.0492758882621766
0.0492731966301230
0.0492701544441662
0.0492667567338678
0.0492629979809607
0.0492588721216209
0.0492543725494245
0.0492494921191071
0.0492442231513601
0.0492385574388080
0.0492324862534316
0.0492260003556589
0.0492190900054944
0.0492117449759664
0.0492039545693358
0.0491957076365574
0.0491869926004861
0.0491777974835388
0.0491681099405054
0.0491579172974646
0.0491472065978196
0.0491359646567432
0.0491241781255875
0.0491118335680691
0.0490989175505912
0.0490854167494653
0.0490713180786476
0.0490566088424030
0.0490412769187730
0.0490253109812248
0.0490087007684472
0.0489914374155226
0.0489735138644484
0.0489549253789887
0.0489356701990111
0.0489157503849157
0.0488951729266796
0.0488739512305727
0.0488521071617277
0.0488296739407795
0.0488067004416786
0.0487832580580141
0.0487594533378712
0.0487439080647992
0.0487671252085230
0.0487899862384856
0.0488123879516551
0.0488342618251740
0.0488555613073054
0.0488762549511841
0.0488963221647500
0.0489157503849156
0.0489345331111226
0.0489526684901606
0.0489701582693026
0.0489870070037126
0.0490032214440691
0.0490188100551477
0.0490337826316437
0.0490481499876198
0.0490619237028119
0.0490751159134280
0.0490877391384125
0.0490998061342236
0.0491113297728853
0.0491223229391656
0.0491327984436116
0.0491427689488734
0.0491522469071837
0.0491612445072626
0.0491697736292288
0.0491778458063336
0.0491854721925331
0.0491926635350460
0.0491994301511597
0.0492057819087369
0.0492117282098637
0.0492172779771600
0.0492224396424266
0.0492272211372501
0.0492316298852991
0.0492356727960093
0.0492393562595000
0.0492426861425131
0.0492456677851440
0.0492483059983274
0.0492506050618725
0.0492525687229396
0.0492542001949463
0.0492555021567180
0.0492564767518968
0.0492571255885311
0.0492574497387858
0.0492574497387858
0.0492571255885310
0.0492564767518968
0.0492555021567180
0.0492542001949463
0.0492525687229396
0.0492506050618725
0.0492483059983274
0.0492456677851440
0.0492426861425131
0.0492393562595000
0.0492356727960093
0.0492316298852991
0.0492272211372501
0.0492224396424267
0.0492172779771600
0.0492117282098637
0.0492057819087369
0.0491994301511597
0.0491926635350460
0.0491854721925330
0.0491778458063336
0.0491697736292288
0.0491612445072625
0.0491522469071838
0.0491427689488734
0.0491327984436116
0.0491223229391656
0.0491113297728854
0.0490998061342237
0.0490877391384124
0.0490751159134284
0.0490619237028119
0.0490481499876198
0.0490337826316437
0.0490188100551477
0.0490032214440691
0.0489870070037126
0.0489701582693026
0.0489526684901605
0.0489345331111226
0.0489157503849157
0.0488963221647497
0.0488762549511841
0.0488555613073054
0.0488342618251739
0.0488123879516551
0.0487899862384856
0.0487671252085230
0.0487439080647991
0.0487279117461832
0.0487505092382809
0.0487727579686656
0.0487945586366334
0.0488158459451790
0.0488365758292927
0.0488567186319950
0.0488762549511835
0.0488951729266796
0.0489134663806465
0.0489311334936830
0.0489481758319392
0.0489645976124669
0.0489804051355534
0.0489956063373646
0.0490102104316813
0.0490242276189495
0.0490376688473866
0.0490505456150093
0.0490628698043161
0.0490746535434189
0.0490859090888213
0.0490966487260911
0.0491068846854844
0.0491166290700907
0.0491258937945666
0.0491346905329172
0.0491430306738945
0.0491509252829793
0.0491583850700420
0.0491654203617599
0.0491720410782762
0.0491782567134014
0.0491840763179180
0.0491895084855280
0.0491945613411049
0.0491992425308803
0.0492035592143216
0.0492075180574392
0.0492111252272977
0.0492143863875662
0.0492173066949251
0.0492198907961957
0.0492221428260922
0.0492240664054375
0.0492256646397903
0.0492269401184378
0.0492278949135845
0.0492285305798378
0.0492288481537832
0.0492288481537832
0.0492285305798378
0.0492278949135845
0.0492269401184378
0.0492256646397903
0.0492240664054376
0.0492221428260923
0.0492198907961957
0.0492173066949251
0.0492143863875662
0.0492111252272977
0.0492075180574392
0.0492035592143216
0.0491992425308803
0.0491945613411048
0.0491895084855280
0.0491840763179180
0.0491782567134014
0.0491720410782762
0.0491654203617599
0.0491583850700419
0.0491509252829793
0.0491430306738945
0.0491346905329172
0.0491258937945666
0.0491166290700907
0.0491068846854844
0.0490966487260911
0.0490859090888214
0.0490746535434189
0.0490628698043161
0.0490505456150093
0.0490376688473866
0.0490242276189495
0.0490102104316813
0.0489956063373645
0.0489804051355534
0.0489645976124669
0.0489481758319392
0.0489311334936830
0.0489134663806465
0.0488951729266796
0.0488762549511834
0.0488567186319950
0.0488365758292927
0.0488158459451790
0.0487945586366334
0.0487727579686657
0.0487505092382809
0.0487279117461832
0.0487114793340852
0.0487334235386822
0.0487550278218403
0.0487761974576858
0.0487968707356150
0.0488170061751124
0.0488365758292927
0.0488555613073054
0.0488739512305728
0.0488917395144493
0.0489089241542548
0.0489255063348576
0.0489414897568656
0.0489568801134883
0.0489716846757217
0.0489859119577918
0.0489995714436181
0.0490126733606245
0.0490252284910628
0.0490372480134701
0.0490487433686905
0.0490597261462035
0.0490702079872286
0.0490802005020342
0.0490897151991867
0.0490987634249224
0.0491073563112019
0.0491155047312058
0.0491232192611573
0.0491305101476930
0.0491373872799369
0.0491438601656937
0.0491499379111630
0.0491556292037207
0.0491609422973529
0.0491658850003447
0.0491704646649697
0.0491746881788266
0.0491785619576802
0.0491820919394733
0.0491852835794689
0.0491881418462251
0.0491906712183534
0.0491928756819252
0.0491947587283755
0.0491963233528893
0.0491975720530989
0.0491985068281550
0.0491991291779883
0.0491994401028088
0.0491994401028088
0.0491991291779883
0.0491985068281550
0.0491975720530989
0.0491963233528893
0.0491947587283755
0.0491928756819252
0.0491906712183534
0.0491881418462252
0.0491852835794689
0.0491820919394733
0.0491785619576803
0.0491746881788265
0.0491704646649696
0.0491658850003447
0.0491609422973530
0.0491556292037207
0.0491499379111630
0.0491438601656935
0.0491373872799369
0.0491305101476930
0.0491232192611574
0.0491155047312058
0.0491073563112019
0.0490987634249224
0.0490897151991867
0.0490802005020341
0.0490702079872287
0.0490597261462034
0.0490487433686905
0.0490372480134701
0.0490252284910628
0.0490126733606245
0.0489995714436181
0.0489859119577918
0.0489716846757217
0.0489568801134882
0.0489414897568656
0.0489255063348576
0.0489089241542548
0.0488917395144493
0.0488739512305728
0.0488555613073054
0.0488365758292927
0.0488170061751124
0.0487968707356150
0.0487761974576858
0.0487550278218403
0.0487334235386822
0.0487114793340852
0.0486946312480258
0.0487158869543712
0.0487368136117392
0.0487573218622868
0.0487773538842569
0.0487968707356150
0.0488158459451789
0.0488342618251740
0.0488521071617277
0.0488693756686267
0.0488860648947704
0.0489021754180681
0.0489177102300276
0.0489326742531486
0.0489470739544152
0.0489609170306052
0.0489742121487008
0.0489869687295387
0.0489991967660357
0.0490109066694292
0.0490221091385978
0.0490328150485120
0.0490430353547350
0.0490527810114821
0.0490620629011784
0.0490708917738678
0.0490792781950193
0.0490872325006213
0.0490947647585177
0.0491018847351607
0.0491086018670651
0.0491149252362891
0.0491208635494988
0.0491264251200441
0.0491316178527050
0.0491364492307521
0.0491409263049632
0.0491450556843868
0.0491488435285806
0.0491522955411194
0.0491554169641965
0.0491582125741617
0.0491606866778562
0.0491628431096324
0.0491646852289149
0.0491662159182874
0.0491674375819481
0.0491683521445506
0.0491689610503038
0.0491692652623420
0.0491692652623420
0.0491689610503038
0.0491683521445506
0.0491674375819481
0.0491662159182874
0.0491646852289149
0.0491628431096324
0.0491606866778562
0.0491582125741617
0.0491554169641965
0.0491522955411195
0.0491488435285806
0.0491450556843867
0.0491409263049632
0.0491364492307521
0.0491316178527049
0.0491264251200441
0.0491208635494988
0.0491149252362891
0.0491086018670651
0.0491018847351608
0.0490947647585177
0.0490872325006213
0.0490792781950193
0.0490708917738678
0.0490620629011783
0.0490527810114821
0.0490430353547350
0.0490328150485120
0.0490221091385978
0.0490109066694292
0.0489991967660357
0.0489869687295387
0.0489742121487008
0.0489609170306053
0.0489470739544152
0.0489326742531487
0.0489177102300276
0.0489021754180681
0.0488860648947703
0.0488693756686268
0.0488521071617277
0.0488342618251739
0.0488158459451790
0.0487968707356150
0.0487773538842569
0.0487573218622868
0.0487368136117392
0.0487158869543712
0.0486946312480257
0.0486773948253406
0.0486979253027278
0.0487181405053228
0.0487379573047219
0.0487573218622869
0.0487761974576859
0.0487945586366334
0.0488123879516551
0.0488296739407795
0.0488464097666739
0.0488625922423063
0.0488782211007280
0.0488932984289945
0.0489078282179821
0.0489218159974631
0.0489352685358510
0.0489481935902822
0.0489605996966959
0.0489724959922908
0.0489838920644119
0.0489947978214633
0.0490052233821483
0.0490151789802453
0.0490246748825288
0.0490337213179318
0.0490423284163546
0.0490505061557571
0.0490582643164505
0.0490656124415760
0.0490725598029721
0.0490791153717292
0.0490852877928347
0.0490910853633149
0.0490965160135210
0.0491015872910475
0.0491063063470341
0.0491106799244381
0.0491147143481357
0.0491184155165012
0.0491217888943074
0.0491248395067916
0.0491275719346849
0.0491299903100743
0.0491320983130133
0.0491338991687228
0.0491353956453472
0.0491365900521411
0.0491374842380772
0.0491380795907582
0.0491383770356669
0.0491383770356669
0.0491380795907581
0.0491374842380772
0.0491365900521411
0.0491353956453472
0.0491338991687228
0.0491320983130133
0.0491299903100743
0.0491275719346849
0.0491248395067916
0.0491217888943074
0.0491184155165012
0.0491147143481357
0.0491106799244381
0.0491063063470341
0.0491015872910476
0.0490965160135210
0.0490910853633148
0.0490852877928346
0.0490791153717292
0.0490725598029722
0.0490656124415760
0.0490582643164506
0.0490505061557571
0.0490423284163544
0.0490337213179318
0.0490246748825288
0.0490151789802454
0.0490052233821483
0.0489947978214633
0.0489838920644119
0.0489724959922908
0.0489605996966959
0.0489481935902822
0.0489352685358509
0.0489218159974631
0.0489078282179821
0.0488932984289945
0.0488782211007279
0.0488625922423064
0.0488464097666739
0.0488296739407795
0.0488123879516551
0.0487945586366334
0.0487761974576859
0.0487573218622869
0.0487379573047218
0.0487181405053228
0.0486979253027278
0.0486773948253407
0.0486598064153637
0.0486795736490695
0.0486990437558291
0.0487181405053228
0.0487368136117392
0.0487550278218403
0.0487727579686657
0.0487899862384854
0.0488067004416786
0.0488228928160026
0.0488385591468506
0.0488536980932009
0.0488683106557064
0.0488823997476762
0.0488959698433756
0.0489090266860136
0.0489215770428662
0.0489336284983200
0.0489451892778657
0.0489562680976285
0.0489668740352359
0.0489770164186457
0.0489867047301581
0.0489959485234442
0.0490047573516419
0.0490131407050720
0.0490211079571811
0.0490286683176594
0.0490358307917965
0.0490426041452093
0.0490489968733275
0.0490550171749457
0.0490606729294032
0.0490659716768783
0.0490709206014131
0.0490755265163461
0.0490797958518039
0.0490837346439999
0.0490873485261638
0.0490906427207649
0.0490936220330057
0.0490962908452782
0.0490986531125591
0.0491007123585662
0.0491024716725823
0.0491039337068504
0.0491051006744906
0.0491059743478489
0.0491065560572367
0.0491068466900167
0.0491068466900167
0.0491065560572367
0.0491059743478489
0.0491051006744906
0.0491039337068504
0.0491024716725823
0.0491007123585662
0.0490986531125591
0.0490962908452782
0.0490936220330057
0.0490906427207648
0.0490873485261638
0.0490837346439999
0.0490797958518039
0.0490755265163460
0.0490709206014133
0.0490659716768783
0.0490606729294032
0.0490550171749457
0.0490489968733275
0.0490426041452094
0.0490358307917965
0.0490286683176594
0.0490211079571811
0.0490131407050720
0.0490047573516418
0.0489959485234442
0.0489867047301581
0.0489770164186456
0.0489668740352359
0.0489562680976285
0.0489451892778658
0.0489336284983200
0.0489215770428659
0.0489090266860137
0.0488959698433756
0.0488823997476762
0.0488683106557070
0.0488536980932011
0.0488385591468506
0.0488228928160025
0.0488067004416787
0.0487899862384856
0.0487727579686656
0.0487550278218403
0.0487368136117391
0.0487181405053228
0.0486990437558291
0.0486795736490695
0.0486598064153640
0.0486419146882045
0.0486608801837014
0.0486795736490693
0.0486979253027278
0.0487158869543712
0.0487334235386820
0.0487505092382809
0.0487671252085231
0.0487832580580142
0.0487988987549923
0.0488140418014409
0.0488286845884277
0.0488428268805212
0.0488564703959171
0.0488696184596723
0.0488822757141004
0.0488944478747575
0.0489061415233840
0.0489173639311814
0.0489281229072596
0.0489384266681742
0.0489482837253029
0.0489577027873371
0.0489666926757582
0.0489752622513917
0.0489834203505982
0.0489911757297527
0.0489985370169495
0.0490055126699530
0.0490121109396584
0.0490183398382943
0.0490242071118267
0.0490297202160096
0.0490348862956102
0.0490397121664772
0.0490442043000245
0.0490483688098622
0.0490522114403117
0.0490557375565642
0.0490589521362532
0.0490618597622797
0.0490644646167405
0.0490667704757892
0.0490687807053285
0.0490704982574355
0.0490719256674009
0.0490730650513422
0.0490739181043036
0.0490744860987947
0.0490747698837275
0.0490747698837275
0.0490744860987948
0.0490739181043036
0.0490730650513421
0.0490719256674008
0.0490704982574355
0.0490687807053285
0.0490667704757893
0.0490644646167405
0.0490618597622797
0.0490589521362532
0.0490557375565644
0.0490522114403118
0.0490483688098622
0.0490442043000245
0.0490397121664772
0.0490348862956102
0.0490297202160096
0.0490242071118266
0.0490183398382942
0.0490121109396585
0.0490055126699530
0.0489985370169495
0.0489911757297527
0.0489834203505982
0.0489752622513917
0.0489666926757582
0.0489577027873371
0.0489482837253028
0.0489384266681742
0.0489281229072596
0.0489173639311813
0.0489061415233840
0.0488944478747575
0.0488822757141005
0.0488696184596723
0.0488564703959171
0.0488428268805213
0.0488286845884277
0.0488140418014410
0.0487988987549923
0.0487832580580142
0.0487671252085231
0.0487505092382809
0.0487334235386822
0.0487158869543712
0.0486979253027277
0.0486795736490694
0.0486608801837014
0.0486419146882045
0.0486237867574433
0.0486419146882045
0.0486598064153637
0.0486773948253406
0.0486946312480258
0.0487114793340852
0.0487279117461832
0.0487439080647988
0.0487594533378717
0.0487745370164779
0.0487891521419076
0.0488032947064129
0.0488169631393216
0.0488301578870016
0.0488428810648281
0.0488551361657949
0.0488669278144606
0.0488782615576522
0.0488891436855248
0.0488995810777655
0.0489095810709599
0.0489191513438347
0.0489282998177295
0.0489370345701121
0.0489453637592725
0.0489532955587404
0.0489608381000882
0.0489679994230255
0.0489747874318590
0.0489812098575133
0.0489872742244147
0.0489929878216018
0.0489983576776187
0.0490033905386294
0.0490080928494285
0.0490124707369707
0.0490165299961133
0.0490202760772925
0.0490237140758920
0.0490268487231383
0.0490296843782757
0.0490322250218906
0.0490344742502616
0.0490364352705756
0.0490381108969297
0.0490395035470091
0.0490406152394104
0.0490414475914527
0.0490420018175374
0.0490422787279164
0.0490422787279164
0.0490420018175374
0.0490414475914525
0.0490406152394104
0.0490395035470089
0.0490381108969297
0.0490364352705756
0.0490344742502616
0.0490322250218905
0.0490296843782757
0.0490268487231383
0.0490237140758921
0.0490202760772925
0.0490165299961133
0.0490124707369708
0.0490080928494285
0.0490033905386294
0.0489983576776187
0.0489929878216018
0.0489872742244147
0.0489812098575135
0.0489747874318590
0.0489679994230255
0.0489608381000884
0.0489532955587404
0.0489453637592725
0.0489370345701121
0.0489282998177295
0.0489191513438347
0.0489095810709599
0.0488995810777655
0.0488891436855247
0.0488782615576524
0.0488669278144606
0.0488551361657951
0.0488428810648281
0.0488301578870016
0.0488169631393216
0.0488032947064129
0.0487891521419077
0.0487745370164779
0.0487594533378712
0.0487439080647988
0.0487279117461832
0.0487114793340852
0.0486946312480258
0.0486773948253407
0.0486598064153638
0.0486419146882045
0.0486237867574434
0.9724244194328224
0.9727877323608091
0.9731463816557955
0.9734990137398116
0.9738446453332880
0.9741825406566834
0.9745121450982087
0.9748330432340060
0.9751449297485010
0.9754475880871637
0.9757408741411088
0.9760247034074490
0.9762990406627033
0.9765638915116880
0.9768192953821456
0.9770653196539922
0.9773020546967762
0.9775296096481596
0.9777481087988747
0.9779576884859272
0.9781584944106373
0.9783506793170867
0.9785344009772522
0.9787098204387771
0.9788771005002425
0.9790364043808192
0.9791878945600917
0.9793317317656602
0.9794680740893582
0.9795970762157947
0.9797188887491547
0.9798336576270958
0.9799415236086154
0.9800426218299210
0.9801370814176324
0.9802250251532768
0.9803065691825865
0.9803818227642894
0.9804508880540649
0.9805138599175316
0.9805708257708944
0.9806218654448895
0.9806670510686006
0.9807064469719070
0.9807401096035548
0.9807680874635806
0.9807904210470141
0.9808071428007326
0.9808182770884128
0.9808238401662794
0.9808238401662794
0.9808182770884128
0.9808071428007326
0.9807904210470141
0.9807680874635806
0.9807401096035548
0.9807064469719070
0.9806670510686006
0.9806218654448895
0.9805708257708944
0.9805138599175316
0.9804508880540620
0.9803818227642894
0.9803065691825865
0.9802250251532924
0.9801370814176324
0.9800426218299210
0.9799415236086154
0.9798336576270958
0.9797188887491547
0.9795970762157947
0.9794680740893582
0.9793317317656602
0.9791878945600931
0.9790364043808192
0.9788771005002379
0.9787098204387771
0.9785344009772522
0.9783506793170867
0.9781584944106373
0.9779576884859272
0.9777481087988747
0.9775296096481556
0.9773020546967731
0.9770653196539987
0.9768192953821456
0.9765638915116880
0.9762990406627039
0.9760247034074541
0.9757408741411088
0.9754475880871637
0.9751449297485010
0.9748330432340060
0.9745121450982087
0.9741825406566834
0.9738446453332880
0.9734990137398116
0.9731463816557955
0.9727877323608091
0.9724244194328224
0.9727877323608091
0.9731679374369596
0.9735427607929643
0.9739107943716248
0.9742710638383804
0.9746228586498732
0.9749656542805031
0.9752990665891248
0.9756228213365834
0.9759367322358304
0.9762406843671393
0.9765346212197239
0.9768185343218525
0.9770924547882358
0.9773564463324672
0.9776105994270171
0.9778550263790754
0.9780898571484532
0.9783152357755543
0.9785313173164172
0.9787382652030144
0.9789362489619630
0.9791254422397837
0.9793060210886054
0.9794781624779068
0.9796420429992935
0.9797978377396931
0.9799457193001501
0.9800858569426292
0.9802184158463647
0.9803435564622437
0.9804614339508758
0.9805721976951393
0.9806759908782283
0.9807729501170828
0.9808632051466781
0.9809468785477461
0.9810240855122367
0.9810949336419565
0.9811595227768027
0.9812179448482473
0.9812702837545934
0.9813166152559942
0.9813570068863733
0.9813915178796320
0.9814201991094726
0.9814430930400355
0.9814602336867544
0.9814716465864414
0.9814773487754305
0.9814773487754305
0.9814716465864414
0.9814602336867544
0.9814430930400355
0.9814201991094726
0.9813915178796448
0.9813570068863733
0.9813166152559942
0.9812702837545934
0.9812179448482473
0.9811595227768027
0.9810949336419565
0.9810240855122367
0.9809468785477453
0.9808632051466781
0.9807729501170828
0.9806759908782312
0.9805721976951393
0.9804614339508758
0.9803435564622437
0.9802184158463692
0.9800858569426292
0.9799457193001501
0.9797978377396931
0.9796420429992935
0.9794781624779068
0.9793060210886054
0.9791254422397837
0.9789362489619630
0.9787382652030144
0.9785313173164172
0.9783152357755543
0.9780898571484532
0.9778550263790754
0.9776105994270171
0.9773564463324672
0.9770924547882358
0.9768185343218525
0.9765346212197251
0.9762406843671393
0.9759367322358304
0.9756228213365834
0.9752990665891248
0.9749656542805031
0.9746228586498732
0.9742710638383804
0.9739107943716248
0.9735427607929346
0.9731679374369596
0.9727877323608091
0.9731463816557955
0.9735427607929346
0.9739332554309257
0.9743163270596399
0.9746909585409318
0.9750564350034183
0.9754122445559146
0.9757580234325849
0.9760935212842885
0.9764185771413763
0.9767331017344425
0.9770370639379288
0.9773304800616628
0.9776134052082668
0.9778859261803403
0.9781481555871361
0.9784002268986813
0.9786422902624414
0.9788745089425672
0.9790970562746047
0.9793101130503913
0.9795138652644326
0.9797085021687557
0.9798942145885660
0.9800711934643581
0.9802396285861071
0.9803997074961535
0.9805516145366516
0.9806955300224254
0.9808316295248656
0.9809600832498868
0.9810810555008781
0.9811947042132220
0.9813011805529348
0.9814006285710474
0.9814931849057958
0.9815789785278053
0.9816581305224107
0.9817307539022775
0.9817969534506025
0.9818568255858627
0.9819104582499721
0.9819579308130740
0.9819993139946033
0.9820346697980408
0.9820640514578489
0.9820875033961309
0.9821050611886565
0.9821167515389140
0.9821225922594364
0.9821225922594364
0.9821167515389140
0.9821050611886565
0.9820875033961309
0.9820640514578489
0.9820346697980425
0.9819993139946032
0.9819579308130740
0.9819104582499767
0.9818568255858627
0.9817969534506025
0.9817307539022775
0.9816581305224107
0.9815789785278053
0.9814931849057953
0.9814006285710529
0.9813011805529348
0.9811947042132275
0.9810810555008781
0.9809600832498798
0.9808316295248656
0.9806955300224254
0.9805516145366516
0.9803997074961535
0.9802396285861071
0.9800711934643581
0.9798942145885660
0.9797085021687557
0.9795138652644326
0.9793101130503913
0.9790970562746047
0.9788745089425478
0.9786422902624414
0.9784002268986813
0.9781481555871361
0.9778859261803478
0.9776134052082660
0.9773304800616628
0.9770370639379288
0.9767331017344425
0.9764185771413763
0.9760935212842885
0.9757580234325849
0.9754122445559146
0.9750564350034172
0.9746909585409318
0.9743163270596399
0.9739332554309257
0.9735427607929346
0.9731463816557955
0.9734990137398116
0.9739107943716248
0.9743163270596399
0.9747139338559961
0.9751025255569028
0.9754813572735900
0.9758499109222607
0.9762078297776261
0.9765548778721251
0.9768909126495031
0.9772158653709606
0.9775297264198356
0.9778325338978907
0.9781243645502871
0.9784053264012841
0.9786755526897180
0.9789351968177287
0.9791844281050262
0.9794234281933590
0.9796523879875084
0.9798715050374613
0.9800809812935051
0.9802810211735640
0.9804718298974051
0.9806536120481738
0.9808265703290781
0.9809909044887946
0.9811468103913105
0.9812944792124554
0.9814340967457044
0.9815658428028201
0.9816898906965864
0.9818064067970425
0.9819155501485022
0.9820174721428098
0.9821123162384947
0.9822002177230946
0.9822813035090633
0.9823556919622497
0.9824234927572503
0.9824848067549484
0.9825397259006705
0.9825883331398044
0.9826307023473478
0.9826668982709915
0.9826969764842185
0.9827209833496814
0.9827389559894325
0.9827509222636093
0.9827569007540039
0.9827569007540039
0.9827509222636093
0.9827389559894325
0.9827209833496814
0.9826969764842185
0.9826668982709915
0.9826307023473478
0.9825883331398044
0.9825397259006705
0.9824848067549484
0.9824234927572503
0.9823556919622497
0.9822813035090632
0.9822002177230934
0.9821123162384947
0.9820174721428098
0.9819155501485022
0.9818064067970425
0.9816898906965864
0.9815658428028201
0.9814340967457044
0.9812944792124564
0.9811468103913105
0.9809909044887946
0.9808265703290781
0.9806536120481738
0.9804718298974051
0.9802810211735640
0.9800809812935051
0.9798715050374613
0.9796523879875084
0.9794234281933590
0.9791844281050262
0.9789351968177287
0.9786755526897180
0.9784053264012841
0.9781243645503005
0.9778325338978907
0.9775297264198356
0.9772158653709606
0.9768909126495031
0.9765548778721251
0.9762078297776261
0.9758499109222609
0.9754813572735900
0.9751025255569028
0.9747139338559961
0.9743163270596399
0.9739107943716248
0.9734990137398116
0.9738446453332880
0.9742710638383804
0.9746909585409318
0.9751025255569008
0.9755045950082647
0.9758963768516955
0.9762773321713062
0.9766470991111813
0.9770054464675427
0.9773522426033110
0.9776874334662405
0.9780110263578955
0.9783230775309167
0.9786236824538326
0.9789129680074813
0.9791910861255044
0.9794582085444353
0.9797145224250167
0.9799602266698102
0.9801955288078592
0.9804206423439091
0.9806357844954895
0.9808411742544073
0.9810370307224153
0.9812235716804658
0.9814010123564940
0.9815695643652836
0.9817294347943536
0.9818808254174977
0.9820239320181178
0.9821589438073146
0.9822860429258370
0.9824054040157845
0.9825171938560097
0.9826215710509540
0.9827186857656970
0.9828086795024723
0.9828916849114050
0.9829678256314714
0.9830372161577468
0.9830999617306960
0.9831561582445922
0.9832058921721241
0.9832492405024357
0.9832862706920219
0.9833170406240258
0.9833415985773304
0.9833599832014199
0.9833722234985893
0.9833783388108336
0.9833783388108336
0.9833722234985893
0.9833599832014199
0.9833415985773304
0.9833170406240258
0.9832862706920219
0.9832492405024357
0.9832058921721241
0.9831561582445922
0.9830999617306960
0.9830372161577468
0.9829678256314714
0.9828916849114050
0.9828086795024694
0.9827186857656970
0.9826215710509540
0.9825171938560097
0.9824054040157845
0.9822860429258370
0.9821589438073146
0.9820239320181183
0.9818808254174977
0.9817294347943536
0.9815695643652849
0.9814010123564940
0.9812235716804658
0.9810370307224153
0.9808411742544073
0.9806357844954895
0.9804206423439091
0.9801955288078592
0.9799602266698102
0.9797145224250167
0.9794582085444358
0.9791910861255066
0.9789129680074813
0.9786236824538326
0.9783230775309167
0.9780110263578955
0.9776874334662405
0.9773522426033110
0.9770054464675427
0.9766470991111813
0.9762773321713062
0.9758963768516955
0.9755045950082647
0.9751025255569022
0.9746909585409318
0.9742710638383804
0.9738446453332880
0.9741825406566834
0.9746228586498732
0.9750564350034207
0.9754813572735732
0.9758963768516931
0.9763006522093108
0.9766936144039224
0.9770748871692555
0.9774442357878210
0.9778015325325813
0.9781467322340438
0.9784798543445415
0.9788009693536800
0.9791101882304674
0.9794076540450932
0.9796935352060395
0.9799680199246843
0.9802313116359617
0.9804836251748208
0.9807251835621120
0.9809562152872362
0.9811769519989127
0.9813876265397297
0.9815884712654086
0.9817797166063121
0.9819615898357786
0.9821343140136546
0.9822981070796664
0.9824531810780754
0.9825997414921563
0.9827379866760952
0.9828681073693903
0.9829902862836769
0.9831046977516308
0.9832115074290578
0.9833108720444056
0.9834029391869864
0.9834878471310302
0.9835657246874301
0.9836366910829760
0.9837008558587015
0.9837583187883441
0.9838091698116521
0.9838534889799530
0.9838913464138680
0.9839228022686713
0.9839479067090107
0.9839666998875627
0.9839792119310227
0.9839854629295786
0.9839854629295723
0.9839792119310227
0.9839666998875687
0.9839479067090054
0.9839228022686713
0.9838913464138680
0.9838534889799530
0.9838091698116521
0.9837583187883441
0.9837008558587015
0.9836366910829899
0.9835657246874301
0.9834878471310302
0.9834029391869864
0.9833108720444056
0.9832115074290578
0.9831046977516308
0.9829902862836761
0.9828681073693903
0.9827379866760952
0.9825997414921563
0.9824531810780754
0.9822981070796664
0.9821343140136546
0.9819615898357786
0.9817797166063081
0.9815884712654086
0.9813876265397297
0.9811769519989090
0.9809562152872362
0.9807251835621120
0.9804836251748208
0.9802313116359617
0.9799680199246843
0.9796935352060395
0.9794076540450932
0.9791101882304674
0.9788009693536800
0.9784798543445501
0.9781467322340438
0.9778015325325813
0.9774442357878210
0.9770748871692555
0.9766936144039224
0.9763006522093108
0.9758963768516931
0.9754813572735732
0.9750564350034172
0.9746228586498732
0.9741825406566834
0.9745121450982087
0.9749656542805031
0.9754122445559146
0.9758499109222607
0.9762773321713062
0.9766936144039224
0.9770981539700033
0.9774905540229121
0.9778705699810034
0.9782380721183136
0.9785930189133836
0.9789354374451472
0.9792654085777496
0.9795830555006765
0.9798885346919114
0.9801820286711012
0.9804637401123237
0.9807338870056338
0.9809926986441103
0.9812404122714388
0.9814772702639304
0.9817035177506686
0.9819194005965509
0.9821251636871099
0.9823210494683248
0.9825072967016033
0.9826841393999310
0.9828518059216833
0.9830105181972506
0.9831604910685537
0.9833019317296320
0.9834350392494086
0.9835600041686425
0.9836770081592138
0.9837862237377780
0.9838878140251331
0.9839819325462094
0.9840687230636839
0.9841483194406249
0.9842208455282964
0.9842864150745166
0.9843451316499227
0.9843970885890242
0.9844423689427960
0.9844810454424742
0.9845131804714151
0.9845388260425197
0.9845580237834742
0.9845708049236065
0.9845771902871879
0.9845771902871879
0.9845708049236065
0.9845580237834785
0.9845388260425179
0.9845131804714151
0.9844810454424743
0.9844423689427960
0.9843970885890242
0.9843451316499227
0.9842864150745166
0.9842208455283126
0.9841483194406249
0.9840687230636839
0.9839819325462094
0.9838878140251331
0.9837862237377780
0.9836770081592138
0.9835600041686425
0.9834350392494094
0.9833019317296320
0.9831604910685537
0.9830105181972506
0.9828518059216833
0.9826841393999199
0.9825072967016035
0.9823210494683248
0.9821251636871099
0.9819194005965509
0.9817035177506686
0.9814772702639304
0.9812404122714388
0.9809926986441103
0.9807338870056338
0.9804637401123237
0.9801820286710953
0.9798885346919114
0.9795830555006765
0.9792654085777496
0.9789354374451472
0.9785930189133836
0.9782380721183136
0.9778705699810077
0.9774905540229121
0.9770981539700033
0.9766936144039224
0.9762773321713062
0.9758499109222609
0.9754122445559146
0.9749656542805031
0.9745121450982087
0.9748330432339960
0.9752990665891248
0.9757580234325849
0.9762078297776261
0.9766470991111813
0.9770748871692553
0.9774905540229121
0.9778936786784589
0.9782840022599991
0.9786613884461841
0.9790257949713038
0.9793772525286791
0.9797158487810406
0.9800417159970839
0.9803550213225748
0.9806559590095476
0.9809447441310690
0.9812216074408729
0.9814867911339115
0.9817405453216766
0.9819831250856995
0.9822147880011897
0.9824357920482624
0.9826463938456305
0.9828468471526309
0.9830374015977158
0.9832183015986479
0.9833897854453094
0.9835520845211347
0.9837054226424494
0.9838500154993381
0.9839860701842345
0.9841137847939289
0.9842333480953938
0.9843449392476689
0.9844487275694783
0.9845448723472878
0.9846335226769862
0.9847148173357736
0.9847888846774889
0.9848558425481140
0.9849157982202064
0.9849688483397123
0.9850150788852640
0.9850545651378538
0.9850873716563076
0.9851135522606349
0.9851331500192512
0.9851461972399763
0.9851527154645281
0.9851527154645281
0.9851461972399763
0.9851331500192512
0.9851135522606349
0.9850873716563076
0.9850545651378538
0.9850150788852640
0.9849688483397137
0.9849157982202064
0.9848558425481140
0.9847888846774889
0.9847148173357736
0.9846335226769862
0.9845448723472878
0.9844487275694783
0.9843449392476689
0.9842333480953870
0.9841137847939289
0.9839860701842345
0.9838500154993381
0.9837054226424572
0.9835520845211347
0.9833897854453094
0.9832183015986479
0.9830374015977158
0.9828468471526309
0.9826463938456305
0.9824357920482624
0.9822147880011897
0.9819831250856995
0.9817405453216755
0.9814867911339115
0.9812216074408729
0.9809447441310690
0.9806559590095476
0.9803550213225748
0.9800417159970839
0.9797158487810406
0.9793772525286791
0.9790257949713038
0.9786613884461841
0.9782840022599991
0.9778936786784486
0.9774905540229121
0.9770748871692564
0.9766470991111813
0.9762078297776261
0.9757580234325849
0.9752990665891248
0.9748330432339960
0.9751449297485094
0.9756228213365834
0.9760935212842885
0.9765548778721251
0.9770054464675427
0.9774442357878320
0.9778705699810034
0.9782840022599991
0.9786842566566130
0.9790711869168762
0.9794447465591894
0.9798049665176909
0.9801519381050973
0.9804857997990509
0.9808067268361512
0.9811149229070395
0.9814106134529149
0.9816940401998423
0.9819654566642669
0.9822251244335187
0.9824733100660877
0.9827102824992915
0.9829363108707192
0.9831516626840673
0.9833566022595381
0.9835513894252274
0.9837362784096257
0.9839115169048793
0.9840773452758322
0.9842339958913014
0.9843816925617298
0.9845206500656118
0.9846510737539174
0.9847731592192850
0.9848870920211885
0.9849930474599101
0.9850911903898302
0.9851816750680249
0.9852646450315961
0.9853402330000430
0.9854085607970443
0.9854697392900902
0.9855238683439735
0.9855710367844273
0.9856113223727423
0.9856447917859383
0.9856715006032831
0.9856914932967702
0.9857048032249258
0.9857114526284062
0.9857114526284062
0.9857048032249258
0.9856914932967702
0.9856715006032831
0.9856447917859383
0.9856113223727423
0.9855710367844273
0.9855238683439735
0.9854697392900797
0.9854085607970490
0.9853402330000430
0.9852646450315958
0.9851816750680249
0.9850911903898302
0.9849930474599101
0.9848870920211885
0.9847731592192850
0.9846510737539174
0.9845206500656118
0.9843816925617304
0.9842339958913014
0.9840773452758322
0.9839115169048793
0.9837362784096257
0.9835513894252274
0.9833566022595381
0.9831516626840673
0.9829363108707192
0.9827102824992915
0.9824733100660937
0.9822251244335187
0.9819654566642669
0.9816940401998423
0.9814106134529149
0.9811149229070395
0.9808067268361512
0.9804857997990509
0.9801519381050973
0.9798049665176909
0.9794447465591894
0.9790711869168762
0.9786842566566130
0.9782840022599991
0.9778705699810034
0.9774442357878320
0.9770054464675427
0.9765548778721251
0.9760935212842885
0.9756228213365834
0.9751449297485094
0.9754475880871593
0.9759367322358357
0.9764185771413763
0.9768909126495031
0.9773522426033110
0.9778015325325813
0.9782380721183136
0.9786613884461832
0.9790711869168758
0.9794673090925969
0.9798497016714856
0.9802183931183576
0.9805734757352171
0.9809150916861882
0.9812434219611369
0.9815586775548504
0.9818610923458152
0.9821509172964374
0.9824284156916347
0.9826938592062990
0.9829475246384616
0.9831896911834884
0.9834206381526164
0.9836406430562546
0.9838499799921342
0.9840489182877108
0.9842377213560373
0.9844166457316088
0.9845859402587518
0.9847458454092062
0.9848965927097930
0.9850384042636124
0.9851714923508147
0.9852960590978476
0.9854122962031581
0.9855203847139224
0.9856204948422495
0.9857127858182843
0.9857974057714602
0.9858744916377388
0.9859441690862096
0.9860065524630619
0.9860617447495140
0.9861098375304764
0.9861509109719053
0.9861850338053947
0.9862122633176421
0.9862326453428575
0.9862462142596511
0.9862529929879754
0.9862529929879754
0.9862462142596532
0.9862326453428539
0.9862122633176421
0.9861850338053947
0.9861509109719053
0.9861098375304764
0.9860617447495140
0.9860065524630619
0.9859441690862074
0.9858744916377388
0.9857974057714602
0.9857127858182843
0.9856204948422495
0.9855203847139224
0.9854122962031581
0.9852960590978559
0.9851714923508147
0.9850384042636124
0.9848965927097976
0.9847458454092062
0.9845859402587528
0.9844166457316088
0.9842377213560373
0.9840489182877108
0.9838499799921342
0.9836406430562546
0.9834206381526164
0.9831896911834884
0.9829475246384616
0.9826938592062990
0.9824284156916548
0.9821509172964374
0.9818610923458152
0.9815586775548504
0.9812434219611369
0.9809150916861882
0.9805734757352171
0.9802183931183576
0.9798497016714799
0.9794673090925969
0.9790711869168758
0.9786613884461841
0.9782380721183136
0.9778015325325813
0.9773522426033110
0.9768909126495031
0.9764185771413697
0.9759367322358357
0.9754475880871604
0.9757408741411088
0.9762406843671393
0.9767331017344425
0.9772158653709601
0.9776874334662405
0.9781467322340438
0.9785930189133836
0.9790257949713038
0.9794447465591894
0.9798497016714856
0.9802405983364775
0.9806174604617853
0.9809803791679104
0.9813294981604661
0.9816650021263155
0.9819871074347515
0.9822960546167868
0.9825921022353933
0.9828755218554998
0.9831465938914652
0.9834056041632987
0.9836528410282964
0.9838885929831663
0.9841131466573537
0.9843267851276329
0.9845297865029100
0.9847224227354049
0.9849049586208913
0.9850776509607061
0.9852407478589918
0.9853944881357249
0.9855391008371438
0.9856748048296251
0.9858018084640878
0.9859203093004053
0.9860304938825990
0.9861325375566986
0.9862266043246872
0.9863128467293182
0.9863914057627772
0.9864624107975764
0.9865259795336098
0.9865822179590518
0.9866312203225907
0.9866730691137720
0.9867078350500661
0.9867355770690297
0.9867563423234007
0.9867701661785042
0.9867770722118189
0.9867770722118189
0.9867701661785042
0.9867563423234007
0.9867355770690297
0.9867078350500661
0.9866730691137720
0.9866312203225907
0.9865822179590518
0.9865259795336098
0.9864624107975764
0.9863914057627772
0.9863128467293182
0.9862266043246872
0.9861325375566986
0.9860304938825990
0.9859203093004053
0.9858018084640878
0.9856748048296251
0.9855391008371355
0.9853944881357249
0.9852407478589918
0.9850776509607061
0.9849049586208942
0.9847224227354049
0.9845297865029100
0.9843267851276329
0.9841131466573563
0.9838885929831663
0.9836528410282964
0.9834056041632987
0.9831465938914652
0.9828755218554998
0.9825921022353933
0.9822960546167868
0.9819871074347515
0.9816650021263155
0.9813294981604661
0.9809803791679104
0.9806174604617853
0.9802405983364775
0.9798497016714856
0.9794447465591894
0.9790257949713038
0.9785930189133836
0.9781467322340438
0.9776874334662405
0.9772158653709601
0.9767331017344425
0.9762406843671393
0.9757408741411088
0.9760247034074599
0.9765346212197239
0.9770370639379288
0.9775297264198356
0.9780110263578955
0.9784798543445501
0.9789354374451472
0.9793772525286791
0.9798049665176909
0.9802183931183576
0.9806174604617749
0.9810021863538098
0.9813726590219554
0.9817290219398409
0.9820714617305435
0.9824001984364741
0.9827154776296383
0.9830175639672618
0.9833067358998467
0.9835832812998861
0.9838474938373786
0.9840996699625365
0.9843401063873795
0.9845690979796828
0.9847869359970444
0.9849939066075174
0.9851902896484074
0.9853763575856324
0.9855523746428186
0.9857185960733885
0.9858752675530024
0.9860226246765222
0.9861608925398710
0.9862902853965421
0.9864110063775831
0.9865232472622403
0.9866271882948170
0.9867229980385455
0.9868108332596031
0.9868908388379792
0.9869631476998688
0.9870278807662196
0.9870851469159592
0.9871350429607710
0.9871776536270886
0.9872130515458822
0.9872412972458525
0.9872624391505043
0.9872765135777803
0.9872835447384866
0.9872835447384866
0.9872765135777803
0.9872624391505043
0.9872412972458525
0.9872130515458885
0.9871776536270886
0.9871350429607710
0.9870851469159592
0.9870278807662173
0.9869631476998688
0.9868908388379792
0.9868108332596031
0.9867229980385394
0.9866271882948242
0.9865232472622403
0.9864110063775831
0.9862902853965362
0.9861608925398795
0.9860226246765222
0.9858752675530024
0.9857185960733885
0.9855523746428186
0.9853763575856324
0.9851902896484074
0.9849939066075174
0.9847869359970444
0.9845690979796828
0.9843401063873795
0.9840996699625365
0.9838474938373786
0.9835832812998861
0.9833067358998467
0.9830175639672618
0.9827154776296383
0.9824001984364741
0.9820714617305435
0.9817290219398409
0.9813726590219554
0.9810021863538098
0.9806174604617749
0.9802183931183576
0.9798049665176909
0.9793772525286791
0.9789354374451472
0.9784798543445501
0.9780110263578962
0.9775297264198356
0.9770370639379288
0.9765346212197251
0.9760247034074490
0.9762990406627033
0.9768185343218525
0.9773304800616628
0.9778325338978907
0.9783230775309167
0.9788009693536800
0.9792654085777496
0.9797158487810406
0.9801519381050973
0.9805734757352171
0.9809803791679202
0.9813726590219554
0.9817503993261778
0.9821137418947744
0.9824628738135370
0.9827980173313262
0.9831194216354197
0.9834273561178721
0.9837221048330964
0.9840039619158074
0.9842732277773586
0.9845302059394524
0.9847752003913750
0.9850085133798478
0.9852304435590349
0.9854412844406000
0.9856413230954426
0.9858308390669785
0.9860101034623259
0.9861793781945913
0.9863389153514469
0.9864889566730094
0.9866297331193830
0.9867614645164766
0.9868843592667167
0.9869986141147254
0.9871044139596389
0.9872019317062478
0.9872913281477665
0.9873727518763575
0.9874463392150366
0.9875122141676204
0.9875704883826186
0.9876212611289319
0.9876646192793497
0.9877006373018644
0.9877293772536936
0.9877508887798042
0.9877652091131862
0.9877723630748220
0.9877723630748220
0.9877652091131862
0.9877508887798118
0.9877293772536936
0.9877006373018644
0.9876646192793497
0.9876212611289319
0.9875704883826186
0.9875122141676204
0.9874463392150354
0.9873727518763575
0.9872913281477665
0.9872019317062478
0.9871044139596389
0.9869986141147254
0.9868843592667167
0.9867614645164766
0.9866297331193830
0.9864889566730094
0.9863389153514469
0.9861793781945913
0.9860101034623259
0.9858308390669810
0.9856413230954586
0.9854412844406000
0.9852304435590349
0.9850085133798478
0.9847752003913750
0.9845302059394524
0.9842732277773586
0.9840039619158074
0.9837221048330964
0.9834273561178721
0.9831194216354197
0.9827980173313262
0.9824628738135370
0.9821137418947744
0.9817503993261778
0.9813726590219554
0.9809803791679104
0.9805734757352171
0.9801519381050973
0.9797158487810406
0.9792654085777496
0.9788009693536800
0.9783230775309167
0.9778325338978907
0.9773304800616628
0.9768185343218525
0.9762990406627033
0.9765638915116880
0.9770924547882358
0.9776134052082668
0.9781243645503005
0.9786236824538326
0.9791101882304674
0.9795830555006765
0.9800417159970839
0.9804857997990509
0.9809150916861882
0.9813294981604661
0.9817290219398409
0.9821137418947732
0.9824837970627813
0.9828393737868721
0.9831806952814174
0.9835080131118168
0.9838216001978644
0.9841217450403245
0.9844087469375747
0.9846829120112974
0.9849445498923269
0.9851939709536041
0.9854314839959806
0.9856573943095982
0.9858720020514277
0.9860756008857989
0.9862684768474165
0.9864509073915504
0.9866231606017500
0.9867854945321584
0.9869381566622027
0.9870813834467946
0.9872153999486043
0.9873404195370615
0.9874566436463590
0.9875642615812901
0.9876634503631380
0.9877543746105932
0.9878371864466272
0.9879120254302821
0.9879790185050060
0.9880382799633127
0.9880899114218259
0.9881340018063074
0.9881706273421873
0.9881998515504907
0.9882217252461550
0.9882362865388331
0.9882435608340651
0.9882435608340651
0.9882362865388331
0.9882217252461550
0.9881998515504907
0.9881706273421873
0.9881340018063074
0.9880899114218259
0.9880382799633127
0.9879790185050060
0.9879120254302818
0.9878371864466272
0.9877543746105932
0.9876634503631411
0.9875642615812901
0.9874566436463522
0.9873404195370615
0.9872153999486043
0.9870813834467946
0.9869381566622027
0.9867854945321584
0.9866231606017500
0.9864509073915504
0.9862684768474165
0.9860756008858049
0.9858720020514400
0.9856573943095982
0.9854314839959806
0.9851939709535995
0.9849445498923269
0.9846829120113125
0.9844087469375747
0.9841217450403245
0.9838216001978637
0.9835080131118168
0.9831806952814174
0.9828393737868721
0.9824837970627813
0.9821137418947744
0.9817290219398409
0.9813294981604661
0.9809150916861882
0.9804857997990509
0.9800417159970839
0.9795830555006765
0.9791101882304676
0.9786236824538326
0.9781243645503005
0.9776134052082668
0.9770924547882358
0.9765638915116880
0.9768192953821456
0.9773564463324650
0.9778859261803472
0.9784053264012841
0.9789129680074813
0.9794076540450932
0.9798885346919114
0.9803550213225584
0.9808067268361523
0.9812434219611369
0.9816650021263155
0.9820714617305473
0.9824628738135370
0.9828393737868721
0.9832011462858646
0.9835484144603056
0.9838814311977130
0.9842004718912567
0.9845058284565692
0.9847978043631308
0.9850767104953576
0.9853428616989638
0.9855965738919387
0.9858381616462086
0.9860679361610576
0.9862862035651994
0.9864932634949426
0.9866894079040580
0.9868749200694026
0.9870500737628302
0.9872151325624366
0.9873703492824231
0.9875159655037373
0.9876522111883620
0.9877793043668619
0.9878974508844089
0.9880068441989290
0.9881076652208290
0.9882000821881457
0.9882842505707392
0.9883603129986382
0.9884283992094359
0.9884886260107754
0.9885410972553872
0.9885859038250874
0.9886231236220421
0.9886528215636815
0.9886750495821943
0.9886898466250003
0.9886972386556502
0.9886972386556502
0.9886898466250003
0.9886750495821943
0.9886528215636815
0.9886231236220421
0.9885859038250874
0.9885410972553872
0.9884886260107754
0.9884283992094359
0.9883603129986382
0.9882842505707392
0.9882000821881457
0.9881076652208267
0.9880068441989290
0.9878974508844089
0.9877793043668619
0.9876522111883625
0.9875159655037373
0.9873703492824243
0.9872151325624366
0.9870500737628302
0.9868749200694026
0.9866894079040566
0.9864932634949426
0.9862862035651994
0.9860679361610576
0.9858381616462086
0.9855965738919387
0.9853428616989638
0.9850767104953576
0.9847978043631308
0.9845058284565692
0.9842004718912567
0.9838814311977130
0.9835484144603056
0.9832011462858646
0.9828393737868721
0.9824628738135370
0.9820714617305473
0.9816650021263155
0.9812434219611369
0.9808067268361523
0.9803550213225584
0.9798885346919114
0.9794076540450932
0.9789129680074813
0.9784053264012841
0.9778859261803403
0.9773564463324650
0.9768192953821456
0.9770653196539846
0.9776105994270137
0.9781481555871361
0.9786755526897180
0.9791910861255014
0.9796935352060395
0.9801820286710882
0.9806559590095476
0.9811149229070395
0.9815586775548550
0.9819871074347515
0.9824001984364741
0.9827980173313080
0.9831806952814174
0.9835484144603056
0.9839013971144930
0.9842398965652139
0.9845641897717420
0.9848745711590859
0.9851713474793585
0.9854548335222453
0.9857253485272413
0.9859832131788824
0.9862287470861156
0.9864622666696621
0.9866840833884227
0.9868945022538654
0.9870938205854830
0.9872823269708940
0.9874603003982585
0.9876280095357741
0.9877857121339382
0.9879336545333844
0.9880720712620255
0.9882011847051647
0.9883212048410653
0.9884323290279545
0.9885347418357280
0.9886286149152413
0.9887141068971008
0.9887913633162140
0.9888605165559528
0.9889216858087868
0.9889749770499614
0.9890204830196295
0.9890582832135185
0.9890884438779340
0.9891110180080323
0.9891260453488190
0.9891335523955314
0.9891335523955314
0.9891260453488190
0.9891110180080335
0.9890884438779340
0.9890582832135185
0.9890204830196295
0.9889749770499600
0.9889216858087868
0.9888605165559522
0.9887913633162140
0.9887141068971008
0.9886286149152413
0.9885347418357425
0.9884323290279545
0.9883212048410653
0.9882011847051647
0.9880720712620256
0.9879336545333844
0.9877857121339382
0.9876280095357741
0.9874603003982585
0.9872823269708940
0.9870938205854830
0.9868945022538654
0.9866840833884227
0.9864622666696621
0.9862287470861156
0.9859832131788824
0.9857253485272413
0.9854548335222453
0.9851713474793600
0.9848745711590859
0.9845641897717420
0.9842398965652139
0.9839013971144930
0.9835484144603056
0.9831806952814174
0.9827980173313218
0.9824001984364741
0.9819871074347600
0.9815586775548550
0.9811149229070381
0.9806559590095476
0.9801820286710882
0.9796935352060395
0.9791910861255014
0.9786755526897180
0.9781481555871361
0.9776105994270137
0.9770653196539987
0.9773020546967784
0.9778550263790754
0.9784002268986813
0.9789351968177287
0.9794582085444353
0.9799680199246843
0.9804637401123237
0.9809447441310690
0.9814106134529190
0.9818610923458152
0.9822960546167868
0.9827154776296383
0.9831194216354197
0.9835080131118212
0.9838814311977314
0.9842398965652139
0.9845836622352744
0.9849130059621736
0.9852282238946805
0.9855296252836860
0.9858175280551392
0.9860922550970792
0.9863541311450345
0.9866034801648247
0.9868406231544841
0.9870658762976857
0.9872795494139365
0.9874819446593115
0.9876733554399086
0.9878540655040461
0.9880243481877835
0.9881844657882025
0.9883346690477324
0.9884751967300612
0.9886062752741795
0.9887281185153682
0.9888409274607181
0.9889448901114393
0.9890401813247272
0.9891269627056017
0.9892053825267713
0.9892755756693757
0.9893376635795094
0.9893917542399121
0.9894379421505923
0.9894763083175214
0.9895069202469071
0.9895298319425344
0.9895450839063069
0.9895527031383361
0.9895527031383345
0.9895450839063069
0.9895298319425344
0.9895069202469071
0.9894763083175214
0.9894379421505923
0.9893917542399121
0.9893376635795094
0.9892755756693757
0.9892053825267713
0.9891269627055974
0.9890401813247272
0.9889448901114393
0.9888409274607181
0.9887281185153682
0.9886062752741795
0.9884751967300612
0.9883346690477324
0.9881844657882025
0.9880243481877835
0.9878540655040461
0.9876733554399086
0.9874819446593115
0.9872795494139365
0.9870658762976857
0.9868406231544874
0.9866034801648247
0.9863541311450338
0.9860922550970792
0.9858175280551392
0.9855296252836860
0.9852282238946805
0.9849130059621736
0.9845836622352744
0.9842398965652139
0.9838814311977130
0.9835080131118212
0.9831194216354197
0.9827154776296383
0.9822960546167868
0.9818610923458152
0.9814106134529149
0.9809447441310690
0.9804637401123237
0.9799680199246843
0.9794582085444353
0.9789351968177283
0.9784002268986813
0.9778550263790754
0.9773020546967784
0.9775296096481596
0.9780898571484532
0.9786422902624414
0.9791844281050285
0.9797145224250167
0.9802313116359617
0.9807338870056338
0.9812216074408729
0.9816940401998423
0.9821509172964374
0.9825921022353933
0.9830175639672618
0.9834273561178812
0.9838216001978644
0.9842004718912543
0.9845641897717420
0.9849130059621736
0.9852471983660266
0.9855670641816007
0.9858729144751238
0.9861650696258911
0.9864438555011913
0.9867096002368020
0.9869626315300369
0.9872032743593265
0.9874318490667646
0.9876486697456353
0.9878540428870092
0.9880482662459273
0.9882316278929967
0.9884044054250081
0.9885668653088158
0.9887192623395389
0.9888618391951736
0.9889948260728004
0.9891184403934968
0.9892328865655555
0.9893383557961932
0.9894350259436377
0.9895230614027822
0.9896026130183863
0.9896738180208615
0.9897367999791243
0.9897916687691831
0.9898385205520067
0.9898774377600807
0.9899084890905341
0.9899317295013951
0.9899472002103397
0.9899549286954540
0.9899549286954540
0.9899472002103397
0.9899317295013951
0.9899084890905422
0.9898774377600783
0.9898385205520067
0.9897916687691831
0.9897367999791243
0.9896738180208615
0.9896026130183863
0.9895230614027822
0.9894350259436377
0.9893383557961868
0.9892328865655560
0.9891184403934968
0.9889948260728004
0.9888618391951736
0.9887192623395389
0.9885668653088158
0.9884044054250081
0.9882316278929967
0.9880482662459320
0.9878540428870113
0.9876486697456353
0.9874318490667646
0.9872032743593265
0.9869626315300369
0.9867096002368027
0.9864438555011894
0.9861650696258911
0.9858729144751238
0.9855670641816007
0.9852471983660266
0.9849130059621737
0.9845641897717420
0.9842004718912567
0.9838216001978637
0.9834273561178812
0.9830175639672618
0.9825921022353933
0.9821509172964374
0.9816940401998423
0.9812216074408729
0.9807338870056338
0.9802313116359617
0.9797145224250167
0.9791844281050285
0.9786422902624414
0.9780898571484532
0.9775296096481596
0.9777481087988747
0.9783152357755543
0.9788745089425478
0.9794234281933590
0.9799602266698102
0.9804836251748208
0.9809926986441103
0.9814867911339115
0.9819654566642714
0.9824284156916347
0.9828755218554829
0.9833067358998395
0.9837221048330964
0.9841217450403245
0.9845058284565690
0.9848745711590859
0.9852282238946805
0.9855670641816004
0.9858913896981427
0.9862015127335777
0.9864977555222447
0.9867804463130978
0.9870499160568227
0.9873064956121704
0.9875505133891341
0.9877822933631910
0.9880021534024819
0.9882104038610450
0.9884073463982006
0.9885932729906621
0.9887684651067564
0.9889331930198321
0.9890877152416406
0.9892322780529057
0.9893671151209362
0.9894924471884141
0.9896084818225642
0.9897154132146366
0.9898134220232406
0.9899026752504966
0.9899833261493103
0.9900555141527441
0.9901193648233280
0.9901749898162011
0.9902224868550429
0.9902619397160187
0.9902934182185482
0.9903169782198378
0.9903326616134343
0.9903404963280613
0.9903404963280620
0.9903326616134343
0.9903169782198378
0.9902934182185426
0.9902619397160187
0.9902224868550429
0.9901749898162011
0.9901193648233280
0.9900555141527441
0.9899833261493103
0.9899026752504966
0.9898134220232406
0.9897154132146366
0.9896084818225642
0.9894924471884141
0.9893671151209362
0.9892322780529057
0.9890877152416406
0.9889331930198313
0.9887684651067582
0.9885932729906621
0.9884073463982006
0.9882104038610450
0.9880021534024819
0.9877822933631943
0.9875505133891341
0.9873064956121704
0.9870499160568227
0.9867804463130978
0.9864977555222447
0.9862015127335777
0.9858913896981427
0.9855670641816004
0.9852282238946805
0.9848745711590742
0.9845058284565708
0.9841217450403245
0.9837221048330964
0.9833067358998467
0.9828755218554998
0.9824284156916347
0.9819654566642714
0.9814867911339115
0.9809926986441103
0.9804836251748208
0.9799602266698102
0.9794234281933590
0.9788745089425478
0.9783152357755543
0.9777481087988747
0.9779576884859272
0.9785313173164172
0.9790970562746047
0.9796523879875083
0.9801955288078592
0.9807251835621128
0.9812404122714388
0.9817405453216755
0.9822251244335187
0.9826938592062990
0.9831465938914652
0.9835832812998861
0.9840039619158074
0.9844087469375786
0.9847978043631308
0.9851713474793600
0.9855296252836860
0.9858729144751238
0.9862015127335777
0.9865157330664392
0.9868158990410619
0.9871023407621270
0.9873753914709732
0.9876353846729654
0.9878826517091686
0.9881175197053794
0.9883403098418081
0.9885513358948984
0.9887509030114867
0.9889393066799061
0.9891168318701112
0.9892837523170953
0.9894403299256341
0.9895868142797394
0.9897234422394340
0.9898504376126205
0.9899680108898893
0.9900763590309685
0.9901756652975298
0.9902660991209409
0.9903478160012441
0.9904209574305438
0.9904856508364401
0.9905420095417494
0.9905901327359335
0.9906301054562294
0.9906619985763844
0.9906858687994784
0.9907017586540431
0.9907096964930556
0.9907096964930556
0.9907017586540422
0.9906858687994784
0.9906619985763843
0.9906301054562294
0.9905901327359335
0.9905420095417494
0.9904856508364401
0.9904209574305438
0.9903478160012441
0.9902660991209409
0.9901756652975298
0.9900763590309685
0.9899680108898893
0.9898504376126205
0.9897234422394340
0.9895868142797394
0.9894403299256341
0.9892837523170974
0.9891168318701112
0.9889393066799061
0.9887509030114867
0.9885513358948984
0.9883403098418081
0.9881175197053794
0.9878826517091686
0.9876353846729654
0.9873753914709732
0.9871023407621270
0.9868158990410619
0.9865157330664392
0.9862015127335764
0.9858729144751238
0.9855296252836860
0.9851713474793600
0.9847978043631308
0.9844087469375786
0.9840039619158074
0.9835832812998861
0.9831465938914652
0.9826938592062990
0.9822251244335187
0.9817405453216758
0.9812404122714388
0.9807251835621120
0.9801955288078592
0.9796523879875083
0.9790970562746047
0.9785313173164172
0.9779576884859272
0.9781584944106373
0.9787382652030144
0.9793101130503842
0.9798715050374613
0.9804206423439091
0.9809562152872362
0.9814772702639304
0.9819831250857042
0.9824733100660937
0.9829475246384609
0.9834056041632987
0.9838474938373786
0.9842732277773586
0.9846829120112974
0.9850767104953576
0.9854548335222453
0.9858175280551392
0.9861650696258929
0.9864977555222447
0.9868158990410738
0.9871198246342824
0.9874098638006390
0.9876863516077931
0.9879496237464438
0.9882000140350252
0.9884378523086244
0.9886634626338046
0.9888771618009432
0.9890792580544028
0.9892700500253085
0.9894498258367665
0.9896188623567114
0.9897774245762990
0.9899257650962243
0.9900641237026526
0.9901927270222467
0.9903117882410304
0.9904215068786477
0.9905220686088293
0.9906136451184515
0.9906963939978544
0.9907704586571495
0.9908359682646916
0.9908930377004616
0.9909417675247137
0.9909822439553722
0.9910145388534054
0.9910387097142790
0.9910547996626609
0.9910628374490152
0.9910628374490010
0.9910547996626481
0.9910387097142790
0.9910145388534054
0.9909822439553722
0.9909417675247137
0.9908930377004616
0.9908359682646916
0.9907704586571444
0.9906963939978544
0.9906136451184515
0.9905220686088293
0.9904215068786509
0.9903117882410304
0.9901927270222467
0.9900641237026523
0.9899257650962098
0.9897774245762990
0.9896188623567075
0.9894498258367665
0.9892700500253085
0.9890792580544028
0.9888771618009432
0.9886634626338038
0.9884378523086244
0.9882000140350210
0.9879496237464469
0.9876863516077931
0.9874098638006390
0.9871198246342824
0.9868158990410738
0.9864977555222447
0.9861650696258929
0.9858175280551392
0.9854548335222448
0.9850767104953576
0.9846829120112974
0.9842732277773586
0.9838474938373786
0.9834056041632987
0.9829475246384609
0.9824733100660937
0.9819831250856995
0.9814772702639304
0.9809562152872362
0.9804206423439091
0.9798715050374613
0.9793101130503842
0.9787382652030144
0.9781584944106373
0.9783506793170867
0.9789362489619630
0.9795138652644326
0.9800809812935051
0.9806357844954895
0.9811769519989075
0.9817035177506697
0.9822147880011897
0.9827102824992915
0.9831896911834884
0.9836528410283069
0.9840996699625365
0.9845302059394515
0.9849445498923269
0.9853428616989681
0.9857253485272413
0.9860922550970792
0.9864438555011911
0.9867804463130978
0.9871023407621270
0.9874098638006390
0.9877033479218714
0.9879831296106857
0.9882495463324500
0.9885029339754817
0.9887436246840731
0.9889719450212029
0.9891882144152381
0.9893927438473356
0.9895858347470065
0.9897677780632066
0.9899388534880531
0.9900993288085124
0.9902494593694016
0.9903894876295303
0.9905196427978878
0.9906401405378684
0.9907511827272509
0.9908529572682203
0.9909456379345634
0.9910293842550204
0.9911043414213987
0.9911706402203493
0.9912283969827489
0.9912777135464071
0.9913186772307991
0.9913513608193104
0.9913758225477913
0.9913921060977459
0.9914002405918289
0.9914002405918289
0.9913921060977459
0.9913758225477913
0.9913513608193104
0.9913186772308005
0.9912777135464071
0.9912283969827489
0.9911706402203493
0.9911043414213987
0.9910293842550204
0.9909456379345634
0.9908529572682203
0.9907511827272509
0.9906401405378684
0.9905196427978878
0.9903894876295303
0.9902494593694016
0.9900993288085124
0.9899388534880533
0.9897677780632066
0.9895858347470065
0.9893927438473356
0.9891882144152381
0.9889719450212029
0.9887436246840731
0.9885029339754802
0.9882495463324500
0.9879831296106857
0.9877033479218714
0.9874098638006370
0.9871023407621271
0.9867804463130978
0.9864438555011905
0.9860922550970792
0.9857253485272413
0.9853428616989638
0.9849445498923269
0.9845302059394515
0.9840996699625365
0.9836528410282933
0.9831896911834884
0.9827102824992915
0.9822147880011897
0.9817035177506697
0.9811769519989127
0.9806357844954895
0.9800809812935051
0.9795138652644326
0.9789362489619630
0.9783506793170867
0.9785344009772522
0.9791254422397837
0.9797085021687557
0.9802810211735640
0.9808411742544073
0.9813876265397297
0.9819194005965509
0.9824357920482624
0.9829363108707225
0.9834206381526164
0.9838885929831683
0.9843401063873795
0.9847752003913836
0.9851939709535995
0.9855965738919434
0.9859832131788824
0.9863541311450345
0.9867096002368020
0.9870499160568227
0.9873753914709732
0.9876863516077931
0.9879831296106857
0.9882660630255371
0.9885354907287073
0.9887917503145420
0.9890351758759155
0.9892660961184425
0.9894848327641682
0.9896916991983259
0.9898869993294515
0.9900710266281750
0.9902440633209422
0.9904063797176400
0.9905582336498405
0.9906998700076417
0.9908315203582871
0.9909534026335882
0.9910657208777334
0.9911686650432708
0.9912624108302013
0.9913471195585902
0.9914229380697327
0.9914899986512965
0.9915484189807890
0.9915983020837927
0.9916397363046746
0.9916727952854345
0.9916975379519642
0.9917140085047129
0.9917222364133625
0.9917222364133625
0.9917140085047129
0.9916975379519642
0.9916727952854345
0.9916397363046746
0.9915983020837927
0.9915484189807943
0.9914899986512965
0.9914229380697313
0.9913471195585902
0.9912624108302013
0.9911686650432708
0.9910657208777334
0.9909534026335882
0.9908315203582673
0.9906998700076417
0.9905582336498405
0.9904063797176400
0.9902440633209422
0.9900710266281750
0.9898869993294515
0.9896916991983337
0.9894848327641682
0.9892660961184425
0.9890351758759155
0.9887917503145420
0.9885354907287073
0.9882660630255371
0.9879831296106857
0.9876863516077931
0.9873753914709770
0.9870499160568227
0.9867096002368027
0.9863541311450345
0.9859832131788824
0.9855965738919434
0.9851939709535995
0.9847752003913750
0.9843401063873795
0.9838885929831663
0.9834206381526164
0.9829363108707225
0.9824357920482624
0.9819194005965509
0.9813876265397297
0.9808411742544073
0.9802810211735640
0.9797085021687557
0.9791254422397985
0.9785344009772522
0.9787098204387771
0.9793060210886054
0.9798942145885660
0.9804718298974051
0.9810370307224153
0.9815884712654086
0.9821251636871099
0.9826463938456305
0.9831516626840680
0.9836406430562546
0.9841131466573532
0.9845690979796828
0.9850085133798498
0.9854314839959806
0.9858381616462086
0.9862287470861156
0.9866034801648247
0.9869626315300369
0.9873064956121668
0.9876353846729654
0.9879496237464438
0.9882495463324500
0.9885354907287073
0.9888077969044889
0.9890668038371160
0.9893128472448245
0.9895462576565165
0.9897673587742176
0.9899764660831208
0.9901738856764331
0.9903599132637891
0.9905348333372842
0.9906989184729392
0.9908524287478870
0.9909956112567562
0.9911286997117044
0.9912519141156674
0.9913654604950332
0.9914695306846335
0.9915643021553530
0.9916499378778493
0.9917265862163616
0.9917943808461138
0.9918534406910379
0.9919038698776976
0.9919457577008099
0.9919791785998739
0.9920041921415154
0.9920208430089063
0.9920291609940776
0.9920291609940776
0.9920208430089063
0.9920041921415154
0.9919791785998739
0.9919457577008099
0.9919038698776976
0.9918534406910379
0.9917943808461138
0.9917265862163616
0.9916499378778493
0.9915643021553530
0.9914695306846335
0.9913654604950332
0.9912519141156674
0.9911286997117044
0.9909956112567562
0.9908524287479002
0.9906989184729392
0.9905348333372818
0.9903599132637975
0.9901738856764370
0.9899764660831208
0.9897673587742147
0.9895462576565165
0.9893128472448194
0.9890668038371160
0.9888077969044889
0.9885354907287073
0.9882495463324500
0.9879496237464438
0.9876353846729654
0.9873064956121668
0.9869626315300369
0.9866034801648246
0.9862287470861104
0.9858381616462086
0.9854314839959806
0.9850085133798498
0.9845690979796828
0.9841131466573532
0.9836406430562546
0.9831516626840618
0.9826463938456305
0.9821251636871099
0.9815884712654086
0.9810370307224153
0.9804718298974051
0.9798942145885613
0.9793060210886054
0.9787098204387771
0.9788771005002359
0.9794781624779068
0.9800711934643581
0.9806536120481743
0.9812235716804658
0.9817797166063048
0.9823210494683248
0.9828468471526309
0.9833566022595381
0.9838499799921342
0.9843267851276329
0.9847869359970444
0.9852304435590349
0.9856573943095982
0.9860679361610520
0.9864622666696621
0.9868406231544874
0.9872032743593265
0.9875505133891341
0.9878826517091686
0.9882000140350237
0.9885029339754802
0.9887917503145431
0.9890668038371160
0.9893284346190142
0.9895769797159950
0.9898127711937145
0.9900361344508343
0.9902473867944145
0.9904468362332649
0.9906347804553742
0.9908115059687903
0.9909772873780682
0.9911323867798719
0.9912770532596987
0.9914115224750766
0.9915360163124443
0.9916507426071256
0.9917558949152442
0.9918516523314379
0.9919381793430250
0.9920156257149649
0.9920841264018293
0.9921438014779200
0.9921947560869426
0.9922370804029522
0.9922708496035287
0.9922961238489714
0.9923129482693974
0.9923213529562438
0.9923213529562438
0.9923129482693974
0.9922961238489714
0.9922708496035287
0.9922370804029607
0.9921947560869426
0.9921438014779190
0.9920841264018293
0.9920156257149774
0.9919381793430250
0.9918516523314379
0.9917558949152369
0.9916507426071256
0.9915360163124443
0.9914115224750766
0.9912770532596987
0.9911323867798719
0.9909772873780682
0.9908115059687799
0.9906347804553743
0.9904468362332649
0.9902473867944145
0.9900361344508343
0.9898127711937145
0.9895769797160051
0.9893284346190142
0.9890668038371071
0.9887917503145420
0.9885029339754817
0.9882000140350210
0.9878826517091686
0.9875505133891341
0.9872032743593265
0.9868406231544907
0.9864622666696621
0.9860679361610576
0.9856573943095982
0.9852304435590349
0.9847869359970444
0.9843267851276329
0.9838499799921332
0.9833566022595381
0.9828468471526309
0.9823210494683248
0.9817797166063081
0.9812235716804658
0.9806536120481743
0.9800711934643581
0.9794781624779068
0.9788771005002359
0.9790364043808192
0.9796420429992935
0.9802396285861071
0.9808265703290818
0.9814010123564940
0.9819615898357786
0.9825072967016035
0.9830374015977158
0.9835513894252274
0.9840489182877108
0.9845297865029100
0.9849939066075190
0.9854412844406000
0.9858720020514400
0.9862862035651994
0.9866840833884227
0.9870658762976857
0.9874318490667642
0.9877822933631903
0.9881175197053794
0.9884378523086244
0.9887436246840731
0.9890351758759155
0.9893128472448245
0.9895769797159950
0.9898279114290092
0.9900659757297600
0.9902914994585164
0.9905048014934767
0.9907061915120690
0.9908959689429943
0.9910744220796917
0.9912418273347338
0.9913984486143459
0.9915445367956376
0.9916803292938965
0.9918060497034296
0.9919219075042986
0.9920280978222954
0.9921248012360587
0.9922121836216625
0.9922903960299456
0.9923595745901765
0.9924198404359797
0.9924712996481473
0.9925140432116220
0.9925481469850942
0.9925736716774238
0.9925906628319637
0.9925991508166432
0.9925991508166432
0.9925906628319634
0.9925736716774238
0.9925481469850986
0.9925140432116220
0.9924712996481473
0.9924198404359797
0.9923595745901765
0.9922903960299456
0.9922121836216625
0.9921248012360587
0.9920280978222954
0.9919219075042986
0.9918060497034296
0.9916803292938996
0.9915445367956399
0.9913984486143432
0.9912418273347338
0.9910744220796917
0.9908959689429943
0.9907061915120690
0.9905048014934767
0.9902914994585114
0.9900659757297604
0.9898279114290101
0.9895769797159950
0.9893128472448245
0.9890351758759155
0.9887436246840813
0.9884378523086244
0.9881175197053794
0.9877822933631910
0.9874318490667642
0.9870658762976857
0.9866840833884227
0.9862862035651994
0.9858720020514400
0.9854412844406000
0.9849939066075190
0.9845297865029072
0.9840489182877060
0.9835513894252274
0.9830374015977158
0.9825072967016035
0.9819615898357786
0.9814010123564940
0.9808265703290847
0.9802396285861071
0.9796420429992935
0.9790364043808206
0.9791878945600917
0.9797978377396931
0.9803997074961535
0.9809909044887946
0.9815695643652849
0.9821343140136546
0.9826841393999310
0.9832183015986479
0.9837362784096257
0.9842377213560373
0.9847224227354041
0.9851902896484074
0.9856413230954586
0.9860756008858018
0.9864932634949426
0.9868945022538654
0.9872795494139373
0.9876486697456353
0.9880021534024827
0.9883403098418081
0.9886634626338038
0.9889719450212029
0.9892660961184425
0.9895462576565162
0.9898127711937261
0.9900659757297600
0.9903062056635885
0.9905337890494458
0.9907490461092574
0.9909522879669262
0.9911438155736041
0.9913239187973957
0.9914928756553758
0.9916509516686841
0.9917983993215083
0.9919354576115083
0.9920623516763103
0.9921792924868458
0.9922864765956797
0.9923840859333926
0.9924722876442392
0.9925512339550890
0.9926210620722987
0.9926818941008828
0.9927338369823490
0.9927769824479117
0.9928114069827007
0.9928371718009827
0.9928543228270831
0.9928628906836862
0.9928628906836862
0.9928543228270831
0.9928371718009829
0.9928114069827007
0.9927769824479131
0.9927338369823490
0.9926818941008895
0.9926210620722987
0.9925512339550890
0.9924722876442392
0.9923840859333926
0.9922864765956797
0.9921792924868470
0.9920623516762864
0.9919354576115083
0.9917983993215083
0.9916509516686841
0.9914928756553758
0.9913239187973957
0.9911438155736005
0.9909522879669262
0.9907490461092574
0.9905337890494458
0.9903062056635885
0.9900659757297673
0.9898127711937261
0.9895462576565137
0.9892660961184425
0.9889719450212029
0.9886634626338116
0.9883403098418081
0.9880021534024827
0.9876486697456353
0.9872795494139330
0.9868945022538654
0.9864932634949426
0.9860756008858018
0.9856413230954586
0.9851902896484074
0.9847224227354048
0.9842377213560373
0.9837362784096257
0.9832183015986479
0.9826841393999310
0.9821343140136546
0.9815695643652849
0.9809909044887946
0.9803997074961535
0.9797978377396931
0.9791878945600917
0.9793317317656602
0.9799457193001501
0.9805516145366516
0.9811468103913105
0.9817294347943536
0.9822981070796664
0.9828518059216833
0.9833897854453094
0.9839115169048793
0.9844166457316088
0.9849049586208942
0.9853763575856321
0.9858308390669799
0.9862684768474165
0.9866894079040566
0.9870938205854830
0.9874819446593115
0.9878540428870113
0.9882104038610450
0.9885513358948984
0.9888771618009432
0.9891882144152381
0.9894848327641682
0.9897673587742147
0.9900361344508309
0.9902914994585114
0.9905337890494458
0.9907633322882883
0.9909804505381300
0.9911854561681241
0.9913786514538774
0.9915603276453568
0.9917307641781520
0.9918902280087126
0.9920389730571813
0.9921772397409642
0.9923052545877359
0.9924232299153088
0.9925313635691470
0.9926298387078578
0.9927188236300780
0.9927984716354680
0.9928689209140158
0.9929302944594706
0.9929827000022234
0.9930262299573633
0.9930609613856152
0.9930869559648801
0.9931042599696631
0.9931129042567250
0.9931129042567250
0.9931042599696602
0.9930869559648835
0.9930609613856085
0.9930262299573633
0.9929827000022234
0.9929302944594705
0.9928689209140158
0.9927984716354680
0.9927188236300780
0.9926298387078583
0.9925313635691470
0.9924232299153088
0.9923052545877359
0.9921772397409642
0.9920389730571813
0.9918902280087126
0.9917307641781518
0.9915603276453568
0.9913786514538774
0.9911854561681241
0.9909804505381300
0.9907633322882883
0.9905337890494458
0.9902914994585164
0.9900361344508343
0.9897673587742176
0.9894848327641682
0.9891882144152381
0.9888771618009432
0.9885513358948984
0.9882104038610450
0.9878540428870113
0.9874819446593115
0.9870938205854830
0.9866894079040517
0.9862684768474165
0.9858308390669799
0.9853763575856324
0.9849049586208942
0.9844166457316088
0.9839115169048793
0.9833897854453094
0.9828518059216833
0.9822981070796664
0.9817294347943536
0.9811468103913105
0.9805516145366516
0.9799457193001501
0.9793317317656602
0.9794680740893582
0.9800858569426292
0.9806955300224254
0.9812944792124564
0.9818808254174977
0.9824531810780754
0.9830105181972506
0.9835520845211347
0.9840773452758278
0.9845859402587518
0.9850776509606904
0.9855523746428186
0.9860101034623273
0.9864509073915504
0.9868749200694026
0.9872823269708936
0.9876733554399086
0.9880482662459320
0.9884073463982006
0.9887509030114867
0.9890792580544028
0.9893927438473467
0.9896916991983337
0.9899764660831072
0.9902473867944145
0.9905048014934767
0.9907490461092574
0.9909804505381300
0.9911993371033744
0.9914060192381517
0.9916008003642636
0.9917839729385621
0.9919558176444135
0.9921166027098351
0.9922665833325657
0.9924060011998952
0.9925350840866350
0.9926540455241463
0.9927630845253500
0.9928623853610836
0.9929521173775313
0.9930324348497210
0.9931034768639023
0.9931653672247328
0.9932182143829420
0.9932621113787727
0.9932971357998579
0.9933233497489149
0.9933407998210587
0.9933495170880883
0.9933495170880883
0.9933407998210587
0.9933233497489149
0.9932971357998587
0.9932621113787727
0.9932182143829420
0.9931653672247328
0.9931034768639023
0.9930324348497210
0.9929521173775313
0.9928623853610888
0.9927630845253500
0.9926540455241463
0.9925350840866350
0.9924060011998952
0.9922665833325764
0.9921166027098351
0.9919558176444201
0.9917839729385621
0.9916008003642636
0.9914060192381517
0.9911993371033744
0.9909804505381300
0.9907490461092574
0.9905048014934832
0.9902473867944152
0.9899764660831072
0.9896916991983337
0.9893927438473356
0.9890792580544028
0.9887509030114867
0.9884073463982006
0.9880482662459320
0.9876733554399086
0.9872823269708940
0.9868749200694026
0.9864509073915504
0.9860101034623273
0.9855523746428186
0.9850776509607061
0.9845859402587528
0.9840773452758278
0.9835520845211347
0.9830105181972506
0.9824531810780754
0.9818808254174977
0.9812944792124547
0.9806955300224254
0.9800858569426292
0.9794680740893582
0.9795970762157947
0.9802184158463650
0.9808316295248656
0.9814340967457044
0.9820239320181183
0.9825997414921563
0.9831604910685537
0.9837054226424494
0.9842339958913014
0.9847458454092062
0.9852407478589918
0.9857185960733885
0.9861793781945913
0.9866231606017569
0.9870500737628302
0.9874603003982585
0.9878540655040461
0.9882316278929967
0.9885932729906621
0.9889393066799061
0.9892700500253084
0.9895858347470065
0.9898869993294515
0.9901738856764379
0.9904468362332649
0.9907061915120690
0.9909522879669262
0.9911854561681241
0.9914060192381517
0.9916142915131941
0.9918105774006357
0.9919951704057743
0.9921683523052824
0.9923303924480048
0.9924815471650603
0.9926220592746189
0.9927521576677775
0.9928720569646741
0.9929819572298099
0.9930820437377521
0.9931724867828181
0.9932534415242906
0.9933250478622909
0.9933874303391478
0.9934406980615692
0.9934849446399939
0.9935202481426586
0.9935466710603241
0.9935642602811380
0.9935730470732688
0.9935730470732688
0.9935642602811380
0.9935466710603261
0.9935202481426558
0.9934849446399939
0.9934406980615692
0.9933874303391478
0.9933250478622909
0.9932534415242906
0.9931724867828137
0.9930820437377521
0.9929819572298099
0.9928720569646741
0.9927521576677775
0.9926220592746189
0.9924815471650603
0.9923303924480037
0.9921683523052656
0.9919951704057743
0.9918105774006357
0.9916142915131941
0.9914060192381517
0.9911854561681241
0.9909522879669262
0.9907061915120684
0.9904468362332649
0.9901738856764379
0.9898869993294515
0.9895858347470065
0.9892700500253084
0.9889393066799061
0.9885932729906621
0.9882316278929967
0.9878540655040461
0.9874603003982585
0.9870500737628302
0.9866231606017500
0.9861793781945913
0.9857185960733885
0.9852407478589918
0.9847458454092062
0.9842339958913001
0.9837054226424494
0.9831604910685537
0.9825997414921631
0.9820239320181183
0.9814340967457044
0.9808316295248656
0.9802184158463650
0.9795970762158004
0.9797188887491547
0.9803435564622437
0.9809600832498866
0.9815658428028201
0.9821589438073146
0.9827379866760952
0.9833019317296320
0.9838500154993381
0.9843816925617304
0.9848965927097976
0.9853944881357394
0.9858752675530007
0.9863389153514469
0.9867854945321584
0.9872151325624366
0.9876280095357741
0.9880243481877851
0.9884044054250081
0.9887684651067582
0.9891168318701112
0.9894498258367665
0.9897677780632066
0.9900710266281750
0.9903599132637975
0.9906347804553742
0.9908959689429977
0.9911438155736041
0.9913786514538693
0.9916008003642670
0.9918105774006357
0.9920082878123374
0.9921942260104121
0.9923686747249972
0.9925319042890038
0.9926841720346832
0.9928257217844265
0.9929567834242566
0.9930775725485382
0.9931882901653639
0.9932891224528700
0.9933802405604949
0.9934618004468533
0.9935339427492421
0.9935967926789276
0.9936504599380110
0.9936950386555659
0.9937306073371219
0.9937572288266645
0.9937749502795670
0.9937838031428936
0.9937838031428936
0.9937749502795670
0.9937572288266645
0.9937306073371219
0.9936950386555665
0.9936504599380110
0.9935967926789276
0.9935339427492421
0.9934618004468533
0.9933802405604949
0.9932891224528700
0.9931882901653639
0.9930775725485382
0.9929567834242569
0.9928257217844265
0.9926841720346826
0.9925319042890038
0.9923686747249972
0.9921942260104121
0.9920082878123562
0.9918105774006357
0.9916008003642636
0.9913786514538693
0.9911438155736041
0.9908959689429977
0.9906347804553743
0.9903599132637891
0.9900710266281750
0.9897677780632066
0.9894498258367665
0.9891168318701112
0.9887684651067582
0.9884044054250081
0.9880243481877851
0.9876280095357741
0.9872151325624366
0.9867854945321584
0.9863389153514469
0.9858752675530007
0.9853944881357394
0.9848965927097976
0.9843816925617304
0.9838500154993381
0.9833019317296320
0.9827379866760952
0.9821589438073146
0.9815658428028201
0.9809600832498866
0.9803435564622437
0.9797188887491547
0.9798336576270925
0.9804614339508758
0.9810810555008806
0.9816898906965872
0.9822860429258370
0.9828681073693880
0.9834350392494058
0.9839860701842345
0.9845206500656171
0.9850384042636124
0.9855391008371355
0.9860226246765222
0.9864889566730094
0.9869381566622027
0.9873703492824231
0.9877857121339378
0.9881844657882025
0.9885668653088158
0.9889331930198315
0.9892837523170979
0.9896188623567114
0.9899388534880533
0.9902440633209422
0.9905348333372842
0.9908115059687799
0.9910744220796917
0.9913239187973957
0.9915603276453568
0.9917839729385621
0.9919951704057743
0.9921942260104121
0.9923814349421307
0.9925570807576218
0.9927214346507425
0.9928747548345093
0.9930172860192205
0.9931492589749575
0.9932708901649878
0.9933823814413542
0.9934839197929199
0.9935756771380390
0.9936578101559572
0.9937304601489851
0.9937937529331677
0.9938477987504766
0.9938926921996355
0.9939285121828647
0.9939553218649944
0.9939731686440597
0.9939820841294703
0.9939820841294703
0.9939731686440597
0.9939553218649944
0.9939285121828647
0.9938926921996355
0.9938477987504700
0.9937937529331677
0.9937304601489851
0.9936578101559572
0.9935756771380388
0.9934839197929199
0.9933823814413542
0.9932708901649878
0.9931492589749575
0.9930172860192205
0.9928747548345093
0.9927214346507386
0.9925570807576218
0.9923814349421299
0.9921942260104121
0.9919951704057743
0.9917839729385621
0.9915603276453568
0.9913239187973957
0.9910744220796917
0.9908115059687784
0.9905348333372818
0.9902440633209422
0.9899388534880533
0.9896188623567100
0.9892837523170979
0.9889331930198323
0.9885668653088158
0.9881844657882025
0.9877857121339382
0.9873703492824231
0.9869381566622027
0.9864889566730094
0.9860226246765222
0.9855391008371355
0.9850384042636124
0.9845206500656171
0.9839860701842431
0.9834350392494058
0.9828681073693866
0.9822860429258370
0.9816898906965872
0.9810810555008801
0.9804614339508758
0.9798336576270925
0.9799415236086154
0.9805721976951393
0.9811947042132275
0.9818064067970425
0.9824054040157845
0.9829902862836761
0.9835600041686425
0.9841137847939289
0.9846510737539174
0.9851714923508147
0.9856748048296252
0.9861608925398710
0.9866297331193844
0.9870813834467946
0.9875159655037373
0.9879336545333844
0.9883346690477324
0.9887192623395389
0.9890877152416406
0.9894403299256341
0.9897774245762990
0.9900993288085124
0.9904063797176400
0.9906989184729392
0.9909772873780682
0.9912418273347338
0.9914928756553758
0.9917307641781520
0.9919558176444135
0.9921683523052830
0.9923686747249972
0.9925570807576218
0.9927338546737668
0.9928992684166106
0.9930535809706670
0.9931970378291126
0.9933298705441912
0.9934522963516175
0.9935645178559467
0.9936667227708355
0.9937590837041766
0.9938417579822131
0.9939148875063289
0.9939785986378072
0.9940330021053192
0.9940781929323991
0.9941142503798652
0.9941412379033646
0.9941592031204365
0.9941681777879433
0.9941681777879423
0.9941592031204365
0.9941412379033646
0.9941142503798680
0.9940781929323991
0.9940330021053192
0.9939785986378072
0.9939148875063289
0.9938417579822131
0.9937590837041766
0.9936667227708355
0.9935645178559467
0.9934522963516175
0.9933298705441912
0.9931970378291126
0.9930535809706670
0.9928992684166106
0.9927338546737668
0.9925570807576218
0.9923686747249972
0.9921683523052830
0.9919558176444135
0.9917307641781520
0.9914928756553758
0.9912418273347338
0.9909772873780682
0.9906989184729392
0.9904063797176400
0.9900993288085124
0.9897774245762990
0.9894403299256341
0.9890877152416406
0.9887192623395389
0.9883346690477324
0.9879336545333844
0.9875159655037373
0.9870813834467946
0.9866297331193830
0.9861608925398710
0.9856748048296251
0.9851714923508147
0.9846510737539174
0.9841137847939289
0.9835600041686425
0.9829902862836776
0.9824054040157845
0.9818064067970425
0.9811947042132275
0.9805721976951393
0.9799415236086154
0.9800426218299210
0.9806759908782285
0.9813011805529348
0.9819155501485022
0.9825171938560078
0.9831046977516308
0.9836770081592138
0.9842333480953870
0.9847731592192923
0.9852960590978476
0.9858018084640878
0.9862902853965421
0.9867614645164766
0.9872153999486043
0.9876522111883625
0.9880720712620256
0.9884751967300612
0.9888618391951736
0.9892322780529057
0.9895868142797397
0.9899257650962098
0.9902494593694016
0.9905582336498405
0.9908524287478979
0.9911323867798719
0.9913984486143459
0.9916509516686841
0.9918902280087126
0.9921166027098351
0.9923303924480048
0.9925319042890038
0.9927214346507475
0.9928992684166106
0.9930656781785610
0.9932209235948954
0.9933652508455385
0.9934988921731051
0.9936220654969361
0.9937349740904152
0.9938378063135903
0.9939307353900491
0.9940139192256248
0.9940875002589735
0.9941516053415164
0.9942063456398804
0.9942518165600946
0.9942880976869934
0.9943152527378288
0.9943333295287007
0.9943423599498645
0.9943423599498645
0.9943333295287007
0.9943152527378288
0.9942880976869934
0.9942518165600946
0.9942063456398804
0.9941516053415164
0.9940875002589735
0.9940139192256280
0.9939307353900491
0.9938378063135903
0.9937349740904152
0.9936220654969361
0.9934988921731051
0.9933652508455385
0.9932209235948954
0.9930656781785610
0.9928992684166106
0.9927214346507386
0.9925319042890038
0.9923303924480048
0.9921166027098351
0.9918902280087126
0.9916509516686841
0.9913984486143459
0.9911323867798719
0.9908524287478979
0.9905582336498405
0.9902494593694016
0.9899257650962098
0.9895868142797394
0.9892322780529057
0.9888618391951736
0.9884751967300612
0.9880720712620255
0.9876522111883625
0.9872153999486043
0.9867614645164766
0.9862902853965421
0.9858018084640905
0.9852960590978476
0.9847731592192850
0.9842333480953870
0.9836770081592138
0.9831046977516308
0.9825171938560091
0.9819155501485022
0.9813011805529348
0.9806759908782283
0.9800426218299210
0.9801370814176410
0.9807729501170828
0.9814006285710456
0.9820174721428098
0.9826215710509597
0.9832115074290578
0.9837862237377774
0.9843449392476689
0.9848870920211885
0.9854122962031581
0.9859203093004053
0.9864110063775831
0.9868843592667167
0.9873404195370615
0.9877793043668619
0.9882011847051647
0.9886062752741795
0.9889948260728004
0.9893671151209362
0.9897234422394340
0.9900641237026526
0.9903894876295428
0.9906998700076417
0.9909956112567562
0.9912770532596987
0.9915445367956376
0.9917983993215083
0.9920389730571735
0.9922665833325764
0.9924815471650623
0.9926841720346787
0.9928747548345093
0.9930535809706670
0.9932209235948954
0.9933770429506441
0.9935221858182234
0.9936565850469988
0.9937804591593081
0.9938940120213785
0.9939974325667102
0.9940908945677228
0.9941745564474002
0.9942485611248918
0.9943130358902572
0.9943680923034348
0.9944138261138723
0.9944503171970842
0.9944776295064555
0.9944958110364353
0.9945048937968198
0.9945048937968198
0.9944958110364353
0.9944776295064555
0.9944503171970842
0.9944138261138723
0.9943680923034348
0.9943130358902572
0.9942485611248918
0.9941745564474002
0.9940908945677228
0.9939974325667102
0.9938940120213785
0.9937804591593081
0.9936565850469988
0.9935221858182353
0.9933770429506441
0.9932209235948954
0.9930535809706692
0.9928747548345093
0.9926841720346787
0.9924815471650623
0.9922665833325764
0.9920389730571735
0.9917983993215083
0.9915445367956376
0.9912770532596987
0.9909956112567562
0.9906998700076417
0.9903894876295291
0.9900641237026523
0.9897234422394340
0.9893671151209362
0.9889948260728099
0.9886062752741795
0.9882011847051647
0.9877793043668619
0.9873404195370615
0.9868843592667167
0.9864110063775831
0.9859203093004053
0.9854122962031581
0.9848870920211885
0.9843449392476689
0.9837862237377774
0.9832115074290578
0.9826215710509647
0.9820174721428098
0.9814006285710529
0.9807729501170828
0.9801370814176324
0.9802250251532768
0.9808632051466781
0.9814931849057958
0.9821123162384947
0.9827186857656970
0.9833108720444056
0.9838878140251331
0.9844487275694783
0.9849930474599101
0.9855203847139221
0.9860304938825990
0.9865232472622184
0.9869986141147254
0.9874566436463532
0.9878974508844089
0.9883212048410653
0.9887281185153682
0.9891184403934968
0.9894924471884141
0.9898504376126205
0.9901927270222435
0.9905196427978922
0.9908315203582871
0.9911286997117044
0.9914115224750766
0.9916803292938996
0.9919354576115083
0.9921772397409642
0.9924060011998952
0.9926220592746189
0.9928257217844254
0.9930172860192205
0.9931970378291126
0.9933652508455385
0.9935221858182355
0.9936680900507149
0.9938031969223767
0.9939277254867130
0.9940418801322193
0.9941458503003070
0.9942398102503575
0.9943239188654214
0.9943983194926882
0.9944631398140492
0.9945184917406755
0.9945644713294124
0.9946011587163510
0.9946286180659556
0.9946468975330552
0.9946560292351151
0.9946560292351151
0.9946468975330552
0.9946286180659578
0.9946011587163514
0.9945644713294124
0.9945184917406755
0.9944631398140472
0.9943983194926919
0.9943239188654214
0.9942398102503582
0.9941458503003174
0.9940418801322193
0.9939277254867054
0.9938031969223767
0.9936680900507143
0.9935221858182234
0.9933652508455385
0.9931970378291126
0.9930172860192205
0.9928257217844254
0.9926220592746189
0.9924060011998952
0.9921772397409642
0.9919354576115083
0.9916803292938965
0.9914115224750766
0.9911286997117044
0.9908315203582871
0.9905196427978922
0.9901927270222435
0.9898504376126205
0.9894924471884141
0.9891184403934989
0.9887281185153682
0.9883212048410653
0.9878974508844089
0.9874566436463532
0.9869986141147254
0.9865232472622403
0.9860304938825990
0.9855203847139221
0.9849930474599101
0.9844487275694783
0.9838878140251331
0.9833108720444056
0.9827186857656970
0.9821123162384947
0.9814931849057958
0.9808632051466781
0.9802250251532768
0.9803065691825865
0.9809468785477453
0.9815789785278053
0.9822002177230934
0.9828086795024723
0.9834029391869864
0.9839819325462094
0.9845448723472878
0.9850911903898302
0.9856204948422495
0.9861325375566919
0.9866271882948242
0.9871044139596389
0.9875642615812862
0.9880068441989290
0.9884323290279537
0.9888409274607247
0.9892328865655557
0.9896084818225642
0.9899680108898893
0.9903117882410304
0.9906401405378685
0.9909534026335882
0.9912519141156674
0.9915360163124798
0.9918060497034296
0.9920623516763103
0.9923052545877364
0.9925350840866350
0.9927521576677804
0.9929567834242566
0.9931492589749575
0.9933298705441912
0.9934988921731116
0.9936565850469988
0.9938031969223767
0.9939389616417181
0.9940640987227491
0.9941788130133008
0.9942832944027624
0.9943777175808309
0.9944622418380393
0.9945370109020498
0.9946021528027885
0.9946577797643351
0.9947039881176416
0.9947408582311752
0.9947684544583812
0.9947868250968401
0.9947960023605598
0.9947960023605598
0.9947868250968426
0.9947684544583812
0.9947408582311694
0.9947039881176416
0.9946577797643351
0.9946021528027885
0.9945370109020500
0.9944622418380393
0.9943777175808309
0.9942832944027663
0.9941788130133048
0.9940640987227491
0.9939389616417181
0.9938031969223767
0.9936565850469988
0.9934988921731051
0.9933298705441947
0.9931492589749578
0.9929567834242569
0.9927521576677804
0.9925350840866350
0.9923052545877359
0.9920623516763103
0.9918060497034296
0.9915360163124443
0.9912519141156674
0.9909534026335882
0.9906401405378685
0.9903117882410304
0.9899680108898893
0.9896084818225642
0.9892328865655557
0.9888409274607247
0.9884323290279537
0.9880068441989297
0.9875642615812862
0.9871044139596389
0.9866271882948242
0.9861325375566919
0.9856204948422495
0.9850911903898302
0.9845448723472878
0.9839819325462094
0.9834029391869864
0.9828086795024723
0.9822002177230934
0.9815789785278053
0.9809468785477412
0.9803065691825865
0.9803818227642894
0.9810240855122367
0.9816581305224107
0.9822813035090632
0.9828916849114050
0.9834878471310302
0.9840687230636724
0.9846335226769862
0.9851816750680249
0.9857127858182847
0.9862266043246872
0.9867229980385394
0.9872019317062478
0.9876634503631380
0.9881076652208290
0.9885347418357280
0.9889448901114393
0.9893383557961932
0.9897154132146366
0.9900763590309685
0.9904215068786509
0.9907511827272509
0.9910657208777334
0.9913654604950332
0.9916507426071256
0.9919219075043137
0.9921792924868470
0.9924232299153088
0.9926540455241463
0.9928720569646741
0.9930775725485382
0.9932708901649878
0.9934522963516106
0.9936220654969361
0.9937804591593082
0.9939277254867130
0.9940640987227427
0.9941897987900444
0.9943050309388841
0.9944099854516392
0.9945048373968330
0.9945897464249042
0.9946648565995120
0.9947302962593065
0.9947861779054935
0.9948325981124855
0.9948696374554484
0.9948973604557608
0.9949158155382436
0.9949250350022737
0.9949250350022737
0.9949158155382436
0.9948973604557608
0.9948696374554484
0.9948325981124855
0.9947861779054935
0.9947302962592971
0.9946648565995120
0.9945897464249042
0.9945048373968330
0.9944099854516392
0.9943050309388841
0.9941897987900395
0.9940640987227427
0.9939277254867130
0.9937804591593082
0.9936220654969338
0.9934522963516175
0.9932708901649878
0.9930775725485382
0.9928720569646741
0.9926540455241463
0.9924232299153088
0.9921792924868470
0.9919219075042986
0.9916507426071256
0.9913654604950332
0.9910657208777334
0.9907511827272509
0.9904215068786509
0.9900763590309685
0.9897154132146366
0.9893383557961932
0.9889448901114393
0.9885347418357280
0.9881076652208290
0.9876634503631380
0.9872019317062640
0.9867229980385455
0.9862266043246872
0.9857127858182847
0.9851816750680249
0.9846335226769862
0.9840687230636724
0.9834878471310302
0.9828916849114050
0.9822813035090666
0.9816581305224107
0.9810240855122367
0.9803818227642894
0.9804508880540715
0.9810949336419565
0.9817307539022775
0.9823556919622497
0.9829678256314714
0.9835657246874198
0.9841483194406249
0.9847148173357736
0.9852646450315958
0.9857974057714602
0.9863128467293182
0.9868108332596031
0.9872913281477665
0.9877543746105932
0.9882000821881457
0.9886286149152413
0.9890401813247272
0.9894350259436355
0.9898134220232406
0.9901756652975298
0.9905220686088352
0.9908529572682203
0.9911686650432652
0.9914695306846335
0.9917558949152392
0.9920280978222954
0.9922864765956797
0.9925313635691470
0.9927630845253500
0.9929819572298099
0.9931882901653639
0.9933823814413542
0.9935645178559467
0.9937349740904152
0.9938940120213785
0.9940418801322193
0.9941788130133048
0.9943050309388827
0.9944207395092415
0.9945261293507563
0.9946213758637963
0.9947066390150785
0.9947820631638692
0.9948477769207786
0.9949038930322417
0.9949505082873373
0.9949877034442427
0.9950155431729495
0.9950340760109972
0.9950433343338970
0.9950433343338970
0.9950340760110090
0.9950155431729495
0.9949877034442425
0.9949505082873373
0.9949038930322417
0.9948477769207786
0.9947820631638692
0.9947066390150785
0.9946213758637963
0.9945261293507563
0.9944207395092415
0.9943050309388827
0.9941788130133024
0.9940418801322193
0.9938940120213785
0.9937349740904152
0.9935645178559467
0.9933823814413542
0.9931882901653639
0.9929819572298099
0.9927630845253500
0.9925313635691470
0.9922864765956797
0.9920280978222954
0.9917558949152369
0.9914695306846335
0.9911686650432652
0.9908529572682203
0.9905220686088293
0.9901756652975298
0.9898134220232406
0.9894350259436223
0.9890401813247272
0.9886286149152413
0.9882000821881457
0.9877543746105932
0.9872913281477665
0.9868108332596031
0.9863128467293182
0.9857974057714602
0.9852646450315958
0.9847148173357736
0.9841483194406249
0.9835657246874198
0.9829678256314714
0.9823556919622499
0.9817307539022775
0.9810949336419565
0.9804508880540715
0.9805138599175316
0.9811595227768027
0.9817969534506025
0.9824234927572503
0.9830372161577468
0.9836366910829760
0.9842208455282964
0.9847888846774889
0.9853402330000430
0.9858744916377388
0.9863914057627772
0.9868908388379792
0.9873727518763575
0.9878371864466272
0.9882842505707392
0.9887141068971008
0.9891269627056017
0.9895230614027822
0.9899026752504966
0.9902660991209409
0.9906136451184515
0.9909456379345634
0.9912624108302013
0.9915643021553530
0.9918516523314379
0.9921248012360638
0.9923840859333926
0.9926298387078583
0.9928623853610836
0.9930820437377521
0.9932891224528648
0.9934839197929199
0.9936667227708355
0.9938378063135903
0.9939974325667102
0.9941458503003070
0.9942832944027594
0.9944099854516392
0.9945261293507531
0.9946319170251914
0.9947275241651751
0.9948131110132800
0.9948888221880322
0.9949547865386159
0.9950111170263114
0.9950579106293949
0.9950952482670135
0.9951231947396765
0.9951417986847692
0.9951510925442831
0.9951510925442831
0.9951417986847712
0.9951231947396765
0.9950952482670135
0.9950579106293949
0.9950111170263164
0.9949547865386159
0.9948888221880322
0.9948131110132800
0.9947275241651751
0.9946319170251914
0.9945261293507563
0.9944099854516392
0.9942832944027594
0.9941458503003070
0.9939974325667102
0.9938378063135903
0.9936667227708355
0.9934839197929199
0.9932891224528648
0.9930820437377521
0.9928623853610836
0.9926298387078583
0.9923840859334023
0.9921248012360638
0.9918516523314379
0.9915643021553530
0.9912624108302013
0.9909456379345634
0.9906136451184515
0.9902660991209409
0.9899026752504966
0.9895230614027822
0.9891269627056017
0.9887141068971008
0.9882842505707392
0.9878371864466272
0.9873727518763575
0.9868908388379792
0.9863914057627772
0.9858744916377388
0.9853402330000430
0.9847888846774889
0.9842208455282964
0.9836366910829760
0.9830372161577468
0.9824234927572503
0.9817969534506142
0.9811595227768027
0.9805138599175307
0.9805708257708944
0.9812179448482473
0.9818568255858627
0.9824848067549484
0.9830999617306960
0.9837008558587015
0.9842864150745155
0.9848558425481140
0.9854085607970491
0.9859441690862090
0.9864624107975764
0.9869631476998727
0.9874463392150382
0.9879120254302818
0.9883603129986382
0.9887913633162140
0.9892053825267713
0.9896026130183863
0.9899833261493078
0.9903478160012441
0.9906963939978544
0.9910293842550204
0.9913471195585902
0.9916499378778492
0.9919381793430250
0.9922121836216625
0.9924722876442392
0.9927188236300780
0.9929521173775313
0.9931724867828137
0.9933802405604820
0.9935756771380390
0.9937590837041695
0.9939307353900491
0.9940908945677228
0.9942398102503582
0.9943777175808309
0.9945048373968330
0.9946213758637963
0.9947275241651751
0.9948234582419707
0.9949093385767352
0.9949853100133568
0.9950515016086336
0.9951080265118660
0.9951549818664810
0.9951924487320800
0.9952204920238708
0.9952391604661764
0.9952484865595226
0.9952484865595226
0.9952391604661764
0.9952204920238698
0.9951924487320891
0.9951549818664810
0.9951080265118660
0.9950515016086336
0.9949853100133564
0.9949093385767352
0.9948234582419707
0.9947275241651751
0.9946213758637963
0.9945048373968330
0.9943777175808309
0.9942398102503582
0.9940908945677204
0.9939307353900491
0.9937590837041695
0.9935756771380388
0.9933802405604820
0.9931724867828181
0.9929521173775313
0.9927188236300780
0.9924722876442392
0.9922121836216625
0.9919381793430250
0.9916499378778492
0.9913471195585902
0.9910293842550204
0.9906963939978544
0.9903478160012441
0.9899833261493078
0.9896026130183859
0.9892053825267713
0.9887913633162140
0.9883603129986382
0.9879120254302818
0.9874463392150366
0.9869631476998688
0.9864624107975764
0.9859441690862085
0.9854085607970454
0.9848558425481140
0.9842864150745155
0.9837008558587015
0.9830999617306960
0.9824848067549484
0.9818568255858627
0.9812179448482473
0.9805708257708923
0.9806218654448895
0.9812702837545934
0.9819104582499767
0.9825397259006707
0.9831561582445922
0.9837583187883441
0.9843451316499227
0.9849157982202064
0.9854697392900797
0.9860065524630619
0.9865259795336098
0.9870278807662196
0.9875122141676204
0.9879790185050060
0.9884283992094457
0.9888605165559528
0.9892755756693903
0.9896738180208615
0.9900555141527501
0.9904209574305438
0.9907704586571495
0.9911043414213914
0.9914229380697313
0.9917265862163616
0.9920156257149623
0.9922903960299455
0.9925512339550663
0.9927984716354630
0.9930324348497210
0.9932534415242906
0.9934618004468533
0.9936578101559572
0.9938417579822131
0.9940139192256253
0.9941745564474002
0.9943239188654214
0.9944622418380407
0.9945897464249042
0.9947066390150785
0.9948131110132800
0.9949093385767352
0.9949954823945799
0.9950716875052236
0.9951380831455413
0.9951947826271101
0.9952418832365860
0.9952794661557933
0.9953075963993648
0.9953263227669902
0.9953356778100659
0.9953356778100659
0.9953263227669902
0.9953075963993648
0.9952794661557933
0.9952418832365860
0.9951947826271101
0.9951380831455413
0.9950716875052236
0.9949954823945799
0.9949093385767352
0.9948131110132800
0.9947066390150785
0.9945897464249042
0.9944622418380407
0.9943239188654214
0.9941745564474002
0.9940139192256248
0.9938417579822131
0.9936578101559572
0.9934618004468533
0.9932534415242906
0.9930324348497210
0.9927984716354680
0.9925512339550890
0.9922903960299412
0.9920156257149623
0.9917265862163616
0.9914229380697313
0.9911043414213914
0.9907704586571444
0.9904209574305377
0.9900555141527441
0.9896738180208615
0.9892755756693903
0.9888605165559522
0.9884283992094359
0.9879790185050060
0.9875122141676204
0.9870278807662202
0.9865259795336098
0.9860065524630619
0.9854697392900797
0.9849157982202064
0.9843451316499227
0.9837583187883441
0.9831561582445922
0.9825397259006670
0.9819104582499767
0.9812702837545934
0.9806218654448895
0.9806670510686006
0.9813166152559926
0.9819579308130740
0.9825883331398026
0.9832058921721241
0.9838091698116521
0.9843970885890242
0.9849688483397137
0.9855238683439721
0.9860617447495140
0.9865822179590561
0.9870851469159635
0.9875704883826186
0.9880382799633127
0.9884886260107734
0.9889216858087868
0.9893376635795079
0.9897367999791251
0.9901193648233280
0.9904856508364401
0.9908359682646916
0.9911706402203493
0.9914899986512965
0.9917943808461138
0.9920841264018293
0.9923595745901765
0.9926210620722996
0.9928689209140158
0.9931034768638963
0.9933250478622909
0.9935339427492421
0.9937304601489851
0.9939148875063289
0.9940875002589735
0.9942485611248918
0.9943983194926919
0.9945370109020502
0.9946648565995120
0.9947820631638677
0.9948888221880322
0.9949853100133556
0.9950716875052236
0.9951480998688096
0.9952146764948534
0.9952715308344083
0.9953187602970793
0.9953564461695483
0.9953846535516786
0.9954034313086565
0.9954128120355189
0.9954128120355189
0.9954034313086565
0.9953846535516786
0.9953564461695449
0.9953187602970793
0.9952715308344083
0.9952146764948534
0.9951480998688096
0.9950716875052236
0.9949853100133556
0.9948888221880322
0.9947820631638677
0.9946648565995120
0.9945370109020502
0.9943983194926919
0.9942485611248918
0.9940875002589735
0.9939148875063289
0.9937304601489851
0.9935339427492421
0.9933250478622909
0.9931034768638963
0.9928689209140158
0.9926210620722996
0.9923595745901765
0.9920841264018293
0.9917943808461138
0.9914899986512965
0.9911706402203493
0.9908359682646916
0.9904856508364401
0.9901193648233280
0.9897367999791243
0.9893376635795094
0.9889216858087868
0.9884886260107734
0.9880382799633127
0.9875704883826186
0.9870851469159635
0.9865822179590561
0.9860617447495140
0.9855238683439721
0.9849688483397137
0.9843970885890242
0.9838091698116521
0.9832058921721241
0.9825883331398026
0.9819579308130740
0.9813166152559942
0.9806670510686006
0.9807064469719070
0.9813570068863775
0.9819993139945986
0.9826307023473478
0.9832492405024357
0.9838534889799530
0.9844423689427991
0.9850150788852640
0.9855710367844273
0.9861098375304764
0.9866312203225907
0.9871350429607698
0.9876212611289319
0.9880899114218259
0.9885410972553872
0.9889749770499614
0.9893917542399121
0.9897916687691831
0.9901749898162011
0.9905420095417494
0.9908930377004616
0.9912283969827489
0.9915484189807890
0.9918534406910421
0.9921438014779190
0.9924198404359797
0.9926818941008895
0.9929302944594705
0.9931653672247328
0.9933874303391478
0.9935967926789331
0.9937937529331733
0.9939785986378072
0.9941516053415164
0.9943130358902572
0.9944631398140492
0.9946021528027928
0.9947302962592971
0.9948477769207786
0.9949547865386159
0.9950515016086336
0.9951380831455413
0.9952146764948534
0.9952814111777105
0.9953384007631784
0.9953857427653932
0.9954235185594367
0.9954517933181508
0.9954706159617983
0.9954800191225562
0.9954800191225565
0.9954706159617983
0.9954517933181468
0.9954235185594412
0.9953857427653932
0.9953384007631784
0.9952814111777074
0.9952146764948695
0.9951380831455413
0.9950515016086336
0.9949547865386159
0.9948477769207786
0.9947302962592971
0.9946021528027885
0.9944631398140492
0.9943130358902572
0.9941516053415164
0.9939785986378072
0.9937937529331677
0.9935967926789331
0.9933874303391478
0.9931653672247328
0.9929302944594705
0.9926818941008895
0.9924198404359797
0.9921438014779200
0.9918534406910364
0.9915484189807890
0.9912283969827489
0.9908930377004574
0.9905420095417494
0.9901749898162011
0.9897916687691831
0.9893917542399121
0.9889749770499614
0.9885410972553872
0.9880899114218259
0.9876212611289319
0.9871350429607710
0.9866312203225907
0.9861098375304764
0.9855710367844273
0.9850150788852640
0.9844423689427960
0.9838534889799530
0.9832492405024357
0.9826307023473478
0.9819993139945986
0.9813570068863733
0.9807064469719070
0.9807401096035548
0.9813915178796320
0.9820346697980425
0.9826668982709915
0.9832862706920219
0.9838913464138680
0.9844810454424742
0.9850545651378538
0.9856113223727423
0.9861509109719053
0.9866730691137720
0.9871776536270886
0.9876646192793497
0.9881340018063074
0.9885859038250875
0.9890204830196295
0.9894379421505923
0.9898385205520067
0.9902224868550429
0.9905901327359296
0.9909417675247137
0.9912777135464071
0.9915983020837927
0.9919038698776976
0.9921947560869426
0.9924712996481473
0.9927338369823576
0.9929827000022234
0.9932182143829427
0.9934406980615692
0.9936504599380110
0.9938477987504700
0.9940330021053192
0.9942063456398804
0.9943680923034348
0.9945184917406764
0.9946577797643351
0.9947861779054935
0.9949038930322417
0.9950111170263111
0.9951080265118660
0.9951947826271101
0.9952715308344083
0.9953384007631847
0.9953955060811267
0.9954429443886045
0.9954807971354249
0.9955091295546820
0.9955279906127495
0.9955374129729804
0.9955374129729804
0.9955279906127407
0.9955091295546820
0.9954807971354249
0.9954429443886045
0.9953955060811225
0.9953384007631784
0.9952715308344083
0.9951947826271101
0.9951080265118660
0.9950111170263157
0.9949038930322417
0.9947861779054935
0.9946577797643351
0.9945184917406764
0.9943680923034348
0.9942063456398804
0.9940330021053192
0.9938477987504766
0.9936504599380110
0.9934406980615692
0.9932182143829420
0.9929827000022234
0.9927338369823490
0.9924712996481473
0.9921947560869426
0.9919038698776976
0.9915983020837927
0.9912777135464071
0.9909417675247137
0.9905901327359296
0.9902224868550429
0.9898385205520067
0.9894379421505861
0.9890204830196295
0.9885859038250875
0.9881340018063074
0.9876646192793497
0.9871776536270886
0.9866730691137720
0.9861509109719053
0.9856113223727423
0.9850545651378538
0.9844810454424742
0.9838913464138680
0.9832862706920219
0.9826668982709915
0.9820346697980425
0.9813915178796320
0.9807401096035548
0.9807680874635806
0.9814201991094726
0.9820640514578488
0.9826969764842185
0.9833170406240258
0.9839228022686713
0.9845131804714151
0.9850873716563076
0.9856447917859383
0.9861850338053947
0.9867078350500661
0.9872130515458885
0.9877006373018644
0.9881706273421873
0.9886231236220421
0.9890582832135185
0.9894763083175214
0.9898774377600766
0.9902619397160187
0.9906301054562294
0.9909822439553722
0.9913186772308005
0.9916397363046744
0.9919457577008099
0.9922370804029607
0.9925140432116220
0.9927769824479131
0.9930262299573624
0.9932621113787727
0.9934849446400008
0.9936950386555665
0.9938926921996246
0.9940781929323991
0.9942518165600946
0.9944138261138723
0.9945644713294124
0.9947039881176416
0.9948325981124855
0.9949505082873373
0.9950579106293949
0.9951549818664810
0.9952418832365860
0.9953187602970793
0.9953857427654001
0.9954429443886045
0.9954904628381134
0.9955283796239692
0.9955567600285797
0.9955756530556946
0.9955850913942136
0.9955850913942136
0.9955756530556946
0.9955567600285797
0.9955283796239692
0.9954904628381176
0.9954429443886045
0.9953857427654001
0.9953187602970793
0.9952418832365860
0.9951549818664810
0.9950579106293949
0.9949505082873373
0.9948325981124855
0.9947039881176416
0.9945644713294124
0.9944138261138723
0.9942518165600946
0.9940781929323991
0.9938926921996288
0.9936950386555665
0.9934849446399939
0.9932621113787727
0.9930262299573633
0.9927769824479117
0.9925140432116220
0.9922370804029607
0.9919457577008099
0.9916397363046744
0.9913186772308005
0.9909822439553722
0.9906301054562294
0.9902619397160187
0.9898774377600766
0.9894763083175214
0.9890582832135185
0.9886231236220407
0.9881706273421873
0.9877006373018644
0.9872130515458885
0.9867078350500661
0.9861850338053947
0.9856447917859383
0.9850873716563076
0.9845131804714151
0.9839228022686713
0.9833170406240258
0.9826969764842185
0.9820640514578488
0.9814201991094726
0.9807680874635806
0.9807904210470141
0.9814430930400355
0.9820875033961309
0.9827209833496814
0.9833415985773304
0.9839479067090107
0.9845388260425197
0.9851135522606349
0.9856715006032831
0.9862122633176421
0.9867355770690363
0.9872412972458525
0.9877293772536936
0.9881998515504907
0.9886528215636815
0.9890884438779340
0.9895069202469102
0.9899084890905341
0.9902934182185451
0.9906619985763844
0.9910145388534056
0.9913513608193104
0.9916727952854345
0.9919791785998739
0.9922708496035287
0.9925481469850963
0.9928114069827007
0.9930609613856085
0.9932971357998587
0.9935202481426586
0.9937306073371219
0.9939285121828647
0.9941142503798652
0.9942880976869934
0.9944503171970863
0.9946011587163514
0.9947408582311741
0.9948696374554484
0.9949877034442426
0.9950952482670161
0.9951924487320891
0.9952794661557933
0.9953564461695483
0.9954235185594412
0.9954807971354249
0.9955283796239692
0.9955663475825534
0.9955947663322344
0.9956136849061076
0.9956231360129676
0.9956231360129676
0.9956136849061075
0.9955947663322331
0.9955663475825534
0.9955283796239692
0.9954807971354249
0.9954235185594367
0.9953564461695483
0.9952794661557933
0.9951924487320800
0.9950952482670135
0.9949877034442426
0.9948696374554489
0.9947408582311741
0.9946011587163514
0.9944503171970863
0.9942880976869934
0.9941142503798652
0.9939285121828647
0.9937306073371219
0.9935202481426586
0.9932971357998579
0.9930609613856085
0.9928114069827007
0.9925481469850963
0.9922708496035287
0.9919791785998736
0.9916727952854345
0.9913513608193104
0.9910145388533945
0.9906619985763844
0.9902934182185426
0.9899084890905341
0.9895069202469071
0.9890884438779340
0.9886528215636815
0.9881998515504907
0.9877293772536936
0.9872412972458525
0.9867355770690363
0.9862122633176421
0.9856715006032831
0.9851135522606349
0.9845388260425197
0.9839479067090107
0.9833415985773304
0.9827209833496814
0.9820875033961309
0.9814430930400463
0.9807904210470141
0.9808071428007326
0.9814602336867544
0.9821050611886565
0.9827389559894325
0.9833599832014198
0.9839666998875687
0.9845580237834742
0.9851331500192512
0.9856914932967747
0.9862326453428500
0.9867563423234007
0.9872624391505043
0.9877508887798118
0.9882217252461550
0.9886750495821943
0.9891110180080323
0.9895298319425300
0.9899317295013951
0.9903169782198372
0.9906858687994784
0.9910387097142790
0.9913758225477913
0.9916975379519642
0.9920041921415154
0.9922961238489714
0.9925736716774314
0.9928371718009829
0.9930869559648835
0.9933233497489149
0.9935466710603261
0.9937572288266645
0.9939553218649946
0.9941412379033646
0.9943152527378288
0.9944776295064555
0.9946286180659556
0.9947684544583812
0.9948973604557608
0.9950155431729495
0.9951231947396765
0.9952204920238708
0.9953075963993648
0.9953846535516786
0.9954517933181541
0.9955091295546820
0.9955567600285797
0.9955947663322331
0.9956232138151075
0.9956421515323113
0.9956516122071050
0.9956516122071050
0.9956421515323142
0.9956232138151075
0.9955947663322331
0.9955567600285797
0.9955091295546820
0.9954517933181541
0.9953846535516786
0.9953075963993648
0.9952204920238682
0.9951231947396765
0.9950155431729495
0.9948973604557608
0.9947684544583812
0.9946286180659556
0.9944776295064567
0.9943152527378288
0.9941412379033646
0.9939553218649946
0.9937572288266645
0.9935466710603261
0.9933233497489149
0.9930869559648835
0.9928371718009827
0.9925736716774238
0.9922961238489714
0.9920041921415154
0.9916975379519642
0.9913758225477913
0.9910387097142790
0.9906858687994784
0.9903169782198372
0.9899317295013951
0.9895298319425300
0.9891110180080337
0.9886750495821943
0.9882217252461550
0.9877508887798118
0.9872624391505043
0.9867563423234007
0.9862326453428500
0.9856914932967747
0.9851331500192512
0.9845580237834742
0.9839666998875687
0.9833599832014198
0.9827389559894325
0.9821050611886589
0.9814602336867649
0.9808071428007326
0.9808182770884128
0.9814716465864460
0.9821167515389140
0.9827509222636093
0.9833722234985893
0.9839792119310227
0.9845708049236026
0.9851461972399763
0.9857048032249258
0.9862462142596511
0.9867701661785042
0.9872765135777803
0.9877652091131862
0.9882362865388331
0.9886898466250003
0.9891260453488190
0.9895450839063069
0.9899472002103397
0.9903326616134343
0.9907017586540412
0.9910547996626604
0.9913921060977476
0.9917140085047129
0.9920208430089063
0.9923129482693974
0.9925906628319637
0.9928543228270816
0.9931042599696631
0.9933407998210587
0.9935642602811380
0.9937749502795670
0.9939731686440597
0.9941592031204365
0.9943333295287007
0.9944958110364353
0.9946468975330552
0.9947868250968401
0.9949158155382436
0.9950340760109972
0.9951417986847622
0.9952391604661764
0.9953263227669902
0.9954034313086565
0.9954706159617983
0.9955279906127495
0.9955756530556946
0.9956136849061075
0.9956421515323142
0.9956611020036243
0.9956705690530477
0.9956705690530477
0.9956611020036243
0.9956421515323142
0.9956136849061075
0.9955756530556946
0.9955279906127495
0.9954706159617983
0.9954034313086565
0.9953263227669902
0.9952391604661764
0.9951417986847622
0.9950340760110090
0.9949158155382436
0.9947868250968401
0.9946468975330552
0.9944958110364353
0.9943333295287007
0.9941592031204365
0.9939731686440597
0.9937749502795670
0.9935642602811295
0.9933407998210587
0.9931042599696631
0.9928543228270831
0.9925906628319637
0.9923129482694003
0.9920208430089063
0.9917140085047129
0.9913921060977459
0.9910547996626607
0.9907017586540422
0.9903326616134204
0.9899472002103397
0.9895450839063069
0.9891260453488190
0.9886898466250003
0.9882362865388331
0.9877652091131862
0.9872765135777803
0.9867701661785042
0.9862462142596511
0.9857048032249258
0.9851461972399763
0.9845708049236065
0.9839792119310227
0.9833722234985893
0.9827509222636093
0.9821167515389140
0.9814716465864460
0.9808182770884128
0.9808238401662794
0.9814773487754305
0.9821225922594364
0.9827569007540039
0.9833783388108336
0.9839854629295723
0.9845771902871879
0.9851527154645281
0.9857114526284062
0.9862529929879712
0.9867770722118189
0.9872835447384843
0.9877723630748220
0.9882435608340651
0.9886972386556480
0.9891335523955314
0.9895527031383333
0.9899549286954540
0.9903404963280613
0.9907096964930556
0.9910628374490152
0.9914002405918289
0.9917222364133648
0.9920291609940776
0.9923213529562438
0.9925991508166432
0.9928628906836862
0.9931129042567250
0.9933495170880929
0.9935730470732688
0.9937838031428936
0.9939820841294703
0.9941681777879423
0.9943423599498645
0.9945048937968187
0.9946560292351151
0.9947960023605598
0.9949250350022737
0.9950433343338970
0.9951510925442831
0.9952484865595226
0.9953356778100659
0.9954128120355189
0.9954800191225565
0.9955374129729804
0.9955850913942041
0.9956231360129669
0.9956516122071050
0.9956705690530477
0.9956800392885207
0.9956800392885207
0.9956705690530477
0.9956516122071050
0.9956231360129669
0.9955850913942136
0.9955374129729804
0.9954800191225565
0.9954128120355189
0.9953356778100659
0.9952484865595226
0.9951510925442907
0.9950433343338970
0.9949250350022689
0.9947960023605594
0.9946560292351151
0.9945048937968198
0.9943423599498645
0.9941681777879444
0.9939820841294703
0.9937838031428936
0.9935730470732688
0.9933495170880929
0.9931129042567250
0.9928628906836862
0.9925991508166432
0.9923213529562438
0.9920291609940776
0.9917222364133648
0.9914002405918289
0.9910628374490152
0.9907096964930556
0.9903404963280613
0.9899549286954540
0.9895527031383333
0.9891335523955314
0.9886972386556502
0.9882435608340651
0.9877723630748220
0.9872835447384866
0.9867770722118189
0.9862529929879712
0.9857114526284062
0.9851527154645281
0.9845771902871879
0.9839854629295786
0.9833783388108336
0.9827569007540039
0.9821225922594364
0.9814773487754305
0.9808238401662794
0.9808238401662794
0.9814773487754305
0.9821225922594369
0.9827569007539979
0.9833783388108336
0.9839854629295723
0.9845771902871879
0.9851527154645281
0.9857114526284062
0.9862529929879712
0.9867770722118189
0.9872835447384866
0.9877723630748220
0.9882435608340651
0.9886972386556502
0.9891335523955314
0.9895527031383361
0.9899549286954540
0.9903404963280613
0.9907096964930556
0.9910628374490152
0.9914002405918289
0.9917222364133720
0.9920291609940776
0.9923213529562438
0.9925991508166432
0.9928628906836862
0.9931129042567250
0.9933495170880883
0.9935730470732688
0.9937838031428936
0.9939820841294703
0.9941681777879423
0.9943423599498645
0.9945048937968198
0.9946560292351151
0.9947960023605648
0.9949250350022737
0.9950433343338970
0.9951510925442911
0.9952484865595226
0.9953356778100659
0.9954128120355189
0.9954800191225565
0.9955374129729804
0.9955850913942041
0.9956231360129669
0.9956516122071050
0.9956705690530477
0.9956800392885207
0.9956800392885207
0.9956705690530477
0.9956516122071050
0.9956231360129635
0.9955850913942136
0.9955374129729804
0.9954800191225565
0.9954128120355189
0.9953356778100659
0.9952484865595226
0.9951510925442911
0.9950433343338970
0.9949250350022737
0.9947960023605648
0.9946560292351151
0.9945048937968198
0.9943423599498592
0.9941681777879423
0.9939820841294703
0.9937838031428936
0.9935730470732688
0.9933495170880883
0.9931129042567250
0.9928628906836862
0.9925991508166432
0.9923213529562438
0.9920291609940776
0.9917222364133720
0.9914002405918289
0.9910628374490152
0.9907096964930556
0.9903404963280613
0.9899549286954565
0.9895527031383361
0.9891335523955314
0.9886972386556502
0.9882435608340651
0.9877723630748220
0.9872835447384866
0.9867770722118189
0.9862529929879784
0.9857114526284062
0.9851527154645281
0.9845771902871879
0.9839854629295723
0.9833783388108336
0.9827569007539979
0.9821225922594369
0.9814773487754305
0.9808238401662794
0.9808182770884128
0.9814716465864460
0.9821167515389140
0.9827509222636093
0.9833722234985893
0.9839792119310227
0.9845708049236065
0.9851461972399763
0.9857048032249239
0.9862462142596512
0.9867701661785042
0.9872765135777803
0.9877652091131862
0.9882362865388331
0.9886898466250003
0.9891260453488190
0.9895450839063069
0.9899472002103397
0.9903326616134204
0.9907017586540422
0.9910547996626609
0.9913921060977476
0.9917140085047129
0.9920208430089063
0.9923129482693974
0.9925906628319637
0.9928543228270831
0.9931042599696631
0.9933407998210587
0.9935642602811380
0.9937749502795670
0.9939731686440597
0.9941592031204365
0.9943333295287007
0.9944958110364353
0.9946468975330552
0.9947868250968426
0.9949158155382436
0.9950340760110090
0.9951417986847712
0.9952391604661764
0.9953263227669973
0.9954034313086565
0.9954706159617983
0.9955279906127407
0.9955756530556946
0.9956136849061076
0.9956421515323142
0.9956611020036243
0.9956705690530477
0.9956705690530477
0.9956611020036243
0.9956421515323142
0.9956136849061075
0.9955756530556946
0.9955279906127614
0.9954706159617983
0.9954034313086565
0.9953263227669902
0.9952391604661764
0.9951417986847692
0.9950340760109972
0.9949158155382436
0.9947868250968401
0.9946468975330552
0.9944958110364353
0.9943333295287007
0.9941592031204365
0.9939731686440597
0.9937749502795670
0.9935642602811289
0.9933407998210587
0.9931042599696631
0.9928543228270831
0.9925906628319605
0.9923129482693974
0.9920208430089063
0.9917140085047238
0.9913921060977448
0.9910547996626482
0.9907017586540422
0.9903326616134204
0.9899472002103397
0.9895450839063069
0.9891260453488190
0.9886898466250003
0.9882362865388331
0.9877652091131862
0.9872765135777803
0.9867701661785042
0.9862462142596511
0.9857048032249239
0.9851461972399763
0.9845708049236026
0.9839792119310227
0.9833722234985893
0.9827509222636093
0.9821167515389139
0.9814716465864460
0.9808182770884128
0.9808071428007356
0.9814602336867649
0.9821050611886570
0.9827389559894325
0.9833599832014199
0.9839666998875687
0.9845580237834742
0.9851331500192512
0.9856914932967747
0.9862326453428500
0.9867563423234007
0.9872624391505043
0.9877508887798118
0.9882217252461550
0.9886750495821943
0.9891110180080297
0.9895298319425300
0.9899317295013951
0.9903169782198372
0.9906858687994784
0.9910387097142790
0.9913758225477913
0.9916975379519642
0.9920041921415154
0.9922961238489714
0.9925736716774314
0.9928371718009829
0.9930869559648835
0.9933233497489149
0.9935466710603261
0.9937572288266645
0.9939553218649944
0.9941412379033646
0.9943152527378288
0.9944776295064567
0.9946286180659641
0.9947684544583812
0.9948973604557608
0.9950155431729495
0.9951231947396765
0.9952204920238708
0.9953075963993648
0.9953846535516786
0.9954517933181541
0.9955091295546820
0.9955567600285797
0.9955947663322331
0.9956232138151075
0.9956421515323142
0.9956516122071050
0.9956516122071050
0.9956421515323142
0.9956232138151075
0.9955947663322344
0.9955567600285797
0.9955091295546820
0.9954517933181468
0.9953846535516786
0.9953075963993648
0.9952204920238708
0.9951231947396765
0.9950155431729495
0.9948973604557608
0.9947684544583812
0.9946286180659641
0.9944776295064567
0.9943152527378288
0.9941412379033646
0.9939553218649946
0.9937572288266645
0.9935466710603261
0.9933233497489149
0.9930869559648835
0.9928371718009829
0.9925736716774314
0.9922961238489714
0.9920041921415154
0.9916975379519642
0.9913758225477912
0.9910387097142790
0.9906858687994784
0.9903169782198372
0.9899317295013951
0.9895298319425300
0.9891110180080297
0.9886750495821943
0.9882217252461550
0.9877508887798118
0.9872624391505043
0.9867563423234007
0.9862326453428500
0.9856914932967747
0.9851331500192512
0.9845580237834742
0.9839666998875627
0.9833599832014198
0.9827389559894325
0.9821050611886570
0.9814602336867649
0.9808071428007326
0.9807904210470141
0.9814430930400355
0.9820875033961309
0.9827209833496814
0.9833415985773304
0.9839479067090054
0.9845388260425224
0.9851135522606349
0.9856715006032831
0.9862122633176421
0.9867355770690297
0.9872412972458511
0.9877293772536936
0.9881998515504907
0.9886528215636815
0.9890884438779340
0.9895069202469071
0.9899084890905341
0.9902934182185482
0.9906619985763844
0.9910145388534056
0.9913513608193104
0.9916727952854355
0.9919791785998739
0.9922708496035287
0.9925481469850963
0.9928114069827007
0.9930609613856085
0.9932971357998606
0.9935202481426586
0.9937306073371058
0.9939285121828647
0.9941142503798680
0.9942880976869934
0.9944503171970863
0.9946011587163514
0.9947408582311752
0.9948696374554484
0.9949877034442427
0.9950952482670135
0.9951924487320805
0.9952794661557933
0.9953564461695449
0.9954235185594367
0.9954807971354249
0.9955283796239692
0.9955663475825534
0.9955947663322344
0.9956136849061075
0.9956231360129669
0.9956231360129669
0.9956136849061075
0.9955947663322331
0.9955663475825534
0.9955283796239766
0.9954807971354249
0.9954235185594383
0.9953564461695449
0.9952794661557933
0.9951924487320891
0.9950952482670135
0.9949877034442427
0.9948696374554484
0.9947408582311752
0.9946011587163514
0.9944503171970863
0.9942880976869934
0.9941142503798680
0.9939285121828647
0.9937306073371058
0.9935202481426586
0.9932971357998606
0.9930609613856085
0.9928114069827007
0.9925481469850963
0.9922708496035287
0.9919791785998739
0.9916727952854351
0.9913513608193104
0.9910145388534056
0.9906619985763844
0.9902934182185482
0.9899084890905341
0.9895069202469071
0.9890884438779340
0.9886528215636815
0.9881998515504907
0.9877293772536936
0.9872412972458525
0.9867355770690371
0.9862122633176421
0.9856715006032831
0.9851135522606349
0.9845388260425179
0.9839479067090054
0.9833415985773304
0.9827209833496814
0.9820875033961309
0.9814430930400463
0.9807904210470141
0.9807680874635720
0.9814201991094726
0.9820640514578488
0.9826969764842185
0.9833170406240258
0.9839228022686713
0.9845131804714151
0.9850873716563076
0.9856447917859383
0.9861850338053947
0.9867078350500661
0.9872130515458822
0.9877006373018644
0.9881706273421873
0.9886231236220421
0.9890582832135185
0.9894763083175214
0.9898774377600783
0.9902619397160187
0.9906301054562294
0.9909822439553646
0.9913186772308005
0.9916397363046746
0.9919457577008099
0.9922370804029522
0.9925140432116220
0.9927769824479117
0.9930262299573633
0.9932621113787727
0.9934849446400017
0.9936950386555665
0.9938926921996279
0.9940781929323991
0.9942518165600946
0.9944138261138723
0.9945644713294124
0.9947039881176416
0.9948325981124855
0.9949505082873373
0.9950579106293949
0.9951549818664810
0.9952418832365858
0.9953187602970733
0.9953857427654073
0.9954429443886045
0.9954904628381134
0.9955283796239692
0.9955567600285797
0.9955756530556946
0.9955850913942136
0.9955850913942136
0.9955756530556946
0.9955567600285797
0.9955283796239692
0.9954904628381134
0.9954429443886045
0.9953857427653992
0.9953187602970793
0.9952418832365858
0.9951549818664810
0.9950579106293949
0.9949505082873373
0.9948325981124855
0.9947039881176416
0.9945644713294124
0.9944138261138723
0.9942518165600946
0.9940781929323965
0.9938926921996288
0.9936950386555659
0.9934849446400008
0.9932621113787727
0.9930262299573633
0.9927769824479117
0.9925140432116220
0.9922370804029522
0.9919457577008099
0.9916397363046746
0.9913186772308005
0.9909822439553646
0.9906301054562294
0.9902619397160187
0.9898774377600783
0.9894763083175214
0.9890582832135185
0.9886231236220421
0.9881706273421873
0.9877006373018644
0.9872130515458885
0.9867078350500661
0.9861850338053947
0.9856447917859383
0.9850873716563076
0.9845131804714151
0.9839228022686713
0.9833170406240258
0.9826969764842185
0.9820640514578488
0.9814201991094726
0.9807680874635720
0.9807401096035548
0.9813915178796350
0.9820346697980425
0.9826668982709915
0.9832862706920219
0.9838913464138680
0.9844810454424742
0.9850545651378538
0.9856113223727423
0.9861509109719053
0.9866730691137720
0.9871776536270886
0.9876646192793497
0.9881340018063074
0.9885859038250874
0.9890204830196295
0.9894379421505930
0.9898385205520067
0.9902224868550484
0.9905901327359296
0.9909417675247137
0.9912777135464071
0.9915983020837927
0.9919038698776976
0.9921947560869426
0.9924712996481473
0.9927338369823576
0.9929827000022234
0.9932182143829420
0.9934406980615692
0.9936504599380110
0.9938477987504766
0.9940330021053192
0.9942063456398804
0.9943680923034348
0.9945184917406755
0.9946577797643351
0.9947861779054935
0.9949038930322417
0.9950111170263114
0.9951080265118660
0.9951947826271101
0.9952715308344083
0.9953384007631784
0.9953955060811227
0.9954429443886045
0.9954807971354249
0.9955091295546820
0.9955279906127465
0.9955374129729804
0.9955374129729804
0.9955279906127495
0.9955091295546820
0.9954807971354249
0.9954429443886045
0.9953955060811225
0.9953384007631847
0.9952715308344083
0.9951947826271101
0.9951080265118660
0.9950111170263157
0.9949038930322417
0.9947861779054935
0.9946577797643351
0.9945184917406755
0.9943680923034348
0.9942063456398804
0.9940330021053192
0.9938477987504700
0.9936504599380110
0.9934406980615654
0.9932182143829420
0.9929827000022234
0.9927338369823490
0.9924712996481473
0.9921947560869426
0.9919038698776976
0.9915983020837927
0.9912777135464071
0.9909417675247137
0.9905901327359296
0.9902224868550429
0.9898385205520067
0.9894379421505930
0.9890204830196295
0.9885859038250875
0.9881340018063074
0.9876646192793497
0.9871776536270886
0.9866730691137720
0.9861509109719053
0.9856113223727423
0.9850545651378538
0.9844810454424742
0.9838913464138680
0.9832862706920219
0.9826668982709915
0.9820346697980425
0.9813915178796350
0.9807401096035548
0.9807064469719070
0.9813570068863733
0.9819993139945986
0.9826307023473478
0.9832492405024357
0.9838534889799530
0.9844423689427960
0.9850150788852640
0.9855710367844273
0.9861098375304764
0.9866312203225907
0.9871350429607710
0.9876212611289319
0.9880899114218259
0.9885410972553872
0.9889749770499614
0.9893917542399121
0.9897916687691831
0.9901749898162020
0.9905420095417494
0.9908930377004616
0.9912283969827489
0.9915484189807890
0.9918534406910379
0.9921438014779200
0.9924198404359797
0.9926818941008895
0.9929302944594706
0.9931653672247328
0.9933874303391478
0.9935967926789276
0.9937937529331677
0.9939785986378072
0.9941516053415125
0.9943130358902572
0.9944631398140472
0.9946021528027885
0.9947302962592971
0.9948477769207786
0.9949547865386159
0.9950515016086336
0.9951380831455413
0.9952146764948534
0.9952814111777105
0.9953384007631784
0.9953857427654073
0.9954235185594412
0.9954517933181541
0.9954706159617983
0.9954800191225565
0.9954800191225565
0.9954706159617983
0.9954517933181541
0.9954235185594412
0.9953857427653992
0.9953384007631847
0.9952814111777105
0.9952146764948534
0.9951380831455413
0.9950515016086336
0.9949547865386159
0.9948477769207786
0.9947302962592971
0.9946021528027885
0.9944631398140472
0.9943130358902572
0.9941516053415125
0.9939785986378072
0.9937937529331682
0.9935967926789331
0.9933874303391478
0.9931653672247328
0.9929302944594705
0.9926818941008895
0.9924198404359797
0.9921438014779200
0.9918534406910340
0.9915484189807890
0.9912283969827477
0.9908930377004616
0.9905420095417494
0.9901749898162011
0.9897916687691831
0.9893917542399121
0.9889749770499779
0.9885410972553872
0.9880899114218259
0.9876212611289319
0.9871350429607710
0.9866312203225907
0.9861098375304764
0.9855710367844273
0.9850150788852640
0.9844423689427991
0.9838534889799530
0.9832492405024357
0.9826307023473478
0.9819993139945986
0.9813570068863775
0.9807064469719070
0.9806670510686006
0.9813166152559942
0.9819579308130740
0.9825883331398026
0.9832058921721241
0.9838091698116521
0.9843970885890246
0.9849688483397077
0.9855238683439735
0.9860617447495067
0.9865822179590518
0.9870851469159674
0.9875704883826186
0.9880382799633127
0.9884886260107746
0.9889216858087868
0.9893376635795094
0.9897367999791243
0.9901193648233280
0.9904856508364401
0.9908359682646916
0.9911706402203512
0.9914899986512965
0.9917943808461138
0.9920841264018293
0.9923595745901765
0.9926210620722996
0.9928689209140158
0.9931034768638963
0.9933250478622946
0.9935339427492421
0.9937304601489851
0.9939148875063289
0.9940875002589735
0.9942485611248884
0.9943983194926919
0.9945370109020502
0.9946648565995120
0.9947820631638677
0.9948888221880322
0.9949853100133564
0.9950716875052236
0.9951480998688096
0.9952146764948534
0.9952715308344083
0.9953187602970793
0.9953564461695483
0.9953846535516786
0.9954034313086565
0.9954128120355189
0.9954128120355189
0.9954034313086565
0.9953846535516786
0.9953564461695483
0.9953187602970793
0.9952715308344083
0.9952146764948695
0.9951480998688096
0.9950716875052236
0.9949853100133564
0.9948888221880385
0.9947820631638692
0.9946648565995120
0.9945370109020502
0.9943983194926919
0.9942485611248816
0.9940875002589735
0.9939148875063289
0.9937304601489851
0.9935339427492421
0.9933250478622848
0.9931034768638963
0.9928689209140158
0.9926210620722996
0.9923595745901765
0.9920841264018293
0.9917943808461159
0.9914899986512965
0.9911706402203512
0.9908359682646994
0.9904856508364401
0.9901193648233280
0.9897367999791243
0.9893376635795094
0.9889216858087868
0.9884886260107754
0.9880382799633127
0.9875704883826186
0.9870851469159635
0.9865822179590518
0.9860617447495140
0.9855238683439765
0.9849688483397137
0.9843970885890242
0.9838091698116521
0.9832058921721241
0.9825883331398044
0.9819579308130740
0.9813166152559942
0.9806670510686006
0.9806218654448895
0.9812702837545934
0.9819104582499767
0.9825397259006705
0.9831561582445922
0.9837583187883441
0.9843451316499227
0.9849157982202064
0.9854697392900734
0.9860065524630619
0.9865259795336097
0.9870278807662196
0.9875122141676204
0.9879790185050060
0.9884283992094359
0.9888605165559522
0.9892755756693757
0.9896738180208615
0.9900555141527501
0.9904209574305378
0.9907704586571495
0.9911043414213987
0.9914229380697352
0.9917265862163616
0.9920156257149623
0.9922903960299455
0.9925512339550890
0.9927984716354680
0.9930324348497210
0.9932534415242906
0.9934618004468533
0.9936578101559572
0.9938417579822131
0.9940139192256280
0.9941745564473982
0.9943239188654214
0.9944622418380407
0.9945897464249042
0.9947066390150785
0.9948131110132800
0.9949093385767352
0.9949954823945799
0.9950716875052236
0.9951380831455413
0.9951947826271101
0.9952418832365860
0.9952794661557933
0.9953075963993648
0.9953263227669973
0.9953356778100659
0.9953356778100659
0.9953263227669902
0.9953075963993648
0.9952794661557933
0.9952418832365860
0.9951947826271101
0.9951380831455413
0.9950716875052236
0.9949954823945799
0.9949093385767352
0.9948131110132800
0.9947066390150785
0.9945897464249042
0.9944622418380393
0.9943239188654214
0.9941745564473982
0.9940139192256280
0.9938417579822131
0.9936578101559572
0.9934618004468533
0.9932534415242906
0.9930324348497210
0.9927984716354680
0.9925512339550663
0.9922903960299455
0.9920156257149649
0.9917265862163616
0.9914229380697313
0.9911043414213914
0.9907704586571495
0.9904209574305378
0.9900555141527501
0.9896738180208615
0.9892755756693757
0.9888605165559528
0.9884283992094359
0.9879790185050060
0.9875122141676204
0.9870278807662196
0.9865259795336097
0.9860065524630619
0.9854697392900797
0.9849157982202064
0.9843451316499227
0.9837583187883441
0.9831561582445922
0.9825397259006670
0.9819104582499767
0.9812702837545934
0.9806218654448895
0.9805708257708944
0.9812179448482473
0.9818568255858627
0.9824848067549484
0.9830999617306911
0.9837008558587015
0.9842864150745166
0.9848558425481140
0.9854085607970444
0.9859441690862085
0.9864624107975764
0.9869631476998727
0.9874463392150366
0.9879120254302821
0.9883603129986382
0.9887913633162140
0.9892053825267713
0.9896026130183790
0.9899833261493078
0.9903478160012441
0.9906963939978544
0.9910293842550204
0.9913471195585902
0.9916499378778493
0.9919381793430250
0.9922121836216625
0.9924722876442392
0.9927188236300780
0.9929521173775313
0.9931724867828181
0.9933802405604949
0.9935756771380390
0.9937590837041766
0.9939307353900491
0.9940908945677228
0.9942398102503575
0.9943777175808309
0.9945048373968330
0.9946213758637963
0.9947275241651751
0.9948234582419742
0.9949093385767352
0.9949853100133568
0.9950515016086336
0.9951080265118660
0.9951549818664810
0.9951924487320887
0.9952204920238708
0.9952391604661764
0.9952484865595226
0.9952484865595226
0.9952391604661764
0.9952204920238708
0.9951924487320887
0.9951549818664810
0.9951080265118660
0.9950515016086336
0.9949853100133556
0.9949093385767352
0.9948234582419742
0.9947275241651751
0.9946213758637963
0.9945048373968330
0.9943777175808309
0.9942398102503582
0.9940908945677228
0.9939307353900491
0.9937590837041695
0.9935756771380390
0.9933802405604820
0.9931724867828181
0.9929521173775313
0.9927188236300780
0.9924722876442392
0.9922121836216625
0.9919381793430250
0.9916499378778493
0.9913471195585902
0.9910293842550204
0.9906963939978544
0.9903478160012441
0.9899833261493078
0.9896026130183790
0.9892053825267713
0.9887913633162140
0.9883603129986382
0.9879120254302818
0.9874463392150366
0.9869631476998727
0.9864624107975764
0.9859441690862074
0.9854085607970491
0.9848558425481140
0.9842864150745166
0.9837008558587015
0.9830999617306911
0.9824848067549484
0.9818568255858627
0.9812179448482473
0.9805708257708923
0.9805138599175307
0.9811595227768027
0.9817969534506025
0.9824234927572503
0.9830372161577468
0.9836366910829899
0.9842208455282964
0.9847888846774889
0.9853402330000430
0.9858744916377388
0.9863914057627772
0.9868908388379792
0.9873727518763575
0.9878371864466272
0.9882842505707392
0.9887141068971008
0.9891269627056017
0.9895230614027822
0.9899026752504966
0.9902660991209409
0.9906136451184515
0.9909456379345634
0.9912624108302013
0.9915643021553530
0.9918516523314379
0.9921248012360642
0.9923840859333926
0.9926298387078583
0.9928623853610836
0.9930820437377376
0.9932891224528700
0.9934839197929199
0.9936667227708355
0.9938378063135903
0.9939974325667102
0.9941458503003070
0.9942832944027594
0.9944099854516331
0.9945261293507591
0.9946319170251914
0.9947275241651751
0.9948131110132800
0.9948888221880322
0.9949547865386159
0.9950111170263157
0.9950579106293949
0.9950952482670161
0.9951231947396765
0.9951417986847712
0.9951510925442810
0.9951510925442831
0.9951417986847692
0.9951231947396765
0.9950952482670161
0.9950579106293949
0.9950111170263157
0.9949547865386159
0.9948888221880385
0.9948131110132800
0.9947275241651751
0.9946319170251914
0.9945261293507638
0.9944099854516331
0.9942832944027594
0.9941458503003174
0.9939974325667102
0.9938378063135903
0.9936667227708355
0.9934839197929199
0.9932891224528700
0.9930820437377521
0.9928623853610888
0.9926298387078578
0.9923840859333926
0.9921248012360587
0.9918516523314379
0.9915643021553426
0.9912624108302013
0.9909456379345634
0.9906136451184515
0.9902660991209409
0.9899026752504966
0.9895230614027823
0.9891269627055976
0.9887141068971008
0.9882842505707392
0.9878371864466272
0.9873727518763575
0.9868908388379792
0.9863914057627772
0.9858744916377388
0.9853402330000616
0.9847888846774889
0.9842208455282964
0.9836366910829899
0.9830372161577468
0.9824234927572503
0.9817969534506025
0.9811595227768027
0.9805138599175307
0.9804508880540614
0.9810949336419565
0.9817307539022775
0.9823556919622497
0.9829678256314714
0.9835657246874245
0.9841483194406249
0.9847148173357729
0.9852646450315961
0.9857974057714602
0.9863128467293182
0.9868108332596031
0.9872913281477665
0.9877543746105929
0.9882000821881516
0.9886286149152413
0.9890401813247272
0.9894350259436355
0.9898134220232406
0.9901756652975298
0.9905220686088293
0.9908529572682203
0.9911686650432652
0.9914695306846335
0.9917558949152442
0.9920280978222954
0.9922864765956797
0.9925313635691470
0.9927630845253500
0.9929819572298090
0.9931882901653639
0.9933823814413542
0.9935645178559470
0.9937349740904152
0.9938940120213785
0.9940418801322193
0.9941788130133040
0.9943050309388827
0.9944207395092415
0.9945261293507563
0.9946213758637963
0.9947066390150785
0.9947820631638677
0.9948477769207786
0.9949038930322417
0.9949505082873362
0.9949877034442529
0.9950155431729495
0.9950340760109972
0.9950433343338970
0.9950433343338970
0.9950340760110090
0.9950155431729495
0.9949877034442529
0.9949505082873362
0.9949038930322417
0.9948477769207786
0.9947820631638677
0.9947066390150785
0.9946213758637963
0.9945261293507531
0.9944207395092415
0.9943050309388973
0.9941788130133024
0.9940418801322193
0.9938940120213785
0.9937349740904152
0.9935645178559470
0.9933823814413542
0.9931882901653639
0.9929819572298090
0.9927630845253500
0.9925313635691470
0.9922864765956800
0.9920280978222954
0.9917558949152369
0.9914695306846335
0.9911686650432495
0.9908529572682203
0.9905220686088184
0.9901756652975298
0.9898134220232406
0.9894350259436355
0.9890401813247272
0.9886286149152413
0.9882000821881516
0.9877543746105929
0.9872913281477665
0.9868108332596031
0.9863128467293182
0.9857974057714602
0.9852646450315977
0.9847148173357729
0.9841483194406249
0.9835657246874198
0.9829678256314714
0.9823556919622497
0.9817307539022775
0.9810949336419565
0.9804508880540614
0.9803818227642894
0.9810240855122367
0.9816581305224107
0.9822813035090631
0.9828916849114050
0.9834878471310302
0.9840687230636839
0.9846335226769862
0.9851816750680249
0.9857127858182843
0.9862266043246872
0.9867229980385394
0.9872019317062640
0.9876634503631411
0.9881076652208290
0.9885347418357280
0.9889448901114393
0.9893383557961932
0.9897154132146440
0.9900763590309685
0.9904215068786509
0.9907511827272509
0.9910657208777334
0.9913654604950224
0.9916507426071106
0.9919219075043137
0.9921792924868597
0.9924232299153088
0.9926540455241463
0.9928720569646741
0.9930775725485382
0.9932708901649807
0.9934522963516175
0.9936220654969361
0.9937804591593082
0.9939277254867130
0.9940640987227491
0.9941897987900397
0.9943050309388827
0.9944099854516392
0.9945048373968330
0.9945897464249042
0.9946648565995120
0.9947302962592971
0.9947861779054935
0.9948325981124855
0.9948696374554484
0.9948973604557608
0.9949158155382436
0.9949250350022689
0.9949250350022737
0.9949158155382436
0.9948973604557608
0.9948696374554484
0.9948325981124855
0.9947861779054935
0.9947302962592971
0.9946648565995120
0.9945897464249042
0.9945048373968330
0.9944099854516392
0.9943050309388827
0.9941897987900397
0.9940640987227491
0.9939277254867130
0.9937804591593082
0.9936220654969361
0.9934522963516211
0.9932708901649807
0.9930775725485382
0.9928720569646741
0.9926540455241463
0.9924232299153088
0.9921792924868540
0.9919219075042986
0.9916507426071256
0.9913654604950305
0.9910657208777334
0.9907511827272509
0.9904215068786509
0.9900763590309685
0.9897154132146366
0.9893383557961932
0.9889448901114393
0.9885347418357280
0.9881076652208290
0.9876634503631380
0.9872019317062640
0.9867229980385394
0.9862266043246872
0.9857127858182843
0.9851816750680249
0.9846335226769862
0.9840687230636839
0.9834878471310302
0.9828916849114050
0.9822813035090631
0.9816581305224107
0.9810240855122367
0.9803818227642894
0.9803065691825865
0.9809468785477412
0.9815789785278053
0.9822002177230934
0.9828086795024694
0.9834029391869864
0.9839819325462094
0.9845448723472878
0.9850911903898302
0.9856204948422473
0.9861325375566919
0.9866271882948242
0.9871044139596389
0.9875642615812862
0.9880068441989284
0.9884323290279545
0.9888409274607247
0.9892328865655560
0.9896084818225642
0.9899680108898893
0.9903117882410304
0.9906401405378685
0.9909534026335882
0.9912519141156674
0.9915360163124443
0.9918060497034296
0.9920623516763103
0.9923052545877364
0.9925350840866350
0.9927521576677775
0.9929567834242569
0.9931492589749578
0.9933298705441912
0.9934988921731116
0.9936565850469988
0.9938031969223767
0.9939389616417181
0.9940640987227491
0.9941788130133024
0.9942832944027594
0.9943777175808325
0.9944622418380407
0.9945370109020502
0.9946021528027928
0.9946577797643351
0.9947039881176416
0.9947408582311752
0.9947684544583812
0.9947868250968401
0.9947960023605598
0.9947960023605644
0.9947868250968401
0.9947684544583812
0.9947408582311741
0.9947039881176508
0.9946577797643351
0.9946021528027928
0.9945370109020502
0.9944622418380407
0.9943777175808325
0.9942832944027624
0.9941788130133024
0.9940640987227491
0.9939389616417181
0.9938031969223767
0.9936565850469988
0.9934988921731116
0.9933298705441912
0.9931492589749575
0.9929567834242566
0.9927521576677775
0.9925350840866350
0.9923052545877364
0.9920623516763103
0.9918060497034296
0.9915360163124570
0.9912519141156674
0.9909534026335882
0.9906401405378685
0.9903117882410304
0.9899680108898893
0.9896084818225642
0.9892328865655555
0.9888409274607385
0.9884323290279545
0.9880068441989297
0.9875642615812870
0.9871044139596389
0.9866271882948242
0.9861325375566919
0.9856204948422473
0.9850911903898302
0.9845448723472878
0.9839819325462094
0.9834029391869864
0.9828086795024694
0.9822002177230934
0.9815789785278060
0.9809468785477412
0.9803065691825865
0.9802250251532986
0.9808632051466781
0.9814931849057958
0.9821123162384947
0.9827186857656970
0.9833108720444056
0.9838878140251324
0.9844487275694822
0.9849930474599101
0.9855203847139224
0.9860304938825990
0.9865232472622184
0.9869986141147254
0.9874566436463532
0.9878974508844089
0.9883212048410653
0.9887281185153682
0.9891184403934968
0.9894924471884226
0.9898504376126205
0.9901927270222467
0.9905196427978922
0.9908315203582673
0.9911286997117044
0.9914115224750766
0.9916803292939053
0.9919354576115083
0.9921772397409634
0.9924060011999075
0.9926220592746189
0.9928257217844252
0.9930172860192205
0.9931970378291126
0.9933652508455385
0.9935221858182355
0.9936680900507143
0.9938031969223767
0.9939277254867130
0.9940418801322193
0.9941458503003070
0.9942398102503582
0.9943239188654214
0.9943983194926919
0.9944631398140472
0.9945184917406755
0.9945644713294124
0.9946011587163510
0.9946286180659578
0.9946468975330552
0.9946560292351151
0.9946560292351151
0.9946468975330552
0.9946286180659641
0.9946011587163514
0.9945644713294124
0.9945184917406755
0.9944631398140472
0.9943983194926882
0.9943239188654214
0.9942398102503582
0.9941458503003070
0.9940418801322193
0.9939277254867130
0.9938031969223767
0.9936680900507149
0.9935221858182355
0.9933652508455385
0.9931970378291126
0.9930172860192205
0.9928257217844266
0.9926220592746189
0.9924060011999075
0.9921772397409634
0.9919354576115083
0.9916803292938996
0.9914115224750766
0.9911286997117044
0.9908315203582871
0.9905196427978922
0.9901927270222435
0.9898504376126205
0.9894924471884141
0.9891184403934968
0.9887281185153682
0.9883212048410653
0.9878974508844089
0.9874566436463532
0.9869986141147273
0.9865232472622184
0.9860304938825990
0.9855203847139221
0.9849930474599101
0.9844487275694783
0.9838878140251324
0.9833108720444056
0.9827186857656970
0.9821123162384947
0.9814931849057958
0.9808632051466781
0.9802250251532768
0.9801370814176324
0.9807729501170828
0.9814006285710456
0.9820174721428098
0.9826215710509597
0.9832115074290578
0.9837862237377724
0.9843449392476689
0.9848870920211885
0.9854122962031581
0.9859203093004053
0.9864110063775831
0.9868843592667167
0.9873404195370615
0.9877793043668619
0.9882011847051647
0.9886062752741795
0.9889948260728116
0.9893671151209362
0.9897234422394340
0.9900641237026526
0.9903894876295299
0.9906998700076417
0.9909956112567562
0.9912770532596987
0.9915445367956381
0.9917983993215083
0.9920389730571813
0.9922665833325657
0.9924815471650625
0.9926841720346787
0.9928747548345093
0.9930535809706670
0.9932209235948964
0.9933770429506441
0.9935221858182355
0.9936565850469988
0.9937804591593082
0.9938940120213785
0.9939974325667102
0.9940908945677228
0.9941745564473982
0.9942485611248918
0.9943130358902572
0.9943680923034348
0.9944138261138723
0.9944503171970863
0.9944776295064560
0.9944958110364353
0.9945048937968198
0.9945048937968198
0.9944958110364353
0.9944776295064555
0.9944503171970863
0.9944138261138723
0.9943680923034348
0.9943130358902572
0.9942485611248918
0.9941745564473982
0.9940908945677228
0.9939974325667102
0.9938940120213785
0.9937804591593082
0.9936565850469988
0.9935221858182355
0.9933770429506441
0.9932209235948954
0.9930535809706670
0.9928747548345093
0.9926841720346787
0.9924815471650603
0.9922665833325657
0.9920389730571813
0.9917983993215083
0.9915445367956376
0.9912770532596987
0.9909956112567562
0.9906998700076479
0.9903894876295299
0.9900641237026523
0.9897234422394340
0.9893671151209362
0.9889948260728004
0.9886062752741795
0.9882011847051647
0.9877793043668619
0.9873404195370615
0.9868843592667167
0.9864110063775831
0.9859203093004053
0.9854122962031581
0.9848870920211944
0.9843449392476689
0.9837862237377780
0.9832115074290578
0.9826215710509540
0.9820174721428098
0.9814006285710529
0.9807729501170828
0.9801370814176324
0.9800426218299184
0.9806759908782283
0.9813011805529348
0.9819155501485022
0.9825171938560078
0.9831046977516308
0.9836770081592138
0.9842333480953868
0.9847731592192850
0.9852960590978559
0.9858018084640908
0.9862902853965421
0.9867614645164851
0.9872153999486043
0.9876522111883639
0.9880720712620256
0.9884751967300612
0.9888618391951736
0.9892322780529057
0.9895868142797394
0.9899257650962098
0.9902494593694016
0.9905582336498405
0.9908524287478979
0.9911323867798719
0.9913984486143459
0.9916509516686841
0.9918902280087126
0.9921166027098351
0.9923303924479997
0.9925319042890038
0.9927214346507475
0.9928992684166106
0.9930656781785610
0.9932209235948954
0.9933652508455385
0.9934988921731051
0.9936220654969361
0.9937349740904152
0.9938378063135903
0.9939307353900491
0.9940139192256248
0.9940875002589735
0.9941516053415125
0.9942063456398804
0.9942518165600946
0.9942880976869934
0.9943152527378288
0.9943333295287007
0.9943423599498645
0.9943423599498645
0.9943333295287007
0.9943152527378288
0.9942880976869934
0.9942518165600946
0.9942063456398804
0.9941516053415125
0.9940875002589735
0.9940139192256192
0.9939307353900491
0.9938378063135903
0.9937349740904152
0.9936220654969361
0.9934988921731116
0.9933652508455385
0.9932209235948964
0.9930656781785610
0.9928992684166106
0.9927214346507475
0.9925319042890038
0.9923303924480048
0.9921166027098347
0.9918902280087126
0.9916509516686841
0.9913984486143459
0.9911323867798719
0.9908524287478979
0.9905582336498405
0.9902494593694016
0.9899257650962098
0.9895868142797394
0.9892322780529054
0.9888618391951736
0.9884751967300612
0.9880720712620255
0.9876522111883625
0.9872153999486043
0.9867614645164766
0.9862902853965386
0.9858018084640878
0.9852960590978476
0.9847731592192850
0.9842333480953868
0.9836770081592138
0.9831046977516308
0.9825171938560078
0.9819155501485022
0.9813011805529348
0.9806759908782283
0.9800426218299150
0.9799415236086081
0.9805721976951393
0.9811947042132275
0.9818064067970425
0.9824054040157845
0.9829902862836776
0.9835600041686425
0.9841137847939289
0.9846510737539174
0.9851714923508147
0.9856748048296251
0.9861608925398795
0.9866297331193844
0.9870813834467946
0.9875159655037373
0.9879336545333844
0.9883346690477324
0.9887192623395388
0.9890877152416432
0.9894403299256341
0.9897774245762990
0.9900993288085124
0.9904063797176400
0.9906989184729392
0.9909772873780682
0.9912418273347433
0.9914928756553758
0.9917307641781520
0.9919558176444135
0.9921683523052830
0.9923686747249936
0.9925570807576213
0.9927338546737668
0.9928992684166106
0.9930535809706670
0.9931970378291126
0.9933298705441912
0.9934522963516175
0.9935645178559467
0.9936667227708391
0.9937590837041766
0.9938417579822131
0.9939148875063289
0.9939785986378072
0.9940330021053192
0.9940781929323965
0.9941142503798652
0.9941412379033646
0.9941592031204365
0.9941681777879423
0.9941681777879423
0.9941592031204365
0.9941412379033646
0.9941142503798652
0.9940781929323965
0.9940330021053191
0.9939785986378072
0.9939148875063289
0.9938417579822131
0.9937590837041695
0.9936667227708355
0.9935645178559467
0.9934522963516175
0.9933298705441912
0.9931970378291126
0.9930535809706670
0.9928992684166106
0.9927338546737668
0.9925570807576218
0.9923686747249936
0.9921683523052798
0.9919558176444201
0.9917307641781520
0.9914928756553758
0.9912418273347338
0.9909772873780682
0.9906989184729392
0.9904063797176400
0.9900993288085124
0.9897774245762990
0.9894403299256341
0.9890877152416402
0.9887192623395388
0.9883346690477324
0.9879336545333844
0.9875159655037373
0.9870813834467946
0.9866297331193844
0.9861608925398795
0.9856748048296252
0.9851714923508147
0.9846510737539174
0.9841137847939289
0.9835600041686425
0.9829902862836776
0.9824054040157845
0.9818064067970425
0.9811947042132275
0.9805721976951393
0.9799415236086081
0.9798336576270958
0.9804614339508758
0.9810810555008833
0.9816898906965840
0.9822860429258370
0.9828681073693880
0.9834350392494086
0.9839860701842345
0.9845206500656171
0.9850384042636124
0.9855391008371369
0.9860226246765222
0.9864889566730094
0.9869381566622027
0.9873703492824231
0.9877857121339380
0.9881844657881984
0.9885668653088158
0.9889331930198321
0.9892837523170979
0.9896188623567062
0.9899388534880533
0.9902440633209422
0.9905348333372842
0.9908115059687799
0.9910744220796917
0.9913239187973957
0.9915603276453585
0.9917839729385621
0.9919951704057743
0.9921942260104121
0.9923814349421278
0.9925570807576218
0.9927214346507475
0.9928747548345093
0.9930172860192205
0.9931492589749575
0.9932708901649796
0.9933823814413522
0.9934839197929199
0.9935756771380388
0.9936578101559626
0.9937304601489851
0.9937937529331682
0.9938477987504700
0.9938926921996355
0.9939285121828647
0.9939553218649944
0.9939731686440597
0.9939820841294703
0.9939820841294703
0.9939731686440597
0.9939553218649944
0.9939285121828647
0.9938926921996355
0.9938477987504766
0.9937937529331682
0.9937304601489851
0.9936578101559572
0.9935756771380388
0.9934839197929199
0.9933823814413522
0.9932708901649796
0.9931492589749575
0.9930172860192205
0.9928747548345093
0.9927214346507475
0.9925570807576218
0.9923814349421307
0.9921942260104121
0.9919951704057743
0.9917839729385621
0.9915603276453568
0.9913239187973957
0.9910744220796917
0.9908115059687903
0.9905348333372842
0.9902440633209422
0.9899388534880533
0.9896188623567075
0.9892837523170974
0.9889331930198321
0.9885668653088158
0.9881844657882025
0.9877857121339382
0.9873703492824231
0.9869381566622027
0.9864889566730094
0.9860226246765222
0.9855391008371369
0.9850384042636121
0.9845206500656171
0.9839860701842345
0.9834350392494086
0.9828681073693903
0.9822860429258399
0.9816898906965864
0.9810810555008833
0.9804614339508758
0.9798336576270958
0.9797188887491485
0.9803435564622437
0.9809600832498798
0.9815658428028201
0.9821589438073146
0.9827379866760952
0.9833019317296320
0.9838500154993381
0.9843816925617304
0.9848965927097930
0.9853944881357394
0.9858752675530024
0.9863389153514469
0.9867854945321584
0.9872151325624379
0.9876280095357741
0.9880243481877835
0.9884044054250081
0.9887684651067564
0.9891168318701112
0.9894498258367665
0.9897677780632066
0.9900710266281750
0.9903599132637891
0.9906347804553743
0.9908959689429977
0.9911438155736041
0.9913786514538693
0.9916008003642636
0.9918105774006357
0.9920082878123374
0.9921942260104121
0.9923686747249941
0.9925319042890038
0.9926841720346787
0.9928257217844254
0.9929567834242566
0.9930775725485382
0.9931882901653639
0.9932891224528655
0.9933802405604820
0.9934618004468561
0.9935339427492421
0.9935967926789276
0.9936504599380110
0.9936950386555659
0.9937306073371058
0.9937572288266645
0.9937749502795674
0.9937838031428936
0.9937838031428936
0.9937749502795659
0.9937572288266645
0.9937306073371058
0.9936950386555659
0.9936504599380110
0.9935967926789276
0.9935339427492421
0.9934618004468561
0.9933802405604820
0.9932891224528804
0.9931882901653639
0.9930775725485382
0.9929567834242566
0.9928257217844254
0.9926841720346787
0.9925319042890038
0.9923686747249972
0.9921942260104121
0.9920082878123374
0.9918105774006313
0.9916008003642636
0.9913786514538774
0.9911438155736005
0.9908959689429977
0.9906347804553742
0.9903599132637891
0.9900710266281750
0.9897677780632066
0.9894498258367665
0.9891168318701112
0.9887684651067564
0.9884044054250081
0.9880243481877835
0.9876280095357741
0.9872151325624366
0.9867854945321584
0.9863389153514469
0.9858752675530037
0.9853944881357249
0.9848965927097930
0.9843816925617255
0.9838500154993395
0.9833019317296320
0.9827379866760952
0.9821589438073146
0.9815658428028201
0.9809600832498798
0.9803435564622437
0.9797188887491485
0.9795970762158004
0.9802184158463650
0.9808316295248656
0.9814340967457044
0.9820239320181183
0.9825997414921563
0.9831604910685537
0.9837054226424572
0.9842339958913014
0.9847458454092062
0.9852407478589918
0.9857185960733885
0.9861793781945913
0.9866231606017500
0.9870500737628302
0.9874603003982585
0.9878540655040461
0.9882316278929967
0.9885932729906621
0.9889393066799061
0.9892700500253085
0.9895858347470065
0.9898869993294515
0.9901738856764379
0.9904468362332649
0.9907061915120690
0.9909522879669262
0.9911854561681241
0.9914060192381517
0.9916142915131883
0.9918105774006357
0.9919951704057743
0.9921683523052715
0.9923303924480048
0.9924815471650603
0.9926220592746189
0.9927521576677804
0.9928720569646741
0.9929819572298099
0.9930820437377521
0.9931724867828181
0.9932534415242906
0.9933250478622848
0.9933874303391478
0.9934406980615692
0.9934849446399939
0.9935202481426558
0.9935466710603253
0.9935642602811380
0.9935730470732688
0.9935730470732688
0.9935642602811413
0.9935466710603261
0.9935202481426586
0.9934849446400008
0.9934406980615692
0.9933874303391478
0.9933250478622909
0.9932534415242906
0.9931724867828137
0.9930820437377521
0.9929819572298090
0.9928720569646741
0.9927521576677775
0.9926220592746189
0.9924815471650603
0.9923303924480095
0.9921683523052813
0.9919951704057743
0.9918105774006357
0.9916142915131883
0.9914060192381517
0.9911854561681241
0.9909522879669262
0.9907061915120690
0.9904468362332649
0.9901738856764379
0.9898869993294515
0.9895858347470065
0.9892700500253085
0.9889393066799061
0.9885932729906621
0.9882316278929967
0.9878540655040461
0.9874603003982585
0.9870500737628368
0.9866231606017500
0.9861793781945913
0.9857185960733885
0.9852407478589918
0.9847458454092062
0.9842339958913014
0.9837054226424522
0.9831604910685537
0.9825997414921563
0.9820239320181183
0.9814340967457044
0.9808316295248656
0.9802184158463692
0.9795970762158004
0.9794680740893582
0.9800858569426292
0.9806955300224254
0.9812944792124547
0.9818808254174977
0.9824531810780754
0.9830105181972506
0.9835520845211347
0.9840773452758278
0.9845859402587528
0.9850776509607061
0.9855523746428186
0.9860101034623273
0.9864509073915504
0.9868749200694026
0.9872823269708928
0.9876733554399086
0.9880482662459273
0.9884073463982006
0.9887509030114867
0.9890792580544028
0.9893927438473467
0.9896916991983337
0.9899764660831072
0.9902473867944145
0.9905048014934726
0.9907490461092574
0.9909804505381180
0.9911993371033744
0.9914060192381517
0.9916008003642640
0.9917839729385621
0.9919558176444135
0.9921166027098351
0.9922665833325764
0.9924060011999075
0.9925350840866350
0.9926540455241463
0.9927630845253500
0.9928623853610888
0.9929521173775313
0.9930324348497210
0.9931034768638963
0.9931653672247328
0.9932182143829420
0.9932621113787727
0.9932971357998576
0.9933233497489149
0.9933407998210587
0.9933495170880929
0.9933495170880929
0.9933407998210587
0.9933233497489149
0.9932971357998576
0.9932621113787727
0.9932182143829420
0.9931653672247328
0.9931034768638963
0.9930324348497210
0.9929521173775313
0.9928623853610836
0.9927630845253552
0.9926540455241463
0.9925350840866350
0.9924060011999075
0.9922665833325764
0.9921166027098351
0.9919558176444201
0.9917839729385621
0.9916008003642640
0.9914060192381517
0.9911993371033702
0.9909804505381180
0.9907490461092574
0.9905048014934832
0.9902473867944145
0.9899764660831072
0.9896916991983337
0.9893927438473467
0.9890792580544028
0.9887509030114867
0.9884073463982006
0.9880482662459320
0.9876733554399086
0.9872823269708940
0.9868749200694026
0.9864509073915504
0.9860101034623273
0.9855523746428186
0.9850776509607061
0.9845859402587528
0.9840773452758278
0.9835520845211347
0.9830105181972506
0.9824531810780754
0.9818808254174977
0.9812944792124554
0.9806955300224254
0.9800858569426292
0.9794680740893582
0.9793317317656602
0.9799457193001501
0.9805516145366516
0.9811468103913105
0.9817294347943536
0.9822981070796664
0.9828518059216833
0.9833897854453094
0.9839115169048793
0.9844166457316088
0.9849049586208942
0.9853763575856321
0.9858308390669785
0.9862684768474165
0.9866894079040580
0.9870938205854830
0.9874819446593115
0.9878540428870113
0.9882104038610450
0.9885513358948860
0.9888771618009432
0.9891882144152174
0.9894848327641682
0.9897673587742147
0.9900361344508343
0.9902914994585114
0.9905337890494458
0.9907633322882883
0.9909804505381254
0.9911854561681170
0.9913786514538693
0.9915603276453568
0.9917307641781413
0.9918902280087126
0.9920389730571813
0.9921772397409642
0.9923052545877364
0.9924232299153088
0.9925313635691470
0.9926298387078583
0.9927188236300780
0.9927984716354680
0.9928689209140158
0.9929302944594706
0.9929827000022234
0.9930262299573624
0.9930609613856152
0.9930869559648835
0.9931042599696631
0.9931129042567250
0.9931129042567250
0.9931042599696631
0.9930869559648835
0.9930609613856085
0.9930262299573633
0.9929827000022234
0.9929302944594706
0.9928689209140158
0.9927984716354680
0.9927188236300780
0.9926298387078578
0.9925313635691470
0.9924232299153088
0.9923052545877359
0.9921772397409642
0.9920389730571813
0.9918902280087126
0.9917307641781520
0.9915603276453585
0.9913786514538693
0.9911854561681241
0.9909804505381180
0.9907633322882883
0.9905337890494458
0.9902914994585114
0.9900361344508343
0.9897673587742147
0.9894848327641682
0.9891882144152381
0.9888771618009432
0.9885513358948860
0.9882104038610513
0.9878540428870113
0.9874819446593115
0.9870938205854830
0.9866894079040524
0.9862684768474165
0.9858308390669785
0.9853763575856321
0.9849049586208942
0.9844166457316088
0.9839115169048793
0.9833897854453094
0.9828518059216833
0.9822981070796664
0.9817294347943536
0.9811468103913105
0.9805516145366516
0.9799457193001501
0.9793317317656602
0.9791878945600979
0.9797978377396983
0.9803997074961535
0.9809909044887946
0.9815695643652836
0.9821343140136546
0.9826841393999310
0.9832183015986479
0.9837362784096257
0.9842377213560373
0.9847224227354048
0.9851902896484074
0.9856413230954586
0.9860756008858018
0.9864932634949426
0.9868945022538654
0.9872795494139365
0.9876486697456353
0.9880021534024828
0.9883403098418081
0.9886634626338038
0.9889719450212006
0.9892660961184425
0.9895462576565165
0.9898127711937171
0.9900659757297600
0.9903062056635885
0.9905337890494458
0.9907490461092574
0.9909522879669262
0.9911438155736041
0.9913239187973957
0.9914928756553758
0.9916509516686903
0.9917983993215083
0.9919354576114985
0.9920623516763103
0.9921792924868470
0.9922864765956797
0.9923840859333926
0.9924722876442392
0.9925512339550663
0.9926210620722996
0.9926818941008895
0.9927338369823490
0.9927769824479117
0.9928114069827007
0.9928371718009827
0.9928543228270831
0.9928628906836862
0.9928628906836862
0.9928543228270831
0.9928371718009829
0.9928114069827007
0.9927769824479117
0.9927338369823576
0.9926818941008907
0.9926210620722996
0.9925512339550889
0.9924722876442392
0.9923840859333926
0.9922864765956797
0.9921792924868470
0.9920623516763103
0.9919354576115083
0.9917983993215083
0.9916509516686903
0.9914928756553758
0.9913239187973957
0.9911438155736041
0.9909522879669262
0.9907490461092574
0.9905337890494458
0.9903062056635885
0.9900659757297600
0.9898127711937171
0.9895462576565165
0.9892660961184425
0.9889719450212029
0.9886634626338038
0.9883403098418081
0.9880021534024819
0.9876486697456353
0.9872795494139365
0.9868945022538654
0.9864932634949426
0.9860756008858018
0.9856413230954586
0.9851902896484074
0.9847224227353959
0.9842377213560373
0.9837362784096257
0.9832183015986479
0.9826841393999265
0.9821343140136546
0.9815695643652836
0.9809909044887946
0.9803997074961535
0.9797978377396983
0.9791878945600979
0.9790364043808206
0.9796420429992935
0.9802396285861071
0.9808265703290847
0.9814010123564940
0.9819615898357786
0.9825072967016033
0.9830374015977158
0.9835513894252274
0.9840489182877060
0.9845297865029100
0.9849939066075190
0.9854412844406000
0.9858720020514277
0.9862862035651994
0.9866840833884227
0.9870658762976857
0.9874318490667646
0.9877822933631910
0.9881175197053794
0.9884378523086244
0.9887436246840782
0.9890351758759155
0.9893128472448087
0.9895769797159950
0.9898279114290092
0.9900659757297671
0.9902914994585164
0.9905048014934832
0.9907061915120712
0.9908959689429977
0.9910744220796917
0.9912418273347338
0.9913984486143459
0.9915445367956399
0.9916803292939053
0.9918060497034340
0.9919219075042986
0.9920280978222954
0.9921248012360638
0.9922121836216625
0.9922903960299455
0.9923595745901765
0.9924198404359799
0.9924712996481473
0.9925140432116220
0.9925481469850963
0.9925736716774314
0.9925906628319634
0.9925991508166432
0.9925991508166432
0.9925906628319634
0.9925736716774238
0.9925481469850963
0.9925140432116220
0.9924712996481473
0.9924198404359797
0.9923595745901765
0.9922903960299456
0.9922121836216625
0.9921248012360642
0.9920280978222954
0.9919219075042986
0.9918060497034340
0.9916803292938992
0.9915445367956399
0.9913984486143459
0.9912418273347338
0.9910744220796917
0.9908959689429943
0.9907061915120684
0.9905048014934832
0.9902914994585114
0.9900659757297600
0.9898279114290092
0.9895769797159950
0.9893128472448245
0.9890351758759155
0.9887436246840731
0.9884378523086244
0.9881175197053794
0.9877822933631910
0.9874318490667646
0.9870658762976857
0.9866840833884268
0.9862862035651964
0.9858720020514400
0.9854412844406000
0.9849939066075190
0.9845297865029072
0.9840489182877060
0.9835513894252274
0.9830374015977158
0.9825072967016033
0.9819615898357786
0.9814010123564940
0.9808265703290781
0.9802396285861071
0.9796420429992935
0.9790364043808206
0.9788771005002358
0.9794781624779068
0.9800711934643581
0.9806536120481796
0.9812235716804658
0.9817797166063060
0.9823210494683248
0.9828468471526309
0.9833566022595381
0.9838499799921342
0.9843267851276329
0.9847869359970444
0.9852304435590349
0.9856573943095982
0.9860679361610576
0.9864622666696621
0.9868406231544874
0.9872032743593265
0.9875505133891341
0.9878826517091686
0.9882000140350237
0.9885029339754817
0.9887917503145431
0.9890668038371160
0.9893284346190142
0.9895769797159950
0.9898127711937171
0.9900361344508343
0.9902473867944145
0.9904468362332650
0.9906347804553743
0.9908115059687903
0.9909772873780682
0.9911323867798719
0.9912770532596987
0.9914115224750766
0.9915360163124443
0.9916507426071106
0.9917558949152369
0.9918516523314379
0.9919381793430250
0.9920156257149623
0.9920841264018293
0.9921438014779200
0.9921947560869426
0.9922370804029522
0.9922708496035287
0.9922961238489714
0.9923129482693974
0.9923213529562438
0.9923213529562438
0.9923129482693974
0.9922961238489714
0.9922708496035287
0.9922370804029522
0.9921947560869426
0.9921438014779190
0.9920841264018293
0.9920156257149623
0.9919381793430250
0.9918516523314379
0.9917558949152369
0.9916507426071106
0.9915360163124443
0.9914115224750766
0.9912770532596987
0.9911323867798719
0.9909772873780682
0.9908115059687903
0.9906347804553743
0.9904468362332649
0.9902473867944145
0.9900361344508343
0.9898127711937171
0.9895769797159950
0.9893284346190142
0.9890668038371160
0.9887917503145431
0.9885029339754817
0.9882000140350252
0.9878826517091686
0.9875505133891341
0.9872032743593265
0.9868406231544884
0.9864622666696621
0.9860679361610576
0.9856573943095982
0.9852304435590349
0.9847869359970444
0.9843267851276329
0.9838499799921332
0.9833566022595381
0.9828468471526309
0.9823210494683248
0.9817797166063048
0.9812235716804658
0.9806536120481796
0.9800711934643581
0.9794781624779068
0.9788771005002359
0.9787098204387771
0.9793060210886054
0.9798942145885660
0.9804718298974058
0.9810370307224153
0.9815884712654086
0.9821251636871159
0.9826463938456305
0.9831516626840618
0.9836406430562546
0.9841131466573563
0.9845690979796828
0.9850085133798493
0.9854314839959806
0.9858381616462086
0.9862287470861104
0.9866034801648246
0.9869626315300369
0.9873064956121704
0.9876353846729654
0.9879496237464438
0.9882495463324500
0.9885354907287118
0.9888077969044889
0.9890668038371034
0.9893128472448087
0.9895462576565165
0.9897673587742176
0.9899764660831208
0.9901738856764379
0.9903599132637975
0.9905348333372842
0.9906989184729392
0.9908524287478870
0.9909956112567562
0.9911286997117044
0.9912519141156674
0.9913654604950332
0.9914695306846335
0.9915643021553530
0.9916499378778493
0.9917265862163616
0.9917943808461138
0.9918534406910364
0.9919038698776976
0.9919457577008099
0.9919791785998697
0.9920041921415154
0.9920208430089063
0.9920291609940776
0.9920291609940776
0.9920208430089063
0.9920041921415154
0.9919791785998697
0.9919457577008099
0.9919038698776976
0.9918534406910379
0.9917943808461138
0.9917265862163616
0.9916499378778493
0.9915643021553530
0.9914695306846335
0.9913654604950332
0.9912519141156674
0.9911286997117044
0.9909956112567562
0.9908524287478979
0.9906989184729392
0.9905348333372842
0.9903599132637891
0.9901738856764379
0.9899764660831208
0.9897673587742176
0.9895462576565165
0.9893128472448087
0.9890668038371059
0.9888077969044889
0.9885354907287088
0.9882495463324500
0.9879496237464438
0.9876353846729654
0.9873064956121668
0.9869626315300369
0.9866034801648247
0.9862287470861104
0.9858381616462086
0.9854314839959806
0.9850085133798478
0.9845690979796828
0.9841131466573563
0.9836406430562546
0.9831516626840617
0.9826463938456305
0.9821251636871099
0.9815884712654086
0.9810370307224153
0.9804718298974058
0.9798942145885660
0.9793060210886054
0.9787098204387771
0.9785344009772522
0.9791254422397837
0.9797085021687557
0.9802810211735640
0.9808411742544073
0.9813876265397297
0.9819194005965509
0.9824357920482718
0.9829363108707192
0.9834206381526164
0.9838885929831663
0.9843401063873795
0.9847752003913750
0.9851939709535984
0.9855965738919387
0.9859832131788824
0.9863541311450345
0.9867096002368020
0.9870499160568227
0.9873753914709770
0.9876863516077931
0.9879831296106857
0.9882660630255371
0.9885354907287073
0.9887917503145420
0.9890351758759155
0.9892660961184425
0.9894848327641682
0.9896916991983337
0.9898869993294515
0.9900710266281750
0.9902440633209422
0.9904063797176400
0.9905582336498405
0.9906998700076417
0.9908315203582871
0.9909534026335882
0.9910657208777334
0.9911686650432495
0.9912624108302013
0.9913471195585902
0.9914229380697313
0.9914899986512965
0.9915484189807890
0.9915983020837927
0.9916397363046746
0.9916727952854345
0.9916975379519642
0.9917140085047129
0.9917222364133648
0.9917222364133661
0.9917140085047129
0.9916975379519642
0.9916727952854345
0.9916397363046746
0.9915983020837927
0.9915484189807890
0.9914899986512965
0.9914229380697313
0.9913471195585902
0.9912624108302013
0.9911686650432495
0.9910657208777334
0.9909534026335882
0.9908315203582871
0.9906998700076417
0.9905582336498405
0.9904063797176400
0.9902440633209422
0.9900710266281750
0.9898869993294515
0.9896916991983337
0.9894848327641682
0.9892660961184430
0.9890351758759155
0.9887917503145420
0.9885354907287073
0.9882660630255371
0.9879831296106857
0.9876863516077931
0.9873753914709732
0.9870499160568227
0.9867096002368027
0.9863541311450345
0.9859832131788824
0.9855965738919434
0.9851939709535984
0.9847752003913750
0.9843401063873795
0.9838885929831663
0.9834206381526164
0.9829363108707192
0.9824357920482624
0.9819194005965509
0.9813876265397297
0.9808411742544073
0.9802810211735640
0.9797085021687557
0.9791254422397837
0.9785344009772522
0.9783506793170867
0.9789362489619630
0.9795138652644326
0.9800809812935051
0.9806357844954895
0.9811769519989075
0.9817035177506697
0.9822147880011897
0.9827102824992915
0.9831896911834884
0.9836528410282933
0.9840996699625365
0.9845302059394524
0.9849445498923269
0.9853428616989681
0.9857253485272413
0.9860922550970792
0.9864438555011911
0.9867804463130978
0.9871023407621270
0.9874098638006390
0.9877033479218714
0.9879831296106857
0.9882495463324500
0.9885029339754802
0.9887436246840731
0.9889719450211848
0.9891882144152381
0.9893927438473467
0.9895858347470065
0.9897677780632066
0.9899388534880533
0.9900993288085124
0.9902494593694016
0.9903894876295303
0.9905196427978878
0.9906401405378685
0.9907511827272509
0.9908529572682203
0.9909456379345634
0.9910293842550204
0.9911043414213914
0.9911706402203493
0.9912283969827489
0.9912777135464071
0.9913186772307991
0.9913513608193104
0.9913758225477913
0.9913921060977459
0.9914002405918289
0.9914002405918289
0.9913921060977476
0.9913758225477913
0.9913513608193104
0.9913186772307991
0.9912777135464071
0.9912283969827489
0.9911706402203493
0.9911043414213987
0.9910293842550204
0.9909456379345634
0.9908529572682203
0.9907511827272509
0.9906401405378685
0.9905196427978878
0.9903894876295303
0.9902494593694016
0.9900993288085124
0.9899388534880533
0.9897677780632066
0.9895858347470065
0.9893927438473467
0.9891882144152174
0.9889719450211848
0.9887436246840731
0.9885029339754802
0.9882495463324500
0.9879831296106857
0.9877033479218714
0.9874098638006390
0.9871023407621270
0.9867804463130978
0.9864438555011911
0.9860922550970790
0.9857253485272413
0.9853428616989638
0.9849445498923269
0.9845302059394524
0.9840996699625365
0.9836528410282964
0.9831896911834884
0.9827102824992915
0.9822147880011897
0.9817035177506697
0.9811769519989075
0.9806357844954895
0.9800809812935051
0.9795138652644326
0.9789362489619630
0.9783506793170867
0.9781584944106373
0.9787382652030144
0.9793101130503913
0.9798715050374613
0.9804206423439091
0.9809562152872362
0.9814772702639283
0.9819831250856995
0.9824733100660877
0.9829475246384616
0.9834056041632987
0.9838474938373786
0.9842732277773586
0.9846829120112974
0.9850767104953576
0.9854548335222453
0.9858175280551392
0.9861650696258929
0.9864977555222447
0.9868158990410619
0.9871198246342824
0.9874098638006390
0.9876863516077931
0.9879496237464442
0.9882000140350252
0.9884378523086244
0.9886634626338038
0.9888771618009432
0.9890792580544028
0.9892700500253085
0.9894498258367665
0.9896188623567114
0.9897774245762990
0.9899257650962243
0.9900641237026523
0.9901927270222467
0.9903117882410304
0.9904215068786509
0.9905220686088293
0.9906136451184515
0.9906963939978544
0.9907704586571444
0.9908359682646916
0.9908930377004616
0.9909417675247137
0.9909822439553673
0.9910145388533943
0.9910387097142790
0.9910547996626609
0.9910628374490152
0.9910628374490152
0.9910547996626482
0.9910387097142790
0.9910145388533906
0.9909822439553673
0.9909417675247137
0.9908930377004616
0.9908359682646916
0.9907704586571444
0.9906963939978544
0.9906136451184515
0.9905220686088293
0.9904215068786477
0.9903117882410304
0.9901927270222467
0.9900641237026532
0.9899257650962243
0.9897774245762990
0.9896188623567114
0.9894498258367665
0.9892700500253085
0.9890792580544028
0.9888771618009432
0.9886634626338038
0.9884378523086244
0.9882000140350252
0.9879496237464369
0.9876863516077931
0.9874098638006390
0.9871198246342824
0.9868158990410619
0.9864977555222447
0.9861650696258929
0.9858175280551392
0.9854548335222453
0.9850767104953576
0.9846829120112974
0.9842732277773586
0.9838474938373786
0.9834056041632987
0.9829475246384616
0.9824733100660877
0.9819831250857042
0.9814772702639304
0.9809562152872362
0.9804206423439091
0.9798715050374613
0.9793101130503913
0.9787382652030144
0.9781584944106373
0.9779576884859272
0.9785313173164172
0.9790970562746047
0.9796523879875083
0.9801955288078543
0.9807251835621120
0.9812404122714516
0.9817405453216764
0.9822251244335187
0.9826938592062990
0.9831465938914652
0.9835832812998861
0.9840039619158074
0.9844087469375701
0.9847978043631308
0.9851713474793600
0.9855296252836860
0.9858729144751238
0.9862015127335777
0.9865157330664392
0.9868158990410616
0.9871023407621271
0.9873753914709732
0.9876353846729654
0.9878826517091686
0.9881175197053794
0.9883403098418081
0.9885513358948860
0.9887509030114867
0.9889393066799061
0.9891168318701112
0.9892837523170974
0.9894403299256341
0.9895868142797394
0.9897234422394340
0.9898504376126205
0.9899680108898893
0.9900763590309685
0.9901756652975298
0.9902660991209409
0.9903478160012441
0.9904209574305438
0.9904856508364401
0.9905420095417494
0.9905901327359335
0.9906301054562294
0.9906619985763844
0.9906858687994784
0.9907017586540422
0.9907096964930556
0.9907096964930556
0.9907017586540422
0.9906858687994753
0.9906619985763844
0.9906301054562294
0.9905901327359296
0.9905420095417494
0.9904856508364401
0.9904209574305377
0.9903478160012441
0.9902660991209409
0.9901756652975298
0.9900763590309685
0.9899680108898893
0.9898504376126205
0.9897234422394340
0.9895868142797394
0.9894403299256341
0.9892837523170979
0.9891168318701112
0.9889393066799061
0.9887509030114867
0.9885513358948860
0.9883403098418081
0.9881175197053794
0.9878826517091686
0.9876353846729654
0.9873753914709770
0.9871023407621271
0.9868158990410619
0.9865157330664407
0.9862015127335764
0.9858729144751238
0.9855296252836860
0.9851713474793600
0.9847978043631308
0.9844087469375747
0.9840039619158009
0.9835832812998861
0.9831465938914652
0.9826938592062990
0.9822251244335187
0.9817405453216766
0.9812404122714388
0.9807251835621120
0.9801955288078543
0.9796523879875083
0.9790970562746047
0.9785313173164172
0.9779576884859272
0.9777481087988747
0.9783152357755543
0.9788745089425478
0.9794234281933590
0.9799602266698102
0.9804836251748208
0.9809926986441103
0.9814867911339115
0.9819654566642737
0.9824284156916351
0.9828755218554998
0.9833067358998467
0.9837221048330964
0.9841217450403245
0.9845058284565690
0.9848745711590775
0.9852282238946679
0.9855670641816004
0.9858913896981427
0.9862015127335777
0.9864977555222447
0.9867804463130978
0.9870499160568227
0.9873064956121704
0.9875505133891341
0.9877822933631903
0.9880021534024828
0.9882104038610450
0.9884073463982006
0.9885932729906621
0.9887684651067564
0.9889331930198239
0.9890877152416427
0.9892322780529057
0.9893671151209362
0.9894924471884141
0.9896084818225642
0.9897154132146366
0.9898134220232406
0.9899026752504966
0.9899833261493078
0.9900555141527441
0.9901193648233280
0.9901749898162011
0.9902224868550429
0.9902619397160187
0.9902934182185482
0.9903169782198372
0.9903326616134343
0.9903404963280613
0.9903404963280613
0.9903326616134343
0.9903169782198372
0.9902934182185482
0.9902619397160187
0.9902224868550484
0.9901749898162011
0.9901193648233280
0.9900555141527441
0.9899833261493078
0.9899026752504966
0.9898134220232406
0.9897154132146366
0.9896084818225642
0.9894924471884141
0.9893671151209362
0.9892322780529057
0.9890877152416427
0.9889331930198239
0.9887684651067564
0.9885932729906621
0.9884073463982006
0.9882104038610513
0.9880021534024767
0.9877822933631903
0.9875505133891341
0.9873064956121704
0.9870499160568227
0.9867804463130978
0.9864977555222447
0.9862015127335777
0.9858913896981427
0.9855670641816004
0.9852282238946805
0.9848745711590775
0.9845058284565690
0.9841217450403185
0.9837221048330964
0.9833067358998467
0.9828755218554829
0.9824284156916347
0.9819654566642669
0.9814867911338945
0.9809926986441103
0.9804836251748208
0.9799602266698102
0.9794234281933590
0.9788745089425478
0.9783152357755543
0.9777481087988747
0.9775296096481596
0.9780898571484532
0.9786422902624414
0.9791844281050285
0.9797145224250167
0.9802313116359617
0.9807338870056338
0.9812216074408729
0.9816940401998423
0.9821509172964374
0.9825921022353900
0.9830175639672618
0.9834273561178812
0.9838216001978637
0.9842004718912490
0.9845641897717420
0.9849130059621736
0.9852471983660266
0.9855670641816007
0.9858729144751238
0.9861650696258911
0.9864438555011905
0.9867096002368020
0.9869626315300369
0.9872032743593265
0.9874318490667646
0.9876486697456353
0.9878540428870113
0.9880482662459273
0.9882316278929967
0.9884044054250081
0.9885668653088158
0.9887192623395388
0.9888618391951736
0.9889948260728004
0.9891184403934968
0.9892328865655547
0.9893383557961868
0.9894350259436377
0.9895230614027823
0.9896026130183859
0.9896738180208615
0.9897367999791243
0.9897916687691831
0.9898385205520067
0.9898774377600783
0.9899084890905341
0.9899317295013951
0.9899472002103397
0.9899549286954540
0.9899549286954540
0.9899472002103376
0.9899317295013951
0.9899084890905341
0.9898774377600766
0.9898385205520067
0.9897916687691831
0.9897367999791243
0.9896738180208615
0.9896026130183790
0.9895230614027822
0.9894350259436223
0.9893383557961932
0.9892328865655560
0.9891184403934968
0.9889948260728004
0.9888618391951736
0.9887192623395388
0.9885668653088158
0.9884044054250081
0.9882316278929967
0.9880482662459320
0.9878540428870113
0.9876486697456353
0.9874318490667666
0.9872032743593265
0.9869626315300369
0.9867096002368027
0.9864438555011913
0.9861650696258911
0.9858729144751238
0.9855670641816007
0.9852471983660266
0.9849130059621601
0.9845641897717420
0.9842004718912490
0.9838216001978637
0.9834273561178812
0.9830175639672618
0.9825921022353933
0.9821509172964374
0.9816940401998423
0.9812216074408729
0.9807338870056338
0.9802313116359617
0.9797145224250167
0.9791844281050285
0.9786422902624414
0.9780898571484532
0.9775296096481556
0.9773020546967784
0.9778550263790754
0.9784002268986813
0.9789351968177283
0.9794582085444358
0.9799680199246843
0.9804637401123237
0.9809447441310690
0.9814106134529149
0.9818610923458152
0.9822960546167868
0.9827154776296383
0.9831194216354197
0.9835080131118212
0.9838814311977314
0.9842398965652139
0.9845836622352744
0.9849130059621736
0.9852282238946805
0.9855296252836860
0.9858175280551392
0.9860922550970792
0.9863541311450345
0.9866034801648247
0.9868406231544907
0.9870658762976857
0.9872795494139330
0.9874819446593115
0.9876733554399086
0.9878540655040461
0.9880243481877835
0.9881844657882025
0.9883346690477324
0.9884751967300612
0.9886062752741795
0.9887281185153682
0.9888409274607181
0.9889448901114393
0.9890401813247272
0.9891269627056017
0.9892053825267713
0.9892755756693757
0.9893376635795079
0.9893917542399121
0.9894379421505923
0.9894763083175196
0.9895069202469071
0.9895298319425153
0.9895450839063047
0.9895527031383361
0.9895527031383361
0.9895450839063069
0.9895298319425344
0.9895069202469071
0.9894763083175196
0.9894379421505923
0.9893917542399121
0.9893376635795079
0.9892755756693757
0.9892053825267713
0.9891269627055939
0.9890401813247272
0.9889448901114393
0.9888409274607247
0.9887281185153682
0.9886062752741795
0.9884751967300612
0.9883346690477095
0.9881844657882025
0.9880243481877835
0.9878540655040461
0.9876733554399086
0.9874819446593115
0.9872795494139330
0.9870658762976857
0.9868406231544907
0.9866034801648246
0.9863541311450345
0.9860922550970792
0.9858175280551392
0.9855296252836860
0.9852282238946805
0.9849130059621736
0.9845836622352744
0.9842398965652139
0.9838814311977130
0.9835080131118212
0.9831194216354197
0.9827154776296376
0.9822960546167868
0.9818610923458152
0.9814106134529149
0.9809447441310690
0.9804637401123237
0.9799680199246843
0.9794582085444358
0.9789351968177283
0.9784002268986813
0.9778550263790754
0.9773020546967731
0.9770653196539987
0.9776105994270137
0.9781481555871361
0.9786755526897180
0.9791910861255014
0.9796935352060395
0.9801820286710953
0.9806559590095476
0.9811149229070381
0.9815586775548544
0.9819871074347600
0.9824001984364741
0.9827980173313262
0.9831806952814174
0.9835484144603057
0.9839013971144930
0.9842398965652139
0.9845641897717420
0.9848745711590742
0.9851713474793600
0.9854548335222453
0.9857253485272413
0.9859832131788824
0.9862287470861156
0.9864622666696621
0.9866840833884227
0.9868945022538654
0.9870938205854830
0.9872823269708940
0.9874603003982585
0.9876280095357741
0.9877857121339483
0.9879336545333844
0.9880720712620256
0.9882011847051647
0.9883212048410653
0.9884323290279537
0.9885347418357280
0.9886286149152438
0.9887141068971008
0.9887913633162140
0.9888605165559528
0.9889216858087868
0.9889749770499600
0.9890204830196295
0.9890582832135185
0.9890884438779340
0.9891110180080337
0.9891260453488190
0.9891335523955314
0.9891335523955314
0.9891260453488190
0.9891110180080294
0.9890884438779340
0.9890582832135185
0.9890204830196295
0.9889749770499590
0.9889216858087868
0.9888605165559528
0.9887913633162140
0.9887141068971008
0.9886286149152406
0.9885347418357280
0.9884323290279545
0.9883212048410653
0.9882011847051647
0.9880720712620256
0.9879336545333844
0.9877857121339497
0.9876280095357741
0.9874603003982585
0.9872823269708940
0.9870938205854830
0.9868945022538654
0.9866840833884227
0.9864622666696621
0.9862287470861156
0.9859832131788824
0.9857253485272413
0.9854548335222453
0.9851713474793600
0.9848745711590775
0.9845641897717420
0.9842398965652139
0.9839013971145008
0.9835484144603056
0.9831806952814174
0.9827980173313080
0.9824001984364741
0.9819871074347600
0.9815586775548544
0.9811149229070381
0.9806559590095476
0.9801820286710953
0.9796935352060395
0.9791910861255014
0.9786755526897193
0.9781481555871361
0.9776105994270137
0.9770653196539922
0.9768192953821456
0.9773564463324672
0.9778859261803472
0.9784053264012841
0.9789129680074813
0.9794076540450932
0.9798885346919114
0.9803550213225748
0.9808067268361512
0.9812434219611369
0.9816650021263155
0.9820714617305473
0.9824628738135370
0.9828393737868721
0.9832011462858457
0.9835484144603056
0.9838814311977130
0.9842004718912555
0.9845058284565724
0.9847978043631308
0.9850767104953576
0.9853428616989638
0.9855965738919434
0.9858381616462086
0.9860679361610576
0.9862862035651994
0.9864932634949426
0.9866894079040550
0.9868749200694026
0.9870500737628302
0.9872151325624379
0.9873703492824231
0.9875159655037373
0.9876522111883639
0.9877793043668578
0.9878974508844089
0.9880068441989284
0.9881076652208290
0.9882000821881438
0.9882842505707388
0.9883603129986382
0.9884283992094457
0.9884886260107754
0.9885410972553872
0.9885859038250875
0.9886231236220421
0.9886528215636815
0.9886750495821943
0.9886898466250003
0.9886972386556576
0.9886972386556502
0.9886898466250003
0.9886750495821943
0.9886528215636815
0.9886231236220407
0.9885859038251011
0.9885410972553872
0.9884886260107734
0.9884283992094457
0.9883603129986382
0.9882842505707388
0.9882000821881457
0.9881076652208290
0.9880068441989284
0.9878974508844089
0.9877793043668619
0.9876522111883639
0.9875159655037373
0.9873703492824231
0.9872151325624440
0.9870500737628302
0.9868749200694026
0.9866894079040517
0.9864932634949426
0.9862862035651994
0.9860679361610576
0.9858381616462086
0.9855965738919387
0.9853428616989638
0.9850767104953576
0.9847978043631308
0.9845058284565724
0.9842004718912490
0.9838814311977130
0.9835484144603056
0.9832011462858646
0.9828393737868721
0.9824628738135370
0.9820714617305473
0.9816650021263155
0.9812434219611369
0.9808067268361512
0.9803550213225748
0.9798885346919114
0.9794076540450932
0.9789129680074813
0.9784053264012841
0.9778859261803472
0.9773564463324650
0.9768192953821456
0.9765638915116880
0.9770924547882358
0.9776134052082668
0.9781243645503005
0.9786236824538354
0.9791101882304674
0.9795830555006765
0.9800417159970839
0.9804857997990509
0.9809150916861882
0.9813294981604661
0.9817290219398409
0.9821137418947744
0.9824837970627813
0.9828393737868721
0.9831806952814174
0.9835080131118205
0.9838216001978644
0.9841217450403245
0.9844087469375747
0.9846829120112974
0.9849445498923269
0.9851939709535995
0.9854314839959806
0.9856573943095982
0.9858720020514277
0.9860756008858018
0.9862684768474165
0.9864509073915504
0.9866231606017500
0.9867854945321584
0.9869381566622027
0.9870813834467946
0.9872153999486043
0.9873404195370615
0.9874566436463532
0.9875642615812862
0.9876634503631380
0.9877543746105910
0.9878371864466272
0.9879120254302818
0.9879790185050060
0.9880382799633127
0.9880899114218259
0.9881340018063074
0.9881706273421873
0.9881998515504886
0.9882217252461550
0.9882362865388331
0.9882435608340651
0.9882435608340651
0.9882362865388331
0.9882217252461550
0.9881998515504907
0.9881706273421873
0.9881340018063074
0.9880899114218259
0.9880382799633127
0.9879790185050060
0.9879120254302818
0.9878371864466272
0.9877543746105929
0.9876634503631380
0.9875642615812870
0.9874566436463532
0.9873404195370615
0.9872153999486043
0.9870813834467946
0.9869381566622027
0.9867854945321584
0.9866231606017500
0.9864509073915504
0.9862684768474165
0.9860756008857983
0.9858720020514277
0.9856573943095982
0.9854314839959806
0.9851939709535995
0.9849445498923269
0.9846829120112974
0.9844087469375786
0.9841217450403245
0.9838216001978644
0.9835080131118168
0.9831806952814174
0.9828393737868735
0.9824837970627813
0.9821137418947715
0.9817290219398409
0.9813294981604661
0.9809150916861882
0.9804857997990509
0.9800417159970839
0.9795830555006765
0.9791101882304674
0.9786236824538326
0.9781243645503005
0.9776134052082668
0.9770924547882358
0.9765638915116880
0.9762990406627039
0.9768185343218525
0.9773304800616840
0.9778325338978873
0.9783230775309167
0.9788009693536800
0.9792654085777496
0.9797158487810173
0.9801519381050973
0.9805734757352171
0.9809803791679110
0.9813726590219554
0.9817503993261778
0.9821137418947707
0.9824628738135370
0.9827980173313262
0.9831194216354197
0.9834273561178812
0.9837221048330947
0.9840039619158074
0.9842732277773654
0.9845302059394524
0.9847752003913836
0.9850085133798478
0.9852304435590349
0.9854412844406000
0.9856413230954586
0.9858308390669785
0.9860101034623273
0.9861793781945913
0.9863389153514469
0.9864889566730052
0.9866297331193844
0.9867614645164766
0.9868843592667167
0.9869986141147254
0.9871044139596389
0.9872019317062640
0.9872913281477665
0.9873727518763575
0.9874463392150366
0.9875122141676204
0.9875704883826186
0.9876212611289319
0.9876646192793497
0.9877006373018644
0.9877293772536936
0.9877508887798118
0.9877652091131862
0.9877723630748220
0.9877723630748220
0.9877652091131862
0.9877508887798118
0.9877293772536936
0.9877006373018644
0.9876646192793497
0.9876212611289319
0.9875704883826186
0.9875122141676204
0.9874463392150366
0.9873727518763575
0.9872913281477665
0.9872019317062640
0.9871044139596389
0.9869986141147254
0.9868843592667167
0.9867614645164766
0.9866297331193811
0.9864889566730052
0.9863389153514469
0.9861793781945913
0.9860101034623273
0.9858308390669785
0.9856413230954586
0.9854412844406000
0.9852304435590349
0.9850085133798478
0.9847752003913836
0.9845302059394524
0.9842732277773425
0.9840039619158074
0.9837221048330964
0.9834273561178721
0.9831194216354197
0.9827980173313262
0.9824628738135370
0.9821137418947744
0.9817503993261778
0.9813726590219554
0.9809803791679104
0.9805734757352171
0.9801519381050973
0.9797158487810173
0.9792654085777496
0.9788009693536800
0.9783230775309167
0.9778325338978907
0.9773304800616840
0.9768185343218525
0.9762990406627039
0.9760247034074505
0.9765346212197251
0.9770370639379288
0.9775297264198356
0.9780110263578962
0.9784798543445415
0.9789354374451472
0.9793772525286791
0.9798049665176909
0.9802183931183576
0.9806174604617777
0.9810021863538098
0.9813726590219554
0.9817290219398409
0.9820714617305473
0.9824001984364741
0.9827154776296383
0.9830175639672618
0.9833067358998386
0.9835832812998861
0.9838474938373786
0.9840996699625393
0.9843401063873795
0.9845690979796828
0.9847869359970444
0.9849939066075190
0.9851902896484100
0.9853763575856321
0.9855523746428186
0.9857185960733811
0.9858752675530024
0.9860226246765219
0.9861608925398795
0.9862902853965362
0.9864110063775831
0.9865232472622184
0.9866271882948242
0.9867229980385394
0.9868108332596031
0.9868908388379792
0.9869631476998688
0.9870278807662196
0.9870851469159592
0.9871350429607698
0.9871776536270886
0.9872130515458885
0.9872412972458525
0.9872624391505043
0.9872765135777803
0.9872835447384866
0.9872835447384866
0.9872765135777803
0.9872624391505043
0.9872412972458525
0.9872130515458822
0.9871776536270886
0.9871350429607698
0.9870851469159592
0.9870278807662202
0.9869631476998727
0.9868908388379792
0.9868108332596031
0.9867229980385436
0.9866271882948242
0.9865232472622184
0.9864110063775831
0.9862902853965421
0.9861608925398710
0.9860226246765222
0.9858752675530024
0.9857185960733871
0.9855523746428186
0.9853763575856324
0.9851902896484074
0.9849939066075190
0.9847869359970444
0.9845690979796828
0.9843401063873795
0.9840996699625393
0.9838474938373786
0.9835832812998861
0.9833067358998395
0.9830175639672618
0.9827154776296383
0.9824001984364741
0.9820714617305473
0.9817290219398409
0.9813726590219554
0.9810021863538098
0.9806174604617777
0.9802183931183576
0.9798049665176909
0.9793772525286791
0.9789354374451472
0.9784798543445415
0.9780110263578962
0.9775297264198356
0.9770370639379288
0.9765346212197251
0.9760247034074505
0.9757408741411088
0.9762406843671393
0.9767331017344425
0.9772158653709601
0.9776874334662407
0.9781467322340438
0.9785930189133836
0.9790257949713038
0.9794447465591894
0.9798497016714856
0.9802405983364775
0.9806174604617853
0.9809803791679205
0.9813294981604663
0.9816650021263155
0.9819871074347600
0.9822960546167868
0.9825921022353933
0.9828755218554830
0.9831465938914652
0.9834056041632987
0.9836528410283069
0.9838885929831663
0.9841131466573563
0.9843267851276337
0.9845297865029072
0.9847224227354049
0.9849049586208942
0.9850776509607061
0.9852407478589918
0.9853944881357323
0.9855391008371369
0.9856748048296251
0.9858018084640905
0.9859203093004053
0.9860304938825990
0.9861325375566919
0.9862266043246872
0.9863128467293227
0.9863914057627772
0.9864624107975764
0.9865259795336098
0.9865822179590518
0.9866312203225907
0.9866730691137720
0.9867078350500661
0.9867355770690323
0.9867563423234007
0.9867701661785042
0.9867770722118189
0.9867770722118189
0.9867701661785042
0.9867563423234007
0.9867355770690323
0.9867078350500661
0.9866730691137720
0.9866312203225907
0.9865822179590518
0.9865259795336098
0.9864624107975764
0.9863914057627772
0.9863128467293182
0.9862266043246872
0.9861325375566919
0.9860304938825990
0.9859203093004053
0.9858018084640878
0.9856748048296251
0.9855391008371369
0.9853944881357249
0.9852407478589918
0.9850776509607061
0.9849049586208942
0.9847224227354049
0.9845297865029100
0.9843267851276337
0.9841131466573563
0.9838885929831683
0.9836528410282933
0.9834056041632987
0.9831465938914652
0.9828755218554999
0.9825921022353933
0.9822960546167868
0.9819871074347600
0.9816650021263155
0.9813294981604661
0.9809803791679104
0.9806174604617749
0.9802405983364775
0.9798497016714856
0.9794447465591894
0.9790257949713038
0.9785930189133836
0.9781467322340438
0.9776874334662405
0.9772158653709606
0.9767331017344425
0.9762406843671393
0.9757408741411088
0.9754475880871637
0.9759367322358357
0.9764185771413763
0.9768909126495031
0.9773522426033110
0.9778015325325813
0.9782380721183136
0.9786613884461841
0.9790711869168762
0.9794673090925969
0.9798497016714828
0.9802183931183576
0.9805734757352171
0.9809150916861882
0.9812434219611369
0.9815586775548550
0.9818610923458152
0.9821509172964374
0.9824284156916347
0.9826938592062990
0.9829475246384609
0.9831896911834884
0.9834206381526164
0.9836406430562546
0.9838499799921332
0.9840489182877060
0.9842377213560373
0.9844166457316088
0.9845859402587528
0.9847458454092062
0.9848965927097930
0.9850384042636121
0.9851714923508147
0.9852960590978476
0.9854122962031581
0.9855203847139224
0.9856204948422495
0.9857127858182843
0.9857974057714602
0.9858744916377388
0.9859441690862090
0.9860065524630619
0.9860617447495131
0.9861098375304764
0.9861509109719053
0.9861850338053947
0.9862122633176421
0.9862326453428500
0.9862462142596511
0.9862529929879784
0.9862529929879784
0.9862462142596511
0.9862326453428500
0.9862122633176421
0.9861850338053947
0.9861509109719053
0.9861098375304764
0.9860617447495140
0.9860065524630619
0.9859441690862096
0.9858744916377388
0.9857974057714602
0.9857127858182847
0.9856204948422495
0.9855203847139221
0.9854122962031581
0.9852960590978476
0.9851714923508147
0.9850384042636121
0.9848965927097930
0.9847458454092062
0.9845859402587528
0.9844166457316088
0.9842377213560373
0.9840489182877116
0.9838499799921332
0.9836406430562546
0.9834206381526164
0.9831896911834884
0.9829475246384609
0.9826938592062990
0.9824284156916347
0.9821509172964374
0.9818610923458152
0.9815586775548550
0.9812434219611369
0.9809150916861882
0.9805734757352171
0.9802183931183576
0.9798497016714799
0.9794673090925969
0.9790711869168762
0.9786613884461841
0.9782380721183136
0.9778015325325813
0.9773522426033110
0.9768909126495031
0.9764185771413763
0.9759367322358357
0.9754475880871637
0.9751449297485094
0.9756228213365823
0.9760935212842885
0.9765548778721251
0.9770054464675427
0.9774442357878210
0.9778705699810034
0.9782840022599991
0.9786842566566130
0.9790711869168758
0.9794447465591894
0.9798049665176909
0.9801519381050973
0.9804857997990509
0.9808067268361512
0.9811149229070381
0.9814106134529149
0.9816940401998423
0.9819654566642737
0.9822251244335187
0.9824733100660877
0.9827102824992915
0.9829363108707223
0.9831516626840618
0.9833566022595381
0.9835513894252366
0.9837362784096257
0.9839115169048793
0.9840773452758278
0.9842339958913016
0.9843816925617304
0.9845206500656171
0.9846510737539174
0.9847731592192850
0.9848870920211885
0.9849930474599101
0.9850911903898302
0.9851816750680249
0.9852646450315977
0.9853402330000430
0.9854085607970491
0.9854697392900797
0.9855238683439721
0.9855710367844273
0.9856113223727494
0.9856447917859383
0.9856715006032866
0.9856914932967747
0.9857048032249258
0.9857114526284062
0.9857114526284062
0.9857048032249258
0.9856914932967747
0.9856715006032866
0.9856447917859383
0.9856113223727494
0.9855710367844273
0.9855238683439721
0.9854697392900902
0.9854085607970444
0.9853402330000430
0.9852646450315977
0.9851816750680249
0.9850911903898302
0.9849930474599168
0.9848870920211885
0.9847731592192850
0.9846510737539174
0.9845206500656171
0.9843816925617304
0.9842339958913001
0.9840773452758278
0.9839115169048793
0.9837362784096257
0.9835513894252366
0.9833566022595381
0.9831516626840618
0.9829363108707230
0.9827102824992915
0.9824733100660877
0.9822251244335187
0.9819654566642669
0.9816940401998423
0.9814106134529190
0.9811149229070381
0.9808067268361512
0.9804857997990509
0.9801519381050973
0.9798049665176909
0.9794447465591894
0.9790711869168758
0.9786842566566130
0.9782840022599991
0.9778705699810077
0.9774442357878210
0.9770054464675427
0.9765548778721251
0.9760935212842885
0.9756228213365834
0.9751449297485094
0.9748330432339960
0.9752990665891248
0.9757580234325800
0.9762078297776261
0.9766470991111813
0.9770748871692566
0.9774905540229121
0.9778936786784486
0.9782840022600020
0.9786613884461832
0.9790257949713038
0.9793772525286791
0.9797158487810406
0.9800417159970732
0.9803550213225717
0.9806559590095476
0.9809447441310690
0.9812216074408729
0.9814867911339115
0.9817405453216755
0.9819831250856995
0.9822147880011897
0.9824357920482624
0.9826463938456305
0.9828468471526309
0.9830374015977158
0.9832183015986445
0.9833897854453094
0.9835520845211347
0.9837054226424494
0.9838500154993381
0.9839860701842431
0.9841137847939289
0.9842333480953870
0.9843449392476689
0.9844487275694822
0.9845448723472878
0.9846335226769862
0.9847148173357736
0.9847888846774889
0.9848558425481140
0.9849157982202064
0.9849688483397137
0.9850150788852640
0.9850545651378538
0.9850873716563076
0.9851135522606349
0.9851331500192512
0.9851461972399763
0.9851527154645281
0.9851527154645281
0.9851461972399763
0.9851331500192512
0.9851135522606349
0.9850873716563076
0.9850545651378538
0.9850150788852640
0.9849688483397137
0.9849157982202064
0.9848558425481140
0.9847888846774889
0.9847148173357736
0.9846335226769862
0.9845448723472878
0.9844487275694783
0.9843449392476689
0.9842333480953870
0.9841137847939289
0.9839860701842431
0.9838500154993381
0.9837054226424535
0.9835520845211347
0.9833897854453094
0.9832183015986445
0.9830374015977158
0.9828468471526309
0.9826463938456305
0.9824357920482624
0.9822147880011897
0.9819831250856995
0.9817405453216755
0.9814867911338963
0.9812216074408729
0.9809447441310690
0.9806559590095476
0.9803550213225717
0.9800417159970732
0.9797158487810406
0.9793772525286791
0.9790257949713038
0.9786613884461841
0.9782840022599991
0.9778936786784589
0.9774905540229121
0.9770748871692566
0.9766470991111813
0.9762078297776261
0.9757580234325800
0.9752990665891248
0.9748330432339960
0.9745121450982087
0.9749656542805031
0.9754122445559146
0.9758499109222607
0.9762773321713062
0.9766936144039224
0.9770981539700033
0.9774905540229318
0.9778705699810077
0.9782380721183136
0.9785930189133836
0.9789354374451472
0.9792654085777496
0.9795830555006765
0.9798885346919114
0.9801820286710953
0.9804637401123237
0.9807338870056338
0.9809926986441103
0.9812404122714388
0.9814772702639304
0.9817035177506697
0.9819194005965509
0.9821251636871159
0.9823210494683248
0.9825072967016035
0.9826841393999310
0.9828518059216833
0.9830105181972506
0.9831604910685537
0.9833019317296320
0.9834350392494059
0.9835600041686425
0.9836770081592138
0.9837862237377780
0.9838878140251294
0.9839819325462094
0.9840687230636839
0.9841483194406249
0.9842208455282964
0.9842864150745166
0.9843451316499227
0.9843970885890242
0.9844423689427991
0.9844810454424742
0.9845131804714151
0.9845388260425224
0.9845580237834742
0.9845708049236065
0.9845771902871879
0.9845771902871879
0.9845708049236065
0.9845580237834742
0.9845388260425224
0.9845131804714151
0.9844810454424741
0.9844423689427960
0.9843970885890242
0.9843451316499227
0.9842864150745155
0.9842208455282967
0.9841483194406249
0.9840687230636839
0.9839819325462094
0.9838878140251324
0.9837862237377774
0.9836770081592138
0.9835600041686425
0.9834350392494059
0.9833019317296320
0.9831604910685537
0.9830105181972506
0.9828518059216833
0.9826841393999310
0.9825072967016035
0.9823210494683248
0.9821251636871159
0.9819194005965509
0.9817035177506697
0.9814772702639304
0.9812404122714388
0.9809926986441103
0.9807338870056338
0.9804637401123237
0.9801820286710953
0.9798885346919114
0.9795830555006765
0.9792654085777496
0.9789354374451472
0.9785930189133836
0.9782380721183136
0.9778705699810077
0.9774905540229318
0.9770981539700033
0.9766936144039224
0.9762773321713062
0.9758499109222607
0.9754122445559120
0.9749656542805031
0.9745121450982087
0.9741825406566834
0.9746228586498732
0.9750564350034183
0.9754813572735900
0.9758963768516931
0.9763006522093108
0.9766936144039224
0.9770748871692566
0.9774442357878210
0.9778015325325813
0.9781467322340610
0.9784798543445415
0.9788009693536800
0.9791101882304674
0.9794076540450932
0.9796935352060395
0.9799680199246843
0.9802313116359617
0.9804836251748208
0.9807251835621120
0.9809562152872362
0.9811769519989090
0.9813876265397297
0.9815884712654086
0.9817797166063060
0.9819615898357786
0.9821343140136546
0.9822981070796664
0.9824531810780754
0.9825997414921563
0.9827379866760952
0.9828681073693801
0.9829902862836789
0.9831046977516308
0.9832115074290607
0.9833108720444056
0.9834029391869864
0.9834878471310302
0.9835657246874198
0.9836366910829899
0.9837008558587015
0.9837583187883441
0.9838091698116521
0.9838534889799530
0.9838913464138680
0.9839228022686713
0.9839479067090054
0.9839666998875687
0.9839792119310227
0.9839854629295723
0.9839854629295723
0.9839792119310227
0.9839666998875687
0.9839479067090054
0.9839228022686713
0.9838913464138680
0.9838534889799530
0.9838091698116521
0.9837583187883441
0.9837008558587015
0.9836366910829899
0.9835657246874198
0.9834878471310302
0.9834029391869864
0.9833108720444056
0.9832115074290578
0.9831046977516308
0.9829902862836776
0.9828681073693866
0.9827379866760952
0.9825997414921563
0.9824531810780754
0.9822981070796664
0.9821343140136546
0.9819615898357786
0.9817797166063060
0.9815884712654086
0.9813876265397297
0.9811769519989127
0.9809562152872362
0.9807251835621120
0.9804836251748208
0.9802313116359617
0.9799680199246843
0.9796935352060395
0.9794076540450932
0.9791101882304674
0.9788009693536800
0.9784798543445415
0.9781467322340610
0.9778015325325813
0.9774442357878210
0.9770748871692566
0.9766936144039224
0.9763006522093108
0.9758963768516931
0.9754813572735904
0.9750564350034183
0.9746228586498732
0.9741825406566834
0.9738446453332880
0.9742710638383804
0.9746909585409318
0.9751025255569028
0.9755045950082647
0.9758963768516931
0.9762773321713076
0.9766470991111813
0.9770054464675427
0.9773522426033110
0.9776874334662405
0.9780110263578947
0.9783230775309167
0.9786236824538354
0.9789129680074813
0.9791910861255014
0.9794582085444353
0.9797145224250159
0.9799602266698102
0.9801955288078592
0.9804206423439091
0.9806357844954895
0.9808411742544073
0.9810370307224153
0.9812235716804658
0.9814010123564940
0.9815695643652836
0.9817294347943536
0.9818808254174977
0.9820239320181199
0.9821589438073146
0.9822860429258370
0.9824054040157845
0.9825171938560078
0.9826215710509597
0.9827186857656970
0.9828086795024694
0.9828916849113950
0.9829678256314714
0.9830372161577468
0.9830999617306911
0.9831561582445922
0.9832058921721241
0.9832492405024357
0.9832862706920219
0.9833170406240258
0.9833415985773304
0.9833599832014199
0.9833722234985893
0.9833783388108336
0.9833783388108336
0.9833722234985893
0.9833599832014199
0.9833415985773304
0.9833170406240258
0.9832862706920219
0.9832492405024357
0.9832058921721241
0.9831561582445922
0.9830999617306911
0.9830372161577468
0.9829678256314714
0.9828916849113993
0.9828086795024694
0.9827186857656970
0.9826215710509647
0.9825171938560078
0.9824054040157845
0.9822860429258399
0.9821589438073146
0.9820239320181181
0.9818808254174977
0.9817294347943536
0.9815695643652836
0.9814010123564940
0.9812235716804658
0.9810370307224153
0.9808411742544073
0.9806357844954895
0.9804206423439091
0.9801955288078592
0.9799602266698102
0.9797145224250159
0.9794582085444358
0.9791910861255014
0.9789129680074813
0.9786236824538326
0.9783230775309167
0.9780110263578947
0.9776874334662405
0.9773522426033110
0.9770054464675427
0.9766470991111813
0.9762773321713076
0.9758963768516931
0.9755045950082647
0.9751025255569028
0.9746909585409318
0.9742710638383804
0.9738446453332880
0.9734990137398116
0.9739107943716248
0.9743163270596399
0.9747139338559943
0.9751025255569008
0.9754813572735904
0.9758499109222607
0.9762078297776261
0.9765548778721251
0.9768909126495031
0.9772158653709601
0.9775297264198356
0.9778325338978907
0.9781243645503005
0.9784053264012841
0.9786755526897180
0.9789351968177287
0.9791844281050285
0.9794234281933590
0.9796523879875084
0.9798715050374613
0.9800809812935051
0.9802810211735640
0.9804718298974058
0.9806536120481738
0.9808265703290781
0.9809909044887946
0.9811468103913105
0.9812944792124564
0.9814340967457044
0.9815658428028201
0.9816898906965864
0.9818064067970425
0.9819155501485022
0.9820174721428098
0.9821123162384947
0.9822002177230946
0.9822813035090631
0.9823556919622497
0.9824234927572503
0.9824848067549484
0.9825397259006670
0.9825883331398044
0.9826307023473478
0.9826668982709841
0.9826969764842185
0.9827209833496814
0.9827389559894325
0.9827509222636093
0.9827569007540039
0.9827569007540039
0.9827509222636093
0.9827389559894325
0.9827209833496814
0.9826969764842185
0.9826668982709841
0.9826307023473478
0.9825883331398026
0.9825397259006672
0.9824848067549484
0.9824234927572503
0.9823556919622497
0.9822813035090631
0.9822002177230946
0.9821123162384947
0.9820174721428098
0.9819155501485022
0.9818064067970463
0.9816898906965864
0.9815658428028201
0.9814340967457044
0.9812944792124547
0.9811468103913105
0.9809909044887946
0.9808265703290847
0.9806536120481743
0.9804718298974058
0.9802810211735640
0.9800809812935051
0.9798715050374613
0.9796523879875084
0.9794234281933590
0.9791844281050285
0.9789351968177287
0.9786755526897180
0.9784053264012841
0.9781243645503005
0.9778325338978907
0.9775297264198356
0.9772158653709601
0.9768909126495031
0.9765548778721251
0.9762078297776261
0.9758499109222609
0.9754813572735904
0.9751025255569028
0.9747139338559943
0.9743163270596399
0.9739107943716248
0.9734990137398116
0.9731463816557955
0.9735427607929346
0.9739332554309259
0.9743163270596399
0.9746909585409318
0.9750564350034172
0.9754122445559120
0.9757580234325849
0.9760935212842885
0.9764185771413697
0.9767331017344425
0.9770370639379288
0.9773304800616840
0.9776134052082606
0.9778859261803403
0.9781481555871361
0.9784002268986800
0.9786422902624414
0.9788745089425478
0.9790970562746047
0.9793101130503913
0.9795138652644326
0.9797085021687557
0.9798942145885660
0.9800711934643581
0.9802396285861071
0.9803997074961535
0.9805516145366516
0.9806955300224254
0.9808316295248656
0.9809600832498757
0.9810810555008801
0.9811947042132275
0.9813011805529348
0.9814006285710474
0.9814931849057953
0.9815789785278060
0.9816581305224107
0.9817307539022775
0.9817969534506025
0.9818568255858652
0.9819104582499721
0.9819579308130740
0.9819993139945986
0.9820346697980425
0.9820640514578486
0.9820875033961309
0.9821050611886587
0.9821167515389140
0.9821225922594364
0.9821225922594364
0.9821167515389140
0.9821050611886587
0.9820875033961309
0.9820640514578486
0.9820346697980425
0.9819993139945986
0.9819579308130740
0.9819104582499721
0.9818568255858627
0.9817969534506025
0.9817307539022775
0.9816581305224107
0.9815789785278060
0.9814931849057953
0.9814006285710433
0.9813011805529348
0.9811947042132275
0.9810810555008806
0.9809600832498757
0.9808316295248656
0.9806955300224254
0.9805516145366516
0.9803997074961535
0.9802396285861071
0.9800711934643589
0.9798942145885660
0.9797085021687557
0.9795138652644326
0.9793101130503913
0.9790970562746047
0.9788745089425478
0.9786422902624414
0.9784002268986867
0.9781481555871361
0.9778859261803403
0.9776134052082606
0.9773304800616628
0.9770370639379288
0.9767331017344425
0.9764185771413697
0.9760935212842885
0.9757580234325798
0.9754122445559146
0.9750564350034172
0.9746909585409318
0.9743163270596399
0.9739332554309259
0.9735427607929346
0.9731463816557887
0.9727877323608091
0.9731679374369584
0.9735427607929346
0.9739107943716248
0.9742710638383804
0.9746228586498795
0.9749656542805031
0.9752990665891221
0.9756228213365834
0.9759367322358304
0.9762406843671393
0.9765346212197239
0.9768185343218525
0.9770924547882358
0.9773564463324650
0.9776105994270171
0.9778550263790754
0.9780898571484532
0.9783152357755543
0.9785313173164172
0.9787382652030144
0.9789362489619630
0.9791254422397985
0.9793060210886054
0.9794781624779068
0.9796420429992935
0.9797978377396931
0.9799457193001501
0.9800858569426292
0.9802184158463692
0.9803435564622437
0.9804614339508758
0.9805721976951393
0.9806759908782283
0.9807729501170828
0.9808632051466781
0.9809468785477412
0.9810240855122367
0.9810949336419565
0.9811595227768027
0.9812179448482473
0.9812702837545934
0.9813166152559942
0.9813570068863733
0.9813915178796320
0.9814201991094726
0.9814430930400355
0.9814602336867649
0.9814716465864460
0.9814773487754305
0.9814773487754305
0.9814716465864414
0.9814602336867649
0.9814430930400355
0.9814201991094726
0.9813915178796320
0.9813570068863733
0.9813166152559942
0.9812702837545934
0.9812179448482473
0.9811595227768027
0.9810949336419565
0.9810240855122367
0.9809468785477412
0.9808632051466781
0.9807729501170828
0.9806759908782283
0.9805721976951393
0.9804614339508758
0.9803435564622437
0.9802184158463692
0.9800858569426292
0.9799457193001501
0.9797978377396931
0.9796420429992935
0.9794781624779068
0.9793060210886054
0.9791254422397985
0.9789362489619630
0.9787382652030144
0.9785313173164172
0.9783152357755543
0.9780898571484532
0.9778550263790754
0.9776105994270137
0.9773564463324650
0.9770924547882358
0.9768185343218525
0.9765346212197251
0.9762406843671393
0.9759367322358304
0.9756228213365834
0.9752990665891248
0.9749656542805031
0.9746228586498732
0.9742710638383804
0.9739107943716248
0.9735427607929346
0.9731679374369596
0.9727877323608091
0.9724244194328224
0.9727877323608091
0.9731463816557955
0.9734990137398116
0.9738446453332874
0.9741825406566834
0.9745121450982087
0.9748330432340060
0.9751449297484935
0.9754475880871637
0.9757408741411088
0.9760247034074490
0.9762990406627039
0.9765638915116880
0.9768192953821456
0.9770653196539922
0.9773020546967784
0.9775296096481596
0.9777481087988747
0.9779576884859272
0.9781584944106373
0.9783506793170867
0.9785344009772522
0.9787098204387771
0.9788771005002359
0.9790364043808192
0.9791878945600979
0.9793317317656602
0.9794680740893582
0.9795970762158004
0.9797188887491547
0.9798336576270925
0.9799415236086154
0.9800426218299150
0.9801370814176324
0.9802250251532924
0.9803065691825865
0.9803818227642894
0.9804508880540649
0.9805138599175316
0.9805708257708944
0.9806218654448895
0.9806670510686006
0.9807064469719070
0.9807401096035548
0.9807680874635720
0.9807904210470141
0.9808071428007326
0.9808182770884128
0.9808238401662794
0.9808238401662794
0.9808182770884128
0.9808071428007402
0.9807904210470141
0.9807680874635806
0.9807401096035548
0.9807064469719070
0.9806670510686006
0.9806218654448895
0.9805708257708944
0.9805138599175307
0.9804508880540614
0.9803818227642894
0.9803065691825865
0.9802250251532924
0.9801370814176324
0.9800426218299150
0.9799415236086154
0.9798336576270925
0.9797188887491547
0.9795970762157947
0.9794680740893582
0.9793317317656602
0.9791878945600931
0.9790364043808192
0.9788771005002359
0.9787098204387771
0.9785344009772522
0.9783506793170867
0.9781584944106373
0.9779576884859272
0.9777481087988747
0.9775296096481556
0.9773020546967784
0.9770653196539846
0.9768192953821456
0.9765638915116880
0.9762990406627039
0.9760247034074490
0.9757408741411088
0.9754475880871637
0.9751449297485094
0.9748330432340060
0.9745121450982087
0.9741825406566834
0.9738446453332880
0.9734990137398116
0.9731463816557955
0.9727877323608091
0.9724244194328224
