RW,Z
0.0486273427491299,12.3367167993988112
0.0486500911377837
0.0486724208954893
0.0486942204161037
0.0487154132341164
0.0487359459228495
0.0487557815453105
0.0487748955135841
0.0487932727317334
0.0488109055118006
0.0488277919948360
0.0488439349220145
0.0488593406587083
0.0488740184076590
0.0488879795673795
0.0489012372040177
0.0489138056138091
0.0489256999585719
0.0489369359605999
0.0489475296468520
0.0489574971337045
0.0489668544456506
0.0489756173625876
0.0489838012909776
0.0489914211553692
0.0489984913069566
0.0490050254467119
0.0490110365608959
0.0490165368669616
0.0490215377684217
0.0490260498172230
0.0490300826825287
0.0490336451249593
0.0490367449754537
0.0490393891179958
0.0490415834756647
0.0490433329996090
0.0490446416603040
0.0490455124410364
0.0490459473331814
0.0490459473331814
0.0490455124410364
0.0490446416603040
0.0490433329996090
0.0490415834756647
0.0490393891179958
0.0490367449754537
0.0490336451249593
0.0490300826825287
0.0490260498172230
0.0490215377684217
0.0490165368669616
0.0490110365608964
0.0490050254467119
0.0489984913069561
0.0489914211553692
0.0489838012909776
0.0489756173625876
0.0489668544456506
0.0489574971337045
0.0489475296468520
0.0489369359605999
0.0489256999585718
0.0489138056138091
0.0489012372040177
0.0488879795673795
0.0488740184076590
0.0488593406587083
0.0488439349220145
0.0488277919948361
0.0488109055118006
0.0487932727317333
0.0487748955135841
0.0487557815453105
0.0487359459228495
0.0487154132341171
0.0486942204161037
0.0486724208954893
0.0486500911377837
0.0486273427491299
0.0486500911377835
0.0486741280665016
0.0486976779429134
0.0487206248394041
0.0487428940248759
0.0487644352847039
0.0487852152670052
0.0488052129950552
0.0488244168815658
0.0488428225932613
0.0488604314523695
0.0488772492023085
0.0488932850331897
0.0489085507999668
0.0489230603872470
0.0489368291885129
0.0489498736761662
0.0489622110443873
0.0489738589114399
0.0489848350709316
0.0489951572830969
0.0490048431000173
0.0490139097187166
0.0490223738579756
0.0490302516549956
0.0490375585788166
0.0490443093579975
0.0490505179200978
0.0490561973416093
0.0490613598060844
0.0490660165698190
0.0490701779334609
0.0490738532188220
0.0490770507500314
0.0490797778382822
0.0490820407696334
0.0490838447954488
0.0490851941249609
0.0490860919196114
0.0490865402891955
0.0490865402891955
0.0490860919196114
0.0490851941249609
0.0490838447954493
0.0490820407696334
0.0490797778382822
0.0490770507500314
0.0490738532188220
0.0490701779334609
0.0490660165698190
0.0490613598060844
0.0490561973416093
0.0490505179200979
0.0490443093579975
0.0490375585788165
0.0490302516549956
0.0490223738579756
0.0490139097187166
0.0490048431000173
0.0489951572830969
0.0489848350709316
0.0489738589114399
0.0489622110443873
0.0489498736761661
0.0489368291885129
0.0489230603872470
0.0489085507999668
0.0488932850331897
0.0488772492023086
0.0488604314523695
0.0488428225932611
0.0488244168815658
0.0488052129950552
0.0487852152670052
0.0487644352847039
0.0487428940248759
0.0487206248394041
0.0486976779429134
0.0486741280665016
0.0486500911377835
0.0486724208954893
0.0486976779429134
0.0487224004512396
0.0487464607609764
0.0487697808329744
0.0487923107851150
0.0488140191517748
0.0488348875064424
0.0488549070719973
0.0488740763892711
0.0488923996186949
0.0489098852536674
0.0489265451188443
0.0489423935747990
0.0489574468773738
0.0489717226559298
0.0489852394852114
0.0489980165315585
0.0490100732596724
0.0490214291884935
0.0490321036877062
0.0490421158077983
0.0490514841383162
0.0490602266893177
0.0490683607927098
0.0490759030199631
0.0490828691139041
0.0490892739320540
0.0490951313999707
0.0491004544727800
0.0491052551037931
0.0491095442188042
0.0491133316954510
0.0491166263464316
0.0491194359063011
0.0491217670209304
0.0491236252392896
0.0491250150073323
0.0491259396632186
0.0491264014341178
0.0491264014341178
0.0491259396632186
0.0491250150073322
0.0491236252392896
0.0491217670209304
0.0491194359063011
0.0491166263464316
0.0491133316954510
0.0491095442188042
0.0491052551037931
0.0491004544727800
0.0490951313999707
0.0490892739320540
0.0490828691139041
0.0490759030199637
0.0490683607927098
0.0490602266893177
0.0490514841383162
0.0490421158077983
0.0490321036877062
0.0490214291884935
0.0490100732596724
0.0489980165315585
0.0489852394852114
0.0489717226559298
0.0489574468773737
0.0489423935747990
0.0489265451188443
0.0489098852536674
0.0488923996186945
0.0488740763892711
0.0488549070719973
0.0488348875064424
0.0488140191517748
0.0487923107851150
0.0487697808329743
0.0487464607609764
0.0487224004512396
0.0486976779429134
0.0486724208954893
0.0486942204161040
0.0487206248394041
0.0487464607609764
0.0487715878876929
0.0487959220104118
0.0488194110732973
0.0488420236627901
0.0488637426050254
0.0488845610093557
0.0489044796212035
0.0489235049436268
0.0489416478458349
0.0489589224991849
0.0489753455449197
0.0489909354315608
0.0490057118809509
0.0490196954535586
0.0490329071922774
0.0490453683289655
0.0490571000418480
0.0490681232544588
0.0490784584688428
0.0490881256271113
0.0490971439966057
0.0491055320747381
0.0491133075104112
0.0491204870391214
0.0491270864297243
0.0491331204407807
0.0491386027851412
0.0491435461010950
0.0491479619293943
0.0491518606946215
0.0491552516906274
0.0491581430690087
0.0491605418302293
0.0491624538166984
0.0491638837077557
0.0491648350158424
0.0491653100839263
0.0491653100839262
0.0491648350158424
0.0491638837077557
0.0491624538166992
0.0491605418302293
0.0491581430690087
0.0491552516906274
0.0491518606946215
0.0491479619293943
0.0491435461010950
0.0491386027851412
0.0491331204407807
0.0491270864297242
0.0491204870391218
0.0491133075104112
0.0491055320747381
0.0490971439966057
0.0490881256271113
0.0490784584688428
0.0490681232544588
0.0490571000418480
0.0490453683289655
0.0490329071922774
0.0490196954535589
0.0490057118809509
0.0489909354315601
0.0489753455449197
0.0489589224991849
0.0489416478458348
0.0489235049436267
0.0489044796212035
0.0488845610093557
0.0488637426050254
0.0488420236627901
0.0488194110732973
0.0487959220104118
0.0487715878876929
0.0487464607609764
0.0487206248394041
0.0486942204161041
0.0487154132341171
0.0487428940248753
0.0487697808329743
0.0487959220104118
0.0488212263185658
0.0488456380427821
0.0488691243912837
0.0488916682568707
0.0489132637001521
0.0489339129442196
0.0489536242694069
0.0489724104778432
0.0489902877375615
0.0490072746907641
0.0490233917531470
0.0490386605552864
0.0490531034924889
0.0490667433591688
0.0490796030501295
0.0490917053153056
0.0491030725581809
0.0491137266695379
0.0491236888905678
0.0491329797000370
0.0491416187215634
0.0491496246475015
0.0491570151767994
0.0491638069642735
0.0491700155796640
0.0491756554745981
0.0491807399561149
0.0491852811657708
0.0491892900631206
0.0491927764129335
0.0491957487752559
0.0491982144979599
0.0492001797111382
0.0492016493230329
0.0492026270170247
0.0492031152497025
0.0492031152497025
0.0492026270170237
0.0492016493230329
0.0492001797111367
0.0491982144979599
0.0491957487752560
0.0491927764129335
0.0491892900631204
0.0491852811657710
0.0491807399561149
0.0491756554745981
0.0491700155796640
0.0491638069642735
0.0491570151767994
0.0491496246475015
0.0491416187215625
0.0491329797000370
0.0491236888905678
0.0491137266695379
0.0491030725581809
0.0490917053153056
0.0490796030501295
0.0490667433591688
0.0490531034924889
0.0490386605552864
0.0490233917531476
0.0490072746907641
0.0489902877375615
0.0489724104778432
0.0489536242694069
0.0489339129442196
0.0489132637001521
0.0488916682568705
0.0488691243912837
0.0488456380427821
0.0488212263185658
0.0487959220104118
0.0487697808329743
0.0487428940248753
0.0487154132341171
0.0487359459228494
0.0487644352847035
0.0487923107851152
0.0488194110732973
0.0488456380427821
0.0488709316865590
0.0488952569299828
0.0489185958249009
0.0489409425767021
0.0489623002054483
0.0489826782069838
0.0490020908565292
0.0490205559426271
0.0490380938000869
0.0490547265576391
0.0490704775441062
0.0490853708143830
0.0490994307675814
0.0491126818377028
0.0491251482417820
0.0491368537742208
0.0491478216385549
0.0491580743098823
0.0491676334224235
0.0491765196776282
0.0491847527696072
0.0491923513245878
0.0491993328520948
0.0492057137059159
0.0492115090529198
0.0492167328485655
0.0492213978177440
0.0492255154399734
0.0492290959381088
0.0492321482699150
0.0492346801217714
0.0492366979042028
0.0492382067486565
0.0492392105053078
0.0492397117416581
0.0492397117416583
0.0492392105053078
0.0492382067486565
0.0492366979042028
0.0492346801217714
0.0492321482699162
0.0492290959381088
0.0492255154399734
0.0492213978177440
0.0492167328485656
0.0492115090529198
0.0492057137059159
0.0491993328520948
0.0491923513245878
0.0491847527696072
0.0491765196776281
0.0491676334224235
0.0491580743098823
0.0491478216385549
0.0491368537742208
0.0491251482417817
0.0491126818377028
0.0490994307675814
0.0490853708143830
0.0490704775441062
0.0490547265576391
0.0490380938000869
0.0490205559426271
0.0490020908565292
0.0489826782069838
0.0489623002054483
0.0489409425767021
0.0489185958249010
0.0488952569299828
0.0488709316865590
0.0488456380427821
0.0488194110732973
0.0487923107851150
0.0487644352847035
0.0487359459228494
0.0487557815453105
0.0487852152670052
0.0488140191517748
0.0488420236627901
0.0488691243912837
0.0488952569299827
0.0489203834519830
0.0489444845598122
0.0489675539822892
0.0489895949611928
0.0490106177005288
0.0490306375119739
0.0490496734334675
0.0490677471786319
0.0490848823244519
0.0491011036743208
0.0491164367532304
0.0491309074041365
0.0491445414633465
0.0491573644978566
0.0491694015926078
0.0491806771775995
0.0491912148874361
0.0492010374473798
0.0492101665810578
0.0492186229359256
0.0492264260235016
0.0492335941715191
0.0492401444860134
0.0492460928216149
0.0492514537583359
0.0492562405838020
0.0492604652797536
0.0492641385120981
0.0492672696235606
0.0492698666284696
0.0492719362092200
0.0492734837137770
0.0492745131541721
0.0492750272055371
0.0492750272055371
0.0492745131541721
0.0492734837137770
0.0492719362092200
0.0492698666284696
0.0492672696235606
0.0492641385120979
0.0492604652797536
0.0492562405838020
0.0492514537583358
0.0492460928216149
0.0492401444860134
0.0492335941715186
0.0492264260235016
0.0492186229359256
0.0492101665810578
0.0492010374473798
0.0491912148874361
0.0491806771775997
0.0491694015926078
0.0491573644978575
0.0491445414633465
0.0491309074041365
0.0491164367532304
0.0491011036743208
0.0490848823244519
0.0490677471786319
0.0490496734334675
0.0490306375119742
0.0490106177005313
0.0489895949611928
0.0489675539822892
0.0489444845598122
0.0489203834519830
0.0488952569299827
0.0488691243912837
0.0488420236627901
0.0488140191517748
0.0487852152670052
0.0487557815453105
0.0487748955135841
0.0488052129950552
0.0488348875064424
0.0488637426050254
0.0488916682568709
0.0489185958249010
0.0489444845598122
0.0489693132568271
0.0489930747311026
0.0490157719966510
0.0490374155388065
0.0490580213179639
0.0490776092776638
0.0490962022098886
0.0491138248792668
0.0491305033387340
0.0491462643893375
0.0491611351506627
0.0491751427168941
0.0491883138803258
0.0492006749085504
0.0492122513644183
0.0492230679608038
0.0492331484433790
0.0492425154963517
0.0492511906669067
0.0492591943050529
0.0492665455158993
0.0492732621221790
0.0492793606352938
0.0492848562328720
0.0492897627419887
0.0492940926266144
0.0492978569785746
0.0493010655111093
0.0493037265544954
0.0493058470532081
0.0493074325641759
0.0493084872555900
0.0493090139065066
0.0493090139065066
0.0493084872555900
0.0493074325641758
0.0493058470532081
0.0493037265544954
0.0493010655111093
0.0492978569785746
0.0492940926266144
0.0492897627419887
0.0492848562328719
0.0492793606352931
0.0492732621221794
0.0492665455158993
0.0492591943050529
0.0492511906669067
0.0492425154963517
0.0492331484433790
0.0492230679608049
0.0492122513644183
0.0492006749085504
0.0491883138803258
0.0491751427168941
0.0491611351506627
0.0491462643893375
0.0491305033387340
0.0491138248792668
0.0490962022098886
0.0490776092776638
0.0490580213179634
0.0490374155388065
0.0490157719966509
0.0489930747311026
0.0489693132568271
0.0489444845598122
0.0489185958249010
0.0488916682568709
0.0488637426050254
0.0488348875064424
0.0488052129950552
0.0487748955135841
0.0487932727317333
0.0488244168815658
0.0488549070719973
0.0488845610093555
0.0489132637001521
0.0489409425767022
0.0489675539822896
0.0489930747311026
0.0490174964439299
0.0490408215780628
0.0490630605612852
0.0490842296758462
0.0491043494677767
0.0491234435328529
0.0491415375782940
0.0491586586897324
0.0491748347537180
0.0491900939992985
0.0492044646323161
0.0492179745424706
0.0492306510681592
0.0492425208072800
0.0492536094653465
0.0492639417334623
0.0492735411907088
0.0492824302264924
0.0492906299788258
0.0492981602860023
0.0493050396488320
0.0493112852016769
0.0493169126904248
0.0493219364560852
0.0493263694228483
0.0493302230896171
0.0493335075242482
0.0493362313597267
0.0493384017918695
0.0493400245780336
0.0493411040364259
0.0493416430459113
0.0493416430459113
0.0493411040364259
0.0493400245780336
0.0493384017918695
0.0493362313597269
0.0493335075242482
0.0493302230896170
0.0493263694228483
0.0493219364560852
0.0493169126904248
0.0493112852016769
0.0493050396488320
0.0492981602860022
0.0492906299788258
0.0492824302264923
0.0492735411907088
0.0492639417334623
0.0492536094653464
0.0492425208072799
0.0492306510681592
0.0492179745424706
0.0492044646323160
0.0491900939992985
0.0491748347537177
0.0491586586897324
0.0491415375782940
0.0491234435328529
0.0491043494677767
0.0490842296758462
0.0490630605612851
0.0490408215780628
0.0490174964439303
0.0489930747311026
0.0489675539822896
0.0489409425767022
0.0489132637001521
0.0488845610093555
0.0488549070719973
0.0488244168815657
0.0487932727317333
0.0488109055118006
0.0488428225932611
0.0488740763892715
0.0489044796212035
0.0489339129442199
0.0489623002054483
0.0489895949611928
0.0490157719966510
0.0490408215780628
0.0490647453806850
0.0490875535186190
0.0491092623323599
0.0491298927136985
0.0491494688206415
0.0491680170806645
0.0491855654105867
0.0492021426012876
0.0492177778297149
0.0492325002698147
0.0492463387815638
0.0492593216616506
0.0492714764437045
0.0492828297382055
0.0492934071042962
0.0493032329478036
0.0493123304401270
0.0493207214543730
0.0493284265154246
0.0493354647612090
0.0493418539131965
0.0493476102541843
0.0493527486118324
0.0493572823470015
0.0493612233454885
0.0493645820126358
0.0493673672698515
0.0493695865526796
0.0493712458098161
0.0493723495027099
0.0493729006056289
0.0493729006056289
0.0493723495027099
0.0493712458098162
0.0493695865526796
0.0493673672698515
0.0493645820126358
0.0493612233454886
0.0493572823470015
0.0493527486118324
0.0493476102541843
0.0493418539131966
0.0493354647612097
0.0493284265154246
0.0493207214543730
0.0493123304401270
0.0493032329478036
0.0492934071042964
0.0492828297382055
0.0492714764437045
0.0492593216616506
0.0492463387815638
0.0492325002698147
0.0492177778297149
0.0492021426012876
0.0491855654105867
0.0491680170806647
0.0491494688206415
0.0491298927136985
0.0491092623323599
0.0490875535186185
0.0490647453806850
0.0490408215780628
0.0490157719966510
0.0489895949611928
0.0489623002054483
0.0489339129442199
0.0489044796212035
0.0488740763892715
0.0488428225932611
0.0488109055118006
0.0488277919948361
0.0488604314523694
0.0488923996186949
0.0489235049436268
0.0489536242694069
0.0489826782069837
0.0490106177005313
0.0490374155388065
0.0490630605612850
0.0490875535186190
0.0491109040270318
0.0491331282806210
0.0491542473068675
0.0491742856201811
0.0491932701726631
0.0492112295300996
0.0492281932205270
0.0492441912167027
0.0492592535235126
0.0492734098478511
0.0492866893344645
0.0492991203542696
0.0493107303349983
0.0493215456259350
0.0493315913903178
0.0493408915201823
0.0493494685693163
0.0493573437011145
0.0493645366481881
0.0493710656818312
0.0493769475889420
0.0493821976553842
0.0493868296538885
0.0493908558359013
0.0493942869261835
0.0493971321195094
0.0493993990788497
0.0494010939346200
0.0494022212844007
0.0494027841931000
0.0494027841931000
0.0494022212844007
0.0494010939346200
0.0493993990788494
0.0493971321195094
0.0493942869261835
0.0493908558359013
0.0493868296538885
0.0493821976553847
0.0493769475889420
0.0493710656818312
0.0493645366481881
0.0493573437011145
0.0493494685693163
0.0493408915201823
0.0493315913903178
0.0493215456259354
0.0493107303349982
0.0492991203542696
0.0492866893344645
0.0492734098478511
0.0492592535235126
0.0492441912167027
0.0492281932205270
0.0492112295300996
0.0491932701726627
0.0491742856201811
0.0491542473068675
0.0491331282806211
0.0491109040270318
0.0490875535186185
0.0490630605612850
0.0490374155388065
0.0490106177005288
0.0489826782069837
0.0489536242694069
0.0489235049436268
0.0488923996186945
0.0488604314523695
0.0488277919948361
0.0488439349220145
0.0488772492023086
0.0489098852536673
0.0489416478458348
0.0489724104778436
0.0490020908565292
0.0490306375119739
0.0490580213179639
0.0490842296758462
0.0491092623323605
0.0491331282806211
0.0491558434155131
0.0491774287334596
0.0491979089346682
0.0492173113281092
0.0492356649679698
0.0492529999685336
0.0492693469586109
0.0492847366456760
0.0492991994666979
0.0493127653085862
0.0493254632839797
0.0493373215519854
0.0493483671749386
0.0493586260045904
0.0493681225920559
0.0493768801170151
0.0493849203326330
0.0493922635230563
0.0493989284712066
0.0494049324345992
0.0494102911278651
0.0494150187101053
0.0494191277764310
0.0494226293523027
0.0494255328902072
0.0494278462677949
0.0494295757871306
0.0494307261744899
0.0494313005805483
0.0494313005805483
0.0494307261744894
0.0494295757871306
0.0494278462677952
0.0494255328902072
0.0494226293523027
0.0494191277764309
0.0494150187101053
0.0494102911278651
0.0494049324345992
0.0493989284712066
0.0493922635230563
0.0493849203326330
0.0493768801170151
0.0493681225920563
0.0493586260045904
0.0493483671749386
0.0493373215519855
0.0493254632839797
0.0493127653085862
0.0492991994666979
0.0492847366456760
0.0492693469586109
0.0492529999685336
0.0492356649679698
0.0492173113281093
0.0491979089346682
0.0491774287334596
0.0491558434155130
0.0491331282806211
0.0491092623323605
0.0490842296758462
0.0490580213179641
0.0490306375119739
0.0490020908565292
0.0489724104778433
0.0489416478458348
0.0489098852536673
0.0488772492023086
0.0488439349220146
0.0488593406587083
0.0488932850331910
0.0489265451188442
0.0489589224991849
0.0489902877375615
0.0490205559426271
0.0490496734334675
0.0490776092776638
0.0491043494677767
0.0491298927136986
0.0491542473068672
0.0491774287334597
0.0491994578305415
0.0492203593461827
0.0492401608056563
0.0492588916128901
0.0492765823351466
0.0492932641312601
0.0493089682936105
0.0493237258804882
0.0493375674211438
0.0493505226788576
0.0493626204613930
0.0493738884693405
0.0493843531754755
0.0493940397294021
0.0494029718822808
0.0494111719285212
0.0494186606605487
0.0494254573345202
0.0494315796447186
0.0494370437047041
0.0494418640340904
0.0494460535491811
0.0494496235570694
0.0494525837519401
0.0494549422130338
0.0494567054037374
0.0494578781714395
0.0494584637474677
0.0494584637474677
0.0494578781714396
0.0494567054037374
0.0494549422130338
0.0494525837519401
0.0494496235570694
0.0494460535491811
0.0494418640340904
0.0494370437047041
0.0494315796447186
0.0494254573345202
0.0494186606605487
0.0494111719285212
0.0494029718822807
0.0493940397294021
0.0493843531754755
0.0493738884693405
0.0493626204613927
0.0493505226788576
0.0493375674211438
0.0493237258804882
0.0493089682936105
0.0492932641312600
0.0492765823351466
0.0492588916128900
0.0492401608056563
0.0492203593461827
0.0491994578305415
0.0491774287334596
0.0491542473068672
0.0491298927136985
0.0491043494677767
0.0490776092776638
0.0490496734334674
0.0490205559426271
0.0489902877375615
0.0489589224991849
0.0489265451188443
0.0488932850331897
0.0488593406587083
0.0488740184076594
0.0489085507999668
0.0489423935747990
0.0489753455449201
0.0490072746907636
0.0490380938000869
0.0490677471786319
0.0490962022098886
0.0491234435328529
0.0491494688206415
0.0491742856201813
0.0491979089346686
0.0492203593461827
0.0492416615419840
0.0492618431480696
0.0492809338009045
0.0492989644049930
0.0493159665375552
0.0493319719697544
0.0493470122816912
0.0493611185522695
0.0493743211100267
0.0493866493329617
0.0493981314882828
0.0494087946048834
0.0494186643718249
0.0494277650587633
0.0494361194535496
0.0494437488141624
0.0494506728319712
0.0494569096041710
0.0494624756136559
0.0494673857143752
0.0494716531213827
0.0494752894041302
0.0494783044823201
0.0494807066235337
0.0494825024421125
0.0494836968987013
0.0494842933002789
0.0494842933002789
0.0494836968987012
0.0494825024421125
0.0494807066235337
0.0494783044823201
0.0494752894041302
0.0494716531213827
0.0494673857143752
0.0494624756136559
0.0494569096041710
0.0494506728319712
0.0494437488141624
0.0494361194535496
0.0494277650587633
0.0494186643718249
0.0494087946048818
0.0493981314882828
0.0493866493329618
0.0493743211100267
0.0493611185522693
0.0493470122816930
0.0493319719697544
0.0493159665375549
0.0492989644049930
0.0492809338009045
0.0492618431480696
0.0492416615419836
0.0492203593461827
0.0491979089346686
0.0491742856201806
0.0491494688206418
0.0491234435328529
0.0490962022098886
0.0490677471786319
0.0490380938000869
0.0490072746907636
0.0489753455449200
0.0489423935747990
0.0489085507999668
0.0488740184076590
0.0488879795673795
0.0489230603872470
0.0489574468773737
0.0489909354315601
0.0490233917531477
0.0490547265576392
0.0490848823244519
0.0491138248792667
0.0491415375782976
0.0491680170806646
0.0491932701726630
0.0492173113281092
0.0492401608056563
0.0492618431480696
0.0492823859893222
0.0493018191008239
0.0493201736256074
0.0493374814617923
0.0493537747651630
0.0493690855476888
0.0493834453533626
0.0493968849968322
0.0494094343530315
0.0494211221883550
0.0494319760257399
0.0494420220374474
0.0494512849602331
0.0494597880292080
0.0494675529261555
0.0494745997403583
0.0494809469387580
0.0494866113440902
0.0494916081189621
0.0494959507547353
0.0494996510640576
0.0495027191760123
0.0495051635333053
0.0495069908907174
0.0495082063144814
0.0495088131819976
0.0495088131819976
0.0495082063144814
0.0495069908907174
0.0495051635333053
0.0495027191760123
0.0494996510640576
0.0494959507547360
0.0494916081189621
0.0494866113440902
0.0494809469387580
0.0494745997403580
0.0494675529261555
0.0494597880292080
0.0494512849602331
0.0494420220374474
0.0494319760257399
0.0494211221883551
0.0494094343530315
0.0493968849968322
0.0493834453533626
0.0493690855476888
0.0493537747651630
0.0493374814617923
0.0493201736256074
0.0493018191008239
0.0492823859893220
0.0492618431480696
0.0492401608056563
0.0492173113281092
0.0491932701726631
0.0491680170806646
0.0491415375782940
0.0491138248792668
0.0490848823244519
0.0490547265576391
0.0490233917531477
0.0489909354315601
0.0489574468773737
0.0489230603872470
0.0488879795673795
0.0489012372040176
0.0489368291885129
0.0489717226559296
0.0490057118809508
0.0490386605552864
0.0490704775441062
0.0491011036743209
0.0491305033387340
0.0491586586897324
0.0491855654105869
0.0492112295300997
0.0492356649679697
0.0492588916128901
0.0492809338009045
0.0493018191008238
0.0493215773392902
0.0493402398148165
0.0493578386626921
0.0493744063407073
0.0493899752127202
0.0494045772113563
0.0494182435651131
0.0494310045781583
0.0494428894530832
0.0494539261487726
0.0494641412671105
0.0494735599632257
0.0494822058749227
0.0494901010677177
0.0494972659925515
0.0495037194538447
0.0495094785854543
0.0495145588333753
0.0495189739433017
0.0495227359521152
0.0495258551824172
0.0495283402388798
0.0495301980064126
0.0495314336490854
0.0495320506097000
0.0495320506097000
0.0495314336490854
0.0495301980064123
0.0495283402388798
0.0495258551824172
0.0495227359521152
0.0495189739433017
0.0495145588333755
0.0495094785854542
0.0495037194538447
0.0494972659925515
0.0494901010677177
0.0494822058749227
0.0494735599632258
0.0494641412671105
0.0494539261487726
0.0494428894530832
0.0494310045781582
0.0494182435651131
0.0494045772113563
0.0493899752127202
0.0493744063407073
0.0493578386626921
0.0493402398148165
0.0493215773392904
0.0493018191008239
0.0492809338009045
0.0492588916128901
0.0492356649679697
0.0492112295300997
0.0491855654105869
0.0491586586897324
0.0491305033387340
0.0491011036743209
0.0490704775441062
0.0490386605552862
0.0490057118809508
0.0489717226559296
0.0489368291885129
0.0489012372040176
0.0489138056138093
0.0489498736761661
0.0489852394852113
0.0490196954535588
0.0490531034924886
0.0490853708143830
0.0491164367532303
0.0491462643893376
0.0491748347537177
0.0492021426012876
0.0492281932205270
0.0492529999685341
0.0492765823351466
0.0492989644049930
0.0493201736256074
0.0493402398148165
0.0493591943578933
0.0493770695561495
0.0493938980979603
0.0494097126287339
0.0494245454014523
0.0494384279932141
0.0494513910755965
0.0494634642292974
0.0494746757950328
0.0494850527542788
0.0494946206343547
0.0495034034336437
0.0495114235629716
0.0495187018003724
0.0495252572564589
0.0495311073485307
0.0495362677814480
0.0495407525337839
0.0495445738482946
0.0495477422253892
0.0495502664189633
0.0495521534338585
0.0495534085244604
0.0495540351939463
0.0495540351939463
0.0495534085244604
0.0495521534338585
0.0495502664189634
0.0495477422253892
0.0495445738482946
0.0495407525337839
0.0495362677814480
0.0495311073485307
0.0495252572564586
0.0495187018003724
0.0495114235629711
0.0495034034336437
0.0494946206343547
0.0494850527542787
0.0494746757950328
0.0494634642292974
0.0494513910755965
0.0494384279932141
0.0494245454014523
0.0494097126287339
0.0493938980979600
0.0493770695561495
0.0493591943578933
0.0493402398148165
0.0493201736256074
0.0492989644049930
0.0492765823351466
0.0492529999685341
0.0492281932205271
0.0492021426012876
0.0491748347537177
0.0491462643893376
0.0491164367532301
0.0490853708143819
0.0490531034924886
0.0490196954535588
0.0489852394852113
0.0489498736761661
0.0489138056138093
0.0489256999585719
0.0489622110443873
0.0489980165315584
0.0490329071922774
0.0490667433591691
0.0490994307675815
0.0491309074041359
0.0491611351506627
0.0491900939992982
0.0492177778297150
0.0492441912167027
0.0492693469586108
0.0492932641312601
0.0493159665375549
0.0493374814617922
0.0493578386626921
0.0493770695561495
0.0493952065500658
0.0494122825022987
0.0494283302785161
0.0494433823919085
0.0494574707097849
0.0494706262152464
0.0494828788140898
0.0494942571790595
0.0495047886247010
0.0495144990074727
0.0495234126466813
0.0495315522622105
0.0495389389261391
0.0495455920256631
0.0495515292349014
0.0495567664939427
0.0495613179936482
0.0495651961647537
0.0495684116704163
0.0495709734012787
0.0495728884722613
0.0495741622206710
0.0495747982051566
0.0495747982051566
0.0495741622206710
0.0495728884722613
0.0495709734012787
0.0495684116704163
0.0495651961647537
0.0495613179936481
0.0495567664939427
0.0495515292349014
0.0495455920256631
0.0495389389261394
0.0495315522622106
0.0495234126466813
0.0495144990074727
0.0495047886247010
0.0494942571790595
0.0494828788140898
0.0494706262152464
0.0494574707097849
0.0494433823919083
0.0494283302785161
0.0494122825022987
0.0493952065500658
0.0493770695561494
0.0493578386626921
0.0493374814617922
0.0493159665375549
0.0492932641312601
0.0492693469586108
0.0492441912167027
0.0492177778297150
0.0491900939992982
0.0491611351506627
0.0491309074041359
0.0490994307675815
0.0490667433591691
0.0490329071922774
0.0489980165315584
0.0489622110443873
0.0489256999585718
0.0489369359605999
0.0489738589114399
0.0490100732596724
0.0490453683289656
0.0490796030501295
0.0491126818377028
0.0491445414633465
0.0491751427168943
0.0492044646323159
0.0492325002698149
0.0492592535235125
0.0492847366456760
0.0493089682936105
0.0493319719697544
0.0493537747651623
0.0493744063407052
0.0493938980979602
0.0494122825022990
0.0494295925293828
0.0494458612125254
0.0494611212724841
0.0494754048151296
0.0494887430850065
0.0495011662651680
0.0495127033148306
0.0495233818389081
0.0495332279831211
0.0495422663507119
0.0495505199366066
0.0495580100759738
0.0495647564043910
0.0495707768275162
0.0495760874982310
0.0495807027999232
0.0495846353341992
0.0495878959124845
0.0495904935501133
0.0495924354625491
0.0495937270629525
0.0495943719607193
0.0495943719607193
0.0495937270629525
0.0495924354625491
0.0495904935501133
0.0495878959124849
0.0495846353341992
0.0495807027999232
0.0495760874982310
0.0495707768275162
0.0495647564043910
0.0495580100759738
0.0495505199366066
0.0495422663507119
0.0495332279831211
0.0495233818389081
0.0495127033148306
0.0495011662651680
0.0494887430850065
0.0494754048151296
0.0494611212724841
0.0494458612125254
0.0494295925293828
0.0494122825022990
0.0493938980979603
0.0493744063407072
0.0493537747651621
0.0493319719697544
0.0493089682936105
0.0492847366456760
0.0492592535235125
0.0492325002698149
0.0492044646323159
0.0491751427168941
0.0491445414633465
0.0491126818377028
0.0490796030501295
0.0490453683289656
0.0490100732596724
0.0489738589114399
0.0489369359605999
0.0489475296468516
0.0489848350709316
0.0490214291884934
0.0490571000418479
0.0490917053153055
0.0491251482417820
0.0491573644978566
0.0491883138803259
0.0492179745424714
0.0492463387815638
0.0492734098478511
0.0492991994666983
0.0493237258804882
0.0493470122816912
0.0493690855476888
0.0493899752127204
0.0494097126287339
0.0494283302785161
0.0494458612125254
0.0494623385868496
0.0494777952843218
0.0494922636040638
0.0495057750077139
0.0495183599124828
0.0495300475230987
0.0495408656957872
0.0495508408288576
0.0495599977754170
0.0495683597738157
0.0495759483932336
0.0495827834913007
0.0495888831813787
0.0495942638079107
0.0495989399279937
0.0496029242979041
0.0496062278634146
0.0496088597531916
0.0496108272740331
0.0496121359081514
0.0496127893111942
0.0496127893111942
0.0496121359081514
0.0496108272740331
0.0496088597531916
0.0496062278634144
0.0496029242979041
0.0495989399279938
0.0495942638079107
0.0495888831813787
0.0495827834913007
0.0495759483932336
0.0495683597738157
0.0495599977754170
0.0495508408288575
0.0495408656957872
0.0495300475230989
0.0495183599124828
0.0495057750077139
0.0494922636040638
0.0494777952843218
0.0494623385868496
0.0494458612125254
0.0494283302785161
0.0494097126287339
0.0493899752127204
0.0493690855476888
0.0493470122816913
0.0493237258804882
0.0492991994666983
0.0492734098478511
0.0492463387815638
0.0492179745424714
0.0491883138803259
0.0491573644978566
0.0491251482417820
0.0490917053153055
0.0490571000418480
0.0490214291884934
0.0489848350709316
0.0489475296468516
0.0489574971337045
0.0489951572830969
0.0490321036877060
0.0490681232544588
0.0491030725581809
0.0491368537742209
0.0491694015926094
0.0492006749085506
0.0492306510681592
0.0492593216616506
0.0492866893344645
0.0493127653085862
0.0493375674211439
0.0493611185522695
0.0493834453533629
0.0494045772113563
0.0494245454014523
0.0494433823919085
0.0494611212724830
0.0494777952843218
0.0494934374333586
0.0495080801725924
0.0495217551416841
0.0495344929539092
0.0495463230225282
0.0495572734198473
0.0495673707634459
0.0495766401248542
0.0495851049567560
0.0495927870354951
0.0495997064160832
0.0496058813973552
0.0496113284953193
0.0496160624231700
0.0496200960764310
0.0496234405221731
0.0496261049914098
0.0496280968737522
0.0496294217139039
0.0496300832094348
0.0496300832094349
0.0496294217139044
0.0496280968737522
0.0496261049914098
0.0496234405221731
0.0496200960764310
0.0496160624231700
0.0496113284953193
0.0496058813973552
0.0495997064160833
0.0495927870354951
0.0495851049567560
0.0495766401248543
0.0495673707634468
0.0495572734198473
0.0495463230225282
0.0495344929539093
0.0495217551416849
0.0495080801725924
0.0494934374333579
0.0494777952843218
0.0494611212724830
0.0494433823919085
0.0494245454014523
0.0494045772113562
0.0493834453533626
0.0493611185522693
0.0493375674211438
0.0493127653085862
0.0492866893344645
0.0492593216616506
0.0492306510681591
0.0492006749085504
0.0491694015926094
0.0491368537742209
0.0491030725581809
0.0490681232544588
0.0490321036877060
0.0489951572830969
0.0489574971337045
0.0489668544456506
0.0490048431000173
0.0490421158077983
0.0490784584688430
0.0491137266695377
0.0491478216385547
0.0491806771775995
0.0492122513644183
0.0492425208072799
0.0492714764437049
0.0492991203542696
0.0493254632839796
0.0493505226788572
0.0493743211100263
0.0493968849968364
0.0494182435651131
0.0494384279932140
0.0494574707097849
0.0494754048151297
0.0494922636040638
0.0495080801725924
0.0495228870937157
0.0495367161511159
0.0495495981204323
0.0495615625906431
0.0495726378184759
0.0495828506105926
0.0495922262284506
0.0496007883123610
0.0496085588210626
0.0496155579842257
0.0496218042654009
0.0496273143336198
0.0496321030416254
0.0496361834098016
0.0496395666141356
0.0496422619778019
0.0496442769649706
0.0496456171767870
0.0496462863486604
0.0496462863486604
0.0496456171767870
0.0496442769649706
0.0496422619778019
0.0496395666141356
0.0496361834098016
0.0496321030416254
0.0496273143336198
0.0496218042654009
0.0496155579842257
0.0496085588210626
0.0496007883123610
0.0495922262284506
0.0495828506105926
0.0495726378184759
0.0495615625906431
0.0495495981204323
0.0495367161511159
0.0495228870937153
0.0495080801725923
0.0494922636040638
0.0494754048151297
0.0494574707097849
0.0494384279932140
0.0494182435651134
0.0493968849968364
0.0493743211100267
0.0493505226788572
0.0493254632839796
0.0492991203542696
0.0492714764437049
0.0492425208072799
0.0492122513644183
0.0491806771775997
0.0491478216385549
0.0491137266695377
0.0490784584688428
0.0490421158077983
0.0490048431000173
0.0489668544456506
0.0489756173625880
0.0490139097187163
0.0490514841383160
0.0490881256271112
0.0491236888905677
0.0491580743098823
0.0491912148874361
0.0492230679608049
0.0492536094653464
0.0492828297382055
0.0493107303349982
0.0493373215519854
0.0493626204613927
0.0493866493329617
0.0494094343530315
0.0494310045781582
0.0494513910755966
0.0494706262152464
0.0494887430850065
0.0495057750077139
0.0495217551416849
0.0495367161511158
0.0495506899342406
0.0495637073996499
0.0495757982830415
0.0495869909974179
0.0495973125113655
0.0496067882505265
0.0496154420185572
0.0496232959339064
0.0496303703800391
0.0496366839661533
0.0496422534970120
0.0496470939496130
0.0496512184556801
0.0496546382887066
0.0496573628543773
0.0496593996837564
0.0496607544286852
0.0496614308585717
0.0496614308585720
0.0496607544286855
0.0496593996837559
0.0496573628543773
0.0496546382887066
0.0496512184556800
0.0496470939496130
0.0496422534970119
0.0496366839661532
0.0496303703800391
0.0496232959339063
0.0496154420185572
0.0496067882505265
0.0495973125113655
0.0495869909974179
0.0495757982830416
0.0495637073996499
0.0495506899342406
0.0495367161511158
0.0495217551416849
0.0495057750077134
0.0494887430850065
0.0494706262152461
0.0494513910755966
0.0494310045781582
0.0494094343530315
0.0493866493329583
0.0493626204613930
0.0493373215519855
0.0493107303349982
0.0492828297382055
0.0492536094653464
0.0492230679608049
0.0491912148874403
0.0491580743098823
0.0491236888905678
0.0490881256271113
0.0490514841383162
0.0490139097187163
0.0489756173625879
0.0489838012909776
0.0490223738579765
0.0490602266893177
0.0490971439966059
0.0491329797000360
0.0491676334224234
0.0492010374473800
0.0492331484433791
0.0492639417334623
0.0492934071042961
0.0493215456259350
0.0493483671749386
0.0493738884693404
0.0493981314882828
0.0494211221883550
0.0494428894530832
0.0494634642292978
0.0494828788140890
0.0495011662651680
0.0495183599124840
0.0495344929539093
0.0495495981204323
0.0495637073996499
0.0495768518076137
0.0495890612013057
0.0496003641250981
0.0496107876853266
0.0496203574486714
0.0496290973602019
0.0496370296775568
0.0496441749188421
0.0496505518214661
0.0496561773099872
0.0496610664714910
0.0496652325366985
0.0496686868657898
0.0496714389380983
0.0496734963444348
0.0496748647819366
0.0496755480504619
0.0496755480504619
0.0496748647819370
0.0496734963444348
0.0496714389380983
0.0496686868657880
0.0496652325366987
0.0496610664714910
0.0496561773099872
0.0496505518214661
0.0496441749188409
0.0496370296775568
0.0496290973602019
0.0496203574486714
0.0496107876853266
0.0496003641250981
0.0495890612013057
0.0495768518076137
0.0495637073996499
0.0495495981204323
0.0495344929539093
0.0495183599124840
0.0495011662651681
0.0494828788140890
0.0494634642292978
0.0494428894530832
0.0494211221883550
0.0493981314882830
0.0493738884693404
0.0493483671749386
0.0493215456259350
0.0492934071042961
0.0492639417334623
0.0492331484433791
0.0492010374473800
0.0491676334224234
0.0491329797000360
0.0490971439966059
0.0490602266893177
0.0490223738579764
0.0489838012909776
0.0489914211553693
0.0490302516549956
0.0490683607927098
0.0491055320747381
0.0491416187215635
0.0491765196776281
0.0492101665810578
0.0492425154963517
0.0492735411907088
0.0493032329478036
0.0493315913903178
0.0493586260045905
0.0493843531754755
0.0494087946048834
0.0494319760257398
0.0494539261487726
0.0494746757950327
0.0494942571790595
0.0495127033148306
0.0495300475230986
0.0495463230225283
0.0495615625906431
0.0495757982830416
0.0495890612013056
0.0496013813016933
0.0496127872379422
0.0496233062328362
0.0496329639734302
0.0496417845265188
0.0496497902703737
0.0496570018404437
0.0496634380863255
0.0496691160379391
0.0496740508794199
0.0496782559289725
0.0496817426236631
0.0496845205081707
0.0496865972264360
0.0496879785159544
0.0496886682036780
0.0496886682036780
0.0496879785159544
0.0496865972264360
0.0496845205081701
0.0496817426236633
0.0496782559289724
0.0496740508794199
0.0496691160379391
0.0496634380863252
0.0496570018404428
0.0496497902703739
0.0496417845265188
0.0496329639734302
0.0496233062328364
0.0496127872379422
0.0496013813016933
0.0495890612013056
0.0495757982830415
0.0495615625906431
0.0495463230225283
0.0495300475230987
0.0495127033148306
0.0494942571790595
0.0494746757950328
0.0494539261487726
0.0494319760257398
0.0494087946048818
0.0493843531754754
0.0493586260045905
0.0493315913903178
0.0493032329478036
0.0492735411907088
0.0492425154963517
0.0492101665810578
0.0491765196776281
0.0491416187215635
0.0491055320747381
0.0490683607927098
0.0490302516549956
0.0489914211553693
0.0489984913069562
0.0490375585788165
0.0490759030199631
0.0491133075104114
0.0491496246475015
0.0491847527696073
0.0492186229359256
0.0492511906669067
0.0492824302264924
0.0493123304401269
0.0493408915201822
0.0493681225920563
0.0493940397294021
0.0494186643718249
0.0494420220374473
0.0494641412671105
0.0494850527542788
0.0495047886247010
0.0495233818389081
0.0495408656957872
0.0495572734198475
0.0495726378184759
0.0495869909974183
0.0496003641250981
0.0496127872379422
0.0496242890801026
0.0496348969719333
0.0496446367026397
0.0496535324431314
0.0496616066756757
0.0496688801374451
0.0496753717757689
0.0496810987127416
0.0496860762176446
0.0496903176856908
0.0496938346217374
0.0496966366282297
0.0496987313961538
0.0497001246986943
0.0497008203868960
0.0497008203868960
0.0497001246986943
0.0496987313961538
0.0496966366282297
0.0496938346217374
0.0496903176856909
0.0496860762176446
0.0496810987127415
0.0496753717757689
0.0496688801374450
0.0496616066756755
0.0496535324431314
0.0496446367026397
0.0496348969719333
0.0496242890801019
0.0496127872379422
0.0496003641250982
0.0495869909974179
0.0495726378184759
0.0495572734198473
0.0495408656957873
0.0495233818389081
0.0495047886247010
0.0494850527542788
0.0494641412671105
0.0494420220374468
0.0494186643718249
0.0493940397294021
0.0493681225920563
0.0493408915201822
0.0493123304401270
0.0492824302264924
0.0492511906669067
0.0492186229359256
0.0491847527696073
0.0491496246475014
0.0491133075104112
0.0490759030199631
0.0490375585788165
0.0489984913069561
0.0490050254467119
0.0490443093579975
0.0490828691139041
0.0491204870391218
0.0491570151767995
0.0491923513245878
0.0492264260235017
0.0492591943050529
0.0492906299788258
0.0493207214543730
0.0493494685693164
0.0493768801170150
0.0494029718822807
0.0494277650587633
0.0494512849602331
0.0494735599632257
0.0494946206343547
0.0495144990074727
0.0495332279831211
0.0495508408288575
0.0495673707634459
0.0495828506105926
0.0495973125113655
0.0496107876853265
0.0496233062328365
0.0496348969719333
0.0496455873041611
0.0496554031048143
0.0496643686333389
0.0496725064611149
0.0496798374130643
0.0496863805212168
0.0496921529878751
0.0496971701566688
0.0497014454902458
0.0497049905530238
0.0497078149982224
0.0497099265582533
0.0497113310378431
0.0497120323092163
0.0497120323092163
0.0497113310378432
0.0497099265582533
0.0497078149982224
0.0497049905530242
0.0497014454902458
0.0496971701566688
0.0496921529878751
0.0496863805212168
0.0496798374130643
0.0496725064611149
0.0496643686333389
0.0496554031048143
0.0496455873041611
0.0496348969719333
0.0496233062328365
0.0496107876853265
0.0495973125113655
0.0495828506105926
0.0495673707634459
0.0495508408288575
0.0495332279831211
0.0495144990074727
0.0494946206343547
0.0494735599632257
0.0494512849602331
0.0494277650587633
0.0494029718822809
0.0493768801170150
0.0493494685693163
0.0493207214543730
0.0492906299788258
0.0492591943050529
0.0492264260235017
0.0491923513245876
0.0491570151767995
0.0491204870391218
0.0490828691139041
0.0490443093579975
0.0490050254467118
0.0490110365608964
0.0490505179200979
0.0490892739320540
0.0491270864297243
0.0491638069642735
0.0491993328520949
0.0492335941715191
0.0492665455158993
0.0492981602860022
0.0493284265154248
0.0493573437011145
0.0493849203326330
0.0494111719285212
0.0494361194535496
0.0494597880292079
0.0494822058749227
0.0495034034336437
0.0495234126466813
0.0495422663507120
0.0495599977754190
0.0495766401248543
0.0495922262284506
0.0496067882505251
0.0496203574486712
0.0496329639734303
0.0496446367026397
0.0496554031048143
0.0496652891271525
0.0496743191040981
0.0496825156828981
0.0496898997637209
0.0496964904516411
0.0497023050183383
0.0497073588721275
0.0497116655344020
0.0497152366215581
0.0497180818312710
0.0497202089323181
0.0497216237570089
0.0497223301962447
0.0497223301962447
0.0497216237570088
0.0497202089323184
0.0497180818312710
0.0497152366215581
0.0497116655344020
0.0497073588721281
0.0497023050183383
0.0496964904516411
0.0496898997637209
0.0496825156828981
0.0496743191040981
0.0496652891271525
0.0496554031048143
0.0496446367026393
0.0496329639734303
0.0496203574486712
0.0496067882505251
0.0495922262284506
0.0495766401248542
0.0495599977754170
0.0495422663507119
0.0495234126466811
0.0495034034336437
0.0494822058749227
0.0494597880292079
0.0494361194535493
0.0494111719285212
0.0493849203326330
0.0493573437011145
0.0493284265154248
0.0492981602860022
0.0492665455158988
0.0492335941715191
0.0491993328520949
0.0491638069642735
0.0491270864297243
0.0490892739320540
0.0490505179200979
0.0490110365608964
0.0490165368669616
0.0490561973416095
0.0490951313999710
0.0491331204407807
0.0491700155796640
0.0492057137059159
0.0492401444860135
0.0492732621221790
0.0493050396488316
0.0493354647612090
0.0493645366481881
0.0493922635230563
0.0494186606605487
0.0494437488141620
0.0494675529261555
0.0494901010677177
0.0495114235629716
0.0495315522622105
0.0495505199366066
0.0495683597738156
0.0495851049567559
0.0496007883123611
0.0496154420185572
0.0496290973602019
0.0496417845265185
0.0496535324431314
0.0496643686333390
0.0496743191040981
0.0496834082527141
0.0496916587907423
0.0496990916825373
0.0497057260957244
0.0497115793618409
0.0497166669449843
0.0497210024175109
0.0497245974409945
0.0497274617518110
0.0497296031503598
0.0497310274931564
0.0497317386873540
0.0497317386873540
0.0497310274931564
0.0497296031503599
0.0497274617518109
0.0497245974409945
0.0497210024175109
0.0497166669449843
0.0497115793618409
0.0497057260957244
0.0496990916825373
0.0496916587907423
0.0496834082527141
0.0496743191040981
0.0496643686333390
0.0496535324431314
0.0496417845265185
0.0496290973602019
0.0496154420185572
0.0496007883123611
0.0495851049567560
0.0495683597738156
0.0495505199366059
0.0495315522622105
0.0495114235629716
0.0494901010677177
0.0494675529261555
0.0494437488141620
0.0494186606605487
0.0493922635230562
0.0493645366481881
0.0493354647612090
0.0493050396488316
0.0492732621221790
0.0492401444860135
0.0492057137059159
0.0491700155796640
0.0491331204407807
0.0490951313999710
0.0490561973416095
0.0490165368669616
0.0490215377684217
0.0490613598060844
0.0491004544727800
0.0491386027851412
0.0491756554745981
0.0492115090529195
0.0492460928216152
0.0492793606352931
0.0493112852016768
0.0493418539131965
0.0493710656818312
0.0493989284712066
0.0494254573345202
0.0494506728319707
0.0494745997403580
0.0494972659925515
0.0495187018003725
0.0495389389261394
0.0495580100759737
0.0495759483932336
0.0495927870354951
0.0496085588210626
0.0496232959339064
0.0496370296775568
0.0496497902703737
0.0496616066756757
0.0496725064611149
0.0496825156828984
0.0496916587907423
0.0496999585503475
0.0497074359803997
0.0497141103019013
0.0497199988975317
0.0497251172794145
0.0497294790637553
0.0497330959511541
0.0497359777115213
0.0497381321726631
0.0497395652120433
0.0497402807509737
0.0497402807509737
0.0497395652120433
0.0497381321726631
0.0497359777115217
0.0497330959511541
0.0497294790637553
0.0497251172794145
0.0497199988975316
0.0497141103019018
0.0497074359803997
0.0496999585503475
0.0496916587907423
0.0496825156828984
0.0496725064611143
0.0496616066756757
0.0496497902703737
0.0496370296775568
0.0496232959339064
0.0496085588210626
0.0495927870354951
0.0495759483932336
0.0495580100759738
0.0495389389261394
0.0495187018003724
0.0494972659925515
0.0494745997403583
0.0494506728319712
0.0494254573345200
0.0493989284712066
0.0493710656818312
0.0493418539131965
0.0493112852016768
0.0492793606352931
0.0492460928216152
0.0492115090529195
0.0491756554745981
0.0491386027851412
0.0491004544727800
0.0490613598060844
0.0490215377684215
0.0490260498172230
0.0490660165698187
0.0491052551037946
0.0491435461010953
0.0491807399561149
0.0492167328485654
0.0492514537583359
0.0492848562328719
0.0493169126904248
0.0493476102541843
0.0493769475889420
0.0494049324345992
0.0494315796447186
0.0494569096041710
0.0494809469387579
0.0495037194538447
0.0495252572564582
0.0495455920256635
0.0495647564043910
0.0495827834913007
0.0495997064160836
0.0496155579842257
0.0496303703800390
0.0496441749188421
0.0496570018404436
0.0496688801374450
0.0496798374130637
0.0496898997637206
0.0496990916825373
0.0497074359803997
0.0497149537217840
0.0497216641728376
0.0497275847597447
0.0497327310355982
0.0497371166541771
0.0497407533495614
0.0497436509204539
0.0497458172183336
0.0497472581386687
0.0497479776149952
0.0497479776149952
0.0497472581386687
0.0497458172183336
0.0497436509204539
0.0497407533495614
0.0497371166541764
0.0497327310355983
0.0497275847597447
0.0497216641728376
0.0497149537217840
0.0497074359803997
0.0496990916825373
0.0496898997637206
0.0496798374130637
0.0496688801374451
0.0496570018404436
0.0496441749188421
0.0496303703800390
0.0496155579842257
0.0495997064160836
0.0495827834913007
0.0495647564043910
0.0495455920256631
0.0495252572564582
0.0495037194538446
0.0494809469387579
0.0494569096041710
0.0494315796447185
0.0494049324345992
0.0493769475889420
0.0493476102541843
0.0493169126904248
0.0492848562328719
0.0492514537583359
0.0492167328485654
0.0491807399561149
0.0491435461010953
0.0491052551037946
0.0490660165698187
0.0490260498172230
0.0490300826825287
0.0490701779334611
0.0491095442188043
0.0491479619293943
0.0491852811657710
0.0492213978177440
0.0492562405838020
0.0492897627419887
0.0493219364560852
0.0493527486118324
0.0493821976553847
0.0494102911278653
0.0494370437047041
0.0494624756136558
0.0494866113440902
0.0495094785854543
0.0495311073485304
0.0495515292349014
0.0495707768275162
0.0495888831813788
0.0496058813973552
0.0496218042654007
0.0496366839661533
0.0496505518214665
0.0496634380863252
0.0496753717757689
0.0496863805212166
0.0496964904516413
0.0497057260957244
0.0497141103019017
0.0497216641728379
0.0497284070126035
0.0497343562841372
0.0497395275751950
0.0497439345714801
0.0497475890356084
0.0497505007908374
0.0497526777088330
0.0497541257005402
0.0497548487099065
0.0497548487099065
0.0497541257005402
0.0497526777088334
0.0497505007908372
0.0497475890356086
0.0497439345714801
0.0497395275751950
0.0497343562841373
0.0497284070126035
0.0497216641728379
0.0497141103019017
0.0497057260957249
0.0496964904516413
0.0496863805212169
0.0496753717757689
0.0496634380863252
0.0496505518214661
0.0496366839661533
0.0496218042654007
0.0496058813973554
0.0495888831813788
0.0495707768275162
0.0495515292349014
0.0495311073485304
0.0495094785854543
0.0494866113440902
0.0494624756136558
0.0494370437047041
0.0494102911278653
0.0493821976553847
0.0493527486118324
0.0493219364560852
0.0492897627419887
0.0492562405838020
0.0492213978177440
0.0491852811657710
0.0491479619293938
0.0491095442188043
0.0490701779334611
0.0490300826825287
0.0490336451249594
0.0490738532188203
0.0491133316954510
0.0491518606946214
0.0491892900631206
0.0492255154399734
0.0492604652797536
0.0492940926266144
0.0493263694228483
0.0493572823470013
0.0493868296538885
0.0494150187101054
0.0494418640340904
0.0494673857143752
0.0494916081189620
0.0495145588333755
0.0495362677814480
0.0495567664939427
0.0495760874982312
0.0495942638079107
0.0496113284953191
0.0496273143336198
0.0496422534970120
0.0496561773099872
0.0496691160379391
0.0496810987127415
0.0496921529878751
0.0497023050183383
0.0497115793618409
0.0497199988975317
0.0497275847597447
0.0497343562841373
0.0497403309643379
0.0497455244172227
0.0497499503553430
0.0497536205653946
0.0497565448914048
0.0497587312220978
0.0497601854815623
0.0497609116225736
0.0497609116225735
0.0497601854815623
0.0497587312220978
0.0497565448914048
0.0497536205653946
0.0497499503553430
0.0497455244172223
0.0497403309643380
0.0497343562841373
0.0497275847597447
0.0497199988975317
0.0497115793618412
0.0497023050183383
0.0496921529878751
0.0496810987127416
0.0496691160379391
0.0496561773099872
0.0496422534970120
0.0496273143336198
0.0496113284953191
0.0495942638079107
0.0495760874982312
0.0495567664939427
0.0495362677814480
0.0495145588333755
0.0494916081189620
0.0494673857143752
0.0494418640340904
0.0494150187101054
0.0493868296538885
0.0493572823470013
0.0493263694228483
0.0492940926266144
0.0492604652797536
0.0492255154399734
0.0491892900631206
0.0491518606946215
0.0491133316954510
0.0490738532188220
0.0490336451249594
0.0490367449754537
0.0490770507500314
0.0491166263464307
0.0491552516906276
0.0491927764129341
0.0492290959381091
0.0492641385120979
0.0492978569785747
0.0493302230896173
0.0493612233454886
0.0493908558359013
0.0494191277764307
0.0494460535491810
0.0494716531213827
0.0494959507547354
0.0495189739433017
0.0495407525337839
0.0495613179936481
0.0495807027999232
0.0495989399279933
0.0496160624231700
0.0496321030416253
0.0496470939496130
0.0496610664714911
0.0496740508794198
0.0496860762176446
0.0496971701566687
0.0497073588721281
0.0497166669449843
0.0497251172794145
0.0497327310355982
0.0497395275751950
0.0497455244172227
0.0497507372026763
0.0497551796664908
0.0497588636153880
0.0497617989107438
0.0497639934555938
0.0497654531849576
0.0497661820590606
0.0497661820590606
0.0497654531849576
0.0497639934555938
0.0497617989107435
0.0497588636153880
0.0497551796664908
0.0497507372026763
0.0497455244172227
0.0497395275751950
0.0497327310355982
0.0497251172794145
0.0497166669449843
0.0497073588721281
0.0496971701566687
0.0496860762176446
0.0496740508794198
0.0496610664714911
0.0496470939496130
0.0496321030416253
0.0496160624231700
0.0495989399279933
0.0495807027999232
0.0495613179936481
0.0495407525337839
0.0495189739433022
0.0494959507547354
0.0494716531213827
0.0494460535491810
0.0494191277764309
0.0493908558359013
0.0493612233454883
0.0493302230896170
0.0492978569785747
0.0492641385120982
0.0492290959381088
0.0491927764129341
0.0491552516906274
0.0491166263464307
0.0490770507500314
0.0490367449754537
0.0490393891179958
0.0490797778382824
0.0491194359063013
0.0491581430690087
0.0491957487752559
0.0492321482699150
0.0492672696235606
0.0493010655111093
0.0493335075242476
0.0493645820126350
0.0493942869261833
0.0494226293523027
0.0494496235570695
0.0494752894041297
0.0494996510640576
0.0495227359521152
0.0495445738482946
0.0495651961647537
0.0495846353341992
0.0496029242979033
0.0496200960764310
0.0496361834098017
0.0496512184556800
0.0496652325366987
0.0496782559289724
0.0496903176856909
0.0497014454902458
0.0497116655344020
0.0497210024175109
0.0497294790637553
0.0497371166541765
0.0497439345714803
0.0497499503553430
0.0497551796664913
0.0497596362581260
0.0497633319534186
0.0497662766280339
0.0497684781967125
0.0497699426035295
0.0497706738148119
0.0497706738148119
0.0497699426035295
0.0497684781967125
0.0497662766280339
0.0497633319534186
0.0497596362581261
0.0497551796664913
0.0497499503553430
0.0497439345714803
0.0497371166541771
0.0497294790637553
0.0497210024175109
0.0497116655344020
0.0497014454902456
0.0496903176856908
0.0496782559289724
0.0496652325366986
0.0496512184556800
0.0496361834098016
0.0496200960764310
0.0496029242979035
0.0495846353341992
0.0495651961647537
0.0495445738482946
0.0495227359521153
0.0494996510640576
0.0494752894041302
0.0494496235570695
0.0494226293523025
0.0493942869261833
0.0493645820126350
0.0493335075242476
0.0493010655111093
0.0492672696235606
0.0492321482699148
0.0491957487752550
0.0491581430690087
0.0491194359063013
0.0490797778382824
0.0490393891179958
0.0490415834756648
0.0490820407696334
0.0491217670209303
0.0491605418302292
0.0491982144979599
0.0492346801217717
0.0492698666284696
0.0493037265544955
0.0493362313597267
0.0493673672698518
0.0493971321195096
0.0494255328902070
0.0494525837519401
0.0494783044823201
0.0495027191760124
0.0495258551824172
0.0495477422253892
0.0495684116704163
0.0495878959124849
0.0496062278634146
0.0496234405221728
0.0496395666141356
0.0496546382887066
0.0496686868657898
0.0496817426236633
0.0496938346217374
0.0497049905530238
0.0497152366215579
0.0497245974409945
0.0497330959511539
0.0497407533495614
0.0497475890356084
0.0497536205653946
0.0497588636153880
0.0497633319534187
0.0497670374158692
0.0497699898898260
0.0497721972995042
0.0497736655961874
0.0497743987511724
0.0497743987511724
0.0497736655961875
0.0497721972995042
0.0497699898898261
0.0497670374158692
0.0497633319534187
0.0497588636153880
0.0497536205653946
0.0497475890356086
0.0497407533495613
0.0497330959511539
0.0497245974409945
0.0497152366215579
0.0497049905530242
0.0496938346217374
0.0496817426236633
0.0496686868657898
0.0496546382887066
0.0496395666141356
0.0496234405221728
0.0496062278634146
0.0495878959124849
0.0495684116704163
0.0495477422253892
0.0495258551824172
0.0495027191760123
0.0494783044823201
0.0494525837519401
0.0494255328902072
0.0493971321195095
0.0493673672698515
0.0493362313597267
0.0493037265544954
0.0492698666284696
0.0492346801217716
0.0491982144979599
0.0491605418302309
0.0491217670209303
0.0490820407696339
0.0490415834756647
0.0490433329996083
0.0490838447954488
0.0491236252392896
0.0491624538166984
0.0492001797111382
0.0492366979042028
0.0492719362092197
0.0493058470532081
0.0493384017918697
0.0493695865526791
0.0493993990788497
0.0494278462677950
0.0494549422130332
0.0494807066235337
0.0495051635333058
0.0495283402388793
0.0495502664189630
0.0495709734012801
0.0495904935501133
0.0496088597531916
0.0496261049914098
0.0496422619778010
0.0496573628543773
0.0496714389380983
0.0496845205081702
0.0496966366282298
0.0497078149982225
0.0497180818312710
0.0497274617518109
0.0497359777115217
0.0497436509204539
0.0497505007908372
0.0497565448914048
0.0497617989107436
0.0497662766280339
0.0497699898898261
0.0497729485920807
0.0497751606663636
0.0497766320696049
0.0497773667768996
0.0497773667768996
0.0497766320696049
0.0497751606663636
0.0497729485920807
0.0497699898898261
0.0497662766280339
0.0497617989107436
0.0497565448914048
0.0497505007908374
0.0497436509204539
0.0497359777115219
0.0497274617518109
0.0497180818312710
0.0497078149982224
0.0496966366282297
0.0496845205081701
0.0496714389380983
0.0496573628543773
0.0496422619778010
0.0496261049914098
0.0496088597531916
0.0495904935501133
0.0495709734012801
0.0495502664189630
0.0495283402388793
0.0495051635333058
0.0494807066235337
0.0494549422130332
0.0494278462677950
0.0493993990788498
0.0493695865526791
0.0493384017918697
0.0493058470532081
0.0492719362092200
0.0492366979042028
0.0492001797111375
0.0491624538166992
0.0491236252392896
0.0490838447954493
0.0490433329996090
0.0490446416603058
0.0490851941249609
0.0491250150073320
0.0491638837077559
0.0492016493230330
0.0492382067486566
0.0492734837137780
0.0493074325641759
0.0493400245780337
0.0493712458098162
0.0494010939346200
0.0494295757871306
0.0494567054037374
0.0494825024421124
0.0495069908907174
0.0495301980064126
0.0495521534338585
0.0495728884722613
0.0495924354625491
0.0496108272740331
0.0496280968737526
0.0496442769649706
0.0496593996837559
0.0496734963444348
0.0496865972264360
0.0496987313961539
0.0497099265582533
0.0497202089323180
0.0497296031503599
0.0497381321726631
0.0497458172183335
0.0497526777088334
0.0497587312220978
0.0497639934555939
0.0497684781967125
0.0497721972995042
0.0497751606663636
0.0497773762342599
0.0497788499642298
0.0497795858341819
0.0497795858341821
0.0497788499642298
0.0497773762342597
0.0497751606663636
0.0497721972995042
0.0497684781967125
0.0497639934555939
0.0497587312220978
0.0497526777088334
0.0497458172183336
0.0497381321726631
0.0497296031503599
0.0497202089323180
0.0497099265582533
0.0496987313961540
0.0496865972264360
0.0496734963444348
0.0496593996837559
0.0496442769649678
0.0496280968737526
0.0496108272740331
0.0495924354625491
0.0495728884722613
0.0495521534338585
0.0495301980064126
0.0495069908907174
0.0494825024421124
0.0494567054037374
0.0494295757871306
0.0494010939346200
0.0493712458098162
0.0493400245780337
0.0493074325641759
0.0492734837137780
0.0492382067486566
0.0492016493230330
0.0491638837077558
0.0491250150073319
0.0490851941249609
0.0490446416603058
0.0490455124410368
0.0490860919196114
0.0491259396632186
0.0491648350158424
0.0492026270170247
0.0492392105053077
0.0492745131541721
0.0493084872555908
0.0493411040364265
0.0493723495027099
0.0494022212844007
0.0494307261744894
0.0494578781714397
0.0494836968987012
0.0495082063144814
0.0495314336490854
0.0495534085244605
0.0495741622206710
0.0495937270629525
0.0496121359081513
0.0496294217139045
0.0496456171767869
0.0496607544286856
0.0496748647819366
0.0496879785159544
0.0497001246986949
0.0497113310378432
0.0497216237570084
0.0497310274931559
0.0497395652120433
0.0497472581386687
0.0497541257005403
0.0497601854815623
0.0497654531849576
0.0497699426035304
0.0497736655961875
0.0497766320696045
0.0497788499642298
0.0497803252438363
0.0497810618881326
0.0497810618881326
0.0497803252438363
0.0497788499642288
0.0497766320696049
0.0497736655961875
0.0497699426035304
0.0497654531849576
0.0497601854815623
0.0497541257005403
0.0497472581386687
0.0497395652120433
0.0497310274931559
0.0497216237570079
0.0497113310378432
0.0497001246986949
0.0496879785159532
0.0496748647819370
0.0496607544286855
0.0496456171767869
0.0496294217139045
0.0496121359081513
0.0495937270629525
0.0495741622206711
0.0495534085244605
0.0495314336490854
0.0495082063144814
0.0494836968987012
0.0494578781714396
0.0494307261744894
0.0494022212844007
0.0493723495027099
0.0493411040364260
0.0493084872555903
0.0492745131541727
0.0492392105053077
0.0492026270170247
0.0491648350158424
0.0491259396632187
0.0490860919196114
0.0490455124410368
0.0490459473331813
0.0490865402891954
0.0491264014341178
0.0491653100839262
0.0492031152497026
0.0492397117416583
0.0492750272055371
0.0493090139065066
0.0493416430459112
0.0493729006056289
0.0494027841930998
0.0494313005805491
0.0494584637474665
0.0494842933002774
0.0495088131819976
0.0495320506097000
0.0495540351939463
0.0495747982051564
0.0495943719607203
0.0496127893111942
0.0496300832094348
0.0496462863486605
0.0496614308585717
0.0496755480504619
0.0496886682036780
0.0497008203868959
0.0497120323092152
0.0497223301962449
0.0497317386873541
0.0497402807509737
0.0497479776149946
0.0497548487099065
0.0497609116225736
0.0497661820590606
0.0497706738148119
0.0497743987511723
0.0497773667768996
0.0497795858341821
0.0497810618881326
0.0497817989193713
0.0497817989193713
0.0497810618881326
0.0497795858341821
0.0497773667768996
0.0497743987511725
0.0497706738148119
0.0497661820590606
0.0497609116225736
0.0497548487099063
0.0497479776149946
0.0497402807509737
0.0497317386873541
0.0497223301962448
0.0497120323092151
0.0497008203868959
0.0496886682036780
0.0496755480504619
0.0496614308585717
0.0496462863486600
0.0496300832094348
0.0496127893111942
0.0495943719607203
0.0495747982051567
0.0495540351939463
0.0495320506097000
0.0495088131819976
0.0494842933002774
0.0494584637474665
0.0494313005805491
0.0494027841930998
0.0493729006056289
0.0493416430459112
0.0493090139065066
0.0492750272055371
0.0492397117416583
0.0492031152497026
0.0491653100839262
0.0491264014341178
0.0490865402891955
0.0490459473331813
0.0490459473331814
0.0490865402891954
0.0491264014341170
0.0491653100839262
0.0492031152497030
0.0492397117416581
0.0492750272055371
0.0493090139065067
0.0493416430459113
0.0493729006056289
0.0494027841930999
0.0494313005805483
0.0494584637474677
0.0494842933002774
0.0495088131819976
0.0495320506096986
0.0495540351939463
0.0495747982051566
0.0495943719607193
0.0496127893111942
0.0496300832094349
0.0496462863486605
0.0496614308585717
0.0496755480504621
0.0496886682036780
0.0497008203868960
0.0497120323092163
0.0497223301962448
0.0497317386873534
0.0497402807509737
0.0497479776149951
0.0497548487099065
0.0497609116225734
0.0497661820590606
0.0497706738148119
0.0497743987511725
0.0497773667768996
0.0497795858341819
0.0497810618881326
0.0497817989193709
0.0497817989193709
0.0497810618881325
0.0497795858341819
0.0497773667768998
0.0497743987511725
0.0497706738148119
0.0497661820590606
0.0497609116225734
0.0497548487099063
0.0497479776149946
0.0497402807509737
0.0497317386873539
0.0497223301962448
0.0497120323092163
0.0497008203868960
0.0496886682036780
0.0496755480504621
0.0496614308585720
0.0496462863486605
0.0496300832094349
0.0496127893111942
0.0495943719607193
0.0495747982051566
0.0495540351939462
0.0495320506096985
0.0495088131819976
0.0494842933002774
0.0494584637474677
0.0494313005805483
0.0494027841930999
0.0493729006056289
0.0493416430459112
0.0493090139065064
0.0492750272055370
0.0492397117416583
0.0492031152497030
0.0491653100839262
0.0491264014341170
0.0490865402891954
0.0490459473331814
0.0490455124410365
0.0490860919196114
0.0491259396632187
0.0491648350158424
0.0492026270170247
0.0492392105053077
0.0492745131541721
0.0493084872555902
0.0493411040364265
0.0493723495027099
0.0494022212844006
0.0494307261744894
0.0494578781714395
0.0494836968987013
0.0495082063144814
0.0495314336490854
0.0495534085244605
0.0495741622206710
0.0495937270629525
0.0496121359081514
0.0496294217139044
0.0496456171767863
0.0496607544286855
0.0496748647819366
0.0496879785159545
0.0497001246986948
0.0497113310378429
0.0497216237570084
0.0497310274931564
0.0497395652120433
0.0497472581386691
0.0497541257005402
0.0497601854815623
0.0497654531849576
0.0497699426035295
0.0497736655961875
0.0497766320696049
0.0497788499642288
0.0497803252438394
0.0497810618881326
0.0497810618881326
0.0497803252438394
0.0497788499642288
0.0497766320696049
0.0497736655961875
0.0497699426035295
0.0497654531849578
0.0497601854815623
0.0497541257005402
0.0497472581386691
0.0497395652120433
0.0497310274931564
0.0497216237570084
0.0497113310378429
0.0497001246986943
0.0496879785159544
0.0496748647819366
0.0496607544286855
0.0496456171767863
0.0496294217139045
0.0496121359081513
0.0495937270629525
0.0495741622206710
0.0495534085244605
0.0495314336490854
0.0495082063144814
0.0494836968987013
0.0494578781714395
0.0494307261744894
0.0494022212843997
0.0493723495027099
0.0493411040364265
0.0493084872555902
0.0492745131541721
0.0492392105053077
0.0492026270170247
0.0491648350158424
0.0491259396632187
0.0490860919196113
0.0490455124410368
0.0490446416603058
0.0490851941249609
0.0491250150073320
0.0491638837077559
0.0492016493230330
0.0492382067486562
0.0492734837137781
0.0493074325641762
0.0493400245780337
0.0493712458098161
0.0494010939346203
0.0494295757871306
0.0494567054037374
0.0494825024421124
0.0495069908907173
0.0495301980064123
0.0495521534338585
0.0495728884722613
0.0495924354625488
0.0496108272740331
0.0496280968737522
0.0496442769649706
0.0496593996837559
0.0496734963444349
0.0496865972264360
0.0496987313961538
0.0497099265582533
0.0497202089323173
0.0497296031503598
0.0497381321726631
0.0497458172183336
0.0497526777088334
0.0497587312220978
0.0497639934555939
0.0497684781967125
0.0497721972995041
0.0497751606663636
0.0497773762342597
0.0497788499642298
0.0497795858341819
0.0497795858341819
0.0497788499642298
0.0497773762342599
0.0497751606663636
0.0497721972995041
0.0497684781967125
0.0497639934555938
0.0497587312220978
0.0497526777088334
0.0497458172183336
0.0497381321726630
0.0497296031503599
0.0497202089323173
0.0497099265582533
0.0496987313961538
0.0496865972264360
0.0496734963444348
0.0496593996837558
0.0496442769649706
0.0496280968737522
0.0496108272740330
0.0495924354625488
0.0495728884722614
0.0495521534338585
0.0495301980064123
0.0495069908907174
0.0494825024421125
0.0494567054037374
0.0494295757871306
0.0494010939346203
0.0493712458098161
0.0493400245780337
0.0493074325641762
0.0492734837137780
0.0492382067486566
0.0492016493230330
0.0491638837077559
0.0491250150073323
0.0490851941249609
0.0490446416603058
0.0490433329996083
0.0490838447954493
0.0491236252392897
0.0491624538166984
0.0492001797111375
0.0492366979042027
0.0492719362092197
0.0493058470532081
0.0493384017918696
0.0493695865526796
0.0493993990788498
0.0494278462677955
0.0494549422130338
0.0494807066235337
0.0495051635333053
0.0495283402388797
0.0495502664189634
0.0495709734012801
0.0495904935501135
0.0496088597531916
0.0496261049914091
0.0496422619778010
0.0496573628543773
0.0496714389380986
0.0496845205081701
0.0496966366282298
0.0497078149982224
0.0497180818312710
0.0497274617518109
0.0497359777115219
0.0497436509204539
0.0497505007908374
0.0497565448914048
0.0497617989107436
0.0497662766280339
0.0497699898898260
0.0497729485920807
0.0497751606663636
0.0497766320696049
0.0497773667768998
0.0497773667768998
0.0497766320696049
0.0497751606663636
0.0497729485920807
0.0497699898898259
0.0497662766280339
0.0497617989107436
0.0497565448914048
0.0497505007908374
0.0497436509204539
0.0497359777115219
0.0497274617518109
0.0497180818312710
0.0497078149982225
0.0496966366282298
0.0496845205081701
0.0496714389380986
0.0496573628543763
0.0496422619778010
0.0496261049914091
0.0496088597531916
0.0495904935501135
0.0495709734012801
0.0495502664189630
0.0495283402388793
0.0495051635333053
0.0494807066235337
0.0494549422130338
0.0494278462677955
0.0493993990788498
0.0493695865526796
0.0493384017918696
0.0493058470532081
0.0492719362092197
0.0492366979042027
0.0492001797111375
0.0491624538166984
0.0491236252392897
0.0490838447954488
0.0490433329996083
0.0490415834756647
0.0490820407696334
0.0491217670209303
0.0491605418302293
0.0491982144979601
0.0492346801217717
0.0492698666284696
0.0493037265544954
0.0493362313597267
0.0493673672698514
0.0493971321195096
0.0494255328902072
0.0494525837519401
0.0494783044823201
0.0495027191760126
0.0495258551824172
0.0495477422253892
0.0495684116704163
0.0495878959124850
0.0496062278634146
0.0496234405221731
0.0496395666141354
0.0496546382887066
0.0496686868657881
0.0496817426236631
0.0496938346217375
0.0497049905530238
0.0497152366215579
0.0497245974409945
0.0497330959511540
0.0497407533495613
0.0497475890356084
0.0497536205653944
0.0497588636153880
0.0497633319534187
0.0497670374158692
0.0497699898898260
0.0497721972995040
0.0497736655961875
0.0497743987511723
0.0497743987511723
0.0497736655961875
0.0497721972995041
0.0497699898898261
0.0497670374158692
0.0497633319534186
0.0497588636153880
0.0497536205653944
0.0497475890356084
0.0497407533495614
0.0497330959511540
0.0497245974409945
0.0497152366215579
0.0497049905530238
0.0496938346217375
0.0496817426236631
0.0496686868657881
0.0496546382887066
0.0496395666141354
0.0496234405221731
0.0496062278634146
0.0495878959124850
0.0495684116704163
0.0495477422253892
0.0495258551824172
0.0495027191760123
0.0494783044823200
0.0494525837519401
0.0494255328902072
0.0493971321195096
0.0493673672698513
0.0493362313597269
0.0493037265544954
0.0492698666284696
0.0492346801217717
0.0491982144979599
0.0491605418302293
0.0491217670209303
0.0490820407696334
0.0490415834756647
0.0490393891179958
0.0490797778382822
0.0491194359063011
0.0491581430690087
0.0491957487752560
0.0492321482699150
0.0492672696235609
0.0493010655111093
0.0493335075242482
0.0493645820126358
0.0493942869261836
0.0494226293523026
0.0494496235570695
0.0494752894041297
0.0494996510640578
0.0495227359521152
0.0495445738482945
0.0495651961647537
0.0495846353341992
0.0496029242979035
0.0496200960764310
0.0496361834098016
0.0496512184556801
0.0496652325366986
0.0496782559289724
0.0496903176856908
0.0497014454902456
0.0497116655344020
0.0497210024175109
0.0497294790637553
0.0497371166541765
0.0497439345714803
0.0497499503553430
0.0497551796664908
0.0497596362581261
0.0497633319534187
0.0497662766280339
0.0497684781967125
0.0497699426035304
0.0497706738148119
0.0497706738148121
0.0497699426035304
0.0497684781967125
0.0497662766280339
0.0497633319534187
0.0497596362581260
0.0497551796664908
0.0497499503553430
0.0497439345714803
0.0497371166541765
0.0497294790637553
0.0497210024175109
0.0497116655344020
0.0497014454902456
0.0496903176856906
0.0496782559289724
0.0496652325366986
0.0496512184556801
0.0496361834098010
0.0496200960764310
0.0496029242979035
0.0495846353341993
0.0495651961647537
0.0495445738482943
0.0495227359521152
0.0494996510640578
0.0494752894041297
0.0494496235570695
0.0494226293523026
0.0493942869261835
0.0493645820126358
0.0493335075242482
0.0493010655111093
0.0492672696235609
0.0492321482699150
0.0491957487752560
0.0491581430690087
0.0491194359063011
0.0490797778382823
0.0490393891179958
0.0490367449754537
0.0490770507500314
0.0491166263464307
0.0491552516906274
0.0491927764129342
0.0492290959381088
0.0492641385120981
0.0492978569785747
0.0493302230896171
0.0493612233454883
0.0493908558359013
0.0494191277764310
0.0494460535491810
0.0494716531213827
0.0494959507547359
0.0495189739433017
0.0495407525337840
0.0495613179936477
0.0495807027999232
0.0495989399279938
0.0496160624231700
0.0496321030416260
0.0496470939496130
0.0496610664714911
0.0496740508794201
0.0496860762176446
0.0496971701566688
0.0497073588721273
0.0497166669449843
0.0497251172794145
0.0497327310355983
0.0497395275751950
0.0497455244172227
0.0497507372026763
0.0497551796664908
0.0497588636153880
0.0497617989107436
0.0497639934555938
0.0497654531849576
0.0497661820590606
0.0497661820590606
0.0497654531849576
0.0497639934555937
0.0497617989107436
0.0497588636153880
0.0497551796664908
0.0497507372026760
0.0497455244172227
0.0497395275751950
0.0497327310355983
0.0497251172794145
0.0497166669449843
0.0497073588721275
0.0496971701566688
0.0496860762176447
0.0496740508794201
0.0496610664714911
0.0496470939496130
0.0496321030416253
0.0496160624231700
0.0495989399279938
0.0495807027999232
0.0495613179936477
0.0495407525337840
0.0495189739433017
0.0494959507547354
0.0494716531213827
0.0494460535491810
0.0494191277764308
0.0493908558359013
0.0493612233454883
0.0493302230896171
0.0492978569785747
0.0492641385120981
0.0492290959381088
0.0491927764129342
0.0491552516906274
0.0491166263464307
0.0490770507500314
0.0490367449754537
0.0490336451249593
0.0490738532188220
0.0491133316954510
0.0491518606946215
0.0491892900631204
0.0492255154399734
0.0492604652797536
0.0492940926266147
0.0493263694228483
0.0493572823470013
0.0493868296538885
0.0494150187101055
0.0494418640340904
0.0494673857143752
0.0494916081189621
0.0495145588333755
0.0495362677814480
0.0495567664939427
0.0495760874982312
0.0495942638079107
0.0496113284953193
0.0496273143336198
0.0496422534970120
0.0496561773099871
0.0496691160379391
0.0496810987127416
0.0496921529878751
0.0497023050183384
0.0497115793618409
0.0497199988975318
0.0497275847597447
0.0497343562841372
0.0497403309643379
0.0497455244172229
0.0497499503553430
0.0497536205653946
0.0497565448914047
0.0497587312220978
0.0497601854815623
0.0497609116225735
0.0497609116225735
0.0497601854815623
0.0497587312220978
0.0497565448914048
0.0497536205653946
0.0497499503553430
0.0497455244172229
0.0497403309643379
0.0497343562841375
0.0497275847597447
0.0497199988975325
0.0497115793618409
0.0497023050183383
0.0496921529878751
0.0496810987127415
0.0496691160379391
0.0496561773099871
0.0496422534970120
0.0496273143336198
0.0496113284953193
0.0495942638079107
0.0495760874982312
0.0495567664939427
0.0495362677814480
0.0495145588333755
0.0494916081189621
0.0494673857143752
0.0494418640340904
0.0494150187101055
0.0493868296538885
0.0493572823470013
0.0493263694228483
0.0492940926266147
0.0492604652797536
0.0492255154399734
0.0491892900631205
0.0491518606946215
0.0491133316954510
0.0490738532188220
0.0490336451249594
0.0490300826825287
0.0490701779334609
0.0491095442188042
0.0491479619293943
0.0491852811657709
0.0492213978177440
0.0492562405838023
0.0492897627419887
0.0493219364560852
0.0493527486118324
0.0493821976553842
0.0494102911278653
0.0494370437047041
0.0494624756136553
0.0494866113440902
0.0495094785854543
0.0495311073485303
0.0495515292349011
0.0495707768275162
0.0495888831813788
0.0496058813973545
0.0496218042654007
0.0496366839661532
0.0496505518214665
0.0496634380863252
0.0496753717757693
0.0496863805212168
0.0496964904516411
0.0497057260957244
0.0497141103019018
0.0497216641728379
0.0497284070126035
0.0497343562841375
0.0497395275751950
0.0497439345714803
0.0497475890356084
0.0497505007908374
0.0497526777088330
0.0497541257005402
0.0497548487099065
0.0497548487099063
0.0497541257005402
0.0497526777088335
0.0497505007908374
0.0497475890356086
0.0497439345714803
0.0497395275751950
0.0497343562841375
0.0497284070126034
0.0497216641728379
0.0497141103019018
0.0497057260957244
0.0496964904516411
0.0496863805212168
0.0496753717757689
0.0496634380863252
0.0496505518214665
0.0496366839661532
0.0496218042654007
0.0496058813973545
0.0495888831813787
0.0495707768275162
0.0495515292349011
0.0495311073485303
0.0495094785854543
0.0494866113440908
0.0494624756136553
0.0494370437047042
0.0494102911278653
0.0493821976553842
0.0493527486118324
0.0493219364560852
0.0492897627419887
0.0492562405838023
0.0492213978177440
0.0491852811657709
0.0491479619293943
0.0491095442188042
0.0490701779334609
0.0490300826825287
0.0490260498172230
0.0490660165698189
0.0491052551037946
0.0491435461010950
0.0491807399561149
0.0492167328485654
0.0492514537583358
0.0492848562328720
0.0493169126904248
0.0493476102541836
0.0493769475889420
0.0494049324345992
0.0494315796447185
0.0494569096041710
0.0494809469387577
0.0495037194538446
0.0495252572564589
0.0495455920256635
0.0495647564043910
0.0495827834913007
0.0495997064160832
0.0496155579842260
0.0496303703800391
0.0496441749188409
0.0496570018404437
0.0496688801374449
0.0496798374130637
0.0496898997637208
0.0496990916825374
0.0497074359803997
0.0497149537217840
0.0497216641728386
0.0497275847597444
0.0497327310355982
0.0497371166541765
0.0497407533495612
0.0497436509204539
0.0497458172183336
0.0497472581386687
0.0497479776149951
0.0497479776149951
0.0497472581386687
0.0497458172183336
0.0497436509204539
0.0497407533495613
0.0497371166541771
0.0497327310355983
0.0497275847597447
0.0497216641728379
0.0497149537217840
0.0497074359803997
0.0496990916825374
0.0496898997637208
0.0496798374130643
0.0496688801374449
0.0496570018404437
0.0496441749188408
0.0496303703800391
0.0496155579842257
0.0495997064160832
0.0495827834913007
0.0495647564043912
0.0495455920256635
0.0495252572564586
0.0495037194538447
0.0494809469387577
0.0494569096041710
0.0494315796447185
0.0494049324345992
0.0493769475889421
0.0493476102541836
0.0493169126904248
0.0492848562328720
0.0492514537583358
0.0492167328485654
0.0491807399561149
0.0491435461010950
0.0491052551037931
0.0490660165698189
0.0490260498172248
0.0490215377684215
0.0490613598060843
0.0491004544727800
0.0491386027851412
0.0491756554745980
0.0492115090529195
0.0492460928216148
0.0492793606352931
0.0493112852016769
0.0493418539131965
0.0493710656818309
0.0493989284712066
0.0494254573345202
0.0494506728319707
0.0494745997403579
0.0494972659925515
0.0495187018003725
0.0495389389261391
0.0495580100759738
0.0495759483932336
0.0495927870354951
0.0496085588210625
0.0496232959339063
0.0496370296775584
0.0496497902703740
0.0496616066756757
0.0496725064611142
0.0496825156828973
0.0496916587907421
0.0496999585503485
0.0497074359803997
0.0497141103019018
0.0497199988975317
0.0497251172794148
0.0497294790637554
0.0497330959511540
0.0497359777115213
0.0497381321726631
0.0497395652120433
0.0497402807509737
0.0497402807509737
0.0497395652120433
0.0497381321726631
0.0497359777115215
0.0497330959511539
0.0497294790637553
0.0497251172794148
0.0497199988975325
0.0497141103019018
0.0497074359803997
0.0496999585503485
0.0496916587907421
0.0496825156828973
0.0496725064611142
0.0496616066756758
0.0496497902703740
0.0496370296775584
0.0496232959339064
0.0496085588210625
0.0495927870354951
0.0495759483932341
0.0495580100759738
0.0495389389261391
0.0495187018003725
0.0494972659925515
0.0494745997403579
0.0494506728319708
0.0494254573345202
0.0493989284712066
0.0493710656818309
0.0493418539131965
0.0493112852016769
0.0492793606352931
0.0492460928216148
0.0492115090529195
0.0491756554745980
0.0491386027851412
0.0491004544727800
0.0490613598060843
0.0490215377684215
0.0490165368669616
0.0490561973416095
0.0490951313999709
0.0491331204407808
0.0491700155796640
0.0492057137059159
0.0492401444860134
0.0492732621221794
0.0493050396488316
0.0493354647612097
0.0493645366481881
0.0493922635230563
0.0494186606605487
0.0494437488141624
0.0494675529261556
0.0494901010677177
0.0495114235629716
0.0495315522622105
0.0495505199366058
0.0495683597738157
0.0495851049567560
0.0496007883123609
0.0496154420185572
0.0496290973602021
0.0496417845265185
0.0496535324431312
0.0496643686333396
0.0496743191040981
0.0496834082527141
0.0496916587907421
0.0496990916825374
0.0497057260957244
0.0497115793618412
0.0497166669449842
0.0497210024175107
0.0497245974409944
0.0497274617518109
0.0497296031503598
0.0497310274931564
0.0497317386873539
0.0497317386873539
0.0497310274931559
0.0497296031503598
0.0497274617518109
0.0497245974409944
0.0497210024175109
0.0497166669449842
0.0497115793618412
0.0497057260957244
0.0496990916825373
0.0496916587907423
0.0496834082527136
0.0496743191040981
0.0496643686333389
0.0496535324431312
0.0496417845265185
0.0496290973602021
0.0496154420185577
0.0496007883123609
0.0495851049567560
0.0495683597738157
0.0495505199366060
0.0495315522622105
0.0495114235629716
0.0494901010677180
0.0494675529261555
0.0494437488141624
0.0494186606605487
0.0493922635230564
0.0493645366481881
0.0493354647612097
0.0493050396488317
0.0492732621221794
0.0492401444860134
0.0492057137059159
0.0491700155796640
0.0491331204407808
0.0490951313999707
0.0490561973416095
0.0490165368669616
0.0490110365608964
0.0490505179200978
0.0490892739320540
0.0491270864297243
0.0491638069642735
0.0491993328520949
0.0492335941715186
0.0492665455158993
0.0492981602860023
0.0493284265154246
0.0493573437011145
0.0493849203326330
0.0494111719285203
0.0494361194535496
0.0494597880292079
0.0494822058749228
0.0495034034336437
0.0495234126466811
0.0495422663507119
0.0495599977754170
0.0495766401248543
0.0495922262284506
0.0496067882505252
0.0496203574486712
0.0496329639734303
0.0496446367026397
0.0496554031048143
0.0496652891271527
0.0496743191040981
0.0496825156828973
0.0496898997637209
0.0496964904516412
0.0497023050183384
0.0497073588721281
0.0497116655344020
0.0497152366215579
0.0497180818312710
0.0497202089323181
0.0497216237570079
0.0497223301962448
0.0497223301962449
0.0497216237570075
0.0497202089323181
0.0497180818312710
0.0497152366215579
0.0497116655344020
0.0497073588721275
0.0497023050183384
0.0496964904516412
0.0496898997637209
0.0496825156828981
0.0496743191040981
0.0496652891271527
0.0496554031048143
0.0496446367026397
0.0496329639734303
0.0496203574486712
0.0496067882505252
0.0495922262284506
0.0495766401248543
0.0495599977754170
0.0495422663507119
0.0495234126466811
0.0495034034336437
0.0494822058749228
0.0494597880292080
0.0494361194535496
0.0494111719285203
0.0493849203326330
0.0493573437011145
0.0493284265154248
0.0492981602860023
0.0492665455158988
0.0492335941715186
0.0491993328520949
0.0491638069642735
0.0491270864297243
0.0490892739320540
0.0490505179200978
0.0490110365608964
0.0490050254467119
0.0490443093579975
0.0490828691139041
0.0491204870391221
0.0491570151767995
0.0491923513245878
0.0492264260235015
0.0492591943050533
0.0492906299788248
0.0493207214543735
0.0493494685693163
0.0493768801170150
0.0494029718822808
0.0494277650587633
0.0494512849602331
0.0494735599632258
0.0494946206343547
0.0495144990074727
0.0495332279831211
0.0495508408288575
0.0495673707634459
0.0495828506105929
0.0495973125113655
0.0496107876853265
0.0496233062328364
0.0496348969719333
0.0496455873041611
0.0496554031048151
0.0496643686333389
0.0496725064611143
0.0496798374130643
0.0496863805212159
0.0496921529878723
0.0496971701566687
0.0497014454902457
0.0497049905530238
0.0497078149982225
0.0497099265582533
0.0497113310378431
0.0497120323092163
0.0497120323092163
0.0497113310378432
0.0497099265582530
0.0497078149982225
0.0497049905530238
0.0497014454902457
0.0496971701566687
0.0496921529878723
0.0496863805212159
0.0496798374130643
0.0496725064611143
0.0496643686333389
0.0496554031048150
0.0496455873041611
0.0496348969719333
0.0496233062328362
0.0496107876853265
0.0495973125113655
0.0495828506105926
0.0495673707634468
0.0495508408288576
0.0495332279831211
0.0495144990074727
0.0494946206343547
0.0494735599632258
0.0494512849602331
0.0494277650587633
0.0494029718822808
0.0493768801170150
0.0493494685693163
0.0493207214543735
0.0492906299788258
0.0492591943050533
0.0492264260235015
0.0491923513245878
0.0491570151767995
0.0491204870391218
0.0490828691139041
0.0490443093579971
0.0490050254467119
0.0489984913069561
0.0490375585788165
0.0490759030199629
0.0491133075104112
0.0491496246475014
0.0491847527696072
0.0492186229359256
0.0492511906669063
0.0492824302264923
0.0493123304401270
0.0493408915201803
0.0493681225920563
0.0493940397294020
0.0494186643718249
0.0494420220374468
0.0494641412671105
0.0494850527542788
0.0495047886247010
0.0495233818389081
0.0495408656957872
0.0495572734198472
0.0495726378184759
0.0495869909974179
0.0496003641250981
0.0496127872379419
0.0496242890801019
0.0496348969719333
0.0496446367026393
0.0496535324431312
0.0496616066756758
0.0496688801374449
0.0496753717757689
0.0496810987127414
0.0496860762176446
0.0496903176856908
0.0496938346217375
0.0496966366282297
0.0496987313961538
0.0497001246986943
0.0497008203868955
0.0497008203868955
0.0497001246986943
0.0496987313961538
0.0496966366282297
0.0496938346217375
0.0496903176856908
0.0496860762176446
0.0496810987127415
0.0496753717757689
0.0496688801374449
0.0496616066756758
0.0496535324431312
0.0496446367026393
0.0496348969719332
0.0496242890801019
0.0496127872379419
0.0496003641250981
0.0495869909974179
0.0495726378184759
0.0495572734198473
0.0495408656957872
0.0495233818389080
0.0495047886247010
0.0494850527542788
0.0494641412671105
0.0494420220374468
0.0494186643718249
0.0493940397294018
0.0493681225920563
0.0493408915201822
0.0493123304401270
0.0492824302264923
0.0492511906669063
0.0492186229359256
0.0491847527696072
0.0491496246475014
0.0491133075104112
0.0490759030199629
0.0490375585788165
0.0489984913069561
0.0489914211553692
0.0490302516549956
0.0490683607927101
0.0491055320747340
0.0491416187215634
0.0491765196776281
0.0492101665810578
0.0492425154963509
0.0492735411907088
0.0493032329478036
0.0493315913903178
0.0493586260045904
0.0493843531754754
0.0494087946048834
0.0494319760257398
0.0494539261487726
0.0494746757950328
0.0494942571790595
0.0495127033148306
0.0495300475230989
0.0495463230225283
0.0495615625906431
0.0495757982830419
0.0495890612013058
0.0496013813016933
0.0496127872379422
0.0496233062328364
0.0496329639734303
0.0496417845265181
0.0496497902703740
0.0496570018404440
0.0496634380863250
0.0496691160379391
0.0496740508794199
0.0496782559289724
0.0496817426236617
0.0496845205081701
0.0496865972264358
0.0496879785159544
0.0496886682036780
0.0496886682036780
0.0496879785159544
0.0496865972264360
0.0496845205081701
0.0496817426236617
0.0496782559289724
0.0496740508794199
0.0496691160379406
0.0496634380863252
0.0496570018404437
0.0496497902703740
0.0496417845265181
0.0496329639734303
0.0496233062328364
0.0496127872379422
0.0496013813016933
0.0495890612013058
0.0495757982830416
0.0495615625906431
0.0495463230225283
0.0495300475230989
0.0495127033148306
0.0494942571790595
0.0494746757950328
0.0494539261487738
0.0494319760257398
0.0494087946048834
0.0493843531754754
0.0493586260045904
0.0493315913903178
0.0493032329478036
0.0492735411907088
0.0492425154963517
0.0492101665810579
0.0491765196776281
0.0491416187215634
0.0491055320747340
0.0490683607927098
0.0490302516549956
0.0489914211553692
0.0489838012909776
0.0490223738579766
0.0490602266893177
0.0490971439966057
0.0491329797000360
0.0491676334224234
0.0492010374473798
0.0492331484433791
0.0492639417334623
0.0492934071042961
0.0493215456259354
0.0493483671749385
0.0493738884693405
0.0493981314882834
0.0494211221883551
0.0494428894530831
0.0494634642292974
0.0494828788140898
0.0495011662651639
0.0495183599124840
0.0495344929539093
0.0495495981204323
0.0495637073996499
0.0495768518076135
0.0495890612013057
0.0496003641250981
0.0496107876853265
0.0496203574486712
0.0496290973602021
0.0496370296775584
0.0496441749188421
0.0496505518214661
0.0496561773099872
0.0496610664714912
0.0496652325366987
0.0496686868657898
0.0496714389380986
0.0496734963444348
0.0496748647819366
0.0496755480504619
0.0496755480504619
0.0496748647819366
0.0496734963444349
0.0496714389380983
0.0496686868657898
0.0496652325366987
0.0496610664714911
0.0496561773099872
0.0496505518214661
0.0496441749188421
0.0496370296775584
0.0496290973602021
0.0496203574486714
0.0496107876853265
0.0496003641250981
0.0495890612013057
0.0495768518076135
0.0495637073996499
0.0495495981204323
0.0495344929539093
0.0495183599124840
0.0495011662651680
0.0494828788140898
0.0494634642292974
0.0494428894530832
0.0494211221883567
0.0493981314882834
0.0493738884693405
0.0493483671749385
0.0493215456259354
0.0492934071042961
0.0492639417334623
0.0492331484433791
0.0492010374473798
0.0491676334224234
0.0491329797000360
0.0490971439966057
0.0490602266893169
0.0490223738579765
0.0489838012909776
0.0489756173625880
0.0490139097187166
0.0490514841383162
0.0490881256271113
0.0491236888905681
0.0491580743098822
0.0491912148874403
0.0492230679608049
0.0492536094653464
0.0492828297382055
0.0493107303349982
0.0493373215519855
0.0493626204613927
0.0493866493329617
0.0494094343530315
0.0494310045781583
0.0494513910755963
0.0494706262152464
0.0494887430850065
0.0495057750077135
0.0495217551416841
0.0495367161511158
0.0495506899342406
0.0495637073996499
0.0495757982830419
0.0495869909974179
0.0495973125113655
0.0496067882505251
0.0496154420185577
0.0496232959339063
0.0496303703800391
0.0496366839661533
0.0496422534970120
0.0496470939496126
0.0496512184556801
0.0496546382887066
0.0496573628543773
0.0496593996837558
0.0496607544286852
0.0496614308585717
0.0496614308585720
0.0496607544286852
0.0496593996837558
0.0496573628543773
0.0496546382887066
0.0496512184556801
0.0496470939496126
0.0496422534970120
0.0496366839661533
0.0496303703800390
0.0496232959339063
0.0496154420185577
0.0496067882505252
0.0495973125113655
0.0495869909974179
0.0495757982830416
0.0495637073996499
0.0495506899342408
0.0495367161511158
0.0495217551416841
0.0495057750077135
0.0494887430850065
0.0494706262152464
0.0494513910755963
0.0494310045781583
0.0494094343530315
0.0493866493329617
0.0493626204613927
0.0493373215519854
0.0493107303349982
0.0492828297382055
0.0492536094653464
0.0492230679608050
0.0491912148874403
0.0491580743098822
0.0491236888905680
0.0490881256271113
0.0490514841383162
0.0490139097187166
0.0489756173625880
0.0489668544456502
0.0490048431000173
0.0490421158077983
0.0490784584688430
0.0491137266695377
0.0491478216385553
0.0491806771775997
0.0492122513644184
0.0492425208072800
0.0492714764437031
0.0492991203542696
0.0493254632839797
0.0493505226788572
0.0493743211100267
0.0493968849968364
0.0494182435651131
0.0494384279932143
0.0494574707097849
0.0494754048151294
0.0494922636040638
0.0495080801725924
0.0495228870937153
0.0495367161511158
0.0495495981204323
0.0495615625906431
0.0495726378184759
0.0495828506105926
0.0495922262284506
0.0496007883123610
0.0496085588210625
0.0496155579842257
0.0496218042654007
0.0496273143336198
0.0496321030416253
0.0496361834098016
0.0496395666141356
0.0496422619778019
0.0496442769649682
0.0496456171767870
0.0496462863486605
0.0496462863486601
0.0496456171767872
0.0496442769649682
0.0496422619778011
0.0496395666141354
0.0496361834098016
0.0496321030416253
0.0496273143336198
0.0496218042654007
0.0496155579842257
0.0496085588210626
0.0496007883123610
0.0495922262284506
0.0495828506105926
0.0495726378184759
0.0495615625906431
0.0495495981204323
0.0495367161511157
0.0495228870937146
0.0495080801725924
0.0494922636040638
0.0494754048151294
0.0494574707097849
0.0494384279932143
0.0494182435651131
0.0493968849968322
0.0493743211100267
0.0493505226788572
0.0493254632839797
0.0492991203542696
0.0492714764437045
0.0492425208072800
0.0492122513644184
0.0491806771775997
0.0491478216385553
0.0491137266695377
0.0490784584688430
0.0490421158077983
0.0490048431000173
0.0489668544456502
0.0489574971337044
0.0489951572830969
0.0490321036877062
0.0490681232544588
0.0491030725581812
0.0491368537742209
0.0491694015926078
0.0492006749085502
0.0492306510681592
0.0492593216616506
0.0492866893344645
0.0493127653085862
0.0493375674211438
0.0493611185522695
0.0493834453533629
0.0494045772113562
0.0494245454014523
0.0494433823919083
0.0494611212724830
0.0494777952843218
0.0494934374333586
0.0495080801725922
0.0495217551416849
0.0495344929539093
0.0495463230225283
0.0495572734198473
0.0495673707634459
0.0495766401248543
0.0495851049567560
0.0495927870354949
0.0495997064160833
0.0496058813973554
0.0496113284953191
0.0496160624231700
0.0496200960764310
0.0496234405221731
0.0496261049914098
0.0496280968737522
0.0496294217139046
0.0496300832094349
0.0496300832094349
0.0496294217139046
0.0496280968737522
0.0496261049914098
0.0496234405221728
0.0496200960764310
0.0496160624231700
0.0496113284953193
0.0496058813973545
0.0495997064160833
0.0495927870354949
0.0495851049567560
0.0495766401248544
0.0495673707634459
0.0495572734198473
0.0495463230225283
0.0495344929539093
0.0495217551416849
0.0495080801725921
0.0494934374333586
0.0494777952843218
0.0494611212724830
0.0494433823919083
0.0494245454014523
0.0494045772113562
0.0493834453533629
0.0493611185522695
0.0493375674211438
0.0493127653085862
0.0492866893344645
0.0492593216616506
0.0492306510681592
0.0492006749085502
0.0491694015926078
0.0491368537742209
0.0491030725581812
0.0490681232544588
0.0490321036877062
0.0489951572830968
0.0489574971337045
0.0489475296468521
0.0489848350709316
0.0490214291884936
0.0490571000418480
0.0490917053153056
0.0491251482417817
0.0491573644978565
0.0491883138803258
0.0492179745424714
0.0492463387815638
0.0492734098478511
0.0492991994666983
0.0493237258804882
0.0493470122816929
0.0493690855476888
0.0493899752127202
0.0494097126287339
0.0494283302785161
0.0494458612125254
0.0494623385868496
0.0494777952843218
0.0494922636040638
0.0495057750077135
0.0495183599124840
0.0495300475230987
0.0495408656957871
0.0495508408288575
0.0495599977754170
0.0495683597738157
0.0495759483932341
0.0495827834913005
0.0495888831813787
0.0495942638079107
0.0495989399279933
0.0496029242979033
0.0496062278634146
0.0496088597531916
0.0496108272740331
0.0496121359081513
0.0496127893111942
0.0496127893111942
0.0496121359081513
0.0496108272740331
0.0496088597531916
0.0496062278634146
0.0496029242979033
0.0495989399279933
0.0495942638079107
0.0495888831813787
0.0495827834913005
0.0495759483932340
0.0495683597738157
0.0495599977754170
0.0495508408288576
0.0495408656957872
0.0495300475230987
0.0495183599124840
0.0495057750077139
0.0494922636040638
0.0494777952843218
0.0494623385868496
0.0494458612125254
0.0494283302785161
0.0494097126287339
0.0493899752127202
0.0493690855476888
0.0493470122816913
0.0493237258804878
0.0492991994666983
0.0492734098478511
0.0492463387815638
0.0492179745424714
0.0491883138803258
0.0491573644978566
0.0491251482417817
0.0490917053153056
0.0490571000418480
0.0490214291884936
0.0489848350709316
0.0489475296468521
0.0489369359605999
0.0489738589114399
0.0490100732596724
0.0490453683289656
0.0490796030501297
0.0491126818377026
0.0491445414633466
0.0491751427168941
0.0492044646323160
0.0492325002698147
0.0492592535235126
0.0492847366456760
0.0493089682936105
0.0493319719697544
0.0493537747651630
0.0493744063407072
0.0493938980979600
0.0494122825022987
0.0494295925293828
0.0494458612125254
0.0494611212724830
0.0494754048151297
0.0494887430850065
0.0495011662651639
0.0495127033148306
0.0495233818389081
0.0495332279831211
0.0495422663507120
0.0495505199366060
0.0495580100759736
0.0495647564043912
0.0495707768275162
0.0495760874982312
0.0495807027999232
0.0495846353341993
0.0495878959124849
0.0495904935501133
0.0495924354625488
0.0495937270629525
0.0495943719607203
0.0495943719607193
0.0495937270629525
0.0495924354625487
0.0495904935501133
0.0495878959124850
0.0495846353341993
0.0495807027999232
0.0495760874982312
0.0495707768275162
0.0495647564043912
0.0495580100759737
0.0495505199366066
0.0495422663507120
0.0495332279831211
0.0495233818389081
0.0495127033148306
0.0495011662651638
0.0494887430850065
0.0494754048151297
0.0494611212724830
0.0494458612125254
0.0494295925293828
0.0494122825022987
0.0493938980979603
0.0493744063407072
0.0493537747651630
0.0493319719697544
0.0493089682936105
0.0492847366456760
0.0492592535235126
0.0492325002698147
0.0492044646323160
0.0491751427168941
0.0491445414633466
0.0491126818377026
0.0490796030501297
0.0490453683289656
0.0490100732596724
0.0489738589114399
0.0489369359605999
0.0489256999585719
0.0489622110443873
0.0489980165315584
0.0490329071922774
0.0490667433591691
0.0490994307675815
0.0491309074041374
0.0491611351506627
0.0491900939992981
0.0492177778297150
0.0492441912167046
0.0492693469586109
0.0492932641312599
0.0493159665375549
0.0493374814617923
0.0493578386626921
0.0493770695561495
0.0493952065500655
0.0494122825022990
0.0494283302785161
0.0494433823919083
0.0494574707097849
0.0494706262152461
0.0494828788140890
0.0494942571790595
0.0495047886247010
0.0495144990074727
0.0495234126466811
0.0495315522622105
0.0495389389261394
0.0495455920256631
0.0495515292349014
0.0495567664939427
0.0495613179936477
0.0495651961647541
0.0495684116704163
0.0495709734012799
0.0495728884722613
0.0495741622206710
0.0495747982051567
0.0495747982051567
0.0495741622206710
0.0495728884722613
0.0495709734012801
0.0495684116704163
0.0495651961647541
0.0495613179936477
0.0495567664939427
0.0495515292349014
0.0495455920256635
0.0495389389261391
0.0495315522622106
0.0495234126466811
0.0495144990074727
0.0495047886247010
0.0494942571790595
0.0494828788140898
0.0494706262152461
0.0494574707097849
0.0494433823919083
0.0494283302785161
0.0494122825022990
0.0493952065500658
0.0493770695561495
0.0493578386626921
0.0493374814617923
0.0493159665375558
0.0492932641312599
0.0492693469586109
0.0492441912167046
0.0492177778297149
0.0491900939992981
0.0491611351506604
0.0491309074041364
0.0490994307675815
0.0490667433591691
0.0490329071922773
0.0489980165315584
0.0489622110443873
0.0489256999585719
0.0489138056138091
0.0489498736761661
0.0489852394852113
0.0490196954535589
0.0490531034924891
0.0490853708143819
0.0491164367532303
0.0491462643893375
0.0491748347537176
0.0492021426012876
0.0492281932205270
0.0492529999685336
0.0492765823351466
0.0492989644049930
0.0493201736256077
0.0493402398148165
0.0493591943578933
0.0493770695561495
0.0493938980979603
0.0494097126287339
0.0494245454014523
0.0494384279932143
0.0494513910755963
0.0494634642292974
0.0494746757950328
0.0494850527542788
0.0494946206343547
0.0495034034336437
0.0495114235629716
0.0495187018003724
0.0495252572564583
0.0495311073485306
0.0495362677814479
0.0495407525337840
0.0495445738482943
0.0495477422253892
0.0495502664189630
0.0495521534338585
0.0495534085244605
0.0495540351939462
0.0495540351939462
0.0495534085244604
0.0495521534338585
0.0495502664189630
0.0495477422253892
0.0495445738482943
0.0495407525337840
0.0495362677814480
0.0495311073485304
0.0495252572564587
0.0495187018003724
0.0495114235629711
0.0495034034336437
0.0494946206343547
0.0494850527542788
0.0494746757950328
0.0494634642292974
0.0494513910755963
0.0494384279932141
0.0494245454014523
0.0494097126287339
0.0493938980979603
0.0493770695561494
0.0493591943578932
0.0493402398148165
0.0493201736256077
0.0492989644049930
0.0492765823351466
0.0492529999685336
0.0492281932205270
0.0492021426012876
0.0491748347537175
0.0491462643893375
0.0491164367532303
0.0490853708143830
0.0490531034924889
0.0490196954535589
0.0489852394852113
0.0489498736761661
0.0489138056138091
0.0489012372040177
0.0489368291885129
0.0489717226559296
0.0490057118809508
0.0490386605552862
0.0490704775441062
0.0491011036743210
0.0491305033387340
0.0491586586897320
0.0491855654105867
0.0492112295300996
0.0492356649679698
0.0492588916128901
0.0492809338009045
0.0493018191008238
0.0493215773392902
0.0493402398148165
0.0493578386626921
0.0493744063407072
0.0493899752127202
0.0494045772113562
0.0494182435651131
0.0494310045781583
0.0494428894530832
0.0494539261487726
0.0494641412671106
0.0494735599632258
0.0494822058749229
0.0494901010677177
0.0494972659925515
0.0495037194538446
0.0495094785854543
0.0495145588333755
0.0495189739433017
0.0495227359521152
0.0495258551824176
0.0495283402388793
0.0495301980064123
0.0495314336490854
0.0495320506097000
0.0495320506097000
0.0495314336490854
0.0495301980064123
0.0495283402388793
0.0495258551824176
0.0495227359521152
0.0495189739433017
0.0495145588333755
0.0495094785854543
0.0495037194538446
0.0494972659925515
0.0494901010677177
0.0494822058749229
0.0494735599632258
0.0494641412671105
0.0494539261487738
0.0494428894530832
0.0494310045781583
0.0494182435651130
0.0494045772113562
0.0493899752127202
0.0493744063407072
0.0493578386626921
0.0493402398148165
0.0493215773392902
0.0493018191008240
0.0492809338009045
0.0492588916128901
0.0492356649679698
0.0492112295300998
0.0491855654105867
0.0491586586897324
0.0491305033387340
0.0491011036743210
0.0490704775441062
0.0490386605552862
0.0490057118809508
0.0489717226559296
0.0489368291885129
0.0489012372040177
0.0488879795673795
0.0489230603872467
0.0489574468773737
0.0489909354315601
0.0490233917531477
0.0490547265576390
0.0490848823244522
0.0491138248792668
0.0491415375782976
0.0491680170806647
0.0491932701726627
0.0492173113281093
0.0492401608056563
0.0492618431480696
0.0492823859893222
0.0493018191008240
0.0493201736256074
0.0493374814617923
0.0493537747651630
0.0493690855476888
0.0493834453533626
0.0493968849968364
0.0494094343530315
0.0494211221883551
0.0494319760257398
0.0494420220374473
0.0494512849602332
0.0494597880292080
0.0494675529261555
0.0494745997403579
0.0494809469387577
0.0494866113440908
0.0494916081189622
0.0494959507547353
0.0494996510640578
0.0495027191760127
0.0495051635333053
0.0495069908907173
0.0495082063144813
0.0495088131819976
0.0495088131819976
0.0495082063144814
0.0495069908907174
0.0495051635333058
0.0495027191760127
0.0494996510640578
0.0494959507547354
0.0494916081189622
0.0494866113440908
0.0494809469387577
0.0494745997403579
0.0494675529261555
0.0494597880292080
0.0494512849602332
0.0494420220374468
0.0494319760257398
0.0494211221883551
0.0494094343530315
0.0493968849968364
0.0493834453533626
0.0493690855476888
0.0493537747651630
0.0493374814617923
0.0493201736256074
0.0493018191008240
0.0492823859893222
0.0492618431480696
0.0492401608056563
0.0492173113281092
0.0491932701726630
0.0491680170806647
0.0491415375782976
0.0491138248792668
0.0490848823244522
0.0490547265576390
0.0490233917531477
0.0489909354315601
0.0489574468773742
0.0489230603872470
0.0488879795673795
0.0488740184076585
0.0489085507999667
0.0489423935747990
0.0489753455449201
0.0490072746907641
0.0490380938000870
0.0490677471786319
0.0490962022098886
0.0491234435328529
0.0491494688206418
0.0491742856201811
0.0491979089346685
0.0492203593461827
0.0492416615419837
0.0492618431480696
0.0492809338009045
0.0492989644049930
0.0493159665375549
0.0493319719697550
0.0493470122816912
0.0493611185522695
0.0493743211100264
0.0493866493329583
0.0493981314882834
0.0494087946048818
0.0494186643718249
0.0494277650587633
0.0494361194535496
0.0494437488141620
0.0494506728319707
0.0494569096041710
0.0494624756136553
0.0494673857143752
0.0494716531213823
0.0494752894041297
0.0494783044823201
0.0494807066235337
0.0494825024421125
0.0494836968987013
0.0494842933002790
0.0494842933002774
0.0494836968987013
0.0494825024421124
0.0494807066235337
0.0494783044823201
0.0494752894041297
0.0494716531213823
0.0494673857143752
0.0494624756136553
0.0494569096041710
0.0494506728319706
0.0494437488141620
0.0494361194535496
0.0494277650587633
0.0494186643718249
0.0494087946048834
0.0493981314882834
0.0493866493329583
0.0493743211100264
0.0493611185522696
0.0493470122816929
0.0493319719697544
0.0493159665375552
0.0492989644049930
0.0492809338009045
0.0492618431480696
0.0492416615419840
0.0492203593461827
0.0491979089346686
0.0491742856201811
0.0491494688206418
0.0491234435328529
0.0490962022098886
0.0490677471786319
0.0490380938000869
0.0490072746907636
0.0489753455449201
0.0489423935747990
0.0489085507999668
0.0488740184076585
0.0488593406587083
0.0488932850331910
0.0489265451188443
0.0489589224991848
0.0489902877375615
0.0490205559426271
0.0490496734334669
0.0490776092776638
0.0491043494677767
0.0491298927136985
0.0491542473068672
0.0491774287334596
0.0491994578305402
0.0492203593461827
0.0492401608056573
0.0492588916128897
0.0492765823351466
0.0492932641312600
0.0493089682936106
0.0493237258804882
0.0493375674211438
0.0493505226788572
0.0493626204613928
0.0493738884693404
0.0493843531754754
0.0493940397294020
0.0494029718822807
0.0494111719285203
0.0494186606605487
0.0494254573345203
0.0494315796447186
0.0494370437047041
0.0494418640340902
0.0494460535491810
0.0494496235570695
0.0494525837519401
0.0494549422130331
0.0494567054037374
0.0494578781714397
0.0494584637474677
0.0494584637474678
0.0494578781714405
0.0494567054037374
0.0494549422130339
0.0494525837519401
0.0494496235570695
0.0494460535491810
0.0494418640340902
0.0494370437047041
0.0494315796447186
0.0494254573345203
0.0494186606605487
0.0494111719285203
0.0494029718822808
0.0493940397294020
0.0493843531754754
0.0493738884693404
0.0493626204613928
0.0493505226788572
0.0493375674211438
0.0493237258804878
0.0493089682936105
0.0492932641312600
0.0492765823351467
0.0492588916128897
0.0492401608056573
0.0492203593461827
0.0491994578305402
0.0491774287334596
0.0491542473068672
0.0491298927136985
0.0491043494677767
0.0490776092776638
0.0490496734334669
0.0490205559426271
0.0489902877375615
0.0489589224991848
0.0489265451188443
0.0488932850331910
0.0488593406587083
0.0488439349220145
0.0488772492023088
0.0489098852536679
0.0489416478458349
0.0489724104778435
0.0490020908565293
0.0490306375119742
0.0490580213179634
0.0490842296758466
0.0491092623323599
0.0491331282806211
0.0491558434155130
0.0491774287334596
0.0491979089346681
0.0492173113281093
0.0492356649679697
0.0492529999685341
0.0492693469586109
0.0492847366456760
0.0492991994666983
0.0493127653085862
0.0493254632839797
0.0493373215519854
0.0493483671749385
0.0493586260045904
0.0493681225920559
0.0493768801170150
0.0493849203326330
0.0493922635230563
0.0493989284712066
0.0494049324345971
0.0494102911278653
0.0494150187101056
0.0494191277764308
0.0494226293523026
0.0494255328902070
0.0494278462677953
0.0494295757871306
0.0494307261744899
0.0494313005805483
0.0494313005805483
0.0494307261744899
0.0494295757871307
0.0494278462677953
0.0494255328902070
0.0494226293523026
0.0494191277764308
0.0494150187101056
0.0494102911278653
0.0494049324345992
0.0493989284712066
0.0493922635230563
0.0493849203326330
0.0493768801170150
0.0493681225920559
0.0493586260045904
0.0493483671749385
0.0493373215519854
0.0493254632839797
0.0493127653085862
0.0492991994666983
0.0492847366456760
0.0492693469586109
0.0492529999685341
0.0492356649679697
0.0492173113281093
0.0491979089346681
0.0491774287334596
0.0491558434155131
0.0491331282806211
0.0491092623323599
0.0490842296758465
0.0490580213179641
0.0490306375119743
0.0490020908565292
0.0489724104778435
0.0489416478458349
0.0489098852536679
0.0488772492023086
0.0488439349220145
0.0488277919948360
0.0488604314523695
0.0488923996186945
0.0489235049436267
0.0489536242694069
0.0489826782069837
0.0490106177005313
0.0490374155388065
0.0490630605612851
0.0490875535186185
0.0491109040270318
0.0491331282806211
0.0491542473068672
0.0491742856201813
0.0491932701726630
0.0492112295300996
0.0492281932205270
0.0492441912167027
0.0492592535235125
0.0492734098478511
0.0492866893344645
0.0492991203542696
0.0493107303349976
0.0493215456259354
0.0493315913903178
0.0493408915201803
0.0493494685693163
0.0493573437011145
0.0493645366481881
0.0493710656818309
0.0493769475889420
0.0493821976553842
0.0493868296538883
0.0493908558359013
0.0493942869261834
0.0493971321195096
0.0493993990788499
0.0494010939346200
0.0494022212844006
0.0494027841930998
0.0494027841930998
0.0494022212844006
0.0494010939346203
0.0493993990788498
0.0493971321195095
0.0493942869261835
0.0493908558359013
0.0493868296538883
0.0493821976553842
0.0493769475889420
0.0493710656818309
0.0493645366481877
0.0493573437011145
0.0493494685693163
0.0493408915201823
0.0493315913903178
0.0493215456259354
0.0493107303349982
0.0492991203542696
0.0492866893344645
0.0492734098478511
0.0492592535235125
0.0492441912167027
0.0492281932205270
0.0492112295300996
0.0491932701726630
0.0491742856201813
0.0491542473068671
0.0491331282806211
0.0491109040270318
0.0490875535186185
0.0490630605612851
0.0490374155388065
0.0490106177005313
0.0489826782069841
0.0489536242694069
0.0489235049436267
0.0488923996186945
0.0488604314523695
0.0488277919948360
0.0488109055118006
0.0488428225932611
0.0488740763892715
0.0489044796212035
0.0489339129442196
0.0489623002054484
0.0489895949611919
0.0490157719966509
0.0490408215780627
0.0490647453806850
0.0490875535186185
0.0491092623323599
0.0491298927136985
0.0491494688206418
0.0491680170806646
0.0491855654105867
0.0492021426012876
0.0492177778297149
0.0492325002698147
0.0492463387815638
0.0492593216616506
0.0492714764437031
0.0492828297382055
0.0492934071042961
0.0493032329478036
0.0493123304401269
0.0493207214543730
0.0493284265154248
0.0493354647612100
0.0493418539131965
0.0493476102541843
0.0493527486118324
0.0493572823470013
0.0493612233454885
0.0493645820126358
0.0493673672698514
0.0493695865526796
0.0493712458098161
0.0493723495027101
0.0493729006056289
0.0493729006056289
0.0493723495027101
0.0493712458098161
0.0493695865526791
0.0493673672698514
0.0493645820126358
0.0493612233454884
0.0493572823470012
0.0493527486118324
0.0493476102541839
0.0493418539131965
0.0493354647612100
0.0493284265154248
0.0493207214543735
0.0493123304401270
0.0493032329478036
0.0492934071042961
0.0492828297382057
0.0492714764437031
0.0492593216616506
0.0492463387815638
0.0492325002698147
0.0492177778297149
0.0492021426012876
0.0491855654105867
0.0491680170806646
0.0491494688206418
0.0491298927136985
0.0491092623323605
0.0490875535186185
0.0490647453806850
0.0490408215780627
0.0490157719966509
0.0489895949611919
0.0489623002054484
0.0489339129442199
0.0489044796212035
0.0488740763892715
0.0488428225932611
0.0488109055118006
0.0487932727317333
0.0488244168815658
0.0488549070719973
0.0488845610093555
0.0489132637001521
0.0489409425767021
0.0489675539822893
0.0489930747311022
0.0490174964439298
0.0490408215780628
0.0490630605612851
0.0490842296758465
0.0491043494677767
0.0491234435328529
0.0491415375782940
0.0491586586897323
0.0491748347537175
0.0491900939992985
0.0492044646323159
0.0492179745424714
0.0492306510681591
0.0492425208072800
0.0492536094653465
0.0492639417334623
0.0492735411907088
0.0492824302264923
0.0492906299788258
0.0492981602860022
0.0493050396488316
0.0493112852016769
0.0493169126904248
0.0493219364560852
0.0493263694228483
0.0493302230896173
0.0493335075242482
0.0493362313597269
0.0493384017918696
0.0493400245780337
0.0493411040364259
0.0493416430459112
0.0493416430459112
0.0493411040364259
0.0493400245780341
0.0493384017918695
0.0493362313597269
0.0493335075242482
0.0493302230896173
0.0493263694228483
0.0493219364560852
0.0493169126904248
0.0493112852016769
0.0493050396488316
0.0492981602860021
0.0492906299788258
0.0492824302264923
0.0492735411907088
0.0492639417334623
0.0492536094653465
0.0492425208072800
0.0492306510681592
0.0492179745424714
0.0492044646323159
0.0491900939992982
0.0491748347537175
0.0491586586897320
0.0491415375782940
0.0491234435328530
0.0491043494677767
0.0490842296758465
0.0490630605612851
0.0490408215780628
0.0490174964439298
0.0489930747311022
0.0489675539822893
0.0489409425767023
0.0489132637001521
0.0488845610093557
0.0488549070719973
0.0488244168815658
0.0487932727317333
0.0487748955135841
0.0488052129950552
0.0488348875064424
0.0488637426050254
0.0488916682568707
0.0489185958249010
0.0489444845598122
0.0489693132568271
0.0489930747311022
0.0490157719966513
0.0490374155388063
0.0490580213179639
0.0490776092776638
0.0490962022098886
0.0491138248792669
0.0491305033387340
0.0491462643893375
0.0491611351506627
0.0491751427168943
0.0491883138803259
0.0492006749085504
0.0492122513644183
0.0492230679608050
0.0492331484433791
0.0492425154963517
0.0492511906669063
0.0492591943050533
0.0492665455158993
0.0492732621221794
0.0492793606352938
0.0492848562328720
0.0492897627419869
0.0492940926266147
0.0492978569785747
0.0493010655111093
0.0493037265544954
0.0493058470532081
0.0493074325641759
0.0493084872555903
0.0493090139065063
0.0493090139065063
0.0493084872555908
0.0493074325641759
0.0493058470532081
0.0493037265544954
0.0493010655111093
0.0492978569785743
0.0492940926266147
0.0492897627419860
0.0492848562328720
0.0492793606352938
0.0492732621221794
0.0492665455158993
0.0492591943050533
0.0492511906669063
0.0492425154963517
0.0492331484433791
0.0492230679608049
0.0492122513644183
0.0492006749085504
0.0491883138803259
0.0491751427168943
0.0491611351506627
0.0491462643893375
0.0491305033387340
0.0491138248792669
0.0490962022098886
0.0490776092776638
0.0490580213179639
0.0490374155388063
0.0490157719966510
0.0489930747311022
0.0489693132568271
0.0489444845598122
0.0489185958249010
0.0488916682568707
0.0488637426050254
0.0488348875064424
0.0488052129950552
0.0487748955135841
0.0487557815453105
0.0487852152670052
0.0488140191517748
0.0488420236627900
0.0488691243912837
0.0488952569299827
0.0489203834519830
0.0489444845598122
0.0489675539822896
0.0489895949611928
0.0490106177005313
0.0490306375119739
0.0490496734334674
0.0490677471786325
0.0490848823244519
0.0491011036743209
0.0491164367532303
0.0491309074041375
0.0491445414633465
0.0491573644978566
0.0491694015926078
0.0491806771775997
0.0491912148874361
0.0492010374473798
0.0492101665810579
0.0492186229359256
0.0492264260235016
0.0492335941715186
0.0492401444860134
0.0492460928216148
0.0492514537583358
0.0492562405838023
0.0492604652797536
0.0492641385120980
0.0492672696235606
0.0492698666284696
0.0492719362092200
0.0492734837137780
0.0492745131541720
0.0492750272055371
0.0492750272055371
0.0492745131541721
0.0492734837137780
0.0492719362092200
0.0492698666284696
0.0492672696235606
0.0492641385120980
0.0492604652797536
0.0492562405838023
0.0492514537583358
0.0492460928216149
0.0492401444860129
0.0492335941715179
0.0492264260235015
0.0492186229359256
0.0492101665810579
0.0492010374473798
0.0491912148874361
0.0491806771775997
0.0491694015926078
0.0491573644978566
0.0491445414633465
0.0491309074041375
0.0491164367532303
0.0491011036743208
0.0490848823244519
0.0490677471786318
0.0490496734334674
0.0490306375119739
0.0490106177005313
0.0489895949611928
0.0489675539822896
0.0489444845598122
0.0489203834519830
0.0488952569299827
0.0488691243912837
0.0488420236627900
0.0488140191517749
0.0487852152670052
0.0487557815453104
0.0487359459228495
0.0487644352847035
0.0487923107851152
0.0488194110732973
0.0488456380427821
0.0488709316865590
0.0488952569299827
0.0489185958249009
0.0489409425767021
0.0489623002054484
0.0489826782069841
0.0490020908565290
0.0490205559426271
0.0490380938000869
0.0490547265576390
0.0490704775441081
0.0490853708143830
0.0490994307675815
0.0491126818377029
0.0491251482417817
0.0491368537742208
0.0491478216385553
0.0491580743098823
0.0491676334224235
0.0491765196776290
0.0491847527696072
0.0491923513245878
0.0491993328520948
0.0492057137059159
0.0492115090529195
0.0492167328485654
0.0492213978177440
0.0492255154399737
0.0492290959381082
0.0492321482699150
0.0492346801217717
0.0492366979042029
0.0492382067486566
0.0492392105053077
0.0492397117416583
0.0492397117416583
0.0492392105053078
0.0492382067486566
0.0492366979042029
0.0492346801217717
0.0492321482699150
0.0492290959381082
0.0492255154399734
0.0492213978177440
0.0492167328485654
0.0492115090529195
0.0492057137059159
0.0491993328520949
0.0491923513245878
0.0491847527696072
0.0491765196776290
0.0491676334224235
0.0491580743098823
0.0491478216385553
0.0491368537742208
0.0491251482417817
0.0491126818377028
0.0490994307675815
0.0490853708143830
0.0490704775441062
0.0490547265576390
0.0490380938000869
0.0490205559426271
0.0490020908565290
0.0489826782069837
0.0489623002054484
0.0489409425767022
0.0489185958249010
0.0488952569299827
0.0488709316865590
0.0488456380427822
0.0488194110732973
0.0487923107851152
0.0487644352847035
0.0487359459228495
0.0487154132341170
0.0487428940248760
0.0487697808329743
0.0487959220104117
0.0488212263185657
0.0488456380427821
0.0488691243912837
0.0488916682568707
0.0489132637001521
0.0489339129442196
0.0489536242694069
0.0489724104778435
0.0489902877375615
0.0490072746907641
0.0490233917531477
0.0490386605552864
0.0490531034924889
0.0490667433591689
0.0490796030501297
0.0490917053153056
0.0491030725581812
0.0491137266695377
0.0491236888905678
0.0491329797000360
0.0491416187215634
0.0491496246475014
0.0491570151767994
0.0491638069642735
0.0491700155796636
0.0491756554745981
0.0491807399561148
0.0491852811657709
0.0491892900631206
0.0491927764129341
0.0491957487752560
0.0491982144979599
0.0492001797111382
0.0492016493230330
0.0492026270170247
0.0492031152497025
0.0492031152497026
0.0492026270170247
0.0492016493230330
0.0492001797111382
0.0491982144979599
0.0491957487752560
0.0491927764129341
0.0491892900631206
0.0491852811657709
0.0491807399561148
0.0491756554745981
0.0491700155796636
0.0491638069642735
0.0491570151767994
0.0491496246475015
0.0491416187215626
0.0491329797000360
0.0491236888905678
0.0491137266695377
0.0491030725581812
0.0490917053153055
0.0490796030501295
0.0490667433591691
0.0490531034924889
0.0490386605552864
0.0490233917531477
0.0490072746907636
0.0489902877375615
0.0489724104778435
0.0489536242694069
0.0489339129442196
0.0489132637001521
0.0488916682568707
0.0488691243912837
0.0488456380427821
0.0488212263185657
0.0487959220104118
0.0487697808329743
0.0487428940248760
0.0487154132341170
0.0486942204161040
0.0487206248394041
0.0487464607609763
0.0487715878876929
0.0487959220104117
0.0488194110732973
0.0488420236627900
0.0488637426050254
0.0488845610093557
0.0489044796212035
0.0489235049436267
0.0489416478458348
0.0489589224991849
0.0489753455449201
0.0489909354315601
0.0490057118809508
0.0490196954535588
0.0490329071922774
0.0490453683289656
0.0490571000418480
0.0490681232544588
0.0490784584688428
0.0490881256271112
0.0490971439966058
0.0491055320747381
0.0491133075104112
0.0491204870391218
0.0491270864297243
0.0491331204407808
0.0491386027851411
0.0491435461010950
0.0491479619293943
0.0491518606946215
0.0491552516906273
0.0491581430690087
0.0491605418302293
0.0491624538166984
0.0491638837077559
0.0491648350158424
0.0491653100839263
0.0491653100839262
0.0491648350158424
0.0491638837077558
0.0491624538166984
0.0491605418302293
0.0491581430690087
0.0491552516906273
0.0491518606946215
0.0491479619293943
0.0491435461010953
0.0491386027851411
0.0491331204407808
0.0491270864297243
0.0491204870391218
0.0491133075104112
0.0491055320747381
0.0490971439966058
0.0490881256271112
0.0490784584688430
0.0490681232544588
0.0490571000418480
0.0490453683289656
0.0490329071922774
0.0490196954535588
0.0490057118809508
0.0489909354315601
0.0489753455449201
0.0489589224991849
0.0489416478458348
0.0489235049436267
0.0489044796212032
0.0488845610093555
0.0488637426050254
0.0488420236627900
0.0488194110732984
0.0487959220104118
0.0487715878876929
0.0487464607609763
0.0487206248394041
0.0486942204161040
0.0486724208954892
0.0486976779429133
0.0487224004512396
0.0487464607609764
0.0487697808329743
0.0487923107851150
0.0488140191517748
0.0488348875064423
0.0488549070719958
0.0488740763892715
0.0488923996186945
0.0489098852536673
0.0489265451188443
0.0489423935747990
0.0489574468773737
0.0489717226559296
0.0489852394852113
0.0489980165315584
0.0490100732596724
0.0490214291884936
0.0490321036877062
0.0490421158077991
0.0490514841383162
0.0490602266893177
0.0490683607927101
0.0490759030199630
0.0490828691139043
0.0490892739320540
0.0490951313999707
0.0491004544727805
0.0491052551037931
0.0491095442188043
0.0491133316954510
0.0491166263464307
0.0491194359063013
0.0491217670209303
0.0491236252392895
0.0491250150073323
0.0491259396632186
0.0491264014341178
0.0491264014341178
0.0491259396632187
0.0491250150073322
0.0491236252392895
0.0491217670209303
0.0491194359063013
0.0491166263464307
0.0491133316954510
0.0491095442188043
0.0491052551037931
0.0491004544727805
0.0490951313999710
0.0490892739320540
0.0490828691139041
0.0490759030199630
0.0490683607927098
0.0490602266893177
0.0490514841383162
0.0490421158077983
0.0490321036877062
0.0490214291884936
0.0490100732596724
0.0489980165315584
0.0489852394852113
0.0489717226559296
0.0489574468773737
0.0489423935747990
0.0489265451188443
0.0489098852536674
0.0488923996186945
0.0488740763892715
0.0488549070719973
0.0488348875064424
0.0488140191517748
0.0487923107851150
0.0487697808329743
0.0487464607609764
0.0487224004512394
0.0486976779429133
0.0486724208954892
0.0486500911377836
0.0486741280665016
0.0486976779429134
0.0487206248394041
0.0487428940248760
0.0487644352847037
0.0487852152670054
0.0488052129950552
0.0488244168815658
0.0488428225932613
0.0488604314523695
0.0488772492023086
0.0488932850331910
0.0489085507999668
0.0489230603872470
0.0489368291885129
0.0489498736761661
0.0489622110443873
0.0489738589114399
0.0489848350709318
0.0489951572830969
0.0490048431000173
0.0490139097187166
0.0490223738579756
0.0490302516549956
0.0490375585788165
0.0490443093579971
0.0490505179200978
0.0490561973416095
0.0490613598060844
0.0490660165698189
0.0490701779334611
0.0490738532188220
0.0490770507500314
0.0490797778382824
0.0490820407696339
0.0490838447954488
0.0490851941249611
0.0490860919196113
0.0490865402891954
0.0490865402891954
0.0490860919196112
0.0490851941249610
0.0490838447954488
0.0490820407696339
0.0490797778382824
0.0490770507500314
0.0490738532188220
0.0490701779334611
0.0490660165698189
0.0490613598060844
0.0490561973416095
0.0490505179200978
0.0490443093579975
0.0490375585788165
0.0490302516549956
0.0490223738579765
0.0490139097187163
0.0490048431000173
0.0489951572830968
0.0489848350709318
0.0489738589114399
0.0489622110443873
0.0489498736761661
0.0489368291885129
0.0489230603872470
0.0489085507999668
0.0488932850331910
0.0488772492023086
0.0488604314523695
0.0488428225932613
0.0488244168815658
0.0488052129950552
0.0487852152670052
0.0487644352847037
0.0487428940248759
0.0487206248394041
0.0486976779429134
0.0486741280665016
0.0486500911377834
0.0486273427491294
0.0486500911377834
0.0486724208954892
0.0486942204161040
0.0487154132341171
0.0487359459228487
0.0487557815453104
0.0487748955135843
0.0487932727317336
0.0488109055118006
0.0488277919948361
0.0488439349220145
0.0488593406587083
0.0488740184076585
0.0488879795673795
0.0489012372040177
0.0489138056138091
0.0489256999585719
0.0489369359605999
0.0489475296468516
0.0489574971337044
0.0489668544456502
0.0489756173625877
0.0489838012909776
0.0489914211553692
0.0489984913069561
0.0490050254467118
0.0490110365608964
0.0490165368669616
0.0490215377684215
0.0490260498172230
0.0490300826825287
0.0490336451249594
0.0490367449754544
0.0490393891179958
0.0490415834756647
0.0490433329996083
0.0490446416603058
0.0490455124410368
0.0490459473331813
0.0490459473331813
0.0490455124410368
0.0490446416603058
0.0490433329996083
0.0490415834756647
0.0490393891179958
0.0490367449754544
0.0490336451249594
0.0490300826825293
0.0490260498172230
0.0490215377684215
0.0490165368669617
0.0490110365608964
0.0490050254467119
0.0489984913069561
0.0489914211553692
0.0489838012909776
0.0489756173625880
0.0489668544456502
0.0489574971337045
0.0489475296468521
0.0489369359605999
0.0489256999585719
0.0489138056138091
0.0489012372040177
0.0488879795673795
0.0488740184076585
0.0488593406587083
0.0488439349220145
0.0488277919948361
0.0488109055118006
0.0487932727317333
0.0487748955135841
0.0487557815453105
0.0487359459228495
0.0487154132341171
0.0486942204161041
0.0486724208954892
0.0486500911377834
0.0486273427491294
0.9725477605024249
0.9730027238395754
0.9734493123922319
0.9738852942741145
0.9743091404015641
0.9747197824569246
0.9751164819003425
0.9754987471588579
0.9758662764845321
0.9762189162725936
0.9765566294869666
0.9768794710803548
0.9771875684798288
0.9774811058500187
0.9777603112638907
0.9780254461392505
0.9782767964918042
0.9785146656414341
0.9787393681152676
0.9789512245293231
0.9791505572833246
0.9793376869381383
0.9795129291573842
0.9796765921357214
0.9798289744234683
0.9799703631025091
0.9801010322474262
0.9802212416349657
0.9803312356616763
0.9804312424436538
0.9805214730602083
0.9806021209332222
0.9806733613093241
0.9807353508382214
0.9807882272261530
0.9808321089583462
0.9808670950766564
0.9808932650066609
0.9809106784255877
0.9809193751686651
0.9809193751686652
0.9809106784255877
0.9808932650066601
0.9808670950766564
0.9808321089583462
0.9807882272261530
0.9807353508382214
0.9806733613093241
0.9806021209332215
0.9805214730602083
0.9804312424436538
0.9803312356616763
0.9802212416349657
0.9801010322474262
0.9799703631025108
0.9798289744234683
0.9796765921357214
0.9795129291573842
0.9793376869381383
0.9791505572833246
0.9789512245293231
0.9787393681152676
0.9785146656414341
0.9782767964918042
0.9780254461392505
0.9777603112638907
0.9774811058500187
0.9771875684798288
0.9768794710803548
0.9765566294869666
0.9762189162725936
0.9758662764845328
0.9754987471588579
0.9751164819003425
0.9747197824569246
0.9743091404015618
0.9738852942741145
0.9734493123922319
0.9730027238395754
0.9725477605024249
0.9730027238395791
0.9734834552219283
0.9739544434643188
0.9744133702867169
0.9748587413183464
0.9752895524961902
0.9757051369907243
0.9761050754547401
0.9764891363093215
0.9768572330382634
0.9772093922200854
0.9775457288433543
0.9778664268189426
0.9781717233454037
0.9784618962068736
0.9787372533589136
0.9789981243292698
0.9792448530779889
0.9794777920443013
0.9796972971694659
0.9799037237265539
0.9800974228220527
0.9802787384595218
0.9804480050755137
0.9806055454722935
0.9807516690870715
0.9808866705438617
0.9810108284456749
0.9811244043693074
0.9812276420311112
0.9813207665986706
0.9814039841230527
0.9814774810757180
0.9815414239700783
0.9815959590574461
0.9816412120834509
0.9816772880948035
0.9817042712919769
0.9817222249165479
0.9817311911718257
0.9817311911718257
0.9817222249165479
0.9817042712919769
0.9816772880948035
0.9816412120834509
0.9815959590574461
0.9815414239700783
0.9814774810757180
0.9814039841230527
0.9813207665986706
0.9812276420311123
0.9811244043693074
0.9810108284456749
0.9808866705438617
0.9807516690870715
0.9806055454722935
0.9804480050755137
0.9802787384595218
0.9800974228220523
0.9799037237265539
0.9796972971694659
0.9794777920443003
0.9792448530779889
0.9789981243292698
0.9787372533589136
0.9784618962068736
0.9781717233454037
0.9778664268189426
0.9775457288433538
0.9772093922200854
0.9768572330382634
0.9764891363093215
0.9761050754547401
0.9757051369907243
0.9752895524961902
0.9748587413183464
0.9744133702867169
0.9739544434643188
0.9734834552219283
0.9730027238395791
0.9734493123922319
0.9739544434643183
0.9744488817648411
0.9749300744155147
0.9753964609076455
0.9758470438408027
0.9762811941140440
0.9766985433816379
0.9770989162609919
0.9774822837078930
0.9778487290524517
0.9781984222689606
0.9785315999451819
0.9788485493783166
0.9791495957635348
0.9794350917618198
0.9797054089360420
0.9799609306798744
0.9802020463516001
0.9804291463921115
0.9806426182563416
0.9808428430142209
0.9810301925147730
0.9812050270168814
0.9813676932143046
0.9815185225908563
0.9816578300552213
0.9817859128079172
0.9819030494074531
0.9820094990022431
0.9821055006989882
0.9821912730538983
0.9822670136542273
0.9823328987863690
0.9823890831695761
0.9824356997456913
0.9824728595150799
0.9825006514126853
0.9825191422145629
0.9825283764726862
0.9825283764726862
0.9825191422145629
0.9825006514126844
0.9824728595150799
0.9824356997456913
0.9823890831695761
0.9823328987863690
0.9822670136542273
0.9821912730538983
0.9821055006989882
0.9820094990022431
0.9819030494074531
0.9817859128079172
0.9816578300552213
0.9815185225908563
0.9813676932143043
0.9812050270168814
0.9810301925147730
0.9808428430142209
0.9806426182563416
0.9804291463921115
0.9802020463516001
0.9799609306798744
0.9797054089360420
0.9794350917618198
0.9791495957635360
0.9788485493783166
0.9785315999451819
0.9781984222689606
0.9778487290524538
0.9774822837078930
0.9770989162609919
0.9766985433816379
0.9762811941140440
0.9758470438408027
0.9753964609076455
0.9749300744155147
0.9744488817648411
0.9739544434643188
0.9734493123922319
0.9738852942741156
0.9744133702867166
0.9749300744155147
0.9754326011459555
0.9759192665905877
0.9763890298839829
0.9768412629667371
0.9772756225402895
0.9776919709396210
0.9780903231977560
0.9784708094813445
0.9788336472628748
0.9791791200474563
0.9795075607284571
0.9798193383386669
0.9801148473735792
0.9803944990986676
0.9806587144257389
0.9809079180458267
0.9811425335774525
0.9813629795447432
0.9815696660425144
0.9817629919665679
0.9819433427174805
0.9821110882968797
0.9822665817349246
0.9824101577923734
0.9825421318954717
0.9826627992633101
0.9827724341977176
0.9828712895075159
0.9829595960468177
0.9830375623434653
0.9831053743078876
0.9831631950009732
0.9832111644568398
0.9832493995458946
0.9832779938713245
0.9832970176951230
0.9833065178861364
0.9833065178861364
0.9832970176951230
0.9832779938713245
0.9832493995458946
0.9832111644568398
0.9831631950009732
0.9831053743078876
0.9830375623434653
0.9829595960468177
0.9828712895075159
0.9827724341977176
0.9826627992633101
0.9825421318954731
0.9824101577923734
0.9822665817349246
0.9821110882968797
0.9819433427174805
0.9817629919665679
0.9815696660425144
0.9813629795447432
0.9811425335774525
0.9809079180458267
0.9806587144257389
0.9803944990986659
0.9801148473735792
0.9798193383386669
0.9795075607284571
0.9791791200474563
0.9788336472628748
0.9784708094813445
0.9780903231977560
0.9776919709396210
0.9772756225402895
0.9768412629667371
0.9763890298839829
0.9759192665905877
0.9754326011459555
0.9749300744155147
0.9744133702867166
0.9738852942741156
0.9743091404015618
0.9748587413183465
0.9753964609076455
0.9759192665905893
0.9764253339082017
0.9769135488252668
0.9773832557148391
0.9778341126007604
0.9782660008294165
0.9786789649680333
0.9790731707082784
0.9794488741616537
0.9798063987453417
0.9801461173526573
0.9804684383420060
0.9807737943659850
0.9810626333718985
0.9813354112896826
0.9815925860571437
0.9818346127170410
0.9820619393847938
0.9822750039236543
0.9824742312055645
0.9826600308556357
0.9828327953960589
0.9829928987246237
0.9831406948696443
0.9832765169766400
0.9834006764878743
0.9835134624807484
0.9836151411399237
0.9837059553364662
0.9837861242991612
0.9838558433568967
0.9839152837407098
0.9839645924353869
0.9840038920641131
0.9840332808100763
0.9840528323541790
0.9840625958378568
0.9840625958378568
0.9840528323541790
0.9840332808100763
0.9840038920641140
0.9839645924353869
0.9839152837407098
0.9838558433568967
0.9837861242991686
0.9837059553364662
0.9836151411399234
0.9835134624807484
0.9834006764878743
0.9832765169766400
0.9831406948696443
0.9829928987246237
0.9828327953960589
0.9826600308556357
0.9824742312055645
0.9822750039236543
0.9820619393847938
0.9818346127170410
0.9815925860571437
0.9813354112896826
0.9810626333718985
0.9807737943659847
0.9804684383420060
0.9801461173526573
0.9798063987453417
0.9794488741616537
0.9790731707082782
0.9786789649680333
0.9782660008294165
0.9778341126007604
0.9773832557148391
0.9769135488252668
0.9764253339082017
0.9759192665905893
0.9753964609076455
0.9748587413183465
0.9743091404015618
0.9747197824569246
0.9752895524961950
0.9758470438408027
0.9763890298839829
0.9769135488252668
0.9774194007849070
0.9779058844728841
0.9783726410796432
0.9788195548283719
0.9792466862044313
0.9796542251863749
0.9800424573238914
0.9804117384213527
0.9807624752019122
0.9810951102641731
0.9814101102082652
0.9817079561558399
0.9819891361156888
0.9822541387984974
0.9825034485778842
0.9827375413785467
0.9829568813119017
0.9831619179234508
0.9833530839418561
0.9835307934441190
0.9836954403602465
0.9838473972634004
0.9839870143929892
0.9841146188713068
0.9842305140823316
0.9843349791790874
0.9844282687012531
0.9845106122769545
0.9845822143992852
0.9846432542541889
0.9846938855972072
0.9847342366622264
0.9847644100967782
0.9847844829188246
0.9847945064882165
0.9847945064882165
0.9847844829188246
0.9847644100967782
0.9847342366622264
0.9846938855972072
0.9846432542541889
0.9845822143992852
0.9845106122769545
0.9844282687012531
0.9843349791790854
0.9842305140823316
0.9841146188713068
0.9839870143929892
0.9838473972634004
0.9836954403602465
0.9835307934441209
0.9833530839418561
0.9831619179234508
0.9829568813119017
0.9827375413785467
0.9825034485778842
0.9822541387984974
0.9819891361156888
0.9817079561558399
0.9814101102082652
0.9810951102641731
0.9807624752019122
0.9804117384213527
0.9800424573238914
0.9796542251863749
0.9792466862044313
0.9788195548283719
0.9783726410796406
0.9779058844728841
0.9774194007849070
0.9769135488252668
0.9763890298839829
0.9758470438408027
0.9752895524961950
0.9747197824569246
0.9751164819003425
0.9757051369907268
0.9762811941140440
0.9768412629667363
0.9773832557148391
0.9779058844728841
0.9784083928951053
0.9788903931700036
0.9793517599664767
0.9797925581809868
0.9802129919283037
0.9806133674609686
0.9809940655460164
0.9813555204595349
0.9816982037421188
0.9820226114653108
0.9823292541349976
0.9826186486220980
0.9828913116683565
0.9831477546368602
0.9833884792537023
0.9836139741518315
0.9838247120608806
0.9840211475269389
0.9842037150662076
0.9843728276744453
0.9845288756293589
0.9846722255337860
0.9848032195558869
0.9849221748354000
0.9850293830169585
0.9851251098960112
0.9852095951474632
0.9852830521258947
0.9853456677185188
0.9853976022407500
0.9854389893651347
0.9854699360707218
0.9854905226133864
0.9855008025053538
0.9855008025053538
0.9854905226133864
0.9854699360707218
0.9854389893651350
0.9853976022407500
0.9853456677185188
0.9852830521258945
0.9852095951474632
0.9851251098960112
0.9850293830169585
0.9849221748354013
0.9848032195558869
0.9846722255337860
0.9845288756293589
0.9843728276744456
0.9842037150662076
0.9840211475269389
0.9838247120608807
0.9836139741518315
0.9833884792537023
0.9831477546368602
0.9828913116683562
0.9826186486220980
0.9823292541349976
0.9820226114653108
0.9816982037421188
0.9813555204595349
0.9809940655460164
0.9806133674609686
0.9802129919283020
0.9797925581809868
0.9793517599664767
0.9788903931700036
0.9784083928951053
0.9779058844728841
0.9773832557148391
0.9768412629667371
0.9762811941140440
0.9757051369907268
0.9751164819003425
0.9754987471588579
0.9761050754547391
0.9766985433816379
0.9772756225402895
0.9778341126007604
0.9783726410796406
0.9788903931700035
0.9793869448941916
0.9798621526246435
0.9803160766742228
0.9807489267569549
0.9811610220709256
0.9815527614676142
0.9819246007644347
0.9822770352319169
0.9826105859099631
0.9829257888077888
0.9832231863111012
0.9835033203065908
0.9837667266507041
0.9840139307129060
0.9842454437758477
0.9844617601279193
0.9846633547191255
0.9848506812746287
0.9850241707827617
0.9851842302894325
0.9853312419449798
0.9854655622520674
0.9855875214858532
0.9856974232457546
0.9857955441168513
0.9858821334200253
0.9859574130298694
0.9860215772457926
0.9860747927033622
0.9861171983186756
0.9861489052494693
0.9861699968766946
0.9861805287920303
0.9861805287920304
0.9861699968766946
0.9861489052494748
0.9861171983186756
0.9860747927033622
0.9860215772457926
0.9859574130298694
0.9858821334200253
0.9857955441168513
0.9856974232457568
0.9855875214858532
0.9854655622520674
0.9853312419449798
0.9851842302894325
0.9850241707827617
0.9848506812746287
0.9846633547191255
0.9844617601279193
0.9842454437758457
0.9840139307129060
0.9837667266507041
0.9835033203065908
0.9832231863111012
0.9829257888077888
0.9826105859099631
0.9822770352319169
0.9819246007644347
0.9815527614676135
0.9811610220709256
0.9807489267569549
0.9803160766742228
0.9798621526246435
0.9793869448941916
0.9788903931700035
0.9783726410796406
0.9778341126007604
0.9772756225402895
0.9766985433816379
0.9761050754547391
0.9754987471588579
0.9758662764845328
0.9764891363093223
0.9770989162609919
0.9776919709396211
0.9782660008294175
0.9788195548283719
0.9793517599664767
0.9798621526246435
0.9803505652605191
0.9808170470239508
0.9812618064466758
0.9816851691356836
0.9820875459620906
0.9824694087922673
0.9828312717230057
0.9831736764268016
0.9834971806021618
0.9838023488073278
0.9840897451469677
0.9843599274140293
0.9846134423835541
0.9848508220313394
0.9850725804920696
0.9852792116203259
0.9854711870357961
0.9856489545680968
0.9858129370234467
0.9859635312149462
0.9861011072074627
0.9862260077365644
0.9863385477672032
0.9864390141655384
0.9865276654582285
0.9866047316633982
0.9866704141741188
0.9867248856817831
0.9867682901299692
0.9868007426874853
0.9868223297354922
0.9868331088624616
0.9868331088624616
0.9868223297354922
0.9868007426874853
0.9867682901299692
0.9867248856817831
0.9866704141741188
0.9866047316633982
0.9865276654582285
0.9864390141655384
0.9863385477672032
0.9862260077365653
0.9861011072074627
0.9859635312149478
0.9858129370234467
0.9856489545680968
0.9854711870357961
0.9852792116203259
0.9850725804920728
0.9848508220313394
0.9846134423835541
0.9843599274140293
0.9840897451469677
0.9838023488073278
0.9834971806021618
0.9831736764268008
0.9828312717230057
0.9824694087922673
0.9820875459620906
0.9816851691356836
0.9812618064466758
0.9808170470239508
0.9803505652605191
0.9798621526246435
0.9793517599664767
0.9788195548283719
0.9782660008294175
0.9776919709396211
0.9770989162609919
0.9764891363093223
0.9758662764845328
0.9762189162725936
0.9768572330382634
0.9774822837078930
0.9780903231977556
0.9786789649680333
0.9792466862044313
0.9797925581809868
0.9803160766742233
0.9808170470239508
0.9812955027079625
0.9817516459536445
0.9821858034999391
0.9825983931045950
0.9829898978497424
0.9833608462118403
0.9837117964628966
0.9840433243682497
0.9843560134260879
0.9846504470884329
0.9849272025398652
0.9851868457124057
0.9854299272874620
0.9856569794931249
0.9858685135400950
0.9860650175788366
0.9862469550778987
0.9864147635438296
0.9865688535214557
0.9867096078185643
0.9868373809142511
0.9869524985122926
0.9870552572140482
0.9871459242816597
0.9872247374724917
0.9872919049304588
0.9873476051174304
0.9873919867733831
0.9874251688945250
0.9874472407284707
0.9874582617717820
0.9874582617717820
0.9874472407284707
0.9874251688945250
0.9873919867733831
0.9873476051174304
0.9872919049304588
0.9872247374724888
0.9871459242816597
0.9870552572140482
0.9869524985122926
0.9868373809142511
0.9867096078185643
0.9865688535214557
0.9864147635438296
0.9862469550778987
0.9860650175788366
0.9858685135400950
0.9856569794931250
0.9854299272874620
0.9851868457124057
0.9849272025398652
0.9846504470884329
0.9843560134260871
0.9840433243682497
0.9837117964628966
0.9833608462118363
0.9829898978497424
0.9825983931045950
0.9821858034999389
0.9817516459536456
0.9812955027079625
0.9808170470239508
0.9803160766742233
0.9797925581809868
0.9792466862044313
0.9786789649680333
0.9780903231977556
0.9774822837078930
0.9768572330382634
0.9762189162725936
0.9765566294869678
0.9772093922200885
0.9778487290524538
0.9784708094813445
0.9790731707082782
0.9796542251863626
0.9802129919283037
0.9807489267569551
0.9812618064466765
0.9817516459536456
0.9822186375138268
0.9826631049058790
0.9830854685707721
0.9834862186892507
0.9838658942045432
0.9842250663442329
0.9845643255945746
0.9848842713530992
0.9851855036738658
0.9854686166679525
0.9857341932171860
0.9859828007405733
0.9862149878050234
0.9864312814188053
0.9866321848779254
0.9868181760609750
0.9869897060876914
0.9871471982729531
0.9872910473188218
0.9874216187009063
0.9875392482084145
0.9876442416068016
0.9877368743979851
0.9878173916538108
0.9878860079093823
0.9879429070945044
0.9879882424996763
0.9880221367568699
0.9880446818366703
0.9880559390493712
0.9880559390493772
0.9880446818366703
0.9880221367568693
0.9879882424996763
0.9879429070945044
0.9878860079093824
0.9878173916538108
0.9877368743979851
0.9876442416068016
0.9875392482084148
0.9874216187009063
0.9872910473188218
0.9871471982729531
0.9869897060876914
0.9868181760609750
0.9866321848779254
0.9864312814188053
0.9862149878050234
0.9859828007405733
0.9857341932171860
0.9854686166679525
0.9851855036738637
0.9848842713530992
0.9845643255945761
0.9842250663442329
0.9838658942045461
0.9834862186892507
0.9830854685707721
0.9826631049058790
0.9822186375138268
0.9817516459536445
0.9812618064466765
0.9807489267569551
0.9802129919283037
0.9796542251863626
0.9790731707082782
0.9784708094813445
0.9778487290524538
0.9772093922200854
0.9765566294869678
0.9768794710803548
0.9775457288433538
0.9781984222689606
0.9788336472628748
0.9794488741616520
0.9800424573238914
0.9806133674609686
0.9811610220709256
0.9816851691356836
0.9821858034999391
0.9826631049058790
0.9831173911147456
0.9835490819147028
0.9839586711738728
0.9843467049450940
0.9847137642000082
0.9850604511287787
0.9853873782311937
0.9856951595973205
0.9859844039266475
0.9862557089335126
0.9865096568628902
0.9867468109023481
0.9869677123166276
0.9871728781686381
0.9873627995165852
0.9875379399969235
0.9876987347194853
0.9878455894181818
0.9879788798021608
0.9880989510740721
0.9882061175766634
0.9883006625409863
0.9883828379141230
0.9884528642469417
0.9885109306258267
0.9885571946354244
0.9885917823424302
0.9886147882921691
0.9886262755111669
0.9886262755111669
0.9886147882921691
0.9885917823424302
0.9885571946354244
0.9885109306258267
0.9884528642469417
0.9883828379141232
0.9883006625409863
0.9882061175766634
0.9880989510740721
0.9879788798021608
0.9878455894181817
0.9876987347194853
0.9875379399969235
0.9873627995165852
0.9871728781686370
0.9869677123166276
0.9867468109023481
0.9865096568628902
0.9862557089335126
0.9859844039266475
0.9856951595973205
0.9853873782311937
0.9850604511287787
0.9847137642000082
0.9843467049451001
0.9839586711738728
0.9835490819147028
0.9831173911147456
0.9826631049058780
0.9821858034999391
0.9816851691356836
0.9811610220709266
0.9806133674609686
0.9800424573238914
0.9794488741616520
0.9788336472628748
0.9781984222689606
0.9775457288433538
0.9768794710803524
0.9771875684798288
0.9778664268189426
0.9785315999451819
0.9791791200474542
0.9798063987453417
0.9804117384213527
0.9809940655460166
0.9815527614676142
0.9820875459620906
0.9825983931045953
0.9830854685707721
0.9835490819147028
0.9839896497068046
0.9844076667423640
0.9848036833726744
0.9851782875404523
0.9855320904742992
0.9858657152555490
0.9861797876563972
0.9864749287900381
0.9867517492059197
0.9870108441536710
0.9872527897873660
0.9874781401315983
0.9876874246672480
0.9878811464187690
0.9880597804525902
0.9882237727026558
0.9883735390683599
0.9885094647256525
0.9886319036131320
0.9887411780555175
0.9888375784939637
0.9889213633027201
0.9889927586660675
0.9890519585066605
0.9890991244422953
0.9891343857676741
0.9891578394505246
0.9891695501323811
0.9891695501323811
0.9891578394505248
0.9891343857676741
0.9890991244422953
0.9890519585066544
0.9889927586660675
0.9889213633027201
0.9888375784939637
0.9887411780555175
0.9886319036131320
0.9885094647256525
0.9883735390683599
0.9882237727026558
0.9880597804525902
0.9878811464187677
0.9876874246672480
0.9874781401315983
0.9872527897873660
0.9870108441536710
0.9867517492059197
0.9864749287900380
0.9861797876563972
0.9858657152555490
0.9855320904742992
0.9851782875404540
0.9848036833726744
0.9844076667423640
0.9839896497068046
0.9835490819147028
0.9830854685707721
0.9825983931045952
0.9820875459620906
0.9815527614676142
0.9809940655460166
0.9804117384213527
0.9798063987453417
0.9791791200474542
0.9785315999451819
0.9778664268189425
0.9771875684798288
0.9774811058500187
0.9781717233454037
0.9788485493783163
0.9795075607284571
0.9801461173526573
0.9807624752019120
0.9813555204595349
0.9819246007644347
0.9824694087922673
0.9829898978497424
0.9834862186892286
0.9839586711738728
0.9844076667423640
0.9848336989433283
0.9852373201179716
0.9856191228340995
0.9859797250442983
0.9863197581781219
0.9866398575692172
0.9869406547513677
0.9872227712583870
0.9874868136350143
0.9877333694334471
0.9879630040070181
0.9881762579528260
0.9883736450852890
0.9885556508373188
0.9887227310126084
0.9888753108222045
0.9890137841467850
0.9891385129858192
0.9892498270502691
0.9893480234714709
0.9894333666001756
0.9895060878698195
0.9895663857146587
0.9896144255212233
0.9896503396039348
0.9896742271977594
0.9896861544567791
0.9896861544567791
0.9896742271977621
0.9896503396039348
0.9896144255212233
0.9895663857146587
0.9895060878698195
0.9894333666001756
0.9893480234714709
0.9892498270502691
0.9891385129858192
0.9890137841467850
0.9888753108222045
0.9887227310126084
0.9885556508373188
0.9883736450852890
0.9881762579528260
0.9879630040070181
0.9877333694334456
0.9874868136350143
0.9872227712583891
0.9869406547513677
0.9866398575692159
0.9863197581781237
0.9859797250442983
0.9856191228340995
0.9852373201179723
0.9848336989433283
0.9844076667423640
0.9839586711738728
0.9834862186892507
0.9829898978497424
0.9824694087922673
0.9819246007644347
0.9813555204595349
0.9807624752019122
0.9801461173526573
0.9795075607284590
0.9788485493783159
0.9781717233454033
0.9774811058500187
0.9777603112638907
0.9784618962068736
0.9791495957635360
0.9798193383386669
0.9804684383420055
0.9810951102641731
0.9816982037421188
0.9822770352319169
0.9828312717230057
0.9833608462118363
0.9838658942045461
0.9843467049450940
0.9848036833726744
0.9852373201179716
0.9856481676542340
0.9860368212248568
0.9864039035312253
0.9867500524030592
0.9870759108497071
0.9873821190304559
0.9876693077690214
0.9879380933235670
0.9881890731793342
0.9884228226661788
0.9886398922613423
0.9888408054385596
0.9890260569736294
0.9891961116136201
0.9893514030468326
0.9894923331131765
0.9896192712076574
0.9897325538406908
0.9898324843183673
0.9899193325187596
0.9899933347420699
0.9900546936111201
0.9901035780162640
0.9901401230825158
0.9901644301567208
0.9901765668029795
0.9901765668029795
0.9901644301567208
0.9901401230825158
0.9901035780162640
0.9900546936111206
0.9899933347420699
0.9899193325187391
0.9898324843183673
0.9897325538406908
0.9896192712076579
0.9894923331131761
0.9893514030468326
0.9891961116136201
0.9890260569736294
0.9888408054385596
0.9886398922613423
0.9884228226661788
0.9881890731793342
0.9879380933235670
0.9876693077690224
0.9873821190304559
0.9870759108497071
0.9867500524030592
0.9864039035312253
0.9860368212248566
0.9856481676542338
0.9852373201179712
0.9848036833726744
0.9843467049450940
0.9838658942045461
0.9833608462118363
0.9828312717230057
0.9822770352319169
0.9816982037421188
0.9810951102641770
0.9804684383420057
0.9798193383386669
0.9791495957635360
0.9784618962068736
0.9777603112638907
0.9780254461392539
0.9787372533589136
0.9794350917618198
0.9801148473735821
0.9807737943659850
0.9814101102082834
0.9820226114653108
0.9826105859099631
0.9831736764268008
0.9837117964628959
0.9842250663442329
0.9847137642000082
0.9851782875404523
0.9856191228340991
0.9860368212248576
0.9864319790370024
0.9868052220611404
0.9871571928511140
0.9874885404420237
0.9877999120171467
0.9880919461618614
0.9883652674035659
0.9886204818047469
0.9888581734145940
0.9890789014249940
0.9892831979007114
0.9894715659827209
0.9896444784727922
0.9898023767332494
0.9899456698391524
0.9900747339353483
0.9901899117569091
0.9902915122788892
0.9903798104679483
0.9904550471110013
0.9905174287020203
0.9905671273729724
0.9906042808521492
0.9906289924448011
0.9906413310231228
0.9906413310231228
0.9906289924448011
0.9906042808521492
0.9905671273729724
0.9905174287020203
0.9904550471110013
0.9903798104679483
0.9902915122788815
0.9901899117569091
0.9900747339353481
0.9899456698391524
0.9898023767332494
0.9896444784727922
0.9894715659827207
0.9892831979007114
0.9890789014249940
0.9888581734145940
0.9886204818047469
0.9883652674035690
0.9880919461618614
0.9877999120171467
0.9874885404420237
0.9871571928511140
0.9868052220611404
0.9864319790370023
0.9860368212248568
0.9856191228340998
0.9851782875404523
0.9847137642000082
0.9842250663442332
0.9837117964628964
0.9831736764268008
0.9826105859099631
0.9820226114653108
0.9814101102082834
0.9807737943659850
0.9801148473735828
0.9794350917618198
0.9787372533589136
0.9780254461392539
0.9782767964918045
0.9789981243292698
0.9797054089360420
0.9803944990986676
0.9810626333718985
0.9817079561558399
0.9823292541349976
0.9829257888077878
0.9834971806021618
0.9840433243682497
0.9845643255945761
0.9850604511287785
0.9855320904742992
0.9859797250442989
0.9864039035312253
0.9868052220611404
0.9871843081379763
0.9875418076200216
0.9878783741375522
0.9881946604922784
0.9884913116662700
0.9887689591504115
0.9890282163479183
0.9892696748662178
0.9894939015291991
0.9897014359916140
0.9898927888368495
0.9900684400779530
0.9902288379837281
0.9903743981709713
0.9905055029108949
0.9906225006083954
0.9907257054170739
0.9908153969634024
0.9908918201527479
0.9909551850376587
0.9910056667353019
0.9910434053743691
0.9910685060669026
0.9910810388922044
0.9910810388922044
0.9910685060669026
0.9910434053743691
0.9910056667352963
0.9909551850376587
0.9908918201527480
0.9908153969634024
0.9907257054170739
0.9906225006083954
0.9905055029108949
0.9903743981709713
0.9902288379837281
0.9900684400779530
0.9898927888368495
0.9897014359916153
0.9894939015291991
0.9892696748662178
0.9890282163479183
0.9887689591504115
0.9884913116662700
0.9881946604922788
0.9878783741375519
0.9875418076200216
0.9871843081379763
0.9868052220611404
0.9864039035312253
0.9859797250442989
0.9855320904742992
0.9850604511287785
0.9845643255945761
0.9840433243682497
0.9834971806021618
0.9829257888077878
0.9823292541349976
0.9817079561558399
0.9810626333718985
0.9803944990986676
0.9797054089360420
0.9789981243292698
0.9782767964918045
0.9785146656414341
0.9792448530779889
0.9799609306798744
0.9806587144257389
0.9813354112896826
0.9819891361156886
0.9826186486220980
0.9832231863111009
0.9838023488073278
0.9843560134260871
0.9848842713530992
0.9853873782311937
0.9858657152555490
0.9863197581781219
0.9867500524030592
0.9871571928511140
0.9875418076200216
0.9879045446815606
0.9882460610412676
0.9885670138931681
0.9888680534130395
0.9891498168875733
0.9894129239442679
0.9896579726869291
0.9898855365765667
0.9900961619269666
0.9902903659031178
0.9904686349353357
0.9906314234740772
0.9907791530184417
0.9909122113714632
0.9910309520754699
0.9911356939914512
0.9912267209923550
0.9913042817449932
0.9913685895586569
0.9914198222860070
0.9914581222584748
0.9914835962477320
0.9914963154435875
0.9914963154435875
0.9914835962477320
0.9914581222584752
0.9914198222860070
0.9913685895586569
0.9913042817449933
0.9912267209923584
0.9911356939914531
0.9910309520754699
0.9909122113714632
0.9907791530184417
0.9906314234740772
0.9904686349353357
0.9902903659031178
0.9900961619269666
0.9898855365765667
0.9896579726869291
0.9894129239442679
0.9891498168875733
0.9888680534130395
0.9885670138931681
0.9882460610412676
0.9879045446815606
0.9875418076200216
0.9871571928511140
0.9867500524030592
0.9863197581781219
0.9858657152555490
0.9853873782311937
0.9848842713530992
0.9843560134260871
0.9838023488073278
0.9832231863111009
0.9826186486220980
0.9819891361156886
0.9813354112896826
0.9806587144257389
0.9799609306798744
0.9792448530779889
0.9785146656414341
0.9787393681152681
0.9794777920443013
0.9802020463516001
0.9809079180458267
0.9815925860571437
0.9822541387984974
0.9828913116683562
0.9835033203065908
0.9840897451469705
0.9846504470884329
0.9851855036738679
0.9856951595973205
0.9861797876563972
0.9866398575692166
0.9870759108497071
0.9874885404420237
0.9878783741375536
0.9882460610412676
0.9885922604997532
0.9889176330480957
0.9892228330037590
0.9895085024154147
0.9897752661335162
0.9900237278009857
0.9902544666062251
0.9904680346670364
0.9906649549315752
0.9908457195096119
0.9910107883520860
0.9911605882195155
0.9912955118844807
0.9914159175215836
0.9915221282487169
0.9916144317904209
0.9916930802326482
0.9917582898512203
0.9918102409946034
0.9918490780058159
0.9918749091739123
0.9918878067050054
0.9918878067050054
0.9918749091739123
0.9918490780058159
0.9918102409946034
0.9917582898512233
0.9916930802326482
0.9916144317904211
0.9915221282487169
0.9914159175215836
0.9912955118844807
0.9911605882195155
0.9910107883520860
0.9908457195096119
0.9906649549315752
0.9904680346670364
0.9902544666062251
0.9900237278009857
0.9897752661335162
0.9895085024154147
0.9892228330037590
0.9889176330480957
0.9885922604997535
0.9882460610412676
0.9878783741375519
0.9874885404420237
0.9870759108497071
0.9866398575692166
0.9861797876563972
0.9856951595973205
0.9851855036738679
0.9846504470884343
0.9840897451469705
0.9835033203065908
0.9828913116683562
0.9822541387984974
0.9815925860571437
0.9809079180458267
0.9802020463516001
0.9794777920443013
0.9787393681152676
0.9789512245293454
0.9796972971694659
0.9804291463921115
0.9811425335774525
0.9818346127170410
0.9825034485778844
0.9831477546368591
0.9837667266507041
0.9843599274140288
0.9849272025398649
0.9854686166679525
0.9859844039266475
0.9864749287900381
0.9869406547513677
0.9873821190304559
0.9877999120171470
0.9881946604922784
0.9885670138931681
0.9889176330480947
0.9892471809368403
0.9895563151068497
0.9898456814646528
0.9901159091955201
0.9903676066221634
0.9906013578378586
0.9908177199850230
0.9910172210627850
0.9912003581754698
0.9913675961439135
0.9915193664094120
0.9916560661862958
0.9917780578037840
0.9918856682125756
0.9919791886132571
0.9920588741858829
0.9921249438953856
0.9921775803563930
0.9922169297415031
0.9922431017205378
0.9922561694252471
0.9922561694252471
0.9922431017205378
0.9922169297415026
0.9921775803563920
0.9921249438953881
0.9920588741858829
0.9919791886132552
0.9918856682125756
0.9917780578037840
0.9916560661862958
0.9915193664094120
0.9913675961439135
0.9912003581754698
0.9910172210627850
0.9908177199850230
0.9906013578378591
0.9903676066221634
0.9901159091955201
0.9898456814646528
0.9895563151068497
0.9892471809368403
0.9889176330480947
0.9885670138931681
0.9881946604922784
0.9877999120171470
0.9873821190304559
0.9869406547513677
0.9864749287900381
0.9859844039266489
0.9854686166679525
0.9849272025398649
0.9843599274140288
0.9837667266507041
0.9831477546368591
0.9825034485778844
0.9818346127170410
0.9811425335774525
0.9804291463921107
0.9796972971694659
0.9789512245293454
0.9791505572833246
0.9799037237265539
0.9806426182563416
0.9813629795447432
0.9820619393847937
0.9827375413785467
0.9833884792537031
0.9840139307129073
0.9846134423835541
0.9851868457124057
0.9857341932171860
0.9862557089335126
0.9867517492059197
0.9872227712583891
0.9876693077690222
0.9880919461618611
0.9884913116662700
0.9888680534130395
0.9892228330037586
0.9895563151068493
0.9898691597225476
0.9901620158279620
0.9904355161621915
0.9906902729635951
0.9909268744932934
0.9911458822128147
0.9913478285044011
0.9915332148414161
0.9917025103301932
0.9918561505562173
0.9919945366813846
0.9921180347461893
0.9922269751334591
0.9923216521671634
0.9924023238133856
0.9924692114639666
0.9925224997825970
0.9925623365971677
0.9925888328303160
0.9926020624511676
0.9926020624511671
0.9925888328303160
0.9925623365971677
0.9925224997825970
0.9924692114639666
0.9924023238133856
0.9923216521671634
0.9922269751334591
0.9921180347461893
0.9919945366813846
0.9918561505562173
0.9917025103301932
0.9915332148414161
0.9913478285044011
0.9911458822128147
0.9909268744932934
0.9906902729635899
0.9904355161621907
0.9901620158279620
0.9898691597225471
0.9895563151068493
0.9892228330037588
0.9888680534130395
0.9884913116662700
0.9880919461618614
0.9876693077690222
0.9872227712583890
0.9867517492059197
0.9862557089335126
0.9857341932171860
0.9851868457124057
0.9846134423835541
0.9840139307129060
0.9833884792537031
0.9827375413785467
0.9820619393847937
0.9813629795447432
0.9806426182563416
0.9799037237265539
0.9791505572833246
0.9793376869381383
0.9800974228220523
0.9808428430142211
0.9815696660425146
0.9822750039236543
0.9829568813119017
0.9836139741518314
0.9842454437758457
0.9848508220313394
0.9854299272874621
0.9859828007405733
0.9865096568628914
0.9870108441536710
0.9874868136350160
0.9879380933235670
0.9883652674035690
0.9887689591504116
0.9891498168875733
0.9895085024154125
0.9898456814646528
0.9901620158279620
0.9904581568747507
0.9907347402181440
0.9909923813396219
0.9912316720109551
0.9914531773797076
0.9916574336081427
0.9918449459671876
0.9920161873157217
0.9921715968868903
0.9923115793370156
0.9924365040015294
0.9925467043246934
0.9926424774227871
0.9927240837596099
0.9927917469076568
0.9928456533738822
0.9928859524786816
0.9929127562734138
0.9929261394852908
0.9929261394852908
0.9929127562734138
0.9928859524786817
0.9928456533738822
0.9927917469076569
0.9927240837596099
0.9926424774227871
0.9925467043246936
0.9924365040015294
0.9923115793370161
0.9921715968868903
0.9920161873157217
0.9918449459671876
0.9916574336081411
0.9914531773797082
0.9912316720109551
0.9909923813396219
0.9907347402181440
0.9904581568747511
0.9901620158279620
0.9898456814646528
0.9895085024154125
0.9891498168875733
0.9887689591504094
0.9883652674035690
0.9879380933235670
0.9874868136350143
0.9870108441536710
0.9865096568628914
0.9859828007405733
0.9854299272874621
0.9848508220313394
0.9842454437758457
0.9836139741518314
0.9829568813119017
0.9822750039236539
0.9815696660425146
0.9808428430142211
0.9800974228220523
0.9793376869381383
0.9795129291573796
0.9802787384595218
0.9810301925147730
0.9817629919665679
0.9824742312055668
0.9831619179234508
0.9838247120608806
0.9844617601279193
0.9850725804920728
0.9856569794931250
0.9862149878050234
0.9867468109023481
0.9872527897873572
0.9877333694334471
0.9881890731793341
0.9886204818047469
0.9890282163479183
0.9894129239442683
0.9897752661335162
0.9901159091955201
0.9904355161621907
0.9907347402181440
0.9910142192625573
0.9912745714308113
0.9915163914263395
0.9917402475191233
0.9919466791081706
0.9921361947482735
0.9923092705634210
0.9924663489824465
0.9926078377371997
0.9927341090773547
0.9928454991623805
0.9929423075945837
0.9930247970666093
0.9930931931005820
0.9931476838553889
0.9931884199903946
0.9932155145705329
0.9932290430044644
0.9932290430044644
0.9932155145705364
0.9931884199903946
0.9931476838553889
0.9930931931005820
0.9930247970666093
0.9929423075945837
0.9928454991623856
0.9927341090773540
0.9926078377371997
0.9924663489824594
0.9923092705634210
0.9921361947482735
0.9919466791081706
0.9917402475191237
0.9915163914263376
0.9912745714308113
0.9910142192625573
0.9907347402181440
0.9904355161621907
0.9901159091955247
0.9897752661335162
0.9894129239442682
0.9890282163479183
0.9886204818047469
0.9881890731793341
0.9877333694334460
0.9872527897873573
0.9867468109023481
0.9862149878050234
0.9856569794931249
0.9850725804920728
0.9844617601279193
0.9838247120608820
0.9831619179234508
0.9824742312055668
0.9817629919665679
0.9810301925147730
0.9802787384595218
0.9795129291573842
0.9796765921357214
0.9804480050755137
0.9812050270168816
0.9819433427174783
0.9826600308556357
0.9833530839418553
0.9840211475269389
0.9846633547191255
0.9852792116203259
0.9858685135400969
0.9864312814188056
0.9869677123166275
0.9874781401315985
0.9879630040070181
0.9884228226661788
0.9888581734145940
0.9892696748662140
0.9896579726869291
0.9900237278009844
0.9903676066221634
0.9906902729635924
0.9909923813396219
0.9912745714308113
0.9915374635178122
0.9917816547262963
0.9920077159503600
0.9922161893435758
0.9924075862800718
0.9925823857116051
0.9927410328508838
0.9928839381233128
0.9930114763429549
0.9931239860663708
0.9932217690986610
0.9933050901123347
0.9933741763658637
0.9934292174903573
0.9934703653415889
0.9934977338911865
0.9935113991567265
0.9935113991567265
0.9934977338911865
0.9934703653415889
0.9934292174903573
0.9933741763658621
0.9933050901123344
0.9932217690986610
0.9931239860663708
0.9930114763429549
0.9928839381233128
0.9927410328508838
0.9925823857116051
0.9924075862800718
0.9922161893435758
0.9920077159503600
0.9917816547262968
0.9915374635178122
0.9912745714308113
0.9909923813396219
0.9906902729635924
0.9903676066221634
0.9900237278009837
0.9896579726869291
0.9892696748662140
0.9888581734145940
0.9884228226661788
0.9879630040070154
0.9874781401315985
0.9869677123166275
0.9864312814188056
0.9858685135400969
0.9852792116203259
0.9846633547191255
0.9840211475269389
0.9833530839418561
0.9826600308556357
0.9819433427174783
0.9812050270168816
0.9804480050755137
0.9796765921357214
0.9798289744234625
0.9806055454722935
0.9813676932143046
0.9821110882968794
0.9828327953960589
0.9835307934441209
0.9842037150662076
0.9848506812746287
0.9854711870357961
0.9860650175788366
0.9866321848779249
0.9871728781686370
0.9876874246672480
0.9881762579528260
0.9886398922613423
0.9890789014249940
0.9894939015291991
0.9898855365765667
0.9902544666062251
0.9906013578378586
0.9909268744932923
0.9912316720109551
0.9915163914263376
0.9917816547262968
0.9920280610177408
0.9922561833820461
0.9924665662977986
0.9926597235472896
0.9928361365157665
0.9929962528283509
0.9931404852580340
0.9932692108622433
0.9933827703069879
0.9934814673381039
0.9935655683797033
0.9936353022270299
0.9936908598204742
0.9937323940785067
0.9937600197800850
0.9937738134851494
0.9937738134851494
0.9937600197800850
0.9937323940785067
0.9936908598204751
0.9936353022270276
0.9935655683797033
0.9934814673381039
0.9933827703069879
0.9932692108622433
0.9931404852580420
0.9929962528283501
0.9928361365157665
0.9926597235472896
0.9924665662977986
0.9922561833820461
0.9920280610177408
0.9917816547262968
0.9915163914263376
0.9912316720109551
0.9909268744932923
0.9906013578378591
0.9902544666062251
0.9898855365765667
0.9894939015291991
0.9890789014249940
0.9886398922613423
0.9881762579528259
0.9876874246672480
0.9871728781686370
0.9866321848779249
0.9860650175788366
0.9854711870357961
0.9848506812746287
0.9842037150662076
0.9835307934441209
0.9828327953960589
0.9821110882968794
0.9813676932143046
0.9806055454722935
0.9798289744234625
0.9799703631025091
0.9807516690870715
0.9815185225908563
0.9822665817349231
0.9829928987246237
0.9836954403602469
0.9843728276744453
0.9850241707827619
0.9856489545680968
0.9862469550778987
0.9868181760609758
0.9873627995165835
0.9878811464187690
0.9883736450852890
0.9888408054385601
0.9892831979007114
0.9897014359916140
0.9900961619269658
0.9904680346670356
0.9908177199850230
0.9911458822128143
0.9914531773797082
0.9917402475191245
0.9920077159503606
0.9922561833820461
0.9924862246994856
0.9926983863328863
0.9928931841052704
0.9930711014851142
0.9932325881758947
0.9933780589861125
0.9935078929288783
0.9936224325129421
0.9937219831884482
0.9938068129200679
0.9938771518603220
0.9939331921051062
0.9939750875143284
0.9940029535818907
0.9940168673489708
0.9940168673489708
0.9940029535818907
0.9939750875143284
0.9939331921051062
0.9938771518603220
0.9938068129200662
0.9937219831884467
0.9936224325129421
0.9935078929288783
0.9933780589861125
0.9932325881758962
0.9930711014851142
0.9928931841052712
0.9926983863328863
0.9924862246994853
0.9922561833820461
0.9920077159503542
0.9917402475191238
0.9914531773797082
0.9911458822128143
0.9908177199850230
0.9904680346670356
0.9900961619269658
0.9897014359916140
0.9892831979007114
0.9888408054385601
0.9883736450852890
0.9878811464187690
0.9873627995165835
0.9868181760609758
0.9862469550778987
0.9856489545680968
0.9850241707827619
0.9843728276744453
0.9836954403602469
0.9829928987246237
0.9822665817349231
0.9815185225908563
0.9807516690870715
0.9799703631025108
0.9801010322474262
0.9808866705438617
0.9816578300552213
0.9824101577923734
0.9831406948696443
0.9838473972634004
0.9845288756293589
0.9851842302894325
0.9858129370234467
0.9864147635438296
0.9869897060876914
0.9875379399969235
0.9880597804525902
0.9885556508373188
0.9890260569736294
0.9894715659827210
0.9898927888368495
0.9902903659031169
0.9906649549315752
0.9910172210627850
0.9913478285044011
0.9916574336081411
0.9919466791081706
0.9922161893435766
0.9924665662977905
0.9926983863328863
0.9929121975011037
0.9931085173446798
0.9932878311037230
0.9934505902639010
0.9935972113886115
0.9937280751849467
0.9938435257663959
0.9939438700711376
0.9940293774135356
0.9941002791369883
0.9941567683542109
0.9941989997538013
0.9942270894606776
0.9942411149403640
0.9942411149403640
0.9942270894606705
0.9941989997538013
0.9941567683542109
0.9941002791369883
0.9940293774135356
0.9939438700711376
0.9938435257663962
0.9937280751849467
0.9935972113886115
0.9934505902639010
0.9932878311037230
0.9931085173446798
0.9929121975011037
0.9926983863328863
0.9924665662977905
0.9922161893435766
0.9919466791081706
0.9916574336081427
0.9913478285044011
0.9910172210627850
0.9906649549315752
0.9902903659031169
0.9898927888368495
0.9894715659827210
0.9890260569736294
0.9885556508373188
0.9880597804525869
0.9875379399969235
0.9869897060876914
0.9864147635438296
0.9858129370234467
0.9851842302894325
0.9845288756293589
0.9838473972634070
0.9831406948696443
0.9824101577923734
0.9816578300552213
0.9808866705438617
0.9801010322474262
0.9802212416349657
0.9810108284456749
0.9817859128079172
0.9825421318954717
0.9832765169766394
0.9839870143929892
0.9846722255337860
0.9853312419449792
0.9859635312149478
0.9865688535214557
0.9871471982729531
0.9876987347194853
0.9882237727026558
0.9887227310126084
0.9891961116136196
0.9896444784727922
0.9900684400779515
0.9904686349353359
0.9908457195096119
0.9912003581754698
0.9915332148414161
0.9918449459671876
0.9921361947482735
0.9924075862800718
0.9926597235472896
0.9928931841052704
0.9931085173446796
0.9933062422461252
0.9934868455470738
0.9936507802513027
0.9937984644272511
0.9939302802427975
0.9940465732002893
0.9941476515314900
0.9942337857262750
0.9943052081679671
0.9943621128600634
0.9944046552173321
0.9944329519177286
0.9944470808007398
0.9944470808007398
0.9944329519177286
0.9944046552173321
0.9943621128600634
0.9943052081679671
0.9942337857262757
0.9941476515314892
0.9940465732002893
0.9939302802427975
0.9937984644272511
0.9936507802513027
0.9934868455470738
0.9933062422461252
0.9931085173446796
0.9928931841052704
0.9926597235472896
0.9924075862800718
0.9921361947482735
0.9918449459671876
0.9915332148414178
0.9912003581754698
0.9908457195096119
0.9904686349353357
0.9900684400779515
0.9896444784727922
0.9891961116136196
0.9887227310126084
0.9882237727026558
0.9876987347194853
0.9871471982729531
0.9865688535214557
0.9859635312149478
0.9853312419449792
0.9846722255337860
0.9839870143929892
0.9832765169766394
0.9825421318954717
0.9817859128079154
0.9810108284456749
0.9802212416349657
0.9803312356616763
0.9811244043693074
0.9819030494074531
0.9826627992633101
0.9834006764878743
0.9841146188713068
0.9848032195558735
0.9854655622520674
0.9861011072074647
0.9867096078185643
0.9872910473188209
0.9878455894181812
0.9883735390683599
0.9888753108222051
0.9893514030468326
0.9898023767332489
0.9902288379837283
0.9906314234740772
0.9910107883520869
0.9913675961439135
0.9917025103301976
0.9920161873157221
0.9923092705634146
0.9925823857116053
0.9928361365157665
0.9930711014851142
0.9932878311037230
0.9934868455470770
0.9936686328092630
0.9938336471806971
0.9939823080120852
0.9941149987243627
0.9942320660158447
0.9943338192353204
0.9944205298917403
0.9944924312731539
0.9945497181568776
0.9945925465915498
0.9946210337384023
0.9946352577623458
0.9946352577623458
0.9946210337384023
0.9945925465915498
0.9945497181568776
0.9944924312731539
0.9944205298917403
0.9943338192353204
0.9942320660158447
0.9941149987243627
0.9939823080120852
0.9938336471806971
0.9936686328092630
0.9934868455470770
0.9932878311037230
0.9930711014851142
0.9928361365157665
0.9925823857116053
0.9923092705634139
0.9920161873157221
0.9917025103301932
0.9913675961439135
0.9910107883520939
0.9906314234740772
0.9902288379837281
0.9898023767332489
0.9893514030468326
0.9888753108222048
0.9883735390683599
0.9878455894181812
0.9872910473188209
0.9867096078185643
0.9861011072074647
0.9854655622520674
0.9848032195558735
0.9841146188713068
0.9834006764878743
0.9826627992633101
0.9819030494074531
0.9811244043693074
0.9803312356616763
0.9804312424436538
0.9812276420311127
0.9820094990022431
0.9827724341977176
0.9835134624807484
0.9842305140823316
0.9849221748354011
0.9855875214858530
0.9862260077365644
0.9868373809142524
0.9874216187009049
0.9879788798021608
0.9885094647256525
0.9890137841467860
0.9894923331131774
0.9899456698391524
0.9903743981709713
0.9907791530184412
0.9911605882195155
0.9915193664094134
0.9918561505562168
0.9921715968868903
0.9924663489824577
0.9927410328508838
0.9929962528283511
0.9932325881758947
0.9934505902639010
0.9936507802513027
0.9938336471806971
0.9939996464238473
0.9941491984192550
0.9942826876553020
0.9944004618531250
0.9945028313223627
0.9945900684499973
0.9946624073051544
0.9947200433348865
0.9947631331375462
0.9947917942936625
0.9948061052507950
0.9948061052507950
0.9947917942936625
0.9947631331375462
0.9947200433348865
0.9946624073051544
0.9945900684499973
0.9945028313223627
0.9944004618531221
0.9942826876553020
0.9941491984192550
0.9939996464238473
0.9938336471806971
0.9936507802513027
0.9934505902638994
0.9932325881758947
0.9929962528283511
0.9927410328508838
0.9924663489824465
0.9921715968868903
0.9918561505562168
0.9915193664094134
0.9911605882195155
0.9907791530184412
0.9903743981709713
0.9899456698391524
0.9894923331131774
0.9890137841467846
0.9885094647256525
0.9879788798021608
0.9874216187009049
0.9868373809142524
0.9862260077365644
0.9855875214858530
0.9849221748354011
0.9842305140823316
0.9835134624807484
0.9827724341977176
0.9820094990022431
0.9812276420311127
0.9804312424436538
0.9805214730602083
0.9813207665986706
0.9821055006989882
0.9828712895075159
0.9836151411399250
0.9843349791790857
0.9850293830169585
0.9856974232457575
0.9863385477672032
0.9869524985122926
0.9875392482084160
0.9880989510740721
0.9886319036131327
0.9891385129858192
0.9896192712076580
0.9900747339353477
0.9905055029108943
0.9909122113714641
0.9912955118844807
0.9916560661862958
0.9919945366813846
0.9923115793370155
0.9926078377371992
0.9928839381233137
0.9931404852580429
0.9933780589861126
0.9935972113886111
0.9937984644272511
0.9939823080120852
0.9941491984192560
0.9942995570025025
0.9944337691530767
0.9945521834633219
0.9946551110613684
0.9947428250864940
0.9948155602780202
0.9948735126596907
0.9949168393019812
0.9949456581474461
0.9949600478875814
0.9949600478875814
0.9949456581474460
0.9949168393019812
0.9948735126596907
0.9948155602780202
0.9947428250864940
0.9946551110613684
0.9945521834633219
0.9944337691530767
0.9942995570025025
0.9941491984192550
0.9939823080120852
0.9937984644272511
0.9935972113886111
0.9933780589861125
0.9931404852580429
0.9928839381233137
0.9926078377371990
0.9923115793370155
0.9919945366813846
0.9916560661862958
0.9912955118844807
0.9909122113714632
0.9905055029108943
0.9900747339353477
0.9896192712076580
0.9891385129858192
0.9886319036131329
0.9880989510740721
0.9875392482084160
0.9869524985122926
0.9863385477672032
0.9856974232457568
0.9850293830169585
0.9843349791790857
0.9836151411399250
0.9828712895075159
0.9821055006989882
0.9813207665986706
0.9805214730602083
0.9806021209332215
0.9814039841230534
0.9821912730538975
0.9829595960468177
0.9837059553364662
0.9844282687012531
0.9851251098960119
0.9857955441168499
0.9864390141655384
0.9870552572140482
0.9876442416068016
0.9882061175766650
0.9887411780555175
0.9892498270502691
0.9897325538406908
0.9901899117569091
0.9906225006083975
0.9910309520754699
0.9914159175215836
0.9917780578037833
0.9921180347461893
0.9924365040015294
0.9927341090773546
0.9930114763429549
0.9932692108622433
0.9935078929288791
0.9937280751849452
0.9939302802427938
0.9941149987243642
0.9942826876553065
0.9944337691530749
0.9945686293678421
0.9946876176274422
0.9947910457534769
0.9948791875237991
0.9949522782483256
0.9950105144431534
0.9950540535824760
0.9950830139179779
0.9950974743507751
0.9950974743507750
0.9950830139179779
0.9950540535824760
0.9950105144431534
0.9949522782483256
0.9948791875237991
0.9947910457534763
0.9946876176274422
0.9945686293678421
0.9944337691530749
0.9942826876553065
0.9941149987243556
0.9939302802427938
0.9937280751849449
0.9935078929288791
0.9932692108622433
0.9930114763429549
0.9927341090773546
0.9924365040015294
0.9921180347461893
0.9917780578037833
0.9914159175215836
0.9910309520754699
0.9906225006083975
0.9901899117569091
0.9897325538406908
0.9892498270502691
0.9887411780555175
0.9882061175766650
0.9876442416068016
0.9870552572140482
0.9864390141655384
0.9857955441168499
0.9851251098960119
0.9844282687012531
0.9837059553364662
0.9829595960468177
0.9821912730538975
0.9814039841230534
0.9806021209332215
0.9806733613093228
0.9814774810757180
0.9822670136542273
0.9830375623434628
0.9837861242991686
0.9845106122769549
0.9852095951474630
0.9858821334200253
0.9865276654582285
0.9871459242816603
0.9877368743979851
0.9883006625409845
0.9888375784939637
0.9893480234714709
0.9898324843183688
0.9902915122788913
0.9907257054170739
0.9911356939914526
0.9915221282487169
0.9918856682125756
0.9922269751334591
0.9925467043246936
0.9928454991623805
0.9931239860663709
0.9933827703069879
0.9936224325129421
0.9938435257663962
0.9940465732002893
0.9942320660158447
0.9944004618531250
0.9945521834633219
0.9946876176274410
0.9948071142871661
0.9949109858477786
0.9949995066244021
0.9950729124078931
0.9951314001301041
0.9951751276074315
0.9952042133537183
0.9952187364470453
0.9952187364470453
0.9952042133537183
0.9951751276074315
0.9951314001301041
0.9950729124078931
0.9949995066244021
0.9949109858477786
0.9948071142871661
0.9946876176274410
0.9945521834633219
0.9944004618531250
0.9942320660158447
0.9940465732002893
0.9938435257663962
0.9936224325129421
0.9933827703069879
0.9931239860663709
0.9928454991623805
0.9925467043246926
0.9922269751334591
0.9918856682125756
0.9915221282487169
0.9911356939914526
0.9907257054170739
0.9902915122788819
0.9898324843183688
0.9893480234714709
0.9888375784939637
0.9883006625409845
0.9877368743979851
0.9871459242816603
0.9865276654582285
0.9858821334200253
0.9852095951474630
0.9845106122769549
0.9837861242991686
0.9830375623434653
0.9822670136542273
0.9814774810757180
0.9806733613093228
0.9807353508382214
0.9815414239700783
0.9823328987863690
0.9831053743078868
0.9838558433568967
0.9845822143992855
0.9852830521258946
0.9859574130298694
0.9866047316633982
0.9872247374724888
0.9878173916538108
0.9883828379141258
0.9889213633027201
0.9894333666001758
0.9899193325187591
0.9903798104679483
0.9908153969634024
0.9912267209923584
0.9916144317904209
0.9919791886132552
0.9923216521671634
0.9926424774227871
0.9929423075945837
0.9932217690986610
0.9934814673381039
0.9937219831884482
0.9939438700711493
0.9941476515314890
0.9943338192353205
0.9945028313223627
0.9946551110613684
0.9947910457534767
0.9949109858477786
0.9950152442328699
0.9951040956703745
0.9951777763531647
0.9952364835599324
0.9952803753935370
0.9953095705864200
0.9953241483656933
0.9953241483656933
0.9953095705864200
0.9952803753935370
0.9952364835599324
0.9951777763531647
0.9951040956703745
0.9950152442328699
0.9949109858477786
0.9947910457534769
0.9946551110613684
0.9945028313223627
0.9943338192353205
0.9941476515314890
0.9939438700711493
0.9937219831884482
0.9934814673381039
0.9932217690986610
0.9929423075945837
0.9926424774227871
0.9923216521671634
0.9919791886132552
0.9916144317904216
0.9912267209923586
0.9908153969634024
0.9903798104679483
0.9899193325187596
0.9894333666001758
0.9889213633027201
0.9883828379141263
0.9878173916538108
0.9872247374724917
0.9866047316633982
0.9859574130298694
0.9852830521258916
0.9845822143992852
0.9838558433568967
0.9831053743078876
0.9823328987863690
0.9815414239700783
0.9807353508382217
0.9807882272261530
0.9815959590574461
0.9823890831695754
0.9831631950009732
0.9839152837407098
0.9846432542541889
0.9853456677185188
0.9860215772457926
0.9866704141741188
0.9872919049304588
0.9878860079093823
0.9884528642469417
0.9889927586660634
0.9895060878698201
0.9899933347420697
0.9904550471110013
0.9908918201527479
0.9913042817449936
0.9916930802326482
0.9920588741858843
0.9924023238133856
0.9927240837596073
0.9930247970666093
0.9933050901123344
0.9935655683797033
0.9938068129200661
0.9940293774135356
0.9942337857262750
0.9944205298917403
0.9945900684499973
0.9947428250864927
0.9948791875238004
0.9949995066244021
0.9951040956703745
0.9951932297902377
0.9952671455057559
0.9953260403809062
0.9953700727535615
0.9953993615370293
0.9954139860806871
0.9954139860806871
0.9953993615370293
0.9953700727535615
0.9953260403809062
0.9952671455057559
0.9951932297902335
0.9951040956703745
0.9949995066244021
0.9948791875238004
0.9947428250864927
0.9945900684499973
0.9944205298917403
0.9942337857262750
0.9940293774135356
0.9938068129200678
0.9935655683797033
0.9933050901123334
0.9930247970666093
0.9927240837596099
0.9924023238133856
0.9920588741858829
0.9916930802326482
0.9913042817449936
0.9908918201527479
0.9904550471109999
0.9899933347420697
0.9895060878698193
0.9889927586660634
0.9884528642469427
0.9878860079093823
0.9872919049304588
0.9866704141741188
0.9860215772457926
0.9853456677185188
0.9846432542541889
0.9839152837407110
0.9831631950009732
0.9823890831695754
0.9815959590574461
0.9807882272261530
0.9808321089583454
0.9816412120834509
0.9824356997456919
0.9832111644568451
0.9839645924353869
0.9846938855972063
0.9853976022407486
0.9860747927033605
0.9867248856817831
0.9873476051174250
0.9879429070945057
0.9885109306258267
0.9890519585066747
0.9895663857146587
0.9900546936111190
0.9905174287020203
0.9909551850376587
0.9913685895586583
0.9917582898512214
0.9921249438953887
0.9924692114639666
0.9927917469076569
0.9930931931005820
0.9933741763658637
0.9936353022270276
0.9938771518603220
0.9941002791369883
0.9943052081679682
0.9944924312731519
0.9946624073051544
0.9948155602780202
0.9949522782483277
0.9950729124078931
0.9951777763531647
0.9952671455057556
0.9953412566512809
0.9954003075823343
0.9954444568263859
0.9954738234421507
0.9954884868768947
0.9954884868768947
0.9954738234421507
0.9954444568263859
0.9954003075823347
0.9953412566512809
0.9952671455057556
0.9951777763531647
0.9950729124078931
0.9949522782483277
0.9948155602780202
0.9946624073051544
0.9944924312731519
0.9943052081679669
0.9941002791369883
0.9938771518603220
0.9936353022270276
0.9933741763658637
0.9930931931005820
0.9927917469076569
0.9924692114639666
0.9921249438953887
0.9917582898512214
0.9913685895586583
0.9909551850376587
0.9905174287020203
0.9900546936111201
0.9895663857146587
0.9890519585066605
0.9885109306258267
0.9879429070945134
0.9873476051174250
0.9867248856817831
0.9860747927033605
0.9853976022407486
0.9846938855972076
0.9839645924353869
0.9832111644568398
0.9824356997456919
0.9816412120834509
0.9808321089583462
0.9808670950766564
0.9816772880948035
0.9824728595150830
0.9832493995458946
0.9840038920641131
0.9847342366622263
0.9854389893651346
0.9861171983186761
0.9867682901299663
0.9873919867733831
0.9879882424996763
0.9885571946354208
0.9890991244423010
0.9896144255212243
0.9901035780162640
0.9905671273729730
0.9910056667352963
0.9914198222860070
0.9918102409946034
0.9921775803563933
0.9925224997825975
0.9928456533738822
0.9931476838553898
0.9934292174903582
0.9936908598204721
0.9939331921051066
0.9941567683542084
0.9943621128600634
0.9945497181568776
0.9947200433348865
0.9948735126596895
0.9950105144431538
0.9951314001301041
0.9952364835599324
0.9953260403809062
0.9954003075823343
0.9954594831349882
0.9955037257126631
0.9955331544868025
0.9955478489816197
0.9955478489816197
0.9955331544868025
0.9955037257126631
0.9954594831349882
0.9954003075823343
0.9953260403809062
0.9952364835599324
0.9951314001301051
0.9950105144431538
0.9948735126596895
0.9947200433348821
0.9945497181568776
0.9943621128600634
0.9941567683542109
0.9939331921051062
0.9936908598204742
0.9934292174903582
0.9931476838553884
0.9928456533738822
0.9925224997825975
0.9921775803563933
0.9918102409946034
0.9914198222860070
0.9910056667352963
0.9905671273729730
0.9901035780162640
0.9896144255212243
0.9890991244423010
0.9885571946354208
0.9879882424996755
0.9873919867733831
0.9867682901299663
0.9861171983186761
0.9854389893651346
0.9847342366622261
0.9840038920641131
0.9832493995458946
0.9824728595150830
0.9816772880948035
0.9808670950766564
0.9808932650066601
0.9817042712919767
0.9825006514126853
0.9832779938713245
0.9840332808100761
0.9847644100967899
0.9854699360707214
0.9861489052494693
0.9868007426874853
0.9874251688945250
0.9880221367568690
0.9885917823424302
0.9891343857676741
0.9896503396039348
0.9901401230825158
0.9906042808521485
0.9910434053743691
0.9914581222584752
0.9918490780058159
0.9922169297415034
0.9925623365971677
0.9928859524786833
0.9931884199903946
0.9934703653415889
0.9937323940785067
0.9939750875143286
0.9941989997537979
0.9944046552173335
0.9945925465915498
0.9947631331375462
0.9949168393019822
0.9950540535824760
0.9951751276074315
0.9952803753935369
0.9953700727535615
0.9954444568263859
0.9955037257126631
0.9955480381935511
0.9955775135228615
0.9955922312812041
0.9955922312812041
0.9955775135228615
0.9955480381935511
0.9955037257126631
0.9954444568263859
0.9953700727535615
0.9952803753935369
0.9951751276074315
0.9950540535824760
0.9949168393019822
0.9947631331375462
0.9945925465915498
0.9944046552173341
0.9941989997537979
0.9939750875143269
0.9937323940785067
0.9934703653415889
0.9931884199903942
0.9928859524786827
0.9925623365971677
0.9922169297415034
0.9918490780058159
0.9914581222584752
0.9910434053743691
0.9906042808521485
0.9901401230825158
0.9896503396039348
0.9891343857676741
0.9885917823424302
0.9880221367568690
0.9874251688945250
0.9868007426874853
0.9861489052494693
0.9854699360707214
0.9847644100967899
0.9840332808100761
0.9832779938713245
0.9825006514126849
0.9817042712919769
0.9808932650066601
0.9809106784255877
0.9817222249165497
0.9825191422145635
0.9832970176951230
0.9840528323541781
0.9847844829188246
0.9854905226133864
0.9861699968766963
0.9868223297354608
0.9874472407284707
0.9880446818366703
0.9886147882921691
0.9891578394505240
0.9896742271977621
0.9901644301567223
0.9906289924448011
0.9910685060669026
0.9914835962477320
0.9918749091739123
0.9922431017205389
0.9925888328303066
0.9929127562734154
0.9932155145705324
0.9934977338911865
0.9937600197800855
0.9940029535818908
0.9942270894606774
0.9944329519177285
0.9946210337384023
0.9947917942936625
0.9949456581474453
0.9950830139179759
0.9952042133537166
0.9953095705864199
0.9953993615370293
0.9954738234421507
0.9955331544868025
0.9955775135228615
0.9956070198586060
0.9956217531104846
0.9956217531104847
0.9956070198586060
0.9955775135228652
0.9955331544868025
0.9954738234421507
0.9953993615370293
0.9953095705864199
0.9952042133537166
0.9950830139179759
0.9949456581474453
0.9947917942936625
0.9946210337384023
0.9944329519177285
0.9942270894606703
0.9940029535818908
0.9937600197800842
0.9934977338911847
0.9932155145705364
0.9929127562734154
0.9925888328303066
0.9922431017205389
0.9918749091739123
0.9914835962477356
0.9910685060669026
0.9906289924448011
0.9901644301567223
0.9896742271977621
0.9891578394505246
0.9886147882921691
0.9880446818366703
0.9874472407284707
0.9868223297354914
0.9861699968766963
0.9854905226133864
0.9847844829188246
0.9840528323541781
0.9832970176951230
0.9825191422145617
0.9817222249165497
0.9809106784255877
0.9809193751686678
0.9817311911718262
0.9825283764726858
0.9833065178861364
0.9840625958378564
0.9847945064882161
0.9855008025053538
0.9861805287920303
0.9868331088624639
0.9874582617717820
0.9880559390493787
0.9886262755111669
0.9891695501323815
0.9896861544567784
0.9901765668029795
0.9906413310231228
0.9910810388922051
0.9914963154435875
0.9918878067050061
0.9922561694252471
0.9926020624511676
0.9929261394852891
0.9932290430044644
0.9935113991567265
0.9937738134851489
0.9940168673489708
0.9942411149403647
0.9944470808007402
0.9946352577623434
0.9948061052507950
0.9949600478875854
0.9950974743507751
0.9952187364470446
0.9953241483656933
0.9954139860806871
0.9954884868768963
0.9955478489816197
0.9955922312812041
0.9956217531104847
0.9956364941047886
0.9956364941047882
0.9956217531104846
0.9955922312812041
0.9955478489816197
0.9954884868768963
0.9954139860806871
0.9953241483656933
0.9952187364470446
0.9950974743507751
0.9949600478875854
0.9948061052507950
0.9946352577623434
0.9944470808007381
0.9942411149403647
0.9940168673489708
0.9937738134851489
0.9935113991567265
0.9932290430044644
0.9929261394852904
0.9926020624511676
0.9922561694252471
0.9918878067050061
0.9914963154435706
0.9910810388922051
0.9906413310231228
0.9901765668029795
0.9896861544567784
0.9891695501323815
0.9886262755111669
0.9880559390493787
0.9874582617717820
0.9868331088624639
0.9861805287920303
0.9855008025053538
0.9847945064882161
0.9840625958378564
0.9833065178861364
0.9825283764726858
0.9817311911718257
0.9809193751686678
0.9809193751686652
0.9817311911718265
0.9825283764726862
0.9833065178861365
0.9840625958378568
0.9847945064882165
0.9855008025053538
0.9861805287920283
0.9868331088624616
0.9874582617717820
0.9880559390493776
0.9886262755111669
0.9891695501323815
0.9896861544567784
0.9901765668029795
0.9906413310231228
0.9910810388922062
0.9914963154435866
0.9918878067050061
0.9922561694252471
0.9926020624511658
0.9929261394852908
0.9932290430044644
0.9935113991567270
0.9937738134851494
0.9940168673489708
0.9942411149403645
0.9944470808007341
0.9946352577624119
0.9948061052507947
0.9949600478875854
0.9950974743507758
0.9952187364470457
0.9953241483656933
0.9954139860806871
0.9954884868768947
0.9955478489816197
0.9955922312812041
0.9956217531104847
0.9956364941047892
0.9956364941047892
0.9956217531104886
0.9955922312812041
0.9955478489816197
0.9954884868768947
0.9954139860806871
0.9953241483656933
0.9952187364470457
0.9950974743507751
0.9949600478875854
0.9948061052507950
0.9946352577624118
0.9944470808007341
0.9942411149403642
0.9940168673489708
0.9937738134851494
0.9935113991567270
0.9932290430044644
0.9929261394852908
0.9926020624511658
0.9922561694252471
0.9918878067050061
0.9914963154435866
0.9910810388922062
0.9906413310231228
0.9901765668029795
0.9896861544567784
0.9891695501323815
0.9886262755111669
0.9880559390493776
0.9874582617717820
0.9868331088624633
0.9861805287920283
0.9855008025053551
0.9847945064882161
0.9840625958378568
0.9833065178861365
0.9825283764726862
0.9817311911718265
0.9809193751686656
0.9809106784255849
0.9817222249165497
0.9825191422145617
0.9832970176951230
0.9840528323541790
0.9847844829188246
0.9854905226133864
0.9861699968766964
0.9868223297354608
0.9874472407284707
0.9880446818366723
0.9886147882921691
0.9891578394505248
0.9896742271977594
0.9901644301567223
0.9906289924448011
0.9910685060669026
0.9914835962477313
0.9918749091739123
0.9922431017205376
0.9925888328303160
0.9929127562734154
0.9932155145705340
0.9934977338911865
0.9937600197800850
0.9940029535818941
0.9942270894606705
0.9944329519177286
0.9946210337384023
0.9947917942936617
0.9949456581474440
0.9950830139179779
0.9952042133537166
0.9953095705864192
0.9953993615370292
0.9954738234421507
0.9955331544868025
0.9955775135228615
0.9956070198586060
0.9956217531104846
0.9956217531104846
0.9956070198586056
0.9955775135228615
0.9955331544868025
0.9954738234421507
0.9953993615370293
0.9953095705864200
0.9952042133537166
0.9950830139179779
0.9949456581474440
0.9947917942936617
0.9946210337384023
0.9944329519177286
0.9942270894606705
0.9940029535818907
0.9937600197800850
0.9934977338911865
0.9932155145705340
0.9929127562734154
0.9925888328303160
0.9922431017205378
0.9918749091739123
0.9914835962477323
0.9910685060669026
0.9906289924448011
0.9901644301567223
0.9896742271977594
0.9891578394505248
0.9886147882921691
0.9880446818366709
0.9874472407284707
0.9868223297354608
0.9861699968766964
0.9854905226133864
0.9847844829188246
0.9840528323541790
0.9832970176951230
0.9825191422145617
0.9817222249165510
0.9809106784255875
0.9808932650066609
0.9817042712919769
0.9825006514126853
0.9832779938713245
0.9840332808100761
0.9847644100967810
0.9854699360707218
0.9861489052494693
0.9868007426874853
0.9874251688945250
0.9880221367568699
0.9885917823424284
0.9891343857676741
0.9896503396039348
0.9901401230825158
0.9906042808521485
0.9910434053743691
0.9914581222584752
0.9918490780058159
0.9922169297415031
0.9925623365971677
0.9928859524786827
0.9931884199903942
0.9934703653415898
0.9937323940785067
0.9939750875143284
0.9941989997538013
0.9944046552173336
0.9945925465915498
0.9947631331375462
0.9949168393019812
0.9950540535824760
0.9951751276074319
0.9952803753935372
0.9953700727535608
0.9954444568263859
0.9955037257126631
0.9955480381935511
0.9955775135228615
0.9955922312812041
0.9955922312812041
0.9955775135228615
0.9955480381935511
0.9955037257126631
0.9954444568263859
0.9953700727535612
0.9952803753935386
0.9951751276074315
0.9950540535824760
0.9949168393019812
0.9947631331375486
0.9945925465915498
0.9944046552173336
0.9941989997538013
0.9939750875143284
0.9937323940785067
0.9934703653415895
0.9931884199903946
0.9928859524786827
0.9925623365971704
0.9922169297415031
0.9918490780058159
0.9914581222584752
0.9910434053743691
0.9906042808521485
0.9901401230825158
0.9896503396039348
0.9891343857676741
0.9885917823424284
0.9880221367568699
0.9874251688945250
0.9868007426874853
0.9861489052494693
0.9854699360707218
0.9847644100967810
0.9840332808100761
0.9832779938713245
0.9825006514126815
0.9817042712919769
0.9808932650066609
0.9808670950766564
0.9816772880948035
0.9824728595150823
0.9832493995458955
0.9840038920641131
0.9847342366622276
0.9854389893651350
0.9861171983186755
0.9867682901299663
0.9873919867733831
0.9879882424996771
0.9885571946354208
0.9890991244422953
0.9896144255212233
0.9901035780162640
0.9905671273729727
0.9910056667352963
0.9914198222860070
0.9918102409946011
0.9921775803563933
0.9925224997825975
0.9928456533738822
0.9931476838553889
0.9934292174903573
0.9936908598204742
0.9939331921051062
0.9941567683542109
0.9943621128600634
0.9945497181568774
0.9947200433348821
0.9948735126596907
0.9950105144431531
0.9951314001300985
0.9952364835599324
0.9953260403809062
0.9954003075823329
0.9954594831349882
0.9955037257126631
0.9955331544868025
0.9955478489816197
0.9955478489816197
0.9955331544868025
0.9955037257126631
0.9954594831349882
0.9954003075823337
0.9953260403809069
0.9952364835599324
0.9951314001300985
0.9950105144431531
0.9948735126596907
0.9947200433348821
0.9945497181568776
0.9943621128600634
0.9941567683542087
0.9939331921051060
0.9936908598204742
0.9934292174903573
0.9931476838553889
0.9928456533738822
0.9925224997825975
0.9921775803563933
0.9918102409946011
0.9914198222860070
0.9910056667352962
0.9905671273729730
0.9901035780162640
0.9896144255212233
0.9890991244422953
0.9885571946354208
0.9879882424996771
0.9873919867733831
0.9867682901299663
0.9861171983186755
0.9854389893651350
0.9847342366622276
0.9840038920641131
0.9832493995458946
0.9824728595150823
0.9816772880948035
0.9808670950766564
0.9808321089583462
0.9816412120834509
0.9824356997456919
0.9832111644568398
0.9839645924353869
0.9846938855972072
0.9853976022407500
0.9860747927033622
0.9867248856817831
0.9873476051174304
0.9879429070945064
0.9885109306258267
0.9890519585066605
0.9895663857146557
0.9900546936111201
0.9905174287020203
0.9909551850376587
0.9913685895586583
0.9917582898512199
0.9921249438953881
0.9924692114639666
0.9927917469076569
0.9930931931005820
0.9933741763658601
0.9936353022270299
0.9938771518603219
0.9941002791369883
0.9943052081679669
0.9944924312731539
0.9946624073051522
0.9948155602780214
0.9949522782483256
0.9950729124078931
0.9951777763531647
0.9952671455057556
0.9953412566512809
0.9954003075823304
0.9954444568263859
0.9954738234421517
0.9954884868768963
0.9954884868768963
0.9954738234421517
0.9954444568263859
0.9954003075823303
0.9953412566512809
0.9952671455057556
0.9951777763531647
0.9950729124078931
0.9949522782483256
0.9948155602780200
0.9946624073051522
0.9944924312731539
0.9943052081679669
0.9941002791369883
0.9938771518603219
0.9936353022270299
0.9933741763658601
0.9930931931005820
0.9927917469076569
0.9924692114639666
0.9921249438953881
0.9917582898512199
0.9913685895586583
0.9909551850376587
0.9905174287020203
0.9900546936111201
0.9895663857146588
0.9890519585066605
0.9885109306258267
0.9879429070945064
0.9873476051174304
0.9867248856817831
0.9860747927033622
0.9853976022407500
0.9846938855972072
0.9839645924353869
0.9832111644568398
0.9824356997456919
0.9816412120834509
0.9808321089583462
0.9807882272261530
0.9815959590574461
0.9823890831695754
0.9831631950009732
0.9839152837407098
0.9846432542541889
0.9853456677185188
0.9860215772457926
0.9866704141741188
0.9872919049304588
0.9878860079093824
0.9884528642469436
0.9889927586660634
0.9895060878698193
0.9899933347420697
0.9904550471110013
0.9908918201527510
0.9913042817449936
0.9916930802326499
0.9920588741858840
0.9924023238133856
0.9927240837596099
0.9930247970666097
0.9933050901123334
0.9935655683797033
0.9938068129200678
0.9940293774135361
0.9942337857262750
0.9944205298917397
0.9945900684499973
0.9947428250864927
0.9948791875237999
0.9949995066244018
0.9951040956703745
0.9951932297902377
0.9952671455057559
0.9953260403809062
0.9953700727535612
0.9953993615370293
0.9954139860806871
0.9954139860806871
0.9953993615370293
0.9953700727535612
0.9953260403809062
0.9952671455057559
0.9951932297902377
0.9951040956703745
0.9949995066244018
0.9948791875237991
0.9947428250864927
0.9945900684499973
0.9944205298917403
0.9942337857262750
0.9940293774135361
0.9938068129200678
0.9935655683797033
0.9933050901123334
0.9930247970666097
0.9927240837596092
0.9924023238133856
0.9920588741858840
0.9916930802326482
0.9913042817449935
0.9908918201527482
0.9904550471110013
0.9899933347420697
0.9895060878698193
0.9889927586660634
0.9884528642469421
0.9878860079093824
0.9872919049304588
0.9866704141741188
0.9860215772457926
0.9853456677185188
0.9846432542541889
0.9839152837407098
0.9831631950009732
0.9823890831695740
0.9815959590574449
0.9807882272261458
0.9807353508382214
0.9815414239700833
0.9823328987863690
0.9831053743078876
0.9838558433568967
0.9845822143992852
0.9852830521258916
0.9859574130298694
0.9866047316633982
0.9872247374724922
0.9878173916538108
0.9883828379141232
0.9889213633027201
0.9894333666001757
0.9899193325187585
0.9903798104679468
0.9908153969634024
0.9912267209923584
0.9916144317904209
0.9919791886132553
0.9923216521671634
0.9926424774227878
0.9929423075945837
0.9932217690986610
0.9934814673381039
0.9937219831884480
0.9939438700711376
0.9941476515314900
0.9943338192353204
0.9945028313223626
0.9946551110613684
0.9947910457534769
0.9949109858477786
0.9950152442328698
0.9951040956703745
0.9951777763531647
0.9952364835599324
0.9952803753935405
0.9953095705864192
0.9953241483656933
0.9953241483656933
0.9953095705864192
0.9952803753935405
0.9952364835599324
0.9951777763531647
0.9951040956703745
0.9950152442328698
0.9949109858477784
0.9947910457534769
0.9946551110613684
0.9945028313223626
0.9943338192353204
0.9941476515314900
0.9939438700711376
0.9937219831884480
0.9934814673381039
0.9932217690986610
0.9929423075945837
0.9926424774227878
0.9923216521671634
0.9919791886132553
0.9916144317904209
0.9912267209923584
0.9908153969634024
0.9903798104679468
0.9899193325187585
0.9894333666001757
0.9889213633027201
0.9883828379141230
0.9878173916538108
0.9872247374724922
0.9866047316633982
0.9859574130298694
0.9852830521258916
0.9845822143992852
0.9838558433568967
0.9831053743078876
0.9823328987863690
0.9815414239700833
0.9807353508382214
0.9806733613093241
0.9814774810757180
0.9822670136542273
0.9830375623434653
0.9837861242991686
0.9845106122769549
0.9852095951474630
0.9858821334200253
0.9865276654582285
0.9871459242816600
0.9877368743979851
0.9883006625409863
0.9888375784939637
0.9893480234714709
0.9898324843183673
0.9902915122788819
0.9907257054170743
0.9911356939914531
0.9915221282487169
0.9918856682125756
0.9922269751334576
0.9925467043246929
0.9928454991623805
0.9931239860663709
0.9933827703069879
0.9936224325129417
0.9938435257663962
0.9940465732002870
0.9942320660158447
0.9944004618531250
0.9945521834633222
0.9946876176274414
0.9948071142871679
0.9949109858477786
0.9949995066244018
0.9950729124078931
0.9951314001301044
0.9951751276074315
0.9952042133537166
0.9952187364470446
0.9952187364470446
0.9952042133537166
0.9951751276074315
0.9951314001301044
0.9950729124078931
0.9949995066244018
0.9949109858477788
0.9948071142871679
0.9946876176274384
0.9945521834633219
0.9944004618531250
0.9942320660158447
0.9940465732002893
0.9938435257663962
0.9936224325129417
0.9933827703069879
0.9931239860663709
0.9928454991623805
0.9925467043246935
0.9922269751334576
0.9918856682125756
0.9915221282487169
0.9911356939914531
0.9907257054170743
0.9902915122788819
0.9898324843183673
0.9893480234714709
0.9888375784939637
0.9883006625409863
0.9877368743979851
0.9871459242816600
0.9865276654582285
0.9858821334200253
0.9852095951474630
0.9845106122769549
0.9837861242991709
0.9830375623434653
0.9822670136542273
0.9814774810757180
0.9806733613093241
0.9806021209332215
0.9814039841230527
0.9821912730538982
0.9829595960468177
0.9837059553364662
0.9844282687012531
0.9851251098960110
0.9857955441168504
0.9864390141655482
0.9870552572140482
0.9876442416068016
0.9882061175766627
0.9887411780555175
0.9892498270502691
0.9897325538406908
0.9901899117569091
0.9906225006083954
0.9910309520754699
0.9914159175215836
0.9917780578037833
0.9921180347461893
0.9924365040015294
0.9927341090773540
0.9930114763429549
0.9932692108622434
0.9935078929288779
0.9937280751849468
0.9939302802427975
0.9941149987243642
0.9942826876553017
0.9944337691530749
0.9945686293678421
0.9946876176274384
0.9947910457534761
0.9948791875238004
0.9949522782483281
0.9950105144431534
0.9950540535824759
0.9950830139179779
0.9950974743507751
0.9950974743507751
0.9950830139179779
0.9950540535824759
0.9950105144431534
0.9949522782483281
0.9948791875238004
0.9947910457534761
0.9946876176274384
0.9945686293678430
0.9944337691530767
0.9942826876553017
0.9941149987243642
0.9939302802427975
0.9937280751849468
0.9935078929288783
0.9932692108622434
0.9930114763429549
0.9927341090773547
0.9924365040015294
0.9921180347461893
0.9917780578037840
0.9914159175215836
0.9910309520754699
0.9906225006083954
0.9901899117569091
0.9897325538406908
0.9892498270502691
0.9887411780555154
0.9882061175766649
0.9876442416068016
0.9870552572140482
0.9864390141655482
0.9857955441168504
0.9851251098960112
0.9844282687012531
0.9837059553364662
0.9829595960468177
0.9821912730538982
0.9814039841230527
0.9806021209332215
0.9805214730602083
0.9813207665986706
0.9821055006989882
0.9828712895075159
0.9836151411399250
0.9843349791790857
0.9850293830169585
0.9856974232457546
0.9863385477672032
0.9869524985122926
0.9875392482084160
0.9880989510740708
0.9886319036131329
0.9891385129858192
0.9896192712076564
0.9900747339353477
0.9905055029108923
0.9909122113714632
0.9912955118844806
0.9916560661862820
0.9919945366813846
0.9923115793370162
0.9926078377371996
0.9928839381233143
0.9931404852580417
0.9933780589861126
0.9935972113886115
0.9937984644272527
0.9939823080120852
0.9941491984192555
0.9942995570025025
0.9944337691530749
0.9945521834633227
0.9946551110613684
0.9947428250864927
0.9948155602780214
0.9948735126596895
0.9949168393019820
0.9949456581474461
0.9949600478875854
0.9949600478875854
0.9949456581474463
0.9949168393019820
0.9948735126596895
0.9948155602780199
0.9947428250864927
0.9946551110613684
0.9945521834633219
0.9944337691530749
0.9942995570025025
0.9941491984192555
0.9939823080120852
0.9937984644272527
0.9935972113886115
0.9933780589861126
0.9931404852580428
0.9928839381233143
0.9926078377371996
0.9923115793370162
0.9919945366813846
0.9916560661862820
0.9912955118844831
0.9909122113714632
0.9905055029108943
0.9900747339353477
0.9896192712076564
0.9891385129858192
0.9886319036131327
0.9880989510740708
0.9875392482084160
0.9869524985122926
0.9863385477672032
0.9856974232457546
0.9850293830169585
0.9843349791790857
0.9836151411399250
0.9828712895075159
0.9821055006989882
0.9813207665986706
0.9805214730602083
0.9804312424436538
0.9812276420311127
0.9820094990022431
0.9827724341977176
0.9835134624807500
0.9842305140823316
0.9849221748354013
0.9855875214858530
0.9862260077365644
0.9868373809142511
0.9874216187009056
0.9879788798021608
0.9885094647256525
0.9890137841467856
0.9894923331131770
0.9899456698391524
0.9903743981709713
0.9907791530184412
0.9911605882195155
0.9915193664094134
0.9918561505562169
0.9921715968868903
0.9924663489824594
0.9927410328508838
0.9929962528283508
0.9932325881758947
0.9934505902639010
0.9936507802513027
0.9938336471806971
0.9939996464238473
0.9941491984192560
0.9942826876553017
0.9944004618531250
0.9945028313223623
0.9945900684499973
0.9946624073051522
0.9947200433348864
0.9947631331375462
0.9947917942936625
0.9948061052507950
0.9948061052507950
0.9947917942936625
0.9947631331375462
0.9947200433348821
0.9946624073051528
0.9945900684499946
0.9945028313223623
0.9944004618531250
0.9942826876553017
0.9941491984192560
0.9939996464238473
0.9938336471806971
0.9936507802513027
0.9934505902639010
0.9932325881758947
0.9929962528283508
0.9927410328508838
0.9924663489824582
0.9921715968868903
0.9918561505562169
0.9915193664094134
0.9911605882195155
0.9907791530184412
0.9903743981709713
0.9899456698391524
0.9894923331131770
0.9890137841467850
0.9885094647256525
0.9879788798021608
0.9874216187009056
0.9868373809142524
0.9862260077365648
0.9855875214858530
0.9849221748354013
0.9842305140823316
0.9835134624807500
0.9827724341977176
0.9820094990022431
0.9812276420311121
0.9804312424436538
0.9803312356616763
0.9811244043693074
0.9819030494074549
0.9826627992633101
0.9834006764878743
0.9841146188713068
0.9848032195558869
0.9854655622520674
0.9861011072074647
0.9867096078185643
0.9872910473188218
0.9878455894181826
0.9883735390683598
0.9888753108222045
0.9893514030468326
0.9898023767332489
0.9902288379837281
0.9906314234740772
0.9910107883520932
0.9913675961439129
0.9917025103301931
0.9920161873157228
0.9923092705634146
0.9925823857116051
0.9928361365157665
0.9930711014851155
0.9932878311037238
0.9934868455470690
0.9936686328092630
0.9938336471806981
0.9939823080120852
0.9941149987243642
0.9942320660158447
0.9943338192353204
0.9944205298917403
0.9944924312731648
0.9945497181568735
0.9945925465915498
0.9946210337384023
0.9946352577623434
0.9946352577624118
0.9946210337384023
0.9945925465915498
0.9945497181568735
0.9944924312731648
0.9944205298917403
0.9943338192353204
0.9942320660158447
0.9941149987243642
0.9939823080120852
0.9938336471806871
0.9936686328092630
0.9934868455470690
0.9932878311037238
0.9930711014851155
0.9928361365157665
0.9925823857116051
0.9923092705634139
0.9920161873157228
0.9917025103301931
0.9913675961439146
0.9910107883520860
0.9906314234740772
0.9902288379837281
0.9898023767332489
0.9893514030468326
0.9888753108222045
0.9883735390683598
0.9878455894181797
0.9872910473188218
0.9867096078185643
0.9861011072074627
0.9854655622520674
0.9848032195558858
0.9841146188713068
0.9834006764878743
0.9826627992633101
0.9819030494074531
0.9811244043693074
0.9803312356616763
0.9802212416349657
0.9810108284456740
0.9817859128079154
0.9825421318954717
0.9832765169766394
0.9839870143929892
0.9846722255337862
0.9853312419449807
0.9859635312149462
0.9865688535214568
0.9871471982729531
0.9876987347194853
0.9882237727026558
0.9887227310126084
0.9891961116136201
0.9896444784727921
0.9900684400779530
0.9904686349353357
0.9908457195096119
0.9912003581754698
0.9915332148414161
0.9918449459671876
0.9921361947482884
0.9924075862800718
0.9926597235472896
0.9928931841052704
0.9931085173446798
0.9933062422461252
0.9934868455470738
0.9936507802513027
0.9937984644272508
0.9939302802427966
0.9940465732002870
0.9941476515314890
0.9942337857262750
0.9943052081679681
0.9943621128600634
0.9944046552173321
0.9944329519177278
0.9944470808007381
0.9944470808007402
0.9944329519177292
0.9944046552173321
0.9943621128600634
0.9943052081679681
0.9942337857262750
0.9941476515314890
0.9940465732002870
0.9939302802427966
0.9937984644272508
0.9936507802513027
0.9934868455470738
0.9933062422461252
0.9931085173446796
0.9928931841052704
0.9926597235472896
0.9924075862800718
0.9921361947482884
0.9918449459671876
0.9915332148414161
0.9912003581754698
0.9908457195096119
0.9904686349353357
0.9900684400779530
0.9896444784727921
0.9891961116136201
0.9887227310126084
0.9882237727026558
0.9876987347194853
0.9871471982729531
0.9865688535214568
0.9859635312149462
0.9853312419449807
0.9846722255337862
0.9839870143929892
0.9832765169766394
0.9825421318954717
0.9817859128079154
0.9810108284456740
0.9802212416349657
0.9801010322474262
0.9808866705438617
0.9816578300552213
0.9824101577923734
0.9831406948696443
0.9838473972634004
0.9845288756293614
0.9851842302894325
0.9858129370234466
0.9864147635438296
0.9869897060876914
0.9875379399969235
0.9880597804525902
0.9885556508373188
0.9890260569736294
0.9894715659827211
0.9898927888368495
0.9902903659031169
0.9906649549315752
0.9910172210627850
0.9913478285044011
0.9916574336081427
0.9919466791081706
0.9922161893435766
0.9924665662977911
0.9926983863328863
0.9929121975011037
0.9931085173446796
0.9932878311037238
0.9934505902638994
0.9935972113886115
0.9937280751849468
0.9938435257663962
0.9939438700711493
0.9940293774135338
0.9941002791369883
0.9941567683542084
0.9941989997538013
0.9942270894606774
0.9942411149403645
0.9942411149403642
0.9942270894606705
0.9941989997537979
0.9941567683542084
0.9941002791369883
0.9940293774135338
0.9939438700711493
0.9938435257663962
0.9937280751849468
0.9935972113886115
0.9934505902638994
0.9932878311037238
0.9931085173446796
0.9929121975011037
0.9926983863328865
0.9924665662977981
0.9922161893435766
0.9919466791081707
0.9916574336081420
0.9913478285044011
0.9910172210627850
0.9906649549315752
0.9902903659031169
0.9898927888368495
0.9894715659827211
0.9890260569736294
0.9885556508373188
0.9880597804525902
0.9875379399969235
0.9869897060876914
0.9864147635438296
0.9858129370234466
0.9851842302894325
0.9845288756293606
0.9838473972634004
0.9831406948696443
0.9824101577923734
0.9816578300552213
0.9808866705438624
0.9801010322474262
0.9799703631025108
0.9807516690870715
0.9815185225908564
0.9822665817349231
0.9829928987246241
0.9836954403602469
0.9843728276744456
0.9850241707827621
0.9856489545680968
0.9862469550778987
0.9868181760609758
0.9873627995165853
0.9878811464187701
0.9883736450852890
0.9888408054385601
0.9892831979007114
0.9897014359916140
0.9900961619269666
0.9904680346670364
0.9908177199850230
0.9911458822128147
0.9914531773797082
0.9917402475191238
0.9920077159503600
0.9922561833820461
0.9924862246994858
0.9926983863328863
0.9928931841052705
0.9930711014851142
0.9932325881758947
0.9933780589861126
0.9935078929288779
0.9936224325129440
0.9937219831884482
0.9938068129200678
0.9938771518603220
0.9939331921051060
0.9939750875143286
0.9940029535818907
0.9940168673489708
0.9940168673489708
0.9940029535818907
0.9939750875143286
0.9939331921051060
0.9938771518603220
0.9938068129200678
0.9937219831884482
0.9936224325129419
0.9935078929288779
0.9933780589861126
0.9932325881758947
0.9930711014851142
0.9928931841052755
0.9926983863328865
0.9924862246994858
0.9922561833820461
0.9920077159503600
0.9917402475191245
0.9914531773797082
0.9911458822128147
0.9908177199850230
0.9904680346670368
0.9900961619269666
0.9897014359916140
0.9892831979007114
0.9888408054385601
0.9883736450852890
0.9878811464187701
0.9873627995165835
0.9868181760609758
0.9862469550778987
0.9856489545680968
0.9850241707827621
0.9843728276744456
0.9836954403602469
0.9829928987246241
0.9822665817349231
0.9815185225908564
0.9807516690870715
0.9799703631025108
0.9798289744234683
0.9806055454722935
0.9813676932143043
0.9821110882968795
0.9828327953960589
0.9835307934441209
0.9842037150662076
0.9848506812746388
0.9854711870357976
0.9860650175788366
0.9866321848779250
0.9871728781686374
0.9876874246672480
0.9881762579528260
0.9886398922613423
0.9890789014249933
0.9894939015291991
0.9898855365765670
0.9902544666062251
0.9906013578378586
0.9909268744932926
0.9912316720109551
0.9915163914263374
0.9917816547262968
0.9920280610177408
0.9922561833820461
0.9924665662977911
0.9926597235472896
0.9928361365157665
0.9929962528283508
0.9931404852580425
0.9932692108622433
0.9933827703069879
0.9934814673381032
0.9935655683797033
0.9936353022270296
0.9936908598204742
0.9937323940785067
0.9937600197800860
0.9937738134851489
0.9937738134851489
0.9937600197800860
0.9937323940785067
0.9936908598204742
0.9936353022270296
0.9935655683797033
0.9934814673381032
0.9933827703069879
0.9932692108622433
0.9931404852580428
0.9929962528283508
0.9928361365157665
0.9926597235472896
0.9924665662977911
0.9922561833820508
0.9920280610177408
0.9917816547262968
0.9915163914263376
0.9912316720109551
0.9909268744932925
0.9906013578378591
0.9902544666062251
0.9898855365765670
0.9894939015291991
0.9890789014249940
0.9886398922613423
0.9881762579528276
0.9876874246672480
0.9871728781686374
0.9866321848779250
0.9860650175788366
0.9854711870357976
0.9848506812746388
0.9842037150662076
0.9835307934441209
0.9828327953960589
0.9821110882968795
0.9813676932143043
0.9806055454722935
0.9798289744234683
0.9796765921357214
0.9804480050755124
0.9812050270168816
0.9819433427174805
0.9826600308556357
0.9833530839418562
0.9840211475269389
0.9846633547191255
0.9852792116203259
0.9858685135400969
0.9864312814188053
0.9869677123166281
0.9874781401315985
0.9879630040070079
0.9884228226661788
0.9888581734145940
0.9892696748662178
0.9896579726869291
0.9900237278009837
0.9903676066221634
0.9906902729635900
0.9909923813396219
0.9912745714308107
0.9915374635178122
0.9917816547262968
0.9920077159503600
0.9922161893435766
0.9924075862800718
0.9925823857116051
0.9927410328508840
0.9928839381233143
0.9930114763429549
0.9931239860663709
0.9932217690986610
0.9933050901123331
0.9933741763658637
0.9934292174903582
0.9934703653415898
0.9934977338911865
0.9935113991567269
0.9935113991567269
0.9934977338911865
0.9934703653415889
0.9934292174903582
0.9933741763658637
0.9933050901123331
0.9932217690986610
0.9931239860663709
0.9930114763429549
0.9928839381233143
0.9927410328508840
0.9925823857116051
0.9924075862800718
0.9922161893435766
0.9920077159503600
0.9917816547262968
0.9915374635178122
0.9912745714308107
0.9909923813396219
0.9906902729635900
0.9903676066221634
0.9900237278009844
0.9896579726869291
0.9892696748662166
0.9888581734145940
0.9884228226661788
0.9879630040070079
0.9874781401315985
0.9869677123166281
0.9864312814188053
0.9858685135400969
0.9852792116203259
0.9846633547191255
0.9840211475269389
0.9833530839418562
0.9826600308556357
0.9819433427174805
0.9812050270168816
0.9804480050755137
0.9796765921357214
0.9795129291573809
0.9802787384595218
0.9810301925147734
0.9817629919665679
0.9824742312055645
0.9831619179234508
0.9838247120608821
0.9844617601279193
0.9850725804920728
0.9856569794931250
0.9862149878050234
0.9867468109023479
0.9872527897873569
0.9877333694334471
0.9881890731793342
0.9886204818047469
0.9890282163479183
0.9894129239442681
0.9897752661335162
0.9901159091955201
0.9904355161621909
0.9907347402181440
0.9910142192625574
0.9912745714308113
0.9915163914263376
0.9917402475191238
0.9919466791081707
0.9921361947482887
0.9923092705634139
0.9924663489824594
0.9926078377371992
0.9927341090773546
0.9928454991623805
0.9929423075945838
0.9930247970666093
0.9930931931005820
0.9931476838553889
0.9931884199903946
0.9932155145705324
0.9932290430044647
0.9932290430044647
0.9932155145705324
0.9931884199903946
0.9931476838553889
0.9930931931005820
0.9930247970666075
0.9929423075945837
0.9928454991623805
0.9927341090773546
0.9926078377371990
0.9924663489824594
0.9923092705634139
0.9921361947482887
0.9919466791081707
0.9917402475191238
0.9915163914263376
0.9912745714308113
0.9910142192625574
0.9907347402181440
0.9904355161621909
0.9901159091955201
0.9897752661335171
0.9894129239442681
0.9890282163479183
0.9886204818047469
0.9881890731793342
0.9877333694334471
0.9872527897873569
0.9867468109023479
0.9862149878050213
0.9856569794931250
0.9850725804920728
0.9844617601279193
0.9838247120608821
0.9831619179234508
0.9824742312055706
0.9817629919665679
0.9810301925147734
0.9802787384595218
0.9795129291573809
0.9793376869381384
0.9800974228220523
0.9808428430142211
0.9815696660425146
0.9822750039236543
0.9829568813119021
0.9836139741518315
0.9842454437758449
0.9848508220313394
0.9854299272874627
0.9859828007405733
0.9865096568628889
0.9870108441536710
0.9874868136350194
0.9879380933235670
0.9883652674035690
0.9887689591504094
0.9891498168875733
0.9895085024154150
0.9898456814646528
0.9901620158279620
0.9904581568747511
0.9907347402181440
0.9909923813396219
0.9912316720109551
0.9914531773797082
0.9916574336081411
0.9918449459671876
0.9920161873157217
0.9921715968868903
0.9923115793370162
0.9924365040015294
0.9925467043246934
0.9926424774227871
0.9927240837596099
0.9927917469076569
0.9928456533738822
0.9928859524786835
0.9929127562734079
0.9929261394852891
0.9929261394852891
0.9929127562734079
0.9928859524786835
0.9928456533738822
0.9927917469076569
0.9927240837596099
0.9926424774227871
0.9925467043246935
0.9924365040015294
0.9923115793370162
0.9921715968868903
0.9920161873157217
0.9918449459671876
0.9916574336081418
0.9914531773797082
0.9912316720109551
0.9909923813396219
0.9907347402181440
0.9904581568747511
0.9901620158279620
0.9898456814646528
0.9895085024154150
0.9891498168875733
0.9887689591504094
0.9883652674035690
0.9879380933235667
0.9874868136350194
0.9870108441536710
0.9865096568628889
0.9859828007405733
0.9854299272874627
0.9848508220313394
0.9842454437758449
0.9836139741518315
0.9829568813119021
0.9822750039236543
0.9815696660425146
0.9808428430142211
0.9800974228220523
0.9793376869381384
0.9791505572833283
0.9799037237265508
0.9806426182563420
0.9813629795447432
0.9820619393847938
0.9827375413785467
0.9833884792537014
0.9840139307129060
0.9846134423835541
0.9851868457124070
0.9857341932171860
0.9862557089335156
0.9867517492059197
0.9872227712583890
0.9876693077690214
0.9880919461618614
0.9884913116662700
0.9888680534130396
0.9892228330037588
0.9895563151068493
0.9898691597225471
0.9901620158279610
0.9904355161621907
0.9906902729635900
0.9909268744932925
0.9911458822128147
0.9913478285044011
0.9915332148414161
0.9917025103301932
0.9918561505562168
0.9919945366813846
0.9921180347461893
0.9922269751334591
0.9923216521671634
0.9924023238133856
0.9924692114639666
0.9925224997825975
0.9925623365971686
0.9925888328303071
0.9926020624511671
0.9926020624511671
0.9925888328303072
0.9925623365971677
0.9925224997825975
0.9924692114639666
0.9924023238133856
0.9923216521671634
0.9922269751334576
0.9921180347461893
0.9919945366813846
0.9918561505562168
0.9917025103301932
0.9915332148414162
0.9913478285044011
0.9911458822128147
0.9909268744932925
0.9906902729635900
0.9904355161621911
0.9901620158279620
0.9898691597225471
0.9895563151068493
0.9892228330037588
0.9888680534130433
0.9884913116662700
0.9880919461618614
0.9876693077690211
0.9872227712583890
0.9867517492059197
0.9862557089335156
0.9857341932171860
0.9851868457124070
0.9846134423835541
0.9840139307129060
0.9833884792537014
0.9827375413785467
0.9820619393847938
0.9813629795447432
0.9806426182563420
0.9799037237265557
0.9791505572833246
0.9789512245293231
0.9796972971694667
0.9804291463921034
0.9811425335774525
0.9818346127170410
0.9825034485778844
0.9831477546368588
0.9837667266507054
0.9843599274140288
0.9849272025398649
0.9854686166679525
0.9859844039266488
0.9864749287900454
0.9869406547513677
0.9873821190304559
0.9877999120171470
0.9881946604922788
0.9885670138931681
0.9889176330480955
0.9892471809368404
0.9895563151068493
0.9898456814646528
0.9901159091955201
0.9903676066221634
0.9906013578378586
0.9908177199850230
0.9910172210627850
0.9912003581754698
0.9913675961439129
0.9915193664094134
0.9916560661862958
0.9917780578037837
0.9918856682125756
0.9919791886132552
0.9920588741858829
0.9921249438953881
0.9921775803563933
0.9922169297415026
0.9922431017205378
0.9922561694252471
0.9922561694252471
0.9922431017205389
0.9922169297415026
0.9921775803563933
0.9921249438953881
0.9920588741858829
0.9919791886132552
0.9918856682125756
0.9917780578037837
0.9916560661862958
0.9915193664094134
0.9913675961439130
0.9912003581754698
0.9910172210627850
0.9908177199850230
0.9906013578378586
0.9903676066221634
0.9901159091955201
0.9898456814646528
0.9895563151068493
0.9892471809368404
0.9889176330480955
0.9885670138931681
0.9881946604922788
0.9877999120171470
0.9873821190304559
0.9869406547513677
0.9864749287900454
0.9859844039266488
0.9854686166679525
0.9849272025398649
0.9843599274140288
0.9837667266507054
0.9831477546368588
0.9825034485778844
0.9818346127170410
0.9811425335774525
0.9804291463921034
0.9796972971694667
0.9789512245293231
0.9787393681152681
0.9794777920443003
0.9802020463516001
0.9809079180458267
0.9815925860571437
0.9822541387984974
0.9828913116683564
0.9835033203065908
0.9840897451469705
0.9846504470884329
0.9851855036738637
0.9856951595973205
0.9861797876563972
0.9866398575692166
0.9870759108497071
0.9874885404420237
0.9878783741375519
0.9882460610412676
0.9885922604997531
0.9889176330480898
0.9892228330037590
0.9895085024154125
0.9897752661335171
0.9900237278009844
0.9902544666062251
0.9904680346670364
0.9906649549315752
0.9908457195096119
0.9910107883520869
0.9911605882195155
0.9912955118844831
0.9914159175215836
0.9915221282487169
0.9916144317904216
0.9916930802326482
0.9917582898512214
0.9918102409946034
0.9918490780058159
0.9918749091739123
0.9918878067050061
0.9918878067050061
0.9918749091739123
0.9918490780058159
0.9918102409946034
0.9917582898512199
0.9916930802326482
0.9916144317904216
0.9915221282487169
0.9914159175215836
0.9912955118844831
0.9911605882195154
0.9910107883520869
0.9908457195096119
0.9906649549315752
0.9904680346670356
0.9902544666062251
0.9900237278009857
0.9897752661335171
0.9895085024154125
0.9892228330037590
0.9889176330480899
0.9885922604997531
0.9882460610412676
0.9878783741375519
0.9874885404420237
0.9870759108497071
0.9866398575692166
0.9861797876563972
0.9856951595973205
0.9851855036738637
0.9846504470884329
0.9840897451469705
0.9835033203065908
0.9828913116683567
0.9822541387984974
0.9815925860571437
0.9809079180458267
0.9802020463516001
0.9794777920443016
0.9787393681152681
0.9785146656414337
0.9792448530779889
0.9799609306798743
0.9806587144257389
0.9813354112896826
0.9819891361156884
0.9826186486221002
0.9832231863111014
0.9838023488073280
0.9843560134260871
0.9848842713530990
0.9853873782311937
0.9858657152555490
0.9863197581781235
0.9867500524030591
0.9871571928511140
0.9875418076200216
0.9879045446815606
0.9882460610412676
0.9885670138931681
0.9888680534130433
0.9891498168875733
0.9894129239442681
0.9896579726869291
0.9898855365765667
0.9900961619269658
0.9902903659031169
0.9904686349353357
0.9906314234740772
0.9907791530184417
0.9909122113714632
0.9910309520754699
0.9911356939914526
0.9912267209923584
0.9913042817449935
0.9913685895586569
0.9914198222860070
0.9914581222584752
0.9914835962477323
0.9914963154435706
0.9914963154435706
0.9914835962477323
0.9914581222584752
0.9914198222860070
0.9913685895586569
0.9913042817449935
0.9912267209923584
0.9911356939914526
0.9910309520754699
0.9909122113714632
0.9907791530184417
0.9906314234740772
0.9904686349353357
0.9902903659031178
0.9900961619269658
0.9898855365765667
0.9896579726869291
0.9894129239442681
0.9891498168875733
0.9888680534130433
0.9885670138931681
0.9882460610412676
0.9879045446815606
0.9875418076200216
0.9871571928511140
0.9867500524030591
0.9863197581781219
0.9858657152555490
0.9853873782311937
0.9848842713530990
0.9843560134260879
0.9838023488073280
0.9832231863111014
0.9826186486221002
0.9819891361156884
0.9813354112896826
0.9806587144257389
0.9799609306798743
0.9792448530779889
0.9785146656414337
0.9782767964918042
0.9789981243292721
0.9797054089360420
0.9803944990986676
0.9810626333718985
0.9817079561558399
0.9823292541349976
0.9829257888077888
0.9834971806021618
0.9840433243682480
0.9845643255945757
0.9850604511287787
0.9855320904742992
0.9859797250442983
0.9864039035312253
0.9868052220611404
0.9871843081379763
0.9875418076200216
0.9878783741375519
0.9881946604922788
0.9884913116662702
0.9887689591504094
0.9890282163479183
0.9892696748662174
0.9894939015291958
0.9897014359916156
0.9898927888368495
0.9900684400779530
0.9902288379837285
0.9903743981709713
0.9905055029108923
0.9906225006083975
0.9907257054170739
0.9908153969634024
0.9908918201527509
0.9909551850376587
0.9910056667352963
0.9910434053743696
0.9910685060669026
0.9910810388922062
0.9910810388922062
0.9910685060669026
0.9910434053743696
0.9910056667352963
0.9909551850376587
0.9908918201527509
0.9908153969634024
0.9907257054170739
0.9906225006083975
0.9905055029108923
0.9903743981709713
0.9902288379837290
0.9900684400779530
0.9898927888368495
0.9897014359916156
0.9894939015291991
0.9892696748662178
0.9890282163479183
0.9887689591504116
0.9884913116662700
0.9881946604922788
0.9878783741375519
0.9875418076200216
0.9871843081379763
0.9868052220611404
0.9864039035312253
0.9859797250442983
0.9855320904742992
0.9850604511287787
0.9845643255945762
0.9840433243682479
0.9834971806021618
0.9829257888077888
0.9823292541349979
0.9817079561558403
0.9810626333718985
0.9803944990986659
0.9797054089360420
0.9789981243292721
0.9782767964918042
0.9780254461392505
0.9787372533589136
0.9794350917618198
0.9801148473735821
0.9807737943659850
0.9814101102082831
0.9820226114653091
0.9826105859099631
0.9831736764268038
0.9837117964628964
0.9842250663442329
0.9847137642000089
0.9851782875404520
0.9856191228340988
0.9860368212248576
0.9864319790370024
0.9868052220611404
0.9871571928511140
0.9874885404420237
0.9877999120171467
0.9880919461618611
0.9883652674035690
0.9886204818047469
0.9888581734145940
0.9890789014249933
0.9892831979007114
0.9894715659827211
0.9896444784727921
0.9898023767332489
0.9899456698391524
0.9900747339353477
0.9901899117569091
0.9902915122788819
0.9903798104679483
0.9904550471110013
0.9905174287020203
0.9905671273729730
0.9906042808521485
0.9906289924448011
0.9906413310231228
0.9906413310231228
0.9906289924448011
0.9906042808521485
0.9905671273729730
0.9905174287020203
0.9904550471110013
0.9903798104679483
0.9902915122788819
0.9901899117569091
0.9900747339353477
0.9899456698391524
0.9898023767332494
0.9896444784727921
0.9894715659827211
0.9892831979007114
0.9890789014249933
0.9888581734145940
0.9886204818047469
0.9883652674035690
0.9880919461618611
0.9877999120171467
0.9874885404420237
0.9871571928511140
0.9868052220611404
0.9864319790370024
0.9860368212248568
0.9856191228340988
0.9851782875404520
0.9847137642000089
0.9842250663442332
0.9837117964628964
0.9831736764268008
0.9826105859099631
0.9820226114653091
0.9814101102082831
0.9807737943659850
0.9801148473735821
0.9794350917618198
0.9787372533589136
0.9780254461392505
0.9777603112638907
0.9784618962068736
0.9791495957635360
0.9798193383386669
0.9804684383420053
0.9810951102641770
0.9816982037421188
0.9822770352319169
0.9828312717230057
0.9833608462118363
0.9838658942045466
0.9843467049450940
0.9848036833726744
0.9852373201179723
0.9856481676542336
0.9860368212248568
0.9864039035312253
0.9867500524030591
0.9870759108497071
0.9873821190304559
0.9876693077690214
0.9879380933235670
0.9881890731793342
0.9884228226661788
0.9886398922613423
0.9888408054385601
0.9890260569736294
0.9891961116136201
0.9893514030468361
0.9894923331131774
0.9896192712076580
0.9897325538406908
0.9898324843183673
0.9899193325187596
0.9899933347420697
0.9900546936111190
0.9901035780162640
0.9901401230825158
0.9901644301567223
0.9901765668029795
0.9901765668029795
0.9901644301567223
0.9901401230825158
0.9901035780162640
0.9900546936111190
0.9899933347420697
0.9899193325187596
0.9898324843183673
0.9897325538406908
0.9896192712076564
0.9894923331131765
0.9893514030468361
0.9891961116136201
0.9890260569736294
0.9888408054385601
0.9886398922613423
0.9884228226661788
0.9881890731793342
0.9879380933235659
0.9876693077690214
0.9873821190304559
0.9870759108497071
0.9867500524030591
0.9864039035312253
0.9860368212248568
0.9856481676542336
0.9852373201179723
0.9848036833726744
0.9843467049450940
0.9838658942045466
0.9833608462118363
0.9828312717230057
0.9822770352319169
0.9816982037421188
0.9810951102641770
0.9804684383420053
0.9798193383386669
0.9791495957635360
0.9784618962068733
0.9777603112638907
0.9774811058500187
0.9781717233454048
0.9788485493783162
0.9795075607284571
0.9801461173526573
0.9807624752019120
0.9813555204595349
0.9819246007644347
0.9824694087922673
0.9829898978497424
0.9834862186892507
0.9839586711738751
0.9844076667423640
0.9848336989433283
0.9852373201179716
0.9856191228341005
0.9859797250442983
0.9863197581781237
0.9866398575692166
0.9869406547513677
0.9872227712583870
0.9874868136350198
0.9877333694334460
0.9879630040070079
0.9881762579528276
0.9883736450852870
0.9885556508373188
0.9887227310126084
0.9888753108222051
0.9890137841467856
0.9891385129858192
0.9892498270502691
0.9893480234714709
0.9894333666001758
0.9895060878698193
0.9895663857146587
0.9896144255212243
0.9896503396039348
0.9896742271977595
0.9896861544567784
0.9896861544567791
0.9896742271977595
0.9896503396039348
0.9896144255212243
0.9895663857146587
0.9895060878698193
0.9894333666001758
0.9893480234714709
0.9892498270502691
0.9891385129858192
0.9890137841467856
0.9888753108222051
0.9887227310126084
0.9885556508373188
0.9883736450852890
0.9881762579528276
0.9879630040070079
0.9877333694334460
0.9874868136350143
0.9872227712583870
0.9869406547513677
0.9866398575692166
0.9863197581781219
0.9859797250442983
0.9856191228341005
0.9852373201179716
0.9848336989433283
0.9844076667423640
0.9839586711738728
0.9834862186892507
0.9829898978497424
0.9824694087922673
0.9819246007644347
0.9813555204595349
0.9807624752019122
0.9801461173526573
0.9795075607284571
0.9788485493783162
0.9781717233454037
0.9774811058500187
0.9771875684798288
0.9778664268189428
0.9785315999451819
0.9791791200474542
0.9798063987453423
0.9804117384213519
0.9809940655460166
0.9815527614676135
0.9820875459620906
0.9825983931045942
0.9830854685707721
0.9835490819147028
0.9839896497068046
0.9844076667423635
0.9848036833726744
0.9851782875404540
0.9855320904742992
0.9858657152555490
0.9861797876563970
0.9864749287900454
0.9867517492059197
0.9870108441536710
0.9872527897873659
0.9874781401315985
0.9876874246672480
0.9878811464187701
0.9880597804525902
0.9882237727026558
0.9883735390683598
0.9885094647256512
0.9886319036131327
0.9887411780555175
0.9888375784939637
0.9889213633027201
0.9889927586660634
0.9890519585066605
0.9890991244422953
0.9891343857676741
0.9891578394505246
0.9891695501323819
0.9891695501323807
0.9891578394505246
0.9891343857676741
0.9890991244423010
0.9890519585066605
0.9889927586660634
0.9889213633027201
0.9888375784939637
0.9887411780555175
0.9886319036131327
0.9885094647256512
0.9883735390683598
0.9882237727026558
0.9880597804525898
0.9878811464187701
0.9876874246672480
0.9874781401315985
0.9872527897873659
0.9870108441536710
0.9867517492059197
0.9864749287900454
0.9861797876563974
0.9858657152555490
0.9855320904742977
0.9851782875404540
0.9848036833726744
0.9844076667423635
0.9839896497068046
0.9835490819147028
0.9830854685707721
0.9825983931045942
0.9820875459620906
0.9815527614676135
0.9809940655460166
0.9804117384213527
0.9798063987453410
0.9791791200474542
0.9785315999451819
0.9778664268189428
0.9771875684798288
0.9768794710803554
0.9775457288433538
0.9781984222689589
0.9788336472628748
0.9794488741616537
0.9800424573238871
0.9806133674609686
0.9811610220709256
0.9816851691356829
0.9821858034999391
0.9826631049058790
0.9831173911147456
0.9835490819147028
0.9839586711738751
0.9843467049450940
0.9847137642000089
0.9850604511287773
0.9853873782311937
0.9856951595973205
0.9859844039266479
0.9862557089335156
0.9865096568628902
0.9867468109023481
0.9869677123166281
0.9871728781686370
0.9873627995165835
0.9875379399969235
0.9876987347194853
0.9878455894181817
0.9879788798021608
0.9880989510740708
0.9882061175766650
0.9883006625409845
0.9883828379141230
0.9884528642469421
0.9885109306258267
0.9885571946354208
0.9885917823424284
0.9886147882921691
0.9886262755111669
0.9886262755111669
0.9886147882921691
0.9885917823424284
0.9885571946354208
0.9885109306258267
0.9884528642469421
0.9883828379141230
0.9883006625409845
0.9882061175766650
0.9880989510740686
0.9879788798021608
0.9878455894181826
0.9876987347194853
0.9875379399969235
0.9873627995165835
0.9871728781686370
0.9869677123166281
0.9867468109023481
0.9865096568628902
0.9862557089335156
0.9859844039266479
0.9856951595973205
0.9853873782311937
0.9850604511287773
0.9847137642000089
0.9843467049450940
0.9839586711738751
0.9835490819147028
0.9831173911147456
0.9826631049058779
0.9821858034999391
0.9816851691356836
0.9811610220709259
0.9806133674609686
0.9800424573238914
0.9794488741616537
0.9788336472628748
0.9781984222689589
0.9775457288433538
0.9768794710803548
0.9765566294869663
0.9772093922200854
0.9778487290524538
0.9784708094813445
0.9790731707082784
0.9796542251863626
0.9802129919283037
0.9807489267569551
0.9812618064466765
0.9817516459536456
0.9822186375138268
0.9826631049058779
0.9830854685707721
0.9834862186892355
0.9838658942045461
0.9842250663442329
0.9845643255945762
0.9848842713530992
0.9851855036738679
0.9854686166679525
0.9857341932171860
0.9859828007405733
0.9862149878050234
0.9864312814188053
0.9866321848779250
0.9868181760609753
0.9869897060876914
0.9871471982729531
0.9872910473188218
0.9874216187009048
0.9875392482084160
0.9876442416068016
0.9877368743979851
0.9878173916538108
0.9878860079093824
0.9879429070945057
0.9879882424996755
0.9880221367568693
0.9880446818366710
0.9880559390493787
0.9880559390493787
0.9880446818366710
0.9880221367568693
0.9879882424996755
0.9879429070945135
0.9878860079093824
0.9878173916538108
0.9877368743979851
0.9876442416068016
0.9875392482084160
0.9874216187009048
0.9872910473188209
0.9871471982729531
0.9869897060876914
0.9868181760609751
0.9866321848779250
0.9864312814188053
0.9862149878050213
0.9859828007405733
0.9857341932171860
0.9854686166679525
0.9851855036738679
0.9848842713530992
0.9845643255945762
0.9842250663442329
0.9838658942045461
0.9834862186892355
0.9830854685707721
0.9826631049058779
0.9822186375138268
0.9817516459536456
0.9812618064466765
0.9807489267569551
0.9802129919283037
0.9796542251863626
0.9790731707082784
0.9784708094813445
0.9778487290524538
0.9772093922200854
0.9765566294869663
0.9762189162725936
0.9768572330382637
0.9774822837078930
0.9780903231977556
0.9786789649680333
0.9792466862044313
0.9797925581809868
0.9803160766742233
0.9808170470239508
0.9812955027079606
0.9817516459536456
0.9821858034999391
0.9825983931045942
0.9829898978497424
0.9833608462118363
0.9837117964628964
0.9840433243682479
0.9843560134260879
0.9846504470884329
0.9849272025398649
0.9851868457124057
0.9854299272874627
0.9856569794931250
0.9858685135400969
0.9860650175788364
0.9862469550778987
0.9864147635438296
0.9865688535214557
0.9867096078185643
0.9868373809142524
0.9869524985122926
0.9870552572140482
0.9871459242816603
0.9872247374724896
0.9872919049304588
0.9873476051174304
0.9873919867733831
0.9874251688945250
0.9874472407284707
0.9874582617717820
0.9874582617717820
0.9874472407284707
0.9874251688945250
0.9873919867733831
0.9873476051174304
0.9872919049304588
0.9872247374724896
0.9871459242816655
0.9870552572140482
0.9869524985122926
0.9868373809142524
0.9867096078185643
0.9865688535214557
0.9864147635438296
0.9862469550778987
0.9860650175788366
0.9858685135400969
0.9856569794931250
0.9854299272874627
0.9851868457124070
0.9849272025398649
0.9846504470884329
0.9843560134260879
0.9840433243682479
0.9837117964628964
0.9833608462118363
0.9829898978497424
0.9825983931045942
0.9821858034999391
0.9817516459536456
0.9812955027079606
0.9808170470239508
0.9803160766742233
0.9797925581809868
0.9792466862044313
0.9786789649680333
0.9780903231977560
0.9774822837078930
0.9768572330382634
0.9762189162725936
0.9758662764845328
0.9764891363093223
0.9770989162609919
0.9776919709396210
0.9782660008294165
0.9788195548283719
0.9793517599664757
0.9798621526246435
0.9803505652605247
0.9808170470239508
0.9812618064466765
0.9816851691356836
0.9820875459620906
0.9824694087922673
0.9828312717230057
0.9831736764268038
0.9834971806021618
0.9838023488073280
0.9840897451469705
0.9843599274140288
0.9846134423835541
0.9848508220313391
0.9850725804920696
0.9852792116203252
0.9854711870357961
0.9856489545680962
0.9858129370234467
0.9859635312149478
0.9861011072074647
0.9862260077365644
0.9863385477672032
0.9864390141655379
0.9865276654582285
0.9866047316633982
0.9866704141741188
0.9867248856817831
0.9867682901299658
0.9868007426874856
0.9868223297354927
0.9868331088624639
0.9868331088624639
0.9868223297354927
0.9868007426874873
0.9867682901299692
0.9867248856817831
0.9866704141741188
0.9866047316633982
0.9865276654582285
0.9864390141655379
0.9863385477672032
0.9862260077365644
0.9861011072074647
0.9859635312149503
0.9858129370234467
0.9856489545680962
0.9854711870357961
0.9852792116203252
0.9850725804920696
0.9848508220313391
0.9846134423835541
0.9843599274140288
0.9840897451469705
0.9838023488073280
0.9834971806021618
0.9831736764268038
0.9828312717230057
0.9824694087922549
0.9820875459620906
0.9816851691356836
0.9812618064466765
0.9808170470239508
0.9803505652605247
0.9798621526246435
0.9793517599664757
0.9788195548283719
0.9782660008294165
0.9776919709396210
0.9770989162609919
0.9764891363093215
0.9758662764845328
0.9754987471588579
0.9761050754547402
0.9766985433816379
0.9772756225402895
0.9778341126007604
0.9783726410796406
0.9788903931700036
0.9793869448941916
0.9798621526246435
0.9803160766742146
0.9807489267569552
0.9811610220708740
0.9815527614676135
0.9819246007644347
0.9822770352319169
0.9826105859099632
0.9829257888077888
0.9832231863111012
0.9835033203065908
0.9837667266507041
0.9840139307129060
0.9842454437758457
0.9844617601279193
0.9846633547191255
0.9848506812746287
0.9850241707827621
0.9851842302894325
0.9853312419449807
0.9854655622520674
0.9855875214858530
0.9856974232457546
0.9857955441168504
0.9858821334200253
0.9859574130298694
0.9860215772457926
0.9860747927033622
0.9861171983186761
0.9861489052494693
0.9861699968766937
0.9861805287920311
0.9861805287920311
0.9861699968766937
0.9861489052494693
0.9861171983186756
0.9860747927033622
0.9860215772457926
0.9859574130298694
0.9858821334200253
0.9857955441168504
0.9856974232457546
0.9855875214858530
0.9854655622520674
0.9853312419449807
0.9851842302894325
0.9850241707827621
0.9848506812746287
0.9846633547191255
0.9844617601279193
0.9842454437758457
0.9840139307129060
0.9837667266507041
0.9835033203065908
0.9832231863111012
0.9829257888077888
0.9826105859099632
0.9822770352319169
0.9819246007644347
0.9815527614676135
0.9811610220708740
0.9807489267569552
0.9803160766742233
0.9798621526246435
0.9793869448941916
0.9788903931700036
0.9783726410796406
0.9778341126007604
0.9772756225402895
0.9766985433816379
0.9761050754547402
0.9754987471588579
0.9751164819003425
0.9757051369907268
0.9762811941140440
0.9768412629667377
0.9773832557148391
0.9779058844728841
0.9784083928951053
0.9788903931700036
0.9793517599664752
0.9797925581809868
0.9802129919283031
0.9806133674609686
0.9809940655460166
0.9813555204595349
0.9816982037421188
0.9820226114653107
0.9823292541349976
0.9826186486220980
0.9828913116683561
0.9831477546368588
0.9833884792537031
0.9836139741518315
0.9838247120608821
0.9840211475269389
0.9842037150662076
0.9843728276744453
0.9845288756293614
0.9846722255337862
0.9848032195558869
0.9849221748354013
0.9850293830169585
0.9851251098960119
0.9852095951474630
0.9852830521258916
0.9853456677185188
0.9853976022407500
0.9854389893651346
0.9854699360707218
0.9854905226133864
0.9855008025053538
0.9855008025053538
0.9854905226133864
0.9854699360707218
0.9854389893651346
0.9853976022407500
0.9853456677185188
0.9852830521258916
0.9852095951474630
0.9851251098960119
0.9850293830169585
0.9849221748354013
0.9848032195558869
0.9846722255337862
0.9845288756293606
0.9843728276744453
0.9842037150662076
0.9840211475269389
0.9838247120608821
0.9836139741518315
0.9833884792537031
0.9831477546368588
0.9828913116683561
0.9826186486220980
0.9823292541349976
0.9820226114653108
0.9816982037421188
0.9813555204595349
0.9809940655460166
0.9806133674609686
0.9802129919283031
0.9797925581809868
0.9793517599664752
0.9788903931700036
0.9784083928951053
0.9779058844728841
0.9773832557148391
0.9768412629667377
0.9762811941140440
0.9757051369907268
0.9751164819003425
0.9747197824569246
0.9752895524961950
0.9758470438408027
0.9763890298839829
0.9769135488252668
0.9774194007849069
0.9779058844728841
0.9783726410796432
0.9788195548283719
0.9792466862044313
0.9796542251863619
0.9800424573238871
0.9804117384213520
0.9807624752019122
0.9810951102641770
0.9814101102082845
0.9817079561558399
0.9819891361156888
0.9822541387984974
0.9825034485778844
0.9827375413785464
0.9829568813119021
0.9831619179234508
0.9833530839418553
0.9835307934441209
0.9836954403602469
0.9838473972634004
0.9839870143929892
0.9841146188713068
0.9842305140823316
0.9843349791790857
0.9844282687012531
0.9845106122769549
0.9845822143992852
0.9846432542541889
0.9846938855972051
0.9847342366622247
0.9847644100967811
0.9847844829188246
0.9847945064882161
0.9847945064882161
0.9847844829188246
0.9847644100967904
0.9847342366622246
0.9846938855972051
0.9846432542541889
0.9845822143992852
0.9845106122769545
0.9844282687012531
0.9843349791790857
0.9842305140823316
0.9841146188713068
0.9839870143929884
0.9838473972634004
0.9836954403602469
0.9835307934441209
0.9833530839418553
0.9831619179234508
0.9829568813119021
0.9827375413785472
0.9825034485778844
0.9822541387984974
0.9819891361156886
0.9817079561558399
0.9814101102082841
0.9810951102641770
0.9807624752019122
0.9804117384213520
0.9800424573238871
0.9796542251863626
0.9792466862044313
0.9788195548283720
0.9783726410796406
0.9779058844728841
0.9774194007849069
0.9769135488252668
0.9763890298839829
0.9758470438408027
0.9752895524961950
0.9747197824569244
0.9743091404015571
0.9748587413183453
0.9753964609076455
0.9759192665905877
0.9764253339082024
0.9769135488252668
0.9773832557148391
0.9778341126007604
0.9782660008294175
0.9786789649680333
0.9790731707082784
0.9794488741616537
0.9798063987453423
0.9801461173526573
0.9804684383420060
0.9807737943659850
0.9810626333718985
0.9813354112896826
0.9815925860571437
0.9818346127170410
0.9820619393847937
0.9822750039236543
0.9824742312055645
0.9826600308556357
0.9828327953960589
0.9829928987246237
0.9831406948696443
0.9832765169766394
0.9834006764878743
0.9835134624807484
0.9836151411399250
0.9837059553364662
0.9837861242991686
0.9838558433568967
0.9839152837407098
0.9839645924353869
0.9840038920641131
0.9840332808100761
0.9840528323541781
0.9840625958378564
0.9840625958378564
0.9840528323541781
0.9840332808100761
0.9840038920641131
0.9839645924353869
0.9839152837407098
0.9838558433568967
0.9837861242991686
0.9837059553364662
0.9836151411399250
0.9835134624807484
0.9834006764878743
0.9832765169766394
0.9831406948696443
0.9829928987246237
0.9828327953960589
0.9826600308556357
0.9824742312055645
0.9822750039236543
0.9820619393847937
0.9818346127170410
0.9815925860571437
0.9813354112896826
0.9810626333718985
0.9807737943659850
0.9804684383420053
0.9801461173526573
0.9798063987453417
0.9794488741616537
0.9790731707082784
0.9786789649680333
0.9782660008294175
0.9778341126007604
0.9773832557148391
0.9769135488252668
0.9764253339082024
0.9759192665905869
0.9753964609076455
0.9748587413183453
0.9743091404015571
0.9738852942741156
0.9744133702867169
0.9749300744155542
0.9754326011459555
0.9759192665905869
0.9763890298839829
0.9768412629667377
0.9772756225402895
0.9776919709396210
0.9780903231977556
0.9784708094813445
0.9788336472628748
0.9791791200474542
0.9795075607284571
0.9798193383386669
0.9801148473735821
0.9803944990986676
0.9806587144257389
0.9809079180458267
0.9811425335774525
0.9813629795447432
0.9815696660425146
0.9817629919665679
0.9819433427174774
0.9821110882968794
0.9822665817349246
0.9824101577923734
0.9825421318954728
0.9826627992633101
0.9827724341977176
0.9828712895075159
0.9829595960468177
0.9830375623434628
0.9831053743078874
0.9831631950009732
0.9832111644568398
0.9832493995458946
0.9832779938713252
0.9832970176951230
0.9833065178861365
0.9833065178861365
0.9832970176951230
0.9832779938713245
0.9832493995458946
0.9832111644568398
0.9831631950009732
0.9831053743078874
0.9830375623434628
0.9829595960468177
0.9828712895075159
0.9827724341977176
0.9826627992633101
0.9825421318954713
0.9824101577923734
0.9822665817349246
0.9821110882968794
0.9819433427174774
0.9817629919665679
0.9815696660425146
0.9813629795447432
0.9811425335774525
0.9809079180458267
0.9806587144257389
0.9803944990986676
0.9801148473735821
0.9798193383386669
0.9795075607284571
0.9791791200474542
0.9788336472628748
0.9784708094813445
0.9780903231977556
0.9776919709396210
0.9772756225402895
0.9768412629667377
0.9763890298839826
0.9759192665905893
0.9754326011459555
0.9749300744155542
0.9744133702867166
0.9738852942741156
0.9734493123922319
0.9739544434643217
0.9744488817648411
0.9749300744155147
0.9753964609076455
0.9758470438408027
0.9762811941140440
0.9766985433816379
0.9770989162609924
0.9774822837078930
0.9778487290524538
0.9781984222689584
0.9785315999451819
0.9788485493783163
0.9791495957635360
0.9794350917618198
0.9797054089360420
0.9799609306798744
0.9802020463516001
0.9804291463921034
0.9806426182563420
0.9808428430142211
0.9810301925147730
0.9812050270168816
0.9813676932143043
0.9815185225908564
0.9816578300552209
0.9817859128079172
0.9819030494074531
0.9820094990022431
0.9821055006989882
0.9821912730538966
0.9822670136542273
0.9823328987863690
0.9823890831695750
0.9824356997456913
0.9824728595150823
0.9825006514126815
0.9825191422145626
0.9825283764726862
0.9825283764726862
0.9825191422145617
0.9825006514126872
0.9824728595150823
0.9824356997456913
0.9823890831695754
0.9823328987863690
0.9822670136542273
0.9821912730538966
0.9821055006989882
0.9820094990022431
0.9819030494074528
0.9817859128079172
0.9816578300552213
0.9815185225908563
0.9813676932143043
0.9812050270168816
0.9810301925147722
0.9808428430142211
0.9806426182563420
0.9804291463921034
0.9802020463516001
0.9799609306798744
0.9797054089360420
0.9794350917618198
0.9791495957635360
0.9788485493783166
0.9785315999451819
0.9781984222689584
0.9778487290524538
0.9774822837078930
0.9770989162609919
0.9766985433816379
0.9762811941140440
0.9758470438408027
0.9753964609076455
0.9749300744155147
0.9744488817648409
0.9739544434643217
0.9734493123922319
0.9730027238395754
0.9734834552219290
0.9739544434643188
0.9744133702867166
0.9748587413183457
0.9752895524961902
0.9757051369907250
0.9761050754547402
0.9764891363093215
0.9768572330382634
0.9772093922200854
0.9775457288433538
0.9778664268189428
0.9781717233454037
0.9784618962068732
0.9787372533589136
0.9789981243292721
0.9792448530779889
0.9794777920443003
0.9796972971694667
0.9799037237265539
0.9800974228220523
0.9802787384595218
0.9804480050755137
0.9806055454722935
0.9807516690870715
0.9808866705438618
0.9810108284456749
0.9811244043693074
0.9812276420311121
0.9813207665986716
0.9814039841230534
0.9814774810757180
0.9815414239700831
0.9815959590574461
0.9816412120834509
0.9816772880948035
0.9817042712919767
0.9817222249165514
0.9817311911718265
0.9817311911718265
0.9817222249165514
0.9817042712919767
0.9816772880948035
0.9816412120834509
0.9815959590574461
0.9815414239700838
0.9814774810757180
0.9814039841230534
0.9813207665986716
0.9812276420311123
0.9811244043693074
0.9810108284456740
0.9808866705438618
0.9807516690870715
0.9806055454722935
0.9804480050755137
0.9802787384595218
0.9800974228220523
0.9799037237265539
0.9796972971694667
0.9794777920443003
0.9792448530779889
0.9789981243292698
0.9787372533589136
0.9784618962068732
0.9781717233454037
0.9778664268189428
0.9775457288433538
0.9772093922200854
0.9768572330382634
0.9764891363093215
0.9761050754547402
0.9757051369907268
0.9752895524961902
0.9748587413183464
0.9744133702867166
0.9739544434643188
0.9734834552219290
0.9730027238395798
0.9725477605024250
0.9730027238395791
0.9734493123922319
0.9738852942741156
0.9743091404015618
0.9747197824569244
0.9751164819003425
0.9754987471588579
0.9758662764845343
0.9762189162725936
0.9765566294869666
0.9768794710803548
0.9771875684798288
0.9774811058500187
0.9777603112638907
0.9780254461392505
0.9782767964918042
0.9785146656414337
0.9787393681152681
0.9789512245293454
0.9791505572833283
0.9793376869381383
0.9795129291573809
0.9796765921357214
0.9798289744234683
0.9799703631025108
0.9801010322474262
0.9802212416349657
0.9803312356616763
0.9804312424436538
0.9805214730602083
0.9806021209332222
0.9806733613093228
0.9807353508382214
0.9807882272261530
0.9808321089583462
0.9808670950766564
0.9808932650066609
0.9809106784255871
0.9809193751686678
0.9809193751686678
0.9809106784255877
0.9808932650066609
0.9808670950766564
0.9808321089583462
0.9807882272261530
0.9807353508382214
0.9806733613093228
0.9806021209332222
0.9805214730602083
0.9804312424436538
0.9803312356616757
0.9802212416349657
0.9801010322474262
0.9799703631025108
0.9798289744234683
0.9796765921357214
0.9795129291573809
0.9793376869381384
0.9791505572833246
0.9789512245293231
0.9787393681152681
0.9785146656414341
0.9782767964918040
0.9780254461392505
0.9777603112638907
0.9774811058500187
0.9771875684798288
0.9768794710803547
0.9765566294869666
0.9762189162725936
0.9758662764845328
0.9754987471588579
0.9751164819003425
0.9747197824569246
0.9743091404015618
0.9738852942741145
0.9734493123922319
0.9730027238395791
0.9725477605024250
