RW,Z
0.0486225960848051,12.3367064780231779
0.0486407325265624
0.0486586341540702
0.0486762336265247
0.0486934820738391
0.0487103429666833
0.0487267888047494
0.0487427990209833
0.0487583585301541
0.0487734566636835
0.0487880863559060
0.0488022435040161
0.0488159264534274
0.0488291355769240
0.0488418729258608
0.0488541419380353
0.0488659471908516
0.0488772941913572
0.0488881891966035
0.0488986390591773
0.0489086510940015
0.0489182329629778
0.0489273925749257
0.0489361379985941
0.0489444773869021
0.0489524189109288
0.0489599707023053
0.0489671408029647
0.0489739371212611
0.0489803673936863
0.0489864391514672
0.0489921596914514
0.0489975360507236
0.0490025749845596
0.0490072829472210
0.0490116660753129
0.0490157301733752
0.0490194807014293
0.0490229227642237
0.0490260611019886
0.0490289000825541
0.0490314436945630
0.0490336955417472
0.0490356588380749
0.0490373364036946
0.0490387306615798
0.0490398436347813
0.0490406769442350
0.0490412318070652
0.0490415090353584
0.0490415090353584
0.0490412318070652
0.0490406769442351
0.0490398436347813
0.0490387306615797
0.0490373364036946
0.0490356588380749
0.0490336955417472
0.0490314436945630
0.0490289000825541
0.0490260611019886
0.0490229227642237
0.0490194807014293
0.0490157301733751
0.0490116660753129
0.0490072829472210
0.0490025749845596
0.0489975360507236
0.0489921596914514
0.0489864391514672
0.0489803673936863
0.0489739371212611
0.0489671408029647
0.0489599707023053
0.0489524189109288
0.0489444773869018
0.0489361379985941
0.0489273925749259
0.0489182329629778
0.0489086510940018
0.0488986390591772
0.0488881891966035
0.0488772941913572
0.0488659471908516
0.0488541419380353
0.0488418729258608
0.0488291355769240
0.0488159264534275
0.0488022435040161
0.0487880863559060
0.0487734566636835
0.0487583585301541
0.0487427990209833
0.0487267888047494
0.0487103429666834
0.0486934820738391
0.0486762336265247
0.0486586341540702
0.0486407325265624
0.0486225960848051
0.0486407325265624
0.0486597095583502
0.0486784159599492
0.0486967816946491
0.0487147583544802
0.0487323106807978
0.0487494126826875
0.0487660453595324
0.0487821951800887
0.0487978529877191
0.0488130131735250
0.0488276730306652
0.0488418322378626
0.0488554924386059
0.0488686568934737
0.0488813301896711
0.0488935179961813
0.0489052268559119
0.0489164640082312
0.0489272372366739
0.0489375547378603
0.0489474250081980
0.0489568567458549
0.0489658587656401
0.0489744399251202
0.0489826090603311
0.0489903749298396
0.0489977461660655
0.0490047312329016
0.0490113383888236
0.0490175756548584
0.0490234507866706
0.0490289712503891
0.0490341442016583
0.0490389764674476
0.0490434745304037
0.0490476445153203
0.0490514921774956
0.0490550228927825
0.0490582416490179
0.0490611530388025
0.0490637612532858
0.0490660700769830
0.0490680828833754
0.0490698026313068
0.0490712318619511
0.0490723726963904
0.0490732268336848
0.0490737955493684
0.0490740796943863
0.0490740796943863
0.0490737955493684
0.0490732268336848
0.0490723726963904
0.0490712318619509
0.0490698026313068
0.0490680828833754
0.0490660700769830
0.0490637612532858
0.0490611530388025
0.0490582416490179
0.0490550228927824
0.0490514921774956
0.0490476445153203
0.0490434745304037
0.0490389764674476
0.0490341442016583
0.0490289712503891
0.0490234507866708
0.0490175756548584
0.0490113383888236
0.0490047312329016
0.0489977461660656
0.0489903749298396
0.0489826090603311
0.0489744399251203
0.0489658587656401
0.0489568567458549
0.0489474250081980
0.0489375547378603
0.0489272372366739
0.0489164640082312
0.0489052268559119
0.0488935179961813
0.0488813301896711
0.0488686568934737
0.0488554924386059
0.0488418322378626
0.0488276730306652
0.0488130131735250
0.0487978529877191
0.0487821951800887
0.0487660453595325
0.0487494126826874
0.0487323106807978
0.0487147583544802
0.0486967816946491
0.0486784159599492
0.0486597095583502
0.0486407325265624
0.0486586341540702
0.0486784159599492
0.0486979020692504
0.0487170159597432
0.0487357071040588
0.0487539400388425
0.0487716894110963
0.0487889372415569
0.0488056711934635
0.0488218833741757
0.0488375694541012
0.0488527279914543
0.0488673598991707
0.0488814680148160
0.0488950567478550
0.0489081317866369
0.0489206998525921
0.0489327684924062
0.0489443459011438
0.0489554407710487
0.0489660621616692
0.0489762193880209
0.0489859219239854
0.0489951793187532
0.0490040011244287
0.0490123968332300
0.0490203758230278
0.0490279473100414
0.0490351203078380
0.0490419035917426
0.0490483056679988
0.0490543347470764
0.0490599987205988
0.0490653051414004
0.0490702612063760
0.0490748737417197
0.0490791491902541
0.0490830936006175
0.0490867126180120
0.0490900114763645
0.0490929949916807
0.0490956675564412
0.0490980331349027
0.0491000952591955
0.0491018570260697
0.0491033210942755
0.0491044896824063
0.0491053645672292
0.0491059470823939
0.0491062381175023
0.0491062381175023
0.0491059470823939
0.0491053645672292
0.0491044896824064
0.0491033210942755
0.0491018570260697
0.0491000952591955
0.0490980331349027
0.0490956675564412
0.0490929949916807
0.0490900114763645
0.0490867126180120
0.0490830936006175
0.0490791491902541
0.0490748737417197
0.0490702612063760
0.0490653051414004
0.0490599987205988
0.0490543347470764
0.0490483056679988
0.0490419035917426
0.0490351203078380
0.0490279473100414
0.0490203758230278
0.0490123968332300
0.0490040011244288
0.0489951793187532
0.0489859219239854
0.0489762193880209
0.0489660621616692
0.0489554407710487
0.0489443459011438
0.0489327684924062
0.0489206998525921
0.0489081317866369
0.0488950567478550
0.0488814680148160
0.0488673598991707
0.0488527279914543
0.0488375694541012
0.0488218833741757
0.0488056711934635
0.0487889372415570
0.0487716894110963
0.0487539400388424
0.0487357071040588
0.0487170159597432
0.0486979020692503
0.0486784159599492
0.0486586341540702
0.0486762336265247
0.0486967816946491
0.0487170159597432
0.0487368529643302
0.0487562386011696
0.0487751359200756
0.0487935192660942
0.0488113710152703
0.0488286795502129
0.0488454378970610
0.0488616427493396
0.0488772937362333
0.0488923928550914
0.0489069440199774
0.0489209526955378
0.0489344255956203
0.0489473704322994
0.0489597957050102
0.0489717105220470
0.0489831244486374
0.0489940473770591
0.0490044894151796
0.0490144607905559
0.0490239717677523
0.0490330325769568
0.0490416533522769
0.0490498440783916
0.0490576145443968
0.0490649743039295
0.0490719326406871
0.0490784985386722
0.0490846806565501
0.0490904873055638
0.0490959264305521
0.0491010055937244
0.0491057319607010
0.0491101122887199
0.0491141529165096
0.0491178597557702
0.0491212382839746
0.0491242935383139
0.0491270301106407
0.0491294521432583
0.0491315633254615
0.0491333668906713
0.0491348656141479
0.0491360618111458
0.0491369573354687
0.0491375535783716
0.0491378514677795
0.0491378514677795
0.0491375535783716
0.0491369573354686
0.0491360618111458
0.0491348656141479
0.0491333668906713
0.0491315633254615
0.0491294521432583
0.0491270301106407
0.0491242935383139
0.0491212382839748
0.0491178597557702
0.0491141529165096
0.0491101122887199
0.0491057319607010
0.0491010055937245
0.0490959264305521
0.0490904873055638
0.0490846806565501
0.0490784985386722
0.0490719326406871
0.0490649743039295
0.0490576145443968
0.0490498440783916
0.0490416533522769
0.0490330325769568
0.0490239717677524
0.0490144607905559
0.0490044894151795
0.0489940473770590
0.0489831244486375
0.0489717105220470
0.0489597957050102
0.0489473704322994
0.0489344255956203
0.0489209526955378
0.0489069440199774
0.0488923928550914
0.0488772937362333
0.0488616427493395
0.0488454378970610
0.0488286795502129
0.0488113710152703
0.0487935192660942
0.0487751359200756
0.0487562386011696
0.0487368529643302
0.0487170159597432
0.0486967816946491
0.0486762336265247
0.0486934820738391
0.0487147583544802
0.0487357071040588
0.0487562386011696
0.0487762947279830
0.0487958362914428
0.0488148366035756
0.0488332777878828
0.0488511484658460
0.0488684422078581
0.0488851564384075
0.0489012916280700
0.0489168506764225
0.0489318384279091
0.0489462612839603
0.0489601268870310
0.0489734438598082
0.0489862215878084
0.0489984700365695
0.0490101995970184
0.0490214209538836
0.0490321449734352
0.0490423826072598
0.0490521448096605
0.0490614424666486
0.0490702863348212
0.0490786869886827
0.0490866547753087
0.0490941997752725
0.0491013317690800
0.0491080602082559
0.0491143941905814
0.0491203424388746
0.0491259132828414
0.0491311146436267
0.0491359540206638
0.0491404384805522
0.0491445746476624
0.0491483686962467
0.0491518263438209
0.0491549528456846
0.0491577529903549
0.0491602310958278
0.0491623910065209
0.0491642360908024
0.0491657692389896
0.0491669928618032
0.0491679088891407
0.0491685187691725
0.0491688234676917
0.0491688234676917
0.0491685187691724
0.0491679088891407
0.0491669928618033
0.0491657692389896
0.0491642360908024
0.0491623910065209
0.0491602310958278
0.0491577529903549
0.0491549528456846
0.0491518263438209
0.0491483686962467
0.0491445746476624
0.0491404384805522
0.0491359540206638
0.0491311146436267
0.0491259132828414
0.0491203424388748
0.0491143941905814
0.0491080602082560
0.0491013317690800
0.0490941997752725
0.0490866547753087
0.0490786869886827
0.0490702863348212
0.0490614424666486
0.0490521448096605
0.0490423826072598
0.0490321449734352
0.0490214209538836
0.0490101995970184
0.0489984700365694
0.0489862215878084
0.0489734438598082
0.0489601268870310
0.0489462612839603
0.0489318384279091
0.0489168506764225
0.0489012916280700
0.0488851564384075
0.0488684422078581
0.0488511484658460
0.0488332777878828
0.0488148366035756
0.0487958362914428
0.0487762947279830
0.0487562386011696
0.0487357071040588
0.0487147583544802
0.0486934820738391
0.0487103429666833
0.0487323106807978
0.0487539400388425
0.0487751359200756
0.0487958362914428
0.0488159994000873
0.0488355970654725
0.0488546106949367
0.0488730287352500
0.0488908449508663
0.0489080572071752
0.0489246665778354
0.0489406766689710
0.0489560930942644
0.0489709230585472
0.0489851750218162
0.0489988584243743
0.0490119834594399
0.0490245608833744
0.0490366018561384
0.0490481178064223
0.0490591203171106
0.0490696210276802
0.0490796315507876
0.0490891634009104
0.0490982279331927
0.0491068362909512
0.0491149993607444
0.0491227277337827
0.0491300316729269
0.0491369210844437
0.0491434054938832
0.0491494940255453
0.0491551953850315
0.0491605178444379
0.0491654692298927
0.0491700569110432
0.0491742877922798
0.0491781683054083
0.0491817044035790
0.0491849015563050
0.0491877647453461
0.0491902984614122
0.0491925067014798
0.0491943929666430
0.0491959602604483
0.0491972110875732
0.0491981474528218
0.0491987708603990
0.0491990823133799
0.0491990823133800
0.0491987708603990
0.0491981474528218
0.0491972110875732
0.0491959602604483
0.0491943929666430
0.0491925067014797
0.0491902984614122
0.0491877647453461
0.0491849015563050
0.0491817044035790
0.0491781683054083
0.0491742877922798
0.0491700569110433
0.0491654692298928
0.0491605178444379
0.0491551953850315
0.0491494940255453
0.0491434054938832
0.0491369210844437
0.0491300316729269
0.0491227277337827
0.0491149993607444
0.0491068362909512
0.0490982279331927
0.0490891634009103
0.0490796315507876
0.0490696210276802
0.0490591203171106
0.0490481178064223
0.0490366018561384
0.0490245608833744
0.0490119834594399
0.0489988584243743
0.0489851750218162
0.0489709230585472
0.0489560930942644
0.0489406766689710
0.0489246665778354
0.0489080572071752
0.0488908449508663
0.0488730287352500
0.0488546106949367
0.0488355970654726
0.0488159994000873
0.0487958362914428
0.0487751359200756
0.0487539400388425
0.0487323106807978
0.0487103429666833
0.0487267888047494
0.0487494126826875
0.0487716894110963
0.0487935192660942
0.0488148366035756
0.0488355970654726
0.0488557707442564
0.0488753380225623
0.0488942868550654
0.0489126109049912
0.0489303082170488
0.0489473802418969
0.0489638310992057
0.0489796670079720
0.0489948958373761
0.0490095267468754
0.0490235698938120
0.0490370361931978
0.0490499371185371
0.0490622845354324
0.0490740905617345
0.0490853674494259
0.0490961274845006
0.0491063829018690
0.0491161458128359
0.0491254281432754
0.0491342415808484
0.0491425975299536
0.0491505070733038
0.0491579809391409
0.0491650294733840
0.0491716626159488
0.0491778898806830
0.0491837203384302
0.0491891626027592
0.0491942248180339
0.0491989146494187
0.0492032392746154
0.0492072053770378
0.0492108191401812
0.0492140862431177
0.0492170118567650
0.0492196006409705
0.0492218567421797
0.0492237837915967
0.0492253849037733
0.0492266626755333
0.0492276191851671
0.0492282559918517
0.0492285741352502
0.0492285741352502
0.0492282559918517
0.0492276191851670
0.0492266626755332
0.0492253849037733
0.0492237837915967
0.0492218567421797
0.0492196006409705
0.0492170118567650
0.0492140862431177
0.0492108191401812
0.0492072053770378
0.0492032392746154
0.0491989146494187
0.0491942248180339
0.0491891626027592
0.0491837203384302
0.0491778898806830
0.0491716626159488
0.0491650294733841
0.0491579809391409
0.0491505070733038
0.0491425975299536
0.0491342415808484
0.0491254281432754
0.0491161458128359
0.0491063829018691
0.0490961274845006
0.0490853674494259
0.0490740905617345
0.0490622845354324
0.0490499371185371
0.0490370361931977
0.0490235698938120
0.0490095267468754
0.0489948958373761
0.0489796670079720
0.0489638310992057
0.0489473802418969
0.0489303082170488
0.0489126109049912
0.0488942868550654
0.0488753380225624
0.0488557707442565
0.0488355970654726
0.0488148366035756
0.0487935192660942
0.0487716894110963
0.0487494126826875
0.0487267888047494
0.0487427990209833
0.0487660453595324
0.0487889372415570
0.0488113710152700
0.0488332777878826
0.0488546106949367
0.0488753380225624
0.0488954389500183
0.0489149007183582
0.0489337166597625
0.0489518847788051
0.0489694067026608
0.0489862868858934
0.0490025319958549
0.0490181504292489
0.0490331519261358
0.0490475472578146
0.0490613479716402
0.0490745661805559
0.0490872143881577
0.0490993053424393
0.0491108519128829
0.0491218669867755
0.0491323633815105
0.0491423537701985
0.0491518506185271
0.0491608661311422
0.0491694122060310
0.0491775003958466
0.0491851418750709
0.0491923474122094
0.0491991273463168
0.0492054915671971
0.0492114494988136
0.0492170100853808
0.0492221817798200
0.0492269725341838
0.0492313897917987
0.0492354404808323
0.0492391310090818
0.0492424672597989
0.0492454545883473
0.0492480978196084
0.0492504012459273
0.0492523686255726
0.0492540031815518
0.0492553076007496
0.0492562840332936
0.0492569340921136
0.0492572588526419
0.0492572588526419
0.0492569340921136
0.0492562840332936
0.0492553076007496
0.0492540031815518
0.0492523686255726
0.0492504012459273
0.0492480978196084
0.0492454545883473
0.0492424672597990
0.0492391310090818
0.0492354404808324
0.0492313897917987
0.0492269725341838
0.0492221817798200
0.0492170100853808
0.0492114494988136
0.0492054915671971
0.0491991273463169
0.0491923474122094
0.0491851418750709
0.0491775003958466
0.0491694122060309
0.0491608661311422
0.0491518506185271
0.0491423537701985
0.0491323633815105
0.0491218669867754
0.0491108519128829
0.0490993053424392
0.0490872143881578
0.0490745661805559
0.0490613479716402
0.0490475472578146
0.0490331519261358
0.0490181504292490
0.0490025319958549
0.0489862868858934
0.0489694067026608
0.0489518847788051
0.0489337166597625
0.0489149007183582
0.0488954389500184
0.0488753380225624
0.0488546106949366
0.0488332777878828
0.0488113710152700
0.0487889372415570
0.0487660453595324
0.0487427990209834
0.0487583585301541
0.0487821951800887
0.0488056711934636
0.0488286795502129
0.0488511484658460
0.0488730287352500
0.0488942868550654
0.0489149007183582
0.0489348567123628
0.0489541476713808
0.0489727713862849
0.0489907294922284
0.0490080266213828
0.0490246697461163
0.0490406676619441
0.0490560305750179
0.0490707697692154
0.0490848973347934
0.0490984259452677
0.0491113686727548
0.0491237388341328
0.0491355498623054
0.0491468151980822
0.0491575481990445
0.0491677620626216
0.0491774697610557
0.0491866839863607
0.0491954171037884
0.0492036811124369
0.0492114876120526
0.0492188477749946
0.0492257723226920
0.0492322715059292
0.0492383550883601
0.0492440323328381
0.0492493119900966
0.0492542022894839
0.0492587109313717
0.0492628450810560
0.0492666113638464
0.0492700158611821
0.0492730641075980
0.0492757610883878
0.0492781112378125
0.0492801184377946
0.0492817860169278
0.0492831167498062
0.0492841128565366
0.0492847760024327
0.0492851072977906
0.0492851072977906
0.0492847760024325
0.0492841128565366
0.0492831167498062
0.0492817860169278
0.0492801184377944
0.0492781112378125
0.0492757610883878
0.0492730641075980
0.0492700158611821
0.0492666113638464
0.0492628450810560
0.0492587109313717
0.0492542022894839
0.0492493119900966
0.0492440323328381
0.0492383550883601
0.0492322715059292
0.0492257723226920
0.0492188477749945
0.0492114876120526
0.0492036811124369
0.0491954171037884
0.0491866839863607
0.0491774697610556
0.0491677620626215
0.0491575481990445
0.0491468151980823
0.0491355498623053
0.0491237388341328
0.0491113686727548
0.0490984259452677
0.0490848973347934
0.0490707697692155
0.0490560305750179
0.0490406676619441
0.0490246697461163
0.0490080266213828
0.0489907294922284
0.0489727713862849
0.0489541476713808
0.0489348567123628
0.0489149007183582
0.0488942868550654
0.0488730287352500
0.0488511484658460
0.0488286795502129
0.0488056711934636
0.0487821951800887
0.0487583585301541
0.0487734566636835
0.0487978529877191
0.0488218833741755
0.0488454378970610
0.0488684422078581
0.0488908449508663
0.0489126109049912
0.0489337166597625
0.0489541476713809
0.0489738961635333
0.0489929595832101
0.0490113394381267
0.0490290404051513
0.0490460696357382
0.0490624362075061
0.0490781506861421
0.0490932247717642
0.0491076710109010
0.0491215025601607
0.0491347329909442
0.0491473761272737
0.0491594459104617
0.0491709562857584
0.0491819211071842
0.0491923540574381
0.0492022685804334
0.0492116778243870
0.0492205945938953
0.0492290313095468
0.0492369999739524
0.0492445121432524
0.0492515789032622
0.0492582108495750
0.0492644180710427
0.0492702101361470
0.0492755960817882
0.0492805844041480
0.0492851830513300
0.0492893994174235
0.0492932403378386
0.0492967120856475
0.0492998203687791
0.0493025703278826
0.0493049665347609
0.0493070129912297
0.0493087131283221
0.0493100698057600
0.0493110853116020
0.0493117613620184
0.0493120991011775
0.0493120991011774
0.0493117613620184
0.0493110853116021
0.0493100698057600
0.0493087131283221
0.0493070129912297
0.0493049665347609
0.0493025703278826
0.0492998203687791
0.0492967120856475
0.0492932403378386
0.0492893994174235
0.0492851830513300
0.0492805844041480
0.0492755960817882
0.0492702101361470
0.0492644180710427
0.0492582108495750
0.0492515789032622
0.0492445121432524
0.0492369999739524
0.0492290313095468
0.0492205945938953
0.0492116778243870
0.0492022685804334
0.0491923540574381
0.0491819211071842
0.0491709562857584
0.0491594459104617
0.0491473761272737
0.0491347329909442
0.0491215025601607
0.0491076710109008
0.0490932247717642
0.0490781506861420
0.0490624362075061
0.0490460696357382
0.0490290404051513
0.0490113394381267
0.0489929595832101
0.0489738961635333
0.0489541476713809
0.0489337166597625
0.0489126109049912
0.0488908449508663
0.0488684422078581
0.0488454378970610
0.0488218833741755
0.0487978529877191
0.0487734566636835
0.0487880863559060
0.0488130131735250
0.0488375694541012
0.0488616427493396
0.0488851564384075
0.0489080572071752
0.0489303082170488
0.0489518847788050
0.0489727713862849
0.0489929595832101
0.0490124463801755
0.0490312330531062
0.0490493242151879
0.0490667270898357
0.0490834509341861
0.0490995065771754
0.0491149060460836
0.0491296622621569
0.0491437887908409
0.0491572996356136
0.0491702090669516
0.0491825314798845
0.0491942812749063
0.0492054727582324
0.0492161200580583
0.0492262370541863
0.0492358373188964
0.0492449340672232
0.0492535401152120
0.0492616678449431
0.0492693291752672
0.0492765355374066
0.0492832978546928
0.0492896265258272
0.0492955314110971
0.0493010218211490
0.0493061065078787
0.0493107936571177
0.0493150908828432
0.0493190052226234
0.0493225431341237
0.0493257104924429
0.0493285125881468
0.0493309541258515
0.0493330392232331
0.0493347714103693
0.0493361536293205
0.0493371882338836
0.0493378769894630
0.0493382210730129
0.0493382210730128
0.0493378769894630
0.0493371882338836
0.0493361536293205
0.0493347714103693
0.0493330392232331
0.0493309541258515
0.0493285125881468
0.0493257104924429
0.0493225431341237
0.0493190052226234
0.0493150908828432
0.0493107936571177
0.0493061065078787
0.0493010218211490
0.0492955314110971
0.0492896265258272
0.0492832978546928
0.0492765355374066
0.0492693291752672
0.0492616678449431
0.0492535401152120
0.0492449340672232
0.0492358373188964
0.0492262370541863
0.0492161200580583
0.0492054727582324
0.0491942812749066
0.0491825314798845
0.0491702090669516
0.0491572996356136
0.0491437887908409
0.0491296622621569
0.0491149060460836
0.0490995065771755
0.0490834509341861
0.0490667270898357
0.0490493242151879
0.0490312330531062
0.0490124463801755
0.0489929595832101
0.0489727713862849
0.0489518847788050
0.0489303082170488
0.0489080572071752
0.0488851564384075
0.0488616427493395
0.0488375694541012
0.0488130131735250
0.0487880863559060
0.0488022435040161
0.0488276730306652
0.0488527279914543
0.0488772937362333
0.0489012916280700
0.0489246665778353
0.0489473802418969
0.0489694067026608
0.0489907294922286
0.0490113394381268
0.0490312330531062
0.0490504113041369
0.0490688786552625
0.0490866423133494
0.0491037116271583
0.0491200976040444
0.0491358125180760
0.0491508695900973
0.0491652827248884
0.0491790662941031
0.0491922349562678
0.0492048035068934
0.0492167867533433
0.0492281994101516
0.0492390560112517
0.0492493708363729
0.0492591578492910
0.0492684306460336
0.0492772024114950
0.0492854858831594
0.0492932933208441
0.0493006364815343
0.0493075265985649
0.0493139743644593
0.0493199899168904
0.0493255828272328
0.0493307620913929
0.0493355361224401
0.0493399127448328
0.0493438991899128
0.0493475020924879
0.0493507274882401
0.0493535808118851
0.0493560668958452
0.0493581899693652
0.0493599536579489
0.0493613609830271
0.0493624143618013
0.0493631156071631
0.0493634659277017
0.0493634659277017
0.0493631156071631
0.0493624143618013
0.0493613609830271
0.0493599536579489
0.0493581899693652
0.0493560668958454
0.0493535808118851
0.0493507274882402
0.0493475020924879
0.0493438991899129
0.0493399127448328
0.0493355361224401
0.0493307620913929
0.0493255828272329
0.0493199899168904
0.0493139743644593
0.0493075265985649
0.0493006364815343
0.0492932933208441
0.0492854858831594
0.0492772024114950
0.0492684306460335
0.0492591578492910
0.0492493708363729
0.0492390560112517
0.0492281994101516
0.0492167867533433
0.0492048035068934
0.0491922349562678
0.0491790662941032
0.0491652827248884
0.0491508695900973
0.0491358125180760
0.0491200976040444
0.0491037116271583
0.0490866423133494
0.0490688786552625
0.0490504113041369
0.0490312330531062
0.0490113394381268
0.0489907294922286
0.0489694067026608
0.0489473802418970
0.0489246665778353
0.0489012916280700
0.0488772937362333
0.0488527279914543
0.0488276730306652
0.0488022435040160
0.0488159264534275
0.0488418322378626
0.0488673598991707
0.0488923928550914
0.0489168506764225
0.0489406766689710
0.0489638310992055
0.0489862868858934
0.0490080266213828
0.0490290404051513
0.0490493242151879
0.0490688786552625
0.0490877079750561
0.0491058192937014
0.0491232219781115
0.0491399271408725
0.0491559472318137
0.0491712957035832
0.0491859867364226
0.0492000350105823
0.0492134555173999
0.0492262634019591
0.0492384738317757
0.0492501018869093
0.0492611624679538
0.0492716702189423
0.0492816394627016
0.0492910841467512
0.0493000177980119
0.0493084534850137
0.0493164037864235
0.0493238807649475
0.0493308959457488
0.0493374602987305
0.0493435842240460
0.0493492775403737
0.0493545494755082
0.0493594086588552
0.0493638631155803
0.0493679202620590
0.0493715869024536
0.0493748692261691
0.0493777728060290
0.0493803025970108
0.0493824629354218
0.0493842575383992
0.0493856895036389
0.0493867613092727
0.0493874748138596
0.0493878312564091
0.0493878312564091
0.0493874748138596
0.0493867613092727
0.0493856895036389
0.0493842575383993
0.0493824629354218
0.0493803025970108
0.0493777728060290
0.0493748692261691
0.0493715869024536
0.0493679202620590
0.0493638631155803
0.0493594086588551
0.0493545494755082
0.0493492775403736
0.0493435842240460
0.0493374602987305
0.0493308959457488
0.0493238807649475
0.0493164037864235
0.0493084534850137
0.0493000177980119
0.0492910841467512
0.0492816394627016
0.0492716702189421
0.0492611624679538
0.0492501018869093
0.0492384738317757
0.0492262634019591
0.0492134555173999
0.0492000350105823
0.0491859867364226
0.0491712957035833
0.0491559472318137
0.0491399271408725
0.0491232219781115
0.0491058192937014
0.0490877079750561
0.0490688786552625
0.0490493242151879
0.0490290404051513
0.0490080266213828
0.0489862868858934
0.0489638310992055
0.0489406766689710
0.0489168506764225
0.0488923928550914
0.0488673598991707
0.0488418322378626
0.0488159264534275
0.0488291355769240
0.0488554924386058
0.0488814680148160
0.0489069440199774
0.0489318384279091
0.0489560930942644
0.0489796670079720
0.0490025319958548
0.0490246697461163
0.0490460696357382
0.0490667270898357
0.0490866423133493
0.0491058192937014
0.0491242650065697
0.0491419887769002
0.0491590017606948
0.0491753165218615
0.0491909466847332
0.0492059066473251
0.0492202113437838
0.0492338760468661
0.0492469162033160
0.0492593472962979
0.0492711847302986
0.0492824437347273
0.0492931392831350
0.0493032860255312
0.0493128982317443
0.0493219897440557
0.0493305739377031
0.0493386636880380
0.0493462713432631
0.0493534087019952
0.0493600869947999
0.0493663168691862
0.0493721083774107
0.0493774709667475
0.0493824134717701
0.0493869441082897
0.0493910704687143
0.0493947995185519
0.0493981375938111
0.0494010903991824
0.0494036630067631
0.0494058598552609
0.0494076847495065
0.0494091408602190
0.0494102307239147
0.0494109562429089
0.0494113186853728
0.0494113186853728
0.0494109562429089
0.0494102307239147
0.0494091408602190
0.0494076847495066
0.0494058598552609
0.0494036630067631
0.0494010903991824
0.0493981375938111
0.0493947995185519
0.0493910704687144
0.0493869441082897
0.0493824134717701
0.0493774709667475
0.0493721083774107
0.0493663168691862
0.0493600869947999
0.0493534087019952
0.0493462713432631
0.0493386636880380
0.0493305739377031
0.0493219897440557
0.0493128982317443
0.0493032860255312
0.0492931392831350
0.0492824437347273
0.0492711847302986
0.0492593472962979
0.0492469162033160
0.0492338760468661
0.0492202113437838
0.0492059066473251
0.0491909466847332
0.0491753165218615
0.0491590017606948
0.0491419887769002
0.0491242650065698
0.0491058192937014
0.0490866423133494
0.0490667270898357
0.0490460696357382
0.0490246697461163
0.0490025319958549
0.0489796670079720
0.0489560930942644
0.0489318384279091
0.0489069440199774
0.0488814680148160
0.0488554924386058
0.0488291355769240
0.0488418729258608
0.0488686568934737
0.0488950567478550
0.0489209526955378
0.0489462612839603
0.0489709230585472
0.0489948958373761
0.0490181504292490
0.0490406676619441
0.0490624362075061
0.0490834509341861
0.0491037116271583
0.0491232219781115
0.0491419887769002
0.0491600212584559
0.0491773305708745
0.0491939293395436
0.0492098313079710
0.0492250510406012
0.0492396036759890
0.0492535047211859
0.0492667698800426
0.0492794149096086
0.0492914554998330
0.0493029071727218
0.0493137851978271
0.0493241045213996
0.0493338797070747
0.0493431248863121
0.0493518537170303
0.0493600793492283
0.0493678143965060
0.0493750709125340
0.0493818603718018
0.0493881936539016
0.0493940810308177
0.0493995321567579
0.0494045560600973
0.0494091611370839
0.0494133551469852
0.0494171452084643
0.0494205377968707
0.0494235387423597
0.0494261532285778
0.0494283857918377
0.0494302403206287
0.0494317200553665
0.0494328275883104
0.0494335648635868
0.0494339331772269
0.0494339331772269
0.0494335648635868
0.0494328275883104
0.0494317200553665
0.0494302403206287
0.0494283857918377
0.0494261532285778
0.0494235387423597
0.0494205377968707
0.0494171452084643
0.0494133551469852
0.0494091611370839
0.0494045560600973
0.0493995321567579
0.0493940810308177
0.0493881936539016
0.0493818603718018
0.0493750709125340
0.0493678143965058
0.0493600793492283
0.0493518537170303
0.0493431248863121
0.0493338797070745
0.0493241045213996
0.0493137851978270
0.0493029071727218
0.0492914554998330
0.0492794149096086
0.0492667698800429
0.0492535047211858
0.0492396036759890
0.0492250510406012
0.0492098313079710
0.0491939293395436
0.0491773305708745
0.0491600212584559
0.0491419887769002
0.0491232219781114
0.0491037116271582
0.0490834509341861
0.0490624362075062
0.0490406676619441
0.0490181504292490
0.0489948958373761
0.0489709230585472
0.0489462612839603
0.0489209526955378
0.0488950567478550
0.0488686568934737
0.0488418729258608
0.0488541419380353
0.0488813301896710
0.0489081317866369
0.0489344255956201
0.0489601268870310
0.0489851750218162
0.0490095267468754
0.0490331519261358
0.0490560305750180
0.0490781506861420
0.0490995065771755
0.0491200976040444
0.0491399271408725
0.0491590017606948
0.0491773305708745
0.0491949246698520
0.0492117967002828
0.0492279604796770
0.0492434306938297
0.0492582226415109
0.0492723520213385
0.0492858347534263
0.0492986868299405
0.0493109241897528
0.0493225626132429
0.0493336176340117
0.0493441044648379
0.0493540379356430
0.0493634324415966
0.0493723018998313
0.0493806597133956
0.0493885187414172
0.0493958912744330
0.0494027890142031
0.0494092230571925
0.0494152038812658
0.0494207413349693
0.0494258446290820
0.0494305223299816
0.0494347823545381
0.0494386319662772
0.0494420777725367
0.0494451257224441
0.0494477811055357
0.0494500485508611
0.0494519320264407
0.0494534348390036
0.0494545596338763
0.0494553083949874
0.0494556824449068
0.0494556824449068
0.0494553083949874
0.0494545596338764
0.0494534348390036
0.0494519320264407
0.0494500485508611
0.0494477811055357
0.0494451257224441
0.0494420777725367
0.0494386319662772
0.0494347823545381
0.0494305223299816
0.0494258446290820
0.0494207413349693
0.0494152038812658
0.0494092230571925
0.0494027890142031
0.0493958912744330
0.0493885187414170
0.0493806597133956
0.0493723018998313
0.0493634324415966
0.0493540379356430
0.0493441044648379
0.0493336176340117
0.0493225626132429
0.0493109241897529
0.0492986868299405
0.0492858347534263
0.0492723520213385
0.0492582226415111
0.0492434306938297
0.0492279604796770
0.0492117967002828
0.0491949246698520
0.0491773305708745
0.0491590017606948
0.0491399271408725
0.0491200976040444
0.0490995065771755
0.0490781506861420
0.0490560305750180
0.0490331519261358
0.0490095267468754
0.0489851750218162
0.0489601268870310
0.0489344255956201
0.0489081317866369
0.0488813301896710
0.0488541419380353
0.0488659471908516
0.0488935179961813
0.0489206998525922
0.0489473704322994
0.0489734438598082
0.0489988584243743
0.0490235698938120
0.0490475472578144
0.0490707697692155
0.0490932247717642
0.0491149060460836
0.0491358125180760
0.0491559472318137
0.0491753165218615
0.0491939293395436
0.0492117967002828
0.0492289312274877
0.0492453467743117
0.0492610581088081
0.0492760806509821
0.0492904302527455
0.0493041230133745
0.0493171751245715
0.0493296027402549
0.0493414218671237
0.0493526482726917
0.0493632974080389
0.0493733843430234
0.0493829237120381
0.0493919296686970
0.0494004158480889
0.0494083953354742
0.0494158806404170
0.0494228836755347
0.0494294157391626
0.0494354875012880
0.0494411089923069
0.0494462895940185
0.0494510380326456
0.0494553623733905
0.0494592700163453
0.0494627676934248
0.0494658614662108
0.0494685567244212
0.0494708581849189
0.0494727698911114
0.0494742952126112
0.0494754368450963
0.0494761968102803
0.0494765764559355
0.0494765764559355
0.0494761968102803
0.0494754368450962
0.0494742952126112
0.0494727698911114
0.0494708581849189
0.0494685567244212
0.0494658614662108
0.0494627676934248
0.0494592700163453
0.0494553623733905
0.0494510380326456
0.0494462895940185
0.0494411089923069
0.0494354875012880
0.0494294157391626
0.0494228836755347
0.0494158806404170
0.0494083953354742
0.0494004158480889
0.0493919296686970
0.0493829237120381
0.0493733843430234
0.0493632974080389
0.0493526482726917
0.0493414218671237
0.0493296027402549
0.0493171751245715
0.0493041230133745
0.0492904302527455
0.0492760806509819
0.0492610581088081
0.0492453467743117
0.0492289312274877
0.0492117967002828
0.0491939293395436
0.0491753165218616
0.0491559472318137
0.0491358125180760
0.0491149060460836
0.0490932247717642
0.0490707697692155
0.0490475472578144
0.0490235698938120
0.0489988584243743
0.0489734438598083
0.0489473704322994
0.0489206998525921
0.0488935179961813
0.0488659471908516
0.0488772941913572
0.0489052268559119
0.0489327684924062
0.0489597957050102
0.0489862215878084
0.0490119834594400
0.0490370361931977
0.0490613479716402
0.0490848973347934
0.0491076710109008
0.0491296622621569
0.0491508695900973
0.0491712957035834
0.0491909466847332
0.0492098313079710
0.0492279604796770
0.0492453467743116
0.0492620040485811
0.0492779471192832
0.0492931914936366
0.0493077531429201
0.0493216483122519
0.0493348933605038
0.0493475046255233
0.0493594983106298
0.0493708903890597
0.0493816965236060
0.0493919319990883
0.0494016116657517
0.0494107498918934
0.0494193605243816
0.0494274568558268
0.0494350515974487
0.0494421568567172
0.0494487841191077
0.0494549442332541
0.0494606473990223
0.0494659031580284
0.0494707203861329
0.0494751072876697
0.0494790713910135
0.0494826195453026
0.0494857579180434
0.0494884919934321
0.0494908265712281
0.0494927657660586
0.0494943130069810
0.0494954710373073
0.0494962419145049
0.0494966270102020
0.0494966270102020
0.0494962419145049
0.0494954710373073
0.0494943130069810
0.0494927657660586
0.0494908265712281
0.0494884919934321
0.0494857579180435
0.0494826195453026
0.0494790713910135
0.0494751072876697
0.0494707203861329
0.0494659031580284
0.0494606473990223
0.0494549442332542
0.0494487841191077
0.0494421568567172
0.0494350515974487
0.0494274568558268
0.0494193605243816
0.0494107498918934
0.0494016116657517
0.0493919319990883
0.0493816965236060
0.0493708903890597
0.0493594983106299
0.0493475046255233
0.0493348933605038
0.0493216483122519
0.0493077531429201
0.0492931914936366
0.0492779471192832
0.0492620040485811
0.0492453467743116
0.0492279604796771
0.0492098313079710
0.0491909466847332
0.0491712957035833
0.0491508695900973
0.0491296622621569
0.0491076710109008
0.0490848973347934
0.0490613479716402
0.0490370361931978
0.0490119834594400
0.0489862215878084
0.0489597957050102
0.0489327684924062
0.0489052268559119
0.0488772941913572
0.0488881891966035
0.0489164640082312
0.0489443459011440
0.0489717105220471
0.0489984700365694
0.0490245608833744
0.0490499371185370
0.0490745661805559
0.0490984259452677
0.0491215025601607
0.0491437887908409
0.0491652827248884
0.0491859867364226
0.0492059066473251
0.0492250510406012
0.0492434306938297
0.0492610581088081
0.0492779471192832
0.0492941125624768
0.0493095700034176
0.0493243355029821
0.0493384254224471
0.0493518562587122
0.0493646445052121
0.0493768065345710
0.0493883584996355
0.0493993162500705
0.0494096952621673
0.0494195105798940
0.0494287767655015
0.0494375078582427
0.0494457173400399
0.0494534181069898
0.0494606224459100
0.0494673420150895
0.0494735878286269
0.0494793702438117
0.0494846989510138
0.0494895829657238
0.0494940306223153
0.0494980495692889
0.0495016467657027
0.0495048284785235
0.0495076002807626
0.0495099670501861
0.0495119329684920
0.0495135015207719
0.0495146754952429
0.0495154569831073
0.0495158473785059
0.0495158473785059
0.0495154569831073
0.0495146754952429
0.0495135015207719
0.0495119329684920
0.0495099670501861
0.0495076002807626
0.0495048284785235
0.0495016467657027
0.0494980495692889
0.0494940306223153
0.0494895829657238
0.0494846989510138
0.0494793702438118
0.0494735878286269
0.0494673420150895
0.0494606224459100
0.0494534181069897
0.0494457173400399
0.0494375078582428
0.0494287767655015
0.0494195105798940
0.0494096952621673
0.0493993162500705
0.0493883584996353
0.0493768065345710
0.0493646445052121
0.0493518562587122
0.0493384254224472
0.0493243355029821
0.0493095700034176
0.0492941125624768
0.0492779471192832
0.0492610581088081
0.0492434306938297
0.0492250510406012
0.0492059066473251
0.0491859867364226
0.0491652827248884
0.0491437887908410
0.0491215025601607
0.0490984259452677
0.0490745661805559
0.0490499371185370
0.0490245608833744
0.0489984700365694
0.0489717105220471
0.0489443459011438
0.0489164640082312
0.0488881891966035
0.0488986390591773
0.0489272372366737
0.0489554407710487
0.0489831244486374
0.0490101995970184
0.0490366018561384
0.0490622845354324
0.0490872143881578
0.0491113686727549
0.0491347329909442
0.0491572996356136
0.0491790662941031
0.0492000350105822
0.0492202113437837
0.0492396036759889
0.0492582226415110
0.0492760806509819
0.0492931914936366
0.0493095700034176
0.0493252317780704
0.0493401929421417
0.0493544699469236
0.0493680794012889
0.0493810379286590
0.0493933620460586
0.0494050680619205
0.0494161719897463
0.0494266894753833
0.0494366357357495
0.0494460255074405
0.0494548730036983
0.0494631918785111
0.0494709951968012
0.0494782954097920
0.0494851043347578
0.0494914331385108
0.0494972923240073
0.0495026917196422
0.0495076404707090
0.0495121470327447
0.0495162191663633
0.0495198639333492
0.0495230876937724
0.0495258961038760
0.0495282941146036
0.0495302859706137
0.0495318752096513
0.0495330646621540
0.0495338564510556
0.0495342519916721
0.0495342519916721
0.0495338564510556
0.0495330646621540
0.0495318752096514
0.0495302859706137
0.0495282941146035
0.0495258961038760
0.0495230876937724
0.0495198639333492
0.0495162191663633
0.0495121470327447
0.0495076404707089
0.0495026917196422
0.0494972923240073
0.0494914331385108
0.0494851043347578
0.0494782954097920
0.0494709951968012
0.0494631918785110
0.0494548730036983
0.0494460255074405
0.0494366357357494
0.0494266894753833
0.0494161719897463
0.0494050680619204
0.0493933620460587
0.0493810379286590
0.0493680794012889
0.0493544699469235
0.0493401929421417
0.0493252317780704
0.0493095700034176
0.0492931914936366
0.0492760806509819
0.0492582226415110
0.0492396036759889
0.0492202113437837
0.0492000350105822
0.0491790662941031
0.0491572996356136
0.0491347329909442
0.0491113686727549
0.0490872143881578
0.0490622845354324
0.0490366018561384
0.0490101995970185
0.0489831244486375
0.0489554407710487
0.0489272372366737
0.0488986390591772
0.0489086510940015
0.0489375547378603
0.0489660621616692
0.0489940473770590
0.0490214209538836
0.0490481178064223
0.0490740905617344
0.0490993053424393
0.0491237388341328
0.0491473761272738
0.0491702090669516
0.0491922349562679
0.0492134555173999
0.0492338760468661
0.0492535047211859
0.0492723520213385
0.0492904302527455
0.0493077531429201
0.0493243355029821
0.0493401929421417
0.0493553416263509
0.0493697980739951
0.0493835789828424
0.0493967010833559
0.0494091810144315
0.0494210352181255
0.0494322798506118
0.0494429307069438
0.0494530031576208
0.0494625120951912
0.0494714718895204
0.0494798963503322
0.0494877986960781
0.0494951915281108
0.0495020868094241
0.0495084958472428
0.0495144292788677
0.0495198970602903
0.0495249084571075
0.0495294720373458
0.0495335956659156
0.0495372865003322
0.0495405509875201
0.0495433948614775
0.0495458231415872
0.0495478401314446
0.0495494494181127
0.0495506538716013
0.0495514556446014
0.0495518561722936
0.0495518561722936
0.0495514556446014
0.0495506538716013
0.0495494494181127
0.0495478401314446
0.0495458231415871
0.0495433948614776
0.0495405509875201
0.0495372865003322
0.0495335956659156
0.0495294720373458
0.0495249084571075
0.0495198970602903
0.0495144292788677
0.0495084958472428
0.0495020868094241
0.0494951915281108
0.0494877986960781
0.0494798963503322
0.0494714718895205
0.0494625120951912
0.0494530031576208
0.0494429307069438
0.0494322798506118
0.0494210352181255
0.0494091810144315
0.0493967010833560
0.0493835789828424
0.0493697980739951
0.0493553416263508
0.0493401929421417
0.0493243355029821
0.0493077531429201
0.0492904302527455
0.0492723520213385
0.0492535047211859
0.0492338760468661
0.0492134555173999
0.0491922349562675
0.0491702090669516
0.0491473761272738
0.0491237388341328
0.0490993053424393
0.0490740905617344
0.0490481178064223
0.0490214209538836
0.0489940473770590
0.0489660621616692
0.0489375547378603
0.0489086510940015
0.0489182329629778
0.0489474250081980
0.0489762193880209
0.0490044894151795
0.0490321449734352
0.0490591203171106
0.0490853674494259
0.0491108519128829
0.0491355498623053
0.0491594459104617
0.0491825314798845
0.0492048035068933
0.0492262634019591
0.0492469162033159
0.0492667698800428
0.0492858347534263
0.0493041230133745
0.0493216483122519
0.0493384254224471
0.0493544699469236
0.0493697980739951
0.0493844263692908
0.0493983715991771
0.0494116505807527
0.0494242800545099
0.0494362765762406
0.0494476564254087
0.0494584355275709
0.0494686293888226
0.0494782530405449
0.0494873209929239
0.0494958471960524
0.0495038450074272
0.0495113271649741
0.0495183057647423
0.0495247922426103
0.0495307973593350
0.0495363311884875
0.0495414031067656
0.0495460217863311
0.0495501951887902
0.0495539305605763
0.0495572344294145
0.0495601126017142
0.0495625701606576
0.0495646114648529
0.0495662401474202
0.0495674591153534
0.0495682705491592
0.0495686759026054
0.0495686759026054
0.0495682705491592
0.0495674591153535
0.0495662401474202
0.0495646114648530
0.0495625701606576
0.0495601126017142
0.0495572344294145
0.0495539305605763
0.0495501951887902
0.0495460217863311
0.0495414031067657
0.0495363311884875
0.0495307973593350
0.0495247922426103
0.0495183057647423
0.0495113271649741
0.0495038450074273
0.0494958471960524
0.0494873209929239
0.0494782530405449
0.0494686293888226
0.0494584355275709
0.0494476564254087
0.0494362765762407
0.0494242800545099
0.0494116505807527
0.0493983715991771
0.0493844263692908
0.0493697980739951
0.0493544699469236
0.0493384254224471
0.0493216483122519
0.0493041230133746
0.0492858347534263
0.0492667698800428
0.0492469162033160
0.0492262634019591
0.0492048035068933
0.0491825314798845
0.0491594459104617
0.0491355498623053
0.0491108519128829
0.0490853674494258
0.0490591203171106
0.0490321449734352
0.0490044894151796
0.0489762193880209
0.0489474250081980
0.0489182329629778
0.0489273925749257
0.0489568567458551
0.0489859219239854
0.0490144607905559
0.0490423826072598
0.0490696210276803
0.0490961274845006
0.0491218669867755
0.0491468151980821
0.0491709562857584
0.0491942812749066
0.0492167867533432
0.0492384738317757
0.0492593472962979
0.0492794149096086
0.0492986868299405
0.0493171751245716
0.0493348933605038
0.0493518562587122
0.0493680794012889
0.0493835789828424
0.0493983715991771
0.0494124740675499
0.0494259032736651
0.0494386760415310
0.0494508090227395
0.0494623186024406
0.0494732208195756
0.0494835312992901
0.0494932651958845
0.0495024371447321
0.0495110612218563
0.0495191509101984
0.0495267190714315
0.0495337779226687
0.0495403390172497
0.0495464132289893
0.0495520107394373
0.0495571410275810
0.0495618128616445
0.0495660342926309
0.0495698126492966
0.0495731545342966
0.0495760658212776
0.0495785516527283
0.0495806164384453
0.0495822638544321
0.0495834968421480
0.0495843176080259
0.0495847276231719
0.0495847276231719
0.0495843176080259
0.0495834968421480
0.0495822638544321
0.0495806164384453
0.0495785516527283
0.0495760658212776
0.0495731545342966
0.0495698126492966
0.0495660342926309
0.0495618128616444
0.0495571410275810
0.0495520107394372
0.0495464132289893
0.0495403390172497
0.0495337779226687
0.0495267190714315
0.0495191509101984
0.0495110612218563
0.0495024371447321
0.0494932651958845
0.0494835312992901
0.0494732208195756
0.0494623186024406
0.0494508090227395
0.0494386760415310
0.0494259032736652
0.0494124740675499
0.0493983715991771
0.0493835789828425
0.0493680794012889
0.0493518562587122
0.0493348933605039
0.0493171751245716
0.0492986868299405
0.0492794149096086
0.0492593472962979
0.0492384738317757
0.0492167867533433
0.0491942812749061
0.0491709562857584
0.0491468151980821
0.0491218669867755
0.0490961274845006
0.0490696210276802
0.0490423826072598
0.0490144607905559
0.0489859219239854
0.0489568567458551
0.0489273925749259
0.0489361379985941
0.0489658587656401
0.0489951793187530
0.0490239717677524
0.0490521448096605
0.0490796315507876
0.0491063829018690
0.0491323633815105
0.0491575481990445
0.0491819211071842
0.0492054727582324
0.0492281994101514
0.0492501018869093
0.0492711847302986
0.0492914554998331
0.0493109241897528
0.0493296027402549
0.0493475046255232
0.0493646445052122
0.0493810379286590
0.0493967010833560
0.0494116505807527
0.0494259032736651
0.0494394761006048
0.0494523859530376
0.0494646495623193
0.0494762834034026
0.0494873036130095
0.0494977259201922
0.0495075655875372
0.0495168373615231
0.0495255554307131
0.0495337333907279
0.0495413842149717
0.0495485202302857
0.0495551530968717
0.0495612937917448
0.0495669525952908
0.0495721390803533
0.0495768621035102
0.0495811297981436
0.0495849495689983
0.0495883280880009
0.0495912712909810
0.0495937843755401
0.0495958717988821
0.0495975372768303
0.0495987837828624
0.0495996135475213
0.0496000280580211
0.0496000280580211
0.0495996135475213
0.0495987837828622
0.0495975372768303
0.0495958717988821
0.0495937843755401
0.0495912712909810
0.0495883280880009
0.0495849495689982
0.0495811297981436
0.0495768621035102
0.0495721390803533
0.0495669525952908
0.0495612937917448
0.0495551530968717
0.0495485202302857
0.0495413842149717
0.0495337333907279
0.0495255554307131
0.0495168373615230
0.0495075655875373
0.0494977259201922
0.0494873036130095
0.0494762834034026
0.0494646495623193
0.0494523859530376
0.0494394761006048
0.0494259032736651
0.0494116505807527
0.0493967010833560
0.0493810379286590
0.0493646445052121
0.0493475046255232
0.0493296027402549
0.0493109241897528
0.0492914554998331
0.0492711847302987
0.0492501018869093
0.0492281994101516
0.0492054727582324
0.0491819211071842
0.0491575481990445
0.0491323633815105
0.0491063829018690
0.0490796315507876
0.0490521448096605
0.0490239717677524
0.0489951793187530
0.0489658587656401
0.0489361379985941
0.0489444773869018
0.0489744399251203
0.0490040011244287
0.0490330325769568
0.0490614424666486
0.0490891634009104
0.0491161458128359
0.0491423537701985
0.0491677620626216
0.0491923540574383
0.0492161200580583
0.0492390560112517
0.0492611624679538
0.0492824437347273
0.0493029071727218
0.0493225626132429
0.0493414218671237
0.0493594983106298
0.0493768065345710
0.0493933620460587
0.0494091810144315
0.0494242800545100
0.0494386760415310
0.0494523859530376
0.0494654267338572
0.0494778151808067
0.0494895678443794
0.0495007009450025
0.0495112303018191
0.0495211712722834
0.0495305387010193
0.0495393468767059
0.0495476094957903
0.0495553396321300
0.0495625497116984
0.0495692514915610
0.0495754560426167
0.0495811737353393
0.0495864142285901
0.0495911864598739
0.0495954986382394
0.0495993582383807
0.0496027719960744
0.0496057459046681
0.0496082852124185
0.0496103944205239
0.0496120772816754
0.0496133367990105
0.0496141752254124
0.0496145940630425
0.0496145940630425
0.0496141752254124
0.0496133367990106
0.0496120772816754
0.0496103944205239
0.0496082852124185
0.0496057459046682
0.0496027719960746
0.0495993582383811
0.0495954986382394
0.0495911864598739
0.0495864142285901
0.0495811737353393
0.0495754560426167
0.0495692514915610
0.0495625497116984
0.0495553396321300
0.0495476094957903
0.0495393468767059
0.0495305387010193
0.0495211712722834
0.0495112303018191
0.0495007009450025
0.0494895678443794
0.0494778151808067
0.0494654267338572
0.0494523859530376
0.0494386760415310
0.0494242800545100
0.0494091810144316
0.0493933620460587
0.0493768065345710
0.0493594983106298
0.0493414218671237
0.0493225626132429
0.0493029071727218
0.0492824437347273
0.0492611624679538
0.0492390560112517
0.0492161200580583
0.0491923540574384
0.0491677620626216
0.0491423537701985
0.0491161458128359
0.0490891634009104
0.0490614424666486
0.0490330325769568
0.0490040011244288
0.0489744399251202
0.0489444773869021
0.0489524189109288
0.0489826090603311
0.0490123968332300
0.0490416533522769
0.0490702863348212
0.0490982279331928
0.0491254281432754
0.0491518506185271
0.0491774697610557
0.0492022685804334
0.0492262370541863
0.0492493708363729
0.0492716702189423
0.0492931392831350
0.0493137851978270
0.0493336176340117
0.0493526482726917
0.0493708903890597
0.0493883584996355
0.0494050680619204
0.0494210352181255
0.0494362765762407
0.0494508090227395
0.0494646495623193
0.0494778151808067
0.0494903227278649
0.0495021888168059
0.0495134297390877
0.0495240613914306
0.0495340992139245
0.0495435581374753
0.0495524525394005
0.0495607962059966
0.0495686023011189
0.0495758833398433
0.0495826511669423
0.0495889169383422
0.0495946911065850
0.0495999834086532
0.0496048028561668
0.0496091577274817
0.0496130555614707
0.0496165031525884
0.0496195065470535
0.0496220710399367
0.0496242011729401
0.0496259007327891
0.0496271727500226
0.0496280194981728
0.0496284424932146
0.0496284424932146
0.0496280194981728
0.0496271727500226
0.0496259007327892
0.0496242011729401
0.0496220710399368
0.0496195065470535
0.0496165031525884
0.0496130555614706
0.0496091577274817
0.0496048028561668
0.0495999834086531
0.0495946911065851
0.0495889169383422
0.0495826511669423
0.0495758833398433
0.0495686023011189
0.0495607962059966
0.0495524525394007
0.0495435581374753
0.0495340992139245
0.0495240613914306
0.0495134297390877
0.0495021888168060
0.0494903227278649
0.0494778151808067
0.0494646495623193
0.0494508090227395
0.0494362765762407
0.0494210352181255
0.0494050680619204
0.0493883584996354
0.0493708903890597
0.0493526482726917
0.0493336176340116
0.0493137851978271
0.0492931392831350
0.0492716702189423
0.0492493708363729
0.0492262370541863
0.0492022685804334
0.0491774697610557
0.0491518506185271
0.0491254281432754
0.0490982279331928
0.0490702863348212
0.0490416533522769
0.0490123968332300
0.0489826090603311
0.0489524189109288
0.0489599707023052
0.0489903749298396
0.0490203758230278
0.0490498440783916
0.0490786869886827
0.0491068362909514
0.0491342415808485
0.0491608661311423
0.0491866839863607
0.0492116778243870
0.0492358373188964
0.0492591578492910
0.0492816394627016
0.0493032860255313
0.0493241045213996
0.0493441044648378
0.0493632974080389
0.0493816965236060
0.0493993162500703
0.0494161719897464
0.0494322798506118
0.0494476564254087
0.0494623186024406
0.0494762834034026
0.0494895678443795
0.0495021888168060
0.0495141629855365
0.0495255067017027
0.0495362359283606
0.0495463661771308
0.0495559124543633
0.0495648892155008
0.0495733103264941
0.0495811890316705
0.0495885379260755
0.0495953689331197
0.0496016932857017
0.0496075215106996
0.0496128634162466
0.0496177280814106
0.0496221238478427
0.0496260583131216
0.0496295383254654
0.0496325699796184
0.0496351586136479
0.0496373088065208
0.0496390243762836
0.0496403083787099
0.0496411631063730
0.0496415900879808
0.0496415900879808
0.0496411631063730
0.0496403083787099
0.0496390243762836
0.0496373088065208
0.0496351586136479
0.0496325699796184
0.0496295383254654
0.0496260583131216
0.0496221238478427
0.0496177280814109
0.0496128634162466
0.0496075215106996
0.0496016932857017
0.0495953689331197
0.0495885379260754
0.0495811890316705
0.0495733103264940
0.0495648892155008
0.0495559124543633
0.0495463661771308
0.0495362359283606
0.0495255067017027
0.0495141629855365
0.0495021888168060
0.0494895678443795
0.0494762834034026
0.0494623186024406
0.0494476564254087
0.0494322798506119
0.0494161719897465
0.0493993162500705
0.0493816965236060
0.0493632974080389
0.0493441044648378
0.0493241045213996
0.0493032860255312
0.0492816394627016
0.0492591578492910
0.0492358373188964
0.0492116778243870
0.0491866839863607
0.0491608661311423
0.0491342415808484
0.0491068362909514
0.0490786869886827
0.0490498440783916
0.0490203758230278
0.0489903749298396
0.0489599707023052
0.0489671408029647
0.0489977461660655
0.0490279473100414
0.0490576145443968
0.0490866547753087
0.0491149993607446
0.0491425975299537
0.0491694122060310
0.0491954171037884
0.0492205945938953
0.0492449340672232
0.0492684306460335
0.0492910841467512
0.0493128982317440
0.0493338797070747
0.0493540379356431
0.0493733843430234
0.0493919319990883
0.0494096952621672
0.0494266894753834
0.0494429307069438
0.0494584355275709
0.0494732208195757
0.0494873036130095
0.0495007009450026
0.0495134297390877
0.0495255067017027
0.0495369482336022
0.0495477703540660
0.0495579886362417
0.0495676181519915
0.0495766734254802
0.0495851683930991
0.0495931163703800
0.0496005300238770
0.0496074213477125
0.0496138016440388
0.0496196815068817
0.0496250708088464
0.0496299786902674
0.0496344135504194
0.0496383830404079
0.0496418940575939
0.0496449527411030
0.0496475644684044
0.0496497338526247
0.0496514647405695
0.0496527602111882
0.0496536225745512
0.0496540533710730
0.0496540533710730
0.0496536225745512
0.0496527602111882
0.0496514647405695
0.0496497338526247
0.0496475644684044
0.0496449527411030
0.0496418940575939
0.0496383830404079
0.0496344135504194
0.0496299786902674
0.0496250708088465
0.0496196815068817
0.0496138016440388
0.0496074213477125
0.0496005300238770
0.0495931163703800
0.0495851683930991
0.0495766734254802
0.0495676181519915
0.0495579886362417
0.0495477703540660
0.0495369482336022
0.0495255067017027
0.0495134297390877
0.0495007009450026
0.0494873036130095
0.0494732208195757
0.0494584355275709
0.0494429307069438
0.0494266894753834
0.0494096952621672
0.0493919319990883
0.0493733843430234
0.0493540379356431
0.0493338797070747
0.0493128982317440
0.0492910841467512
0.0492684306460335
0.0492449340672232
0.0492205945938953
0.0491954171037884
0.0491694122060310
0.0491425975299537
0.0491149993607447
0.0490866547753087
0.0490576145443968
0.0490279473100414
0.0489977461660655
0.0489671408029647
0.0489739371212611
0.0490047312329016
0.0490351203078381
0.0490649743039295
0.0490941997752725
0.0491227277337827
0.0491505070733038
0.0491775003958466
0.0492036811124369
0.0492290313095468
0.0492535401152120
0.0492772024114950
0.0493000177980119
0.0493219897440557
0.0493431248863121
0.0493634324415966
0.0493829237120381
0.0494016116657517
0.0494195105798940
0.0494366357357495
0.0494530031576208
0.0494686293888226
0.0494835312992901
0.0494977259201922
0.0495112303018191
0.0495240613914306
0.0495362359283606
0.0495477703540660
0.0495586807350577
0.0495689826969350
0.0495786913685459
0.0495878213336294
0.0495963865906035
0.0496044005181914
0.0496118758465269
0.0496188246329369
0.0496252582417289
0.0496311873274022
0.0496366218207951
0.0496415709177219
0.0496460430697369
0.0496500459766599
0.0496535865805823
0.0496566710611374
0.0496593048317736
0.0496614925368687
0.0496632380495315
0.0496645444699629
0.0496654141242452
0.0496658485635380
0.0496658485635381
0.0496654141242452
0.0496645444699629
0.0496632380495315
0.0496614925368687
0.0496593048317736
0.0496566710611372
0.0496535865805823
0.0496500459766599
0.0496460430697369
0.0496415709177219
0.0496366218207951
0.0496311873274022
0.0496252582417290
0.0496188246329369
0.0496118758465269
0.0496044005181914
0.0495963865906035
0.0495878213336294
0.0495786913685459
0.0495689826969350
0.0495586807350577
0.0495477703540660
0.0495362359283606
0.0495240613914306
0.0495112303018191
0.0494977259201922
0.0494835312992901
0.0494686293888226
0.0494530031576208
0.0494366357357494
0.0494195105798940
0.0494016116657517
0.0493829237120381
0.0493634324415966
0.0493431248863121
0.0493219897440557
0.0493000177980119
0.0492772024114950
0.0492535401152119
0.0492290313095468
0.0492036811124369
0.0491775003958466
0.0491505070733038
0.0491227277337827
0.0490941997752725
0.0490649743039295
0.0490351203078381
0.0490047312329016
0.0489739371212611
0.0489803673936863
0.0490113383888237
0.0490419035917426
0.0490719326406871
0.0491013317690800
0.0491300316729269
0.0491579809391411
0.0491851418750709
0.0492114876120526
0.0492369999739523
0.0492616678449431
0.0492854858831594
0.0493084534850137
0.0493305739377031
0.0493518537170304
0.0493723018998313
0.0493919296686970
0.0494107498918934
0.0494287767655015
0.0494460255074405
0.0494625120951912
0.0494782530405450
0.0494932651958845
0.0495075655875372
0.0495211712722834
0.0495340992139245
0.0495463661771308
0.0495579886362417
0.0495689826969350
0.0495793640296041
0.0495891478115615
0.0495983486785739
0.0496069806833198
0.0496150572602188
0.0496225911957666
0.0496295946036094
0.0496360789036407
0.0496420548046388
0.0496475322898741
0.0496525206052491
0.0496570282496312
0.0496610629669804
0.0496646317400396
0.0496677407852756
0.0496703955489150
0.0496726007038235
0.0496743601471267
0.0496756769984141
0.0496765535984186
0.0496769915081106
0.0496769915081106
0.0496765535984187
0.0496756769984142
0.0496743601471267
0.0496726007038234
0.0496703955489150
0.0496677407852756
0.0496646317400396
0.0496610629669804
0.0496570282496312
0.0496525206052491
0.0496475322898740
0.0496420548046388
0.0496360789036405
0.0496295946036093
0.0496225911957666
0.0496150572602188
0.0496069806833199
0.0495983486785739
0.0495891478115615
0.0495793640296040
0.0495689826969350
0.0495579886362417
0.0495463661771308
0.0495340992139245
0.0495211712722833
0.0495075655875373
0.0494932651958845
0.0494782530405450
0.0494625120951912
0.0494460255074407
0.0494287767655015
0.0494107498918933
0.0493919296686971
0.0493723018998313
0.0493518537170303
0.0493305739377031
0.0493084534850137
0.0492854858831594
0.0492616678449431
0.0492369999739524
0.0492114876120526
0.0491851418750709
0.0491579809391411
0.0491300316729269
0.0491013317690800
0.0490719326406871
0.0490419035917426
0.0490113383888237
0.0489803673936863
0.0489864391514672
0.0490175756548584
0.0490483056679988
0.0490784985386721
0.0491080602082560
0.0491369210844437
0.0491650294733840
0.0491923474122094
0.0492188477749946
0.0492445121432524
0.0492693291752673
0.0492932933208441
0.0493164037864235
0.0493386636880380
0.0493600793492284
0.0493806597133956
0.0494004158480889
0.0494193605243816
0.0494375078582428
0.0494548730036984
0.0494714718895205
0.0494873209929239
0.0495024371447322
0.0495168373615230
0.0495305387010192
0.0495435581374754
0.0495559124543633
0.0495676181519915
0.0495786913685460
0.0495891478115615
0.0495990027000119
0.0496082707145340
0.0496169659550762
0.0496251019049588
0.0496326914004551
0.0496397466051881
0.0496462789886139
0.0496522993080704
0.0496578175938755
0.0496628431370124
0.0496673844790237
0.0496714494037813
0.0496750449308281
0.0496781773100436
0.0496808520174200
0.0496830737517191
0.0496848464319232
0.0496861731952827
0.0496870563958766
0.0496874976036187
0.0496874976036187
0.0496870563958766
0.0496861731952827
0.0496848464319233
0.0496830737517191
0.0496808520174200
0.0496781773100436
0.0496750449308280
0.0496714494037813
0.0496673844790238
0.0496628431370125
0.0496578175938755
0.0496522993080705
0.0496462789886139
0.0496397466051881
0.0496326914004551
0.0496251019049588
0.0496169659550762
0.0496082707145340
0.0495990027000119
0.0495891478115615
0.0495786913685459
0.0495676181519915
0.0495559124543633
0.0495435581374754
0.0495305387010193
0.0495168373615230
0.0495024371447322
0.0494873209929239
0.0494714718895205
0.0494548730036984
0.0494375078582428
0.0494193605243816
0.0494004158480889
0.0493806597133956
0.0493600793492284
0.0493386636880380
0.0493164037864234
0.0492932933208441
0.0492693291752673
0.0492445121432524
0.0492188477749946
0.0491923474122094
0.0491650294733840
0.0491369210844437
0.0491080602082560
0.0490784985386721
0.0490483056679988
0.0490175756548584
0.0489864391514672
0.0489921596914515
0.0490234507866708
0.0490543347470764
0.0490846806565500
0.0491143941905814
0.0491434054938832
0.0491716626159488
0.0491991273463169
0.0492257723226920
0.0492515789032622
0.0492765355374066
0.0493006364815342
0.0493238807649475
0.0493462713432631
0.0493678143965059
0.0493885187414171
0.0494083953354742
0.0494274568558268
0.0494457173400400
0.0494631918785111
0.0494798963503322
0.0494958471960524
0.0495110612218562
0.0495255554307131
0.0495393468767059
0.0495524525394005
0.0495648892155008
0.0495766734254802
0.0495878213336295
0.0495983486785739
0.0496082707145340
0.0496176021606519
0.0496263571578720
0.0496345492322523
0.0496421912638582
0.0496492954605018
0.0496558733356609
0.0496619356899781
0.0496674925958599
0.0496725533847276
0.0496771266365071
0.0496812201710272
0.0496848410410628
0.0496879955267046
0.0496906891308894
0.0496929265758682
0.0496947118004413
0.0496960479579005
0.0496969374144449
0.0496973817481246
0.0496973817481247
0.0496969374144449
0.0496960479579005
0.0496947118004415
0.0496929265758682
0.0496906891308894
0.0496879955267046
0.0496848410410628
0.0496812201710272
0.0496771266365071
0.0496725533847276
0.0496674925958597
0.0496619356899781
0.0496558733356609
0.0496492954605018
0.0496421912638582
0.0496345492322523
0.0496263571578720
0.0496176021606519
0.0496082707145340
0.0495983486785739
0.0495878213336294
0.0495766734254802
0.0495648892155008
0.0495524525394005
0.0495393468767059
0.0495255554307131
0.0495110612218562
0.0494958471960524
0.0494798963503322
0.0494631918785110
0.0494457173400400
0.0494274568558268
0.0494083953354742
0.0493885187414170
0.0493678143965059
0.0493462713432631
0.0493238807649472
0.0493006364815342
0.0492765355374066
0.0492515789032622
0.0492257723226920
0.0491991273463169
0.0491716626159488
0.0491434054938832
0.0491143941905814
0.0490846806565501
0.0490543347470764
0.0490234507866707
0.0489921596914515
0.0489975360507236
0.0490289712503892
0.0490599987205988
0.0490904873055638
0.0491203424388746
0.0491494940255453
0.0491778898806830
0.0492054915671971
0.0492322715059292
0.0492582108495751
0.0492832978546926
0.0493075265985649
0.0493308959457488
0.0493534087019952
0.0493750709125340
0.0493958912744330
0.0494158806404170
0.0494350515974487
0.0494534181069897
0.0494709951968012
0.0494877986960781
0.0495038450074272
0.0495191509101983
0.0495337333907279
0.0495476094957903
0.0495607962059966
0.0495733103264941
0.0495851683930991
0.0495963865906034
0.0496069806833198
0.0496169659550762
0.0496263571578720
0.0496351684680191
0.0496434134487529
0.0496511050184993
0.0496582554240108
0.0496648762177261
0.0496709782387623
0.0496765715970667
0.0496816656602081
0.0496862690425187
0.0496903895961413
0.0496940344037540
0.0496972097726850
0.0496999212301997
0.0497021735197609
0.0497039705981151
0.0497053156330613
0.0497062110017870
0.0497066582897067
0.0497066582897068
0.0497062110017870
0.0497053156330613
0.0497039705981151
0.0497021735197609
0.0496999212301997
0.0496972097726850
0.0496940344037540
0.0496903895961413
0.0496862690425187
0.0496816656602081
0.0496765715970667
0.0496709782387623
0.0496648762177261
0.0496582554240108
0.0496511050184993
0.0496434134487529
0.0496351684680192
0.0496263571578721
0.0496169659550762
0.0496069806833198
0.0495963865906034
0.0495851683930991
0.0495733103264941
0.0495607962059966
0.0495476094957903
0.0495337333907279
0.0495191509101983
0.0495038450074272
0.0494877986960781
0.0494709951968012
0.0494534181069898
0.0494350515974487
0.0494158806404170
0.0493958912744330
0.0493750709125340
0.0493534087019952
0.0493308959457488
0.0493075265985649
0.0492832978546926
0.0492582108495751
0.0492322715059292
0.0492054915671971
0.0491778898806830
0.0491494940255453
0.0491203424388746
0.0490904873055638
0.0490599987205988
0.0490289712503892
0.0489975360507236
0.0490025749845596
0.0490341442016583
0.0490653051414004
0.0490959264305521
0.0491259132828414
0.0491551953850315
0.0491837203384302
0.0492114494988135
0.0492383550883603
0.0492644180710427
0.0492896265258272
0.0493139743644593
0.0493374602987306
0.0493600869947999
0.0493818603718020
0.0494027890142031
0.0494228836755348
0.0494421568567172
0.0494606224459100
0.0494782954097919
0.0494951915281109
0.0495113271649741
0.0495267190714315
0.0495413842149717
0.0495553396321300
0.0495686023011189
0.0495811890316705
0.0495931163703800
0.0496044005181912
0.0496150572602188
0.0496251019049588
0.0496345492322523
0.0496434134487529
0.0496517081498924
0.0496594462875653
0.0496666401426903
0.0496733013020614
0.0496794406388750
0.0496850682964221
0.0496901936745055
0.0496948254181966
0.0496989714085692
0.0497026387551370
0.0497058337897019
0.0497085620614176
0.0497108283328659
0.0497126365769705
0.0497139899746260
0.0497148909129427
0.0497153409839844
0.0497153409839843
0.0497148909129430
0.0497139899746261
0.0497126365769705
0.0497108283328659
0.0497085620614176
0.0497058337897019
0.0497026387551370
0.0496989714085692
0.0496948254181966
0.0496901936745056
0.0496850682964221
0.0496794406388750
0.0496733013020614
0.0496666401426904
0.0496594462875653
0.0496517081498924
0.0496434134487529
0.0496345492322523
0.0496251019049588
0.0496150572602188
0.0496044005181912
0.0495931163703800
0.0495811890316705
0.0495686023011189
0.0495553396321300
0.0495413842149717
0.0495267190714317
0.0495113271649740
0.0494951915281109
0.0494782954097920
0.0494606224459100
0.0494421568567172
0.0494228836755347
0.0494027890142031
0.0493818603718017
0.0493600869947998
0.0493374602987306
0.0493139743644593
0.0492896265258272
0.0492644180710427
0.0492383550883601
0.0492114494988135
0.0491837203384302
0.0491551953850315
0.0491259132828414
0.0490959264305521
0.0490653051414004
0.0490341442016583
0.0490025749845596
0.0490072829472210
0.0490389764674476
0.0490702612063760
0.0491010055937245
0.0491311146436267
0.0491605178444379
0.0491891626027592
0.0492170100853808
0.0492440323328381
0.0492702101361470
0.0492955314110971
0.0493199899168904
0.0493435842240460
0.0493663168691862
0.0493881936539016
0.0494092230571925
0.0494294157391626
0.0494487841191077
0.0494673420150895
0.0494851043347579
0.0495020868094240
0.0495183057647423
0.0495337779226687
0.0495485202302858
0.0495625497116984
0.0495758833398433
0.0495885379260755
0.0496005300238770
0.0496118758465269
0.0496225911957666
0.0496326914004551
0.0496421912638582
0.0496511050184993
0.0496594462875653
0.0496672280520092
0.0496744626226151
0.0496811616163674
0.0496873359365262
0.0496929957559101
0.0496981505029441
0.0497028088500799
0.0497069787042149
0.0497106671988572
0.0497138806877287
0.0497166247396255
0.0497189041342905
0.0497207228591774
0.0497220841069844
0.0497229902737340
0.0497234429574907
0.0497234429574907
0.0497229902737340
0.0497220841069844
0.0497207228591774
0.0497189041342905
0.0497166247396255
0.0497138806877287
0.0497106671988572
0.0497069787042149
0.0497028088500799
0.0496981505029441
0.0496929957559101
0.0496873359365262
0.0496811616163674
0.0496744626226151
0.0496672280520092
0.0496594462875653
0.0496511050184993
0.0496421912638582
0.0496326914004551
0.0496225911957666
0.0496118758465269
0.0496005300238770
0.0495885379260755
0.0495758833398433
0.0495625497116984
0.0495485202302857
0.0495337779226687
0.0495183057647423
0.0495020868094240
0.0494851043347579
0.0494673420150895
0.0494487841191077
0.0494294157391626
0.0494092230571925
0.0493881936539016
0.0493663168691862
0.0493435842240460
0.0493199899168904
0.0492955314110971
0.0492702101361470
0.0492440323328381
0.0492170100853808
0.0491891626027592
0.0491605178444379
0.0491311146436267
0.0491010055937245
0.0490702612063760
0.0490389764674476
0.0490072829472210
0.0490116660753129
0.0490434745304037
0.0490748737417197
0.0491057319607009
0.0491359540206638
0.0491654692298928
0.0491942248180339
0.0492221817798200
0.0492493119900966
0.0492755960817881
0.0493010218211491
0.0493255828272328
0.0493492775403736
0.0493721083774107
0.0493940810308177
0.0494152038812658
0.0494354875012880
0.0494549442332542
0.0494735878286269
0.0494914331385107
0.0495084958472428
0.0495247922426102
0.0495403390172497
0.0495551530968717
0.0495692514915611
0.0495826511669424
0.0495953689331197
0.0496074213477127
0.0496188246329369
0.0496295946036094
0.0496397466051880
0.0496492954605018
0.0496582554240108
0.0496666401426904
0.0496744626226150
0.0496817352005717
0.0496884695199536
0.0496946765104517
0.0497003663709310
0.0497055485551579
0.0497102317598759
0.0497144239149482
0.0497181321752612
0.0497213629141137
0.0497241217178435
0.0497264133815632
0.0497282419057518
0.0497296104936613
0.0497305215493297
0.0497309766761925
0.0497309766761925
0.0497305215493297
0.0497296104936613
0.0497282419057518
0.0497264133815632
0.0497241217178435
0.0497213629141137
0.0497181321752612
0.0497144239149482
0.0497102317598759
0.0497055485551579
0.0497003663709310
0.0496946765104517
0.0496884695199536
0.0496817352005717
0.0496744626226150
0.0496666401426904
0.0496582554240108
0.0496492954605018
0.0496397466051880
0.0496295946036094
0.0496188246329369
0.0496074213477127
0.0495953689331197
0.0495826511669424
0.0495692514915610
0.0495551530968717
0.0495403390172497
0.0495247922426102
0.0495084958472428
0.0494914331385107
0.0494735878286269
0.0494549442332541
0.0494354875012884
0.0494152038812658
0.0493940810308177
0.0493721083774107
0.0493492775403736
0.0493255828272328
0.0493010218211490
0.0492755960817881
0.0492493119900966
0.0492221817798200
0.0491942248180340
0.0491654692298928
0.0491359540206638
0.0491057319607007
0.0490748737417197
0.0490434745304037
0.0490116660753129
0.0490157301733752
0.0490476445153203
0.0490791491902541
0.0491101122887200
0.0491404384805522
0.0491700569110432
0.0491989146494187
0.0492269725341838
0.0492542022894839
0.0492805844041480
0.0493061065078786
0.0493307620913929
0.0493545494755082
0.0493774709667476
0.0493995321567579
0.0494207413349693
0.0494411089923069
0.0494606473990223
0.0494793702438117
0.0494972923240073
0.0495144292788677
0.0495307973593350
0.0495464132289893
0.0495612937917448
0.0495754560426167
0.0495889169383422
0.0496016932857017
0.0496138016440388
0.0496252582417290
0.0496360789036407
0.0496462789886139
0.0496558733356609
0.0496648762177261
0.0496733013020614
0.0496811616163674
0.0496884695199536
0.0496952366792421
0.0497014740470405
0.0497071918451272
0.0497123995495986
0.0497171058786722
0.0497213187825656
0.0497250454351527
0.0497282922271214
0.0497310647604505
0.0497333678439438
0.0497352054897070
0.0497365809104213
0.0497374965172818
0.0497379539185335
0.0497379539185335
0.0497374965172818
0.0497365809104213
0.0497352054897070
0.0497333678439438
0.0497310647604505
0.0497282922271214
0.0497250454351527
0.0497213187825656
0.0497171058786722
0.0497123995495987
0.0497071918451272
0.0497014740470405
0.0496952366792420
0.0496884695199536
0.0496811616163674
0.0496733013020614
0.0496648762177261
0.0496558733356609
0.0496462789886139
0.0496360789036407
0.0496252582417290
0.0496138016440388
0.0496016932857018
0.0495889169383422
0.0495754560426167
0.0495612937917448
0.0495464132289893
0.0495307973593350
0.0495144292788677
0.0494972923240073
0.0494793702438117
0.0494606473990223
0.0494411089923069
0.0494207413349693
0.0493995321567579
0.0493774709667476
0.0493545494755082
0.0493307620913929
0.0493061065078786
0.0492805844041480
0.0492542022894839
0.0492269725341838
0.0491989146494187
0.0491700569110432
0.0491404384805523
0.0491101122887199
0.0490791491902541
0.0490476445153203
0.0490157301733751
0.0490194807014293
0.0490514921774957
0.0490830936006175
0.0491141529165096
0.0491445746476624
0.0491742877922798
0.0492032392746154
0.0492313897917987
0.0492587109313717
0.0492851830513300
0.0493107936571176
0.0493355361224401
0.0493594086588551
0.0493824134717701
0.0494045560600973
0.0494258446290820
0.0494462895940184
0.0494659031580284
0.0494846989510138
0.0495026917196423
0.0495198970602903
0.0495363311884876
0.0495520107394373
0.0495669525952908
0.0495811737353394
0.0495946911065851
0.0496075215106997
0.0496196815068817
0.0496311873274022
0.0496420548046389
0.0496522993080705
0.0496619356899781
0.0496709782387623
0.0496794406388750
0.0496873359365262
0.0496946765104517
0.0497014740470405
0.0497077395192808
0.0497134831689845
0.0497187144918539
0.0497234422250205
0.0497276743366555
0.0497314180174214
0.0497346796734194
0.0497374649204861
0.0497397785795874
0.0497416246731632
0.0497430064222813
0.0497439262445081
0.0497443857523683
0.0497443857523682
0.0497439262445081
0.0497430064222813
0.0497416246731632
0.0497397785795874
0.0497374649204861
0.0497346796734194
0.0497314180174214
0.0497276743366555
0.0497234422250206
0.0497187144918540
0.0497134831689845
0.0497077395192808
0.0497014740470405
0.0496946765104517
0.0496873359365262
0.0496794406388750
0.0496709782387623
0.0496619356899781
0.0496522993080705
0.0496420548046388
0.0496311873274022
0.0496196815068817
0.0496075215106996
0.0495946911065851
0.0495811737353393
0.0495669525952908
0.0495520107394373
0.0495363311884874
0.0495198970602903
0.0495026917196423
0.0494846989510138
0.0494659031580284
0.0494462895940184
0.0494258446290820
0.0494045560600973
0.0493824134717701
0.0493594086588551
0.0493355361224401
0.0493107936571176
0.0492851830513300
0.0492587109313717
0.0492313897917987
0.0492032392746154
0.0491742877922798
0.0491445746476624
0.0491141529165096
0.0490830936006175
0.0490514921774957
0.0490194807014293
0.0490229227642237
0.0490550228927824
0.0490867126180120
0.0491178597557702
0.0491483686962467
0.0491781683054083
0.0492072053770378
0.0492354404808324
0.0492628450810560
0.0492893994174235
0.0493150908828432
0.0493399127448328
0.0493638631155803
0.0493869441082897
0.0494091611370839
0.0494305223299816
0.0494510380326457
0.0494707203861329
0.0494895829657236
0.0495076404707089
0.0495249084571076
0.0495414031067657
0.0495571410275810
0.0495721390803533
0.0495864142285901
0.0495999834086531
0.0496128634162466
0.0496250708088465
0.0496366218207950
0.0496475322898741
0.0496578175938755
0.0496674925958599
0.0496765715970665
0.0496850682964221
0.0496929957559101
0.0497003663709310
0.0497071918451272
0.0497134831689845
0.0497192506017659
0.0497245036563159
0.0497292510863361
0.0497335008757765
0.0497372602300689
0.0497405355689047
0.0497433325203616
0.0497456559161477
0.0497475097878463
0.0497488973639500
0.0497498210676740
0.0497502825153245
0.0497502825153245
0.0497498210676740
0.0497488973639500
0.0497475097878463
0.0497456559161477
0.0497433325203615
0.0497405355689047
0.0497372602300689
0.0497335008757765
0.0497292510863361
0.0497245036563159
0.0497192506017659
0.0497134831689845
0.0497071918451272
0.0497003663709310
0.0496929957559101
0.0496850682964221
0.0496765715970667
0.0496674925958599
0.0496578175938755
0.0496475322898741
0.0496366218207950
0.0496250708088464
0.0496128634162466
0.0495999834086531
0.0495864142285901
0.0495721390803533
0.0495571410275810
0.0495414031067656
0.0495249084571076
0.0495076404707090
0.0494895829657236
0.0494707203861329
0.0494510380326457
0.0494305223299816
0.0494091611370839
0.0493869441082897
0.0493638631155803
0.0493399127448328
0.0493150908828432
0.0492893994174235
0.0492628450810559
0.0492354404808324
0.0492072053770378
0.0491781683054083
0.0491483686962467
0.0491178597557702
0.0490867126180120
0.0490550228927825
0.0490229227642237
0.0490260611019886
0.0490582416490181
0.0490900114763644
0.0491212382839748
0.0491518263438209
0.0491817044035789
0.0492108191401812
0.0492391310090818
0.0492666113638464
0.0492932403378386
0.0493190052226234
0.0493438991899129
0.0493679202620590
0.0493910704687143
0.0494133551469852
0.0494347823545381
0.0494553623733905
0.0494751072876696
0.0494940306223153
0.0495121470327447
0.0495294720373458
0.0495460217863311
0.0495618128616443
0.0495768621035102
0.0495911864598740
0.0496048028561668
0.0496177280814106
0.0496299786902674
0.0496415709177220
0.0496525206052491
0.0496628431370124
0.0496725533847276
0.0496816656602081
0.0496901936745055
0.0496981505029441
0.0497055485551579
0.0497123995495987
0.0497187144918540
0.0497245036563159
0.0497297765707295
0.0497345420032448
0.0497388079516006
0.0497425816341617
0.0497458694825311
0.0497486771355373
0.0497510094343410
0.0497528704185571
0.0497542633232366
0.0497551905765480
0.0497556537981594
0.0497556537981592
0.0497551905765480
0.0497542633232366
0.0497528704185572
0.0497510094343410
0.0497486771355373
0.0497458694825311
0.0497425816341617
0.0497388079516006
0.0497345420032448
0.0497297765707294
0.0497245036563159
0.0497187144918540
0.0497123995495986
0.0497055485551579
0.0496981505029441
0.0496901936745055
0.0496816656602081
0.0496725533847276
0.0496628431370124
0.0496525206052491
0.0496415709177219
0.0496299786902674
0.0496177280814106
0.0496048028561668
0.0495911864598739
0.0495768621035102
0.0495618128616443
0.0495460217863311
0.0495294720373458
0.0495121470327447
0.0494940306223153
0.0494751072876697
0.0494553623733904
0.0494347823545381
0.0494133551469852
0.0493910704687143
0.0493679202620590
0.0493438991899129
0.0493190052226234
0.0492932403378386
0.0492666113638464
0.0492391310090818
0.0492108191401812
0.0491817044035789
0.0491518263438209
0.0491212382839746
0.0490900114763644
0.0490582416490181
0.0490260611019886
0.0490289000825540
0.0490611530388025
0.0490929949916810
0.0491242935383140
0.0491549528456846
0.0491849015563050
0.0492140862431177
0.0492424672597990
0.0492700158611822
0.0492967120856475
0.0493225431341237
0.0493475020924879
0.0493715869024536
0.0493947995185518
0.0494171452084643
0.0494386319662772
0.0494592700163453
0.0494790713910135
0.0494980495692889
0.0495162191663632
0.0495335956659154
0.0495501951887902
0.0495660342926309
0.0495811297981436
0.0495954986382394
0.0496091577274817
0.0496221238478427
0.0496344135504194
0.0496460430697369
0.0496570282496311
0.0496673844790237
0.0496771266365071
0.0496862690425187
0.0496948254181967
0.0497028088500800
0.0497102317598759
0.0497171058786722
0.0497234422250206
0.0497292510863360
0.0497345420032448
0.0497393237564180
0.0497436043555644
0.0497473910303060
0.0497506902226287
0.0497535075807388
0.0497558479540572
0.0497577153892325
0.0497591131270285
0.0497600435999793
0.0497605084306731
0.0497605084306731
0.0497600435999793
0.0497591131270285
0.0497577153892325
0.0497558479540572
0.0497535075807389
0.0497506902226287
0.0497473910303060
0.0497436043555644
0.0497393237564180
0.0497345420032448
0.0497292510863360
0.0497234422250205
0.0497171058786722
0.0497102317598759
0.0497028088500800
0.0496948254181967
0.0496862690425187
0.0496771266365071
0.0496673844790237
0.0496570282496311
0.0496460430697369
0.0496344135504194
0.0496221238478427
0.0496091577274817
0.0495954986382394
0.0495811297981437
0.0495660342926309
0.0495501951887902
0.0495335956659154
0.0495162191663632
0.0494980495692889
0.0494790713910135
0.0494592700163453
0.0494386319662772
0.0494171452084643
0.0493947995185518
0.0493715869024537
0.0493475020924880
0.0493225431341237
0.0492967120856475
0.0492700158611821
0.0492424672597990
0.0492140862431177
0.0491849015563050
0.0491549528456846
0.0491242935383139
0.0490929949916810
0.0490611530388025
0.0490289000825540
0.0490314436945630
0.0490637612532858
0.0490956675564412
0.0491270301106407
0.0491577529903548
0.0491877647453461
0.0492170118567650
0.0492454545883474
0.0492730641075980
0.0492998203687791
0.0493257104924430
0.0493507274882402
0.0493748692261691
0.0493981375938109
0.0494205377968707
0.0494420777725367
0.0494627676934248
0.0494826195453026
0.0495016467657027
0.0495198639333492
0.0495372865003322
0.0495539305605763
0.0495698126492966
0.0495849495689982
0.0495993582383811
0.0496130555614705
0.0496260583131216
0.0496383830404079
0.0496500459766599
0.0496610629669803
0.0496714494037813
0.0496812201710271
0.0496903895961413
0.0496989714085692
0.0497069787042149
0.0497144239149482
0.0497213187825656
0.0497276743366555
0.0497335008757765
0.0497388079516002
0.0497436043555644
0.0497478981076987
0.0497516964473474
0.0497550058254730
0.0497578318984135
0.0497601795227361
0.0497620527511946
0.0497634548295302
0.0497643881940506
0.0497648544698854
0.0497648544698854
0.0497643881940507
0.0497634548295302
0.0497620527511946
0.0497601795227361
0.0497578318984135
0.0497550058254730
0.0497516964473474
0.0497478981076987
0.0497436043555644
0.0497388079516002
0.0497335008757765
0.0497276743366554
0.0497213187825656
0.0497144239149482
0.0497069787042149
0.0496989714085692
0.0496903895961413
0.0496812201710272
0.0496714494037815
0.0496610629669803
0.0496500459766599
0.0496383830404079
0.0496260583131216
0.0496130555614705
0.0495993582383811
0.0495849495689982
0.0495698126492966
0.0495539305605763
0.0495372865003322
0.0495198639333492
0.0495016467657027
0.0494826195453026
0.0494627676934248
0.0494420777725367
0.0494205377968707
0.0493981375938111
0.0493748692261691
0.0493507274882401
0.0493257104924430
0.0492998203687791
0.0492730641075980
0.0492454545883474
0.0492170118567650
0.0491877647453461
0.0491577529903548
0.0491270301106407
0.0490956675564412
0.0490637612532857
0.0490314436945630
0.0490336955417471
0.0490660700769831
0.0490980331349027
0.0491294521432583
0.0491602310958278
0.0491902984614122
0.0492196006409705
0.0492480978196084
0.0492757610883878
0.0493025703278826
0.0493285125881468
0.0493535808118851
0.0493777728060290
0.0494010903991824
0.0494235387423597
0.0494451257224441
0.0494658614662108
0.0494857579180435
0.0495048284785235
0.0495230876937724
0.0495405509875201
0.0495572344294146
0.0495731545342964
0.0495883280880009
0.0496027719960744
0.0496165031525884
0.0496295383254654
0.0496418940575939
0.0496535865805823
0.0496646317400396
0.0496750449308280
0.0496848410410628
0.0496940344037540
0.0497026387551370
0.0497106671988572
0.0497181321752612
0.0497250454351527
0.0497314180174214
0.0497372602300689
0.0497425816341617
0.0497473910303060
0.0497516964473474
0.0497555051329332
0.0497588235457459
0.0497616573490656
0.0497640114056185
0.0497658897733902
0.0497672957024039
0.0497682316322123
0.0497686991901447
0.0497686991901447
0.0497682316322124
0.0497672957024039
0.0497658897733902
0.0497640114056185
0.0497616573490656
0.0497588235457459
0.0497555051329332
0.0497516964473474
0.0497473910303060
0.0497425816341617
0.0497372602300689
0.0497314180174214
0.0497250454351527
0.0497181321752612
0.0497106671988572
0.0497026387551370
0.0496940344037540
0.0496848410410628
0.0496750449308280
0.0496646317400396
0.0496535865805823
0.0496418940575939
0.0496295383254654
0.0496165031525884
0.0496027719960747
0.0495883280880009
0.0495731545342964
0.0495572344294146
0.0495405509875201
0.0495230876937724
0.0495048284785235
0.0494857579180435
0.0494658614662108
0.0494451257224441
0.0494235387423597
0.0494010903991824
0.0493777728060290
0.0493535808118851
0.0493285125881468
0.0493025703278826
0.0492757610883878
0.0492480978196084
0.0492196006409705
0.0491902984614122
0.0491602310958278
0.0491294521432583
0.0490980331349027
0.0490660700769830
0.0490336955417472
0.0490356588380749
0.0490680828833754
0.0491000952591955
0.0491315633254616
0.0491623910065208
0.0491925067014798
0.0492218567421798
0.0492504012459273
0.0492781112378125
0.0493049665347609
0.0493309541258515
0.0493560668958456
0.0493803025970106
0.0494036630067631
0.0494261532285778
0.0494477811055357
0.0494685567244212
0.0494884919934320
0.0495076002807625
0.0495258961038760
0.0495433948614775
0.0495601126017142
0.0495760658212776
0.0495912712909810
0.0496057459046681
0.0496195065470535
0.0496325699796184
0.0496449527411029
0.0496566710611372
0.0496677407852756
0.0496781773100435
0.0496879955267046
0.0496972097726850
0.0497058337897019
0.0497138806877287
0.0497213629141137
0.0497282922271214
0.0497346796734194
0.0497405355689047
0.0497458694825311
0.0497506902226287
0.0497550058254731
0.0497588235457459
0.0497621498486228
0.0497649904032927
0.0497673500776860
0.0497692329342421
0.0497706422266087
0.0497715803971023
0.0497720490749052
0.0497720490749051
0.0497715803971023
0.0497706422266087
0.0497692329342421
0.0497673500776861
0.0497649904032927
0.0497621498486228
0.0497588235457459
0.0497550058254731
0.0497506902226287
0.0497458694825311
0.0497405355689047
0.0497346796734194
0.0497282922271214
0.0497213629141137
0.0497138806877287
0.0497058337897019
0.0496972097726850
0.0496879955267046
0.0496781773100435
0.0496677407852755
0.0496566710611374
0.0496449527411029
0.0496325699796184
0.0496195065470535
0.0496057459046681
0.0495912712909810
0.0495760658212776
0.0495601126017142
0.0495433948614775
0.0495258961038760
0.0495076002807626
0.0494884919934321
0.0494685567244212
0.0494477811055357
0.0494261532285778
0.0494036630067631
0.0493803025970107
0.0493560668958454
0.0493309541258515
0.0493049665347609
0.0492781112378125
0.0492504012459273
0.0492218567421797
0.0491925067014798
0.0491623910065208
0.0491315633254616
0.0491000952591953
0.0490680828833754
0.0490356588380749
0.0490373364036946
0.0490698026313068
0.0491018570260698
0.0491333668906713
0.0491642360908024
0.0491943929666430
0.0492237837915967
0.0492523686255727
0.0492801184377944
0.0493070129912297
0.0493330392232331
0.0493581899693652
0.0493824629354218
0.0494058598552609
0.0494283857918377
0.0494500485508611
0.0494708581849189
0.0494908265712282
0.0495099670501861
0.0495282941146035
0.0495458231415871
0.0495625701606575
0.0495785516527283
0.0495937843755400
0.0496082852124183
0.0496220710399368
0.0496351586136479
0.0496475644684044
0.0496593048317736
0.0496703955489151
0.0496808520174200
0.0496906891308894
0.0496999212301997
0.0497085620614176
0.0497166247396255
0.0497241217178435
0.0497310647604505
0.0497374649204861
0.0497433325203616
0.0497486771355373
0.0497535075807389
0.0497578318984135
0.0497616573490656
0.0497649904032927
0.0497678367351902
0.0497702012170355
0.0497720879149735
0.0497735000856684
0.0497744401737549
0.0497749098099682
0.0497749098099682
0.0497744401737550
0.0497735000856684
0.0497720879149736
0.0497702012170355
0.0497678367351902
0.0497649904032927
0.0497616573490655
0.0497578318984135
0.0497535075807388
0.0497486771355373
0.0497433325203616
0.0497374649204861
0.0497310647604505
0.0497241217178435
0.0497166247396255
0.0497085620614176
0.0496999212301997
0.0496906891308894
0.0496808520174201
0.0496703955489151
0.0496593048317736
0.0496475644684044
0.0496351586136479
0.0496220710399368
0.0496082852124185
0.0495937843755400
0.0495785516527283
0.0495625701606576
0.0495458231415871
0.0495282941146036
0.0495099670501861
0.0494908265712282
0.0494708581849189
0.0494500485508611
0.0494283857918378
0.0494058598552609
0.0493824629354218
0.0493581899693652
0.0493330392232331
0.0493070129912297
0.0492801184377946
0.0492523686255726
0.0492237837915967
0.0491943929666430
0.0491642360908024
0.0491333668906713
0.0491018570260697
0.0490698026313068
0.0490373364036946
0.0490387306615798
0.0490712318619511
0.0491033210942755
0.0491348656141479
0.0491657692389895
0.0491959602604483
0.0492253849037733
0.0492540031815518
0.0492817860169278
0.0493087131283221
0.0493347714103693
0.0493599536579489
0.0493842575383993
0.0494076847495066
0.0494302403206287
0.0494519320264407
0.0494727698911114
0.0494927657660586
0.0495119329684921
0.0495302859706138
0.0495478401314447
0.0495646114648529
0.0495806164384453
0.0495958717988821
0.0496103944205239
0.0496242011729401
0.0496373088065209
0.0496497338526247
0.0496614925368687
0.0496726007038235
0.0496830737517191
0.0496929265758682
0.0497021735197609
0.0497108283328659
0.0497189041342905
0.0497264133815631
0.0497333678439437
0.0497397785795874
0.0497456559161477
0.0497510094343410
0.0497558479540572
0.0497601795227361
0.0497640114056185
0.0497673500776860
0.0497702012170353
0.0497725696994651
0.0497744595941402
0.0497758741601936
0.0497768158441260
0.0497772862779422
0.0497772862779422
0.0497768158441260
0.0497758741601936
0.0497744595941402
0.0497725696994651
0.0497702012170355
0.0497673500776860
0.0497640114056185
0.0497601795227361
0.0497558479540572
0.0497510094343410
0.0497456559161477
0.0497397785795874
0.0497333678439438
0.0497264133815631
0.0497189041342905
0.0497108283328659
0.0497021735197609
0.0496929265758682
0.0496830737517191
0.0496726007038234
0.0496614925368687
0.0496497338526247
0.0496373088065209
0.0496242011729401
0.0496103944205239
0.0495958717988821
0.0495806164384453
0.0495646114648529
0.0495478401314447
0.0495302859706137
0.0495119329684921
0.0494927657660586
0.0494727698911114
0.0494519320264407
0.0494302403206287
0.0494076847495066
0.0493842575383993
0.0493599536579489
0.0493347714103693
0.0493087131283221
0.0492817860169278
0.0492540031815518
0.0492253849037733
0.0491959602604483
0.0491657692389895
0.0491348656141479
0.0491033210942755
0.0490712318619511
0.0490387306615798
0.0490398436347813
0.0490723726963904
0.0491044896824064
0.0491360618111458
0.0491669928618033
0.0491972110875732
0.0492266626755333
0.0492553076007495
0.0492831167498062
0.0493100698057600
0.0493361536293205
0.0493613609830271
0.0493856895036389
0.0494091408602190
0.0494317200553665
0.0494534348390036
0.0494742952126112
0.0494943130069810
0.0495135015207719
0.0495318752096513
0.0495494494181127
0.0495662401474202
0.0495822638544321
0.0495975372768303
0.0496120772816755
0.0496259007327892
0.0496390243762837
0.0496514647405695
0.0496632380495315
0.0496743601471267
0.0496848464319233
0.0496947118004413
0.0497039705981151
0.0497126365769705
0.0497207228591774
0.0497282419057518
0.0497352054897070
0.0497416246731632
0.0497475097878463
0.0497528704185571
0.0497577153892325
0.0497620527511945
0.0497658897733903
0.0497692329342421
0.0497720879149736
0.0497744595941402
0.0497763520432809
0.0497777685234562
0.0497787114826398
0.0497791825538336
0.0497791825538336
0.0497787114826398
0.0497777685234563
0.0497763520432808
0.0497744595941402
0.0497720879149736
0.0497692329342421
0.0497658897733904
0.0497620527511946
0.0497577153892325
0.0497528704185571
0.0497475097878463
0.0497416246731632
0.0497352054897070
0.0497282419057518
0.0497207228591773
0.0497126365769705
0.0497039705981151
0.0496947118004413
0.0496848464319233
0.0496743601471267
0.0496632380495315
0.0496514647405695
0.0496390243762836
0.0496259007327892
0.0496120772816754
0.0495975372768303
0.0495822638544321
0.0495662401474202
0.0495494494181127
0.0495318752096514
0.0495135015207719
0.0494943130069810
0.0494742952126112
0.0494534348390036
0.0494317200553665
0.0494091408602190
0.0493856895036389
0.0493613609830271
0.0493361536293205
0.0493100698057600
0.0492831167498062
0.0492553076007496
0.0492266626755333
0.0491972110875732
0.0491669928618033
0.0491360618111458
0.0491044896824063
0.0490723726963904
0.0490398436347813
0.0490406769442350
0.0490732268336847
0.0491053645672292
0.0491369573354686
0.0491679088891407
0.0491981474528218
0.0492276191851671
0.0492562840332940
0.0492841128565367
0.0493110853116020
0.0493371882338836
0.0493624143618013
0.0493867613092727
0.0494102307239147
0.0494328275883104
0.0494545596338764
0.0494754368450963
0.0494954710373073
0.0495146754952430
0.0495330646621540
0.0495506538716013
0.0495674591153535
0.0495834968421480
0.0495987837828622
0.0496133367990106
0.0496271727500226
0.0496403083787099
0.0496527602111882
0.0496645444699628
0.0496756769984141
0.0496861731952827
0.0496960479579005
0.0497053156330613
0.0497139899746260
0.0497220841069844
0.0497296104936613
0.0497365809104213
0.0497430064222813
0.0497488973639500
0.0497542633232366
0.0497591131270285
0.0497634548295302
0.0497672957024039
0.0497706422266087
0.0497735000856684
0.0497758741601936
0.0497777685234563
0.0497791864379477
0.0497801303527323
0.0497806019015408
0.0497806019015408
0.0497801303527323
0.0497791864379477
0.0497777685234563
0.0497758741601935
0.0497735000856684
0.0497706422266087
0.0497672957024039
0.0497634548295302
0.0497591131270283
0.0497542633232367
0.0497488973639500
0.0497430064222812
0.0497365809104213
0.0497296104936613
0.0497220841069844
0.0497139899746260
0.0497053156330613
0.0496960479579005
0.0496861731952827
0.0496756769984141
0.0496645444699628
0.0496527602111882
0.0496403083787099
0.0496271727500226
0.0496133367990105
0.0495987837828624
0.0495834968421480
0.0495674591153535
0.0495506538716013
0.0495330646621540
0.0495146754952431
0.0494954710373073
0.0494754368450962
0.0494545596338764
0.0494328275883104
0.0494102307239147
0.0493867613092727
0.0493624143618013
0.0493371882338836
0.0493110853116020
0.0492841128565366
0.0492562840332936
0.0492276191851671
0.0491981474528218
0.0491679088891407
0.0491369573354687
0.0491053645672290
0.0490732268336847
0.0490406769442350
0.0490412318070652
0.0490737955493684
0.0491059470823939
0.0491375535783716
0.0491685187691725
0.0491987708603990
0.0492282559918517
0.0492569340921136
0.0492847760024325
0.0493117613620184
0.0493378769894630
0.0493631156071631
0.0493874748138596
0.0494109562429089
0.0494335648635868
0.0494553083949875
0.0494761968102802
0.0494962419145048
0.0495154569831075
0.0495338564510556
0.0495514556446012
0.0495682705491592
0.0495843176080259
0.0495996135475213
0.0496141752254124
0.0496280194981728
0.0496411631063730
0.0496536225745512
0.0496654141242452
0.0496765535984186
0.0496870563958766
0.0496969374144449
0.0497062110017870
0.0497148909129430
0.0497229902737340
0.0497305215493297
0.0497374965172817
0.0497439262445082
0.0497498210676740
0.0497551905765479
0.0497600435999793
0.0497643881940506
0.0497682316322124
0.0497715803971022
0.0497744401737549
0.0497768158441260
0.0497787114826400
0.0497801303527323
0.0497810749041794
0.0497815467711981
0.0497815467711981
0.0497810749041794
0.0497801303527323
0.0497787114826398
0.0497768158441260
0.0497744401737550
0.0497715803971022
0.0497682316322124
0.0497643881940506
0.0497600435999793
0.0497551905765480
0.0497498210676740
0.0497439262445082
0.0497374965172817
0.0497305215493297
0.0497229902737340
0.0497148909129430
0.0497062110017870
0.0496969374144449
0.0496870563958766
0.0496765535984188
0.0496654141242452
0.0496536225745512
0.0496411631063730
0.0496280194981728
0.0496141752254124
0.0495996135475213
0.0495843176080259
0.0495682705491592
0.0495514556446014
0.0495338564510556
0.0495154569831073
0.0494962419145049
0.0494761968102803
0.0494553083949874
0.0494335648635868
0.0494109562429089
0.0493874748138596
0.0493631156071631
0.0493378769894630
0.0493117613620184
0.0492847760024325
0.0492569340921136
0.0492282559918517
0.0491987708603990
0.0491685187691725
0.0491375535783716
0.0491059470823939
0.0490737955493684
0.0490412318070652
0.0490415090353584
0.0490740796943863
0.0491062381175022
0.0491378514677798
0.0491688234676917
0.0491990823133800
0.0492285741352500
0.0492572588526419
0.0492851072977906
0.0493120991011774
0.0493382210730129
0.0493634659277018
0.0493878312564091
0.0494113186853728
0.0494339331772269
0.0494556824449068
0.0494765764559355
0.0494966270102020
0.0495158473785059
0.0495342519916721
0.0495518561722936
0.0495686759026054
0.0495847276231719
0.0496000280580212
0.0496145940630425
0.0496284424932146
0.0496415900879809
0.0496540533710731
0.0496658485635381
0.0496769915081106
0.0496874976036187
0.0496973817481247
0.0497066582897068
0.0497153409839843
0.0497234429574907
0.0497309766761926
0.0497379539185335
0.0497443857523682
0.0497502825153245
0.0497556537981594
0.0497605084306734
0.0497648544698854
0.0497686991901447
0.0497720490749052
0.0497749098099682
0.0497772862779422
0.0497791825538337
0.0497806019015408
0.0497815467711980
0.0497820187972620
0.0497820187972620
0.0497815467711981
0.0497806019015408
0.0497791825538337
0.0497772862779422
0.0497749098099682
0.0497720490749052
0.0497686991901447
0.0497648544698854
0.0497605084306734
0.0497556537981594
0.0497502825153245
0.0497443857523682
0.0497379539185335
0.0497309766761926
0.0497234429574907
0.0497153409839843
0.0497066582897068
0.0496973817481246
0.0496874976036187
0.0496769915081105
0.0496658485635381
0.0496540533710731
0.0496415900879809
0.0496284424932146
0.0496145940630425
0.0496000280580212
0.0495847276231719
0.0495686759026054
0.0495518561722936
0.0495342519916721
0.0495158473785059
0.0494966270102020
0.0494765764559355
0.0494556824449068
0.0494339331772269
0.0494113186853728
0.0493878312564091
0.0493634659277017
0.0493382210730129
0.0493120991011774
0.0492851072977906
0.0492572588526419
0.0492285741352500
0.0491990823133800
0.0491688234676917
0.0491378514677798
0.0491062381175022
0.0490740796943863
0.0490415090353584
0.0490415090353586
0.0490740796943863
0.0491062381175023
0.0491378514677794
0.0491688234676917
0.0491990823133800
0.0492285741352502
0.0492572588526420
0.0492851072977906
0.0493120991011775
0.0493382210730129
0.0493634659277017
0.0493878312564090
0.0494113186853728
0.0494339331772269
0.0494556824449068
0.0494765764559355
0.0494966270102020
0.0495158473785059
0.0495342519916721
0.0495518561722939
0.0495686759026054
0.0495847276231720
0.0496000280580212
0.0496145940630425
0.0496284424932146
0.0496415900879809
0.0496540533710731
0.0496658485635381
0.0496769915081106
0.0496874976036187
0.0496973817481246
0.0497066582897067
0.0497153409839844
0.0497234429574907
0.0497309766761925
0.0497379539185335
0.0497443857523683
0.0497502825153245
0.0497556537981594
0.0497605084306732
0.0497648544698854
0.0497686991901447
0.0497720490749052
0.0497749098099682
0.0497772862779421
0.0497791825538337
0.0497806019015408
0.0497815467711981
0.0497820187972620
0.0497820187972620
0.0497815467711981
0.0497806019015408
0.0497791825538337
0.0497772862779422
0.0497749098099682
0.0497720490749052
0.0497686991901447
0.0497648544698854
0.0497605084306732
0.0497556537981594
0.0497502825153245
0.0497443857523683
0.0497379539185335
0.0497309766761925
0.0497234429574907
0.0497153409839844
0.0497066582897067
0.0496973817481246
0.0496874976036187
0.0496769915081105
0.0496658485635381
0.0496540533710731
0.0496415900879809
0.0496284424932146
0.0496145940630425
0.0496000280580212
0.0495847276231720
0.0495686759026055
0.0495518561722939
0.0495342519916721
0.0495158473785059
0.0494966270102020
0.0494765764559355
0.0494556824449068
0.0494339331772269
0.0494113186853728
0.0493878312564091
0.0493634659277017
0.0493382210730129
0.0493120991011774
0.0492851072977906
0.0492572588526419
0.0492285741352500
0.0491990823133800
0.0491688234676917
0.0491378514677794
0.0491062381175023
0.0490740796943863
0.0490415090353586
0.0490412318070652
0.0490737955493684
0.0491059470823937
0.0491375535783716
0.0491685187691725
0.0491987708603990
0.0492282559918517
0.0492569340921136
0.0492847760024325
0.0493117613620184
0.0493378769894630
0.0493631156071631
0.0493874748138596
0.0494109562429089
0.0494335648635867
0.0494553083949874
0.0494761968102803
0.0494962419145049
0.0495154569831075
0.0495338564510556
0.0495514556446012
0.0495682705491592
0.0495843176080259
0.0495996135475213
0.0496141752254124
0.0496280194981728
0.0496411631063730
0.0496536225745512
0.0496654141242452
0.0496765535984188
0.0496870563958766
0.0496969374144448
0.0497062110017870
0.0497148909129430
0.0497229902737340
0.0497305215493297
0.0497374965172818
0.0497439262445081
0.0497498210676739
0.0497551905765480
0.0497600435999793
0.0497643881940506
0.0497682316322124
0.0497715803971023
0.0497744401737549
0.0497768158441261
0.0497787114826398
0.0497801303527323
0.0497810749041794
0.0497815467711981
0.0497815467711981
0.0497810749041794
0.0497801303527323
0.0497787114826398
0.0497768158441261
0.0497744401737549
0.0497715803971023
0.0497682316322124
0.0497643881940506
0.0497600435999793
0.0497551905765480
0.0497498210676740
0.0497439262445081
0.0497374965172818
0.0497305215493297
0.0497229902737340
0.0497148909129427
0.0497062110017870
0.0496969374144448
0.0496870563958766
0.0496765535984188
0.0496654141242452
0.0496536225745512
0.0496411631063730
0.0496280194981728
0.0496141752254124
0.0495996135475212
0.0495843176080259
0.0495682705491592
0.0495514556446012
0.0495338564510556
0.0495154569831073
0.0494962419145049
0.0494761968102803
0.0494553083949874
0.0494335648635867
0.0494109562429089
0.0493874748138596
0.0493631156071632
0.0493378769894630
0.0493117613620184
0.0492847760024325
0.0492569340921136
0.0492282559918517
0.0491987708603990
0.0491685187691725
0.0491375535783716
0.0491059470823939
0.0490737955493684
0.0490412318070652
0.0490406769442350
0.0490732268336846
0.0491053645672292
0.0491369573354686
0.0491679088891407
0.0491981474528216
0.0492276191851671
0.0492562840332937
0.0492841128565366
0.0493110853116020
0.0493371882338836
0.0493624143618013
0.0493867613092727
0.0494102307239147
0.0494328275883104
0.0494545596338764
0.0494754368450962
0.0494954710373072
0.0495146754952430
0.0495330646621540
0.0495506538716013
0.0495674591153535
0.0495834968421480
0.0495987837828624
0.0496133367990106
0.0496271727500226
0.0496403083787099
0.0496527602111882
0.0496645444699628
0.0496756769984141
0.0496861731952827
0.0496960479579005
0.0497053156330613
0.0497139899746261
0.0497220841069844
0.0497296104936613
0.0497365809104213
0.0497430064222813
0.0497488973639500
0.0497542633232366
0.0497591131270285
0.0497634548295302
0.0497672957024039
0.0497706422266087
0.0497735000856684
0.0497758741601936
0.0497777685234563
0.0497791864379477
0.0497801303527323
0.0497806019015408
0.0497806019015408
0.0497801303527323
0.0497791864379477
0.0497777685234563
0.0497758741601936
0.0497735000856684
0.0497706422266087
0.0497672957024039
0.0497634548295302
0.0497591131270285
0.0497542633232366
0.0497488973639499
0.0497430064222813
0.0497365809104213
0.0497296104936613
0.0497220841069843
0.0497139899746261
0.0497053156330613
0.0496960479579005
0.0496861731952827
0.0496756769984141
0.0496645444699628
0.0496527602111882
0.0496403083787099
0.0496271727500226
0.0496133367990106
0.0495987837828624
0.0495834968421480
0.0495674591153535
0.0495506538716013
0.0495330646621540
0.0495146754952430
0.0494954710373072
0.0494754368450962
0.0494545596338763
0.0494328275883104
0.0494102307239147
0.0493867613092727
0.0493624143618013
0.0493371882338836
0.0493110853116020
0.0492841128565366
0.0492562840332940
0.0492276191851671
0.0491981474528216
0.0491679088891407
0.0491369573354686
0.0491053645672292
0.0490732268336846
0.0490406769442351
0.0490398436347813
0.0490723726963904
0.0491044896824063
0.0491360618111458
0.0491669928618033
0.0491972110875732
0.0492266626755332
0.0492553076007496
0.0492831167498062
0.0493100698057600
0.0493361536293205
0.0493613609830271
0.0493856895036389
0.0494091408602190
0.0494317200553665
0.0494534348390036
0.0494742952126112
0.0494943130069810
0.0495135015207719
0.0495318752096513
0.0495494494181127
0.0495662401474202
0.0495822638544320
0.0495975372768303
0.0496120772816754
0.0496259007327892
0.0496390243762836
0.0496514647405695
0.0496632380495315
0.0496743601471267
0.0496848464319233
0.0496947118004415
0.0497039705981151
0.0497126365769705
0.0497207228591773
0.0497282419057517
0.0497352054897070
0.0497416246731632
0.0497475097878463
0.0497528704185571
0.0497577153892325
0.0497620527511945
0.0497658897733902
0.0497692329342421
0.0497720879149736
0.0497744595941403
0.0497763520432808
0.0497777685234563
0.0497787114826398
0.0497791825538336
0.0497791825538337
0.0497787114826398
0.0497777685234563
0.0497763520432808
0.0497744595941402
0.0497720879149736
0.0497692329342421
0.0497658897733902
0.0497620527511945
0.0497577153892325
0.0497528704185571
0.0497475097878463
0.0497416246731632
0.0497352054897070
0.0497282419057518
0.0497207228591773
0.0497126365769705
0.0497039705981151
0.0496947118004413
0.0496848464319233
0.0496743601471267
0.0496632380495315
0.0496514647405695
0.0496390243762836
0.0496259007327892
0.0496120772816754
0.0495975372768303
0.0495822638544320
0.0495662401474202
0.0495494494181127
0.0495318752096514
0.0495135015207719
0.0494943130069810
0.0494742952126112
0.0494534348390036
0.0494317200553665
0.0494091408602190
0.0493856895036389
0.0493613609830271
0.0493361536293205
0.0493100698057600
0.0492831167498062
0.0492553076007495
0.0492266626755332
0.0491972110875732
0.0491669928618033
0.0491360618111458
0.0491044896824063
0.0490723726963904
0.0490398436347813
0.0490387306615798
0.0490712318619511
0.0491033210942753
0.0491348656141479
0.0491657692389896
0.0491959602604482
0.0492253849037733
0.0492540031815518
0.0492817860169278
0.0493087131283221
0.0493347714103693
0.0493599536579489
0.0493842575383993
0.0494076847495066
0.0494302403206287
0.0494519320264407
0.0494727698911113
0.0494927657660586
0.0495119329684920
0.0495302859706138
0.0495478401314446
0.0495646114648529
0.0495806164384453
0.0495958717988821
0.0496103944205239
0.0496242011729402
0.0496373088065209
0.0496497338526247
0.0496614925368687
0.0496726007038234
0.0496830737517190
0.0496929265758682
0.0497021735197609
0.0497108283328659
0.0497189041342905
0.0497264133815631
0.0497333678439437
0.0497397785795874
0.0497456559161477
0.0497510094343410
0.0497558479540572
0.0497601795227362
0.0497640114056185
0.0497673500776860
0.0497702012170355
0.0497725696994651
0.0497744595941403
0.0497758741601936
0.0497768158441260
0.0497772862779422
0.0497772862779422
0.0497768158441260
0.0497758741601936
0.0497744595941403
0.0497725696994651
0.0497702012170355
0.0497673500776860
0.0497640114056185
0.0497601795227361
0.0497558479540572
0.0497510094343410
0.0497456559161477
0.0497397785795874
0.0497333678439437
0.0497264133815631
0.0497189041342905
0.0497108283328659
0.0497021735197609
0.0496929265758682
0.0496830737517190
0.0496726007038234
0.0496614925368687
0.0496497338526247
0.0496373088065209
0.0496242011729402
0.0496103944205239
0.0495958717988821
0.0495806164384453
0.0495646114648530
0.0495478401314446
0.0495302859706137
0.0495119329684920
0.0494927657660586
0.0494727698911112
0.0494519320264407
0.0494302403206287
0.0494076847495066
0.0493842575383993
0.0493599536579489
0.0493347714103693
0.0493087131283221
0.0492817860169278
0.0492540031815518
0.0492253849037733
0.0491959602604482
0.0491657692389896
0.0491348656141479
0.0491033210942753
0.0490712318619511
0.0490387306615797
0.0490373364036946
0.0490698026313068
0.0491018570260697
0.0491333668906713
0.0491642360908024
0.0491943929666430
0.0492237837915967
0.0492523686255726
0.0492801184377945
0.0493070129912297
0.0493330392232331
0.0493581899693652
0.0493824629354218
0.0494058598552610
0.0494283857918378
0.0494500485508611
0.0494708581849190
0.0494908265712282
0.0495099670501861
0.0495282941146035
0.0495458231415871
0.0495625701606576
0.0495785516527281
0.0495937843755401
0.0496082852124183
0.0496220710399368
0.0496351586136479
0.0496475644684044
0.0496593048317736
0.0496703955489150
0.0496808520174200
0.0496906891308894
0.0496999212301997
0.0497085620614176
0.0497166247396255
0.0497241217178435
0.0497310647604505
0.0497374649204861
0.0497433325203616
0.0497486771355373
0.0497535075807388
0.0497578318984136
0.0497616573490656
0.0497649904032927
0.0497678367351902
0.0497702012170355
0.0497720879149736
0.0497735000856684
0.0497744401737549
0.0497749098099682
0.0497749098099682
0.0497744401737549
0.0497735000856684
0.0497720879149736
0.0497702012170355
0.0497678367351901
0.0497649904032927
0.0497616573490655
0.0497578318984136
0.0497535075807388
0.0497486771355373
0.0497433325203616
0.0497374649204861
0.0497310647604505
0.0497241217178435
0.0497166247396255
0.0497085620614176
0.0496999212301997
0.0496906891308894
0.0496808520174200
0.0496703955489149
0.0496593048317737
0.0496475644684044
0.0496351586136479
0.0496220710399368
0.0496082852124183
0.0495937843755401
0.0495785516527281
0.0495625701606576
0.0495458231415871
0.0495282941146036
0.0495099670501861
0.0494908265712282
0.0494708581849188
0.0494500485508611
0.0494283857918378
0.0494058598552609
0.0493824629354218
0.0493581899693652
0.0493330392232331
0.0493070129912298
0.0492801184377945
0.0492523686255726
0.0492237837915967
0.0491943929666430
0.0491642360908024
0.0491333668906713
0.0491018570260697
0.0490698026313068
0.0490373364036947
0.0490356588380749
0.0490680828833754
0.0491000952591955
0.0491315633254615
0.0491623910065209
0.0491925067014797
0.0492218567421798
0.0492504012459273
0.0492781112378125
0.0493049665347609
0.0493309541258516
0.0493560668958456
0.0493803025970108
0.0494036630067631
0.0494261532285778
0.0494477811055357
0.0494685567244213
0.0494884919934321
0.0495076002807626
0.0495258961038760
0.0495433948614775
0.0495601126017143
0.0495760658212776
0.0495912712909810
0.0496057459046681
0.0496195065470535
0.0496325699796187
0.0496449527411030
0.0496566710611374
0.0496677407852756
0.0496781773100435
0.0496879955267046
0.0496972097726850
0.0497058337897019
0.0497138806877287
0.0497213629141137
0.0497282922271214
0.0497346796734194
0.0497405355689047
0.0497458694825311
0.0497506902226287
0.0497550058254730
0.0497588235457459
0.0497621498486228
0.0497649904032927
0.0497673500776860
0.0497692329342421
0.0497706422266087
0.0497715803971022
0.0497720490749052
0.0497720490749052
0.0497715803971022
0.0497706422266087
0.0497692329342421
0.0497673500776860
0.0497649904032927
0.0497621498486228
0.0497588235457459
0.0497550058254730
0.0497506902226287
0.0497458694825311
0.0497405355689047
0.0497346796734194
0.0497282922271214
0.0497213629141137
0.0497138806877287
0.0497058337897020
0.0496972097726851
0.0496879955267046
0.0496781773100435
0.0496677407852755
0.0496566710611374
0.0496449527411030
0.0496325699796187
0.0496195065470535
0.0496057459046682
0.0495912712909810
0.0495760658212776
0.0495601126017142
0.0495433948614775
0.0495258961038760
0.0495076002807626
0.0494884919934321
0.0494685567244213
0.0494477811055357
0.0494261532285778
0.0494036630067631
0.0493803025970108
0.0493560668958456
0.0493309541258515
0.0493049665347610
0.0492781112378125
0.0492504012459273
0.0492218567421798
0.0491925067014797
0.0491623910065209
0.0491315633254615
0.0491000952591954
0.0490680828833754
0.0490356588380749
0.0490336955417471
0.0490660700769830
0.0490980331349027
0.0491294521432583
0.0491602310958278
0.0491902984614121
0.0492196006409705
0.0492480978196084
0.0492757610883878
0.0493025703278823
0.0493285125881468
0.0493535808118851
0.0493777728060290
0.0494010903991824
0.0494235387423597
0.0494451257224439
0.0494658614662108
0.0494857579180435
0.0495048284785235
0.0495230876937724
0.0495405509875202
0.0495572344294145
0.0495731545342964
0.0495883280880009
0.0496027719960746
0.0496165031525884
0.0496295383254654
0.0496418940575939
0.0496535865805823
0.0496646317400396
0.0496750449308280
0.0496848410410628
0.0496940344037539
0.0497026387551369
0.0497106671988572
0.0497181321752611
0.0497250454351527
0.0497314180174214
0.0497372602300689
0.0497425816341616
0.0497473910303060
0.0497516964473474
0.0497555051329333
0.0497588235457459
0.0497616573490656
0.0497640114056185
0.0497658897733903
0.0497672957024039
0.0497682316322124
0.0497686991901447
0.0497686991901447
0.0497682316322124
0.0497672957024039
0.0497658897733903
0.0497640114056185
0.0497616573490655
0.0497588235457460
0.0497555051329332
0.0497516964473474
0.0497473910303060
0.0497425816341617
0.0497372602300689
0.0497314180174214
0.0497250454351527
0.0497181321752612
0.0497106671988572
0.0497026387551369
0.0496940344037539
0.0496848410410628
0.0496750449308280
0.0496646317400396
0.0496535865805823
0.0496418940575939
0.0496295383254654
0.0496165031525884
0.0496027719960745
0.0495883280880009
0.0495731545342964
0.0495572344294145
0.0495405509875201
0.0495230876937724
0.0495048284785235
0.0494857579180435
0.0494658614662108
0.0494451257224439
0.0494235387423597
0.0494010903991824
0.0493777728060290
0.0493535808118851
0.0493285125881468
0.0493025703278823
0.0492757610883876
0.0492480978196084
0.0492196006409705
0.0491902984614122
0.0491602310958278
0.0491294521432583
0.0490980331349027
0.0490660700769830
0.0490336955417471
0.0490314436945630
0.0490637612532859
0.0490956675564412
0.0491270301106407
0.0491577529903548
0.0491877647453461
0.0492170118567650
0.0492454545883473
0.0492730641075980
0.0492998203687791
0.0493257104924430
0.0493507274882402
0.0493748692261691
0.0493981375938111
0.0494205377968707
0.0494420777725367
0.0494627676934248
0.0494826195453026
0.0495016467657027
0.0495198639333492
0.0495372865003322
0.0495539305605763
0.0495698126492967
0.0495849495689983
0.0495993582383811
0.0496130555614707
0.0496260583131218
0.0496383830404079
0.0496500459766599
0.0496610629669804
0.0496714494037814
0.0496812201710271
0.0496903895961412
0.0496989714085692
0.0497069787042149
0.0497144239149481
0.0497213187825656
0.0497276743366555
0.0497335008757765
0.0497388079516006
0.0497436043555644
0.0497478981076987
0.0497516964473474
0.0497550058254732
0.0497578318984135
0.0497601795227361
0.0497620527511946
0.0497634548295302
0.0497643881940506
0.0497648544698854
0.0497648544698854
0.0497643881940506
0.0497634548295302
0.0497620527511946
0.0497601795227362
0.0497578318984135
0.0497550058254730
0.0497516964473474
0.0497478981076987
0.0497436043555644
0.0497388079516006
0.0497335008757765
0.0497276743366554
0.0497213187825656
0.0497144239149482
0.0497069787042149
0.0496989714085692
0.0496903895961413
0.0496812201710272
0.0496714494037814
0.0496610629669804
0.0496500459766599
0.0496383830404079
0.0496260583131216
0.0496130555614707
0.0495993582383811
0.0495849495689982
0.0495698126492966
0.0495539305605763
0.0495372865003322
0.0495198639333492
0.0495016467657027
0.0494826195453026
0.0494627676934248
0.0494420777725367
0.0494205377968707
0.0493981375938111
0.0493748692261691
0.0493507274882401
0.0493257104924430
0.0492998203687791
0.0492730641075980
0.0492454545883473
0.0492170118567650
0.0491877647453461
0.0491577529903548
0.0491270301106407
0.0490956675564412
0.0490637612532859
0.0490314436945630
0.0490289000825541
0.0490611530388025
0.0490929949916807
0.0491242935383139
0.0491549528456846
0.0491849015563050
0.0492140862431176
0.0492424672597989
0.0492700158611821
0.0492967120856475
0.0493225431341237
0.0493475020924878
0.0493715869024536
0.0493947995185518
0.0494171452084643
0.0494386319662772
0.0494592700163453
0.0494790713910135
0.0494980495692889
0.0495162191663633
0.0495335956659156
0.0495501951887902
0.0495660342926309
0.0495811297981436
0.0495954986382394
0.0496091577274817
0.0496221238478427
0.0496344135504194
0.0496460430697370
0.0496570282496312
0.0496673844790237
0.0496771266365071
0.0496862690425187
0.0496948254181967
0.0497028088500800
0.0497102317598759
0.0497171058786722
0.0497234422250206
0.0497292510863360
0.0497345420032448
0.0497393237564179
0.0497436043555644
0.0497473910303060
0.0497506902226287
0.0497535075807388
0.0497558479540572
0.0497577153892325
0.0497591131270285
0.0497600435999793
0.0497605084306734
0.0497605084306731
0.0497600435999793
0.0497591131270285
0.0497577153892325
0.0497558479540572
0.0497535075807388
0.0497506902226287
0.0497473910303060
0.0497436043555644
0.0497393237564180
0.0497345420032448
0.0497292510863361
0.0497234422250206
0.0497171058786722
0.0497102317598759
0.0497028088500800
0.0496948254181967
0.0496862690425187
0.0496771266365071
0.0496673844790237
0.0496570282496312
0.0496460430697369
0.0496344135504194
0.0496221238478427
0.0496091577274816
0.0495954986382394
0.0495811297981436
0.0495660342926309
0.0495501951887902
0.0495335956659156
0.0495162191663633
0.0494980495692889
0.0494790713910135
0.0494592700163453
0.0494386319662772
0.0494171452084643
0.0493947995185518
0.0493715869024536
0.0493475020924879
0.0493225431341237
0.0492967120856475
0.0492700158611821
0.0492424672597989
0.0492140862431177
0.0491849015563050
0.0491549528456846
0.0491242935383139
0.0490929949916807
0.0490611530388025
0.0490289000825541
0.0490260611019886
0.0490582416490181
0.0490900114763645
0.0491212382839746
0.0491518263438209
0.0491817044035790
0.0492108191401812
0.0492391310090818
0.0492666113638464
0.0492932403378386
0.0493190052226234
0.0493438991899129
0.0493679202620590
0.0493910704687143
0.0494133551469852
0.0494347823545382
0.0494553623733905
0.0494751072876698
0.0494940306223153
0.0495121470327447
0.0495294720373458
0.0495460217863311
0.0495618128616445
0.0495768621035102
0.0495911864598740
0.0496048028561668
0.0496177280814106
0.0496299786902674
0.0496415709177219
0.0496525206052492
0.0496628431370124
0.0496725533847276
0.0496816656602081
0.0496901936745055
0.0496981505029441
0.0497055485551578
0.0497123995495987
0.0497187144918539
0.0497245036563159
0.0497297765707295
0.0497345420032448
0.0497388079516006
0.0497425816341617
0.0497458694825311
0.0497486771355373
0.0497510094343410
0.0497528704185571
0.0497542633232366
0.0497551905765479
0.0497556537981593
0.0497556537981594
0.0497551905765480
0.0497542633232367
0.0497528704185571
0.0497510094343410
0.0497486771355373
0.0497458694825311
0.0497425816341617
0.0497388079516006
0.0497345420032448
0.0497297765707295
0.0497245036563159
0.0497187144918539
0.0497123995495987
0.0497055485551579
0.0496981505029441
0.0496901936745055
0.0496816656602081
0.0496725533847276
0.0496628431370124
0.0496525206052490
0.0496415709177219
0.0496299786902674
0.0496177280814106
0.0496048028561668
0.0495911864598739
0.0495768621035102
0.0495618128616445
0.0495460217863311
0.0495294720373458
0.0495121470327447
0.0494940306223153
0.0494751072876696
0.0494553623733904
0.0494347823545381
0.0494133551469852
0.0493910704687143
0.0493679202620590
0.0493438991899129
0.0493190052226234
0.0492932403378386
0.0492666113638464
0.0492391310090818
0.0492108191401812
0.0491817044035789
0.0491518263438209
0.0491212382839746
0.0490900114763645
0.0490582416490181
0.0490260611019886
0.0490229227642236
0.0490550228927825
0.0490867126180120
0.0491178597557702
0.0491483686962467
0.0491781683054083
0.0492072053770377
0.0492354404808324
0.0492628450810560
0.0492893994174235
0.0493150908828432
0.0493399127448328
0.0493638631155803
0.0493869441082897
0.0494091611370838
0.0494305223299816
0.0494510380326457
0.0494707203861329
0.0494895829657238
0.0495076404707090
0.0495249084571076
0.0495414031067656
0.0495571410275810
0.0495721390803533
0.0495864142285901
0.0495999834086532
0.0496128634162466
0.0496250708088465
0.0496366218207951
0.0496475322898740
0.0496578175938756
0.0496674925958597
0.0496765715970665
0.0496850682964221
0.0496929957559101
0.0497003663709310
0.0497071918451272
0.0497134831689846
0.0497192506017659
0.0497245036563159
0.0497292510863361
0.0497335008757765
0.0497372602300689
0.0497405355689047
0.0497433325203616
0.0497456559161475
0.0497475097878463
0.0497488973639500
0.0497498210676740
0.0497502825153245
0.0497502825153245
0.0497498210676739
0.0497488973639500
0.0497475097878463
0.0497456559161475
0.0497433325203616
0.0497405355689047
0.0497372602300689
0.0497335008757765
0.0497292510863360
0.0497245036563159
0.0497192506017660
0.0497134831689846
0.0497071918451272
0.0497003663709310
0.0496929957559101
0.0496850682964221
0.0496765715970665
0.0496674925958599
0.0496578175938756
0.0496475322898741
0.0496366218207951
0.0496250708088465
0.0496128634162466
0.0495999834086532
0.0495864142285900
0.0495721390803533
0.0495571410275810
0.0495414031067656
0.0495249084571075
0.0495076404707090
0.0494895829657238
0.0494707203861329
0.0494510380326457
0.0494305223299816
0.0494091611370839
0.0493869441082897
0.0493638631155803
0.0493399127448328
0.0493150908828432
0.0492893994174235
0.0492628450810560
0.0492354404808324
0.0492072053770377
0.0491781683054083
0.0491483686962467
0.0491178597557702
0.0490867126180120
0.0490550228927825
0.0490229227642236
0.0490194807014293
0.0490514921774957
0.0490830936006175
0.0491141529165096
0.0491445746476624
0.0491742877922798
0.0492032392746154
0.0492313897917988
0.0492587109313717
0.0492851830513300
0.0493107936571174
0.0493355361224400
0.0493594086588552
0.0493824134717701
0.0494045560600973
0.0494258446290819
0.0494462895940184
0.0494659031580284
0.0494846989510139
0.0495026917196422
0.0495198970602903
0.0495363311884875
0.0495520107394373
0.0495669525952908
0.0495811737353394
0.0495946911065851
0.0496075215106996
0.0496196815068817
0.0496311873274022
0.0496420548046388
0.0496522993080705
0.0496619356899781
0.0496709782387623
0.0496794406388749
0.0496873359365262
0.0496946765104517
0.0497014740470405
0.0497077395192809
0.0497134831689845
0.0497187144918540
0.0497234422250205
0.0497276743366554
0.0497314180174214
0.0497346796734194
0.0497374649204862
0.0497397785795874
0.0497416246731632
0.0497430064222813
0.0497439262445081
0.0497443857523682
0.0497443857523682
0.0497439262445081
0.0497430064222813
0.0497416246731632
0.0497397785795874
0.0497374649204862
0.0497346796734194
0.0497314180174214
0.0497276743366555
0.0497234422250205
0.0497187144918540
0.0497134831689845
0.0497077395192809
0.0497014740470405
0.0496946765104517
0.0496873359365262
0.0496794406388749
0.0496709782387623
0.0496619356899781
0.0496522993080704
0.0496420548046388
0.0496311873274022
0.0496196815068817
0.0496075215106996
0.0495946911065851
0.0495811737353394
0.0495669525952908
0.0495520107394373
0.0495363311884874
0.0495198970602903
0.0495026917196423
0.0494846989510139
0.0494659031580284
0.0494462895940184
0.0494258446290819
0.0494045560600973
0.0493824134717701
0.0493594086588552
0.0493355361224400
0.0493107936571174
0.0492851830513300
0.0492587109313717
0.0492313897917988
0.0492032392746154
0.0491742877922798
0.0491445746476624
0.0491141529165096
0.0490830936006175
0.0490514921774957
0.0490194807014293
0.0490157301733751
0.0490476445153203
0.0490791491902541
0.0491101122887199
0.0491404384805522
0.0491700569110432
0.0491989146494187
0.0492269725341838
0.0492542022894838
0.0492805844041480
0.0493061065078787
0.0493307620913929
0.0493545494755082
0.0493774709667475
0.0493995321567579
0.0494207413349693
0.0494411089923069
0.0494606473990224
0.0494793702438117
0.0494972923240073
0.0495144292788677
0.0495307973593350
0.0495464132289893
0.0495612937917447
0.0495754560426167
0.0495889169383422
0.0496016932857017
0.0496138016440388
0.0496252582417290
0.0496360789036406
0.0496462789886138
0.0496558733356609
0.0496648762177261
0.0496733013020614
0.0496811616163674
0.0496884695199536
0.0496952366792421
0.0497014740470405
0.0497071918451272
0.0497123995495987
0.0497171058786722
0.0497213187825656
0.0497250454351527
0.0497282922271214
0.0497310647604505
0.0497333678439437
0.0497352054897070
0.0497365809104213
0.0497374965172818
0.0497379539185335
0.0497379539185335
0.0497374965172818
0.0497365809104213
0.0497352054897070
0.0497333678439437
0.0497310647604505
0.0497282922271214
0.0497250454351527
0.0497213187825656
0.0497171058786722
0.0497123995495987
0.0497071918451272
0.0497014740470405
0.0496952366792420
0.0496884695199536
0.0496811616163674
0.0496733013020614
0.0496648762177261
0.0496558733356609
0.0496462789886138
0.0496360789036406
0.0496252582417290
0.0496138016440388
0.0496016932857017
0.0495889169383422
0.0495754560426167
0.0495612937917447
0.0495464132289893
0.0495307973593350
0.0495144292788677
0.0494972923240073
0.0494793702438116
0.0494606473990223
0.0494411089923069
0.0494207413349693
0.0493995321567579
0.0493774709667475
0.0493545494755082
0.0493307620913929
0.0493061065078786
0.0492805844041480
0.0492542022894839
0.0492269725341838
0.0491989146494187
0.0491700569110432
0.0491404384805522
0.0491101122887199
0.0490791491902541
0.0490476445153203
0.0490157301733751
0.0490116660753129
0.0490434745304037
0.0490748737417197
0.0491057319607007
0.0491359540206638
0.0491654692298928
0.0491942248180339
0.0492221817798200
0.0492493119900966
0.0492755960817881
0.0493010218211490
0.0493255828272328
0.0493492775403736
0.0493721083774107
0.0493940810308177
0.0494152038812656
0.0494354875012881
0.0494549442332541
0.0494735878286270
0.0494914331385107
0.0495084958472428
0.0495247922426102
0.0495403390172497
0.0495551530968717
0.0495692514915610
0.0495826511669424
0.0495953689331197
0.0496074213477126
0.0496188246329369
0.0496295946036094
0.0496397466051881
0.0496492954605018
0.0496582554240109
0.0496666401426903
0.0496744626226151
0.0496817352005717
0.0496884695199536
0.0496946765104517
0.0497003663709310
0.0497055485551579
0.0497102317598759
0.0497144239149482
0.0497181321752611
0.0497213629141137
0.0497241217178435
0.0497264133815632
0.0497282419057518
0.0497296104936613
0.0497305215493297
0.0497309766761925
0.0497309766761925
0.0497305215493297
0.0497296104936613
0.0497282419057518
0.0497264133815631
0.0497241217178435
0.0497213629141137
0.0497181321752611
0.0497144239149482
0.0497102317598759
0.0497055485551579
0.0497003663709310
0.0496946765104517
0.0496884695199536
0.0496817352005717
0.0496744626226151
0.0496666401426903
0.0496582554240109
0.0496492954605018
0.0496397466051880
0.0496295946036094
0.0496188246329369
0.0496074213477126
0.0495953689331197
0.0495826511669424
0.0495692514915610
0.0495551530968717
0.0495403390172497
0.0495247922426102
0.0495084958472428
0.0494914331385107
0.0494735878286270
0.0494549442332540
0.0494354875012881
0.0494152038812656
0.0493940810308177
0.0493721083774107
0.0493492775403736
0.0493255828272328
0.0493010218211490
0.0492755960817881
0.0492493119900966
0.0492221817798200
0.0491942248180339
0.0491654692298928
0.0491359540206638
0.0491057319607009
0.0490748737417197
0.0490434745304037
0.0490116660753129
0.0490072829472210
0.0490389764674476
0.0490702612063760
0.0491010055937244
0.0491311146436267
0.0491605178444378
0.0491891626027592
0.0492170100853808
0.0492440323328380
0.0492702101361470
0.0492955314110971
0.0493199899168905
0.0493435842240460
0.0493663168691862
0.0493881936539016
0.0494092230571924
0.0494294157391626
0.0494487841191077
0.0494673420150895
0.0494851043347578
0.0495020868094240
0.0495183057647423
0.0495337779226687
0.0495485202302858
0.0495625497116984
0.0495758833398433
0.0495885379260755
0.0496005300238770
0.0496118758465269
0.0496225911957666
0.0496326914004551
0.0496421912638582
0.0496511050184993
0.0496594462875653
0.0496672280520092
0.0496744626226151
0.0496811616163674
0.0496873359365262
0.0496929957559101
0.0496981505029441
0.0497028088500799
0.0497069787042149
0.0497106671988572
0.0497138806877287
0.0497166247396255
0.0497189041342905
0.0497207228591773
0.0497220841069844
0.0497229902737340
0.0497234429574907
0.0497234429574907
0.0497229902737340
0.0497220841069844
0.0497207228591773
0.0497189041342905
0.0497166247396255
0.0497138806877287
0.0497106671988572
0.0497069787042149
0.0497028088500799
0.0496981505029441
0.0496929957559101
0.0496873359365262
0.0496811616163674
0.0496744626226151
0.0496672280520092
0.0496594462875653
0.0496511050184993
0.0496421912638582
0.0496326914004551
0.0496225911957666
0.0496118758465269
0.0496005300238770
0.0495885379260755
0.0495758833398433
0.0495625497116984
0.0495485202302858
0.0495337779226687
0.0495183057647423
0.0495020868094240
0.0494851043347578
0.0494673420150895
0.0494487841191077
0.0494294157391626
0.0494092230571925
0.0493881936539016
0.0493663168691862
0.0493435842240460
0.0493199899168905
0.0492955314110971
0.0492702101361470
0.0492440323328380
0.0492170100853808
0.0491891626027592
0.0491605178444379
0.0491311146436267
0.0491010055937244
0.0490702612063760
0.0490389764674476
0.0490072829472210
0.0490025749845596
0.0490341442016583
0.0490653051414004
0.0490959264305521
0.0491259132828414
0.0491551953850315
0.0491837203384302
0.0492114494988135
0.0492383550883601
0.0492644180710426
0.0492896265258272
0.0493139743644593
0.0493374602987306
0.0493600869947999
0.0493818603718020
0.0494027890142031
0.0494228836755347
0.0494421568567172
0.0494606224459100
0.0494782954097919
0.0494951915281110
0.0495113271649741
0.0495267190714317
0.0495413842149717
0.0495553396321300
0.0495686023011189
0.0495811890316705
0.0495931163703800
0.0496044005181913
0.0496150572602188
0.0496251019049588
0.0496345492322523
0.0496434134487529
0.0496517081498923
0.0496594462875653
0.0496666401426904
0.0496733013020614
0.0496794406388749
0.0496850682964221
0.0496901936745055
0.0496948254181966
0.0496989714085692
0.0497026387551370
0.0497058337897019
0.0497085620614176
0.0497108283328659
0.0497126365769705
0.0497139899746261
0.0497148909129430
0.0497153409839843
0.0497153409839843
0.0497148909129430
0.0497139899746260
0.0497126365769705
0.0497108283328659
0.0497085620614176
0.0497058337897019
0.0497026387551370
0.0496989714085692
0.0496948254181966
0.0496901936745055
0.0496850682964221
0.0496794406388750
0.0496733013020614
0.0496666401426904
0.0496594462875653
0.0496517081498923
0.0496434134487529
0.0496345492322523
0.0496251019049588
0.0496150572602188
0.0496044005181913
0.0495931163703800
0.0495811890316705
0.0495686023011189
0.0495553396321300
0.0495413842149717
0.0495267190714316
0.0495113271649740
0.0494951915281110
0.0494782954097919
0.0494606224459100
0.0494421568567172
0.0494228836755348
0.0494027890142030
0.0493818603718018
0.0493600869947999
0.0493374602987306
0.0493139743644593
0.0492896265258272
0.0492644180710427
0.0492383550883601
0.0492114494988135
0.0491837203384302
0.0491551953850315
0.0491259132828414
0.0490959264305521
0.0490653051414004
0.0490341442016583
0.0490025749845596
0.0489975360507236
0.0490289712503892
0.0490599987205988
0.0490904873055638
0.0491203424388746
0.0491494940255453
0.0491778898806830
0.0492054915671971
0.0492322715059292
0.0492582108495750
0.0492832978546926
0.0493075265985649
0.0493308959457488
0.0493534087019952
0.0493750709125340
0.0493958912744330
0.0494158806404170
0.0494350515974487
0.0494534181069898
0.0494709951968012
0.0494877986960782
0.0495038450074273
0.0495191509101984
0.0495337333907279
0.0495476094957903
0.0495607962059966
0.0495733103264940
0.0495851683930991
0.0495963865906034
0.0496069806833198
0.0496169659550762
0.0496263571578721
0.0496351684680192
0.0496434134487529
0.0496511050184993
0.0496582554240108
0.0496648762177261
0.0496709782387623
0.0496765715970667
0.0496816656602081
0.0496862690425187
0.0496903895961413
0.0496940344037540
0.0496972097726850
0.0496999212301997
0.0497021735197609
0.0497039705981151
0.0497053156330613
0.0497062110017870
0.0497066582897068
0.0497066582897067
0.0497062110017870
0.0497053156330613
0.0497039705981151
0.0497021735197609
0.0496999212301997
0.0496972097726850
0.0496940344037540
0.0496903895961413
0.0496862690425187
0.0496816656602081
0.0496765715970667
0.0496709782387623
0.0496648762177261
0.0496582554240109
0.0496511050184993
0.0496434134487529
0.0496351684680192
0.0496263571578721
0.0496169659550762
0.0496069806833198
0.0495963865906034
0.0495851683930991
0.0495733103264940
0.0495607962059966
0.0495476094957903
0.0495337333907279
0.0495191509101984
0.0495038450074272
0.0494877986960782
0.0494709951968012
0.0494534181069898
0.0494350515974487
0.0494158806404170
0.0493958912744330
0.0493750709125340
0.0493534087019952
0.0493308959457488
0.0493075265985649
0.0492832978546926
0.0492582108495750
0.0492322715059292
0.0492054915671970
0.0491778898806830
0.0491494940255453
0.0491203424388746
0.0490904873055638
0.0490599987205988
0.0490289712503892
0.0489975360507236
0.0489921596914515
0.0490234507866707
0.0490543347470762
0.0490846806565501
0.0491143941905814
0.0491434054938832
0.0491716626159488
0.0491991273463169
0.0492257723226920
0.0492515789032622
0.0492765355374066
0.0493006364815342
0.0493238807649475
0.0493462713432630
0.0493678143965059
0.0493885187414169
0.0494083953354742
0.0494274568558268
0.0494457173400399
0.0494631918785111
0.0494798963503322
0.0494958471960524
0.0495110612218562
0.0495255554307131
0.0495393468767059
0.0495524525394007
0.0495648892155008
0.0495766734254802
0.0495878213336295
0.0495983486785739
0.0496082707145340
0.0496176021606520
0.0496263571578720
0.0496345492322523
0.0496421912638582
0.0496492954605018
0.0496558733356609
0.0496619356899781
0.0496674925958599
0.0496725533847276
0.0496771266365071
0.0496812201710271
0.0496848410410629
0.0496879955267046
0.0496906891308893
0.0496929265758682
0.0496947118004414
0.0496960479579005
0.0496969374144448
0.0496973817481246
0.0496973817481246
0.0496969374144448
0.0496960479579005
0.0496947118004414
0.0496929265758682
0.0496906891308894
0.0496879955267046
0.0496848410410628
0.0496812201710272
0.0496771266365071
0.0496725533847276
0.0496674925958599
0.0496619356899781
0.0496558733356609
0.0496492954605018
0.0496421912638582
0.0496345492322523
0.0496263571578720
0.0496176021606520
0.0496082707145340
0.0495983486785739
0.0495878213336295
0.0495766734254802
0.0495648892155008
0.0495524525394007
0.0495393468767059
0.0495255554307131
0.0495110612218563
0.0494958471960524
0.0494798963503322
0.0494631918785111
0.0494457173400399
0.0494274568558269
0.0494083953354742
0.0493885187414169
0.0493678143965059
0.0493462713432630
0.0493238807649475
0.0493006364815342
0.0492765355374066
0.0492515789032622
0.0492257723226920
0.0491991273463169
0.0491716626159488
0.0491434054938832
0.0491143941905814
0.0490846806565501
0.0490543347470764
0.0490234507866707
0.0489921596914515
0.0489864391514672
0.0490175756548584
0.0490483056679988
0.0490784985386722
0.0491080602082560
0.0491369210844437
0.0491650294733840
0.0491923474122094
0.0492188477749945
0.0492445121432524
0.0492693291752672
0.0492932933208441
0.0493164037864235
0.0493386636880379
0.0493600793492284
0.0493806597133956
0.0494004158480889
0.0494193605243816
0.0494375078582427
0.0494548730036984
0.0494714718895205
0.0494873209929239
0.0495024371447322
0.0495168373615231
0.0495305387010192
0.0495435581374754
0.0495559124543633
0.0495676181519915
0.0495786913685460
0.0495891478115615
0.0495990027000119
0.0496082707145341
0.0496169659550762
0.0496251019049587
0.0496326914004551
0.0496397466051881
0.0496462789886139
0.0496522993080705
0.0496578175938755
0.0496628431370125
0.0496673844790237
0.0496714494037814
0.0496750449308280
0.0496781773100436
0.0496808520174200
0.0496830737517191
0.0496848464319233
0.0496861731952827
0.0496870563958766
0.0496874976036187
0.0496874976036187
0.0496870563958766
0.0496861731952827
0.0496848464319233
0.0496830737517191
0.0496808520174200
0.0496781773100435
0.0496750449308280
0.0496714494037814
0.0496673844790238
0.0496628431370124
0.0496578175938756
0.0496522993080705
0.0496462789886139
0.0496397466051881
0.0496326914004551
0.0496251019049588
0.0496169659550762
0.0496082707145341
0.0495990027000119
0.0495891478115615
0.0495786913685460
0.0495676181519915
0.0495559124543633
0.0495435581374753
0.0495305387010192
0.0495168373615231
0.0495024371447321
0.0494873209929239
0.0494714718895204
0.0494548730036984
0.0494375078582428
0.0494193605243816
0.0494004158480889
0.0493806597133956
0.0493600793492284
0.0493386636880380
0.0493164037864235
0.0492932933208441
0.0492693291752672
0.0492445121432524
0.0492188477749946
0.0491923474122094
0.0491650294733840
0.0491369210844437
0.0491080602082560
0.0490784985386722
0.0490483056679988
0.0490175756548584
0.0489864391514671
0.0489803673936863
0.0490113383888237
0.0490419035917426
0.0490719326406871
0.0491013317690800
0.0491300316729269
0.0491579809391409
0.0491851418750709
0.0492114876120526
0.0492369999739524
0.0492616678449431
0.0492854858831594
0.0493084534850138
0.0493305739377031
0.0493518537170303
0.0493723018998313
0.0493919296686971
0.0494107498918934
0.0494287767655015
0.0494460255074405
0.0494625120951911
0.0494782530405450
0.0494932651958845
0.0495075655875372
0.0495211712722834
0.0495340992139245
0.0495463661771308
0.0495579886362417
0.0495689826969350
0.0495793640296040
0.0495891478115615
0.0495983486785739
0.0496069806833198
0.0496150572602188
0.0496225911957666
0.0496295946036094
0.0496360789036406
0.0496420548046389
0.0496475322898742
0.0496525206052491
0.0496570282496311
0.0496610629669804
0.0496646317400396
0.0496677407852755
0.0496703955489151
0.0496726007038234
0.0496743601471267
0.0496756769984141
0.0496765535984188
0.0496769915081106
0.0496769915081105
0.0496765535984188
0.0496756769984141
0.0496743601471267
0.0496726007038234
0.0496703955489151
0.0496677407852755
0.0496646317400396
0.0496610629669804
0.0496570282496312
0.0496525206052491
0.0496475322898742
0.0496420548046388
0.0496360789036406
0.0496295946036094
0.0496225911957666
0.0496150572602188
0.0496069806833198
0.0495983486785739
0.0495891478115615
0.0495793640296041
0.0495689826969350
0.0495579886362417
0.0495463661771308
0.0495340992139245
0.0495211712722834
0.0495075655875373
0.0494932651958845
0.0494782530405450
0.0494625120951912
0.0494460255074405
0.0494287767655015
0.0494107498918934
0.0493919296686971
0.0493723018998313
0.0493518537170303
0.0493305739377031
0.0493084534850138
0.0492854858831594
0.0492616678449431
0.0492369999739524
0.0492114876120526
0.0491851418750709
0.0491579809391409
0.0491300316729269
0.0491013317690800
0.0490719326406871
0.0490419035917426
0.0490113383888237
0.0489803673936863
0.0489739371212611
0.0490047312329016
0.0490351203078380
0.0490649743039295
0.0490941997752726
0.0491227277337823
0.0491505070733037
0.0491775003958466
0.0492036811124369
0.0492290313095468
0.0492535401152119
0.0492772024114949
0.0493000177980119
0.0493219897440559
0.0493431248863121
0.0493634324415966
0.0493829237120381
0.0494016116657516
0.0494195105798940
0.0494366357357494
0.0494530031576208
0.0494686293888226
0.0494835312992901
0.0494977259201922
0.0495112303018191
0.0495240613914305
0.0495362359283606
0.0495477703540660
0.0495586807350578
0.0495689826969350
0.0495786913685460
0.0495878213336294
0.0495963865906035
0.0496044005181913
0.0496118758465269
0.0496188246329369
0.0496252582417290
0.0496311873274022
0.0496366218207951
0.0496415709177219
0.0496460430697369
0.0496500459766599
0.0496535865805823
0.0496566710611373
0.0496593048317736
0.0496614925368687
0.0496632380495315
0.0496645444699628
0.0496654141242452
0.0496658485635381
0.0496658485635381
0.0496654141242452
0.0496645444699628
0.0496632380495315
0.0496614925368687
0.0496593048317736
0.0496566710611373
0.0496535865805823
0.0496500459766599
0.0496460430697369
0.0496415709177219
0.0496366218207951
0.0496311873274022
0.0496252582417290
0.0496188246329369
0.0496118758465269
0.0496044005181914
0.0495963865906035
0.0495878213336294
0.0495786913685460
0.0495689826969350
0.0495586807350578
0.0495477703540660
0.0495362359283606
0.0495240613914305
0.0495112303018191
0.0494977259201922
0.0494835312992901
0.0494686293888226
0.0494530031576208
0.0494366357357495
0.0494195105798940
0.0494016116657516
0.0493829237120381
0.0493634324415966
0.0493431248863121
0.0493219897440559
0.0493000177980118
0.0492772024114949
0.0492535401152119
0.0492290313095468
0.0492036811124369
0.0491775003958466
0.0491505070733037
0.0491227277337827
0.0490941997752726
0.0490649743039295
0.0490351203078380
0.0490047312329016
0.0489739371212611
0.0489671408029647
0.0489977461660656
0.0490279473100414
0.0490576145443968
0.0490866547753087
0.0491149993607444
0.0491425975299536
0.0491694122060310
0.0491954171037884
0.0492205945938953
0.0492449340672233
0.0492684306460336
0.0492910841467512
0.0493128982317440
0.0493338797070747
0.0493540379356430
0.0493733843430234
0.0493919319990883
0.0494096952621672
0.0494266894753833
0.0494429307069438
0.0494584355275709
0.0494732208195757
0.0494873036130095
0.0495007009450025
0.0495134297390876
0.0495255067017027
0.0495369482336024
0.0495477703540660
0.0495579886362417
0.0495676181519915
0.0495766734254802
0.0495851683930991
0.0495931163703800
0.0496005300238770
0.0496074213477126
0.0496138016440388
0.0496196815068817
0.0496250708088465
0.0496299786902674
0.0496344135504194
0.0496383830404078
0.0496418940575939
0.0496449527411030
0.0496475644684044
0.0496497338526247
0.0496514647405695
0.0496527602111882
0.0496536225745512
0.0496540533710730
0.0496540533710730
0.0496536225745512
0.0496527602111882
0.0496514647405695
0.0496497338526247
0.0496475644684044
0.0496449527411030
0.0496418940575939
0.0496383830404078
0.0496344135504194
0.0496299786902674
0.0496250708088465
0.0496196815068817
0.0496138016440388
0.0496074213477126
0.0496005300238770
0.0495931163703800
0.0495851683930991
0.0495766734254802
0.0495676181519915
0.0495579886362417
0.0495477703540660
0.0495369482336024
0.0495255067017027
0.0495134297390876
0.0495007009450025
0.0494873036130095
0.0494732208195757
0.0494584355275709
0.0494429307069438
0.0494266894753833
0.0494096952621672
0.0493919319990883
0.0493733843430234
0.0493540379356431
0.0493338797070747
0.0493128982317440
0.0492910841467512
0.0492684306460336
0.0492449340672233
0.0492205945938953
0.0491954171037884
0.0491694122060310
0.0491425975299536
0.0491149993607447
0.0490866547753087
0.0490576145443968
0.0490279473100414
0.0489977461660656
0.0489671408029647
0.0489599707023052
0.0489903749298396
0.0490203758230278
0.0490498440783916
0.0490786869886827
0.0491068362909513
0.0491342415808485
0.0491608661311421
0.0491866839863607
0.0492116778243870
0.0492358373188963
0.0492591578492910
0.0492816394627016
0.0493032860255313
0.0493241045213996
0.0493441044648378
0.0493632974080389
0.0493816965236060
0.0493993162500705
0.0494161719897463
0.0494322798506118
0.0494476564254087
0.0494623186024406
0.0494762834034026
0.0494895678443795
0.0495021888168059
0.0495141629855365
0.0495255067017027
0.0495362359283606
0.0495463661771308
0.0495559124543634
0.0495648892155008
0.0495733103264941
0.0495811890316705
0.0495885379260755
0.0495953689331197
0.0496016932857017
0.0496075215106997
0.0496128634162466
0.0496177280814106
0.0496221238478427
0.0496260583131218
0.0496295383254654
0.0496325699796187
0.0496351586136479
0.0496373088065208
0.0496390243762837
0.0496403083787099
0.0496411631063730
0.0496415900879809
0.0496415900879809
0.0496411631063730
0.0496403083787099
0.0496390243762836
0.0496373088065208
0.0496351586136479
0.0496325699796187
0.0496295383254654
0.0496260583131218
0.0496221238478427
0.0496177280814106
0.0496128634162466
0.0496075215106997
0.0496016932857017
0.0495953689331197
0.0495885379260755
0.0495811890316705
0.0495733103264941
0.0495648892155008
0.0495559124543633
0.0495463661771308
0.0495362359283606
0.0495255067017027
0.0495141629855365
0.0495021888168060
0.0494895678443796
0.0494762834034026
0.0494623186024406
0.0494476564254087
0.0494322798506118
0.0494161719897463
0.0493993162500703
0.0493816965236060
0.0493632974080389
0.0493441044648378
0.0493241045213996
0.0493032860255313
0.0492816394627016
0.0492591578492910
0.0492358373188963
0.0492116778243870
0.0491866839863607
0.0491608661311423
0.0491342415808485
0.0491068362909512
0.0490786869886827
0.0490498440783916
0.0490203758230278
0.0489903749298396
0.0489599707023052
0.0489524189109288
0.0489826090603311
0.0490123968332300
0.0490416533522769
0.0490702863348212
0.0490982279331928
0.0491254281432754
0.0491518506185271
0.0491774697610556
0.0492022685804334
0.0492262370541863
0.0492493708363729
0.0492716702189423
0.0492931392831350
0.0493137851978270
0.0493336176340117
0.0493526482726917
0.0493708903890597
0.0493883584996354
0.0494050680619205
0.0494210352181255
0.0494362765762406
0.0494508090227395
0.0494646495623192
0.0494778151808066
0.0494903227278649
0.0495021888168059
0.0495134297390877
0.0495240613914306
0.0495340992139245
0.0495435581374754
0.0495524525394005
0.0495607962059966
0.0495686023011189
0.0495758833398433
0.0495826511669422
0.0495889169383422
0.0495946911065851
0.0495999834086532
0.0496048028561668
0.0496091577274817
0.0496130555614707
0.0496165031525884
0.0496195065470535
0.0496220710399368
0.0496242011729402
0.0496259007327892
0.0496271727500226
0.0496280194981728
0.0496284424932147
0.0496284424932147
0.0496280194981728
0.0496271727500226
0.0496259007327892
0.0496242011729401
0.0496220710399368
0.0496195065470535
0.0496165031525884
0.0496130555614707
0.0496091577274817
0.0496048028561668
0.0495999834086532
0.0495946911065851
0.0495889169383422
0.0495826511669424
0.0495758833398433
0.0495686023011189
0.0495607962059966
0.0495524525394005
0.0495435581374754
0.0495340992139245
0.0495240613914305
0.0495134297390877
0.0495021888168059
0.0494903227278649
0.0494778151808067
0.0494646495623194
0.0494508090227395
0.0494362765762406
0.0494210352181255
0.0494050680619204
0.0493883584996354
0.0493708903890597
0.0493526482726917
0.0493336176340117
0.0493137851978271
0.0492931392831350
0.0492716702189423
0.0492493708363729
0.0492262370541863
0.0492022685804334
0.0491774697610557
0.0491518506185271
0.0491254281432754
0.0490982279331928
0.0490702863348212
0.0490416533522769
0.0490123968332300
0.0489826090603311
0.0489524189109288
0.0489444773869019
0.0489744399251202
0.0490040011244287
0.0490330325769569
0.0490614424666486
0.0490891634009104
0.0491161458128359
0.0491423537701985
0.0491677620626216
0.0491923540574381
0.0492161200580583
0.0492390560112517
0.0492611624679538
0.0492824437347273
0.0493029071727218
0.0493225626132429
0.0493414218671237
0.0493594983106299
0.0493768065345710
0.0493933620460586
0.0494091810144315
0.0494242800545099
0.0494386760415310
0.0494523859530376
0.0494654267338572
0.0494778151808067
0.0494895678443796
0.0495007009450026
0.0495112303018191
0.0495211712722834
0.0495305387010193
0.0495393468767059
0.0495476094957903
0.0495553396321300
0.0495625497116984
0.0495692514915610
0.0495754560426167
0.0495811737353394
0.0495864142285901
0.0495911864598739
0.0495954986382394
0.0495993582383810
0.0496027719960744
0.0496057459046682
0.0496082852124183
0.0496103944205239
0.0496120772816755
0.0496133367990106
0.0496141752254124
0.0496145940630425
0.0496145940630425
0.0496141752254124
0.0496133367990106
0.0496120772816754
0.0496103944205239
0.0496082852124183
0.0496057459046681
0.0496027719960747
0.0495993582383810
0.0495954986382394
0.0495911864598739
0.0495864142285900
0.0495811737353394
0.0495754560426167
0.0495692514915610
0.0495625497116984
0.0495553396321300
0.0495476094957903
0.0495393468767059
0.0495305387010192
0.0495211712722834
0.0495112303018191
0.0495007009450026
0.0494895678443795
0.0494778151808067
0.0494654267338572
0.0494523859530376
0.0494386760415310
0.0494242800545100
0.0494091810144315
0.0493933620460586
0.0493768065345710
0.0493594983106298
0.0493414218671237
0.0493225626132429
0.0493029071727218
0.0492824437347273
0.0492611624679538
0.0492390560112517
0.0492161200580583
0.0491923540574384
0.0491677620626216
0.0491423537701985
0.0491161458128359
0.0490891634009103
0.0490614424666486
0.0490330325769568
0.0490040011244287
0.0489744399251202
0.0489444773869019
0.0489361379985941
0.0489658587656401
0.0489951793187530
0.0490239717677524
0.0490521448096605
0.0490796315507876
0.0491063829018691
0.0491323633815105
0.0491575481990445
0.0491819211071842
0.0492054727582324
0.0492281994101516
0.0492501018869093
0.0492711847302987
0.0492914554998331
0.0493109241897529
0.0493296027402549
0.0493475046255233
0.0493646445052122
0.0493810379286591
0.0493967010833560
0.0494116505807527
0.0494259032736651
0.0494394761006048
0.0494523859530376
0.0494646495623193
0.0494762834034026
0.0494873036130095
0.0494977259201922
0.0495075655875372
0.0495168373615230
0.0495255554307131
0.0495337333907279
0.0495413842149717
0.0495485202302858
0.0495551530968717
0.0495612937917448
0.0495669525952908
0.0495721390803533
0.0495768621035102
0.0495811297981436
0.0495849495689983
0.0495883280880009
0.0495912712909810
0.0495937843755401
0.0495958717988821
0.0495975372768303
0.0495987837828622
0.0495996135475213
0.0496000280580211
0.0496000280580212
0.0495996135475213
0.0495987837828624
0.0495975372768303
0.0495958717988821
0.0495937843755401
0.0495912712909810
0.0495883280880009
0.0495849495689983
0.0495811297981436
0.0495768621035102
0.0495721390803533
0.0495669525952908
0.0495612937917448
0.0495551530968718
0.0495485202302858
0.0495413842149717
0.0495337333907279
0.0495255554307131
0.0495168373615231
0.0495075655875372
0.0494977259201922
0.0494873036130095
0.0494762834034026
0.0494646495623193
0.0494523859530376
0.0494394761006048
0.0494259032736652
0.0494116505807527
0.0493967010833560
0.0493810379286591
0.0493646445052122
0.0493475046255233
0.0493296027402549
0.0493109241897529
0.0492914554998331
0.0492711847302986
0.0492501018869093
0.0492281994101516
0.0492054727582324
0.0491819211071842
0.0491575481990445
0.0491323633815105
0.0491063829018690
0.0490796315507876
0.0490521448096605
0.0490239717677524
0.0489951793187530
0.0489658587656401
0.0489361379985941
0.0489273925749257
0.0489568567458549
0.0489859219239854
0.0490144607905559
0.0490423826072598
0.0490696210276802
0.0490961274845006
0.0491218669867755
0.0491468151980822
0.0491709562857583
0.0491942812749061
0.0492167867533433
0.0492384738317757
0.0492593472962979
0.0492794149096086
0.0492986868299405
0.0493171751245715
0.0493348933605039
0.0493518562587122
0.0493680794012889
0.0493835789828424
0.0493983715991771
0.0494124740675499
0.0494259032736651
0.0494386760415310
0.0494508090227395
0.0494623186024406
0.0494732208195756
0.0494835312992901
0.0494932651958845
0.0495024371447322
0.0495110612218562
0.0495191509101984
0.0495267190714317
0.0495337779226687
0.0495403390172497
0.0495464132289894
0.0495520107394373
0.0495571410275810
0.0495618128616445
0.0495660342926309
0.0495698126492967
0.0495731545342965
0.0495760658212776
0.0495785516527283
0.0495806164384453
0.0495822638544320
0.0495834968421480
0.0495843176080259
0.0495847276231720
0.0495847276231720
0.0495843176080259
0.0495834968421480
0.0495822638544321
0.0495806164384453
0.0495785516527283
0.0495760658212776
0.0495731545342964
0.0495698126492967
0.0495660342926309
0.0495618128616444
0.0495571410275810
0.0495520107394373
0.0495464132289893
0.0495403390172497
0.0495337779226687
0.0495267190714317
0.0495191509101983
0.0495110612218562
0.0495024371447322
0.0494932651958845
0.0494835312992901
0.0494732208195757
0.0494623186024406
0.0494508090227395
0.0494386760415310
0.0494259032736652
0.0494124740675499
0.0493983715991771
0.0493835789828424
0.0493680794012889
0.0493518562587122
0.0493348933605039
0.0493171751245715
0.0492986868299405
0.0492794149096086
0.0492593472962979
0.0492384738317757
0.0492167867533433
0.0491942812749061
0.0491709562857583
0.0491468151980822
0.0491218669867755
0.0490961274845006
0.0490696210276802
0.0490423826072598
0.0490144607905559
0.0489859219239854
0.0489568567458549
0.0489273925749259
0.0489182329629778
0.0489474250081980
0.0489762193880208
0.0490044894151796
0.0490321449734352
0.0490591203171105
0.0490853674494259
0.0491108519128829
0.0491355498623053
0.0491594459104617
0.0491825314798845
0.0492048035068933
0.0492262634019591
0.0492469162033160
0.0492667698800429
0.0492858347534263
0.0493041230133746
0.0493216483122519
0.0493384254224472
0.0493544699469236
0.0493697980739951
0.0493844263692908
0.0493983715991771
0.0494116505807527
0.0494242800545099
0.0494362765762406
0.0494476564254086
0.0494584355275709
0.0494686293888226
0.0494782530405450
0.0494873209929239
0.0494958471960524
0.0495038450074273
0.0495113271649740
0.0495183057647423
0.0495247922426102
0.0495307973593350
0.0495363311884875
0.0495414031067656
0.0495460217863311
0.0495501951887902
0.0495539305605763
0.0495572344294145
0.0495601126017141
0.0495625701606574
0.0495646114648529
0.0495662401474202
0.0495674591153535
0.0495682705491592
0.0495686759026054
0.0495686759026054
0.0495682705491592
0.0495674591153535
0.0495662401474202
0.0495646114648529
0.0495625701606575
0.0495601126017142
0.0495572344294146
0.0495539305605763
0.0495501951887902
0.0495460217863311
0.0495414031067656
0.0495363311884875
0.0495307973593350
0.0495247922426102
0.0495183057647423
0.0495113271649741
0.0495038450074272
0.0494958471960524
0.0494873209929239
0.0494782530405450
0.0494686293888226
0.0494584355275708
0.0494476564254087
0.0494362765762406
0.0494242800545099
0.0494116505807527
0.0493983715991771
0.0493844263692908
0.0493697980739951
0.0493544699469236
0.0493384254224471
0.0493216483122519
0.0493041230133746
0.0492858347534263
0.0492667698800429
0.0492469162033160
0.0492262634019591
0.0492048035068933
0.0491825314798845
0.0491594459104617
0.0491355498623053
0.0491108519128831
0.0490853674494259
0.0490591203171106
0.0490321449734352
0.0490044894151796
0.0489762193880209
0.0489474250081980
0.0489182329629778
0.0489086510940018
0.0489375547378603
0.0489660621616692
0.0489940473770590
0.0490214209538836
0.0490481178064225
0.0490740905617344
0.0490993053424392
0.0491237388341328
0.0491473761272738
0.0491702090669516
0.0491922349562675
0.0492134555173999
0.0492338760468661
0.0492535047211859
0.0492723520213385
0.0492904302527455
0.0493077531429201
0.0493243355029821
0.0493401929421417
0.0493553416263509
0.0493697980739951
0.0493835789828424
0.0493967010833560
0.0494091810144315
0.0494210352181255
0.0494322798506118
0.0494429307069437
0.0494530031576208
0.0494625120951912
0.0494714718895204
0.0494798963503322
0.0494877986960782
0.0494951915281110
0.0495020868094240
0.0495084958472428
0.0495144292788677
0.0495198970602903
0.0495249084571076
0.0495294720373457
0.0495335956659156
0.0495372865003322
0.0495405509875201
0.0495433948614775
0.0495458231415871
0.0495478401314446
0.0495494494181127
0.0495506538716013
0.0495514556446014
0.0495518561722936
0.0495518561722936
0.0495514556446012
0.0495506538716013
0.0495494494181127
0.0495478401314446
0.0495458231415871
0.0495433948614775
0.0495405509875201
0.0495372865003322
0.0495335956659156
0.0495294720373457
0.0495249084571076
0.0495198970602903
0.0495144292788677
0.0495084958472428
0.0495020868094240
0.0494951915281110
0.0494877986960781
0.0494798963503322
0.0494714718895204
0.0494625120951912
0.0494530031576208
0.0494429307069438
0.0494322798506118
0.0494210352181255
0.0494091810144315
0.0493967010833560
0.0493835789828425
0.0493697980739951
0.0493553416263508
0.0493401929421417
0.0493243355029821
0.0493077531429201
0.0492904302527455
0.0492723520213385
0.0492535047211859
0.0492338760468661
0.0492134555173999
0.0491922349562675
0.0491702090669516
0.0491473761272738
0.0491237388341328
0.0490993053424392
0.0490740905617345
0.0490481178064223
0.0490214209538836
0.0489940473770590
0.0489660621616692
0.0489375547378603
0.0489086510940018
0.0488986390591773
0.0489272372366737
0.0489554407710487
0.0489831244486374
0.0490101995970184
0.0490366018561384
0.0490622845354324
0.0490872143881578
0.0491113686727548
0.0491347329909442
0.0491572996356135
0.0491790662941031
0.0492000350105824
0.0492202113437838
0.0492396036759890
0.0492582226415109
0.0492760806509821
0.0492931914936367
0.0493095700034176
0.0493252317780704
0.0493401929421417
0.0493544699469236
0.0493680794012889
0.0493810379286591
0.0493933620460586
0.0494050680619204
0.0494161719897463
0.0494266894753833
0.0494366357357495
0.0494460255074405
0.0494548730036984
0.0494631918785111
0.0494709951968012
0.0494782954097919
0.0494851043347578
0.0494914331385107
0.0494972923240073
0.0495026917196422
0.0495076404707090
0.0495121470327447
0.0495162191663633
0.0495198639333492
0.0495230876937724
0.0495258961038760
0.0495282941146036
0.0495302859706137
0.0495318752096513
0.0495330646621540
0.0495338564510556
0.0495342519916721
0.0495342519916721
0.0495338564510556
0.0495330646621540
0.0495318752096513
0.0495302859706137
0.0495282941146035
0.0495258961038760
0.0495230876937724
0.0495198639333492
0.0495162191663633
0.0495121470327447
0.0495076404707090
0.0495026917196422
0.0494972923240073
0.0494914331385107
0.0494851043347578
0.0494782954097919
0.0494709951968012
0.0494631918785111
0.0494548730036983
0.0494460255074405
0.0494366357357495
0.0494266894753833
0.0494161719897463
0.0494050680619204
0.0493933620460586
0.0493810379286591
0.0493680794012889
0.0493544699469236
0.0493401929421417
0.0493252317780704
0.0493095700034176
0.0492931914936367
0.0492760806509821
0.0492582226415109
0.0492396036759890
0.0492202113437838
0.0492000350105823
0.0491790662941031
0.0491572996356135
0.0491347329909442
0.0491113686727548
0.0490872143881578
0.0490622845354324
0.0490366018561384
0.0490101995970184
0.0489831244486374
0.0489554407710487
0.0489272372366737
0.0488986390591773
0.0488881891966035
0.0489164640082312
0.0489443459011437
0.0489717105220470
0.0489984700365694
0.0490245608833744
0.0490499371185371
0.0490745661805559
0.0490984259452677
0.0491215025601607
0.0491437887908408
0.0491652827248884
0.0491859867364225
0.0492059066473251
0.0492250510406012
0.0492434306938297
0.0492610581088081
0.0492779471192832
0.0492941125624768
0.0493095700034176
0.0493243355029821
0.0493384254224472
0.0493518562587122
0.0493646445052121
0.0493768065345710
0.0493883584996354
0.0493993162500703
0.0494096952621673
0.0494195105798940
0.0494287767655016
0.0494375078582428
0.0494457173400400
0.0494534181069897
0.0494606224459100
0.0494673420150895
0.0494735878286270
0.0494793702438117
0.0494846989510138
0.0494895829657236
0.0494940306223153
0.0494980495692889
0.0495016467657027
0.0495048284785235
0.0495076002807626
0.0495099670501861
0.0495119329684920
0.0495135015207719
0.0495146754952429
0.0495154569831073
0.0495158473785059
0.0495158473785059
0.0495154569831073
0.0495146754952429
0.0495135015207719
0.0495119329684921
0.0495099670501861
0.0495076002807626
0.0495048284785235
0.0495016467657027
0.0494980495692889
0.0494940306223153
0.0494895829657236
0.0494846989510138
0.0494793702438117
0.0494735878286270
0.0494673420150896
0.0494606224459100
0.0494534181069898
0.0494457173400400
0.0494375078582428
0.0494287767655016
0.0494195105798940
0.0494096952621672
0.0493993162500705
0.0493883584996354
0.0493768065345710
0.0493646445052121
0.0493518562587122
0.0493384254224471
0.0493243355029821
0.0493095700034176
0.0492941125624768
0.0492779471192832
0.0492610581088081
0.0492434306938297
0.0492250510406012
0.0492059066473251
0.0491859867364227
0.0491652827248884
0.0491437887908408
0.0491215025601607
0.0490984259452677
0.0490745661805559
0.0490499371185370
0.0490245608833744
0.0489984700365694
0.0489717105220470
0.0489443459011441
0.0489164640082312
0.0488881891966036
0.0488772941913572
0.0489052268559119
0.0489327684924062
0.0489597957050102
0.0489862215878084
0.0490119834594399
0.0490370361931977
0.0490613479716402
0.0490848973347934
0.0491076710109010
0.0491296622621569
0.0491508695900973
0.0491712957035834
0.0491909466847332
0.0492098313079710
0.0492279604796770
0.0492453467743117
0.0492620040485811
0.0492779471192832
0.0492931914936366
0.0493077531429201
0.0493216483122519
0.0493348933605039
0.0493475046255232
0.0493594983106299
0.0493708903890597
0.0493816965236060
0.0493919319990883
0.0494016116657516
0.0494107498918934
0.0494193605243816
0.0494274568558269
0.0494350515974487
0.0494421568567172
0.0494487841191077
0.0494549442332540
0.0494606473990223
0.0494659031580284
0.0494707203861329
0.0494751072876697
0.0494790713910135
0.0494826195453026
0.0494857579180434
0.0494884919934320
0.0494908265712282
0.0494927657660586
0.0494943130069810
0.0494954710373073
0.0494962419145048
0.0494966270102020
0.0494966270102020
0.0494962419145048
0.0494954710373073
0.0494943130069810
0.0494927657660586
0.0494908265712282
0.0494884919934320
0.0494857579180434
0.0494826195453026
0.0494790713910135
0.0494751072876697
0.0494707203861329
0.0494659031580284
0.0494606473990222
0.0494549442332541
0.0494487841191077
0.0494421568567172
0.0494350515974487
0.0494274568558268
0.0494193605243816
0.0494107498918934
0.0494016116657516
0.0493919319990883
0.0493816965236060
0.0493708903890597
0.0493594983106298
0.0493475046255233
0.0493348933605039
0.0493216483122519
0.0493077531429201
0.0492931914936366
0.0492779471192832
0.0492620040485811
0.0492453467743117
0.0492279604796770
0.0492098313079709
0.0491909466847332
0.0491712957035833
0.0491508695900973
0.0491296622621569
0.0491076710109008
0.0490848973347934
0.0490613479716402
0.0490370361931977
0.0490119834594399
0.0489862215878084
0.0489597957050102
0.0489327684924062
0.0489052268559119
0.0488772941913572
0.0488659471908516
0.0488935179961814
0.0489206998525921
0.0489473704322994
0.0489734438598083
0.0489988584243744
0.0490235698938120
0.0490475472578146
0.0490707697692155
0.0490932247717642
0.0491149060460836
0.0491358125180760
0.0491559472318137
0.0491753165218615
0.0491939293395436
0.0492117967002828
0.0492289312274877
0.0492453467743116
0.0492610581088081
0.0492760806509821
0.0492904302527455
0.0493041230133745
0.0493171751245716
0.0493296027402549
0.0493414218671237
0.0493526482726917
0.0493632974080389
0.0493733843430234
0.0493829237120381
0.0493919296686971
0.0494004158480889
0.0494083953354742
0.0494158806404170
0.0494228836755347
0.0494294157391625
0.0494354875012880
0.0494411089923069
0.0494462895940184
0.0494510380326457
0.0494553623733904
0.0494592700163453
0.0494627676934248
0.0494658614662108
0.0494685567244212
0.0494708581849188
0.0494727698911113
0.0494742952126112
0.0494754368450962
0.0494761968102803
0.0494765764559355
0.0494765764559355
0.0494761968102803
0.0494754368450962
0.0494742952126112
0.0494727698911112
0.0494708581849188
0.0494685567244212
0.0494658614662108
0.0494627676934248
0.0494592700163453
0.0494553623733905
0.0494510380326457
0.0494462895940184
0.0494411089923069
0.0494354875012880
0.0494294157391626
0.0494228836755347
0.0494158806404170
0.0494083953354742
0.0494004158480889
0.0493919296686971
0.0493829237120381
0.0493733843430234
0.0493632974080389
0.0493526482726917
0.0493414218671237
0.0493296027402549
0.0493171751245716
0.0493041230133745
0.0492904302527455
0.0492760806509821
0.0492610581088081
0.0492453467743116
0.0492289312274877
0.0492117967002828
0.0491939293395436
0.0491753165218615
0.0491559472318137
0.0491358125180760
0.0491149060460836
0.0490932247717642
0.0490707697692155
0.0490475472578144
0.0490235698938120
0.0489988584243744
0.0489734438598083
0.0489473704322994
0.0489206998525921
0.0488935179961814
0.0488659471908516
0.0488541419380353
0.0488813301896710
0.0489081317866369
0.0489344255956203
0.0489601268870310
0.0489851750218162
0.0490095267468754
0.0490331519261358
0.0490560305750179
0.0490781506861420
0.0490995065771754
0.0491200976040444
0.0491399271408725
0.0491590017606948
0.0491773305708745
0.0491949246698520
0.0492117967002828
0.0492279604796771
0.0492434306938297
0.0492582226415109
0.0492723520213385
0.0492858347534263
0.0492986868299405
0.0493109241897528
0.0493225626132429
0.0493336176340117
0.0493441044648378
0.0493540379356430
0.0493634324415966
0.0493723018998313
0.0493806597133956
0.0493885187414170
0.0493958912744330
0.0494027890142031
0.0494092230571925
0.0494152038812656
0.0494207413349693
0.0494258446290820
0.0494305223299816
0.0494347823545381
0.0494386319662772
0.0494420777725367
0.0494451257224441
0.0494477811055357
0.0494500485508611
0.0494519320264407
0.0494534348390036
0.0494545596338764
0.0494553083949874
0.0494556824449068
0.0494556824449068
0.0494553083949874
0.0494545596338764
0.0494534348390036
0.0494519320264407
0.0494500485508611
0.0494477811055357
0.0494451257224441
0.0494420777725367
0.0494386319662772
0.0494347823545381
0.0494305223299816
0.0494258446290820
0.0494207413349693
0.0494152038812656
0.0494092230571925
0.0494027890142031
0.0493958912744330
0.0493885187414171
0.0493806597133956
0.0493723018998313
0.0493634324415966
0.0493540379356430
0.0493441044648378
0.0493336176340117
0.0493225626132429
0.0493109241897529
0.0492986868299405
0.0492858347534263
0.0492723520213385
0.0492582226415109
0.0492434306938297
0.0492279604796770
0.0492117967002828
0.0491949246698520
0.0491773305708745
0.0491590017606948
0.0491399271408725
0.0491200976040444
0.0490995065771754
0.0490781506861420
0.0490560305750179
0.0490331519261358
0.0490095267468754
0.0489851750218162
0.0489601268870310
0.0489344255956203
0.0489081317866369
0.0488813301896711
0.0488541419380353
0.0488418729258609
0.0488686568934737
0.0488950567478550
0.0489209526955379
0.0489462612839603
0.0489709230585472
0.0489948958373761
0.0490181504292489
0.0490406676619441
0.0490624362075061
0.0490834509341861
0.0491037116271583
0.0491232219781115
0.0491419887769002
0.0491600212584559
0.0491773305708745
0.0491939293395436
0.0492098313079710
0.0492250510406012
0.0492396036759890
0.0492535047211859
0.0492667698800429
0.0492794149096086
0.0492914554998331
0.0493029071727218
0.0493137851978271
0.0493241045213996
0.0493338797070747
0.0493431248863121
0.0493518537170303
0.0493600793492284
0.0493678143965059
0.0493750709125340
0.0493818603718018
0.0493881936539016
0.0493940810308177
0.0493995321567579
0.0494045560600973
0.0494091611370839
0.0494133551469852
0.0494171452084643
0.0494205377968708
0.0494235387423597
0.0494261532285778
0.0494283857918378
0.0494302403206287
0.0494317200553665
0.0494328275883104
0.0494335648635868
0.0494339331772269
0.0494339331772269
0.0494335648635868
0.0494328275883104
0.0494317200553665
0.0494302403206287
0.0494283857918378
0.0494261532285778
0.0494235387423597
0.0494205377968708
0.0494171452084644
0.0494133551469852
0.0494091611370839
0.0494045560600973
0.0493995321567579
0.0493940810308177
0.0493881936539016
0.0493818603718018
0.0493750709125340
0.0493678143965059
0.0493600793492284
0.0493518537170303
0.0493431248863121
0.0493338797070747
0.0493241045213996
0.0493137851978271
0.0493029071727218
0.0492914554998330
0.0492794149096086
0.0492667698800427
0.0492535047211859
0.0492396036759890
0.0492250510406012
0.0492098313079710
0.0491939293395436
0.0491773305708745
0.0491600212584559
0.0491419887769002
0.0491232219781115
0.0491037116271582
0.0490834509341861
0.0490624362075061
0.0490406676619441
0.0490181504292489
0.0489948958373761
0.0489709230585472
0.0489462612839603
0.0489209526955379
0.0488950567478550
0.0488686568934737
0.0488418729258609
0.0488291355769240
0.0488554924386058
0.0488814680148160
0.0489069440199774
0.0489318384279091
0.0489560930942644
0.0489796670079720
0.0490025319958549
0.0490246697461163
0.0490460696357382
0.0490667270898357
0.0490866423133495
0.0491058192937014
0.0491242650065698
0.0491419887769002
0.0491590017606948
0.0491753165218615
0.0491909466847332
0.0492059066473251
0.0492202113437838
0.0492338760468661
0.0492469162033160
0.0492593472962979
0.0492711847302987
0.0492824437347273
0.0492931392831350
0.0493032860255313
0.0493128982317444
0.0493219897440557
0.0493305739377031
0.0493386636880380
0.0493462713432631
0.0493534087019952
0.0493600869948000
0.0493663168691862
0.0493721083774109
0.0493774709667476
0.0493824134717701
0.0493869441082897
0.0493910704687143
0.0493947995185519
0.0493981375938111
0.0494010903991824
0.0494036630067631
0.0494058598552610
0.0494076847495066
0.0494091408602190
0.0494102307239147
0.0494109562429089
0.0494113186853730
0.0494113186853730
0.0494109562429089
0.0494102307239147
0.0494091408602190
0.0494076847495066
0.0494058598552609
0.0494036630067631
0.0494010903991824
0.0493981375938111
0.0493947995185519
0.0493910704687143
0.0493869441082897
0.0493824134717701
0.0493774709667476
0.0493721083774109
0.0493663168691862
0.0493600869947998
0.0493534087019952
0.0493462713432630
0.0493386636880380
0.0493305739377031
0.0493219897440556
0.0493128982317443
0.0493032860255313
0.0492931392831350
0.0492824437347273
0.0492711847302987
0.0492593472962979
0.0492469162033160
0.0492338760468661
0.0492202113437838
0.0492059066473251
0.0491909466847332
0.0491753165218615
0.0491590017606948
0.0491419887769002
0.0491242650065698
0.0491058192937014
0.0490866423133495
0.0490667270898356
0.0490460696357380
0.0490246697461163
0.0490025319958549
0.0489796670079720
0.0489560930942644
0.0489318384279091
0.0489069440199774
0.0488814680148160
0.0488554924386058
0.0488291355769240
0.0488159264534275
0.0488418322378626
0.0488673598991707
0.0488923928550914
0.0489168506764225
0.0489406766689710
0.0489638310992057
0.0489862868858934
0.0490080266213828
0.0490290404051513
0.0490493242151879
0.0490688786552625
0.0490877079750561
0.0491058192937014
0.0491232219781114
0.0491399271408725
0.0491559472318137
0.0491712957035833
0.0491859867364226
0.0492000350105824
0.0492134555173999
0.0492262634019591
0.0492384738317757
0.0492501018869093
0.0492611624679538
0.0492716702189423
0.0492816394627016
0.0492910841467512
0.0493000177980118
0.0493084534850139
0.0493164037864235
0.0493238807649475
0.0493308959457488
0.0493374602987305
0.0493435842240460
0.0493492775403736
0.0493545494755082
0.0493594086588552
0.0493638631155803
0.0493679202620590
0.0493715869024536
0.0493748692261691
0.0493777728060289
0.0493803025970108
0.0493824629354218
0.0493842575383993
0.0493856895036389
0.0493867613092727
0.0493874748138596
0.0493878312564091
0.0493878312564091
0.0493874748138596
0.0493867613092727
0.0493856895036389
0.0493842575383993
0.0493824629354218
0.0493803025970108
0.0493777728060289
0.0493748692261691
0.0493715869024536
0.0493679202620590
0.0493638631155803
0.0493594086588551
0.0493545494755082
0.0493492775403736
0.0493435842240460
0.0493374602987305
0.0493308959457488
0.0493238807649475
0.0493164037864235
0.0493084534850139
0.0493000177980118
0.0492910841467512
0.0492816394627016
0.0492716702189423
0.0492611624679538
0.0492501018869093
0.0492384738317757
0.0492262634019591
0.0492134555173999
0.0492000350105824
0.0491859867364227
0.0491712957035833
0.0491559472318137
0.0491399271408725
0.0491232219781114
0.0491058192937014
0.0490877079750561
0.0490688786552625
0.0490493242151879
0.0490290404051513
0.0490080266213828
0.0489862868858932
0.0489638310992055
0.0489406766689710
0.0489168506764225
0.0488923928550914
0.0488673598991707
0.0488418322378626
0.0488159264534275
0.0488022435040161
0.0488276730306652
0.0488527279914543
0.0488772937362333
0.0489012916280700
0.0489246665778354
0.0489473802418969
0.0489694067026608
0.0489907294922284
0.0490113394381267
0.0490312330531062
0.0490504113041369
0.0490688786552625
0.0490866423133495
0.0491037116271582
0.0491200976040444
0.0491358125180760
0.0491508695900973
0.0491652827248884
0.0491790662941031
0.0491922349562675
0.0492048035068934
0.0492167867533433
0.0492281994101516
0.0492390560112517
0.0492493708363729
0.0492591578492910
0.0492684306460335
0.0492772024114950
0.0492854858831594
0.0492932933208441
0.0493006364815342
0.0493075265985649
0.0493139743644593
0.0493199899168904
0.0493255828272328
0.0493307620913929
0.0493355361224401
0.0493399127448328
0.0493438991899129
0.0493475020924879
0.0493507274882402
0.0493535808118851
0.0493560668958454
0.0493581899693652
0.0493599536579489
0.0493613609830271
0.0493624143618013
0.0493631156071631
0.0493634659277018
0.0493634659277017
0.0493631156071631
0.0493624143618013
0.0493613609830271
0.0493599536579489
0.0493581899693652
0.0493560668958454
0.0493535808118851
0.0493507274882402
0.0493475020924879
0.0493438991899129
0.0493399127448328
0.0493355361224400
0.0493307620913930
0.0493255828272328
0.0493199899168904
0.0493139743644593
0.0493075265985649
0.0493006364815342
0.0492932933208441
0.0492854858831594
0.0492772024114950
0.0492684306460336
0.0492591578492910
0.0492493708363729
0.0492390560112517
0.0492281994101516
0.0492167867533433
0.0492048035068934
0.0491922349562675
0.0491790662941031
0.0491652827248885
0.0491508695900973
0.0491358125180760
0.0491200976040444
0.0491037116271582
0.0490866423133494
0.0490688786552625
0.0490504113041369
0.0490312330531062
0.0490113394381267
0.0489907294922284
0.0489694067026608
0.0489473802418970
0.0489246665778354
0.0489012916280700
0.0488772937362333
0.0488527279914543
0.0488276730306652
0.0488022435040161
0.0487880863559060
0.0488130131735250
0.0488375694541012
0.0488616427493396
0.0488851564384075
0.0489080572071752
0.0489303082170488
0.0489518847788050
0.0489727713862849
0.0489929595832101
0.0490124463801755
0.0490312330531062
0.0490493242151879
0.0490667270898357
0.0490834509341860
0.0490995065771754
0.0491149060460836
0.0491296622621569
0.0491437887908409
0.0491572996356135
0.0491702090669516
0.0491825314798845
0.0491942812749061
0.0492054727582324
0.0492161200580583
0.0492262370541863
0.0492358373188964
0.0492449340672232
0.0492535401152119
0.0492616678449431
0.0492693291752673
0.0492765355374066
0.0492832978546926
0.0492896265258273
0.0492955314110971
0.0493010218211490
0.0493061065078786
0.0493107936571177
0.0493150908828432
0.0493190052226234
0.0493225431341237
0.0493257104924430
0.0493285125881468
0.0493309541258515
0.0493330392232331
0.0493347714103693
0.0493361536293205
0.0493371882338836
0.0493378769894630
0.0493382210730129
0.0493382210730128
0.0493378769894630
0.0493371882338836
0.0493361536293205
0.0493347714103694
0.0493330392232331
0.0493309541258515
0.0493285125881470
0.0493257104924430
0.0493225431341237
0.0493190052226234
0.0493150908828432
0.0493107936571176
0.0493061065078786
0.0493010218211490
0.0492955314110971
0.0492896265258273
0.0492832978546926
0.0492765355374066
0.0492693291752673
0.0492616678449431
0.0492535401152119
0.0492449340672232
0.0492358373188964
0.0492262370541863
0.0492161200580583
0.0492054727582324
0.0491942812749061
0.0491825314798845
0.0491702090669516
0.0491572996356135
0.0491437887908408
0.0491296622621569
0.0491149060460836
0.0490995065771754
0.0490834509341861
0.0490667270898356
0.0490493242151879
0.0490312330531062
0.0490124463801756
0.0489929595832101
0.0489727713862849
0.0489518847788050
0.0489303082170488
0.0489080572071752
0.0488851564384075
0.0488616427493395
0.0488375694541012
0.0488130131735250
0.0487880863559060
0.0487734566636835
0.0487978529877191
0.0488218833741755
0.0488454378970610
0.0488684422078581
0.0488908449508663
0.0489126109049912
0.0489337166597625
0.0489541476713808
0.0489738961635333
0.0489929595832101
0.0490113394381268
0.0490290404051514
0.0490460696357382
0.0490624362075061
0.0490781506861420
0.0490932247717642
0.0491076710109008
0.0491215025601607
0.0491347329909441
0.0491473761272738
0.0491594459104617
0.0491709562857583
0.0491819211071842
0.0491923540574381
0.0492022685804334
0.0492116778243870
0.0492205945938953
0.0492290313095468
0.0492369999739524
0.0492445121432524
0.0492515789032622
0.0492582108495750
0.0492644180710427
0.0492702101361470
0.0492755960817881
0.0492805844041480
0.0492851830513300
0.0492893994174235
0.0492932403378386
0.0492967120856475
0.0492998203687791
0.0493025703278826
0.0493049665347609
0.0493070129912297
0.0493087131283221
0.0493100698057601
0.0493110853116020
0.0493117613620184
0.0493120991011775
0.0493120991011775
0.0493117613620184
0.0493110853116020
0.0493100698057601
0.0493087131283221
0.0493070129912298
0.0493049665347609
0.0493025703278826
0.0492998203687791
0.0492967120856475
0.0492932403378386
0.0492893994174235
0.0492851830513300
0.0492805844041480
0.0492755960817882
0.0492702101361470
0.0492644180710427
0.0492582108495750
0.0492515789032622
0.0492445121432524
0.0492369999739524
0.0492290313095468
0.0492205945938953
0.0492116778243870
0.0492022685804334
0.0491923540574384
0.0491819211071842
0.0491709562857583
0.0491594459104617
0.0491473761272738
0.0491347329909441
0.0491215025601607
0.0491076710109008
0.0490932247717642
0.0490781506861420
0.0490624362075061
0.0490460696357382
0.0490290404051514
0.0490113394381267
0.0489929595832101
0.0489738961635333
0.0489541476713808
0.0489337166597625
0.0489126109049912
0.0488908449508663
0.0488684422078581
0.0488454378970610
0.0488218833741757
0.0487978529877191
0.0487734566636835
0.0487583585301541
0.0487821951800887
0.0488056711934635
0.0488286795502129
0.0488511484658460
0.0488730287352500
0.0488942868550654
0.0489149007183582
0.0489348567123628
0.0489541476713809
0.0489727713862849
0.0489907294922284
0.0490080266213828
0.0490246697461163
0.0490406676619441
0.0490560305750180
0.0490707697692155
0.0490848973347934
0.0490984259452677
0.0491113686727548
0.0491237388341328
0.0491355498623053
0.0491468151980822
0.0491575481990445
0.0491677620626216
0.0491774697610556
0.0491866839863607
0.0491954171037884
0.0492036811124369
0.0492114876120526
0.0492188477749946
0.0492257723226920
0.0492322715059293
0.0492383550883601
0.0492440323328379
0.0492493119900967
0.0492542022894839
0.0492587109313717
0.0492628450810559
0.0492666113638464
0.0492700158611822
0.0492730641075979
0.0492757610883876
0.0492781112378125
0.0492801184377946
0.0492817860169278
0.0492831167498062
0.0492841128565366
0.0492847760024325
0.0492851072977906
0.0492851072977906
0.0492847760024325
0.0492841128565366
0.0492831167498062
0.0492817860169278
0.0492801184377945
0.0492781112378125
0.0492757610883878
0.0492730641075980
0.0492700158611822
0.0492666113638464
0.0492628450810559
0.0492587109313717
0.0492542022894839
0.0492493119900967
0.0492440323328380
0.0492383550883601
0.0492322715059293
0.0492257723226920
0.0492188477749946
0.0492114876120526
0.0492036811124369
0.0491954171037884
0.0491866839863607
0.0491774697610556
0.0491677620626216
0.0491575481990445
0.0491468151980822
0.0491355498623053
0.0491237388341328
0.0491113686727548
0.0490984259452677
0.0490848973347934
0.0490707697692155
0.0490560305750180
0.0490406676619441
0.0490246697461163
0.0490080266213829
0.0489907294922284
0.0489727713862850
0.0489541476713809
0.0489348567123628
0.0489149007183582
0.0488942868550654
0.0488730287352500
0.0488511484658460
0.0488286795502129
0.0488056711934635
0.0487821951800887
0.0487583585301541
0.0487427990209833
0.0487660453595324
0.0487889372415569
0.0488113710152700
0.0488332777878828
0.0488546106949367
0.0488753380225624
0.0488954389500183
0.0489149007183582
0.0489337166597625
0.0489518847788050
0.0489694067026608
0.0489862868858932
0.0490025319958549
0.0490181504292490
0.0490331519261358
0.0490475472578146
0.0490613479716402
0.0490745661805559
0.0490872143881578
0.0490993053424392
0.0491108519128831
0.0491218669867755
0.0491323633815105
0.0491423537701985
0.0491518506185271
0.0491608661311423
0.0491694122060310
0.0491775003958466
0.0491851418750709
0.0491923474122094
0.0491991273463168
0.0492054915671971
0.0492114494988135
0.0492170100853808
0.0492221817798200
0.0492269725341838
0.0492313897917987
0.0492354404808324
0.0492391310090818
0.0492424672597990
0.0492454545883473
0.0492480978196084
0.0492504012459272
0.0492523686255726
0.0492540031815518
0.0492553076007496
0.0492562840332940
0.0492569340921136
0.0492572588526419
0.0492572588526419
0.0492569340921136
0.0492562840332940
0.0492553076007496
0.0492540031815518
0.0492523686255726
0.0492504012459273
0.0492480978196084
0.0492454545883473
0.0492424672597990
0.0492391310090818
0.0492354404808323
0.0492313897917987
0.0492269725341838
0.0492221817798200
0.0492170100853808
0.0492114494988136
0.0492054915671971
0.0491991273463168
0.0491923474122094
0.0491851418750709
0.0491775003958466
0.0491694122060310
0.0491608661311423
0.0491518506185271
0.0491423537701985
0.0491323633815105
0.0491218669867755
0.0491108519128829
0.0490993053424392
0.0490872143881578
0.0490745661805559
0.0490613479716402
0.0490475472578146
0.0490331519261358
0.0490181504292489
0.0490025319958549
0.0489862868858932
0.0489694067026608
0.0489518847788050
0.0489337166597625
0.0489149007183582
0.0488954389500183
0.0488753380225624
0.0488546106949367
0.0488332777878828
0.0488113710152700
0.0487889372415569
0.0487660453595324
0.0487427990209834
0.0487267888047494
0.0487494126826875
0.0487716894110964
0.0487935192660942
0.0488148366035756
0.0488355970654726
0.0488557707442565
0.0488753380225624
0.0488942868550654
0.0489126109049912
0.0489303082170488
0.0489473802418970
0.0489638310992057
0.0489796670079720
0.0489948958373761
0.0490095267468754
0.0490235698938120
0.0490370361931977
0.0490499371185370
0.0490622845354324
0.0490740905617344
0.0490853674494259
0.0490961274845006
0.0491063829018690
0.0491161458128359
0.0491254281432754
0.0491342415808484
0.0491425975299537
0.0491505070733037
0.0491579809391411
0.0491650294733840
0.0491716626159488
0.0491778898806830
0.0491837203384302
0.0491891626027592
0.0491942248180339
0.0491989146494187
0.0492032392746154
0.0492072053770377
0.0492108191401811
0.0492140862431177
0.0492170118567650
0.0492196006409705
0.0492218567421797
0.0492237837915968
0.0492253849037733
0.0492266626755333
0.0492276191851671
0.0492282559918517
0.0492285741352501
0.0492285741352501
0.0492282559918517
0.0492276191851671
0.0492266626755333
0.0492253849037732
0.0492237837915968
0.0492218567421797
0.0492196006409705
0.0492170118567650
0.0492140862431177
0.0492108191401811
0.0492072053770377
0.0492032392746154
0.0491989146494187
0.0491942248180340
0.0491891626027592
0.0491837203384302
0.0491778898806830
0.0491716626159488
0.0491650294733840
0.0491579809391411
0.0491505070733036
0.0491425975299536
0.0491342415808485
0.0491254281432754
0.0491161458128359
0.0491063829018690
0.0490961274845006
0.0490853674494259
0.0490740905617344
0.0490622845354324
0.0490499371185370
0.0490370361931977
0.0490235698938120
0.0490095267468754
0.0489948958373761
0.0489796670079720
0.0489638310992055
0.0489473802418970
0.0489303082170488
0.0489126109049912
0.0488942868550654
0.0488753380225624
0.0488557707442563
0.0488355970654725
0.0488148366035756
0.0487935192660942
0.0487716894110964
0.0487494126826875
0.0487267888047494
0.0487103429666833
0.0487323106807978
0.0487539400388425
0.0487751359200756
0.0487958362914428
0.0488159994000873
0.0488355970654726
0.0488546106949366
0.0488730287352500
0.0488908449508663
0.0489080572071752
0.0489246665778353
0.0489406766689710
0.0489560930942644
0.0489709230585472
0.0489851750218162
0.0489988584243744
0.0490119834594399
0.0490245608833744
0.0490366018561383
0.0490481178064223
0.0490591203171106
0.0490696210276802
0.0490796315507876
0.0490891634009103
0.0490982279331928
0.0491068362909514
0.0491149993607447
0.0491227277337827
0.0491300316729268
0.0491369210844437
0.0491434054938833
0.0491494940255453
0.0491551953850315
0.0491605178444379
0.0491654692298927
0.0491700569110432
0.0491742877922798
0.0491781683054083
0.0491817044035789
0.0491849015563050
0.0491877647453461
0.0491902984614122
0.0491925067014798
0.0491943929666430
0.0491959602604483
0.0491972110875732
0.0491981474528216
0.0491987708603990
0.0491990823133800
0.0491990823133800
0.0491987708603990
0.0491981474528216
0.0491972110875732
0.0491959602604483
0.0491943929666430
0.0491925067014798
0.0491902984614122
0.0491877647453461
0.0491849015563050
0.0491817044035789
0.0491781683054081
0.0491742877922798
0.0491700569110432
0.0491654692298928
0.0491605178444379
0.0491551953850315
0.0491494940255453
0.0491434054938832
0.0491369210844437
0.0491300316729269
0.0491227277337827
0.0491149993607444
0.0491068362909514
0.0490982279331928
0.0490891634009104
0.0490796315507876
0.0490696210276802
0.0490591203171106
0.0490481178064223
0.0490366018561383
0.0490245608833744
0.0490119834594399
0.0489988584243743
0.0489851750218162
0.0489709230585472
0.0489560930942644
0.0489406766689710
0.0489246665778354
0.0489080572071752
0.0488908449508663
0.0488730287352500
0.0488546106949367
0.0488355970654726
0.0488159994000873
0.0487958362914428
0.0487751359200756
0.0487539400388425
0.0487323106807978
0.0487103429666834
0.0486934820738391
0.0487147583544802
0.0487357071040589
0.0487562386011696
0.0487762947279830
0.0487958362914428
0.0488148366035756
0.0488332777878828
0.0488511484658460
0.0488684422078581
0.0488851564384076
0.0489012916280700
0.0489168506764225
0.0489318384279090
0.0489462612839603
0.0489601268870310
0.0489734438598083
0.0489862215878084
0.0489984700365694
0.0490101995970184
0.0490214209538836
0.0490321449734352
0.0490423826072598
0.0490521448096605
0.0490614424666486
0.0490702863348212
0.0490786869886828
0.0490866547753087
0.0490941997752725
0.0491013317690800
0.0491080602082559
0.0491143941905814
0.0491203424388747
0.0491259132828414
0.0491311146436267
0.0491359540206638
0.0491404384805522
0.0491445746476624
0.0491483686962467
0.0491518263438209
0.0491549528456846
0.0491577529903548
0.0491602310958278
0.0491623910065209
0.0491642360908024
0.0491657692389895
0.0491669928618032
0.0491679088891407
0.0491685187691725
0.0491688234676917
0.0491688234676917
0.0491685187691725
0.0491679088891407
0.0491669928618033
0.0491657692389895
0.0491642360908024
0.0491623910065208
0.0491602310958278
0.0491577529903548
0.0491549528456846
0.0491518263438209
0.0491483686962467
0.0491445746476624
0.0491404384805523
0.0491359540206638
0.0491311146436267
0.0491259132828414
0.0491203424388748
0.0491143941905814
0.0491080602082559
0.0491013317690800
0.0490941997752726
0.0490866547753087
0.0490786869886828
0.0490702863348212
0.0490614424666486
0.0490521448096605
0.0490423826072598
0.0490321449734352
0.0490214209538836
0.0490101995970185
0.0489984700365694
0.0489862215878082
0.0489734438598083
0.0489601268870310
0.0489462612839603
0.0489318384279090
0.0489168506764225
0.0489012916280700
0.0488851564384075
0.0488684422078581
0.0488511484658460
0.0488332777878828
0.0488148366035756
0.0487958362914428
0.0487762947279830
0.0487562386011696
0.0487357071040589
0.0487147583544802
0.0486934820738391
0.0486762336265244
0.0486967816946491
0.0487170159597432
0.0487368529643302
0.0487562386011696
0.0487751359200756
0.0487935192660940
0.0488113710152703
0.0488286795502129
0.0488454378970610
0.0488616427493396
0.0488772937362333
0.0488923928550914
0.0489069440199774
0.0489209526955378
0.0489344255956202
0.0489473704322994
0.0489597957050102
0.0489717105220470
0.0489831244486374
0.0489940473770590
0.0490044894151795
0.0490144607905559
0.0490239717677524
0.0490330325769568
0.0490416533522769
0.0490498440783916
0.0490576145443968
0.0490649743039295
0.0490719326406871
0.0490784985386722
0.0490846806565500
0.0490904873055638
0.0490959264305521
0.0491010055937245
0.0491057319607010
0.0491101122887199
0.0491141529165096
0.0491178597557702
0.0491212382839746
0.0491242935383140
0.0491270301106407
0.0491294521432583
0.0491315633254615
0.0491333668906713
0.0491348656141479
0.0491360618111458
0.0491369573354687
0.0491375535783716
0.0491378514677794
0.0491378514677794
0.0491375535783716
0.0491369573354687
0.0491360618111458
0.0491348656141479
0.0491333668906713
0.0491315633254615
0.0491294521432583
0.0491270301106407
0.0491242935383140
0.0491212382839746
0.0491178597557702
0.0491141529165096
0.0491101122887200
0.0491057319607010
0.0491010055937245
0.0490959264305521
0.0490904873055639
0.0490846806565500
0.0490784985386722
0.0490719326406871
0.0490649743039295
0.0490576145443968
0.0490498440783916
0.0490416533522769
0.0490330325769568
0.0490239717677524
0.0490144607905559
0.0490044894151795
0.0489940473770590
0.0489831244486374
0.0489717105220470
0.0489597957050102
0.0489473704322994
0.0489344255956202
0.0489209526955379
0.0489069440199774
0.0488923928550914
0.0488772937362333
0.0488616427493396
0.0488454378970610
0.0488286795502129
0.0488113710152703
0.0487935192660940
0.0487751359200756
0.0487562386011696
0.0487368529643302
0.0487170159597432
0.0486967816946491
0.0486762336265247
0.0486586341540702
0.0486784159599492
0.0486979020692504
0.0487170159597432
0.0487357071040589
0.0487539400388425
0.0487716894110963
0.0487889372415570
0.0488056711934636
0.0488218833741755
0.0488375694541012
0.0488527279914543
0.0488673598991707
0.0488814680148160
0.0488950567478550
0.0489081317866369
0.0489206998525921
0.0489327684924062
0.0489443459011438
0.0489554407710487
0.0489660621616692
0.0489762193880209
0.0489859219239854
0.0489951793187530
0.0490040011244287
0.0490123968332300
0.0490203758230278
0.0490279473100414
0.0490351203078380
0.0490419035917426
0.0490483056679988
0.0490543347470764
0.0490599987205988
0.0490653051414004
0.0490702612063760
0.0490748737417197
0.0490791491902541
0.0490830936006175
0.0490867126180120
0.0490900114763645
0.0490929949916810
0.0490956675564412
0.0490980331349027
0.0491000952591953
0.0491018570260697
0.0491033210942755
0.0491044896824063
0.0491053645672292
0.0491059470823939
0.0491062381175022
0.0491062381175022
0.0491059470823939
0.0491053645672292
0.0491044896824063
0.0491033210942755
0.0491018570260697
0.0491000952591953
0.0490980331349027
0.0490956675564412
0.0490929949916810
0.0490900114763645
0.0490867126180120
0.0490830936006175
0.0490791491902541
0.0490748737417197
0.0490702612063760
0.0490653051414004
0.0490599987205988
0.0490543347470764
0.0490483056679988
0.0490419035917426
0.0490351203078380
0.0490279473100414
0.0490203758230278
0.0490123968332300
0.0490040011244287
0.0489951793187530
0.0489859219239854
0.0489762193880209
0.0489660621616692
0.0489554407710487
0.0489443459011438
0.0489327684924062
0.0489206998525922
0.0489081317866369
0.0488950567478550
0.0488814680148160
0.0488673598991707
0.0488527279914543
0.0488375694541012
0.0488218833741755
0.0488056711934635
0.0487889372415570
0.0487716894110964
0.0487539400388425
0.0487357071040589
0.0487170159597432
0.0486979020692504
0.0486784159599492
0.0486586341540702
0.0486407325265624
0.0486597095583502
0.0486784159599492
0.0486967816946491
0.0487147583544802
0.0487323106807978
0.0487494126826875
0.0487660453595325
0.0487821951800887
0.0487978529877191
0.0488130131735250
0.0488276730306652
0.0488418322378626
0.0488554924386059
0.0488686568934736
0.0488813301896710
0.0488935179961814
0.0489052268559119
0.0489164640082312
0.0489272372366737
0.0489375547378603
0.0489474250081980
0.0489568567458549
0.0489658587656401
0.0489744399251202
0.0489826090603311
0.0489903749298396
0.0489977461660655
0.0490047312329016
0.0490113383888236
0.0490175756548584
0.0490234507866707
0.0490289712503891
0.0490341442016583
0.0490389764674476
0.0490434745304037
0.0490476445153203
0.0490514921774956
0.0490550228927825
0.0490582416490181
0.0490611530388025
0.0490637612532859
0.0490660700769830
0.0490680828833754
0.0490698026313068
0.0490712318619511
0.0490723726963904
0.0490732268336848
0.0490737955493684
0.0490740796943863
0.0490740796943863
0.0490737955493684
0.0490732268336848
0.0490723726963905
0.0490712318619511
0.0490698026313068
0.0490680828833754
0.0490660700769830
0.0490637612532859
0.0490611530388025
0.0490582416490181
0.0490550228927825
0.0490514921774956
0.0490476445153203
0.0490434745304037
0.0490389764674476
0.0490341442016583
0.0490289712503892
0.0490234507866707
0.0490175756548584
0.0490113383888238
0.0490047312329016
0.0489977461660656
0.0489903749298396
0.0489826090603311
0.0489744399251202
0.0489658587656402
0.0489568567458551
0.0489474250081980
0.0489375547378603
0.0489272372366737
0.0489164640082312
0.0489052268559119
0.0488935179961814
0.0488813301896710
0.0488686568934736
0.0488554924386059
0.0488418322378626
0.0488276730306652
0.0488130131735250
0.0487978529877191
0.0487821951800887
0.0487660453595324
0.0487494126826875
0.0487323106807978
0.0487147583544802
0.0486967816946491
0.0486784159599492
0.0486597095583502
0.0486407325265624
0.0486225960848051
0.0486407325265624
0.0486586341540702
0.0486762336265247
0.0486934820738391
0.0487103429666833
0.0487267888047494
0.0487427990209834
0.0487583585301541
0.0487734566636835
0.0487880863559060
0.0488022435040161
0.0488159264534275
0.0488291355769241
0.0488418729258609
0.0488541419380353
0.0488659471908516
0.0488772941913572
0.0488881891966035
0.0488986390591773
0.0489086510940018
0.0489182329629778
0.0489273925749257
0.0489361379985941
0.0489444773869018
0.0489524189109288
0.0489599707023052
0.0489671408029647
0.0489739371212611
0.0489803673936863
0.0489864391514672
0.0489921596914514
0.0489975360507236
0.0490025749845596
0.0490072829472210
0.0490116660753129
0.0490157301733751
0.0490194807014293
0.0490229227642236
0.0490260611019886
0.0490289000825541
0.0490314436945630
0.0490336955417472
0.0490356588380749
0.0490373364036947
0.0490387306615798
0.0490398436347813
0.0490406769442350
0.0490412318070652
0.0490415090353584
0.0490415090353584
0.0490412318070652
0.0490406769442350
0.0490398436347813
0.0490387306615798
0.0490373364036947
0.0490356588380749
0.0490336955417472
0.0490314436945630
0.0490289000825541
0.0490260611019886
0.0490229227642236
0.0490194807014293
0.0490157301733752
0.0490116660753129
0.0490072829472210
0.0490025749845596
0.0489975360507236
0.0489921596914514
0.0489864391514672
0.0489803673936862
0.0489739371212611
0.0489671408029647
0.0489599707023052
0.0489524189109288
0.0489444773869018
0.0489361379985941
0.0489273925749257
0.0489182329629778
0.0489086510940018
0.0488986390591773
0.0488881891966035
0.0488772941913572
0.0488659471908516
0.0488541419380353
0.0488418729258609
0.0488291355769240
0.0488159264534275
0.0488022435040161
0.0487880863559060
0.0487734566636835
0.0487583585301541
0.0487427990209834
0.0487267888047494
0.0487103429666833
0.0486934820738391
0.0486762336265247
0.0486586341540702
0.0486407325265624
0.0486225960848051
0.9724619845146729
0.9728250908011554
0.9731834892759454
0.9735358333176261
0.9738811457860042
0.9742186964479917
0.9745479357344462
0.9748684528047665
0.9751799464969826
0.9754822040023203
0.9757750845716822
0.9760585066976181
0.9763324378082234
0.9765968858392018
0.9768518922498488
0.9770975261741999
0.9773338794815328
0.9775610625743625
0.9777792007953923
0.9779884313397875
0.9781889005923917
0.9783807618237370
0.9785641731919554
0.9787392960073731
0.9789062932211525
0.9790653281093487
0.9792165631259516
0.9793601589015498
0.9794962733707981
0.9796250610109041
0.9797466721779665
0.9798612525284545
0.9799689425157762
0.9800698769524758
0.9801641846298869
0.9802519879888878
0.9803334028336069
0.9804085380858959
0.9804774955723481
0.9805403698422031
0.9805972480069299
0.9806482096222373
0.9806933265524517
0.9807326628897659
0.9807662748709763
0.9807942108110475
0.9808165110490276
0.9808332079052412
0.9808443256480970
0.9808498804695348
0.9808498804695348
0.9808443256480970
0.9808332079052412
0.9808165110490276
0.9807942108110502
0.9807662748709763
0.9807326628897659
0.9806933265524517
0.9806482096222373
0.9805972480069299
0.9805403698422031
0.9804774955723481
0.9804085380858959
0.9803334028336066
0.9802519879888878
0.9801641846298869
0.9800698769524758
0.9799689425157762
0.9798612525284545
0.9797466721779665
0.9796250610109041
0.9794962733707981
0.9793601589015498
0.9792165631259516
0.9790653281093487
0.9789062932211525
0.9787392960073731
0.9785641731919477
0.9783807618237370
0.9781889005923838
0.9779884313397875
0.9777792007953923
0.9775610625743625
0.9773338794815328
0.9770975261741999
0.9768518922498488
0.9765968858392018
0.9763324378082234
0.9760585066976181
0.9757750845716822
0.9754822040023203
0.9751799464969826
0.9748684528047665
0.9745479357344463
0.9742186964479917
0.9738811457860042
0.9735358333176261
0.9731834892759454
0.9728250908011554
0.9724619845146730
0.9728250908011554
0.9732049945702150
0.9735794716906319
0.9739471219655198
0.9743069777835990
0.9746583345975588
0.9750006732886010
0.9753336145975300
0.9756568886818722
0.9759703131972055
0.9762737767390733
0.9765672259119688
0.9768506549851850
0.9771240974662144
0.9773876191393981
0.9776413122510973
0.9778852906103591
0.9781196854304951
0.9783446417802160
0.9785603155402132
0.9787668707844659
0.9789644775180588
0.9791533097207397
0.9793335436502075
0.9795053563688181
0.9796689244636009
0.9798244229326402
0.9799720242171399
0.9801118973587548
0.9802442072671467
0.9803691140835893
0.9804867726281039
0.9805973319203394
0.9807009347634811
0.9807977173861882
0.9808878091318536
0.9809713321912766
0.9810484013740757
0.9811191239106806
0.9811835992849391
0.9812419190910441
0.9812941669117780
0.9813404182162208
0.9813807402737338
0.9814151920827779
0.9814438243085772
0.9814666792493231
0.9814837907772600
0.9814951843234263
0.9815008768534222
0.9815008768534222
0.9814951843234270
0.9814837907772600
0.9814666792493231
0.9814438243085827
0.9814151920827758
0.9813807402737338
0.9813404182162208
0.9812941669117780
0.9812419190910441
0.9811835992849391
0.9811191239106806
0.9810484013740757
0.9809713321912766
0.9808878091318536
0.9807977173861882
0.9807009347634811
0.9805973319203394
0.9804867726280998
0.9803691140835893
0.9802442072671467
0.9801118973587548
0.9799720242171365
0.9798244229326402
0.9796689244636014
0.9795053563688175
0.9793335436502075
0.9791533097207397
0.9789644775180588
0.9787668707844659
0.9785603155402132
0.9783446417802160
0.9781196854304951
0.9778852906103591
0.9776413122510973
0.9773876191393981
0.9771240974662144
0.9768506549851862
0.9765672259119688
0.9762737767390733
0.9759703131972055
0.9756568886818722
0.9753336145975250
0.9750006732886010
0.9746583345975588
0.9743069777835990
0.9739471219655198
0.9735794716906319
0.9732049945702150
0.9728250908011554
0.9731834892759454
0.9735794716906312
0.9739695232628766
0.9743521145333545
0.9747262358733159
0.9750911789721193
0.9754464377758202
0.9757916537390797
0.9761265811761635
0.9764510632705518
0.9767650144318716
0.9770684067728831
0.9773612594346079
0.9776436299737160
0.9779156073003541
0.9781773058140255
0.9784288604852021
0.9786704226993903
0.9789021567210390
0.9791242366730274
0.9793368439432196
0.9795401649526477
0.9797343892294245
0.9799197077436016
0.9800963114650537
0.9802643901141797
0.9804241310787680
0.9805757184744274
0.9807193323300986
0.9808551478824932
0.9809833349645971
0.9811040574771103
0.9812174729319370
0.9813237320579961
0.9814229784624589
0.9815153483394621
0.9816009702204225
0.9816799647608977
0.9817524445590520
0.9818185140011846
0.9818782691313532
0.9819317975418566
0.9819791782808114
0.9820204817759448
0.9820557697711579
0.9820850952754188
0.9821085025205218
0.9821260269287573
0.9821376950876565
0.9821435247319364
0.9821435247319364
0.9821376950876565
0.9821260269287573
0.9821085025205218
0.9820850952754188
0.9820557697711579
0.9820204817759448
0.9819791782808114
0.9819317975418566
0.9818782691313532
0.9818185140011846
0.9817524445590520
0.9816799647608977
0.9816009702204225
0.9815153483394621
0.9814229784624589
0.9813237320579961
0.9812174729319370
0.9811040574771103
0.9809833349645971
0.9808551478824932
0.9807193323300986
0.9805757184744274
0.9804241310787680
0.9802643901141797
0.9800963114650532
0.9799197077436016
0.9797343892294245
0.9795401649526477
0.9793368439432196
0.9791242366730274
0.9789021567210390
0.9786704226993903
0.9784288604852021
0.9781773058140255
0.9779156073003541
0.9776436299737160
0.9773612594346079
0.9770684067728831
0.9767650144318716
0.9764510632705518
0.9761265811761635
0.9757916537390778
0.9754464377758202
0.9750911789721193
0.9747262358733159
0.9743521145333545
0.9739695232628777
0.9735794716906312
0.9731834892759454
0.9735358333176261
0.9739471219655198
0.9743521145333545
0.9747491433296797
0.9751371275510184
0.9755153295316087
0.9758832375276844
0.9762405004210202
0.9765868872094571
0.9769222597228528
0.9772465530795749
0.9775597610351348
0.9778619246183742
0.9781531230931778
0.9784334666298729
0.9787030902738060
0.9789621489261159
0.9792108131269238
0.9794492654889939
0.9796776976642974
0.9798963077511265
0.9801052980715385
0.9803048732603286
0.9804952386187172
0.9806765986936417
0.9808491560513188
0.9810131102174759
0.9811686567617300
0.9813159865060481
0.9814552848426257
0.9815867311444660
0.9817104982587839
0.9818267520703814
0.9819356511274488
0.9820373463216504
0.9821319806139061
0.9822196888012272
0.9823005973191512
0.9823748240743749
0.9824424783034433
0.9825036604543261
0.9825584620882831
0.9826069657974371
0.9826492451371778
0.9826853645710913
0.9827153794263582
0.9827393358575961
0.9827572708196624
0.9827692120459969
0.9827751780336675
0.9827751780336675
0.9827692120459969
0.9827572708196651
0.9827393358575968
0.9827153794263582
0.9826853645710913
0.9826492451371778
0.9826069657974371
0.9825584620882831
0.9825036604543261
0.9824424783034433
0.9823748240743749
0.9823005973191512
0.9822196888012272
0.9821319806139061
0.9820373463216504
0.9819356511274488
0.9818267520703814
0.9817104982587839
0.9815867311444660
0.9814552848426277
0.9813159865060481
0.9811686567617300
0.9810131102174737
0.9808491560513188
0.9806765986936417
0.9804952386187172
0.9803048732603286
0.9801052980715419
0.9798963077511265
0.9796776976642956
0.9794492654889939
0.9792108131269238
0.9789621489261159
0.9787030902738060
0.9784334666298729
0.9781531230931778
0.9778619246183742
0.9775597610351348
0.9772465530795749
0.9769222597228528
0.9765868872094571
0.9762405004210202
0.9758832375276844
0.9755153295316087
0.9751371275510184
0.9747491433296797
0.9743521145333545
0.9739471219655198
0.9735358333176261
0.9738811457860042
0.9743069777835990
0.9747262358733159
0.9751371275510184
0.9755384922460042
0.9759295478494289
0.9763097623394006
0.9766787798984246
0.9770363746233633
0.9773824195223560
0.9777168645980341
0.9780397206715924
0.9783510470286251
0.9786509417282745
0.9789395338406982
0.9792169771256870
0.9794834448187356
0.9797391252849729
0.9799842183688556
0.9802189323064766
0.9804434811021465
0.9806580822901081
0.9808629550186797
0.9810583184066340
0.9812443901320059
0.9814213852172639
0.9815895149851285
0.9817489861591182
0.9819000000902864
0.9820427520929028
0.9821774308736737
0.9823042180423811
0.9824232876943628
0.9825348060523259
0.9826389311632847
0.9827358126402203
0.9828255914439251
0.9829083996990103
0.9829843605402284
0.9830535879828171
0.9831161868161438
0.9831722525152079
0.9832218711675766
0.9832651194149467
0.9833020644049127
0.9833327637530634
0.9833572655127455
0.9833756081517999
0.9833878205355921
0.9833939219139874
0.9833939219139874
0.9833878205355921
0.9833756081517999
0.9833572655127455
0.9833327637530634
0.9833020644049127
0.9832651194149467
0.9832218711675766
0.9831722525152079
0.9831161868161438
0.9830535879828171
0.9829843605402284
0.9829083996990103
0.9828255914439251
0.9827358126402203
0.9826389311632847
0.9825348060523259
0.9824232876943565
0.9823042180423811
0.9821774308736738
0.9820427520929028
0.9819000000902864
0.9817489861591182
0.9815895149851285
0.9814213852172639
0.9812443901320059
0.9810583184066340
0.9808629550186797
0.9806580822901081
0.9804434811021465
0.9802189323064766
0.9799842183688556
0.9797391252849729
0.9794834448187356
0.9792169771256870
0.9789395338406982
0.9786509417282745
0.9783510470286251
0.9780397206715924
0.9777168645980341
0.9773824195223560
0.9770363746233633
0.9766787798984246
0.9763097623394006
0.9759295478494289
0.9755384922460042
0.9751371275510184
0.9747262358733159
0.9743069777835990
0.9738811457860042
0.9742186964479917
0.9746583345975589
0.9750911789721193
0.9755153295316085
0.9759295478494289
0.9763330010509508
0.9767251276672253
0.9771055579316424
0.9774740627900818
0.9778305194433515
0.9781748869942484
0.9785071885772262
0.9788274978330652
0.9791359284025922
0.9794326255958058
0.9797177596726333
0.9799915203473158
0.9802541122465093
0.9805057511198736
0.9807466606570975
0.9809770697995147
0.9811972104583513
0.9814073155726091
0.9816076174507943
0.9817983463540105
0.9819797292813341
0.9821519889309206
0.9823153428093031
0.9824700024688420
0.9826161728557411
0.9827540517527843
0.9828838293043437
0.9830056876123919
0.9831198003934671
0.9832263326886866
0.9833254406196066
0.9834172711826716
0.9835019620779815
0.9835796415670477
0.9836504283548622
0.9837144314926779
0.9837717502998368
0.9838224742992503
0.9838666831664594
0.9839044466883882
0.9839358247316428
0.9839608672173559
0.9839796141027263
0.9839920953665465
0.9839983309999049
0.9839983309999032
0.9839920953665465
0.9839796141027263
0.9839608672173559
0.9839358247316428
0.9839044466883882
0.9838666831664594
0.9838224742992503
0.9837717502998368
0.9837144314926779
0.9836504283548622
0.9835796415670477
0.9835019620779815
0.9834172711826694
0.9833254406196066
0.9832263326886866
0.9831198003934671
0.9830056876123919
0.9828838293043437
0.9827540517527843
0.9826161728557411
0.9824700024688420
0.9823153428093031
0.9821519889309206
0.9819797292813341
0.9817983463540105
0.9816076174507945
0.9814073155726091
0.9811972104583514
0.9809770697995147
0.9807466606570975
0.9805057511198736
0.9802541122465093
0.9799915203473158
0.9797177596726333
0.9794326255958058
0.9791359284025922
0.9788274978330652
0.9785071885772262
0.9781748869942484
0.9778305194433515
0.9774740627900818
0.9771055579316424
0.9767251276672235
0.9763330010509508
0.9759295478494289
0.9755153295316085
0.9750911789721193
0.9746583345975589
0.9742186964479917
0.9745479357344462
0.9750006732886010
0.9754464377758234
0.9758832375276844
0.9763097623394006
0.9767251276672235
0.9771287379177699
0.9775202032188284
0.9778992850329337
0.9782658588632489
0.9786198876939199
0.9789614024636931
0.9792904873185324
0.9796072682115123
0.9799119039192611
0.9802045788450363
0.9804854971762299
0.9807548780862078
0.9810129517594562
0.9812599560732189
0.9814961338112643
0.9817217303124205
0.9819369914797621
0.9821421620894010
0.9823374843521381
0.9825231966873612
0.9826995326781638
0.9828667201806743
0.9830249805644600
0.9831745280673089
0.9833155692453048
0.9834483025080966
0.9835729177243050
0.9836895958900292
0.9837985088499680
0.9838998190635965
0.9839936794114169
0.9840802330338821
0.9841596131992909
0.9842319431954852
0.9842973362420426
0.9843558954198476
0.9844077136150966
0.9844528734745739
0.9844914473714190
0.9845234973784838
0.9845490752484519
0.9845682223983934
0.9845809698996940
0.9845873384702531
0.9845873384702531
0.9845809698996940
0.9845682223983969
0.9845490752484564
0.9845234973784838
0.9844914473714190
0.9844528734745739
0.9844077136150966
0.9843558954198476
0.9842973362420426
0.9842319431954852
0.9841596131992909
0.9840802330338821
0.9839936794114169
0.9838998190635965
0.9837985088499680
0.9836895958900292
0.9835729177243050
0.9834483025080965
0.9833155692453011
0.9831745280673089
0.9830249805644600
0.9828667201806743
0.9826995326781638
0.9825231966873612
0.9823374843521381
0.9821421620893991
0.9819369914797621
0.9817217303124205
0.9814961338112643
0.9812599560732189
0.9810129517594562
0.9807548780862078
0.9804854971762299
0.9802045788450363
0.9799119039192611
0.9796072682115123
0.9792904873185324
0.9789614024636931
0.9786198876939199
0.9782658588632489
0.9778992850329337
0.9775202032188284
0.9771287379177699
0.9767251276672235
0.9763097623394006
0.9758832375276844
0.9754464377758234
0.9750006732886010
0.9745479357344462
0.9748684528047665
0.9753336145975300
0.9757916537390797
0.9762405004210295
0.9766787798984309
0.9771055579316424
0.9775202032188284
0.9779223022161214
0.9783116024811789
0.9786879732335677
0.9790513769598512
0.9794018484028458
0.9797394786492034
0.9800644028328422
0.9803767904666133
0.9806768377264062
0.9809647612150351
0.9812407928675052
0.9815051757518772
0.9817581605826292
0.9820000028072927
0.9822309601615677
0.9824512906086944
0.9826612505976633
0.9828610935887183
0.9830510688030367
0.9832314201612014
0.9834023853831996
0.9835641952248816
0.9837170728311663
0.9838612331898197
0.9839968826699412
0.9841242186348123
0.9842434291166489
0.9843546925458296
0.9844581775257587
0.9845540426477221
0.9846424363376896
0.9847234967332418
0.9847973515830573
0.9848641181669759
0.9849239032328448
0.9849768029469882
0.9850229028559393
0.9850622778577274
0.9850949921801172
0.9851210993648307
0.9851406422560401
0.9851536529927294
0.9851601530036145
0.9851601530036145
0.9851536529927294
0.9851406422560401
0.9851210993648307
0.9850949921801172
0.9850622778577274
0.9850229028559393
0.9849768029469882
0.9849239032328448
0.9848641181669736
0.9847973515830573
0.9847234967332418
0.9846424363376896
0.9845540426477221
0.9844581775257587
0.9843546925458296
0.9842434291166489
0.9841242186348123
0.9839968826699411
0.9838612331898201
0.9837170728311663
0.9835641952248816
0.9834023853831996
0.9832314201612014
0.9830510688030367
0.9828610935887183
0.9826612505976633
0.9824512906086944
0.9822309601615677
0.9820000028072927
0.9817581605826292
0.9815051757518772
0.9812407928675052
0.9809647612150351
0.9806768377264062
0.9803767904666133
0.9800644028328422
0.9797394786492034
0.9794018484028458
0.9790513769598510
0.9786879732335677
0.9783116024811787
0.9779223022161214
0.9775202032188284
0.9771055579316451
0.9766787798984246
0.9762405004210295
0.9757916537390797
0.9753336145975300
0.9748684528047634
0.9751799464969826
0.9756568886818721
0.9761265811761612
0.9765868872094571
0.9770363746233633
0.9774740627900818
0.9778992850329337
0.9783116024811787
0.9787107459878504
0.9790965751575559
0.9794690485145334
0.9798282012416472
0.9801741282269927
0.9805069709244951
0.9808269070147481
0.9811341421604373
0.9814289033567479
0.9817114335146213
0.9819819870119291
0.9822408260127250
0.9824882174054634
0.9827244302428011
0.9829497335933307
0.9831643947342040
0.9833686776261299
0.9835628416264999
0.9837471404019261
0.9839218210094520
0.9840871231207053
0.9842432783685381
0.9843905097969872
0.9845290313994591
0.9846590477332097
0.9847807535976774
0.9848943337684095
0.9849999627776018
0.9850978047341723
0.9851880131780726
0.9852707309629459
0.9853460901621345
0.9854142119954719
0.9854752067716220
0.9855291738445641
0.9855762015803065
0.9856163673331954
0.9856497374282635
0.9856763671491275
0.9856963007297952
0.9857095713492680
0.9857162011286145
0.9857162011286145
0.9857095713492739
0.9856963007297952
0.9856763671491258
0.9856497374282631
0.9856163673332013
0.9855762015803065
0.9855291738445641
0.9854752067716220
0.9854142119954719
0.9853460901621345
0.9852707309629459
0.9851880131780741
0.9850978047341723
0.9849999627776018
0.9848943337684095
0.9847807535976774
0.9846590477332097
0.9845290313994591
0.9843905097969887
0.9842432783685381
0.9840871231207053
0.9839218210094520
0.9837471404019276
0.9835628416265008
0.9833686776261299
0.9831643947342040
0.9829497335933269
0.9827244302428011
0.9824882174054634
0.9822408260127250
0.9819819870119291
0.9817114335146213
0.9814289033567462
0.9811341421604373
0.9808269070147481
0.9805069709244951
0.9801741282269927
0.9798282012416472
0.9794690485145334
0.9790965751575559
0.9787107459878497
0.9783116024811787
0.9778992850329337
0.9774740627900818
0.9770363746233633
0.9765868872094571
0.9761265811761612
0.9756568886818721
0.9751799464969826
0.9754822040023203
0.9759703131972055
0.9764510632705585
0.9769222597228528
0.9773824195223560
0.9778305194433515
0.9782658588632499
0.9786879732335677
0.9790965751575526
0.9794915123718331
0.9798727368372794
0.9802402814725127
0.9805942423131496
0.9809347646184899
0.9812620319071060
0.9815762572013126
0.9818776759649190
0.9821665403563449
0.9824431145154056
0.9827076706739931
0.9829604859286607
0.9832018395499267
0.9834320107322427
0.9836512767065152
0.9838599111540364
0.9840581828716036
0.9842463546486278
0.9844246823214484
0.9845934139783192
0.9847527892925340
0.9849030389627966
0.9850443842465766
0.9851770365719893
0.9853011972156168
0.9854170570378985
0.9855247962659966
0.9856245843179361
0.9857165796604330
0.9858009296963213
0.9858777706754656
0.9859472276261764
0.9860094143020435
0.9860644331432166
0.9861123752476882
0.9861533203508289
0.9861873368117129
0.9862144816042258
0.9862348003110902
0.9862483271213255
0.9862550848281002
0.9862550848281054
0.9862483271213255
0.9862348003110902
0.9862144816042258
0.9861873368117129
0.9861533203508289
0.9861123752476882
0.9860644331432166
0.9860094143020435
0.9859472276261764
0.9858777706754656
0.9858009296963213
0.9857165796604330
0.9856245843179361
0.9855247962659966
0.9854170570378985
0.9853011972156168
0.9851770365719893
0.9850443842465766
0.9849030389627966
0.9847527892925320
0.9845934139783192
0.9844246823214484
0.9842463546486278
0.9840581828716036
0.9838599111540364
0.9836512767065152
0.9834320107322427
0.9832018395499267
0.9829604859286607
0.9827076706739931
0.9824431145154056
0.9821665403563509
0.9818776759649190
0.9815762572013143
0.9812620319071048
0.9809347646184899
0.9805942423131496
0.9802402814725127
0.9798727368372794
0.9794915123718331
0.9790965751575526
0.9786879732335677
0.9782658588632499
0.9778305194433515
0.9773824195223560
0.9769222597228528
0.9764510632705585
0.9759703131972055
0.9754822040023203
0.9757750845716822
0.9762737767390733
0.9767650144318716
0.9772465530795749
0.9777168645980341
0.9781748869942484
0.9786198876939199
0.9790513769598512
0.9794690485145334
0.9798727368372794
0.9802623854758618
0.9806380229976422
0.9809997444203702
0.9813476966692518
0.9816820670510340
0.9820030740250031
0.9823109597453010
0.9826059839884969
0.9828884191745503
0.9831585462609007
0.9834166513401230
0.9836630228090673
0.9838979490054309
0.9841217162303122
0.9843346070910157
0.9845368991097377
0.9847288635561441
0.9849107644685177
0.9850828578320270
0.9852453908922579
0.9853986015817590
0.9855427180431231
0.9856779582338897
0.9858045296007935
0.9859226288128174
0.9860324415441593
0.9861341422986672
0.9862278942706547
0.9863138492337328
0.9863921474554055
0.9864629176311978
0.9865262768355457
0.9865823304860387
0.9866311723177601
0.9866728843663795
0.9867075369571119
0.9867351886980806
0.9867558864769843
0.9867696654598095
0.9867765490903394
0.9867765490903394
0.9867696654598095
0.9867558864769843
0.9867351886980806
0.9867075369571134
0.9866728843663795
0.9866311723177601
0.9865823304860387
0.9865262768355457
0.9864629176311978
0.9863921474554055
0.9863138492337328
0.9862278942706547
0.9861341422986672
0.9860324415441593
0.9859226288128174
0.9858045296007935
0.9856779582338897
0.9855427180431231
0.9853986015817590
0.9852453908922579
0.9850828578320270
0.9849107644685177
0.9847288635561441
0.9845368991097377
0.9843346070910157
0.9841217162303122
0.9838979490054218
0.9836630228090673
0.9834166513401230
0.9831585462609007
0.9828884191745503
0.9826059839884969
0.9823109597453010
0.9820030740250031
0.9816820670510340
0.9813476966692518
0.9809997444203714
0.9806380229976422
0.9802623854758618
0.9798727368372794
0.9794690485145334
0.9790513769598512
0.9786198876939199
0.9781748869942484
0.9777168645980341
0.9772465530795749
0.9767650144318716
0.9762737767390733
0.9757750845716822
0.9760585066976181
0.9765672259119688
0.9770684067728831
0.9775597610351348
0.9780397206715924
0.9785071885772263
0.9789614024636931
0.9794018484028458
0.9798282012416428
0.9802402814725123
0.9806380229976422
0.9810214484892440
0.9813906502372189
0.9817457750629156
0.9820870123053642
0.9824145841654165
0.9827287378819759
0.9830297393495594
0.9833178678800315
0.9835934118804103
0.9838566652733067
0.9841079245185941
0.9843474861315280
0.9845756446074457
0.9847926906858584
0.9849989098957697
0.9851945813376316
0.9853799766634506
0.9855553592237877
0.9857209833562735
0.9858770937929718
0.9860239251692225
0.9861617016176834
0.9862906364354411
0.9864109318116568
0.9865227786075391
0.9866263561796086
0.9867218322393814
0.9868093627436211
0.9868890918097359
0.9869611516518175
0.9870256625336740
0.9870827327347068
0.9871324585273160
0.9871749241615602
0.9872102018564826
0.9872383517952712
0.9872594221237264
0.9872734489499395
0.9872804563453002
0.9872804563453002
0.9872734489499395
0.9872594221237264
0.9872383517952712
0.9872102018564826
0.9871749241615602
0.9871324585273100
0.9870827327347068
0.9870256625336740
0.9869611516518175
0.9868890918097338
0.9868093627436211
0.9867218322393814
0.9866263561796086
0.9865227786075391
0.9864109318116568
0.9862906364354411
0.9861617016176834
0.9860239251692225
0.9858770937929718
0.9857209833562735
0.9855553592237877
0.9853799766634506
0.9851945813376316
0.9849989098957697
0.9847926906858578
0.9845756446074457
0.9843474861315280
0.9841079245185941
0.9838566652733067
0.9835934118804103
0.9833178678800315
0.9830297393495594
0.9827287378819759
0.9824145841654165
0.9820870123053644
0.9817457750629156
0.9813906502372189
0.9810214484892440
0.9806380229976422
0.9802402814725123
0.9798282012416428
0.9794018484028458
0.9789614024636911
0.9785071885772263
0.9780397206715924
0.9775597610351348
0.9770684067728831
0.9765672259119688
0.9760585066976202
0.9763324378082213
0.9768506549851850
0.9773612594346079
0.9778619246183742
0.9783510470286251
0.9788274978330652
0.9792904873185372
0.9797394786492034
0.9801741282269927
0.9805942423131496
0.9809997444203714
0.9813906502372189
0.9817670480193783
0.9821290830596244
0.9824769452592741
0.9828108590980225
0.9831310754795238
0.9834378650620687
0.9837315127731434
0.9840123132797088
0.9842805672308400
0.9845365781336226
0.9847806497474406
0.9850130839080783
0.9852341787069520
0.9854442269690289
0.9856435149776895
0.9858323214099054
0.9860109164462638
0.9861795610303675
0.9863385062524315
0.9864879928403909
0.9866282507395281
0.9867594987686000
0.9868819443400179
0.9869957832338382
0.9871011994172354
0.9871983649014037
0.9872874396311744
0.9873685713994782
0.9874418957837483
0.9875075360995842
0.9875656033680500
0.9876161962938614
0.9876594012517423
0.9876952922787656
0.9877239310709677
0.9877453669830828
0.9877596370290080
0.9877667658834485
0.9877667658834485
0.9877596370290088
0.9877453669830828
0.9877239310709677
0.9876952922787656
0.9876594012517423
0.9876161962938614
0.9875656033680500
0.9875075360995842
0.9874418957837483
0.9873685713994782
0.9872874396311744
0.9871983649014037
0.9871011994172354
0.9869957832338394
0.9868819443400179
0.9867594987686000
0.9866282507395281
0.9864879928403909
0.9863385062524315
0.9861795610303675
0.9860109164462638
0.9858323214099054
0.9856435149776895
0.9854442269690343
0.9852341787069520
0.9850130839080783
0.9847806497474406
0.9845365781336226
0.9842805672308400
0.9840123132797088
0.9837315127731434
0.9834378650620635
0.9831310754795238
0.9828108590980225
0.9824769452592741
0.9821290830596244
0.9817670480193770
0.9813906502372189
0.9809997444203714
0.9805942423131496
0.9801741282269927
0.9797394786492034
0.9792904873185372
0.9788274978330652
0.9783510470286251
0.9778619246183742
0.9773612594346079
0.9768506549851850
0.9763324378082213
0.9765968858392018
0.9771240974662144
0.9776436299737160
0.9781531230931778
0.9786509417282745
0.9791359284025922
0.9796072682115123
0.9800644028328422
0.9805069709244951
0.9809347646184899
0.9813476966692518
0.9817457750629128
0.9821290830596225
0.9824977633062713
0.9828520050629892
0.9831920338509536
0.9835181030056473
0.9838304867466535
0.9841294744648811
0.9844153659937709
0.9846884676832305
0.9849490891300309
0.9851975404497855
0.9854341299978895
0.9856591624625886
0.9858729372704225
0.9860757472517462
0.9862678775263966
0.9864496045729856
0.9866211954555090
0.9867829071798530
0.9869349861634389
0.9870776677974177
0.9872111760893914
0.9873357233729289
0.9874515100730697
0.9875587245202211
0.9876575428027462
0.9877481286526675
0.9878306333590280
0.9879051957027354
0.9879719419095239
0.9880309856174954
0.9880824278552288
0.9881263570290033
0.9881628489155435
0.9881919666593484
0.9882137607728304
0.9882282691378272
0.9882355170072860
0.9882355170072860
0.9882282691378272
0.9882137607728304
0.9881919666593484
0.9881628489155406
0.9881263570290033
0.9880824278552288
0.9880309856174954
0.9879719419095239
0.9879051957027354
0.9878306333590280
0.9877481286526675
0.9876575428027462
0.9875587245202211
0.9874515100730697
0.9873357233729263
0.9872111760893914
0.9870776677974177
0.9869349861634389
0.9867829071798530
0.9866211954555090
0.9864496045729856
0.9862678775263966
0.9860757472517462
0.9858729372704225
0.9856591624625886
0.9854341299978895
0.9851975404497855
0.9849490891300309
0.9846884676832305
0.9844153659937709
0.9841294744648811
0.9838304867466535
0.9835181030056473
0.9831920338509536
0.9828520050629892
0.9824977633062713
0.9821290830596225
0.9817457750629128
0.9813476966692518
0.9809347646184899
0.9805069709244951
0.9800644028328449
0.9796072682115123
0.9791359284025922
0.9786509417282745
0.9781531230931778
0.9776436299737160
0.9771240974662144
0.9765968858392018
0.9768518922498489
0.9773876191393981
0.9779156073003541
0.9784334666298729
0.9789395338406982
0.9794326255958058
0.9799119039192611
0.9803767904666133
0.9808269070147481
0.9812620319071060
0.9816820670510338
0.9820870123053657
0.9824769452592741
0.9828520050629892
0.9832123793715780
0.9835582937199923
0.9838900028220414
0.9842077834089654
0.9845119283080759
0.9848027415309177
0.9850805341861378
0.9853456210708724
0.9855983178229329
0.9858389385394342
0.9860677937828404
0.9862851889124125
0.9864914226881264
0.9866867861040881
0.9868715614148148
0.9870460213253185
0.9872104283184457
0.9873650340996294
0.9875100791395226
0.9876457923004495
0.9877723905328409
0.9878900786310534
0.9879990490382444
0.9880994816936093
0.9881915439130824
0.9882753902988231
0.9883511626718627
0.9884189900234215
0.9884789884812242
0.9885312612867636
0.9885758987824145
0.9886129784037970
0.9886425646776557
0.9886647092219042
0.9886794507469515
0.9886868150583246
0.9886868150583246
0.9886794507469515
0.9886647092219042
0.9886425646776557
0.9886129784037965
0.9885758987824145
0.9885312612867636
0.9884789884812242
0.9884189900234215
0.9883511626718627
0.9882753902988231
0.9881915439130824
0.9880994816936093
0.9879990490382444
0.9878900786310534
0.9877723905328409
0.9876457923004495
0.9875100791395226
0.9873650340996294
0.9872104283184453
0.9870460213253185
0.9868715614148148
0.9866867861040929
0.9864914226881264
0.9862851889124125
0.9860677937828404
0.9858389385394342
0.9855983178229329
0.9853456210708625
0.9850805341861409
0.9848027415309177
0.9845119283080759
0.9842077834089654
0.9838900028220414
0.9835582937199923
0.9832123793715780
0.9828520050629892
0.9824769452592741
0.9820870123053657
0.9816820670510340
0.9812620319071048
0.9808269070147481
0.9803767904666133
0.9799119039192611
0.9794326255958058
0.9789395338406982
0.9784334666298729
0.9779156073003541
0.9773876191393981
0.9768518922498489
0.9770975261741999
0.9776413122510973
0.9781773058140255
0.9787030902738095
0.9792169771256870
0.9797177596726333
0.9802045788450363
0.9806768377264062
0.9811341421604350
0.9815762572013143
0.9820030740250031
0.9824145841654165
0.9828108590980225
0.9831920338509534
0.9835582937199923
0.9839098634155372
0.9842469981448594
0.9845699762458697
0.9848790930807101
0.9851746559554183
0.9854569798837148
0.9857263840469249
0.9859831888311957
0.9862277133459394
0.9864602733445285
0.9866811794815424
0.9868907358543106
0.9870892387819734
0.9872769757873756
0.9874542247485089
0.9876212531946326
0.9877783177232949
0.9879256635223593
0.9880635239768172
0.9881921203513587
0.9883116615331998
0.9884223438278663
0.9885243507981163
0.9886178531384626
0.9887030085799047
0.9887799618188148
0.9888488444652368
0.9889097750071779
0.9889628587863113
0.9890081879841366
0.9890458416133971
0.9890758855155216
0.9890983723602649
0.9891133416472969
0.9891208197082096
0.9891208197082121
0.9891133416472986
0.9890983723602617
0.9890758855155216
0.9890458416133971
0.9890081879841366
0.9889628587863113
0.9889097750071779
0.9888488444652368
0.9887799618188148
0.9887030085799047
0.9886178531384626
0.9885243507981173
0.9884223438278663
0.9883116615331998
0.9881921203513607
0.9880635239768172
0.9879256635223593
0.9877783177232965
0.9876212531946326
0.9874542247485089
0.9872769757873756
0.9870892387819734
0.9868907358543106
0.9866811794815424
0.9864602733445285
0.9862277133459394
0.9859831888311957
0.9857263840469249
0.9854569798837148
0.9851746559554129
0.9848790930807103
0.9845699762458704
0.9842469981448594
0.9839098634155372
0.9835582937199923
0.9831920338509534
0.9828108590980225
0.9824145841654165
0.9820030740250031
0.9815762572013143
0.9811341421604350
0.9806768377264062
0.9802045788450374
0.9797177596726335
0.9792169771256870
0.9787030902738095
0.9781773058140255
0.9776413122510973
0.9770975261741999
0.9773338794815328
0.9778852906103591
0.9784288604851972
0.9789621489261159
0.9794834448187356
0.9799915203473158
0.9804854971762299
0.9809647612150394
0.9814289033567462
0.9818776759649190
0.9823109597453010
0.9827287378819759
0.9831310754795238
0.9835181030056473
0.9838900028220414
0.9842469981448594
0.9845893439412662
0.9849173193877842
0.9852312215986188
0.9855313603943269
0.9858180539286505
0.9860916250260807
0.9863523981100554
0.9866006966262456
0.9868368408794107
0.9870611462182138
0.9872739215138656
0.9874754678856543
0.9876660776362335
0.9878460333639726
0.9880156072253803
0.9881750603243792
0.9883246422098633
0.9884645904633964
0.9885951303642965
0.9887164746196758
0.9888288231481922
0.9889323629096743
0.9890272677726472
0.9891136984124090
0.9891918022352030
0.9892617133230056
0.9893235523939208
0.9893774267766354
0.9894234303935948
0.9894616437521986
0.9894921339403194
0.9895149546257718
0.9895301460570320
0.9895377350651411
0.9895377350651411
0.9895301460570320
0.9895149546257743
0.9894921339403194
0.9894616437521986
0.9894234303935948
0.9893774267766354
0.9893235523939208
0.9892617133230056
0.9891918022352030
0.9891136984124090
0.9890272677726472
0.9889323629096743
0.9888288231481922
0.9887164746196758
0.9885951303642965
0.9884645904633964
0.9883246422098642
0.9881750603243792
0.9880156072253803
0.9878460333639726
0.9876660776362335
0.9874754678856543
0.9872739215138656
0.9870611462182151
0.9868368408794107
0.9866006966262456
0.9863523981100554
0.9860916250260807
0.9858180539286505
0.9855313603943269
0.9852312215986188
0.9849173193877842
0.9845893439412662
0.9842469981448594
0.9838900028220414
0.9835181030056473
0.9831310754795238
0.9827287378819759
0.9823109597453010
0.9818776759649190
0.9814289033567462
0.9809647612150403
0.9804854971762299
0.9799915203473158
0.9794834448187356
0.9789621489261159
0.9784288604852021
0.9778852906103591
0.9773338794815328
0.9775610625743625
0.9781196854304951
0.9786704226993903
0.9792108131269238
0.9797391252849729
0.9802541122465093
0.9807548780862078
0.9812407928675052
0.9817114335146224
0.9821665403563509
0.9826059839884970
0.9830297393495592
0.9834378650620635
0.9838304867466535
0.9842077834089654
0.9845699762458694
0.9849173193877847
0.9852500922054042
0.9855685928938840
0.9858731331072456
0.9861640334607146
0.9864416197554740
0.9867062198063020
0.9869581607733604
0.9871977669200356
0.9874253577269541
0.9876412463088404
0.9878457380872233
0.9880391296785860
0.9882217079674662
0.9883937493340467
0.9885555190144975
0.9887072705728843
0.9888492454685349
0.9889816727025426
0.9891047685329541
0.9892187362461686
0.9893237659756818
0.9894200345607513
0.9895077054382611
0.9895869285598164
0.9896578403323318
0.9897205635748594
0.9897752074892837
0.9898218676414189
0.9898606259503122
0.9898915506821246
0.9899146964485016
0.9899301042064719
0.9899378012596879
0.9899378012596879
0.9899301042064719
0.9899146964485016
0.9898915506821248
0.9898606259503122
0.9898218676414189
0.9897752074892837
0.9897205635748570
0.9896578403323318
0.9895869285598164
0.9895077054382611
0.9894200345607513
0.9893237659756818
0.9892187362461686
0.9891047685329509
0.9889816727025426
0.9888492454685349
0.9887072705728843
0.9885555190144975
0.9883937493340467
0.9882217079674662
0.9880391296785860
0.9878457380872233
0.9876412463088404
0.9874253577269541
0.9871977669200339
0.9869581607733604
0.9867062198063020
0.9864416197554740
0.9861640334607146
0.9858731331072456
0.9855685928938840
0.9852500922054050
0.9849173193877840
0.9845699762458673
0.9842077834089654
0.9838304867466535
0.9834378650620635
0.9830297393495594
0.9826059839884970
0.9821665403563509
0.9817114335146224
0.9812407928675052
0.9807548780862078
0.9802541122465093
0.9797391252849729
0.9792108131269238
0.9786704226993903
0.9781196854304951
0.9775610625743625
0.9777792007953923
0.9783446417802160
0.9789021567210328
0.9794492654889939
0.9799842183688556
0.9805057511198736
0.9810129517594562
0.9815051757518772
0.9819819870119291
0.9824431145154056
0.9828884191745471
0.9833178678800316
0.9837315127731434
0.9841294744648811
0.9845119283080769
0.9848790930807103
0.9852312215986188
0.9855685928938840
0.9858915056742918
0.9862002728382503
0.9864952168663417
0.9867766659435845
0.9870449506929966
0.9873004014238371
0.9875433458126515
0.9877741069507634
0.9879930017015364
0.9882003393199184
0.9883964202959539
0.9885815353868320
0.9887559648103348
0.9889199775752416
0.9890738309274598
0.9892177698949346
0.9893520269158395
0.9894768215370831
0.9895923601724124
0.9896988359096749
0.9897964283597160
0.9898853035399254
0.9899656137854226
0.9900374976827987
0.9901010800234383
0.9901564717699433
0.9902037700344554
0.9902430580651255
0.9902744052383701
0.9902978670558095
0.9903134851428076
0.9903212872490257
0.9903212872490257
0.9903134851428065
0.9902978670558095
0.9902744052383701
0.9902430580651255
0.9902037700344554
0.9901564717699433
0.9901010800234383
0.9900374976827987
0.9899656137854226
0.9898853035399251
0.9897964283597160
0.9896988359096762
0.9895923601724124
0.9894768215370831
0.9893520269158395
0.9892177698949346
0.9890738309274598
0.9889199775752416
0.9887559648103319
0.9885815353868319
0.9883964202959539
0.9882003393199184
0.9879930017015364
0.9877741069507684
0.9875433458126515
0.9873004014238371
0.9870449506929966
0.9867766659435814
0.9864952168663418
0.9862002728382503
0.9858915056742918
0.9855685928938840
0.9852312215986188
0.9848790930807103
0.9845119283080763
0.9841294744648811
0.9837315127731434
0.9833178678800316
0.9828884191745457
0.9824431145154056
0.9819819870119291
0.9815051757518772
0.9810129517594562
0.9805057511198736
0.9799842183688556
0.9794492654889939
0.9789021567210390
0.9783446417802160
0.9777792007953923
0.9779884313397875
0.9785603155402200
0.9791242366730274
0.9796776976642974
0.9802189323064766
0.9807466606570975
0.9812599560732189
0.9817581605826293
0.9822408260127237
0.9827076706739931
0.9831585462609007
0.9835934118804105
0.9840123132797128
0.9844153659937721
0.9848027415309191
0.9851746559554154
0.9855313603943269
0.9858731331072453
0.9862002728382503
0.9865130932265963
0.9868119180996370
0.9870970775023080
0.9873689043454310
0.9876277315757322
0.9878738897859519
0.9881077051987293
0.9883294979666153
0.9885395807412756
0.9887382574719203
0.9889258223981491
0.9891025592088420
0.9892687403424738
0.9894246264069146
0.9895704657017437
0.9897064938269838
0.9898329333646462
0.9899499936222921
0.9900578704284836
0.9901567459709110
0.9902467886707456
0.9903281530868437
0.9904009798434849
0.9904653955776006
0.9905215129016214
0.9905694303779099
0.9906092325024275
0.9906409896947129
0.9906647582927496
0.9906805805504584
0.9906884846370224
0.9906884846370224
0.9906805805504583
0.9906647582927496
0.9906409896947125
0.9906092325024275
0.9905694303779099
0.9905215129016214
0.9904653955776006
0.9904009798434861
0.9903281530868437
0.9902467886707456
0.9901567459709110
0.9900578704284836
0.9899499936222921
0.9898329333646462
0.9897064938269838
0.9895704657017437
0.9894246264069146
0.9892687403424747
0.9891025592088410
0.9889258223981491
0.9887382574719218
0.9885395807412729
0.9883294979666153
0.9881077051987293
0.9878738897859483
0.9876277315757322
0.9873689043454310
0.9870970775023080
0.9868119180996370
0.9865130932265963
0.9862002728382503
0.9858731331072453
0.9855313603943272
0.9851746559554154
0.9848027415309191
0.9844153659937721
0.9840123132797129
0.9835934118804105
0.9831585462609007
0.9827076706739931
0.9822408260127237
0.9817581605826293
0.9812599560732189
0.9807466606570975
0.9802189323064766
0.9796776976642956
0.9791242366730274
0.9785603155402200
0.9779884313397875
0.9781889005923917
0.9787668707844659
0.9793368439432196
0.9798963077511276
0.9804434811021465
0.9809770697995153
0.9814961338112643
0.9820000028072927
0.9824882174054634
0.9829604859286576
0.9834166513401230
0.9838566652733037
0.9842805672308400
0.9846884676832305
0.9850805341861392
0.9854569798837147
0.9858180539286505
0.9861640334607146
0.9864952168663418
0.9868119180996370
0.9871144618873953
0.9874031796760621
0.9876784062026438
0.9879404765927361
0.9881897239053432
0.9884264770562888
0.9886510590648605
0.9888637855742127
0.9890649636065554
0.9892548905176571
0.9894338531217790
0.9896021269619520
0.9897599757036354
0.9899076506341334
0.9900453902513592
0.9901734199280894
0.9902919516404800
0.9904011837507688
0.9905013008340521
0.9905924735438097
0.9906748585072355
0.9907485982466536
0.9908138211210654
0.9908706412838707
0.9909191586535055
0.9909594588937601
0.9909916134011867
0.9910156792975560
0.9910316994261861
0.9910397023497598
0.9910397023497598
0.9910316994261861
0.9910156792975560
0.9909916134011867
0.9909594588937601
0.9909191586535067
0.9908706412838656
0.9908138211210654
0.9907485982466536
0.9906748585072355
0.9905924735438097
0.9905013008340521
0.9904011837507688
0.9902919516404800
0.9901734199280894
0.9900453902513592
0.9899076506341334
0.9897599757036354
0.9896021269619520
0.9894338531217790
0.9892548905176571
0.9890649636065554
0.9888637855742127
0.9886510590648605
0.9884264770562888
0.9881897239053432
0.9879404765927308
0.9876784062026438
0.9874031796760621
0.9871144618873953
0.9868119180996370
0.9864952168663418
0.9861640334607146
0.9858180539286505
0.9854569798837147
0.9850805341861392
0.9846884676832305
0.9842805672308400
0.9838566652733155
0.9834166513401230
0.9829604859286576
0.9824882174054634
0.9820000028072927
0.9814961338112643
0.9809770697995147
0.9804434811021465
0.9798963077511265
0.9793368439432196
0.9787668707844659
0.9781889005923917
0.9783807618237370
0.9789644775180588
0.9795401649526477
0.9801052980715419
0.9806580822901081
0.9811972104583513
0.9817217303124204
0.9822309601615677
0.9827244302428011
0.9832018395499267
0.9836630228090673
0.9841079245185979
0.9845365781336226
0.9849490891300331
0.9853456210708625
0.9857263840469249
0.9860916250260807
0.9864416197554740
0.9867766659435845
0.9870970775023080
0.9874031796760621
0.9876953049149380
0.9879737893758578
0.9882389699553441
0.9884911817736617
0.9887307560429013
0.9889580182624452
0.9891732866939291
0.9893768710746851
0.9895690715350569
0.9897501776906812
0.9899204678828929
0.9900802085469306
0.9902296536880797
0.9903690444503911
0.9904986087636589
0.9906185610563890
0.9907291020251230
0.9908304184500913
0.9909226830504395
0.9910060543713606
0.9910806766978614
0.9911466799905042
0.9912041798377605
0.9912532774222801
0.9912940594975024
0.9913265983722886
0.9913509519009234
0.9913671634777166
0.9913752620332086
0.9913752620332086
0.9913671634777166
0.9913509519009234
0.9913265983722886
0.9912940594975024
0.9912532774222801
0.9912041798377605
0.9911466799905042
0.9910806766978588
0.9910060543713606
0.9909226830504395
0.9908304184500913
0.9907291020251230
0.9906185610563890
0.9904986087636589
0.9903690444503911
0.9902296536880797
0.9900802085469306
0.9899204678828929
0.9897501776906812
0.9895690715350569
0.9893768710746851
0.9891732866939291
0.9889580182624452
0.9887307560428995
0.9884911817736617
0.9882389699553441
0.9879737893758578
0.9876953049149380
0.9874031796760621
0.9870970775023080
0.9867766659435845
0.9864416197554740
0.9860916250260807
0.9857263840469249
0.9853456210708625
0.9849490891300309
0.9845365781336226
0.9841079245185979
0.9836630228090673
0.9832018395499267
0.9827244302428011
0.9822309601615677
0.9817217303124229
0.9811972104583513
0.9806580822901081
0.9801052980715385
0.9795401649526477
0.9789644775180588
0.9783807618237370
0.9785641731919554
0.9791533097207347
0.9797343892294245
0.9803048732603286
0.9808629550186797
0.9814073155726073
0.9819369914797610
0.9824512906086944
0.9829497335933307
0.9834320107322427
0.9838979490054218
0.9843474861315309
0.9847806497474406
0.9851975404497855
0.9855983178229329
0.9859831888311958
0.9863523981100554
0.9867062198063020
0.9870449506929962
0.9873689043454310
0.9876784062026438
0.9879737893758578
0.9882553910872496
0.9885235496436603
0.9887786018652056
0.9890208809021619
0.9892507143832220
0.9894684228465811
0.9896743184150916
0.9898687036774233
0.9900518707483515
0.9902241004810876
0.9903856618095734
0.9905368112022869
0.9906777922110098
0.9908088350999171
0.9909301565434466
0.9910419593819199
0.9911444324253910
0.9912377502986515
0.9913220733195949
0.9913975474054900
0.9914643040017315
0.9915224600292359
0.9915721178456136
0.9916133652181834
0.9916462753061221
0.9916709066443984
0.9916873031414384
0.9916954940712136
0.9916954940712136
0.9916873031414384
0.9916709066443984
0.9916462753061220
0.9916133652181834
0.9915721178456136
0.9915224600292359
0.9914643040017315
0.9913975474054900
0.9913220733195949
0.9912377502986537
0.9911444324253910
0.9910419593819252
0.9909301565434466
0.9908088350999171
0.9906777922110098
0.9905368112022869
0.9903856618095734
0.9902241004810876
0.9900518707483515
0.9898687036774233
0.9896743184150916
0.9894684228465811
0.9892507143832215
0.9890208809021619
0.9887786018652056
0.9885235496436603
0.9882553910872496
0.9879737893758578
0.9876784062026392
0.9873689043454310
0.9870449506929966
0.9867062198063020
0.9863523981100554
0.9859831888311958
0.9855983178229329
0.9851975404497855
0.9847806497474406
0.9843474861315280
0.9838979490054389
0.9834320107322427
0.9829497335933307
0.9824512906086944
0.9819369914797610
0.9814073155726073
0.9808629550186797
0.9803048732603286
0.9797343892294245
0.9791533097207347
0.9785641731919477
0.9787392960073731
0.9793335436502075
0.9799197077436074
0.9804952386187172
0.9810583184066340
0.9816076174507945
0.9821421620894010
0.9826612505976632
0.9831643947342040
0.9836512767065152
0.9841217162303122
0.9845756446074543
0.9850130839080783
0.9854341299978895
0.9858389385394342
0.9862277133459394
0.9866006966262456
0.9869581607733604
0.9873004014238371
0.9876277315757322
0.9879404765927308
0.9882389699553441
0.9885235496436603
0.9887945550583904
0.9890523243988352
0.9892971924329583
0.9895294886014057
0.9897495354087942
0.9899576470610367
0.9901541283135360
0.9903392735005239
0.9905133657200381
0.9906766761513317
0.9908294634868283
0.9909719734607996
0.9911044384614958
0.9912270772132524
0.9913400945196279
0.9914436810512696
0.9915380131860821
0.9916232528756656
0.9916995475437537
0.9917670300087001
0.9918258184245115
0.9918760162378312
0.9919177121563766
0.9919509801269452
0.9919758793203827
0.9919924541216614
0.9920007341236534
0.9920007341236534
0.9919924541216614
0.9919758793203883
0.9919509801269452
0.9919177121563766
0.9918760162378327
0.9918258184245115
0.9917670300087001
0.9916995475437537
0.9916232528756656
0.9915380131860821
0.9914436810512696
0.9913400945196279
0.9912270772132524
0.9911044384614958
0.9909719734607996
0.9908294634868283
0.9906766761513317
0.9905133657200388
0.9903392735005266
0.9901541283135354
0.9899576470610367
0.9897495354087942
0.9895294886014057
0.9892971924329583
0.9890523243988352
0.9887945550583904
0.9885235496436603
0.9882389699553451
0.9879404765927308
0.9876277315757322
0.9873004014238371
0.9869581607733604
0.9866006966262456
0.9862277133459394
0.9858389385394342
0.9854341299978845
0.9850130839080783
0.9845756446074457
0.9841217162303122
0.9836512767065152
0.9831643947342040
0.9826612505976632
0.9821421620894010
0.9816076174507945
0.9810583184066342
0.9804952386187172
0.9799197077436074
0.9793335436502075
0.9787392960073731
0.9789062932211525
0.9795053563688175
0.9800963114650537
0.9806765986936417
0.9812443901320059
0.9817983463540105
0.9823374843521381
0.9828610935887183
0.9833686776261299
0.9838599111540287
0.9843346070910157
0.9847926906858584
0.9852341787069520
0.9856591624625887
0.9860677937828403
0.9864602733445285
0.9868368408794107
0.9871977669200356
0.9875433458126515
0.9878738897859483
0.9881897239053432
0.9884911817736590
0.9887786018652056
0.9890523243988352
0.9893126886706943
0.9895600307808167
0.9897946816974343
0.9900169656101850
0.9902271985331090
0.9904256871210686
0.9906127276699136
0.9907886052750851
0.9909535931253686
0.9911079519134045
0.9912519293462795
0.9913857597351438
0.9915096636703339
0.9916238477445699
0.9917285043341610
0.9918238114231417
0.9919099324633041
0.9919870162647711
0.9920551969111064
0.9921145936946492
0.9921653110681919
0.9922074386092736
0.9922410509946433
0.9922662079825002
0.9922829544001724
0.9922913201363015
0.9922913201363015
0.9922829544001724
0.9922662079825002
0.9922410509946433
0.9922074386092736
0.9921653110681919
0.9921145936946429
0.9920551969110994
0.9919870162647711
0.9919099324633041
0.9918238114231417
0.9917285043341610
0.9916238477445699
0.9915096636703356
0.9913857597351438
0.9912519293462791
0.9911079519134045
0.9909535931253686
0.9907886052750845
0.9906127276699136
0.9904256871210684
0.9902271985331090
0.9900169656101850
0.9897946816974343
0.9895600307808167
0.9893126886706972
0.9890523243988352
0.9887786018652056
0.9884911817736590
0.9881897239053408
0.9878738897859483
0.9875433458126515
0.9871977669200356
0.9868368408794107
0.9864602733445269
0.9860677937828403
0.9856591624625887
0.9852341787069520
0.9847926906858584
0.9843346070910157
0.9838599111540287
0.9833686776261295
0.9828610935887183
0.9823374843521381
0.9817983463540105
0.9812443901320059
0.9806765986936417
0.9800963114650537
0.9795053563688175
0.9789062932211525
0.9790653281093487
0.9796689244636009
0.9802643901141797
0.9808491560513188
0.9814213852172639
0.9819797292813326
0.9825231966873612
0.9830510688030367
0.9835628416264999
0.9840581828716036
0.9845368991097377
0.9849989098957697
0.9854442269690289
0.9858729372704225
0.9862851889124125
0.9866811794815424
0.9870611462182138
0.9874253577269541
0.9877741069507634
0.9881077051987294
0.9884264770562888
0.9887307560428997
0.9890208809021619
0.9892971924329624
0.9895600307808167
0.9898097331257656
0.9900466317093314
0.9902710521534799
0.9904833120310967
0.9906837196527377
0.9908725730395068
0.9910501590564058
0.9912167526844612
0.9913726164054607
0.9915179997011289
0.9916531386253250
0.9917782554577417
0.9918935584188536
0.9919992414384792
0.9920954839688606
0.9921824508362386
0.9922602921225174
0.9923291430740573
0.9923891240307150
0.9924403403722001
0.9924828824784913
0.9925168256999481
0.9925422303372798
0.9925591416266244
0.9925675897300922
0.9925675897300922
0.9925591416266244
0.9925422303372798
0.9925168256999438
0.9924828824784913
0.9924403403722001
0.9923891240307150
0.9923291430740573
0.9922602921225174
0.9921824508362386
0.9920954839688606
0.9919992414384818
0.9918935584188536
0.9917782554577417
0.9916531386253250
0.9915179997011289
0.9913726164054607
0.9912167526844612
0.9910501590563998
0.9908725730395068
0.9906837196527377
0.9904833120310967
0.9902710521534799
0.9900466317093314
0.9898097331257656
0.9895600307808167
0.9892971924329624
0.9890208809021619
0.9887307560428997
0.9884264770562888
0.9881077051987294
0.9877741069507634
0.9874253577269541
0.9870611462182151
0.9866811794815424
0.9862851889124125
0.9858729372704225
0.9854442269690289
0.9849989098957697
0.9845368991097377
0.9840581828716036
0.9835628416264999
0.9830510688030367
0.9825231966873612
0.9819797292813335
0.9814213852172639
0.9808491560513188
0.9802643901141797
0.9796689244636009
0.9790653281093487
0.9792165631259516
0.9798244229326402
0.9804241310787680
0.9810131102174759
0.9815895149851285
0.9821519889309143
0.9826995326781638
0.9832314201611970
0.9837471404019276
0.9842463546486274
0.9847288635561441
0.9851945813376316
0.9856435149776895
0.9860757472517462
0.9864914226881264
0.9868907358543106
0.9872739215138656
0.9876412463088418
0.9879930017015436
0.9883294979666117
0.9886510590648599
0.9889580182624452
0.9892507143832215
0.9895294886014057
0.9897946816974289
0.9900466317093314
0.9902856719266835
0.9905121291775586
0.9907263223691065
0.9909285612466033
0.9911191453419159
0.9912983630773210
0.9914664910240447
0.9916237932661799
0.9917705208749458
0.9919069114710731
0.9920331888618623
0.9921495627433946
0.9922562284573858
0.9923533667940226
0.9924411438341976
0.9925197108235305
0.9925892040736430
0.9926497448854814
0.9927014394905566
0.9927443790062844
0.9927786394035700
0.9928042814825753
0.9928213508562048
0.9928298779386431
0.9928298779386431
0.9928213508562048
0.9928042814825753
0.9927786394035700
0.9927443790062844
0.9927014394905566
0.9926497448854814
0.9925892040736430
0.9925197108235305
0.9924411438341976
0.9923533667940143
0.9922562284573858
0.9921495627433946
0.9920331888618623
0.9919069114710731
0.9917705208749458
0.9916237932661776
0.9914664910240464
0.9912983630773210
0.9911191453419159
0.9909285612466033
0.9907263223691065
0.9905121291775586
0.9902856719266835
0.9900466317093314
0.9897946816974289
0.9895294886014057
0.9892507143832215
0.9889580182624452
0.9886510590648599
0.9883294979666104
0.9879930017015364
0.9876412463088418
0.9872739215138656
0.9868907358543106
0.9864914226881264
0.9860757472517462
0.9856435149776895
0.9851945813376316
0.9847288635561441
0.9842463546486278
0.9837471404019276
0.9832314201611970
0.9826995326781638
0.9821519889309143
0.9815895149851285
0.9810131102174759
0.9804241310787680
0.9798244229326402
0.9792165631259516
0.9793601589015498
0.9799720242171394
0.9805757184744273
0.9811686567617300
0.9817489861591195
0.9823153428092944
0.9828667201806711
0.9834023853831996
0.9839218210094520
0.9844246823214484
0.9849107644685177
0.9853799766634506
0.9858323214099054
0.9862678775264085
0.9866867861040881
0.9870892387819696
0.9874754678856542
0.9878457380872233
0.9882003393199184
0.9885395807412719
0.9888637855742127
0.9891732866939286
0.9894684228465811
0.9897495354087942
0.9900169656101833
0.9902710521534813
0.9905121291775586
0.9907405245153752
0.9909565582071269
0.9911605412345030
0.9913527744386028
0.9915335476157214
0.9917031387408390
0.9918618133198241
0.9920098238457167
0.9921474093447765
0.9922747950003284
0.9923921918416795
0.9924997964897019
0.9925977909501131
0.9926863424457768
0.9927656032835885
0.9928357107485020
0.9928967870209198
0.9929489391122248
0.9929922588166360
0.9930268226739934
0.9930526919436032
0.9930699125843040
0.9930785152422457
0.9930785152422457
0.9930699125843040
0.9930526919436032
0.9930268226739934
0.9929922588166360
0.9929489391122248
0.9928967870209198
0.9928357107485020
0.9927656032835885
0.9926863424457768
0.9925977909501131
0.9924997964897019
0.9923921918416795
0.9922747950003284
0.9921474093447765
0.9920098238457167
0.9918618133198241
0.9917031387408390
0.9915335476157211
0.9913527744386028
0.9911605412345030
0.9909565582071269
0.9907405245153752
0.9905121291775586
0.9902710521534799
0.9900169656101833
0.9897495354087942
0.9894684228465811
0.9891732866939289
0.9888637855742127
0.9885395807412719
0.9882003393199184
0.9878457380872233
0.9874754678856542
0.9870892387819696
0.9866867861040881
0.9862678775264085
0.9858323214099054
0.9853799766634506
0.9849107644685177
0.9844246823214484
0.9839218210094520
0.9834023853831996
0.9828667201806711
0.9823153428092944
0.9817489861591195
0.9811686567617300
0.9805757184744273
0.9799720242171394
0.9793601589015498
0.9794962733707981
0.9801118973587548
0.9807193323300986
0.9813159865060481
0.9819000000902864
0.9824700024688420
0.9830249805644600
0.9835641952248816
0.9840871231207053
0.9845934139783192
0.9850828578320270
0.9855553592237877
0.9860109164462660
0.9864496045729856
0.9868715614148148
0.9872769757873756
0.9876660776362333
0.9880391296785860
0.9883964202959539
0.9887382574719203
0.9890649636065554
0.9893768710746851
0.9896743184150916
0.9899576470610362
0.9902271985331096
0.9904833120310967
0.9907263223691065
0.9909565582071269
0.9911743405400512
0.9913799814013793
0.9915737827732529
0.9917560356467484
0.9919270192331909
0.9920870002976692
0.9922362325985747
0.9923749564192992
0.9925033981778943
0.9926217701044638
0.9927302699755515
0.9928290808971441
0.9929183711289119
0.9929982939426476
0.9930689875100976
0.9931305748134754
0.9931831635770699
0.9932268462135722
0.9932616997837830
0.9932877859671823
0.9933051510400535
0.9933138258606977
0.9933138258606977
0.9933051510400541
0.9932877859671823
0.9932616997837830
0.9932268462135722
0.9931831635770699
0.9931305748134754
0.9930689875100976
0.9929982939426476
0.9929183711289119
0.9928290808971441
0.9927302699755515
0.9926217701044638
0.9925033981778943
0.9923749564192992
0.9922362325985747
0.9920870002976692
0.9919270192331909
0.9917560356467484
0.9915737827732529
0.9913799814013793
0.9911743405400512
0.9909565582071269
0.9907263223691065
0.9904833120310964
0.9902271985331096
0.9899576470610362
0.9896743184150916
0.9893768710746851
0.9890649636065554
0.9887382574719203
0.9883964202959539
0.9880391296785860
0.9876660776362333
0.9872769757873756
0.9868715614148148
0.9864496045729856
0.9860109164462638
0.9855553592237877
0.9850828578320270
0.9845934139783192
0.9840871231207053
0.9835641952248816
0.9830249805644600
0.9824700024688420
0.9819000000902864
0.9813159865060481
0.9807193323300986
0.9801118973587548
0.9794962733707981
0.9796250610109041
0.9802442072671437
0.9808551478824932
0.9814552848426277
0.9820427520929028
0.9826161728557411
0.9831745280673089
0.9837170728311663
0.9842432783685381
0.9847527892925356
0.9852453908922579
0.9857209833562735
0.9861795610303675
0.9866211954555090
0.9870460213253185
0.9874542247485089
0.9878460333639726
0.9882217079674662
0.9885815353868319
0.9889258223981491
0.9892548905176571
0.9895690715350534
0.9898687036774233
0.9901541283135360
0.9904256871210684
0.9906837196527377
0.9909285612466033
0.9911605412345030
0.9913799814013793
0.9915871946815595
0.9917824840329519
0.9919661414860720
0.9921384473354586
0.9922996694565235
0.9924500627299584
0.9925898685590187
0.9927193144664905
0.9928386137603863
0.9929479652576357
0.9930475530576558
0.9931375463581803
0.9932180993059692
0.9932893508778965
0.9933514247859097
0.9934044294031931
0.9934484577064875
0.9934835872320074
0.9935098800430884
0.9935273827057618
0.9935361262726669
0.9935361262726669
0.9935273827057571
0.9935098800430853
0.9934835872320074
0.9934484577064875
0.9934044294031931
0.9933514247859097
0.9932893508778965
0.9932180993059692
0.9931375463581803
0.9930475530576558
0.9929479652576402
0.9928386137603886
0.9927193144664969
0.9925898685590202
0.9924500627299584
0.9922996694565235
0.9921384473354552
0.9919661414860720
0.9917824840329519
0.9915871946815595
0.9913799814013793
0.9911605412345030
0.9909285612466033
0.9906837196527377
0.9904256871210696
0.9901541283135321
0.9898687036774233
0.9895690715350534
0.9892548905176571
0.9889258223981491
0.9885815353868319
0.9882217079674662
0.9878460333639726
0.9874542247485089
0.9870460213253185
0.9866211954555090
0.9861795610303675
0.9857209833562735
0.9852453908922579
0.9847527892925334
0.9842432783685381
0.9837170728311663
0.9831745280673089
0.9826161728557411
0.9820427520929028
0.9814552848426277
0.9808551478824932
0.9802442072671437
0.9796250610109041
0.9797466721779665
0.9803691140835895
0.9809833349645971
0.9815867311444657
0.9821774308736737
0.9827540517527843
0.9833155692453048
0.9838612331898197
0.9843905097969887
0.9849030389627966
0.9853986015817554
0.9858770937929714
0.9863385062524312
0.9867829071798530
0.9872104283184434
0.9876212531946326
0.9880156072253803
0.9883937493340467
0.9887559648103303
0.9891025592088388
0.9894338531217790
0.9897501776906812
0.9900518707483515
0.9903392735005266
0.9906127276699136
0.9908725730395022
0.9911191453419159
0.9913527744386028
0.9915737827732529
0.9917824840329514
0.9919791820107944
0.9921641696354082
0.9923377281456868
0.9925001263924592
0.9926516202475364
0.9927924521084821
0.9929228504829753
0.9930430296434052
0.9931531893405787
0.9932535145680329
0.9933441753694935
0.9934253266826852
0.9934971082136009
0.9935596443360643
0.9936130440125055
0.9936574007323408
0.9936927924645663
0.9937192816218068
0.9937369150342734
0.9937457239317357
0.9937457239317357
0.9937369150342734
0.9937192816218062
0.9936927924645663
0.9936574007323408
0.9936130440125055
0.9935596443360643
0.9934971082136050
0.9934253266826852
0.9933441753694935
0.9932535145680329
0.9931531893405787
0.9930430296434020
0.9929228504829753
0.9927924521084821
0.9926516202475364
0.9925001263924592
0.9923377281456868
0.9921641696354082
0.9919791820107944
0.9917824840329514
0.9915737827732529
0.9913527744386028
0.9911191453419159
0.9908725730395022
0.9906127276699136
0.9903392735005266
0.9900518707483515
0.9897501776906812
0.9894338531217790
0.9891025592088388
0.9887559648103303
0.9883937493340467
0.9880156072253803
0.9876212531946326
0.9872104283184434
0.9867829071798530
0.9863385062524315
0.9858770937929714
0.9853986015817554
0.9849030389627966
0.9843905097969872
0.9838612331898197
0.9833155692453048
0.9827540517527843
0.9821774308736737
0.9815867311444660
0.9809833349645971
0.9803691140835893
0.9797466721779665
0.9798612525284545
0.9804867726280998
0.9811040574771103
0.9817104982587870
0.9823042180423811
0.9828838293043437
0.9834483025080966
0.9839968826699412
0.9845290313994591
0.9850443842465766
0.9855427180431231
0.9860239251692225
0.9864879928403909
0.9869349861634389
0.9873650340996311
0.9877783177232949
0.9881750603243792
0.9885555190145003
0.9889199775752416
0.9892687403424738
0.9896021269619520
0.9899204678828943
0.9902241004810929
0.9905133657200388
0.9907886052750845
0.9910501590564058
0.9912983630773210
0.9915335476157211
0.9917560356467466
0.9919661414860707
0.9921641696354082
0.9923504137949556
0.9925251560234744
0.9926886660240684
0.9928412005410822
0.9929830028514744
0.9931143023379400
0.9932353141328586
0.9933462388223697
0.9934472622021974
0.9935385550769799
0.9936202730973427
0.9936925566273601
0.9937555306392712
0.9938093046291381
0.9938539725511726
0.9938896127668412
0.9939162880060064
0.9939340453390332
0.9939429161563484
0.9939429161563484
0.9939340453390332
0.9939162880060057
0.9938896127668343
0.9938539725511726
0.9938093046291385
0.9937555306392712
0.9936925566273601
0.9936202730973427
0.9935385550769799
0.9934472622021974
0.9933462388223758
0.9932353141328603
0.9931143023379411
0.9929830028514744
0.9928412005410822
0.9926886660240684
0.9925251560234744
0.9923504137949556
0.9921641696354082
0.9919661414860707
0.9917560356467474
0.9915335476157214
0.9912983630773210
0.9910501590564058
0.9907886052750845
0.9905133657200388
0.9902241004810929
0.9899204678828943
0.9896021269619520
0.9892687403424738
0.9889199775752416
0.9885555190144975
0.9881750603243792
0.9877783177232965
0.9873650340996311
0.9869349861634389
0.9864879928404012
0.9860239251692225
0.9855427180431231
0.9850443842465766
0.9845290313994591
0.9839968826699412
0.9834483025080966
0.9828838293043437
0.9823042180423811
0.9817104982587839
0.9811040574771103
0.9804867726280998
0.9798612525284545
0.9799689425157762
0.9805973319203378
0.9812174729319370
0.9818267520703814
0.9824232876943628
0.9830056876123919
0.9835729177243050
0.9841242186348123
0.9846590477332097
0.9851770365719893
0.9856779582338919
0.9861617016176834
0.9866282507395281
0.9870776677974177
0.9875100791395226
0.9879256635223593
0.9883246422098633
0.9887072705728843
0.9890738309274598
0.9894246264069146
0.9897599757036354
0.9900802085469306
0.9903856618095764
0.9906766761513318
0.9909535931253686
0.9912167526844612
0.9914664910240447
0.9917031387408390
0.9919270192331909
0.9921384473354586
0.9923377281456868
0.9925251560234755
0.9927010137346673
0.9928655717248560
0.9930190875028134
0.9931618051202894
0.9932939547346620
0.9934157522427302
0.9935273989754793
0.9936290814460524
0.9937209711412108
0.9938032243517583
0.9938759820344428
0.9939393697008111
0.9939934973285975
0.9940384592921653
0.9940743343078406
0.9941011853929194
0.9941190598349343
0.9941279891701776
0.9941279891701776
0.9941190598349343
0.9941011853929194
0.9940743343078406
0.9940384592921653
0.9939934973285975
0.9939393697008111
0.9938759820344428
0.9938032243517583
0.9937209711412108
0.9936290814460524
0.9935273989754793
0.9934157522427302
0.9932939547346620
0.9931618051202894
0.9930190875028134
0.9928655717248560
0.9927010137346668
0.9925251560234744
0.9923377281456868
0.9921384473354586
0.9919270192331909
0.9917031387408390
0.9914664910240447
0.9912167526844612
0.9909535931253686
0.9906766761513316
0.9903856618095764
0.9900802085469306
0.9897599757036354
0.9894246264069146
0.9890738309274598
0.9887072705728843
0.9883246422098642
0.9879256635223593
0.9875100791395226
0.9870776677974177
0.9866282507395281
0.9861617016176834
0.9856779582338919
0.9851770365719893
0.9846590477332097
0.9841242186348123
0.9835729177243050
0.9830056876123919
0.9824232876943628
0.9818267520703814
0.9812174729319370
0.9805973319203378
0.9799689425157762
0.9800698769524758
0.9807009347634811
0.9813237320579961
0.9819356511274493
0.9825348060523259
0.9831198003934671
0.9836895958900292
0.9842434291166534
0.9847807535976727
0.9853011972156168
0.9858045296007960
0.9862906364354411
0.9867594987685977
0.9872111760893914
0.9876457923004424
0.9880635239768172
0.9884645904633964
0.9888492454685349
0.9892177698949346
0.9895704657017460
0.9899076506341334
0.9902296536880797
0.9905368112022871
0.9908294634868300
0.9911079519134045
0.9913726164054607
0.9916237932661776
0.9918618133198241
0.9920870002976725
0.9922996694565235
0.9925001263924592
0.9926886660240684
0.9928655717248560
0.9930311145834310
0.9931855527756597
0.9933291310336618
0.9934620801980131
0.9935846168424027
0.9936969429598872
0.9937992457029879
0.9938916971679405
0.9939744542190612
0.9940476583447025
0.9941114355409765
0.9941658962193786
0.9942111351322660
0.9942472313165005
0.9942742480484632
0.9942922328118943
0.9943012172747869
0.9943012172747869
0.9942922328118828
0.9942742480484612
0.9942472313165005
0.9942111351322660
0.9941658962193786
0.9941114355409765
0.9940476583447025
0.9939744542190612
0.9938916971679405
0.9937992457029858
0.9936969429598873
0.9935846168424027
0.9934620801980131
0.9933291310336572
0.9931855527756597
0.9930311145834310
0.9928655717248560
0.9926886660240684
0.9925001263924592
0.9922996694565235
0.9920870002976725
0.9918618133198241
0.9916237932661776
0.9913726164054607
0.9911079519134045
0.9908294634868283
0.9905368112022825
0.9902296536880836
0.9899076506341334
0.9895704657017437
0.9892177698949346
0.9888492454685349
0.9884645904633964
0.9880635239768172
0.9876457923004495
0.9872111760893914
0.9867594987685977
0.9862906364354411
0.9858045296007960
0.9853011972156168
0.9847807535976776
0.9842434291166534
0.9836895958900292
0.9831198003934671
0.9825348060523259
0.9819356511274488
0.9813237320579961
0.9807009347634811
0.9800698769524758
0.9801641846298864
0.9807977173861882
0.9814229784624589
0.9820373463216504
0.9826389311632847
0.9832263326886875
0.9837985088499680
0.9843546925458296
0.9848943337684093
0.9854170570378985
0.9859226288128174
0.9864109318116568
0.9868819443400179
0.9873357233729289
0.9877723905328410
0.9881921203513587
0.9885951303642965
0.9889816727025423
0.9893520269158383
0.9897064938269827
0.9900453902513634
0.9903690444503911
0.9906777922110098
0.9909719734607989
0.9912519293462791
0.9915179997011291
0.9917705208749458
0.9920098238457167
0.9922362325985747
0.9924500627299585
0.9926516202475364
0.9928412005410822
0.9930190875028134
0.9931855527756597
0.9933408551153272
0.9934852398486850
0.9936189384167277
0.9937421679903935
0.9938551311492645
0.9939580156134958
0.9940509940224915
0.9941342237521292
0.9942078467662193
0.9942719894951733
0.9943267627391061
0.9943722615902797
0.9944085653732534
0.9944357375976355
0.9944538259237679
0.9944628621382617
0.9944628621382617
0.9944538259237679
0.9944357375976355
0.9944085653732534
0.9943722615902797
0.9943267627391061
0.9942719894951733
0.9942078467662193
0.9941342237521292
0.9940509940224915
0.9939580156134958
0.9938551311492645
0.9937421679903935
0.9936189384167277
0.9934852398486850
0.9933408551153269
0.9931855527756597
0.9930190875028134
0.9928412005410822
0.9926516202475364
0.9924500627299585
0.9922362325985747
0.9920098238457167
0.9917705208749458
0.9915179997011291
0.9912519293462793
0.9909719734607996
0.9906777922110098
0.9903690444503911
0.9900453902513638
0.9897064938269827
0.9893520269158395
0.9889816727025423
0.9885951303642965
0.9881921203513587
0.9877723905328410
0.9873357233729289
0.9868819443400179
0.9864109318116568
0.9859226288128174
0.9854170570378985
0.9848943337684093
0.9843546925458296
0.9837985088499680
0.9832263326886875
0.9826389311632847
0.9820373463216504
0.9814229784624589
0.9807977173861882
0.9801641846298864
0.9802519879888878
0.9808878091318534
0.9815153483394621
0.9821319806139097
0.9827358126402203
0.9833254406196066
0.9838998190635965
0.9844581775257587
0.9849999627776018
0.9855247962659991
0.9860324415441573
0.9865227786075391
0.9869957832338394
0.9874515100730697
0.9878900786310534
0.9883116615331998
0.9887164746196758
0.9891047685329509
0.9894768215370831
0.9898329333646462
0.9901734199280894
0.9904986087636590
0.9908088350999171
0.9911044384614958
0.9913857597351414
0.9916531386253248
0.9919069114710731
0.9921474093447731
0.9923749564192992
0.9925898685590187
0.9927924521084855
0.9929830028514744
0.9931618051202894
0.9933291310336572
0.9934852398486876
0.9936303774100671
0.9937647756843901
0.9938886523677449
0.9940022105571246
0.9941056384752233
0.9941991092432677
0.9942827806923804
0.9943567952099800
0.9944212796141525
0.9944763450522606
0.9945220869209869
0.9945585848024002
0.9945859024152197
0.9946040875782778
0.9946131721845288
0.9946131721845288
0.9946040875782778
0.9945859024152197
0.9945585848024002
0.9945220869209861
0.9944763450522606
0.9944212796141525
0.9943567952099800
0.9942827806923804
0.9941991092432685
0.9941056384752198
0.9940022105571246
0.9938886523677449
0.9937647756843901
0.9936303774100671
0.9934852398486876
0.9933291310336572
0.9931618051202894
0.9929830028514744
0.9927924521084855
0.9925898685590187
0.9923749564192993
0.9921474093447731
0.9919069114710731
0.9916531386253248
0.9913857597351438
0.9911044384614958
0.9908088350999171
0.9904986087636590
0.9901734199280894
0.9898329333646462
0.9894768215370831
0.9891047685329541
0.9887164746196758
0.9883116615331998
0.9878900786310534
0.9874515100730697
0.9869957832338394
0.9865227786075391
0.9860324415441593
0.9855247962659991
0.9849999627776018
0.9844581775257587
0.9838998190635951
0.9833254406196066
0.9827358126402203
0.9821319806139165
0.9815153483394621
0.9808878091318536
0.9802519879888878
0.9803334028336063
0.9809713321912766
0.9816009702204225
0.9822196888012243
0.9828255914439251
0.9834172711826716
0.9839936794114169
0.9845540426477221
0.9850978047341723
0.9856245843179361
0.9861341422986685
0.9866263561796086
0.9871011994172354
0.9875587245202198
0.9879990490382444
0.9884223438278663
0.9888288231481922
0.9892187362461686
0.9895923601724124
0.9899499936222924
0.9902919516404800
0.9906185610563890
0.9909301565434466
0.9912270772132524
0.9915096636703356
0.9917782554577417
0.9920331888618620
0.9922747950003284
0.9925033981778943
0.9927193144664905
0.9929228504829763
0.9931143023379411
0.9932939547346620
0.9934620801980131
0.9936189384167277
0.9937647756843901
0.9938998244256718
0.9940243027968017
0.9941384143491235
0.9942423477488175
0.9943362765429326
0.9944203589660154
0.9944947377817011
0.9945595401524741
0.9946148775354023
0.9946608455981845
0.9946975241529565
0.9947249771050681
0.9947432524150388
0.9947523820708749
0.9947523820708749
0.9947432524150388
0.9947249771050681
0.9946975241529565
0.9946608455981845
0.9946148775354023
0.9945595401524741
0.9944947377817011
0.9944203589660154
0.9943362765429326
0.9942423477488175
0.9941384143491241
0.9940243027968021
0.9938998244256749
0.9937647756843901
0.9936189384167277
0.9934620801980131
0.9932939547346620
0.9931143023379411
0.9929228504829763
0.9927193144664905
0.9925033981778943
0.9922747950003284
0.9920331888618620
0.9917782554577417
0.9915096636703356
0.9912270772132524
0.9909301565434466
0.9906185610563890
0.9902919516404800
0.9899499936222924
0.9895923601724124
0.9892187362461686
0.9888288231481922
0.9884223438278663
0.9879990490382444
0.9875587245202198
0.9871011994172354
0.9866263561796086
0.9861341422986685
0.9856245843179361
0.9850978047341723
0.9845540426477221
0.9839936794114169
0.9834172711826710
0.9828255914439251
0.9822196888012281
0.9816009702204225
0.9809713321912766
0.9803334028336070
0.9804085380858955
0.9810484013740757
0.9816799647608977
0.9823005973191512
0.9829083996990087
0.9835019620779815
0.9840802330338821
0.9846424363376896
0.9851880131780726
0.9857165796604330
0.9862278942706547
0.9867218322393814
0.9871983649014042
0.9876575428027468
0.9880994816936093
0.9885243507981163
0.9889323629096758
0.9893237659756818
0.9896988359096749
0.9900578704284836
0.9904011837507671
0.9907291020251212
0.9910419593819199
0.9913400945196279
0.9916238477445695
0.9918935584188502
0.9921495627433911
0.9923921918416795
0.9926217701044638
0.9928386137603843
0.9930430296434020
0.9932353141328586
0.9934157522427302
0.9935846168424027
0.9937421679903935
0.9938886523677449
0.9940243027968021
0.9941493378345110
0.9942639614303617
0.9943683626398649
0.9944627153848299
0.9945471782560928
0.9946218943495356
0.9946869911331231
0.9947425803384523
0.9947887578738370
0.9948256037558044
0.9948531820559521
0.9948715408605695
0.9948807122424134
0.9948807122424134
0.9948715408605695
0.9948531820559521
0.9948256037558044
0.9947887578738368
0.9947425803384523
0.9946869911331231
0.9946218943495350
0.9945471782560928
0.9944627153848264
0.9943683626398637
0.9942639614303617
0.9941493378345110
0.9940243027968021
0.9938886523677449
0.9937421679903935
0.9935846168424027
0.9934157522427302
0.9932353141328586
0.9930430296434020
0.9928386137603864
0.9926217701044638
0.9923921918416795
0.9921495627433946
0.9918935584188502
0.9916238477445699
0.9913400945196279
0.9910419593819199
0.9907291020251260
0.9904011837507688
0.9900578704284836
0.9896988359096749
0.9893237659756818
0.9889323629096758
0.9885243507981173
0.9880994816936093
0.9876575428027468
0.9871983649014042
0.9867218322393814
0.9862278942706547
0.9857165796604330
0.9851880131780726
0.9846424363376896
0.9840802330338821
0.9835019620779815
0.9829083996990087
0.9823005973191512
0.9816799647608977
0.9810484013740757
0.9804085380858955
0.9804774955723481
0.9811191239106806
0.9817524445590520
0.9823748240743755
0.9829843605402284
0.9835796415670477
0.9841596131992909
0.9847234967332418
0.9852707309629459
0.9858009296963213
0.9863138492337328
0.9868093627436211
0.9872874396311744
0.9877481286526675
0.9881915439130824
0.9886178531384626
0.9890272677726472
0.9894200345607513
0.9897964283597223
0.9901567459709110
0.9905013008340497
0.9908304184500913
0.9911444324253910
0.9914436810512696
0.9917285043341610
0.9919992414384818
0.9922562284573858
0.9924997964897001
0.9927302699755548
0.9929479652576384
0.9931531893405787
0.9933462388223697
0.9935273989754847
0.9936969429598872
0.9938551311492645
0.9940022105571246
0.9941384143491235
0.9942639614303617
0.9943790560972064
0.9944838877450903
0.9945786306247684
0.9946634436396439
0.9947384701785476
0.9948038379782972
0.9948596590129971
0.9949060294036551
0.9949430293477391
0.9949707230638499
0.9949891587497238
0.9949983685534194
0.9949983685534194
0.9949891587497238
0.9949707230638503
0.9949430293477391
0.9949060294036551
0.9948596590129971
0.9948038379782977
0.9947384701785476
0.9946634436396439
0.9945786306247684
0.9944838877450903
0.9943790560972064
0.9942639614303617
0.9941384143491235
0.9940022105571246
0.9938551311492645
0.9936969429598872
0.9935273989754793
0.9933462388223697
0.9931531893405787
0.9929479652576384
0.9927302699755548
0.9924997964897019
0.9922562284573858
0.9919992414384818
0.9917285043341610
0.9914436810512696
0.9911444324253910
0.9908304184500913
0.9905013008340497
0.9901567459709110
0.9897964283597223
0.9894200345607513
0.9890272677726472
0.9886178531384626
0.9881915439130824
0.9877481286526677
0.9872874396311744
0.9868093627436211
0.9863138492337328
0.9858009296963213
0.9852707309629462
0.9847234967332418
0.9841596131992909
0.9835796415670477
0.9829843605402284
0.9823748240743755
0.9817524445590533
0.9811191239106806
0.9804774955723481
0.9805403698422031
0.9811835992849320
0.9818185140011846
0.9824424783034433
0.9830535879828171
0.9836504283548646
0.9842319431954852
0.9847973515830573
0.9853460901621345
0.9858777706754656
0.9863921474554053
0.9868890918097338
0.9873685713994782
0.9878306333590280
0.9882753902988231
0.9887030085799047
0.9891136984124090
0.9895077054382637
0.9898853035399251
0.9902467886707456
0.9905924735438112
0.9909226830504395
0.9912377502986539
0.9915380131860837
0.9918238114231417
0.9920954839688606
0.9923533667940226
0.9925977909501131
0.9928290808971414
0.9930475530576559
0.9932535145680329
0.9934472622021974
0.9936290814460524
0.9937992457029879
0.9939580156134958
0.9941056384752233
0.9942423477488175
0.9943683626398637
0.9944838877450903
0.9945891127559445
0.9946842122097449
0.9947693452832230
0.9948446556214227
0.9949102711973560
0.9949663041977891
0.9950128509308540
0.9950499917532379
0.9950777910128186
0.9950962970060062
0.9951055419466113
0.9951055419466166
0.9950962970060060
0.9950777910128186
0.9950499917532329
0.9950128509308540
0.9949663041977886
0.9949102711973560
0.9948446556214227
0.9947693452832229
0.9946842122097449
0.9945891127559491
0.9944838877450903
0.9943683626398637
0.9942423477488175
0.9941056384752216
0.9939580156134958
0.9937992457029876
0.9936290814460524
0.9934472622021974
0.9932535145680329
0.9930475530576559
0.9928290808971441
0.9925977909501131
0.9923533667940226
0.9920954839688606
0.9918238114231417
0.9915380131860837
0.9912377502986539
0.9909226830504395
0.9905924735438112
0.9902467886707456
0.9898853035399251
0.9895077054382637
0.9891136984124128
0.9887030085799047
0.9882753902988231
0.9878306333590292
0.9873685713994782
0.9868890918097338
0.9863921474554053
0.9858777706754656
0.9853460901621345
0.9847973515830573
0.9842319431954852
0.9836504283548646
0.9830535879828171
0.9824424783034433
0.9818185140011846
0.9811835992849320
0.9805403698422031
0.9805972480069299
0.9812419190910441
0.9818782691313455
0.9825036604543218
0.9831161868161438
0.9837144314926779
0.9842973362420426
0.9848641181669736
0.9854142119954719
0.9859472276261764
0.9864629176311978
0.9869611516518175
0.9874418957837483
0.9879051957027354
0.9883511626718616
0.9887799618188148
0.9891918022352030
0.9895869285598164
0.9899656137854226
0.9903281530868454
0.9906748585072400
0.9910060543713606
0.9913220733195949
0.9916232528756656
0.9919099324633041
0.9921824508362386
0.9924411438341976
0.9926863424457768
0.9929183711289119
0.9931375463581803
0.9933441753694935
0.9935385550769799
0.9937209711412108
0.9938916971679405
0.9940509940224915
0.9941991092432677
0.9943362765429326
0.9944627153848264
0.9945786306247684
0.9946842122097449
0.9947796349255448
0.9948650581861217
0.9949406258597107
0.9950064661250455
0.9950626913545296
0.9951093980197384
0.9951466666165454
0.9951745616061557
0.9951931313709549
0.9952024081828408
0.9952024081828408
0.9951931313709549
0.9951745616061557
0.9951466666165454
0.9951093980197384
0.9950626913545261
0.9950064661250455
0.9949406258597107
0.9948650581861217
0.9947796349255448
0.9946842122097449
0.9945786306247684
0.9944627153848299
0.9943362765429330
0.9941991092432677
0.9940509940224915
0.9938916971679405
0.9937209711412108
0.9935385550769799
0.9933441753694935
0.9931375463581803
0.9929183711289119
0.9926863424457768
0.9924411438341976
0.9921824508362386
0.9919099324633041
0.9916232528756656
0.9913220733195949
0.9910060543713606
0.9906748585072401
0.9903281530868454
0.9899656137854226
0.9895869285598164
0.9891918022352033
0.9887799618188148
0.9883511626718616
0.9879051957027354
0.9874418957837483
0.9869611516518175
0.9864629176311978
0.9859472276261764
0.9854142119954719
0.9848641181669736
0.9842973362420425
0.9837144314926779
0.9831161868161438
0.9825036604543261
0.9818782691313445
0.9812419190910441
0.9805972480069299
0.9806482096222373
0.9812941669117780
0.9819317975418566
0.9825584620882831
0.9831722525152079
0.9837717502998368
0.9843558954198476
0.9849239032328448
0.9854752067716220
0.9860094143020435
0.9865262768355446
0.9870256625336740
0.9875075360995842
0.9879719419095239
0.9884189900234215
0.9888488444652368
0.9892617133230056
0.9896578403323318
0.9900374976827987
0.9904009798434861
0.9907485982466535
0.9910806766978614
0.9913975474054900
0.9916995475437537
0.9919870162647711
0.9922602921225234
0.9925197108235305
0.9927656032835885
0.9929982939426476
0.9932180993059739
0.9934253266826852
0.9936202730973427
0.9938032243517583
0.9939744542190612
0.9941342237521292
0.9942827806923804
0.9944203589660154
0.9945471782560928
0.9946634436396439
0.9947693452832230
0.9948650581861217
0.9949507419672081
0.9950265406869322
0.9950925827022896
0.9951489805462788
0.9951958308324762
0.9952332141771796
0.9952611951401494
0.9952798221784860
0.9952891276145210
0.9952891276145210
0.9952798221784820
0.9952611951401494
0.9952332141771796
0.9951958308324762
0.9951489805462788
0.9950925827022896
0.9950265406869322
0.9949507419672081
0.9948650581861217
0.9947693452832230
0.9946634436396439
0.9945471782560928
0.9944203589660154
0.9942827806923793
0.9941342237521292
0.9939744542190612
0.9938032243517583
0.9936202730973427
0.9934253266826812
0.9932180993059739
0.9929982939426476
0.9927656032835888
0.9925197108235305
0.9922602921225234
0.9919870162647711
0.9916995475437537
0.9913975474054900
0.9910806766978588
0.9907485982466535
0.9904009798434861
0.9900374976827987
0.9896578403323318
0.9892617133230056
0.9888488444652368
0.9884189900234215
0.9879719419095239
0.9875075360995842
0.9870256625336740
0.9865262768355446
0.9860094143020435
0.9854752067716220
0.9849239032328448
0.9843558954198476
0.9837717502998368
0.9831722525152079
0.9825584620882831
0.9819317975418566
0.9812941669117780
0.9806482096222373
0.9806933265524517
0.9813404182162208
0.9819791782808114
0.9826069657974371
0.9832218711675766
0.9838224742992503
0.9844077136150965
0.9849768029469882
0.9855291738445641
0.9860644331432166
0.9865823304860387
0.9870827327347068
0.9875656033680500
0.9880309856174954
0.9884789884812220
0.9889097750071779
0.9893235523939208
0.9897205635748572
0.9901010800234384
0.9904653955776006
0.9908138211210654
0.9911466799905034
0.9914643040017348
0.9917670300087001
0.9920551969111064
0.9923291430740573
0.9925892040736430
0.9928357107485020
0.9930689875100976
0.9932893508778965
0.9934971082136050
0.9936925566273609
0.9938759820344428
0.9940476583447025
0.9942078467662193
0.9943567952099800
0.9944947377817014
0.9946218943495349
0.9947384701785476
0.9948446556214227
0.9949406258597107
0.9950265406869322
0.9951025443285836
0.9951687652937050
0.9952253162534790
0.9952722939431006
0.9953097790825433
0.9953378363161545
0.9953565141655283
0.9953658449961393
0.9953658449961393
0.9953565141655283
0.9953378363161545
0.9953097790825433
0.9952722939431006
0.9952253162534790
0.9951687652937050
0.9951025443285836
0.9950265406869322
0.9949406258597107
0.9948446556214227
0.9947384701785476
0.9946218943495349
0.9944947377817014
0.9943567952099800
0.9942078467662193
0.9940476583447025
0.9938759820344428
0.9936925566273609
0.9934971082136050
0.9932893508778965
0.9930689875100976
0.9928357107485020
0.9925892040736430
0.9923291430740573
0.9920551969110994
0.9917670300087001
0.9914643040017348
0.9911466799905034
0.9908138211210654
0.9904653955776006
0.9901010800234384
0.9897205635748572
0.9893235523939208
0.9889097750071779
0.9884789884812242
0.9880309856174954
0.9875656033680500
0.9870827327347068
0.9865823304860387
0.9860644331432166
0.9855291738445641
0.9849768029469882
0.9844077136150965
0.9838224742992503
0.9832218711675766
0.9826069657974371
0.9819791782808114
0.9813404182162208
0.9806933265524517
0.9807326628897659
0.9813807402737351
0.9820204817759448
0.9826492451371772
0.9832651194149523
0.9838666831664594
0.9844528734745739
0.9850229028559393
0.9855762015803065
0.9861123752476882
0.9866311723177601
0.9871324585273041
0.9876161962938664
0.9880824278552288
0.9885312612867636
0.9889628587863113
0.9893774267766359
0.9897752074892837
0.9901564717699433
0.9905215129016214
0.9908706412838707
0.9912041798377605
0.9915224600292359
0.9918258184245115
0.9921145936946475
0.9923891240307151
0.9926497448854814
0.9928967870209215
0.9931305748134754
0.9933514247859097
0.9935596443360643
0.9937555306392712
0.9939393697008111
0.9941114355409765
0.9942719894951733
0.9944212796141525
0.9945595401524741
0.9946869911331231
0.9948038379782972
0.9949102711973560
0.9950064661250453
0.9950925827022896
0.9951687652937050
0.9952351425373568
0.9952918272214146
0.9953389161839353
0.9953764902331897
0.9954046140851320
0.9954233363159178
0.9954326893280461
0.9954326893280461
0.9954233363159178
0.9954046140851320
0.9953764902331897
0.9953389161839353
0.9952918272214146
0.9952351425373568
0.9951687652937050
0.9950925827022896
0.9950064661250454
0.9949102711973560
0.9948038379782972
0.9946869911331231
0.9945595401524741
0.9944212796141525
0.9942719894951733
0.9941114355409765
0.9939393697008111
0.9937555306392712
0.9935596443360643
0.9933514247859097
0.9931305748134754
0.9928967870209215
0.9926497448854814
0.9923891240307151
0.9921145936946474
0.9918258184245115
0.9915224600292359
0.9912041798377605
0.9908706412838707
0.9905215129016204
0.9901564717699433
0.9897752074892837
0.9893774267766359
0.9889628587863113
0.9885312612867636
0.9880824278552288
0.9876161962938664
0.9871324585273100
0.9866311723177601
0.9861123752476882
0.9855762015803065
0.9850229028559393
0.9844528734745739
0.9838666831664594
0.9832651194149523
0.9826492451371772
0.9820204817759495
0.9813807402737351
0.9807326628897659
0.9807662748709763
0.9814151920827779
0.9820557697711579
0.9826853645710913
0.9833020644049127
0.9839044466883882
0.9844914473714190
0.9850622778577260
0.9856163673332013
0.9861533203508289
0.9866728843663795
0.9871749241615602
0.9876594012517423
0.9881263570290033
0.9885758987824145
0.9890081879841366
0.9894234303935948
0.9898218676414189
0.9902037700344554
0.9905694303779099
0.9909191586535055
0.9912532774222833
0.9915721178456136
0.9918760162378327
0.9921653110682009
0.9924403403722001
0.9927014394905566
0.9929489391122248
0.9931831635770699
0.9934044294031902
0.9936130440125055
0.9938093046291381
0.9939934973285975
0.9941658962193786
0.9943267627391061
0.9944763450522598
0.9946148775354023
0.9947425803384523
0.9948596590129971
0.9949663041977898
0.9950626913545261
0.9951489805462788
0.9952253162534790
0.9952918272214146
0.9953486263354612
0.9953958105194742
0.9954334606553035
0.9954616415187350
0.9954804017316193
0.9954897737269838
0.9954897737269838
0.9954804017316193
0.9954616415187352
0.9954334606553029
0.9953958105194742
0.9953486263354603
0.9952918272214146
0.9952253162534790
0.9951489805462788
0.9950626913545296
0.9949663041977898
0.9948596590129971
0.9947425803384523
0.9946148775354023
0.9944763450522598
0.9943267627391061
0.9941658962193786
0.9939934973285975
0.9938093046291381
0.9936130440125055
0.9934044294031902
0.9931831635770699
0.9929489391122248
0.9927014394905566
0.9924403403722001
0.9921653110681919
0.9918760162378327
0.9915721178456136
0.9912532774222796
0.9909191586535067
0.9905694303779099
0.9902037700344554
0.9898218676414189
0.9894234303935948
0.9890081879841366
0.9885758987824099
0.9881263570290033
0.9876594012517423
0.9871749241615595
0.9866728843663795
0.9861533203508289
0.9856163673331954
0.9850622778577294
0.9844914473714190
0.9839044466883882
0.9833020644049127
0.9826853645710913
0.9820557697711579
0.9814151920827779
0.9807662748709763
0.9807942108110475
0.9814438243085764
0.9820850952754188
0.9827153794263582
0.9833327637530642
0.9839358247316428
0.9845234973784838
0.9850949921801172
0.9856497374282631
0.9861873368117116
0.9867075369571134
0.9872102018564829
0.9876952922787656
0.9881628489155406
0.9886129784037968
0.9890458416133971
0.9894616437521986
0.9898606259503122
0.9902430580651242
0.9906092325024246
0.9909594588937601
0.9912940594975024
0.9916133652181834
0.9919177121563766
0.9922074386092736
0.9924828824784913
0.9927443790062841
0.9929922588166360
0.9932268462135722
0.9934484577064875
0.9936574007323408
0.9938539725511726
0.9940384592921653
0.9942111351322660
0.9943722615902797
0.9945220869209861
0.9946608455981852
0.9947887578738370
0.9949060294036551
0.9950128509308540
0.9951093980197384
0.9951958308324762
0.9952722939431006
0.9953389161839353
0.9953958105194802
0.9954430739435874
0.9954807873976015
0.9955090157062122
0.9955278075282703
0.9955371953220480
0.9955371953220480
0.9955278075282704
0.9955090157062122
0.9954807873976015
0.9954430739435900
0.9953958105194742
0.9953389161839362
0.9952722939431006
0.9951958308324762
0.9951093980197384
0.9950128509308540
0.9949060294036551
0.9947887578738370
0.9946608455981845
0.9945220869209861
0.9943722615902797
0.9942111351322660
0.9940384592921653
0.9938539725511726
0.9936574007323408
0.9934484577064875
0.9932268462135722
0.9929922588166360
0.9927443790062841
0.9924828824784913
0.9922074386092736
0.9919177121563766
0.9916133652181834
0.9912940594975024
0.9909594588937601
0.9906092325024275
0.9902430580651242
0.9898606259503122
0.9894616437521986
0.9890458416133971
0.9886129784037965
0.9881628489155406
0.9876952922787656
0.9872102018564826
0.9867075369571134
0.9861873368117129
0.9856497374282631
0.9850949921801172
0.9845234973784838
0.9839358247316428
0.9833327637530642
0.9827153794263582
0.9820850952754188
0.9814438243085772
0.9807942108110475
0.9808165110490276
0.9814666792493231
0.9821085025205218
0.9827393358575968
0.9833572655127455
0.9839608672173559
0.9845490752484550
0.9851210993648307
0.9856763671491258
0.9862144816042275
0.9867351886980806
0.9872383517952712
0.9877239310709677
0.9881919666593484
0.9886425646776557
0.9890758855155216
0.9894921339403194
0.9898915506821246
0.9902744052383701
0.9906409896947146
0.9909916134011867
0.9913265983722886
0.9916462753061220
0.9919509801269452
0.9922410509946433
0.9925168256999441
0.9927786394035687
0.9930268226739934
0.9932616997837830
0.9934835872320074
0.9936927924645644
0.9938896127668412
0.9940743343078405
0.9942472313165005
0.9944085653732534
0.9945585848023999
0.9946975241529565
0.9948256037558044
0.9949430293477391
0.9950499917532378
0.9951466666165454
0.9952332141771796
0.9953097790825433
0.9953764902331897
0.9954334606553029
0.9954807873976015
0.9955185514483466
0.9955468176702671
0.9955656347515124
0.9955750351698807
0.9955750351698807
0.9955656347515124
0.9955468176702641
0.9955185514483466
0.9954807873976015
0.9954334606553029
0.9953764902331897
0.9953097790825383
0.9952332141771796
0.9951466666165454
0.9950499917532378
0.9949430293477391
0.9948256037558044
0.9946975241529565
0.9945585848023999
0.9944085653732541
0.9942472313165005
0.9940743343078405
0.9938896127668412
0.9936927924645644
0.9934835872320074
0.9932616997837830
0.9930268226739934
0.9927786394035700
0.9925168256999441
0.9922410509946433
0.9919509801269452
0.9916462753061220
0.9913265983722886
0.9909916134011867
0.9906409896947129
0.9902744052383701
0.9898915506821246
0.9894921339403194
0.9890758855155216
0.9886425646776557
0.9881919666593484
0.9877239310709677
0.9872383517952712
0.9867351886980806
0.9862144816042275
0.9856763671491265
0.9851210993648307
0.9845490752484544
0.9839608672173559
0.9833572655127455
0.9827393358575968
0.9821085025205218
0.9814666792493231
0.9808165110490276
0.9808332079052412
0.9814837907772646
0.9821260269287573
0.9827572708196651
0.9833756081517999
0.9839796141027263
0.9845682223983934
0.9851406422560290
0.9856963007297893
0.9862348003110902
0.9867558864769843
0.9872594221237265
0.9877453669830828
0.9882137607728304
0.9886647092219034
0.9890983723602650
0.9895149546257718
0.9899146964485016
0.9902978670558050
0.9906647582927496
0.9910156792975560
0.9913509519009234
0.9916709066443984
0.9919758793203883
0.9922662079825002
0.9925422303372798
0.9928042814825753
0.9930526919436032
0.9932877859671823
0.9935098800430884
0.9937192816218062
0.9939162880060064
0.9941011853929194
0.9942742480484632
0.9944357375976355
0.9945859024152197
0.9947249771050681
0.9948531820559521
0.9949707230638503
0.9950777910128186
0.9951745616061557
0.9952611951401494
0.9953378363161545
0.9954046140851320
0.9954616415187350
0.9955090157062122
0.9955468176702641
0.9955751123019700
0.9955939483109886
0.9956033581896375
0.9956033581896375
0.9955939483109886
0.9955751123019700
0.9955468176702641
0.9955090157062160
0.9954616415187350
0.9954046140851320
0.9953378363161545
0.9952611951401494
0.9951745616061617
0.9950777910128186
0.9949707230638503
0.9948531820559521
0.9947249771050681
0.9945859024152197
0.9944357375976355
0.9942742480484632
0.9941011853929194
0.9939162880060064
0.9937192816218068
0.9935098800430884
0.9932877859671823
0.9930526919436042
0.9928042814825753
0.9925422303372798
0.9922662079825002
0.9919758793203827
0.9916709066443984
0.9913509519009234
0.9910156792975560
0.9906647582927496
0.9902978670558049
0.9899146964485016
0.9895149546257743
0.9890983723602617
0.9886647092219042
0.9882137607728304
0.9877453669830828
0.9872594221237264
0.9867558864769843
0.9862348003110902
0.9856963007297952
0.9851406422560401
0.9845682223983934
0.9839796141027263
0.9833756081517999
0.9827572708196624
0.9821260269287613
0.9814837907772646
0.9808332079052412
0.9808443256480970
0.9814951843234263
0.9821376950876566
0.9827692120459969
0.9833878205355921
0.9839920953665465
0.9845809698996940
0.9851536529927286
0.9857095713492739
0.9862483271213255
0.9867696654598095
0.9872734489499395
0.9877596370290080
0.9882282691378272
0.9886794507469515
0.9891133416472986
0.9895301460570342
0.9899301042064780
0.9903134851428076
0.9906805805504583
0.9910316994261861
0.9913671634777166
0.9916873031414384
0.9919924541216614
0.9922829544001724
0.9925591416266244
0.9928213508562048
0.9930699125843040
0.9933051510400541
0.9935273827057618
0.9937369150342734
0.9939340453390332
0.9941190598349343
0.9942922328118828
0.9944538259237679
0.9946040875782778
0.9947432524150388
0.9948715408605694
0.9949891587497238
0.9950962970060062
0.9951931313709549
0.9952798221784860
0.9953565141655283
0.9954233363159195
0.9954804017316193
0.9955278075282703
0.9955656347515062
0.9955939483109886
0.9956127969305155
0.9956222131119775
0.9956222131119775
0.9956127969305162
0.9955939483109886
0.9955656347515124
0.9955278075282703
0.9954804017316193
0.9954233363159195
0.9953565141655283
0.9952798221784860
0.9951931313709549
0.9950962970060062
0.9949891587497238
0.9948715408605695
0.9947432524150388
0.9946040875782778
0.9944538259237679
0.9942922328118828
0.9941190598349343
0.9939340453390332
0.9937369150342734
0.9935273827057566
0.9933051510400535
0.9930699125843033
0.9928213508562048
0.9925591416266244
0.9922829544001724
0.9919924541216614
0.9916873031414384
0.9913671634777166
0.9910316994261861
0.9906805805504583
0.9903134851428076
0.9899301042064719
0.9895301460570320
0.9891133416472969
0.9886794507469515
0.9882282691378272
0.9877596370290080
0.9872734489499395
0.9867696654598095
0.9862483271213255
0.9857095713492739
0.9851536529927286
0.9845809698996940
0.9839920953665465
0.9833878205355921
0.9827692120459969
0.9821376950876566
0.9814951843234262
0.9808443256480970
0.9808498804695348
0.9815008768534222
0.9821435247319407
0.9827751780336549
0.9833939219139874
0.9839983309999032
0.9845873384702565
0.9851601530036145
0.9857162011286145
0.9862550848281054
0.9867765490903394
0.9872804563452988
0.9877667658834477
0.9882355170072860
0.9886868150583246
0.9891208197082096
0.9895377350651411
0.9899378012596879
0.9903212872490257
0.9906884846370224
0.9910397023497598
0.9913752620332086
0.9916954940712136
0.9920007341236527
0.9922913201363015
0.9925675897300922
0.9928298779386431
0.9930785152422427
0.9933138258606977
0.9935361262726669
0.9937457239317357
0.9939429161563484
0.9941279891701770
0.9943012172747869
0.9944628621382617
0.9946131721845288
0.9947523820708749
0.9948807122424134
0.9949983685534194
0.9951055419466113
0.9952024081828332
0.9952891276145210
0.9953658449961393
0.9954326893280460
0.9954897737269838
0.9955371953220480
0.9955750351698807
0.9956033581896375
0.9956222131119775
0.9956316324436998
0.9956316324436998
0.9956222131119775
0.9956033581896375
0.9955750351698807
0.9955371953220467
0.9954897737269838
0.9954326893280460
0.9953658449961393
0.9952891276145210
0.9952024081828330
0.9951055419466113
0.9949983685534194
0.9948807122424134
0.9947523820708749
0.9946131721845288
0.9944628621382617
0.9943012172747869
0.9941279891701774
0.9939429161563499
0.9937457239317357
0.9935361262726669
0.9933138258606981
0.9930785152422427
0.9928298779386431
0.9925675897300922
0.9922913201363015
0.9920007341236527
0.9916954940712136
0.9913752620332086
0.9910397023497598
0.9906884846370224
0.9903212872490257
0.9899378012596879
0.9895377350651411
0.9891208197082096
0.9886868150583246
0.9882355170072860
0.9877667658834477
0.9872804563452988
0.9867765490903394
0.9862550848281054
0.9857162011286145
0.9851601530036145
0.9845873384702565
0.9839983309999032
0.9833939219139874
0.9827751780336549
0.9821435247319407
0.9815008768534222
0.9808498804695348
0.9808498804695288
0.9815008768534226
0.9821435247319364
0.9827751780336675
0.9833939219139874
0.9839983309999032
0.9845873384702531
0.9851601530036090
0.9857162011286135
0.9862550848281009
0.9867765490903394
0.9872804563452990
0.9877667658834505
0.9882355170072860
0.9886868150583246
0.9891208197082121
0.9895377350651411
0.9899378012596879
0.9903212872490257
0.9906884846370224
0.9910397023497477
0.9913752620332086
0.9916954940712095
0.9920007341236527
0.9922913201363015
0.9925675897300922
0.9928298779386422
0.9930785152422427
0.9933138258606977
0.9935361262726669
0.9937457239317357
0.9939429161563499
0.9941279891701776
0.9943012172747869
0.9944628621382617
0.9946131721845288
0.9947523820708749
0.9948807122424134
0.9949983685534194
0.9951055419466091
0.9952024081828408
0.9952891276145210
0.9953658449961393
0.9954326893280456
0.9954897737269838
0.9955371953220511
0.9955750351698806
0.9956033581896375
0.9956222131119775
0.9956316324436998
0.9956316324436998
0.9956222131119775
0.9956033581896375
0.9955750351698806
0.9955371953220480
0.9954897737269838
0.9954326893280460
0.9953658449961393
0.9952891276145210
0.9952024081828408
0.9951055419466091
0.9949983685534194
0.9948807122424134
0.9947523820708749
0.9946131721845288
0.9944628621382617
0.9943012172747869
0.9941279891701776
0.9939429161563499
0.9937457239317357
0.9935361262726677
0.9933138258606961
0.9930785152422427
0.9928298779386422
0.9925675897300922
0.9922913201363015
0.9920007341236527
0.9916954940712095
0.9913752620332086
0.9910397023497477
0.9906884846370224
0.9903212872490257
0.9899378012596879
0.9895377350651411
0.9891208197082121
0.9886868150583246
0.9882355170072860
0.9877667658834485
0.9872804563452990
0.9867765490903394
0.9862550848281054
0.9857162011286135
0.9851601530036145
0.9845873384702565
0.9839983309999032
0.9833939219139874
0.9827751780336675
0.9821435247319364
0.9815008768534222
0.9808498804695288
0.9808443256480970
0.9814951843234263
0.9821376950876612
0.9827692120459968
0.9833878205355921
0.9839920953665465
0.9845809698996940
0.9851536529927294
0.9857095713492739
0.9862483271213255
0.9867696654598095
0.9872734489499395
0.9877596370290080
0.9882282691378272
0.9886794507469527
0.9891133416472969
0.9895301460570320
0.9899301042064719
0.9903134851428076
0.9906805805504584
0.9910316994261861
0.9913671634777166
0.9916873031414384
0.9919924541216615
0.9922829544001724
0.9925591416266244
0.9928213508562048
0.9930699125843040
0.9933051510400535
0.9935273827057571
0.9937369150342734
0.9939340453390342
0.9941190598349343
0.9942922328118828
0.9944538259237675
0.9946040875782778
0.9947432524150388
0.9948715408605695
0.9949891587497238
0.9950962970060060
0.9951931313709549
0.9952798221784860
0.9953565141655283
0.9954233363159183
0.9954804017316193
0.9955278075282703
0.9955656347515124
0.9955939483109886
0.9956127969305162
0.9956222131119775
0.9956222131119775
0.9956127969305162
0.9955939483109886
0.9955656347515124
0.9955278075282703
0.9954804017316193
0.9954233363159183
0.9953565141655283
0.9952798221784860
0.9951931313709549
0.9950962970060062
0.9949891587497238
0.9948715408605695
0.9947432524150388
0.9946040875782778
0.9944538259237679
0.9942922328118943
0.9941190598349343
0.9939340453390342
0.9937369150342734
0.9935273827057571
0.9933051510400535
0.9930699125843040
0.9928213508562048
0.9925591416266244
0.9922829544001724
0.9919924541216615
0.9916873031414384
0.9913671634777166
0.9910316994261861
0.9906805805504584
0.9903134851428076
0.9899301042064719
0.9895301460570320
0.9891133416472969
0.9886794507469527
0.9882282691378272
0.9877596370290080
0.9872734489499361
0.9867696654598095
0.9862483271213255
0.9857095713492739
0.9851536529927286
0.9845809698996940
0.9839920953665465
0.9833878205355921
0.9827692120459968
0.9821376950876566
0.9814951843234262
0.9808443256480970
0.9808332079052412
0.9814837907772646
0.9821260269287573
0.9827572708196651
0.9833756081517999
0.9839796141027315
0.9845682223983934
0.9851406422560401
0.9856963007297952
0.9862348003110902
0.9867558864769843
0.9872594221237264
0.9877453669830828
0.9882137607728304
0.9886647092219042
0.9890983723602640
0.9895149546257743
0.9899146964485034
0.9902978670558049
0.9906647582927476
0.9910156792975560
0.9913509519009234
0.9916709066443984
0.9919758793203827
0.9922662079825002
0.9925422303372798
0.9928042814825747
0.9930526919436032
0.9932877859671823
0.9935098800430875
0.9937192816218068
0.9939162880060064
0.9941011853929194
0.9942742480484612
0.9944357375976355
0.9945859024152197
0.9947249771050681
0.9948531820559521
0.9949707230638514
0.9950777910128186
0.9951745616061557
0.9952611951401494
0.9953378363161545
0.9954046140851320
0.9954616415187358
0.9955090157062122
0.9955468176702641
0.9955751123019700
0.9955939483109886
0.9956033581896375
0.9956033581896375
0.9955939483109886
0.9955751123019700
0.9955468176702641
0.9955090157062122
0.9954616415187350
0.9954046140851320
0.9953378363161545
0.9952611951401494
0.9951745616061557
0.9950777910128186
0.9949707230638519
0.9948531820559521
0.9947249771050681
0.9945859024152197
0.9944357375976355
0.9942742480484612
0.9941011853929194
0.9939162880060064
0.9937192816218068
0.9935098800430875
0.9932877859671823
0.9930526919436032
0.9928042814825747
0.9925422303372798
0.9922662079825002
0.9919758793203827
0.9916709066443984
0.9913509519009234
0.9910156792975560
0.9906647582927476
0.9902978670558049
0.9899146964485034
0.9895149546257743
0.9890983723602649
0.9886647092219042
0.9882137607728304
0.9877453669830828
0.9872594221237264
0.9867558864769843
0.9862348003110902
0.9856963007297952
0.9851406422560290
0.9845682223983934
0.9839796141027315
0.9833756081517999
0.9827572708196651
0.9821260269287573
0.9814837907772646
0.9808332079052412
0.9808165110490276
0.9814666792493231
0.9821085025205218
0.9827393358575961
0.9833572655127455
0.9839608672173559
0.9845490752484556
0.9851210993648307
0.9856763671491258
0.9862144816042258
0.9867351886980804
0.9872383517952712
0.9877239310709677
0.9881919666593484
0.9886425646776557
0.9890758855155216
0.9894921339403194
0.9898915506821246
0.9902744052383701
0.9906409896947146
0.9909916134011867
0.9913265983722886
0.9916462753061265
0.9919509801269452
0.9922410509946433
0.9925168256999438
0.9927786394035700
0.9930268226739948
0.9932616997837830
0.9934835872320074
0.9936927924645644
0.9938896127668349
0.9940743343078406
0.9942472313165005
0.9944085653732541
0.9945585848024021
0.9946975241529566
0.9948256037558044
0.9949430293477391
0.9950499917532379
0.9951466666165454
0.9952332141771799
0.9953097790825433
0.9953764902331897
0.9954334606553029
0.9954807873975994
0.9955185514483468
0.9955468176702641
0.9955656347515124
0.9955750351698806
0.9955750351698806
0.9955656347515124
0.9955468176702641
0.9955185514483468
0.9954807873976015
0.9954334606553029
0.9953764902331897
0.9953097790825433
0.9952332141771799
0.9951466666165454
0.9950499917532379
0.9949430293477391
0.9948256037558044
0.9946975241529566
0.9945585848023999
0.9944085653732541
0.9942472313165005
0.9940743343078406
0.9938896127668412
0.9936927924645644
0.9934835872320074
0.9932616997837830
0.9930268226739948
0.9927786394035687
0.9925168256999438
0.9922410509946433
0.9919509801269452
0.9916462753061265
0.9913265983722886
0.9909916134011867
0.9906409896947119
0.9902744052383701
0.9898915506821246
0.9894921339403194
0.9890758855155216
0.9886425646776557
0.9881919666593484
0.9877239310709677
0.9872383517952712
0.9867351886980806
0.9862144816042275
0.9856763671491275
0.9851210993648307
0.9845490752484556
0.9839608672173559
0.9833572655127455
0.9827393358575961
0.9821085025205218
0.9814666792493231
0.9808165110490276
0.9807942108110463
0.9814438243085772
0.9820850952754274
0.9827153794263582
0.9833327637530634
0.9839358247316461
0.9845234973784838
0.9850949921801172
0.9856497374282631
0.9861873368117130
0.9867075369571113
0.9872102018564809
0.9876952922787656
0.9881628489155406
0.9886129784037970
0.9890458416133971
0.9894616437522015
0.9898606259503122
0.9902430580651255
0.9906092325024275
0.9909594588937601
0.9912940594975024
0.9916133652181834
0.9919177121563781
0.9922074386092736
0.9924828824784913
0.9927443790062841
0.9929922588166359
0.9932268462135722
0.9934484577064875
0.9936574007323447
0.9938539725511726
0.9940384592921653
0.9942111351322660
0.9943722615902797
0.9945220869209882
0.9946608455981852
0.9947887578738368
0.9949060294036551
0.9950128509308540
0.9951093980197384
0.9951958308324752
0.9952722939431006
0.9953389161839375
0.9953958105194742
0.9954430739435900
0.9954807873975994
0.9955090157062122
0.9955278075282714
0.9955371953220481
0.9955371953220467
0.9955278075282714
0.9955090157062122
0.9954807873975994
0.9954430739435874
0.9953958105194742
0.9953389161839375
0.9952722939431006
0.9951958308324756
0.9951093980197384
0.9950128509308540
0.9949060294036551
0.9947887578738368
0.9946608455981852
0.9945220869209882
0.9943722615902797
0.9942111351322660
0.9940384592921653
0.9938539725511726
0.9936574007323447
0.9934484577064875
0.9932268462135722
0.9929922588166359
0.9927443790062841
0.9924828824784913
0.9922074386092736
0.9919177121563766
0.9916133652181834
0.9912940594975024
0.9909594588937601
0.9906092325024275
0.9902430580651255
0.9898606259503122
0.9894616437522022
0.9890458416133971
0.9886129784037970
0.9881628489155406
0.9876952922787656
0.9872102018564809
0.9867075369571113
0.9861873368117130
0.9856497374282631
0.9850949921801172
0.9845234973784838
0.9839358247316461
0.9833327637530634
0.9827153794263582
0.9820850952754274
0.9814438243085772
0.9807942108110502
0.9807662748709763
0.9814151920827779
0.9820557697711579
0.9826853645710913
0.9833020644049127
0.9839044466883882
0.9844914473714190
0.9850622778577294
0.9856163673332013
0.9861533203508289
0.9866728843663795
0.9871749241615602
0.9876594012517423
0.9881263570290033
0.9885758987824099
0.9890081879841366
0.9894234303935922
0.9898218676414189
0.9902037700344554
0.9905694303779099
0.9909191586535067
0.9912532774222796
0.9915721178456187
0.9918760162378325
0.9921653110682009
0.9924403403722001
0.9927014394905566
0.9929489391122248
0.9931831635770699
0.9934044294031902
0.9936130440125082
0.9938093046291381
0.9939934973285975
0.9941658962193786
0.9943267627391061
0.9944763450522606
0.9946148775354023
0.9947425803384519
0.9948596590129971
0.9949663041977886
0.9950626913545296
0.9951489805462788
0.9952253162534790
0.9952918272214145
0.9953486263354601
0.9953958105194742
0.9954334606553029
0.9954616415187350
0.9954804017316193
0.9954897737269838
0.9954897737269838
0.9954804017316193
0.9954616415187350
0.9954334606553029
0.9953958105194742
0.9953486263354631
0.9952918272214145
0.9952253162534790
0.9951489805462788
0.9950626913545296
0.9949663041977886
0.9948596590129971
0.9947425803384519
0.9946148775354023
0.9944763450522606
0.9943267627391061
0.9941658962193786
0.9939934973285975
0.9938093046291381
0.9936130440125055
0.9934044294031931
0.9931831635770699
0.9929489391122248
0.9927014394905574
0.9924403403722001
0.9921653110682009
0.9918760162378312
0.9915721178456187
0.9912532774222796
0.9909191586535067
0.9905694303779099
0.9902037700344554
0.9898218676414189
0.9894234303935985
0.9890081879841366
0.9885758987824099
0.9881263570290033
0.9876594012517423
0.9871749241615602
0.9866728843663795
0.9861533203508289
0.9856163673332013
0.9850622778577294
0.9844914473714190
0.9839044466883882
0.9833020644049127
0.9826853645710913
0.9820557697711579
0.9814151920827779
0.9807662748709763
0.9807326628897659
0.9813807402737351
0.9820204817759448
0.9826492451371778
0.9832651194149472
0.9838666831664594
0.9844528734745739
0.9850229028559393
0.9855762015803065
0.9861123752476882
0.9866311723177591
0.9871324585273041
0.9876161962938620
0.9880824278552288
0.9885312612867636
0.9889628587863113
0.9893774267766354
0.9897752074892837
0.9901564717699433
0.9905215129016214
0.9908706412838707
0.9912041798377618
0.9915224600292359
0.9918258184245115
0.9921145936946492
0.9923891240307172
0.9926497448854718
0.9928967870209198
0.9931305748134754
0.9933514247859097
0.9935596443360643
0.9937555306392712
0.9939393697008114
0.9941114355409765
0.9942719894951733
0.9944212796141525
0.9945595401524741
0.9946869911331231
0.9948038379782972
0.9949102711973574
0.9950064661250454
0.9950925827022896
0.9951687652937050
0.9952351425373568
0.9952918272214145
0.9953389161839375
0.9953764902331897
0.9954046140851320
0.9954233363159195
0.9954326893280460
0.9954326893280460
0.9954233363159195
0.9954046140851320
0.9953764902331897
0.9953389161839375
0.9952918272214145
0.9952351425373568
0.9951687652937050
0.9950925827022896
0.9950064661250454
0.9949102711973560
0.9948038379782972
0.9946869911331231
0.9945595401524741
0.9944212796141525
0.9942719894951733
0.9941114355409729
0.9939393697008111
0.9937555306392712
0.9935596443360643
0.9933514247859097
0.9931305748134754
0.9928967870209198
0.9926497448854718
0.9923891240307172
0.9921145936946429
0.9918258184245115
0.9915224600292359
0.9912041798377605
0.9908706412838707
0.9905215129016214
0.9901564717699433
0.9897752074892837
0.9893774267766354
0.9889628587863113
0.9885312612867636
0.9880824278552288
0.9876161962938620
0.9871324585273041
0.9866311723177591
0.9861123752476878
0.9855762015803065
0.9850229028559393
0.9844528734745739
0.9838666831664594
0.9832651194149472
0.9826492451371778
0.9820204817759471
0.9813807402737351
0.9807326628897659
0.9806933265524517
0.9813404182162208
0.9819791782808114
0.9826069657974371
0.9832218711675766
0.9838224742992503
0.9844077136150979
0.9849768029469882
0.9855291738445641
0.9860644331432266
0.9865823304860387
0.9870827327347068
0.9875656033680500
0.9880309856174954
0.9884789884812242
0.9889097750071855
0.9893235523939208
0.9897205635748570
0.9901010800234384
0.9904653955776006
0.9908138211210614
0.9911466799905042
0.9914643040017348
0.9917670300086994
0.9920551969110993
0.9923291430740573
0.9925892040736430
0.9928357107485017
0.9930689875100976
0.9932893508778965
0.9934971082136050
0.9936925566273592
0.9938759820344468
0.9940476583447025
0.9942078467662193
0.9943567952099800
0.9944947377817011
0.9946218943495356
0.9947384701785476
0.9948446556214227
0.9949406258597107
0.9950265406869322
0.9951025443285836
0.9951687652937036
0.9952253162534790
0.9952722939431006
0.9953097790825433
0.9953378363161545
0.9953565141655283
0.9953658449961393
0.9953658449961393
0.9953565141655283
0.9953378363161545
0.9953097790825433
0.9952722939431006
0.9952253162534790
0.9951687652937036
0.9951025443285836
0.9950265406869322
0.9949406258597105
0.9948446556214227
0.9947384701785476
0.9946218943495355
0.9944947377817011
0.9943567952099800
0.9942078467662193
0.9940476583447025
0.9938759820344468
0.9936925566273592
0.9934971082136050
0.9932893508778965
0.9930689875100976
0.9928357107485020
0.9925892040736430
0.9923291430740573
0.9920551969111063
0.9917670300086994
0.9914643040017348
0.9911466799905042
0.9908138211210654
0.9904653955776006
0.9901010800234384
0.9897205635748572
0.9893235523939208
0.9889097750071855
0.9884789884812242
0.9880309856174954
0.9875656033680500
0.9870827327347068
0.9865823304860387
0.9860644331432266
0.9855291738445696
0.9849768029469882
0.9844077136150979
0.9838224742992503
0.9832218711675766
0.9826069657974371
0.9819791782808114
0.9813404182162208
0.9806933265524517
0.9806482096222384
0.9812941669117736
0.9819317975418577
0.9825584620882831
0.9831722525152079
0.9837717502998368
0.9843558954198476
0.9849239032328478
0.9854752067716220
0.9860094143020435
0.9865262768355446
0.9870256625336740
0.9875075360995813
0.9879719419095239
0.9884189900234215
0.9888488444652368
0.9892617133230056
0.9896578403323318
0.9900374976827987
0.9904009798434861
0.9907485982466536
0.9910806766978614
0.9913975474054900
0.9916995475437521
0.9919870162647711
0.9922602921225174
0.9925197108235259
0.9927656032835885
0.9929982939426476
0.9932180993059692
0.9934253266826812
0.9936202730973427
0.9938032243517583
0.9939744542190612
0.9941342237521292
0.9942827806923804
0.9944203589660141
0.9945471782560928
0.9946634436396439
0.9947693452832230
0.9948650581861217
0.9949507419672081
0.9950265406869322
0.9950925827022825
0.9951489805462788
0.9951958308324763
0.9952332141771790
0.9952611951401494
0.9952798221784860
0.9952891276145210
0.9952891276145210
0.9952798221784860
0.9952611951401494
0.9952332141771796
0.9951958308324751
0.9951489805462788
0.9950925827022896
0.9950265406869322
0.9949507419672081
0.9948650581861217
0.9947693452832230
0.9946634436396439
0.9945471782560928
0.9944203589660141
0.9942827806923804
0.9941342237521292
0.9939744542190612
0.9938032243517583
0.9936202730973427
0.9934253266826812
0.9932180993059692
0.9929982939426476
0.9927656032835880
0.9925197108235305
0.9922602921225174
0.9919870162647711
0.9916995475437537
0.9913975474054900
0.9910806766978614
0.9907485982466536
0.9904009798434861
0.9900374976827987
0.9896578403323318
0.9892617133230056
0.9888488444652368
0.9884189900234215
0.9879719419095239
0.9875075360995842
0.9870256625336740
0.9865262768355446
0.9860094143020435
0.9854752067716220
0.9849239032328471
0.9843558954198476
0.9837717502998368
0.9831722525152079
0.9825584620882831
0.9819317975418577
0.9812941669117736
0.9806482096222384
0.9805972480069299
0.9812419190910441
0.9818782691313532
0.9825036604543261
0.9831161868161438
0.9837144314926779
0.9842973362420466
0.9848641181669742
0.9854142119954719
0.9859472276261764
0.9864629176311978
0.9869611516518235
0.9874418957837483
0.9879051957027354
0.9883511626718627
0.9887799618188148
0.9891918022352030
0.9895869285598164
0.9899656137854226
0.9903281530868437
0.9906748585072356
0.9910060543713606
0.9913220733195949
0.9916232528756656
0.9919099324633041
0.9921824508362380
0.9924411438341976
0.9926863424457768
0.9929183711289106
0.9931375463581803
0.9933441753694935
0.9935385550769799
0.9937209711412098
0.9938916971679405
0.9940509940224914
0.9941991092432685
0.9943362765429326
0.9944627153848264
0.9945786306247684
0.9946842122097449
0.9947796349255448
0.9948650581861217
0.9949406258597107
0.9950064661250454
0.9950626913545296
0.9951093980197384
0.9951466666165454
0.9951745616061557
0.9951931313709549
0.9952024081828329
0.9952024081828412
0.9951931313709549
0.9951745616061557
0.9951466666165454
0.9951093980197384
0.9950626913545296
0.9950064661250455
0.9949406258597107
0.9948650581861217
0.9947796349255442
0.9946842122097449
0.9945786306247641
0.9944627153848264
0.9943362765429326
0.9941991092432685
0.9940509940224914
0.9938916971679405
0.9937209711412108
0.9935385550769799
0.9933441753694935
0.9931375463581803
0.9929183711289106
0.9926863424457768
0.9924411438341976
0.9921824508362425
0.9919099324633041
0.9916232528756656
0.9913220733195949
0.9910060543713606
0.9906748585072355
0.9903281530868437
0.9899656137854226
0.9895869285598164
0.9891918022352030
0.9887799618188148
0.9883511626718627
0.9879051957027354
0.9874418957837483
0.9869611516518202
0.9864629176311978
0.9859472276261764
0.9854142119954719
0.9848641181669742
0.9842973362420425
0.9837144314926779
0.9831161868161438
0.9825036604543261
0.9818782691313532
0.9812419190910441
0.9805972480069299
0.9805403698422008
0.9811835992849320
0.9818185140011846
0.9824424783034433
0.9830535879828171
0.9836504283548622
0.9842319431954852
0.9847973515830573
0.9853460901621345
0.9858777706754656
0.9863921474554055
0.9868890918097338
0.9873685713994782
0.9878306333590280
0.9882753902988231
0.9887030085799047
0.9891136984124085
0.9895077054382611
0.9898853035399251
0.9902467886707456
0.9905924735438112
0.9909226830504395
0.9912377502986515
0.9915380131860821
0.9918238114231417
0.9920954839688606
0.9923533667940226
0.9925977909501131
0.9928290808971441
0.9930475530576559
0.9932535145680329
0.9934472622021974
0.9936290814460524
0.9937992457029888
0.9939580156134958
0.9941056384752233
0.9942423477488175
0.9943683626398649
0.9944838877450903
0.9945891127559445
0.9946842122097449
0.9947693452832230
0.9948446556214227
0.9949102711973560
0.9949663041977898
0.9950128509308546
0.9950499917532378
0.9950777910128186
0.9950962970060062
0.9951055419466113
0.9951055419466113
0.9950962970060060
0.9950777910128186
0.9950499917532378
0.9950128509308546
0.9949663041977898
0.9949102711973560
0.9948446556214227
0.9947693452832230
0.9946842122097449
0.9945891127559445
0.9944838877450903
0.9943683626398649
0.9942423477488175
0.9941056384752216
0.9939580156134958
0.9937992457029888
0.9936290814460524
0.9934472622021974
0.9932535145680329
0.9930475530576601
0.9928290808971441
0.9925977909501131
0.9923533667940226
0.9920954839688606
0.9918238114231417
0.9915380131860821
0.9912377502986515
0.9909226830504395
0.9905924735438112
0.9902467886707456
0.9898853035399251
0.9895077054382637
0.9891136984124128
0.9887030085799047
0.9882753902988231
0.9878306333590280
0.9873685713994782
0.9868890918097338
0.9863921474554056
0.9858777706754656
0.9853460901621345
0.9847973515830573
0.9842319431954852
0.9836504283548622
0.9830535879828171
0.9824424783034433
0.9818185140011846
0.9811835992849320
0.9805403698422008
0.9804774955723502
0.9811191239106806
0.9817524445590533
0.9823748240743749
0.9829843605402284
0.9835796415670475
0.9841596131992945
0.9847234967332418
0.9852707309629459
0.9858009296963213
0.9863138492337311
0.9868093627436211
0.9872874396311747
0.9877481286526675
0.9881915439130836
0.9886178531384626
0.9890272677726472
0.9894200345607513
0.9897964283597160
0.9901567459709111
0.9905013008340497
0.9908304184500913
0.9911444324253910
0.9914436810512696
0.9917285043341610
0.9919992414384792
0.9922562284573858
0.9924997964897019
0.9927302699755515
0.9929479652576402
0.9931531893405741
0.9933462388223758
0.9935273989754847
0.9936969429598872
0.9938551311492645
0.9940022105571246
0.9941384143491235
0.9942639614303587
0.9943790560972064
0.9944838877450896
0.9945786306247684
0.9946634436396439
0.9947384701785476
0.9948038379782972
0.9948596590129971
0.9949060294036634
0.9949430293477373
0.9949707230638503
0.9949891587497238
0.9949983685534194
0.9949983685534194
0.9949891587497238
0.9949707230638503
0.9949430293477373
0.9949060294036624
0.9948596590129971
0.9948038379782972
0.9947384701785476
0.9946634436396439
0.9945786306247684
0.9944838877450896
0.9943790560972064
0.9942639614303587
0.9941384143491241
0.9940022105571246
0.9938551311492645
0.9936969429598873
0.9935273989754847
0.9933462388223697
0.9931531893405741
0.9929479652576388
0.9927302699755515
0.9924997964897019
0.9922562284573858
0.9919992414384792
0.9917285043341610
0.9914436810512696
0.9911444324253910
0.9908304184500913
0.9905013008340521
0.9901567459709111
0.9897964283597160
0.9894200345607513
0.9890272677726472
0.9886178531384626
0.9881915439130824
0.9877481286526670
0.9872874396311744
0.9868093627436211
0.9863138492337311
0.9858009296963213
0.9852707309629459
0.9847234967332418
0.9841596131992945
0.9835796415670475
0.9829843605402284
0.9823748240743749
0.9817524445590520
0.9811191239106806
0.9804774955723494
0.9804085380858959
0.9810484013740757
0.9816799647608977
0.9823005973191512
0.9829083996990088
0.9835019620779815
0.9840802330338821
0.9846424363376873
0.9851880131780726
0.9857165796604330
0.9862278942706642
0.9867218322393814
0.9871983649014024
0.9876575428027462
0.9880994816936093
0.9885243507981173
0.9889323629096763
0.9893237659756818
0.9896988359096716
0.9900578704284836
0.9904011837507688
0.9907291020251230
0.9910419593819199
0.9913400945196279
0.9916238477445699
0.9918935584188502
0.9921495627433946
0.9923921918416795
0.9926217701044638
0.9928386137603863
0.9930430296434020
0.9932353141328586
0.9934157522427302
0.9935846168424025
0.9937421679903935
0.9938886523677452
0.9940243027968018
0.9941493378345108
0.9942639614303617
0.9943683626398637
0.9944627153848280
0.9945471782560928
0.9946218943495349
0.9946869911331231
0.9947425803384519
0.9947887578738370
0.9948256037558044
0.9948531820559521
0.9948715408605707
0.9948807122424134
0.9948807122424134
0.9948715408605707
0.9948531820559521
0.9948256037558044
0.9947887578738370
0.9947425803384519
0.9946869911331231
0.9946218943495349
0.9945471782560928
0.9944627153848280
0.9943683626398637
0.9942639614303617
0.9941493378345108
0.9940243027968021
0.9938886523677449
0.9937421679903939
0.9935846168424025
0.9934157522427302
0.9932353141328586
0.9930430296434052
0.9928386137603863
0.9926217701044638
0.9923921918416795
0.9921495627433946
0.9918935584188502
0.9916238477445695
0.9913400945196279
0.9910419593819199
0.9907291020251260
0.9904011837507688
0.9900578704284836
0.9896988359096716
0.9893237659756818
0.9889323629096758
0.9885243507981173
0.9880994816936093
0.9876575428027462
0.9871983649014024
0.9867218322393814
0.9862278942706642
0.9857165796604330
0.9851880131780726
0.9846424363376873
0.9840802330338821
0.9835019620779815
0.9829083996990088
0.9823005973191512
0.9816799647608977
0.9810484013740757
0.9804085380858959
0.9803334028336070
0.9809713321912766
0.9816009702204225
0.9822196888012277
0.9828255914439251
0.9834172711826710
0.9839936794114169
0.9845540426477221
0.9850978047341723
0.9856245843179361
0.9861341422986672
0.9866263561796086
0.9871011994172341
0.9875587245202211
0.9879990490382444
0.9884223438278663
0.9888288231481922
0.9892187362461647
0.9895923601724124
0.9899499936222921
0.9902919516404800
0.9906185610563890
0.9909301565434466
0.9912270772132524
0.9915096636703356
0.9917782554577422
0.9920331888618623
0.9922747950003284
0.9925033981778943
0.9927193144664949
0.9929228504829763
0.9931143023379411
0.9932939547346620
0.9934620801980131
0.9936189384167277
0.9937647756843901
0.9938998244256735
0.9940243027968021
0.9941384143491241
0.9942423477488175
0.9943362765429330
0.9944203589660154
0.9944947377817014
0.9945595401524741
0.9946148775354023
0.9946608455981852
0.9946975241529566
0.9947249771050681
0.9947432524150388
0.9947523820708749
0.9947523820708749
0.9947432524150388
0.9947249771050681
0.9946975241529566
0.9946608455981852
0.9946148775354023
0.9945595401524741
0.9944947377817011
0.9944203589660154
0.9943362765429330
0.9942423477488175
0.9941384143491241
0.9940243027968018
0.9938998244256749
0.9937647756843901
0.9936189384167277
0.9934620801980131
0.9932939547346620
0.9931143023379411
0.9929228504829763
0.9927193144664949
0.9925033981778943
0.9922747950003284
0.9920331888618623
0.9917782554577417
0.9915096636703356
0.9912270772132524
0.9909301565434466
0.9906185610563890
0.9902919516404800
0.9899499936222921
0.9895923601724144
0.9892187362461686
0.9888288231481922
0.9884223438278663
0.9879990490382444
0.9875587245202211
0.9871011994172341
0.9866263561796086
0.9861341422986685
0.9856245843179361
0.9850978047341723
0.9845540426477221
0.9839936794114169
0.9834172711826716
0.9828255914439251
0.9822196888012278
0.9816009702204225
0.9809713321912766
0.9803334028336066
0.9802519879888878
0.9808878091318536
0.9815153483394621
0.9821319806139165
0.9827358126402203
0.9833254406196066
0.9838998190635965
0.9844581775257587
0.9849999627776018
0.9855247962659991
0.9860324415441593
0.9865227786075391
0.9869957832338394
0.9874515100730697
0.9878900786310529
0.9883116615331998
0.9887164746196759
0.9891047685329541
0.9894768215370831
0.9898329333646462
0.9901734199280894
0.9904986087636617
0.9908088350999171
0.9911044384614958
0.9913857597351438
0.9916531386253250
0.9919069114710731
0.9921474093447765
0.9923749564192992
0.9925898685590187
0.9927924521084835
0.9929830028514744
0.9931618051202894
0.9933291310336618
0.9934852398486850
0.9936303774100671
0.9937647756843901
0.9938886523677449
0.9940022105571246
0.9941056384752216
0.9941991092432677
0.9942827806923804
0.9943567952099800
0.9944212796141525
0.9944763450522598
0.9945220869209861
0.9945585848024021
0.9945859024152197
0.9946040875782778
0.9946131721845288
0.9946131721845288
0.9946040875782778
0.9945859024152197
0.9945585848024021
0.9945220869209861
0.9944763450522598
0.9944212796141525
0.9943567952099800
0.9942827806923804
0.9941991092432682
0.9941056384752216
0.9940022105571246
0.9938886523677449
0.9937647756843901
0.9936303774100671
0.9934852398486832
0.9933291310336605
0.9931618051202894
0.9929830028514744
0.9927924521084863
0.9925898685590187
0.9923749564192992
0.9921474093447765
0.9919069114710731
0.9916531386253250
0.9913857597351438
0.9911044384614958
0.9908088350999171
0.9904986087636589
0.9901734199280894
0.9898329333646462
0.9894768215370831
0.9891047685329541
0.9887164746196758
0.9883116615331998
0.9878900786310529
0.9874515100730697
0.9869957832338394
0.9865227786075391
0.9860324415441593
0.9855247962659991
0.9849999627776018
0.9844581775257589
0.9838998190635965
0.9833254406196066
0.9827358126402203
0.9821319806139097
0.9815153483394621
0.9808878091318536
0.9802519879888878
0.9801641846298864
0.9807977173861882
0.9814229784624589
0.9820373463216504
0.9826389311632847
0.9832263326886884
0.9837985088499680
0.9843546925458296
0.9848943337684113
0.9854170570378985
0.9859226288128174
0.9864109318116568
0.9868819443400179
0.9873357233729271
0.9877723905328409
0.9881921203513607
0.9885951303642965
0.9889816727025426
0.9893520269158383
0.9897064938269838
0.9900453902513638
0.9903690444503911
0.9906777922110098
0.9909719734607996
0.9912519293462791
0.9915179997011291
0.9917705208749458
0.9920098238457167
0.9922362325985747
0.9924500627299584
0.9926516202475364
0.9928412005410822
0.9930190875028134
0.9931855527756597
0.9933408551153269
0.9934852398486850
0.9936189384167277
0.9937421679903935
0.9938551311492645
0.9939580156134958
0.9940509940224915
0.9941342237521292
0.9942078467662193
0.9942719894951733
0.9943267627391061
0.9943722615902797
0.9944085653732541
0.9944357375976355
0.9944538259237679
0.9944628621382617
0.9944628621382617
0.9944538259237679
0.9944357375976355
0.9944085653732541
0.9943722615902797
0.9943267627391061
0.9942719894951733
0.9942078467662193
0.9941342237521292
0.9940509940224915
0.9939580156134958
0.9938551311492645
0.9937421679903935
0.9936189384167277
0.9934852398486850
0.9933408551153269
0.9931855527756597
0.9930190875028134
0.9928412005410822
0.9926516202475364
0.9924500627299584
0.9922362325985747
0.9920098238457167
0.9917705208749458
0.9915179997011291
0.9912519293462795
0.9909719734607996
0.9906777922110098
0.9903690444503911
0.9900453902513638
0.9897064938269838
0.9893520269158383
0.9889816727025426
0.9885951303642965
0.9881921203513607
0.9877723905328409
0.9873357233729271
0.9868819443400179
0.9864109318116568
0.9859226288128174
0.9854170570378985
0.9848943337684113
0.9843546925458296
0.9837985088499680
0.9832263326886875
0.9826389311632847
0.9820373463216504
0.9814229784624589
0.9807977173861882
0.9801641846298864
0.9800698769524758
0.9807009347634811
0.9813237320579961
0.9819356511274493
0.9825348060523259
0.9831198003934671
0.9836895958900292
0.9842434291166534
0.9847807535976774
0.9853011972156168
0.9858045296007960
0.9862906364354391
0.9867594987685977
0.9872111760893910
0.9876457923004424
0.9880635239768172
0.9884645904633979
0.9888492454685349
0.9892177698949346
0.9895704657017472
0.9899076506341287
0.9902296536880791
0.9905368112022825
0.9908294634868283
0.9911079519134045
0.9913726164054607
0.9916237932661777
0.9918618133198241
0.9920870002976692
0.9922996694565235
0.9925001263924592
0.9926886660240676
0.9928655717248560
0.9930311145834356
0.9931855527756597
0.9933291310336572
0.9934620801980131
0.9935846168424027
0.9936969429598872
0.9937992457029887
0.9938916971679405
0.9939744542190612
0.9940476583447025
0.9941114355409761
0.9941658962193786
0.9942111351322660
0.9942472313165005
0.9942742480484612
0.9942922328118828
0.9943012172747869
0.9943012172747869
0.9942922328118828
0.9942742480484632
0.9942472313165005
0.9942111351322660
0.9941658962193786
0.9941114355409766
0.9940476583447025
0.9939744542190612
0.9938916971679405
0.9937992457029879
0.9936969429598872
0.9935846168424027
0.9934620801980131
0.9933291310336572
0.9931855527756597
0.9930311145834356
0.9928655717248560
0.9926886660240684
0.9925001263924592
0.9922996694565235
0.9920870002976692
0.9918618133198241
0.9916237932661798
0.9913726164054607
0.9911079519134045
0.9908294634868283
0.9905368112022869
0.9902296536880836
0.9899076506341287
0.9895704657017472
0.9892177698949346
0.9888492454685349
0.9884645904633964
0.9880635239768172
0.9876457923004496
0.9872111760893910
0.9867594987685977
0.9862906364354411
0.9858045296007960
0.9853011972156168
0.9847807535976774
0.9842434291166534
0.9836895958900292
0.9831198003934671
0.9825348060523259
0.9819356511274493
0.9813237320579961
0.9807009347634811
0.9800698769524758
0.9799689425157762
0.9805973319203383
0.9812174729319370
0.9818267520703787
0.9824232876943628
0.9830056876123919
0.9835729177243050
0.9841242186348123
0.9846590477332102
0.9851770365719893
0.9856779582338919
0.9861617016176820
0.9866282507395281
0.9870776677974177
0.9875100791395226
0.9879256635223593
0.9883246422098642
0.9887072705728843
0.9890738309274598
0.9894246264069146
0.9897599757036342
0.9900802085469298
0.9903856618095734
0.9906766761513317
0.9909535931253686
0.9912167526844612
0.9914664910240447
0.9917031387408390
0.9919270192331909
0.9921384473354586
0.9923377281456868
0.9925251560234744
0.9927010137346668
0.9928655717248560
0.9930190875028134
0.9931618051202894
0.9932939547346620
0.9934157522427302
0.9935273989754793
0.9936290814460524
0.9937209711412093
0.9938032243517575
0.9938759820344428
0.9939393697008111
0.9939934973285975
0.9940384592921653
0.9940743343078405
0.9941011853929194
0.9941190598349343
0.9941279891701774
0.9941279891701776
0.9941190598349343
0.9941011853929194
0.9940743343078406
0.9940384592921653
0.9939934973285975
0.9939393697008111
0.9938759820344428
0.9938032243517583
0.9937209711412093
0.9936290814460524
0.9935273989754793
0.9934157522427302
0.9932939547346620
0.9931618051202894
0.9930190875028134
0.9928655717248560
0.9927010137346662
0.9925251560234744
0.9923377281456868
0.9921384473354586
0.9919270192331909
0.9917031387408390
0.9914664910240447
0.9912167526844612
0.9909535931253686
0.9906766761513317
0.9903856618095734
0.9900802085469298
0.9897599757036354
0.9894246264069146
0.9890738309274598
0.9887072705728843
0.9883246422098642
0.9879256635223593
0.9875100791395226
0.9870776677974177
0.9866282507395281
0.9861617016176820
0.9856779582338919
0.9851770365719893
0.9846590477332102
0.9841242186348147
0.9835729177243050
0.9830056876123919
0.9824232876943628
0.9818267520703787
0.9812174729319370
0.9805973319203383
0.9799689425157762
0.9798612525284545
0.9804867726281007
0.9811040574771150
0.9817104982587839
0.9823042180423811
0.9828838293043437
0.9834483025080966
0.9839968826699412
0.9845290313994591
0.9850443842465766
0.9855427180431231
0.9860239251692225
0.9864879928403909
0.9869349861634448
0.9873650340996311
0.9877783177233004
0.9881750603243792
0.9885555190144975
0.9889199775752416
0.9892687403424738
0.9896021269619520
0.9899204678828943
0.9902241004810929
0.9905133657200388
0.9907886052750845
0.9910501590563998
0.9912983630773206
0.9915335476157211
0.9917560356467466
0.9919661414860720
0.9921641696354082
0.9923504137949535
0.9925251560234760
0.9926886660240676
0.9928412005410822
0.9929830028514747
0.9931143023379411
0.9932353141328586
0.9933462388223697
0.9934472622021974
0.9935385550769799
0.9936202730973427
0.9936925566273592
0.9937555306392737
0.9938093046291381
0.9938539725511726
0.9938896127668371
0.9939162880060064
0.9939340453390342
0.9939429161563499
0.9939429161563499
0.9939340453390342
0.9939162880060064
0.9938896127668371
0.9938539725511726
0.9938093046291381
0.9937555306392737
0.9936925566273609
0.9936202730973427
0.9935385550769799
0.9934472622021974
0.9933462388223697
0.9932353141328586
0.9931143023379411
0.9929830028514744
0.9928412005410822
0.9926886660240676
0.9925251560234760
0.9923504137949535
0.9921641696354082
0.9919661414860720
0.9917560356467466
0.9915335476157211
0.9912983630773210
0.9910501590563998
0.9907886052750845
0.9905133657200381
0.9902241004810869
0.9899204678828943
0.9896021269619520
0.9892687403424738
0.9889199775752416
0.9885555190144975
0.9881750603243792
0.9877783177233004
0.9873650340996311
0.9869349861634448
0.9864879928403909
0.9860239251692225
0.9855427180431231
0.9850443842465766
0.9845290313994591
0.9839968826699412
0.9834483025080966
0.9828838293043437
0.9823042180423811
0.9817104982587839
0.9811040574771103
0.9804867726280998
0.9798612525284545
0.9797466721779665
0.9803691140835895
0.9809833349645971
0.9815867311444645
0.9821774308736738
0.9827540517527843
0.9833155692453048
0.9838612331898197
0.9843905097969887
0.9849030389627966
0.9853986015817590
0.9858770937929714
0.9863385062524315
0.9867829071798558
0.9872104283184434
0.9876212531946326
0.9880156072253798
0.9883937493340467
0.9887559648103348
0.9891025592088388
0.9894338531217790
0.9897501776906812
0.9900518707483515
0.9903392735005239
0.9906127276699136
0.9908725730395022
0.9911191453419159
0.9913527744386028
0.9915737827732529
0.9917824840329519
0.9919791820107944
0.9921641696354082
0.9923377281456868
0.9925001263924592
0.9926516202475364
0.9927924521084821
0.9929228504829753
0.9930430296434020
0.9931531893405787
0.9932535145680329
0.9933441753694935
0.9934253266826812
0.9934971082136050
0.9935596443360643
0.9936130440125082
0.9936574007323411
0.9936927924645643
0.9937192816218068
0.9937369150342734
0.9937457239317357
0.9937457239317357
0.9937369150342734
0.9937192816218068
0.9936927924645644
0.9936574007323408
0.9936130440125082
0.9935596443360643
0.9934971082136050
0.9934253266826812
0.9933441753694935
0.9932535145680329
0.9931531893405741
0.9930430296434020
0.9929228504829763
0.9927924521084821
0.9926516202475364
0.9925001263924592
0.9923377281456868
0.9921641696354082
0.9919791820107944
0.9917824840329519
0.9915737827732529
0.9913527744386028
0.9911191453419159
0.9908725730395068
0.9906127276699136
0.9903392735005239
0.9900518707483515
0.9897501776906812
0.9894338531217790
0.9891025592088388
0.9887559648103319
0.9883937493340467
0.9880156072253803
0.9876212531946326
0.9872104283184434
0.9867829071798530
0.9863385062524315
0.9858770937929714
0.9853986015817590
0.9849030389627966
0.9843905097969872
0.9838612331898197
0.9833155692453048
0.9827540517527843
0.9821774308736737
0.9815867311444644
0.9809833349645971
0.9803691140835895
0.9797466721779665
0.9796250610109041
0.9802442072671437
0.9808551478824932
0.9814552848426277
0.9820427520929028
0.9826161728557411
0.9831745280673089
0.9837170728311663
0.9842432783685381
0.9847527892925317
0.9852453908922579
0.9857209833562735
0.9861795610303624
0.9866211954555090
0.9870460213253185
0.9874542247485090
0.9878460333639726
0.9882217079674662
0.9885815353868319
0.9889258223981491
0.9892548905176604
0.9895690715350527
0.9898687036774233
0.9901541283135353
0.9904256871210684
0.9906837196527377
0.9909285612466033
0.9911605412345030
0.9913799814013793
0.9915871946815595
0.9917824840329514
0.9919661414860720
0.9921384473354586
0.9922996694565235
0.9924500627299584
0.9925898685590187
0.9927193144664949
0.9928386137603843
0.9929479652576357
0.9930475530576559
0.9931375463581803
0.9932180993059699
0.9932893508778965
0.9933514247859097
0.9934044294031885
0.9934484577064875
0.9934835872320074
0.9935098800430874
0.9935273827057571
0.9935361262726669
0.9935361262726669
0.9935273827057571
0.9935098800430874
0.9934835872320074
0.9934484577064875
0.9934044294031885
0.9933514247859097
0.9932893508778965
0.9932180993059692
0.9931375463581803
0.9930475530576559
0.9929479652576357
0.9928386137603863
0.9927193144664949
0.9925898685590187
0.9924500627299585
0.9922996694565235
0.9921384473354586
0.9919661414860707
0.9917824840329514
0.9915871946815595
0.9913799814013793
0.9911605412345030
0.9909285612466033
0.9906837196527377
0.9904256871210684
0.9901541283135339
0.9898687036774233
0.9895690715350527
0.9892548905176571
0.9889258223981491
0.9885815353868319
0.9882217079674662
0.9878460333639726
0.9874542247485090
0.9870460213253185
0.9866211954555090
0.9861795610303624
0.9857209833562735
0.9852453908922579
0.9847527892925317
0.9842432783685381
0.9837170728311663
0.9831745280673089
0.9826161728557411
0.9820427520929028
0.9814552848426277
0.9808551478824932
0.9802442072671437
0.9796250610109041
0.9794962733707981
0.9801118973587548
0.9807193323300986
0.9813159865060481
0.9819000000902864
0.9824700024688567
0.9830249805644633
0.9835641952248816
0.9840871231207053
0.9845934139783192
0.9850828578320270
0.9855553592237877
0.9860109164462638
0.9864496045729781
0.9868715614148148
0.9872769757873756
0.9876660776362333
0.9880391296785860
0.9883964202959539
0.9887382574719218
0.9890649636065554
0.9893768710746851
0.9896743184150916
0.9899576470610362
0.9902271985331090
0.9904833120310981
0.9907263223691065
0.9909565582071269
0.9911743405400502
0.9913799814013793
0.9915737827732529
0.9917560356467474
0.9919270192331909
0.9920870002976692
0.9922362325985747
0.9923749564192992
0.9925033981778943
0.9926217701044638
0.9927302699755515
0.9928290808971441
0.9929183711289119
0.9929982939426476
0.9930689875100976
0.9931305748134777
0.9931831635770699
0.9932268462135722
0.9932616997837830
0.9932877859671823
0.9933051510400535
0.9933138258606977
0.9933138258606981
0.9933051510400535
0.9932877859671823
0.9932616997837830
0.9932268462135722
0.9931831635770699
0.9931305748134777
0.9930689875100976
0.9929982939426476
0.9929183711289119
0.9928290808971441
0.9927302699755515
0.9926217701044638
0.9925033981778943
0.9923749564192992
0.9922362325985747
0.9920870002976692
0.9919270192331909
0.9917560356467474
0.9915737827732530
0.9913799814013793
0.9911743405400502
0.9909565582071269
0.9907263223691065
0.9904833120310981
0.9902271985331096
0.9899576470610362
0.9896743184150916
0.9893768710746851
0.9890649636065554
0.9887382574719203
0.9883964202959539
0.9880391296785860
0.9876660776362333
0.9872769757873756
0.9868715614148148
0.9864496045729794
0.9860109164462660
0.9855553592237877
0.9850828578320270
0.9845934139783192
0.9840871231207053
0.9835641952248816
0.9830249805644633
0.9824700024688420
0.9819000000902864
0.9813159865060481
0.9807193323300986
0.9801118973587548
0.9794962733707981
0.9793601589015498
0.9799720242171365
0.9805757184744274
0.9811686567617300
0.9817489861591183
0.9823153428093031
0.9828667201806743
0.9834023853831996
0.9839218210094532
0.9844246823214484
0.9849107644685177
0.9853799766634506
0.9858323214099054
0.9862678775264090
0.9866867861040863
0.9870892387819696
0.9874754678856543
0.9878457380872233
0.9882003393199184
0.9885395807412756
0.9888637855742127
0.9891732866939289
0.9894684228465811
0.9897495354087942
0.9900169656101850
0.9902710521534820
0.9905121291775586
0.9907405245153723
0.9909565582071269
0.9911605412345030
0.9913527744386028
0.9915335476157211
0.9917031387408390
0.9918618133198241
0.9920098238457167
0.9921474093447765
0.9922747950003284
0.9923921918416795
0.9924997964897019
0.9925977909501131
0.9926863424457768
0.9927656032835885
0.9928357107485020
0.9928967870209198
0.9929489391122248
0.9929922588166360
0.9930268226739948
0.9930526919436032
0.9930699125843040
0.9930785152422427
0.9930785152422427
0.9930699125843040
0.9930526919436032
0.9930268226739934
0.9929922588166360
0.9929489391122248
0.9928967870209198
0.9928357107485020
0.9927656032835885
0.9926863424457768
0.9925977909501131
0.9924997964897018
0.9923921918416795
0.9922747950003284
0.9921474093447765
0.9920098238457167
0.9918618133198241
0.9917031387408390
0.9915335476157211
0.9913527744386028
0.9911605412345030
0.9909565582071269
0.9907405245153723
0.9905121291775586
0.9902710521534820
0.9900169656101850
0.9897495354087942
0.9894684228465811
0.9891732866939289
0.9888637855742127
0.9885395807412727
0.9882003393199184
0.9878457380872233
0.9874754678856543
0.9870892387819697
0.9866867861040863
0.9862678775264090
0.9858323214099054
0.9853799766634506
0.9849107644685170
0.9844246823214484
0.9839218210094520
0.9834023853831996
0.9828667201806743
0.9823153428092926
0.9817489861591183
0.9811686567617300
0.9805757184744274
0.9799720242171365
0.9793601589015498
0.9792165631259515
0.9798244229326402
0.9804241310787680
0.9810131102174759
0.9815895149851279
0.9821519889309189
0.9826995326781638
0.9832314201612014
0.9837471404019276
0.9842463546486278
0.9847288635561458
0.9851945813376316
0.9856435149776895
0.9860757472517462
0.9864914226881264
0.9868907358543106
0.9872739215138656
0.9876412463088418
0.9879930017015364
0.9883294979666147
0.9886510590648605
0.9889580182624452
0.9892507143832215
0.9895294886014057
0.9897946816974343
0.9900466317093314
0.9902856719266835
0.9905121291775586
0.9907263223691065
0.9909285612466033
0.9911191453419159
0.9912983630773210
0.9914664910240447
0.9916237932661776
0.9917705208749458
0.9919069114710731
0.9920331888618620
0.9921495627433911
0.9922562284573858
0.9923533667940226
0.9924411438341976
0.9925197108235259
0.9925892040736430
0.9926497448854718
0.9927014394905566
0.9927443790062844
0.9927786394035687
0.9928042814825747
0.9928213508562048
0.9928298779386422
0.9928298779386422
0.9928213508562048
0.9928042814825747
0.9927786394035689
0.9927443790062844
0.9927014394905571
0.9926497448854718
0.9925892040736430
0.9925197108235259
0.9924411438341976
0.9923533667940226
0.9922562284573858
0.9921495627433911
0.9920331888618620
0.9919069114710731
0.9917705208749458
0.9916237932661776
0.9914664910240447
0.9912983630773210
0.9911191453419159
0.9909285612466033
0.9907263223691065
0.9905121291775586
0.9902856719266835
0.9900466317093314
0.9897946816974289
0.9895294886014057
0.9892507143832215
0.9889580182624452
0.9886510590648605
0.9883294979666147
0.9879930017015436
0.9876412463088418
0.9872739215138656
0.9868907358543106
0.9864914226881264
0.9860757472517462
0.9856435149776895
0.9851945813376316
0.9847288635561458
0.9842463546486278
0.9837471404019276
0.9832314201611970
0.9826995326781638
0.9821519889309206
0.9815895149851279
0.9810131102174759
0.9804241310787680
0.9798244229326402
0.9792165631259515
0.9790653281093487
0.9796689244636014
0.9802643901141797
0.9808491560513188
0.9814213852172629
0.9819797292813330
0.9825231966873612
0.9830510688030367
0.9835628416265008
0.9840581828716036
0.9845368991097377
0.9849989098957697
0.9854442269690289
0.9858729372704225
0.9862851889124125
0.9866811794815424
0.9870611462182138
0.9874253577269541
0.9877741069507634
0.9881077051987294
0.9884264770562887
0.9887307560429009
0.9890208809021619
0.9892971924329622
0.9895600307808167
0.9898097331257656
0.9900466317093314
0.9902710521534799
0.9904833120310964
0.9906837196527377
0.9908725730395022
0.9910501590564058
0.9912167526844612
0.9913726164054607
0.9915179997011289
0.9916531386253250
0.9917782554577417
0.9918935584188502
0.9919992414384800
0.9920954839688606
0.9921824508362386
0.9922602921225174
0.9923291430740573
0.9923891240307151
0.9924403403722001
0.9924828824784913
0.9925168256999438
0.9925422303372798
0.9925591416266244
0.9925675897300912
0.9925675897300912
0.9925591416266244
0.9925422303372798
0.9925168256999438
0.9924828824784913
0.9924403403722001
0.9923891240307151
0.9923291430740573
0.9922602921225174
0.9921824508362386
0.9920954839688606
0.9919992414384792
0.9918935584188502
0.9917782554577417
0.9916531386253248
0.9915179997011289
0.9913726164054607
0.9912167526844612
0.9910501590564058
0.9908725730395022
0.9906837196527377
0.9904833120310981
0.9902710521534799
0.9900466317093314
0.9898097331257656
0.9895600307808161
0.9892971924329582
0.9890208809021619
0.9887307560429009
0.9884264770562888
0.9881077051987300
0.9877741069507634
0.9874253577269541
0.9870611462182138
0.9866811794815412
0.9862851889124125
0.9858729372704225
0.9854442269690289
0.9849989098957697
0.9845368991097377
0.9840581828716036
0.9835628416264999
0.9830510688030367
0.9825231966873612
0.9819797292813326
0.9814213852172629
0.9808491560513188
0.9802643901141797
0.9796689244636009
0.9790653281093487
0.9789062932211525
0.9795053563688175
0.9800963114650537
0.9806765986936417
0.9812443901320059
0.9817983463540106
0.9823374843521381
0.9828610935887183
0.9833686776261295
0.9838599111540364
0.9843346070910157
0.9847926906858578
0.9852341787069520
0.9856591624625886
0.9860677937828404
0.9864602733445285
0.9868368408794107
0.9871977669200349
0.9875433458126515
0.9878738897859519
0.9881897239053427
0.9884911817736617
0.9887786018652056
0.9890523243988352
0.9893126886706943
0.9895600307808167
0.9897946816974289
0.9900169656101833
0.9902271985331090
0.9904256871210684
0.9906127276699136
0.9907886052750845
0.9909535931253686
0.9911079519134045
0.9912519293462793
0.9913857597351443
0.9915096636703356
0.9916238477445695
0.9917285043341610
0.9918238114231417
0.9919099324633041
0.9919870162647711
0.9920551969111064
0.9921145936946429
0.9921653110682009
0.9922074386092736
0.9922410509946433
0.9922662079825002
0.9922829544001724
0.9922913201363015
0.9922913201363015
0.9922829544001724
0.9922662079825002
0.9922410509946433
0.9922074386092736
0.9921653110682009
0.9921145936946490
0.9920551969110994
0.9919870162647711
0.9919099324633041
0.9918238114231417
0.9917285043341610
0.9916238477445695
0.9915096636703356
0.9913857597351438
0.9912519293462795
0.9911079519134045
0.9909535931253686
0.9907886052750845
0.9906127276699136
0.9904256871210684
0.9902271985331090
0.9900169656101833
0.9897946816974289
0.9895600307808167
0.9893126886706943
0.9890523243988352
0.9887786018652056
0.9884911817736590
0.9881897239053427
0.9878738897859501
0.9875433458126515
0.9871977669200349
0.9868368408794107
0.9864602733445285
0.9860677937828404
0.9856591624625886
0.9852341787069520
0.9847926906858578
0.9843346070910157
0.9838599111540287
0.9833686776261295
0.9828610935887183
0.9823374843521381
0.9817983463540106
0.9812443901320059
0.9806765986936417
0.9800963114650537
0.9795053563688175
0.9789062932211525
0.9787392960073733
0.9793335436502075
0.9799197077436074
0.9804952386187172
0.9810583184066342
0.9816076174507945
0.9821421620894010
0.9826612505976633
0.9831643947342040
0.9836512767065152
0.9841217162303123
0.9845756446074457
0.9850130839080804
0.9854341299978845
0.9858389385394342
0.9862277133459394
0.9866006966262456
0.9869581607733604
0.9873004014238371
0.9876277315757322
0.9879404765927304
0.9882389699553441
0.9885235496436603
0.9887945550583904
0.9890523243988352
0.9892971924329583
0.9895294886014057
0.9897495354087942
0.9899576470610362
0.9901541283135354
0.9903392735005266
0.9905133657200388
0.9906766761513317
0.9908294634868300
0.9909719734607996
0.9911044384614958
0.9912270772132524
0.9913400945196279
0.9914436810512696
0.9915380131860837
0.9916232528756656
0.9916995475437537
0.9917670300087001
0.9918258184245115
0.9918760162378312
0.9919177121563766
0.9919509801269452
0.9919758793203883
0.9919924541216615
0.9920007341236527
0.9920007341236527
0.9919924541216615
0.9919758793203827
0.9919509801269452
0.9919177121563766
0.9918760162378312
0.9918258184245115
0.9917670300087001
0.9916995475437537
0.9916232528756656
0.9915380131860821
0.9914436810512696
0.9913400945196279
0.9912270772132522
0.9911044384614958
0.9909719734607996
0.9908294634868300
0.9906766761513317
0.9905133657200381
0.9903392735005239
0.9901541283135354
0.9899576470610362
0.9897495354087942
0.9895294886014057
0.9892971924329583
0.9890523243988352
0.9887945550583904
0.9885235496436603
0.9882389699553441
0.9879404765927308
0.9876277315757322
0.9873004014238371
0.9869581607733604
0.9866006966262456
0.9862277133459394
0.9858389385394342
0.9854341299978895
0.9850130839080783
0.9845756446074457
0.9841217162303123
0.9836512767065152
0.9831643947342040
0.9826612505976633
0.9821421620894010
0.9816076174507945
0.9810583184066342
0.9804952386187172
0.9799197077436074
0.9793335436502075
0.9787392960073733
0.9785641731919554
0.9791533097207397
0.9797343892294245
0.9803048732603286
0.9808629550186797
0.9814073155726076
0.9819369914797610
0.9824512906086944
0.9829497335933303
0.9834320107322427
0.9838979490054389
0.9843474861315280
0.9847806497474406
0.9851975404497855
0.9855983178229316
0.9859831888311957
0.9863523981100554
0.9867062198063004
0.9870449506929966
0.9873689043454310
0.9876784062026438
0.9879737893758578
0.9882553910872486
0.9885235496436603
0.9887786018652056
0.9890208809021619
0.9892507143832215
0.9894684228465811
0.9896743184150916
0.9898687036774233
0.9900518707483515
0.9902241004810929
0.9903856618095734
0.9905368112022825
0.9906777922110098
0.9908088350999171
0.9909301565434466
0.9910419593819206
0.9911444324253910
0.9912377502986515
0.9913220733195949
0.9913975474054900
0.9914643040017315
0.9915224600292359
0.9915721178456136
0.9916133652181834
0.9916462753061271
0.9916709066443984
0.9916873031414384
0.9916954940712095
0.9916954940712095
0.9916873031414384
0.9916709066443984
0.9916462753061220
0.9916133652181834
0.9915721178456136
0.9915224600292359
0.9914643040017348
0.9913975474054900
0.9913220733195949
0.9912377502986515
0.9911444324253910
0.9910419593819206
0.9909301565434466
0.9908088350999171
0.9906777922110098
0.9905368112022825
0.9903856618095764
0.9902241004810929
0.9900518707483515
0.9898687036774233
0.9896743184150916
0.9894684228465811
0.9892507143832215
0.9890208809021619
0.9887786018652056
0.9885235496436603
0.9882553910872496
0.9879737893758578
0.9876784062026438
0.9873689043454310
0.9870449506929966
0.9867062198063004
0.9863523981100554
0.9859831888311957
0.9855983178229329
0.9851975404497855
0.9847806497474406
0.9843474861315277
0.9838979490054389
0.9834320107322427
0.9829497335933303
0.9824512906086944
0.9819369914797610
0.9814073155726094
0.9808629550186797
0.9803048732603286
0.9797343892294245
0.9791533097207397
0.9785641731919477
0.9783807618237370
0.9789644775180588
0.9795401649526511
0.9801052980715385
0.9806580822901081
0.9811972104583536
0.9817217303124205
0.9822309601615677
0.9827244302428011
0.9832018395499267
0.9836630228090673
0.9841079245185972
0.9845365781336226
0.9849490891300309
0.9853456210708625
0.9857263840469249
0.9860916250260807
0.9864416197554740
0.9867766659435814
0.9870970775023080
0.9874031796760621
0.9876953049149380
0.9879737893758578
0.9882389699553441
0.9884911817736617
0.9887307560429009
0.9889580182624452
0.9891732866939286
0.9893768710746851
0.9895690715350532
0.9897501776906812
0.9899204678828943
0.9900802085469298
0.9902296536880836
0.9903690444503911
0.9904986087636590
0.9906185610563877
0.9907291020251212
0.9908304184500913
0.9909226830504395
0.9910060543713624
0.9910806766978588
0.9911466799905034
0.9912041798377618
0.9912532774222833
0.9912940594975024
0.9913265983722886
0.9913509519009234
0.9913671634777166
0.9913752620332086
0.9913752620332086
0.9913671634777166
0.9913509519009234
0.9913265983722886
0.9912940594975024
0.9912532774222833
0.9912041798377605
0.9911466799905034
0.9910806766978588
0.9910060543713624
0.9909226830504395
0.9908304184500913
0.9907291020251230
0.9906185610563877
0.9904986087636590
0.9903690444503912
0.9902296536880791
0.9900802085469306
0.9899204678828943
0.9897501776906812
0.9895690715350527
0.9893768710746851
0.9891732866939317
0.9889580182624452
0.9887307560429009
0.9884911817736617
0.9882389699553441
0.9879737893758578
0.9876953049149380
0.9874031796760621
0.9870970775023080
0.9867766659435845
0.9864416197554740
0.9860916250260807
0.9857263840469249
0.9853456210708625
0.9849490891300308
0.9845365781336226
0.9841079245185972
0.9836630228090673
0.9832018395499267
0.9827244302428011
0.9822309601615600
0.9817217303124205
0.9811972104583513
0.9806580822901081
0.9801052980715385
0.9795401649526477
0.9789644775180588
0.9783807618237370
0.9781889005923838
0.9787668707844659
0.9793368439432196
0.9798963077511265
0.9804434811021465
0.9809770697995096
0.9814961338112643
0.9820000028072927
0.9824882174054634
0.9829604859286576
0.9834166513401230
0.9838566652733156
0.9842805672308400
0.9846884676832305
0.9850805341861392
0.9854569798837148
0.9858180539286505
0.9861640334607146
0.9864952168663418
0.9868119180996370
0.9871144618873953
0.9874031796760621
0.9876784062026438
0.9879404765927308
0.9881897239053427
0.9884264770562888
0.9886510590648605
0.9888637855742149
0.9890649636065554
0.9892548905176571
0.9894338531217790
0.9896021269619520
0.9897599757036342
0.9899076506341287
0.9900453902513638
0.9901734199280894
0.9902919516404800
0.9904011837507688
0.9905013008340497
0.9905924735438112
0.9906748585072356
0.9907485982466536
0.9908138211210654
0.9908706412838707
0.9909191586535055
0.9909594588937609
0.9909916134011867
0.9910156792975560
0.9910316994261861
0.9910397023497598
0.9910397023497598
0.9910316994261850
0.9910156792975560
0.9909916134011867
0.9909594588937609
0.9909191586535055
0.9908706412838707
0.9908138211210654
0.9907485982466536
0.9906748585072356
0.9905924735438112
0.9905013008340497
0.9904011837507688
0.9902919516404800
0.9901734199280894
0.9900453902513638
0.9899076506341287
0.9897599757036342
0.9896021269619520
0.9894338531217790
0.9892548905176571
0.9890649636065554
0.9888637855742127
0.9886510590648605
0.9884264770562888
0.9881897239053427
0.9879404765927308
0.9876784062026391
0.9874031796760621
0.9871144618873953
0.9868119180996370
0.9864952168663418
0.9861640334607146
0.9858180539286505
0.9854569798837148
0.9850805341861392
0.9846884676832305
0.9842805672308400
0.9838566652733156
0.9834166513401230
0.9829604859286576
0.9824882174054634
0.9820000028072927
0.9814961338112643
0.9809770697995155
0.9804434811021465
0.9798963077511265
0.9793368439432196
0.9787668707844659
0.9781889005923838
0.9779884313397875
0.9785603155402200
0.9791242366730274
0.9796776976642974
0.9802189323064766
0.9807466606570975
0.9812599560732189
0.9817581605826292
0.9822408260127250
0.9827076706739931
0.9831585462609013
0.9835934118804105
0.9840123132797087
0.9844153659937709
0.9848027415309177
0.9851746559554183
0.9855313603943269
0.9858731331072443
0.9862002728382503
0.9865130932265963
0.9868119180996370
0.9870970775023080
0.9873689043454310
0.9876277315757322
0.9878738897859519
0.9881077051987300
0.9883294979666153
0.9885395807412729
0.9887382574719203
0.9889258223981491
0.9891025592088388
0.9892687403424738
0.9894246264069146
0.9895704657017460
0.9897064938269838
0.9898329333646462
0.9899499936222921
0.9900578704284836
0.9901567459709109
0.9902467886707456
0.9903281530868437
0.9904009798434861
0.9904653955776006
0.9905215129016214
0.9905694303779099
0.9906092325024269
0.9906409896947146
0.9906647582927496
0.9906805805504583
0.9906884846370224
0.9906884846370224
0.9906805805504583
0.9906647582927496
0.9906409896947129
0.9906092325024275
0.9905694303779099
0.9905215129016214
0.9904653955776006
0.9904009798434856
0.9903281530868437
0.9902467886707456
0.9901567459709109
0.9900578704284836
0.9899499936222925
0.9898329333646468
0.9897064938269838
0.9895704657017460
0.9894246264069146
0.9892687403424738
0.9891025592088410
0.9889258223981491
0.9887382574719203
0.9885395807412727
0.9883294979666153
0.9881077051987300
0.9878738897859519
0.9876277315757322
0.9873689043454310
0.9870970775023080
0.9868119180996370
0.9865130932265963
0.9862002728382503
0.9858731331072443
0.9855313603943269
0.9851746559554183
0.9848027415309177
0.9844153659937709
0.9840123132797087
0.9835934118804105
0.9831585462609013
0.9827076706739931
0.9822408260127250
0.9817581605826292
0.9812599560732189
0.9807466606570975
0.9802189323064766
0.9796776976642974
0.9791242366730274
0.9785603155402200
0.9779884313397875
0.9777792007953923
0.9783446417802160
0.9789021567210398
0.9794492654889939
0.9799842183688556
0.9805057511198735
0.9810129517594562
0.9815051757518772
0.9819819870119291
0.9824431145154058
0.9828884191745503
0.9833178678800316
0.9837315127731471
0.9841294744648811
0.9845119283080759
0.9848790930807103
0.9852312215986188
0.9855685928938840
0.9858915056742918
0.9862002728382503
0.9864952168663418
0.9867766659435814
0.9870449506929966
0.9873004014238371
0.9875433458126515
0.9877741069507634
0.9879930017015434
0.9882003393199184
0.9883964202959539
0.9885815353868302
0.9887559648103319
0.9889199775752416
0.9890738309274598
0.9892177698949346
0.9893520269158383
0.9894768215370831
0.9895923601724124
0.9896988359096749
0.9897964283597223
0.9898853035399251
0.9899656137854226
0.9900374976827987
0.9901010800234384
0.9901564717699433
0.9902037700344554
0.9902430580651255
0.9902744052383701
0.9902978670558095
0.9903134851428076
0.9903212872490257
0.9903212872490257
0.9903134851428076
0.9902978670558095
0.9902744052383686
0.9902430580651255
0.9902037700344554
0.9901564717699433
0.9901010800234384
0.9900374976827987
0.9899656137854226
0.9898853035399262
0.9897964283597223
0.9896988359096749
0.9895923601724124
0.9894768215370831
0.9893520269158371
0.9892177698949346
0.9890738309274598
0.9889199775752416
0.9887559648103319
0.9885815353868302
0.9883964202959539
0.9882003393199195
0.9879930017015361
0.9877741069507634
0.9875433458126515
0.9873004014238371
0.9870449506929966
0.9867766659435845
0.9864952168663418
0.9862002728382503
0.9858915056742918
0.9855685928938840
0.9852312215986188
0.9848790930807103
0.9845119283080759
0.9841294744648811
0.9837315127731411
0.9833178678800316
0.9828884191745503
0.9824431145154058
0.9819819870119291
0.9815051757518772
0.9810129517594562
0.9805057511198735
0.9799842183688556
0.9794492654889939
0.9789021567210288
0.9783446417802160
0.9777792007953905
0.9775610625743625
0.9781196854304951
0.9786704226993903
0.9792108131269238
0.9797391252849729
0.9802541122465093
0.9807548780862078
0.9812407928675052
0.9817114335146224
0.9821665403563453
0.9826059839884969
0.9830297393495594
0.9834378650620635
0.9838304867466536
0.9842077834089654
0.9845699762458697
0.9849173193877840
0.9852500922054042
0.9855685928938840
0.9858731331072453
0.9861640334607146
0.9864416197554740
0.9867062198063004
0.9869581607733604
0.9871977669200349
0.9874253577269541
0.9876412463088418
0.9878457380872233
0.9880391296785860
0.9882217079674662
0.9883937493340467
0.9885555190144975
0.9887072705728843
0.9888492454685349
0.9889816727025426
0.9891047685329541
0.9892187362461686
0.9893237659756818
0.9894200345607513
0.9895077054382611
0.9895869285598164
0.9896578403323318
0.9897205635748594
0.9897752074892837
0.9898218676414189
0.9898606259503122
0.9898915506821246
0.9899146964485034
0.9899301042064780
0.9899378012596879
0.9899378012596879
0.9899301042064780
0.9899146964485016
0.9898915506821246
0.9898606259503122
0.9898218676414189
0.9897752074892837
0.9897205635748594
0.9896578403323318
0.9895869285598164
0.9895077054382611
0.9894200345607513
0.9893237659756818
0.9892187362461686
0.9891047685329541
0.9889816727025426
0.9888492454685349
0.9887072705728843
0.9885555190144975
0.9883937493340467
0.9882217079674662
0.9880391296785860
0.9878457380872233
0.9876412463088418
0.9874253577269541
0.9871977669200349
0.9869581607733604
0.9867062198063004
0.9864416197554740
0.9861640334607146
0.9858731331072453
0.9855685928938840
0.9852500922054042
0.9849173193877840
0.9845699762458697
0.9842077834089671
0.9838304867466535
0.9834378650620649
0.9830297393495594
0.9826059839884969
0.9821665403563509
0.9817114335146224
0.9812407928675052
0.9807548780862078
0.9802541122465093
0.9797391252849729
0.9792108131269238
0.9786704226993903
0.9781196854304951
0.9775610625743625
0.9773338794815328
0.9778852906103591
0.9784288604852021
0.9789621489261159
0.9794834448187356
0.9799915203473158
0.9804854971762299
0.9809647612150351
0.9814289033567462
0.9818776759649191
0.9823109597453010
0.9827287378819759
0.9831310754795238
0.9835181030056473
0.9838900028220414
0.9842469981448594
0.9845893439412662
0.9849173193877847
0.9852312215986188
0.9855313603943272
0.9858180539286505
0.9860916250260807
0.9863523981100554
0.9866006966262456
0.9868368408794107
0.9870611462182138
0.9872739215138656
0.9874754678856543
0.9876660776362333
0.9878460333639726
0.9880156072253803
0.9881750603243792
0.9883246422098642
0.9884645904633964
0.9885951303642997
0.9887164746196758
0.9888288231481922
0.9889323629096758
0.9890272677726472
0.9891136984124101
0.9891918022352033
0.9892617133230056
0.9893235523939208
0.9893774267766359
0.9894234303935985
0.9894616437521986
0.9894921339403194
0.9895149546257743
0.9895301460570320
0.9895377350651411
0.9895377350651411
0.9895301460570320
0.9895149546257743
0.9894921339403194
0.9894616437522022
0.9894234303935985
0.9893774267766359
0.9893235523939208
0.9892617133230056
0.9891918022352033
0.9891136984124101
0.9890272677726472
0.9889323629096758
0.9888288231481922
0.9887164746196759
0.9885951303642965
0.9884645904633979
0.9883246422098642
0.9881750603243792
0.9880156072253802
0.9878460333639726
0.9876660776362333
0.9874754678856543
0.9872739215138656
0.9870611462182138
0.9868368408794107
0.9866006966262456
0.9863523981100554
0.9860916250260807
0.9858180539286492
0.9855313603943272
0.9852312215986188
0.9849173193877847
0.9845893439412662
0.9842469981448594
0.9838900028220414
0.9835181030056473
0.9831310754795238
0.9827287378819759
0.9823109597453010
0.9818776759649191
0.9814289033567462
0.9809647612150394
0.9804854971762299
0.9799915203473158
0.9794834448187356
0.9789621489261159
0.9784288604852021
0.9778852906103591
0.9773338794815328
0.9770975261741999
0.9776413122510973
0.9781773058140255
0.9787030902738060
0.9792169771256870
0.9797177596726333
0.9802045788450363
0.9806768377264062
0.9811341421604373
0.9815762572013143
0.9820030740250031
0.9824145841654165
0.9828108590980225
0.9831920338509532
0.9835582937199923
0.9839098634155372
0.9842469981448594
0.9845699762458673
0.9848790930807103
0.9851746559554183
0.9854569798837147
0.9857263840469249
0.9859831888311957
0.9862277133459394
0.9864602733445285
0.9866811794815424
0.9868907358543106
0.9870892387819696
0.9872769757873748
0.9874542247485090
0.9876212531946326
0.9877783177232965
0.9879256635223593
0.9880635239768172
0.9881921203513587
0.9883116615331998
0.9884223438278663
0.9885243507981173
0.9886178531384626
0.9887030085799047
0.9887799618188148
0.9888488444652368
0.9889097750071779
0.9889628587863113
0.9890081879841366
0.9890458416133971
0.9890758855155216
0.9890983723602650
0.9891133416472986
0.9891208197082102
0.9891208197082102
0.9891133416472986
0.9890983723602650
0.9890758855155216
0.9890458416133971
0.9890081879841366
0.9889628587863113
0.9889097750071779
0.9888488444652368
0.9887799618188148
0.9887030085799047
0.9886178531384626
0.9885243507981173
0.9884223438278663
0.9883116615331998
0.9881921203513587
0.9880635239768172
0.9879256635223593
0.9877783177232949
0.9876212531946326
0.9874542247485090
0.9872769757873748
0.9870892387819696
0.9868907358543106
0.9866811794815424
0.9864602733445269
0.9862277133459394
0.9859831888311957
0.9857263840469249
0.9854569798837148
0.9851746559554183
0.9848790930807103
0.9845699762458697
0.9842469981448594
0.9839098634155372
0.9835582937199923
0.9831920338509532
0.9828108590980225
0.9824145841654165
0.9820030740250031
0.9815762572013143
0.9811341421604373
0.9806768377264062
0.9802045788450374
0.9797177596726333
0.9792169771256870
0.9787030902738060
0.9781773058140255
0.9776413122510973
0.9770975261741999
0.9768518922498456
0.9773876191393981
0.9779156073003527
0.9784334666298729
0.9789395338406982
0.9794326255958058
0.9799119039192611
0.9803767904666133
0.9808269070147475
0.9812620319071060
0.9816820670510340
0.9820870123053644
0.9824769452592741
0.9828520050629892
0.9832123793715780
0.9835582937199923
0.9838900028220414
0.9842077834089654
0.9845119283080769
0.9848027415309174
0.9850805341861392
0.9853456210708625
0.9855983178229311
0.9858389385394342
0.9860677937828404
0.9862851889124125
0.9864914226881264
0.9866867861040881
0.9868715614148148
0.9870460213253185
0.9872104283184434
0.9873650340996311
0.9875100791395226
0.9876457923004496
0.9877723905328410
0.9878900786310534
0.9879990490382444
0.9880994816936093
0.9881915439130824
0.9882753902988231
0.9883511626718627
0.9884189900234215
0.9884789884812242
0.9885312612867636
0.9885758987824099
0.9886129784037970
0.9886425646776557
0.9886647092219042
0.9886794507469515
0.9886868150583246
0.9886868150583246
0.9886794507469515
0.9886647092219042
0.9886425646776557
0.9886129784037968
0.9885758987824106
0.9885312612867636
0.9884789884812232
0.9884189900234215
0.9883511626718627
0.9882753902988231
0.9881915439130824
0.9880994816936093
0.9879990490382444
0.9878900786310534
0.9877723905328410
0.9876457923004496
0.9875100791395226
0.9873650340996311
0.9872104283184434
0.9870460213253185
0.9868715614148148
0.9866867861040881
0.9864914226881264
0.9862851889124125
0.9860677937828404
0.9858389385394342
0.9855983178229311
0.9853456210708667
0.9850805341861392
0.9848027415309174
0.9845119283080769
0.9842077834089654
0.9838900028220414
0.9835582937199923
0.9832123793715780
0.9828520050629892
0.9824769452592741
0.9820870123053664
0.9816820670510340
0.9812620319071060
0.9808269070147475
0.9803767904666133
0.9799119039192611
0.9794326255958058
0.9789395338406982
0.9784334666298720
0.9779156073003541
0.9773876191393981
0.9768518922498456
0.9765968858392018
0.9771240974662144
0.9776436299737160
0.9781531230931778
0.9786509417282745
0.9791359284025922
0.9796072682115123
0.9800644028328449
0.9805069709244951
0.9809347646184899
0.9813476966692518
0.9817457750629128
0.9821290830596244
0.9824977633062713
0.9828520050629892
0.9831920338509536
0.9835181030056473
0.9838304867466535
0.9841294744648811
0.9844153659937709
0.9846884676832305
0.9849490891300308
0.9851975404497855
0.9854341299978845
0.9856591624625890
0.9858729372704225
0.9860757472517462
0.9862678775263961
0.9864496045729856
0.9866211954555090
0.9867829071798530
0.9869349861634389
0.9870776677974177
0.9872111760893862
0.9873357233729271
0.9874515100730697
0.9875587245202211
0.9876575428027468
0.9877481286526675
0.9878306333590280
0.9879051957027354
0.9879719419095239
0.9880309856174954
0.9880824278552288
0.9881263570290033
0.9881628489155406
0.9881919666593484
0.9882137607728304
0.9882282691378272
0.9882355170072806
0.9882355170072806
0.9882282691378272
0.9882137607728304
0.9881919666593484
0.9881628489155406
0.9881263570290033
0.9880824278552288
0.9880309856174954
0.9879719419095239
0.9879051957027354
0.9878306333590280
0.9877481286526675
0.9876575428027468
0.9875587245202211
0.9874515100730697
0.9873357233729271
0.9872111760893914
0.9870776677974177
0.9869349861634448
0.9867829071798530
0.9866211954555090
0.9864496045729856
0.9862678775263961
0.9860757472517462
0.9858729372704225
0.9856591624625890
0.9854341299978845
0.9851975404497855
0.9849490891300308
0.9846884676832305
0.9844153659937709
0.9841294744648811
0.9838304867466535
0.9835181030056473
0.9831920338509536
0.9828520050629892
0.9824977633062713
0.9821290830596244
0.9817457750629128
0.9813476966692518
0.9809347646184948
0.9805069709244951
0.9800644028328449
0.9796072682115123
0.9791359284025922
0.9786509417282745
0.9781531230931778
0.9776436299737160
0.9771240974662144
0.9765968858392018
0.9763324378082213
0.9768506549851850
0.9773612594346079
0.9778619246183742
0.9783510470286252
0.9788274978330652
0.9792904873185324
0.9797394786492034
0.9801741282269925
0.9805942423131492
0.9809997444203714
0.9813906502372191
0.9817670480193783
0.9821290830596244
0.9824769452592741
0.9828108590980225
0.9831310754795238
0.9834378650620649
0.9837315127731471
0.9840123132797087
0.9842805672308400
0.9845365781336218
0.9847806497474406
0.9850130839080783
0.9852341787069520
0.9854442269690289
0.9856435149776895
0.9858323214099054
0.9860109164462660
0.9861795610303624
0.9863385062524315
0.9864879928403909
0.9866282507395281
0.9867594987686000
0.9868819443400179
0.9869957832338394
0.9871011994172341
0.9871983649014037
0.9872874396311744
0.9873685713994782
0.9874418957837483
0.9875075360995842
0.9875656033680508
0.9876161962938614
0.9876594012517423
0.9876952922787656
0.9877239310709677
0.9877453669830828
0.9877596370290080
0.9877667658834485
0.9877667658834485
0.9877596370290080
0.9877453669830828
0.9877239310709677
0.9876952922787656
0.9876594012517423
0.9876161962938614
0.9875656033680508
0.9875075360995842
0.9874418957837483
0.9873685713994782
0.9872874396311744
0.9871983649014037
0.9871011994172341
0.9869957832338394
0.9868819443400179
0.9867594987686000
0.9866282507395281
0.9864879928403909
0.9863385062524315
0.9861795610303624
0.9860109164462660
0.9858323214099054
0.9856435149776895
0.9854442269690289
0.9852341787069520
0.9850130839080804
0.9847806497474406
0.9845365781336218
0.9842805672308400
0.9840123132797087
0.9837315127731411
0.9834378650620649
0.9831310754795238
0.9828108590980225
0.9824769452592741
0.9821290830596244
0.9817670480193783
0.9813906502372189
0.9809997444203714
0.9805942423131492
0.9801741282269927
0.9797394786492034
0.9792904873185372
0.9788274978330652
0.9783510470286252
0.9778619246183742
0.9773612594346079
0.9768506549851850
0.9763324378082213
0.9760585066976181
0.9765672259119688
0.9770684067728831
0.9775597610351348
0.9780397206715924
0.9785071885772263
0.9789614024636931
0.9794018484028458
0.9798282012416472
0.9802402814725123
0.9806380229976422
0.9810214484892430
0.9813906502372189
0.9817457750629128
0.9820870123053664
0.9824145841654165
0.9827287378819759
0.9830297393495592
0.9833178678800315
0.9835934118804105
0.9838566652733156
0.9841079245185941
0.9843474861315280
0.9845756446074457
0.9847926906858578
0.9849989098957697
0.9851945813376304
0.9853799766634506
0.9855553592237877
0.9857209833562735
0.9858770937929714
0.9860239251692225
0.9861617016176834
0.9862906364354411
0.9864109318116568
0.9865227786075391
0.9866263561796086
0.9867218322393814
0.9868093627436211
0.9868890918097338
0.9869611516518175
0.9870256625336740
0.9870827327347068
0.9871324585273100
0.9871749241615595
0.9872102018564829
0.9872383517952712
0.9872594221237264
0.9872734489499395
0.9872804563452990
0.9872804563452990
0.9872734489499384
0.9872594221237264
0.9872383517952712
0.9872102018564829
0.9871749241615597
0.9871324585273100
0.9870827327347068
0.9870256625336740
0.9869611516518175
0.9868890918097338
0.9868093627436211
0.9867218322393814
0.9866263561796077
0.9865227786075391
0.9864109318116568
0.9862906364354411
0.9861617016176834
0.9860239251692225
0.9858770937929714
0.9857209833562735
0.9855553592237877
0.9853799766634506
0.9851945813376316
0.9849989098957697
0.9847926906858584
0.9845756446074457
0.9843474861315277
0.9841079245185941
0.9838566652733156
0.9835934118804105
0.9833178678800315
0.9830297393495592
0.9827287378819759
0.9824145841654165
0.9820870123053664
0.9817457750629128
0.9813906502372189
0.9810214484892430
0.9806380229976422
0.9802402814725123
0.9798282012416472
0.9794018484028458
0.9789614024636909
0.9785071885772263
0.9780397206715924
0.9775597610351348
0.9770684067728831
0.9765672259119688
0.9760585066976181
0.9757750845716822
0.9762737767390733
0.9767650144318716
0.9772465530795749
0.9777168645980341
0.9781748869942484
0.9786198876939199
0.9790513769598512
0.9794690485145334
0.9798727368372794
0.9802623854758618
0.9806380229976422
0.9809997444203714
0.9813476966692518
0.9816820670510352
0.9820030740250031
0.9823109597453010
0.9826059839884969
0.9828884191745503
0.9831585462609007
0.9834166513401230
0.9836630228090673
0.9838979490054389
0.9841217162303122
0.9843346070910157
0.9845368991097377
0.9847288635561441
0.9849107644685177
0.9850828578320270
0.9852453908922579
0.9853986015817554
0.9855427180431231
0.9856779582338919
0.9858045296007928
0.9859226288128174
0.9860324415441593
0.9861341422986685
0.9862278942706547
0.9863138492337328
0.9863921474554055
0.9864629176311978
0.9865262768355446
0.9865823304860387
0.9866311723177591
0.9866728843663795
0.9867075369571119
0.9867351886980806
0.9867558864769843
0.9867696654598095
0.9867765490903394
0.9867765490903421
0.9867696654598095
0.9867558864769843
0.9867351886980804
0.9867075369571113
0.9866728843663795
0.9866311723177591
0.9865823304860327
0.9865262768355439
0.9864629176311978
0.9863921474554055
0.9863138492337328
0.9862278942706547
0.9861341422986685
0.9860324415441593
0.9859226288128174
0.9858045296007928
0.9856779582338919
0.9855427180431231
0.9853986015817554
0.9852453908922579
0.9850828578320270
0.9849107644685177
0.9847288635561441
0.9845368991097377
0.9843346070910157
0.9841217162303122
0.9838979490054389
0.9836630228090673
0.9834166513401230
0.9831585462609007
0.9828884191745503
0.9826059839884969
0.9823109597453010
0.9820030740250031
0.9816820670510338
0.9813476966692518
0.9809997444203714
0.9806380229976422
0.9802623854758604
0.9798727368372794
0.9794690485145334
0.9790513769598512
0.9786198876939199
0.9781748869942484
0.9777168645980341
0.9772465530795773
0.9767650144318716
0.9762737767390733
0.9757750845716822
0.9754822040023203
0.9759703131972055
0.9764510632705585
0.9769222597228528
0.9773824195223560
0.9778305194433515
0.9782658588632500
0.9786879732335677
0.9790965751575559
0.9794915123718331
0.9798727368372794
0.9802402814725123
0.9805942423131444
0.9809347646184899
0.9812620319071060
0.9815762572013143
0.9818776759649191
0.9821665403563509
0.9824431145154056
0.9827076706739962
0.9829604859286576
0.9832018395499267
0.9834320107322427
0.9836512767065152
0.9838599111540364
0.9840581828716036
0.9842463546486278
0.9844246823214484
0.9845934139783192
0.9847527892925317
0.9849030389627966
0.9850443842465766
0.9851770365719893
0.9853011972156168
0.9854170570378985
0.9855247962659991
0.9856245843179361
0.9857165796604330
0.9858009296963213
0.9858777706754656
0.9859472276261764
0.9860094143020435
0.9860644331432166
0.9861123752476882
0.9861533203508289
0.9861873368117129
0.9862144816042254
0.9862348003110902
0.9862483271213255
0.9862550848281009
0.9862550848281009
0.9862483271213255
0.9862348003110902
0.9862144816042254
0.9861873368117129
0.9861533203508289
0.9861123752476882
0.9860644331432166
0.9860094143020435
0.9859472276261764
0.9858777706754656
0.9858009296963213
0.9857165796604330
0.9856245843179361
0.9855247962659966
0.9854170570378985
0.9853011972156168
0.9851770365719893
0.9850443842465766
0.9849030389627966
0.9847527892925317
0.9845934139783192
0.9844246823214484
0.9842463546486278
0.9840581828716036
0.9838599111540287
0.9836512767065152
0.9834320107322427
0.9832018395499267
0.9829604859286576
0.9827076706739962
0.9824431145154056
0.9821665403563509
0.9818776759649191
0.9815762572013143
0.9812620319071048
0.9809347646184899
0.9805942423131444
0.9802402814725123
0.9798727368372794
0.9794915123718331
0.9790965751575559
0.9786879732335677
0.9782658588632500
0.9778305194433515
0.9773824195223560
0.9769222597228528
0.9764510632705518
0.9759703131972055
0.9754822040023203
0.9751799464969826
0.9756568886818722
0.9761265811761635
0.9765868872094571
0.9770363746233633
0.9774740627900818
0.9778992850329337
0.9783116024811789
0.9787107459878497
0.9790965751575526
0.9794690485145334
0.9798282012416472
0.9801741282269927
0.9805069709244951
0.9808269070147475
0.9811341421604350
0.9814289033567462
0.9817114335146224
0.9819819870119291
0.9822408260127250
0.9824882174054634
0.9827244302428011
0.9829497335933303
0.9831643947342040
0.9833686776261299
0.9835628416265023
0.9837471404019276
0.9839218210094532
0.9840871231207053
0.9842432783685381
0.9843905097969887
0.9845290313994591
0.9846590477332097
0.9847807535976776
0.9848943337684113
0.9849999627776006
0.9850978047341723
0.9851880131780726
0.9852707309629462
0.9853460901621344
0.9854142119954719
0.9854752067716217
0.9855291738445696
0.9855762015803065
0.9856163673331954
0.9856497374282631
0.9856763671491275
0.9856963007297952
0.9857095713492739
0.9857162011286145
0.9857162011286145
0.9857095713492739
0.9856963007297952
0.9856763671491275
0.9856497374282631
0.9856163673332013
0.9855762015803065
0.9855291738445641
0.9854752067716217
0.9854142119954719
0.9853460901621344
0.9852707309629462
0.9851880131780726
0.9850978047341723
0.9849999627776006
0.9848943337684113
0.9847807535976776
0.9846590477332097
0.9845290313994591
0.9843905097969887
0.9842432783685381
0.9840871231207053
0.9839218210094532
0.9837471404019276
0.9835628416265023
0.9833686776261299
0.9831643947342040
0.9829497335933303
0.9827244302428011
0.9824882174054634
0.9822408260127250
0.9819819870119291
0.9817114335146224
0.9814289033567462
0.9811341421604350
0.9808269070147475
0.9805069709244951
0.9801741282269882
0.9798282012416472
0.9794690485145334
0.9790965751575529
0.9787107459878508
0.9783116024811789
0.9778992850329337
0.9774740627900818
0.9770363746233633
0.9765868872094571
0.9761265811761635
0.9756568886818721
0.9751799464969826
0.9748684528047665
0.9753336145975300
0.9757916537390797
0.9762405004210295
0.9766787798984246
0.9771055579316424
0.9775202032188284
0.9779223022161214
0.9783116024811789
0.9786879732335677
0.9790513769598510
0.9794018484028458
0.9797394786492034
0.9800644028328449
0.9803767904666133
0.9806768377264062
0.9809647612150351
0.9812407928675043
0.9815051757518772
0.9817581605826292
0.9820000028072927
0.9822309601615600
0.9824512906086944
0.9826612505976633
0.9828610935887183
0.9830510688030367
0.9832314201611970
0.9834023853831996
0.9835641952248816
0.9837170728311663
0.9838612331898188
0.9839968826699412
0.9841242186348123
0.9842434291166534
0.9843546925458296
0.9844581775257587
0.9845540426477221
0.9846424363376881
0.9847234967332418
0.9847973515830573
0.9848641181669736
0.9849239032328478
0.9849768029469882
0.9850229028559429
0.9850622778577294
0.9850949921801172
0.9851210993648307
0.9851406422560290
0.9851536529927286
0.9851601530036145
0.9851601530036145
0.9851536529927286
0.9851406422560290
0.9851210993648307
0.9850949921801172
0.9850622778577294
0.9850229028559393
0.9849768029469882
0.9849239032328478
0.9848641181669736
0.9847973515830573
0.9847234967332418
0.9846424363376896
0.9845540426477221
0.9844581775257587
0.9843546925458296
0.9842434291166489
0.9841242186348123
0.9839968826699412
0.9838612331898197
0.9837170728311663
0.9835641952248816
0.9834023853831996
0.9832314201611970
0.9830510688030367
0.9828610935887183
0.9826612505976632
0.9824512906086944
0.9822309601615677
0.9820000028072927
0.9817581605826292
0.9815051757518772
0.9812407928675043
0.9809647612150351
0.9806768377264062
0.9803767904666133
0.9800644028328449
0.9797394786492034
0.9794018484028458
0.9790513769598510
0.9786879732335677
0.9783116024811787
0.9779223022161214
0.9775202032188284
0.9771055579316424
0.9766787798984246
0.9762405004210295
0.9757916537390797
0.9753336145975300
0.9748684528047655
0.9745479357344463
0.9750006732886010
0.9754464377758202
0.9758832375276844
0.9763097623394006
0.9767251276672235
0.9771287379177688
0.9775202032188284
0.9778992850329337
0.9782658588632500
0.9786198876939199
0.9789614024636911
0.9792904873185324
0.9796072682115123
0.9799119039192611
0.9802045788450363
0.9804854971762299
0.9807548780862080
0.9810129517594562
0.9812599560732189
0.9814961338112643
0.9817217303124205
0.9819369914797610
0.9821421620894010
0.9823374843521381
0.9825231966873612
0.9826995326781638
0.9828667201806711
0.9830249805644633
0.9831745280673089
0.9833155692453048
0.9834483025080966
0.9835729177243050
0.9836895958900292
0.9837985088499680
0.9838998190635966
0.9839936794114169
0.9840802330338821
0.9841596131992945
0.9842319431954879
0.9842973362420426
0.9843558954198476
0.9844077136150980
0.9844528734745739
0.9844914473714174
0.9845234973784838
0.9845490752484550
0.9845682223983934
0.9845809698996940
0.9845873384702531
0.9845873384702531
0.9845809698996940
0.9845682223983934
0.9845490752484550
0.9845234973784838
0.9844914473714174
0.9844528734745739
0.9844077136150980
0.9843558954198476
0.9842973362420426
0.9842319431954879
0.9841596131992945
0.9840802330338821
0.9839936794114169
0.9838998190635939
0.9837985088499680
0.9836895958900292
0.9835729177243050
0.9834483025080965
0.9833155692453048
0.9831745280673089
0.9830249805644633
0.9828667201806743
0.9826995326781638
0.9825231966873612
0.9823374843521381
0.9821421620894010
0.9819369914797610
0.9817217303124205
0.9814961338112643
0.9812599560732189
0.9810129517594562
0.9807548780862078
0.9804854971762299
0.9802045788450363
0.9799119039192611
0.9796072682115123
0.9792904873185372
0.9789614024636911
0.9786198876939199
0.9782658588632500
0.9778992850329337
0.9775202032188284
0.9771287379177725
0.9767251276672235
0.9763097623394006
0.9758832375276844
0.9754464377758202
0.9750006732886002
0.9745479357344463
0.9742186964479917
0.9746583345975588
0.9750911789721193
0.9755153295316087
0.9759295478494289
0.9763330010509508
0.9767251276672235
0.9771055579316457
0.9774740627900818
0.9778305194433515
0.9781748869942484
0.9785071885772263
0.9788274978330652
0.9791359284025922
0.9794326255958058
0.9797177596726333
0.9799915203473158
0.9802541122465093
0.9805057511198736
0.9807466606570975
0.9809770697995147
0.9811972104583513
0.9814073155726091
0.9816076174507943
0.9817983463540105
0.9819797292813326
0.9821519889309139
0.9823153428092944
0.9824700024688420
0.9826161728557411
0.9827540517527843
0.9828838293043437
0.9830056876123919
0.9831198003934671
0.9832263326886884
0.9833254406196066
0.9834172711826710
0.9835019620779815
0.9835796415670475
0.9836504283548622
0.9837144314926779
0.9837717502998368
0.9838224742992503
0.9838666831664594
0.9839044466883882
0.9839358247316428
0.9839608672173559
0.9839796141027315
0.9839920953665465
0.9839983309999032
0.9839983309999032
0.9839920953665465
0.9839796141027315
0.9839608672173559
0.9839358247316428
0.9839044466883882
0.9838666831664594
0.9838224742992503
0.9837717502998368
0.9837144314926779
0.9836504283548622
0.9835796415670554
0.9835019620779815
0.9834172711826710
0.9833254406196066
0.9832263326886884
0.9831198003934671
0.9830056876123919
0.9828838293043437
0.9827540517527843
0.9826161728557411
0.9824700024688420
0.9823153428093031
0.9821519889309139
0.9819797292813330
0.9817983463540105
0.9816076174507943
0.9814073155726091
0.9811972104583513
0.9809770697995147
0.9807466606570975
0.9805057511198735
0.9802541122465093
0.9799915203473158
0.9797177596726333
0.9794326255958058
0.9791359284025922
0.9788274978330652
0.9785071885772263
0.9781748869942484
0.9778305194433515
0.9774740627900818
0.9771055579316424
0.9767251276672235
0.9763330010509508
0.9759295478494289
0.9755153295316087
0.9750911789721193
0.9746583345975588
0.9742186964479917
0.9738811457860042
0.9743069777835990
0.9747262358733129
0.9751371275510184
0.9755384922460025
0.9759295478494289
0.9763097623394006
0.9766787798984246
0.9770363746233633
0.9773824195223560
0.9777168645980309
0.9780397206715924
0.9783510470286252
0.9786509417282745
0.9789395338406982
0.9792169771256870
0.9794834448187356
0.9797391252849729
0.9799842183688556
0.9802189323064766
0.9804434811021465
0.9806580822901081
0.9808629550186797
0.9810583184066340
0.9812443901320059
0.9814213852172639
0.9815895149851279
0.9817489861591182
0.9819000000902864
0.9820427520929028
0.9821774308736737
0.9823042180423811
0.9824232876943565
0.9825348060523259
0.9826389311632847
0.9827358126402203
0.9828255914439251
0.9829083996990072
0.9829843605402284
0.9830535879828171
0.9831161868161438
0.9831722525152079
0.9832218711675766
0.9832651194149472
0.9833020644049127
0.9833327637530642
0.9833572655127455
0.9833756081518000
0.9833878205355921
0.9833939219139874
0.9833939219139874
0.9833878205355921
0.9833756081518000
0.9833572655127455
0.9833327637530644
0.9833020644049127
0.9832651194149523
0.9832218711675766
0.9831722525152079
0.9831161868161438
0.9830535879828171
0.9829843605402284
0.9829083996990087
0.9828255914439251
0.9827358126402203
0.9826389311632847
0.9825348060523259
0.9824232876943565
0.9823042180423811
0.9821774308736738
0.9820427520929028
0.9819000000902864
0.9817489861591182
0.9815895149851279
0.9814213852172629
0.9812443901320064
0.9810583184066340
0.9808629550186797
0.9806580822901081
0.9804434811021465
0.9802189323064766
0.9799842183688556
0.9797391252849791
0.9794834448187356
0.9792169771256870
0.9789395338406982
0.9786509417282745
0.9783510470286252
0.9780397206715924
0.9777168645980341
0.9773824195223560
0.9770363746233633
0.9766787798984246
0.9763097623394006
0.9759295478494289
0.9755384922460025
0.9751371275510184
0.9747262358733129
0.9743069777835990
0.9738811457860042
0.9735358333176336
0.9739471219655199
0.9743521145333545
0.9747491433296797
0.9751371275510184
0.9755153295316086
0.9758832375276905
0.9762405004210206
0.9765868872094571
0.9769222597228528
0.9772465530795749
0.9775597610351348
0.9778619246183742
0.9781531230931778
0.9784334666298729
0.9787030902738074
0.9789621489261159
0.9792108131269238
0.9794492654889939
0.9796776976642974
0.9798963077511265
0.9801052980715419
0.9803048732603286
0.9804952386187172
0.9806765986936417
0.9808491560513188
0.9810131102174759
0.9811686567617300
0.9813159865060481
0.9814552848426277
0.9815867311444640
0.9817104982587870
0.9818267520703787
0.9819356511274488
0.9820373463216504
0.9821319806139063
0.9822196888012277
0.9823005973191512
0.9823748240743755
0.9824424783034433
0.9825036604543218
0.9825584620882831
0.9826069657974371
0.9826492451371778
0.9826853645710913
0.9827153794263582
0.9827393358575961
0.9827572708196624
0.9827692120459968
0.9827751780336682
0.9827751780336682
0.9827692120459968
0.9827572708196624
0.9827393358575968
0.9827153794263582
0.9826853645710913
0.9826492451371778
0.9826069657974371
0.9825584620882831
0.9825036604543218
0.9824424783034433
0.9823748240743749
0.9823005973191512
0.9822196888012240
0.9821319806139063
0.9820373463216504
0.9819356511274480
0.9818267520703787
0.9817104982587870
0.9815867311444644
0.9814552848426277
0.9813159865060481
0.9811686567617300
0.9810131102174759
0.9808491560513188
0.9806765986936417
0.9804952386187172
0.9803048732603286
0.9801052980715419
0.9798963077511265
0.9796776976642974
0.9794492654889939
0.9792108131269238
0.9789621489261159
0.9787030902738074
0.9784334666298723
0.9781531230931778
0.9778619246183742
0.9775597610351348
0.9772465530795749
0.9769222597228528
0.9765868872094571
0.9762405004210206
0.9758832375276905
0.9755153295316086
0.9751371275510184
0.9747491433296797
0.9743521145333545
0.9739471219655199
0.9735358333176261
0.9731834892759454
0.9735794716906306
0.9739695232628766
0.9743521145333545
0.9747262358733129
0.9750911789721193
0.9754464377758234
0.9757916537390797
0.9761265811761612
0.9764510632705585
0.9767650144318716
0.9770684067728831
0.9773612594346079
0.9776436299737160
0.9779156073003541
0.9781773058140257
0.9784288604852021
0.9786704226993903
0.9789021567210390
0.9791242366730274
0.9793368439432196
0.9795401649526477
0.9797343892294245
0.9799197077436074
0.9800963114650537
0.9802643901141797
0.9804241310787680
0.9805757184744259
0.9807193323300986
0.9808551478824932
0.9809833349645971
0.9811040574771103
0.9812174729319370
0.9813237320579961
0.9814229784624589
0.9815153483394621
0.9816009702204225
0.9816799647608977
0.9817524445590520
0.9818185140011846
0.9818782691313445
0.9819317975418566
0.9819791782808114
0.9820204817759495
0.9820557697711579
0.9820850952754188
0.9821085025205218
0.9821260269287573
0.9821376950876566
0.9821435247319398
0.9821435247319398
0.9821376950876566
0.9821260269287573
0.9821085025205218
0.9820850952754188
0.9820557697711579
0.9820204817759495
0.9819791782808114
0.9819317975418566
0.9818782691313445
0.9818185140011846
0.9817524445590533
0.9816799647608977
0.9816009702204225
0.9815153483394621
0.9814229784624589
0.9813237320579961
0.9812174729319370
0.9811040574771103
0.9809833349645971
0.9808551478824932
0.9807193323300986
0.9805757184744259
0.9804241310787680
0.9802643901141797
0.9800963114650537
0.9799197077436074
0.9797343892294245
0.9795401649526477
0.9793368439432196
0.9791242366730274
0.9789021567210390
0.9786704226993903
0.9784288604851967
0.9781773058140257
0.9779156073003541
0.9776436299737160
0.9773612594346079
0.9770684067728831
0.9767650144318716
0.9764510632705585
0.9761265811761635
0.9757916537390797
0.9754464377758202
0.9750911789721193
0.9747262358733129
0.9743521145333545
0.9739695232628766
0.9735794716906294
0.9731834892759454
0.9728250908011554
0.9732049945702158
0.9735794716906312
0.9739471219655199
0.9743069777835990
0.9746583345975589
0.9750006732886002
0.9753336145975260
0.9756568886818721
0.9759703131972055
0.9762737767390733
0.9765672259119688
0.9768506549851850
0.9771240974662140
0.9773876191394000
0.9776413122510973
0.9778852906103591
0.9781196854304951
0.9783446417802160
0.9785603155402200
0.9787668707844659
0.9789644775180588
0.9791533097207397
0.9793335436502075
0.9795053563688175
0.9796689244636009
0.9798244229326402
0.9799720242171394
0.9801118973587548
0.9802442072671467
0.9803691140835895
0.9804867726281007
0.9805973319203394
0.9807009347634811
0.9807977173861882
0.9808878091318534
0.9809713321912766
0.9810484013740757
0.9811191239106806
0.9811835992849330
0.9812419190910442
0.9812941669117736
0.9813404182162208
0.9813807402737351
0.9814151920827779
0.9814438243085764
0.9814666792493231
0.9814837907772600
0.9814951843234270
0.9815008768534222
0.9815008768534222
0.9814951843234263
0.9814837907772600
0.9814666792493231
0.9814438243085764
0.9814151920827779
0.9813807402737351
0.9813404182162208
0.9812941669117736
0.9812419190910441
0.9811835992849330
0.9811191239106806
0.9810484013740757
0.9809713321912766
0.9808878091318536
0.9807977173861882
0.9807009347634811
0.9805973319203378
0.9804867726281007
0.9803691140835895
0.9802442072671415
0.9801118973587548
0.9799720242171365
0.9798244229326402
0.9796689244636014
0.9795053563688175
0.9793335436502075
0.9791533097207340
0.9789644775180588
0.9787668707844659
0.9785603155402200
0.9783446417802160
0.9781196854304951
0.9778852906103591
0.9776413122510973
0.9773876191394000
0.9771240974662140
0.9768506549851850
0.9765672259119688
0.9762737767390733
0.9759703131972055
0.9756568886818722
0.9753336145975300
0.9750006732886002
0.9746583345975589
0.9743069777835990
0.9739471219655199
0.9735794716906312
0.9732049945702158
0.9728250908011554
0.9724619845146731
0.9728250908011560
0.9731834892759448
0.9735358333176261
0.9738811457860042
0.9742186964479917
0.9745479357344463
0.9748684528047655
0.9751799464969826
0.9754822040023203
0.9757750845716822
0.9760585066976181
0.9763324378082234
0.9765968858392000
0.9768518922498456
0.9770975261741999
0.9773338794815328
0.9775610625743625
0.9777792007953923
0.9779884313397875
0.9781889005923838
0.9783807618237370
0.9785641731919554
0.9787392960073733
0.9789062932211525
0.9790653281093487
0.9792165631259516
0.9793601589015498
0.9794962733707981
0.9796250610109041
0.9797466721779665
0.9798612525284545
0.9799689425157762
0.9800698769524758
0.9801641846298864
0.9802519879888878
0.9803334028336070
0.9804085380858959
0.9804774955723502
0.9805403698422007
0.9805972480069299
0.9806482096222373
0.9806933265524517
0.9807326628897659
0.9807662748709763
0.9807942108110475
0.9808165110490281
0.9808332079052412
0.9808443256480970
0.9808498804695348
0.9808498804695348
0.9808443256480970
0.9808332079052412
0.9808165110490281
0.9807942108110475
0.9807662748709763
0.9807326628897659
0.9806933265524517
0.9806482096222373
0.9805972480069299
0.9805403698422007
0.9804774955723502
0.9804085380858959
0.9803334028336070
0.9802519879888878
0.9801641846298864
0.9800698769524758
0.9799689425157762
0.9798612525284545
0.9797466721779665
0.9796250610109041
0.9794962733707981
0.9793601589015498
0.9792165631259515
0.9790653281093487
0.9789062932211525
0.9787392960073731
0.9785641731919554
0.9783807618237370
0.9781889005923838
0.9779884313397875
0.9777792007953923
0.9775610625743625
0.9773338794815328
0.9770975261741999
0.9768518922498456
0.9765968858392018
0.9763324378082234
0.9760585066976181
0.9757750845716822
0.9754822040023203
0.9751799464969826
0.9748684528047649
0.9745479357344463
0.9742186964479917
0.9738811457860042
0.9735358333176261
0.9731834892759448
0.9728250908011560
0.9724619845146731
