RW,Z
0.0479680905586426,12.0399797078748776
0.0479657376435477
0.0479634166824886
0.0479611360804691
0.0479589019049125
0.0479567186612532
0.0479545897137733
0.0479525175527661
0.0479505039798741
0.0479485502442067
0.0479466571462883
0.0479448251196983
0.0479430542965892
0.0479413445610873
0.0479396955934195
0.0479381069067032
0.0479365778779013
0.0479351077740168
0.0479336957743957
0.0479323409897943
0.0479310424787217
0.0479297992615200
0.0479286103324896
0.0479274746703789
0.0479263912474438
0.0479253590373078
0.0479243770217629
0.0479234441966706
0.0479225595770687
0.0479217222016120
0.0479209311364077
0.0479201854783300
0.0479194843579093
0.0479188269418017
0.0479182124349346
0.0479176400823504
0.0479171091707932
0.0479166190300596
0.0479161690341681
0.0479157586023468
0.0479153871998767
0.0479150543388022
0.0479147595785349
0.0479145025263555
0.0479142828378286
0.0479141002171517
0.0479139544174274
0.0479138452408909
0.0479137725390777
0.0479137362129428
0.0479137362129428
0.0479137725390777
0.0479138452408909
0.0479139544174274
0.0479141002171517
0.0479142828378286
0.0479145025263555
0.0479147595785349
0.0479150543388022
0.0479153871998767
0.0479157586023468
0.0479161690341681
0.0479166190300596
0.0479171091707932
0.0479176400823504
0.0479182124349346
0.0479188269418017
0.0479194843579093
0.0479201854783300
0.0479209311364077
0.0479217222016120
0.0479225595770686
0.0479234441966706
0.0479243770217629
0.0479253590373078
0.0479263912474438
0.0479274746703789
0.0479286103324896
0.0479297992615200
0.0479310424787217
0.0479323409897943
0.0479336957743957
0.0479351077740168
0.0479365778779013
0.0479381069067032
0.0479396955934195
0.0479413445610873
0.0479430542965892
0.0479448251196983
0.0479466571462883
0.0479485502442067
0.0479505039798741
0.0479525175527661
0.0479545897137733
0.0479567186612532
0.0479589019049125
0.0479611360804692
0.0479634166824886
0.0479657376435477
0.0479680905586426
0.0479657376435477
0.0479632800961163
0.0479608591871106
0.0479584836269233
0.0479561593970502
0.0479538908184668
0.0479516810434880
0.0479495323455210
0.0479474463130061
0.0479454239891303
0.0479434659772934
0.0479415725233392
0.0479397435811697
0.0479379788660210
0.0479362778983137
0.0479346400401203
0.0479330645257479
0.0479315504875611
0.0479300969779068
0.0479287029878008
0.0479273674629263
0.0479260893173562
0.0479248674453587
0.0479237007315649
0.0479225880597396
0.0479215283203554
0.0479205204171327
0.0479195632726884
0.0479186558334139
0.0479177970736954
0.0479169859995432
0.0479162216517216
0.0479155031084499
0.0479148294877185
0.0479141999492704
0.0479136136963095
0.0479130699769495
0.0479125680854524
0.0479121073632787
0.0479116871999761
0.0479113070339324
0.0479109663529992
0.0479106646950241
0.0479104016482831
0.0479101768518379
0.0479099899958308
0.0479098408217248
0.0479097291224787
0.0479096547426983
0.0479096175787293
0.0479096175787293
0.0479096547426983
0.0479097291224787
0.0479098408217248
0.0479099899958308
0.0479101768518379
0.0479104016482831
0.0479106646950241
0.0479109663529992
0.0479113070339324
0.0479116871999761
0.0479121073632787
0.0479125680854524
0.0479130699769495
0.0479136136963095
0.0479141999492704
0.0479148294877185
0.0479155031084499
0.0479162216517216
0.0479169859995432
0.0479177970736954
0.0479186558334139
0.0479195632726884
0.0479205204171327
0.0479215283203554
0.0479225880597396
0.0479237007315649
0.0479248674453587
0.0479260893173562
0.0479273674629263
0.0479287029878008
0.0479300969779068
0.0479315504875611
0.0479330645257479
0.0479346400401203
0.0479362778983137
0.0479379788660210
0.0479397435811697
0.0479415725233392
0.0479434659772934
0.0479454239891303
0.0479474463130061
0.0479495323455210
0.0479516810434880
0.0479538908184668
0.0479561593970502
0.0479584836269233
0.0479608591871106
0.0479632800961163
0.0479657376435477
0.0479634166824886
0.0479608591871106
0.0479583416765146
0.0479558736376458
0.0479534612863706
0.0479511089418525
0.0479488196520342
0.0479465955405503
0.0479444380267802
0.0479423479783560
0.0479403258232505
0.0479383716355611
0.0479364852030503
0.0479346660814340
0.0479329136387376
0.0479312270919362
0.0479296055375397
0.0479280479772877
0.0479265533398831
0.0479251204994466
0.0479237482912607
0.0479224355252234
0.0479211809973816
0.0479199834998381
0.0479188418292574
0.0479177547941984
0.0479167212214014
0.0479157399612166
0.0479148098922691
0.0479139299254604
0.0479130990074110
0.0479123161234160
0.0479115802999627
0.0479108906068927
0.0479102461592430
0.0479096461188042
0.0479090896954501
0.0479085761482529
0.0479081047864312
0.0479076749701381
0.0479072861111145
0.0479069376732519
0.0479066291730249
0.0479063601798787
0.0479061303165207
0.0479059392591706
0.0479057867377477
0.0479056725360195
0.0479055964917212
0.0479055584966351
0.0479055584966351
0.0479055964917212
0.0479056725360195
0.0479057867377477
0.0479059392591706
0.0479061303165207
0.0479063601798787
0.0479066291730249
0.0479069376732519
0.0479072861111145
0.0479076749701381
0.0479081047864312
0.0479085761482528
0.0479090896954501
0.0479096461188042
0.0479102461592430
0.0479108906068927
0.0479115802999627
0.0479123161234160
0.0479130990074110
0.0479139299254604
0.0479148098922691
0.0479157399612166
0.0479167212214014
0.0479177547941984
0.0479188418292574
0.0479199834998381
0.0479211809973816
0.0479224355252234
0.0479237482912607
0.0479251204994466
0.0479265533398831
0.0479280479772877
0.0479296055375397
0.0479312270919362
0.0479329136387376
0.0479346660814342
0.0479364852030503
0.0479383716355611
0.0479403258232505
0.0479423479783560
0.0479444380267802
0.0479465955405503
0.0479488196520342
0.0479511089418525
0.0479534612863706
0.0479558736376458
0.0479583416765146
0.0479608591871106
0.0479634166824886
0.0479611360804691
0.0479584836269233
0.0479558736376458
0.0479533164324833
0.0479508186430202
0.0479483847454232
0.0479460177994553
0.0479437198611528
0.0479414922393453
0.0479393356685540
0.0479372504327811
0.0479352364581915
0.0479332933847784
0.0479314206231729
0.0479296174005149
0.0479278827980050
0.0479262157819858
0.0479246152298992
0.0479230799521070
0.0479216087103109
0.0479202002332089
0.0479188532297967
0.0479175664007339
0.0479163384480551
0.0479151680834834
0.0479140540355501
0.0479129950556886
0.0479119899234666
0.0479110374510506
0.0479101364870339
0.0479092859197008
0.0479084846798106
0.0479077317429657
0.0479070261316207
0.0479063669167812
0.0479057532194384
0.0479051842117762
0.0479046591181735
0.0479041772160482
0.0479037378365496
0.0479033403651301
0.0479029842420236
0.0479026689626127
0.0479023940777457
0.0479021591939824
0.0479019639737875
0.0479018081356762
0.0479016914543422
0.0479016137607341
0.0479015749421180
0.0479015749421180
0.0479016137607341
0.0479016914543422
0.0479018081356762
0.0479019639737875
0.0479021591939824
0.0479023940777457
0.0479026689626127
0.0479029842420236
0.0479033403651301
0.0479037378365496
0.0479041772160482
0.0479046591181735
0.0479051842117762
0.0479057532194384
0.0479063669167812
0.0479070261316207
0.0479077317429657
0.0479084846798106
0.0479092859197008
0.0479101364870339
0.0479110374510506
0.0479119899234666
0.0479129950556886
0.0479140540355501
0.0479151680834834
0.0479163384480551
0.0479175664007339
0.0479188532297967
0.0479202002332089
0.0479216087103109
0.0479230799521070
0.0479246152298992
0.0479262157819858
0.0479278827980051
0.0479296174005149
0.0479314206231729
0.0479332933847784
0.0479352364581915
0.0479372504327811
0.0479393356685541
0.0479414922393453
0.0479437198611528
0.0479460177994553
0.0479483847454232
0.0479508186430203
0.0479533164324833
0.0479558736376458
0.0479584836269233
0.0479611360804691
0.0479589019049125
0.0479561593970502
0.0479534612863706
0.0479508186430202
0.0479482385681576
0.0479457257887971
0.0479432834669957
0.0479409136662725
0.0479386176441458
0.0479363960481231
0.0479342490541662
0.0479321764687009
0.0479301778063251
0.0479282523505227
0.0479263992020921
0.0479246173183697
0.0479229055453953
0.0479212626445455
0.0479196873147635
0.0479181782112228
0.0479167339610537
0.0479153531766734
0.0479140344670931
0.0479127764475296
0.0479115777476053
0.0479104370183188
0.0479093529379952
0.0479083242173618
0.0479073496038557
0.0479064278852965
0.0479055578929967
0.0479047385044086
0.0479039686453410
0.0479032472918378
0.0479025734717558
0.0479019462660769
0.0479013648099956
0.0479008282938322
0.0479003359637659
0.0478998871224463
0.0478994811294858
0.0478991174018491
0.0478987954141739
0.0478985146990151
0.0478982748470356
0.0478980755071640
0.0478979163866937
0.0478977972513777
0.0478977179254829
0.0478976782918318
0.0478976782918318
0.0478977179254829
0.0478977972513777
0.0478979163866937
0.0478980755071640
0.0478982748470356
0.0478985146990151
0.0478987954141739
0.0478991174018491
0.0478994811294858
0.0478998871224463
0.0479003359637659
0.0479008282938322
0.0479013648099956
0.0479019462660769
0.0479025734717558
0.0479032472918378
0.0479039686453410
0.0479047385044086
0.0479055578929967
0.0479064278852965
0.0479073496038557
0.0479083242173618
0.0479093529379952
0.0479104370183188
0.0479115777476053
0.0479127764475296
0.0479140344670931
0.0479153531766734
0.0479167339610537
0.0479181782112228
0.0479196873147635
0.0479212626445455
0.0479229055453953
0.0479246173183697
0.0479263992020921
0.0479282523505227
0.0479301778063251
0.0479321764687009
0.0479342490541662
0.0479363960481231
0.0479386176441458
0.0479409136662725
0.0479432834669957
0.0479457257887971
0.0479482385681576
0.0479508186430202
0.0479534612863706
0.0479561593970502
0.0479589019049125
0.0479567186612533
0.0479538908184668
0.0479511089418525
0.0479483847454232
0.0479457257887971
0.0479431370895136
0.0479406219690001
0.0479381825556315
0.0479358201066806
0.0479335352258089
0.0479313280166249
0.0479291981951173
0.0479271451745145
0.0479251681309458
0.0479232660552408
0.0479214377945147
0.0479196820859301
0.0479179975844469
0.0479163828857862
0.0479148365455774
0.0479133570954036
0.0479119430562948
0.0479105929501167
0.0479093053092016
0.0479080786845071
0.0479069116525261
0.0479058028211451
0.0479047508346082
0.0479037543777157
0.0479028121793778
0.0479019230155979
0.0479010857119968
0.0479002991459180
0.0478995622481843
0.0478988740045634
0.0478982334569733
0.0478976397044789
0.0478970919040964
0.0478965892714459
0.0478961310812844
0.0478957166679140
0.0478953454255075
0.0478950168083702
0.0478947303311186
0.0478944855688297
0.0478942821571501
0.0478941197923677
0.0478939982314583
0.0478939172921358
0.0478938768528601
0.0478938768528601
0.0478939172921358
0.0478939982314583
0.0478941197923677
0.0478942821571501
0.0478944855688297
0.0478947303311186
0.0478950168083702
0.0478953454255075
0.0478957166679140
0.0478961310812844
0.0478965892714459
0.0478970919040964
0.0478976397044789
0.0478982334569733
0.0478988740045634
0.0478995622481843
0.0479002991459180
0.0479010857119968
0.0479019230155979
0.0479028121793778
0.0479037543777157
0.0479047508346082
0.0479058028211451
0.0479069116525261
0.0479080786845071
0.0479093053092017
0.0479105929501167
0.0479119430562948
0.0479133570954036
0.0479148365455774
0.0479163828857862
0.0479179975844469
0.0479196820859301
0.0479214377945147
0.0479232660552408
0.0479251681309458
0.0479271451745145
0.0479291981951173
0.0479313280166249
0.0479335352258089
0.0479358201066806
0.0479381825556315
0.0479406219690001
0.0479431370895136
0.0479457257887971
0.0479483847454232
0.0479511089418525
0.0479538908184668
0.0479567186612532
0.0479545897137733
0.0479516810434880
0.0479488196520342
0.0479460177994553
0.0479432834669957
0.0479406219690001
0.0479380368156819
0.0479355302386513
0.0479331035342388
0.0479307572987313
0.0479284915956233
0.0479263060782867
0.0479242000823125
0.0479221726965871
0.0479202228190540
0.0479183492010858
0.0479165504833171
0.0479148252248399
0.0479131719272037
0.0479115890543032
0.0479100750489201
0.0479086283465671
0.0479072473870833
0.0479059306243992
0.0479046765347422
0.0479034836235731
0.0479023504314029
0.0479012755387143
0.0479002575700889
0.0478992951976750
0.0478983871440866
0.0478975321848286
0.0478967291503067
0.0478959769274994
0.0478952744613090
0.0478946207556964
0.0478940148745721
0.0478934559425304
0.0478929431454197
0.0478924757307981
0.0478920530082763
0.0478916743497855
0.0478913391897647
0.0478910470253110
0.0478907974162731
0.0478905899853099
0.0478904244179433
0.0478903004625751
0.0478902179305002
0.0478901766959133
0.0478901766959133
0.0478902179305002
0.0478903004625751
0.0478904244179433
0.0478905899853100
0.0478907974162731
0.0478910470253110
0.0478913391897647
0.0478916743497855
0.0478920530082763
0.0478924757307981
0.0478929431454197
0.0478934559425304
0.0478940148745721
0.0478946207556964
0.0478952744613090
0.0478959769274994
0.0478967291503067
0.0478975321848285
0.0478983871440866
0.0478992951976750
0.0479002575700889
0.0479012755387143
0.0479023504314029
0.0479034836235731
0.0479046765347422
0.0479059306243992
0.0479072473870833
0.0479086283465671
0.0479100750489201
0.0479115890543032
0.0479131719272037
0.0479148252248399
0.0479165504833171
0.0479183492010858
0.0479202228190540
0.0479221726965871
0.0479242000823125
0.0479263060782867
0.0479284915956233
0.0479307572987313
0.0479331035342388
0.0479355302386513
0.0479380368156819
0.0479406219690001
0.0479432834669957
0.0479460177994553
0.0479488196520342
0.0479516810434880
0.0479545897137733
0.0479525175527661
0.0479495323455210
0.0479465955405503
0.0479437198611528
0.0479409136662725
0.0479381825556315
0.0479355302386513
0.0479329590726577
0.0479304704206549
0.0479280649000471
0.0479257425613462
0.0479235030200224
0.0479213455560104
0.0479192691902561
0.0479172727445964
0.0479153548892541
0.0479135141809752
0.0479117490939393
0.0479100580450629
0.0479084394147995
0.0479068915643788
0.0479054128501342
0.0479040016354493
0.0479026563007473
0.0479013752518604
0.0479001569270328
0.0478989998028022
0.0478979023989011
0.0478968632823792
0.0478958810710160
0.0478949544361795
0.0478940821051718
0.0478932628631831
0.0478924955548664
0.0478917790856479
0.0478911124227558
0.0478904945960534
0.0478899246986971
0.0478894018876433
0.0478889253840322
0.0478884944734802
0.0478881085062795
0.0478877668975505
0.0478874691273282
0.0478872147406248
0.0478870033474549
0.0478868346228423
0.0478867083068302
0.0478866242044593
0.0478865821857646
0.0478865821857646
0.0478866242044593
0.0478867083068302
0.0478868346228423
0.0478870033474549
0.0478872147406248
0.0478874691273282
0.0478877668975505
0.0478881085062795
0.0478884944734802
0.0478889253840322
0.0478894018876433
0.0478899246986971
0.0478904945960534
0.0478911124227558
0.0478917790856479
0.0478924955548664
0.0478932628631831
0.0478940821051718
0.0478949544361795
0.0478958810710160
0.0478968632823792
0.0478979023989011
0.0478989998028022
0.0479001569270328
0.0479013752518604
0.0479026563007473
0.0479040016354493
0.0479054128501342
0.0479068915643788
0.0479084394147995
0.0479100580450629
0.0479117490939393
0.0479135141809752
0.0479153548892541
0.0479172727445964
0.0479192691902561
0.0479213455560104
0.0479235030200224
0.0479257425613462
0.0479280649000471
0.0479304704206549
0.0479329590726577
0.0479355302386513
0.0479381825556315
0.0479409136662725
0.0479437198611528
0.0479465955405503
0.0479495323455210
0.0479525175527661
0.0479505039798742
0.0479474463130060
0.0479444380267802
0.0479414922393453
0.0479386176441458
0.0479358201066806
0.0479331035342388
0.0479304704206549
0.0479279222133028
0.0479254595715492
0.0479230825544766
0.0479207907605038
0.0479185834333126
0.0479164595435501
0.0479144178527672
0.0479124569640822
0.0479105753627730
0.0479087714490796
0.0479070435649250
0.0479053900158362
0.0479038090889872
0.0479022990681547
0.0479008582461191
0.0478994849349876
0.0478981774747919
0.0478969342406600
0.0478957536487871
0.0478946341614141
0.0478935742909521
0.0478925726034141
0.0478916277212391
0.0478907383256134
0.0478899031583699
0.0478891210235255
0.0478883907885189
0.0478877113851984
0.0478870818105850
0.0478865011274821
0.0478859684649116
0.0478854830184592
0.0478850440505007
0.0478846508903669
0.0478843029344388
0.0478839996462055
0.0478837405562753
0.0478835252623826
0.0478833534293631
0.0478832247891285
0.0478831391406442
0.0478830963499025
0.0478830963499026
0.0478831391406442
0.0478832247891285
0.0478833534293631
0.0478835252623826
0.0478837405562753
0.0478839996462055
0.0478843029344388
0.0478846508903669
0.0478850440505007
0.0478854830184592
0.0478859684649116
0.0478865011274821
0.0478870818105850
0.0478877113851984
0.0478883907885189
0.0478891210235255
0.0478899031583699
0.0478907383256134
0.0478916277212391
0.0478925726034141
0.0478935742909521
0.0478946341614141
0.0478957536487871
0.0478969342406600
0.0478981774747919
0.0478994849349876
0.0479008582461191
0.0479022990681547
0.0479038090889872
0.0479053900158362
0.0479070435649250
0.0479087714490796
0.0479105753627730
0.0479124569640822
0.0479144178527672
0.0479164595435501
0.0479185834333126
0.0479207907605038
0.0479230825544766
0.0479254595715492
0.0479279222133028
0.0479304704206549
0.0479331035342388
0.0479358201066806
0.0479386176441458
0.0479414922393453
0.0479444380267802
0.0479474463130060
0.0479505039798742
0.0479485502442067
0.0479454239891303
0.0479423479783561
0.0479393356685540
0.0479363960481231
0.0479335352258089
0.0479307572987313
0.0479280649000471
0.0479254595715492
0.0479229420288439
0.0479205123558788
0.0479181701508690
0.0479159146377053
0.0479137447522771
0.0479116592102085
0.0479096565606104
0.0479077352291077
0.0479058935525994
0.0479041298075077
0.0479024422328817
0.0479008290493891
0.0478992884749742
0.0478978187378023
0.0478964180870104
0.0478950848016032
0.0478938171978531
0.0478926136354328
0.0478914725225009
0.0478903923198994
0.0478893715446190
0.0478884087726352
0.0478875026412346
0.0478866518508854
0.0478858551667549
0.0478851114199057
0.0478844195082482
0.0478837783972578
0.0478831871205394
0.0478826447802224
0.0478821505472556
0.0478817036615969
0.0478813034323385
0.0478809492377540
0.0478806405253301
0.0478803768117500
0.0478801576828607
0.0478799827936288
0.0478798518680982
0.0478797646993489
0.0478797211494523
0.0478797211494523
0.0478797646993490
0.0478798518680982
0.0478799827936288
0.0478801576828607
0.0478803768117500
0.0478806405253301
0.0478809492377540
0.0478813034323385
0.0478817036615969
0.0478821505472556
0.0478826447802224
0.0478831871205394
0.0478837783972578
0.0478844195082482
0.0478851114199057
0.0478858551667549
0.0478866518508854
0.0478875026412346
0.0478884087726352
0.0478893715446190
0.0478903923198993
0.0478914725225009
0.0478926136354328
0.0478938171978531
0.0478950848016032
0.0478964180870104
0.0478978187378023
0.0478992884749742
0.0479008290493891
0.0479024422328817
0.0479041298075077
0.0479058935525994
0.0479077352291077
0.0479096565606104
0.0479116592102085
0.0479137447522771
0.0479159146377053
0.0479181701508690
0.0479205123558788
0.0479229420288439
0.0479254595715492
0.0479280649000471
0.0479307572987313
0.0479335352258089
0.0479363960481231
0.0479393356685540
0.0479423479783561
0.0479454239891303
0.0479485502442067
0.0479466571462882
0.0479434659772934
0.0479403258232505
0.0479372504327811
0.0479342490541662
0.0479313280166249
0.0479284915956233
0.0479257425613462
0.0479230825544766
0.0479205123558788
0.0479180320861161
0.0479156413562968
0.0479133393840180
0.0479111250836832
0.0479089971376692
0.0479069540529194
0.0479049942063437
0.0479031158814963
0.0479013172983745
0.0478995966377673
0.0478979520612373
0.0478963817275562
0.0478948838062795
0.0478934564889535
0.0478920979984034
0.0478908065963963
0.0478895805900005
0.0478884183368145
0.0478873182492762
0.0478862787982095
0.0478852985157007
0.0478843759974468
0.0478835099046407
0.0478826989654763
0.0478819419763371
0.0478812378027121
0.0478805853798980
0.0478799837135279
0.0478794318799342
0.0478789290264100
0.0478784743713622
0.0478780672044051
0.0478777068863830
0.0478773928493658
0.0478771245966051
0.0478769017024798
0.0478767238124396
0.0478765906429316
0.0478765019813484
0.0478764576859796
0.0478764576859796
0.0478765019813484
0.0478765906429316
0.0478767238124396
0.0478769017024798
0.0478771245966051
0.0478773928493658
0.0478777068863830
0.0478780672044051
0.0478784743713622
0.0478789290264100
0.0478794318799342
0.0478799837135279
0.0478805853798980
0.0478812378027121
0.0478819419763371
0.0478826989654763
0.0478835099046407
0.0478843759974468
0.0478852985157007
0.0478862787982095
0.0478873182492762
0.0478884183368145
0.0478895805900005
0.0478908065963963
0.0478920979984034
0.0478934564889535
0.0478948838062795
0.0478963817275562
0.0478979520612373
0.0478995966377673
0.0479013172983745
0.0479031158814963
0.0479049942063437
0.0479069540529194
0.0479089971376692
0.0479111250836832
0.0479133393840180
0.0479156413562968
0.0479180320861161
0.0479205123558788
0.0479230825544766
0.0479257425613462
0.0479284915956233
0.0479313280166249
0.0479342490541662
0.0479372504327811
0.0479403258232505
0.0479434659772934
0.0479466571462882
0.0479448251196983
0.0479415725233392
0.0479383716355611
0.0479352364581915
0.0479321764687009
0.0479291981951173
0.0479263060782866
0.0479235030200224
0.0479207907605038
0.0479181701508690
0.0479156413562967
0.0479132040106017
0.0479108573358290
0.0479086002359441
0.0479064313709623
0.0479043492161430
0.0479023521095708
0.0479004382906660
0.0478986059315085
0.0478968531624313
0.0478951780930156
0.0478935788293409
0.0478920534882314
0.0478906002089795
0.0478892171630492
0.0478879025620752
0.0478866546644631
0.0478854717808209
0.0478843522784136
0.0478832945848126
0.0478822971908492
0.0478813586530173
0.0478804775953871
0.0478796527111203
0.0478788827636708
0.0478781665876924
0.0478775030897250
0.0478768912487078
0.0478763301163184
0.0478758188172159
0.0478753565491646
0.0478749425831077
0.0478745762631596
0.0478742570065861
0.0478739843037325
0.0478737577179565
0.0478735768855474
0.0478734415156421
0.0478733513901617
0.0478733063637559
0.0478733063637559
0.0478733513901617
0.0478734415156421
0.0478735768855474
0.0478737577179565
0.0478739843037325
0.0478742570065861
0.0478745762631596
0.0478749425831077
0.0478753565491646
0.0478758188172159
0.0478763301163184
0.0478768912487078
0.0478775030897250
0.0478781665876924
0.0478788827636707
0.0478796527111203
0.0478804775953871
0.0478813586530173
0.0478822971908492
0.0478832945848126
0.0478843522784136
0.0478854717808209
0.0478866546644631
0.0478879025620752
0.0478892171630492
0.0478906002089795
0.0478920534882314
0.0478935788293409
0.0478951780930156
0.0478968531624313
0.0478986059315085
0.0479004382906660
0.0479023521095708
0.0479043492161430
0.0479064313709623
0.0479086002359441
0.0479108573358290
0.0479132040106017
0.0479156413562968
0.0479181701508690
0.0479207907605038
0.0479235030200224
0.0479263060782867
0.0479291981951173
0.0479321764687009
0.0479352364581915
0.0479383716355611
0.0479415725233392
0.0479448251196983
0.0479430542965892
0.0479397435811697
0.0479364852030503
0.0479332933847784
0.0479301778063251
0.0479271451745145
0.0479242000823125
0.0479213455560104
0.0479185834333126
0.0479159146377053
0.0479133393840180
0.0479108573358290
0.0479084677279482
0.0479061694628542
0.0479039611873805
0.0479018413541709
0.0478998082712540
0.0478978601422564
0.0478959950991650
0.0478942112291400
0.0478925065965090
0.0478908792608639
0.0478893272919646
0.0478878487820415
0.0478864418559301
0.0478851046794387
0.0478838354662370
0.0478826324835059
0.0478814940565730
0.0478804185726960
0.0478794044841211
0.0478784503105543
0.0478775546411341
0.0478767161359785
0.0478759335274062
0.0478752056208527
0.0478745312955664
0.0478739095051056
0.0478733392776771
0.0478728197163568
0.0478723499992117
0.0478719293793387
0.0478715571848585
0.0478712328188617
0.0478709557593365
0.0478707255590757
0.0478705418455846
0.0478704043209900
0.0478703127619634
0.0478702670196571
0.0478702670196571
0.0478703127619634
0.0478704043209900
0.0478705418455846
0.0478707255590757
0.0478709557593365
0.0478712328188617
0.0478715571848585
0.0478719293793387
0.0478723499992117
0.0478728197163568
0.0478733392776772
0.0478739095051056
0.0478745312955664
0.0478752056208527
0.0478759335274062
0.0478767161359785
0.0478775546411341
0.0478784503105543
0.0478794044841211
0.0478804185726960
0.0478814940565730
0.0478826324835059
0.0478838354662370
0.0478851046794387
0.0478864418559301
0.0478878487820415
0.0478893272919646
0.0478908792608639
0.0478925065965090
0.0478942112291400
0.0478959950991650
0.0478978601422564
0.0478998082712540
0.0479018413541709
0.0479039611873805
0.0479061694628542
0.0479084677279482
0.0479108573358290
0.0479133393840180
0.0479159146377053
0.0479185834333126
0.0479213455560104
0.0479242000823125
0.0479271451745145
0.0479301778063251
0.0479332933847784
0.0479364852030503
0.0479397435811697
0.0479430542965892
0.0479413445610873
0.0479379788660210
0.0479346660814342
0.0479314206231729
0.0479282523505227
0.0479251681309458
0.0479221726965871
0.0479192691902561
0.0479164595435501
0.0479137447522771
0.0479111250836831
0.0479086002359441
0.0479061694628542
0.0479038316725170
0.0479015855061464
0.0478994294015003
0.0478973616441935
0.0478953804094720
0.0478934837963206
0.0478916698554183
0.0478899366121106
0.0478882820853248
0.0478867043031678
0.0478852013157775
0.0478837712059430
0.0478824120978464
0.0478811221642588
0.0478798996324501
0.0478787427890165
0.0478776499838316
0.0478766196332148
0.0478756502225173
0.0478747403081424
0.0478738885191736
0.0478730935586047
0.0478723542043049
0.0478716693097124
0.0478710378043482
0.0478704586941473
0.0478699310616883
0.0478694540662961
0.0478690269440766
0.0478686490079024
0.0478683196473470
0.0478680383285938
0.0478678045943476
0.0478676180637150
0.0478674784321213
0.0478673854712163
0.0478673390288060
0.0478673390288060
0.0478673854712163
0.0478674784321213
0.0478676180637150
0.0478678045943476
0.0478680383285938
0.0478683196473470
0.0478686490079024
0.0478690269440766
0.0478694540662961
0.0478699310616883
0.0478704586941473
0.0478710378043482
0.0478716693097124
0.0478723542043049
0.0478730935586047
0.0478738885191736
0.0478747403081424
0.0478756502225173
0.0478766196332148
0.0478776499838316
0.0478787427890165
0.0478798996324501
0.0478811221642588
0.0478824120978464
0.0478837712059430
0.0478852013157775
0.0478867043031678
0.0478882820853248
0.0478899366121106
0.0478916698554183
0.0478934837963206
0.0478953804094720
0.0478973616441935
0.0478994294015003
0.0479015855061464
0.0479038316725170
0.0479061694628542
0.0479086002359441
0.0479111250836831
0.0479137447522771
0.0479164595435501
0.0479192691902561
0.0479221726965871
0.0479251681309458
0.0479282523505227
0.0479314206231729
0.0479346660814342
0.0479379788660210
0.0479413445610873
0.0479396955934195
0.0479362778983137
0.0479329136387376
0.0479296174005149
0.0479263992020921
0.0479232660552408
0.0479202228190540
0.0479172727445964
0.0479144178527672
0.0479116592102085
0.0479089971376691
0.0479064313709623
0.0479039611873805
0.0479015855061464
0.0478993029689962
0.0478971120052487
0.0478950108846776
0.0478929977606576
0.0478910707054903
0.0478892277394478
0.0478874668546508
0.0478857860347890
0.0478841832713757
0.0478826565771829
0.0478812039973264
0.0478798236183955
0.0478785135759961
0.0478772720608992
0.0478760973241221
0.0478749876810204
0.0478739415146320
0.0478729572783504
0.0478720334980490
0.0478711687737682
0.0478703617810023
0.0478696112717008
0.0478689160749949
0.0478682750977108
0.0478676873247413
0.0478671518192507
0.0478666677227977
0.0478662342553673
0.0478658507153423
0.0478655164794376
0.0478652310026112
0.0478649938179518
0.0478648045365707
0.0478646628475013
0.0478645685176038
0.0478645213914954
0.0478645213914954
0.0478645685176038
0.0478646628475013
0.0478648045365707
0.0478649938179518
0.0478652310026112
0.0478655164794376
0.0478658507153423
0.0478662342553673
0.0478666677227977
0.0478671518192507
0.0478676873247413
0.0478682750977108
0.0478689160749949
0.0478696112717008
0.0478703617810023
0.0478711687737682
0.0478720334980490
0.0478729572783504
0.0478739415146320
0.0478749876810204
0.0478760973241221
0.0478772720608992
0.0478785135759961
0.0478798236183955
0.0478812039973264
0.0478826565771829
0.0478841832713757
0.0478857860347890
0.0478874668546508
0.0478892277394478
0.0478910707054903
0.0478929977606576
0.0478950108846776
0.0478971120052487
0.0478993029689962
0.0479015855061464
0.0479039611873805
0.0479064313709623
0.0479089971376691
0.0479116592102085
0.0479144178527672
0.0479172727445965
0.0479202228190540
0.0479232660552408
0.0479263992020921
0.0479296174005149
0.0479329136387376
0.0479362778983137
0.0479396955934195
0.0479381069067032
0.0479346400401203
0.0479312270919362
0.0479278827980050
0.0479246173183697
0.0479214377945147
0.0479183492010859
0.0479153548892541
0.0479124569640822
0.0479096565606104
0.0479069540529194
0.0479043492161430
0.0479018413541710
0.0478994294015003
0.0478971120052487
0.0478948875916274
0.0478927544201267
0.0478907106278807
0.0478887542660979
0.0478868833300702
0.0478850957839277
0.0478833895811001
0.0478817626812240
0.0478802130641204
0.0478787387413617
0.0478773377658019
0.0478760082394367
0.0478747483198540
0.0478735562255240
0.0478724302400998
0.0478713687159102
0.0478703700767560
0.0478694328201473
0.0478685555190575
0.0478677368232935
0.0478669754605287
0.0478662702370695
0.0478656200384143
0.0478650238296215
0.0478644806555437
0.0478639896409552
0.0478635499905853
0.0478631609890978
0.0478628220010196
0.0478625324706575
0.0478622919219694
0.0478620999584761
0.0478619562631328
0.0478618605982478
0.0478618128054031
0.0478618128054031
0.0478618605982478
0.0478619562631328
0.0478620999584761
0.0478622919219694
0.0478625324706575
0.0478628220010196
0.0478631609890978
0.0478635499905852
0.0478639896409552
0.0478644806555436
0.0478650238296215
0.0478656200384143
0.0478662702370695
0.0478669754605287
0.0478677368232935
0.0478685555190575
0.0478694328201473
0.0478703700767560
0.0478713687159102
0.0478724302400998
0.0478735562255240
0.0478747483198540
0.0478760082394367
0.0478773377658019
0.0478787387413617
0.0478802130641204
0.0478817626812240
0.0478833895811001
0.0478850957839276
0.0478868833300702
0.0478887542660979
0.0478907106278807
0.0478927544201267
0.0478948875916274
0.0478971120052487
0.0478994294015003
0.0479018413541710
0.0479043492161430
0.0479069540529194
0.0479096565606104
0.0479124569640822
0.0479153548892541
0.0479183492010859
0.0479214377945147
0.0479246173183697
0.0479278827980050
0.0479312270919362
0.0479346400401203
0.0479381069067032
0.0479365778779014
0.0479330645257480
0.0479296055375397
0.0479262157819858
0.0479229055453953
0.0479196820859301
0.0479165504833171
0.0479135141809752
0.0479105753627729
0.0479077352291077
0.0479049942063437
0.0479023521095708
0.0478998082712540
0.0478973616441935
0.0478950108846776
0.0478927544201267
0.0478905905043987
0.0478885172632059
0.0478865327315243
0.0478846348844926
0.0478828216629469
0.0478810909945897
0.0478794408115016
0.0478778690646656
0.0478763737359784
0.0478749528481787
0.0478736044730471
0.0478723267381349
0.0478711178322972
0.0478699760101934
0.0478688995959365
0.0478678869860443
0.0478669366517770
0.0478660471409904
0.0478652170795727
0.0478644451725466
0.0478637302048775
0.0478630710420697
0.0478624666305603
0.0478619159979887
0.0478614182533151
0.0478609725868864
0.0478605782704151
0.0478602346569133
0.0478599411806077
0.0478596973568283
0.0478595027818910
0.0478593571329990
0.0478592601681457
0.0478592117260353
0.0478592117260353
0.0478592601681457
0.0478593571329990
0.0478595027818910
0.0478596973568283
0.0478599411806077
0.0478602346569133
0.0478605782704151
0.0478609725868864
0.0478614182533152
0.0478619159979887
0.0478624666305603
0.0478630710420697
0.0478637302048775
0.0478644451725466
0.0478652170795727
0.0478660471409904
0.0478669366517770
0.0478678869860443
0.0478688995959365
0.0478699760101934
0.0478711178322972
0.0478723267381349
0.0478736044730471
0.0478749528481787
0.0478763737359784
0.0478778690646656
0.0478794408115016
0.0478810909945897
0.0478828216629469
0.0478846348844926
0.0478865327315243
0.0478885172632059
0.0478905905043987
0.0478927544201267
0.0478950108846776
0.0478973616441935
0.0478998082712540
0.0479023521095708
0.0479049942063437
0.0479077352291077
0.0479105753627729
0.0479135141809752
0.0479165504833171
0.0479196820859301
0.0479229055453953
0.0479262157819858
0.0479296055375397
0.0479330645257480
0.0479365778779014
0.0479351077740170
0.0479315504875611
0.0479280479772877
0.0479246152298992
0.0479212626445455
0.0479179975844469
0.0479148252248399
0.0479117490939393
0.0479087714490796
0.0479058935525994
0.0479031158814963
0.0479004382906660
0.0478978601422563
0.0478953804094720
0.0478929977606576
0.0478907106278807
0.0478885172632059
0.0478864157849983
0.0478844042162097
0.0478824805160474
0.0478806426062392
0.0478788883928426
0.0478772157843292
0.0478756227066137
0.0478741071155055
0.0478726670070243
0.0478713004259180
0.0478700054726958
0.0478687803093805
0.0478676231642287
0.0478665323355523
0.0478655061948053
0.0478645431890533
0.0478636418429239
0.0478628007601272
0.0478620186246212
0.0478612942014824
0.0478606263375392
0.0478600139618137
0.0478594560857964
0.0478589518036143
0.0478585002920935
0.0478581008107555
0.0478577527017668
0.0478574553898504
0.0478572083821860
0.0478570112682984
0.0478568637199539
0.0478567654910621
0.0478567164176150
0.0478567164176150
0.0478567654910621
0.0478568637199539
0.0478570112682984
0.0478572083821860
0.0478574553898504
0.0478577527017668
0.0478581008107555
0.0478585002920935
0.0478589518036143
0.0478594560857964
0.0478600139618137
0.0478606263375392
0.0478612942014824
0.0478620186246212
0.0478628007601272
0.0478636418429239
0.0478645431890533
0.0478655061948053
0.0478665323355523
0.0478676231642287
0.0478687803093805
0.0478700054726958
0.0478713004259180
0.0478726670070243
0.0478741071155055
0.0478756227066137
0.0478772157843292
0.0478788883928426
0.0478806426062392
0.0478824805160474
0.0478844042162097
0.0478864157849983
0.0478885172632059
0.0478907106278807
0.0478929977606576
0.0478953804094720
0.0478978601422563
0.0479004382906660
0.0479031158814963
0.0479058935525994
0.0479087714490796
0.0479117490939393
0.0479148252248399
0.0479179975844469
0.0479212626445455
0.0479246152298992
0.0479280479772877
0.0479315504875611
0.0479351077740170
0.0479336957743957
0.0479300969779068
0.0479265533398831
0.0479230799521070
0.0479196873147635
0.0479163828857862
0.0479131719272037
0.0479100580450629
0.0479070435649250
0.0479041298075077
0.0479013172983745
0.0478986059315085
0.0478959950991650
0.0478934837963206
0.0478910707054903
0.0478887542660979
0.0478865327315243
0.0478844042162097
0.0478823667346644
0.0478804182338439
0.0478785566200644
0.0478767797813810
0.0478750856062223
0.0478734719988786
0.0478719368923731
0.0478704782591511
0.0478690941199113
0.0478677825509229
0.0478665416900151
0.0478653697415078
0.0478642649802054
0.0478632257546378
0.0478622504896534
0.0478613376884779
0.0478604859343265
0.0478596938916413
0.0478589603070216
0.0478582840099175
0.0478576639131007
0.0478570990129836
0.0478565883898078
0.0478561312077272
0.0478557267148300
0.0478553742430932
0.0478550732083089
0.0478548231099892
0.0478546235312620
0.0478544741387718
0.0478543746825874
0.0478543249961338
0.0478543249961338
0.0478543746825874
0.0478544741387718
0.0478546235312620
0.0478548231099892
0.0478550732083089
0.0478553742430932
0.0478557267148300
0.0478561312077272
0.0478565883898078
0.0478570990129836
0.0478576639131007
0.0478582840099175
0.0478589603070216
0.0478596938916413
0.0478604859343265
0.0478613376884779
0.0478622504896534
0.0478632257546378
0.0478642649802054
0.0478653697415078
0.0478665416900151
0.0478677825509229
0.0478690941199113
0.0478704782591511
0.0478719368923731
0.0478734719988786
0.0478750856062223
0.0478767797813810
0.0478785566200645
0.0478804182338439
0.0478823667346644
0.0478844042162097
0.0478865327315243
0.0478887542660979
0.0478910707054903
0.0478934837963206
0.0478959950991650
0.0478986059315085
0.0479013172983745
0.0479041298075077
0.0479070435649250
0.0479100580450629
0.0479131719272037
0.0479163828857862
0.0479196873147635
0.0479230799521070
0.0479265533398831
0.0479300969779068
0.0479336957743957
0.0479323409897943
0.0479287029878008
0.0479251204994466
0.0479216087103109
0.0479181782112228
0.0479148365455774
0.0479115890543032
0.0479084394147995
0.0479053900158362
0.0479024422328817
0.0478995966377673
0.0478968531624313
0.0478942112291399
0.0478916698554183
0.0478892277394478
0.0478868833300702
0.0478846348844926
0.0478824805160474
0.0478804182338439
0.0478784459757624
0.0478765616359288
0.0478747630876434
0.0478730482024789
0.0478714148662189
0.0478698609921233
0.0478683845319537
0.0478669834851266
0.0478656559062881
0.0478643999115546
0.0478632136836316
0.0478620954759968
0.0478610436162883
0.0478600565090309
0.0478591326378054
0.0478582705669518
0.0478574689428884
0.0478567264951189
0.0478560420369617
0.0478554144660838
0.0478548427648534
0.0478543260005580
0.0478538633255160
0.0478534539771212
0.0478530972778095
0.0478527926349987
0.0478525395410107
0.0478523375729683
0.0478521863927056
0.0478520857466821
0.0478520354659101
0.0478520354659102
0.0478520857466821
0.0478521863927056
0.0478523375729683
0.0478525395410107
0.0478527926349987
0.0478530972778095
0.0478534539771212
0.0478538633255160
0.0478543260005580
0.0478548427648534
0.0478554144660839
0.0478560420369617
0.0478567264951189
0.0478574689428884
0.0478582705669518
0.0478591326378054
0.0478600565090309
0.0478610436162883
0.0478620954759968
0.0478632136836316
0.0478643999115546
0.0478656559062881
0.0478669834851266
0.0478683845319537
0.0478698609921233
0.0478714148662189
0.0478730482024789
0.0478747630876434
0.0478765616359288
0.0478784459757624
0.0478804182338439
0.0478824805160474
0.0478846348844926
0.0478868833300702
0.0478892277394478
0.0478916698554183
0.0478942112291399
0.0478968531624313
0.0478995966377673
0.0479024422328817
0.0479053900158362
0.0479084394147995
0.0479115890543032
0.0479148365455774
0.0479181782112228
0.0479216087103109
0.0479251204994466
0.0479287029878008
0.0479323409897943
0.0479310424787217
0.0479273674629262
0.0479237482912607
0.0479202002332089
0.0479167339610537
0.0479133570954036
0.0479100750489201
0.0479068915643787
0.0479038090889872
0.0479008290493891
0.0478979520612373
0.0478951780930156
0.0478925065965090
0.0478899366121106
0.0478874668546508
0.0478850957839276
0.0478828216629469
0.0478806426062390
0.0478785566200645
0.0478765616359288
0.0478746555385868
0.0478728361894198
0.0478711014459990
0.0478694491784058
0.0478678772828690
0.0478663836931206
0.0478649663898374
0.0478636234084782
0.0478623528457487
0.0478611528649232
0.0478600217002092
0.0478589576602808
0.0478579591311360
0.0478570245783839
0.0478561525490461
0.0478553416729551
0.0478545906638321
0.0478538983200831
0.0478532635253758
0.0478526852490362
0.0478521625463069
0.0478516945584859
0.0478512805129871
0.0478509197233405
0.0478506115891415
0.0478503555959811
0.0478501513153634
0.0478499984046192
0.0478498966068239
0.0478498457507301
0.0478498457507301
0.0478498966068239
0.0478499984046192
0.0478501513153634
0.0478503555959811
0.0478506115891415
0.0478509197233405
0.0478512805129871
0.0478516945584859
0.0478521625463069
0.0478526852490362
0.0478532635253758
0.0478538983200831
0.0478545906638321
0.0478553416729551
0.0478561525490461
0.0478570245783839
0.0478579591311360
0.0478589576602808
0.0478600217002092
0.0478611528649232
0.0478623528457487
0.0478636234084782
0.0478649663898377
0.0478663836931206
0.0478678772828690
0.0478694491784058
0.0478711014459990
0.0478728361894198
0.0478746555385868
0.0478765616359288
0.0478785566200645
0.0478806426062390
0.0478828216629469
0.0478850957839277
0.0478874668546508
0.0478899366121106
0.0478925065965090
0.0478951780930156
0.0478979520612373
0.0479008290493891
0.0479038090889872
0.0479068915643788
0.0479100750489201
0.0479133570954036
0.0479167339610537
0.0479202002332089
0.0479237482912607
0.0479273674629262
0.0479310424787217
0.0479297992615200
0.0479260893173562
0.0479224355252234
0.0479188532297967
0.0479153531766734
0.0479119430562948
0.0479086283465671
0.0479054128501342
0.0479022990681548
0.0478992884749742
0.0478963817275562
0.0478935788293409
0.0478908792608639
0.0478882820853248
0.0478857860347890
0.0478833895811001
0.0478810909945898
0.0478788883928426
0.0478767797813810
0.0478747630876434
0.0478728361894198
0.0478709969386764
0.0478692431814859
0.0478675727747412
0.0478659836001063
0.0478644735756950
0.0478630406657739
0.0478616828888529
0.0478603983243684
0.0478591851182045
0.0478580414872171
0.0478569657229281
0.0478559561945119
0.0478550113511974
0.0478541297241628
0.0478533099280270
0.0478525506619987
0.0478518507107333
0.0478512089449644
0.0478506243219488
0.0478500958857570
0.0478496227674532
0.0478492041851727
0.0478488394441547
0.0478485279367028
0.0478482691421367
0.0478480626267109
0.0478479080435528
0.0478478051325715
0.0478477537204148
0.0478477537204148
0.0478478051325715
0.0478479080435529
0.0478480626267109
0.0478482691421367
0.0478485279367028
0.0478488394441547
0.0478492041851727
0.0478496227674532
0.0478500958857570
0.0478506243219488
0.0478512089449644
0.0478518507107331
0.0478525506619987
0.0478533099280270
0.0478541297241628
0.0478550113511974
0.0478559561945119
0.0478569657229281
0.0478580414872171
0.0478591851182045
0.0478603983243684
0.0478616828888529
0.0478630406657739
0.0478644735756950
0.0478659836001063
0.0478675727747412
0.0478692431814859
0.0478709969386764
0.0478728361894198
0.0478747630876434
0.0478767797813810
0.0478788883928426
0.0478810909945898
0.0478833895811001
0.0478857860347890
0.0478882820853248
0.0478908792608639
0.0478935788293409
0.0478963817275562
0.0478992884749742
0.0479022990681548
0.0479054128501341
0.0479086283465671
0.0479119430562948
0.0479153531766734
0.0479188532297967
0.0479224355252234
0.0479260893173562
0.0479297992615200
0.0479286103324896
0.0479248674453587
0.0479211809973816
0.0479175664007339
0.0479140344670931
0.0479105929501167
0.0479072473870833
0.0479040016354493
0.0479008582461192
0.0478978187378022
0.0478948838062795
0.0478920534882314
0.0478893272919646
0.0478867043031678
0.0478841832713756
0.0478817626812240
0.0478794408115016
0.0478772157843293
0.0478750856062223
0.0478730482024788
0.0478711014459990
0.0478692431814859
0.0478674712457362
0.0478657834846717
0.0478641777676092
0.0478626519992167
0.0478612041294757
0.0478598321620038
0.0478585341609404
0.0478573082566632
0.0478561526504722
0.0478550656184342
0.0478540455145004
0.0478530907730149
0.0478521999107166
0.0478513715283163
0.0478506043117118
0.0478498970329257
0.0478492485507749
0.0478486578113787
0.0478481238484814
0.0478476457836667
0.0478472228264743
0.0478468542744414
0.0478465395130996
0.0478462780159294
0.0478460693443088
0.0478459131474401
0.0478458091622930
0.0478457572135457
0.0478457572135457
0.0478458091622930
0.0478459131474401
0.0478460693443088
0.0478462780159294
0.0478465395130996
0.0478468542744415
0.0478472228264743
0.0478476457836667
0.0478481238484814
0.0478486578113787
0.0478492485507749
0.0478498970329257
0.0478506043117118
0.0478513715283163
0.0478521999107166
0.0478530907730149
0.0478540455145004
0.0478550656184342
0.0478561526504722
0.0478573082566632
0.0478585341609403
0.0478598321620038
0.0478612041294757
0.0478626519992167
0.0478641777676092
0.0478657834846717
0.0478674712457362
0.0478692431814859
0.0478711014459990
0.0478730482024788
0.0478750856062223
0.0478772157843293
0.0478794408115016
0.0478817626812240
0.0478841832713757
0.0478867043031678
0.0478893272919646
0.0478920534882314
0.0478948838062795
0.0478978187378022
0.0479008582461192
0.0479040016354493
0.0479072473870833
0.0479105929501167
0.0479140344670931
0.0479175664007339
0.0479211809973816
0.0479248674453587
0.0479286103324896
0.0479274746703789
0.0479237007315649
0.0479199834998381
0.0479163384480551
0.0479127764475296
0.0479093053092017
0.0479059306243992
0.0479026563007473
0.0478994849349876
0.0478964180870104
0.0478934564889535
0.0478906002089795
0.0478878487820415
0.0478852013157775
0.0478826565771829
0.0478802130641204
0.0478778690646656
0.0478756227066138
0.0478734719988786
0.0478714148662189
0.0478694491784058
0.0478675727747412
0.0478657834846718
0.0478640791451138
0.0478624576150155
0.0478609167875535
0.0478594546003475
0.0478580690439889
0.0478567581691360
0.0478555200923960
0.0478543530011808
0.0478532551576810
0.0478522249021170
0.0478512606553603
0.0478503609210310
0.0478495242871589
0.0478487494274836
0.0478480351024424
0.0478473801599207
0.0478467835357816
0.0478462442542520
0.0478457614281664
0.0478453342591141
0.0478449620375051
0.0478446441425930
0.0478443800424475
0.0478441692939115
0.0478440115425538
0.0478439065226044
0.0478438540569119
0.0478438540569119
0.0478439065226044
0.0478440115425538
0.0478441692939115
0.0478443800424475
0.0478446441425930
0.0478449620375051
0.0478453342591141
0.0478457614281664
0.0478462442542520
0.0478467835357816
0.0478473801599207
0.0478480351024424
0.0478487494274836
0.0478495242871589
0.0478503609210310
0.0478512606553603
0.0478522249021170
0.0478532551576810
0.0478543530011808
0.0478555200923960
0.0478567581691360
0.0478580690439889
0.0478594546003476
0.0478609167875536
0.0478624576150155
0.0478640791451138
0.0478657834846718
0.0478675727747412
0.0478694491784058
0.0478714148662189
0.0478734719988786
0.0478756227066138
0.0478778690646656
0.0478802130641204
0.0478826565771829
0.0478852013157775
0.0478878487820415
0.0478906002089795
0.0478934564889535
0.0478964180870104
0.0478994849349876
0.0479026563007473
0.0479059306243992
0.0479093053092017
0.0479127764475296
0.0479163384480551
0.0479199834998381
0.0479237007315649
0.0479274746703789
0.0479263912474438
0.0479225880597396
0.0479188418292574
0.0479151680834834
0.0479115777476053
0.0479080786845071
0.0479046765347423
0.0479013752518604
0.0478981774747919
0.0478950848016032
0.0478920979984034
0.0478892171630494
0.0478864418559301
0.0478837712059430
0.0478812039973264
0.0478787387413617
0.0478763737359784
0.0478741071155055
0.0478719368923731
0.0478698609921233
0.0478678772828690
0.0478659836001063
0.0478641777676092
0.0478624576150155
0.0478608209926483
0.0478592657839434
0.0478577899158858
0.0478563913677460
0.0478550681783498
0.0478538184521360
0.0478526403641547
0.0478515321641905
0.0478504921801240
0.0478495188206699
0.0478486105775648
0.0478477660273219
0.0478469838325992
0.0478462627432558
0.0478456015971601
0.0478449993207718
0.0478444549295710
0.0478439675283340
0.0478435363113192
0.0478431605623612
0.0478428396549102
0.0478425730520335
0.0478423603063785
0.0478422010601415
0.0478420950450198
0.0478420420821651
0.0478420420821651
0.0478420950450198
0.0478422010601415
0.0478423603063785
0.0478425730520335
0.0478428396549102
0.0478431605623612
0.0478435363113192
0.0478439675283340
0.0478444549295710
0.0478449993207718
0.0478456015971601
0.0478462627432558
0.0478469838325992
0.0478477660273219
0.0478486105775648
0.0478495188206699
0.0478504921801240
0.0478515321641905
0.0478526403641547
0.0478538184521360
0.0478550681783498
0.0478563913677460
0.0478577899158858
0.0478592657839434
0.0478608209926483
0.0478624576150155
0.0478641777676092
0.0478659836001063
0.0478678772828690
0.0478698609921233
0.0478719368923731
0.0478741071155055
0.0478763737359784
0.0478787387413617
0.0478812039973264
0.0478837712059430
0.0478864418559301
0.0478892171630494
0.0478920979984035
0.0478950848016032
0.0478981774747919
0.0479013752518604
0.0479046765347423
0.0479080786845071
0.0479115777476053
0.0479151680834834
0.0479188418292574
0.0479225880597396
0.0479263912474438
0.0479253590373078
0.0479215283203554
0.0479177547941984
0.0479140540355501
0.0479104370183188
0.0479069116525261
0.0479034836235731
0.0479001569270328
0.0478969342406600
0.0478938171978531
0.0478908065963963
0.0478879025620752
0.0478851046794387
0.0478824120978464
0.0478798236183955
0.0478773377658019
0.0478749528481787
0.0478726670070244
0.0478704782591511
0.0478683845319537
0.0478663836931206
0.0478644735756950
0.0478626519992167
0.0478609167875536
0.0478592657839433
0.0478576968636344
0.0478562079445371
0.0478547969961242
0.0478534620468949
0.0478522011905731
0.0478510125912627
0.0478498944876890
0.0478488451966849
0.0478478631160312
0.0478469467267398
0.0478460945948910
0.0478453053730763
0.0478445778015215
0.0478439107089496
0.0478433030132187
0.0478427537217896
0.0478422619320441
0.0478418268315009
0.0478414476979420
0.0478411238994706
0.0478408548945345
0.0478406402319141
0.0478404795506889
0.0478403725802136
0.0478403191400748
0.0478403191400748
0.0478403725802137
0.0478404795506889
0.0478406402319141
0.0478408548945345
0.0478411238994706
0.0478414476979420
0.0478418268315009
0.0478422619320441
0.0478427537217896
0.0478433030132187
0.0478439107089496
0.0478445778015215
0.0478453053730763
0.0478460945948910
0.0478469467267398
0.0478478631160312
0.0478488451966849
0.0478498944876890
0.0478510125912627
0.0478522011905731
0.0478534620468949
0.0478547969961242
0.0478562079445371
0.0478576968636344
0.0478592657839433
0.0478609167875536
0.0478626519992167
0.0478644735756950
0.0478663836931206
0.0478683845319537
0.0478704782591511
0.0478726670070244
0.0478749528481787
0.0478773377658019
0.0478798236183955
0.0478824120978464
0.0478851046794387
0.0478879025620752
0.0478908065963963
0.0478938171978531
0.0478969342406600
0.0479001569270328
0.0479034836235731
0.0479069116525261
0.0479104370183188
0.0479140540355501
0.0479177547941984
0.0479215283203554
0.0479253590373078
0.0479243770217628
0.0479205204171327
0.0479167212214014
0.0479129950556886
0.0479093529379952
0.0479058028211451
0.0479023504314029
0.0478989998028022
0.0478957536487871
0.0478926136354328
0.0478895805900005
0.0478866546644631
0.0478838354662370
0.0478811221642588
0.0478785135759960
0.0478760082394367
0.0478736044730471
0.0478713004259180
0.0478690941199114
0.0478669834851266
0.0478649663898374
0.0478630406657739
0.0478612041294757
0.0478594546003475
0.0478577899158858
0.0478562079445371
0.0478547065965086
0.0478532838328628
0.0478519376731237
0.0478506662016302
0.0478494675728237
0.0478483400156119
0.0478472818369715
0.0478462914248828
0.0478453672507084
0.0478445078711074
0.0478437119295564
0.0478429781575316
0.0478423053754332
0.0478416924932715
0.0478411385111816
0.0478406425197715
0.0478402037003847
0.0478398213252443
0.0478394947575405
0.0478392234514741
0.0478390069522619
0.0478388448961164
0.0478387370102306
0.0478386831127486
0.0478386831127486
0.0478387370102306
0.0478388448961164
0.0478390069522619
0.0478392234514741
0.0478394947575405
0.0478398213252443
0.0478402037003847
0.0478406425197715
0.0478411385111816
0.0478416924932715
0.0478423053754332
0.0478429781575316
0.0478437119295564
0.0478445078711074
0.0478453672507084
0.0478462914248828
0.0478472818369715
0.0478483400156119
0.0478494675728237
0.0478506662016302
0.0478519376731237
0.0478532838328628
0.0478547065965086
0.0478562079445371
0.0478577899158858
0.0478594546003475
0.0478612041294757
0.0478630406657739
0.0478649663898374
0.0478669834851266
0.0478690941199114
0.0478713004259180
0.0478736044730471
0.0478760082394367
0.0478785135759960
0.0478811221642588
0.0478838354662370
0.0478866546644631
0.0478895805900005
0.0478926136354326
0.0478957536487871
0.0478989998028022
0.0479023504314029
0.0479058028211451
0.0479093529379952
0.0479129950556886
0.0479167212214014
0.0479205204171327
0.0479243770217628
0.0479234441966706
0.0479195632726884
0.0479157399612166
0.0479119899234666
0.0479083242173618
0.0479047508346082
0.0479012755387142
0.0478979023989011
0.0478946341614141
0.0478914725225009
0.0478884183368145
0.0478854717808209
0.0478826324835059
0.0478798996324501
0.0478772720608991
0.0478747483198539
0.0478723267381349
0.0478700054726958
0.0478677825509229
0.0478656559062881
0.0478636234084782
0.0478616828888529
0.0478598321620038
0.0478580690439889
0.0478563913677460
0.0478547969961242
0.0478532838328628
0.0478518498318393
0.0478504930048222
0.0478492114279702
0.0478480032472316
0.0478468666828343
0.0478458000329907
0.0478448016769221
0.0478438700773429
0.0478430037824270
0.0478422014274250
0.0478414617358908
0.0478407835206713
0.0478401656846378
0.0478396072212447
0.0478391072149245
0.0478386648413695
0.0478382793677151
0.0478379501526493
0.0478376766464784
0.0478374583911427
0.0478372950202248
0.0478371862589329
0.0478371319240788
0.0478371319240788
0.0478371862589329
0.0478372950202248
0.0478374583911426
0.0478376766464784
0.0478379501526493
0.0478382793677151
0.0478386648413695
0.0478391072149245
0.0478396072212447
0.0478401656846379
0.0478407835206713
0.0478414617358908
0.0478422014274250
0.0478430037824270
0.0478438700773429
0.0478448016769221
0.0478458000329907
0.0478468666828343
0.0478480032472316
0.0478492114279702
0.0478504930048222
0.0478518498318393
0.0478532838328628
0.0478547969961242
0.0478563913677460
0.0478580690439889
0.0478598321620038
0.0478616828888529
0.0478636234084782
0.0478656559062881
0.0478677825509229
0.0478700054726958
0.0478723267381349
0.0478747483198539
0.0478772720608991
0.0478798996324501
0.0478826324835059
0.0478854717808209
0.0478884183368145
0.0478914725225009
0.0478946341614141
0.0478979023989011
0.0479012755387142
0.0479047508346082
0.0479083242173618
0.0479119899234666
0.0479157399612166
0.0479195632726884
0.0479234441966706
0.0479225595770686
0.0479186558334139
0.0479148098922691
0.0479110374510505
0.0479073496038557
0.0479037543777157
0.0479002575700889
0.0478968632823792
0.0478935742909521
0.0478903923198994
0.0478873182492761
0.0478843522784136
0.0478814940565730
0.0478787427890165
0.0478760973241221
0.0478735562255240
0.0478711178322972
0.0478687803093805
0.0478665416900151
0.0478643999115546
0.0478623528457487
0.0478603983243684
0.0478585341609404
0.0478567581691360
0.0478550681783496
0.0478534620468949
0.0478519376731237
0.0478504930048222
0.0478491260471059
0.0478478348690235
0.0478466176090984
0.0478454724799110
0.0478443977719076
0.0478433918565192
0.0478424531887180
0.0478415803090759
0.0478407718454284
0.0478400265141842
0.0478393431213484
0.0478387205633253
0.0478381578274938
0.0478376539926638
0.0478372082293756
0.0478368198001209
0.0478364880594724
0.0478362124541723
0.0478359925231656
0.0478358278976199
0.0478357183009224
0.0478356635486721
0.0478356635486721
0.0478357183009225
0.0478358278976199
0.0478359925231656
0.0478362124541723
0.0478364880594724
0.0478368198001209
0.0478372082293756
0.0478376539926638
0.0478381578274938
0.0478387205633253
0.0478393431213484
0.0478400265141842
0.0478407718454284
0.0478415803090759
0.0478424531887180
0.0478433918565192
0.0478443977719076
0.0478454724799110
0.0478466176090984
0.0478478348690235
0.0478491260471059
0.0478504930048222
0.0478519376731237
0.0478534620468949
0.0478550681783496
0.0478567581691360
0.0478585341609404
0.0478603983243684
0.0478623528457487
0.0478643999115546
0.0478665416900151
0.0478687803093805
0.0478711178322972
0.0478735562255240
0.0478760973241221
0.0478787427890165
0.0478814940565730
0.0478843522784135
0.0478873182492761
0.0478903923198993
0.0478935742909521
0.0478968632823792
0.0479002575700889
0.0479037543777157
0.0479073496038557
0.0479110374510505
0.0479148098922691
0.0479186558334139
0.0479225595770686
0.0479217222016120
0.0479177970736954
0.0479139299254602
0.0479101364870339
0.0479064278852965
0.0479028121793778
0.0478992951976750
0.0478958810710159
0.0478925726034141
0.0478893715446190
0.0478862787982095
0.0478832945848126
0.0478804185726960
0.0478776499838316
0.0478749876810205
0.0478724302400998
0.0478699760101934
0.0478676231642287
0.0478653697415078
0.0478632136836316
0.0478611528649232
0.0478591851182045
0.0478573082566632
0.0478555200923960
0.0478538184521360
0.0478522011905731
0.0478506662016302
0.0478492114279702
0.0478478348690236
0.0478465345877098
0.0478453087160792
0.0478441554600052
0.0478430731030774
0.0478420600098155
0.0478411146282926
0.0478402354922792
0.0478394212229633
0.0478386705303131
0.0478379822141709
0.0478373551650789
0.0478367883649221
0.0478362808873976
0.0478358318983686
0.0478354406560942
0.0478351065114006
0.0478348289077732
0.0478346073814254
0.0478344415613173
0.0478343311691731
0.0478342760194793
0.0478342760194793
0.0478343311691731
0.0478344415613173
0.0478346073814254
0.0478348289077732
0.0478351065114006
0.0478354406560942
0.0478358318983686
0.0478362808873976
0.0478367883649221
0.0478373551650789
0.0478379822141709
0.0478386705303131
0.0478394212229633
0.0478402354922792
0.0478411146282926
0.0478420600098155
0.0478430731030774
0.0478441554600052
0.0478453087160792
0.0478465345877098
0.0478478348690236
0.0478492114279702
0.0478506662016302
0.0478522011905731
0.0478538184521360
0.0478555200923960
0.0478573082566632
0.0478591851182045
0.0478611528649232
0.0478632136836316
0.0478653697415078
0.0478676231642287
0.0478699760101934
0.0478724302400998
0.0478749876810205
0.0478776499838316
0.0478804185726960
0.0478832945848126
0.0478862787982095
0.0478893715446190
0.0478925726034141
0.0478958810710159
0.0478992951976750
0.0479028121793778
0.0479064278852965
0.0479101364870339
0.0479139299254602
0.0479177970736954
0.0479217222016120
0.0479209311364076
0.0479169859995432
0.0479130990074111
0.0479092859197008
0.0479055578929967
0.0479019230155979
0.0478983871440866
0.0478949544361795
0.0478916277212391
0.0478884087726352
0.0478852985157007
0.0478822971908492
0.0478794044841211
0.0478766196332148
0.0478739415146320
0.0478713687159102
0.0478688995959364
0.0478665323355524
0.0478642649802054
0.0478620954759968
0.0478600217002092
0.0478580414872171
0.0478561526504722
0.0478543530011808
0.0478526403641548
0.0478510125912627
0.0478494675728238
0.0478480032472316
0.0478466176090984
0.0478453087160791
0.0478440746946136
0.0478429137447157
0.0478418241439449
0.0478408042507078
0.0478398525069558
0.0478389674403921
0.0478381476662527
0.0478373918887347
0.0478366989021288
0.0478360675916951
0.0478354969343518
0.0478349859991721
0.0478345339477718
0.0478341400345741
0.0478338036069919
0.0478335241055547
0.0478333010639843
0.0478331341092317
0.0478330229615051
0.0478329674342743
0.0478329674342743
0.0478330229615051
0.0478331341092317
0.0478333010639843
0.0478335241055547
0.0478338036069919
0.0478341400345741
0.0478345339477718
0.0478349859991721
0.0478354969343518
0.0478360675916951
0.0478366989021288
0.0478373918887347
0.0478381476662527
0.0478389674403921
0.0478398525069558
0.0478408042507078
0.0478418241439449
0.0478429137447157
0.0478440746946136
0.0478453087160791
0.0478466176090984
0.0478480032472316
0.0478494675728238
0.0478510125912627
0.0478526403641548
0.0478543530011808
0.0478561526504722
0.0478580414872171
0.0478600217002092
0.0478620954759968
0.0478642649802054
0.0478665323355524
0.0478688995959365
0.0478713687159102
0.0478739415146320
0.0478766196332148
0.0478794044841211
0.0478822971908492
0.0478852985157007
0.0478884087726352
0.0478916277212390
0.0478949544361795
0.0478983871440866
0.0479019230155979
0.0479055578929967
0.0479092859197008
0.0479130990074111
0.0479169859995432
0.0479209311364076
0.0479201854783300
0.0479162216517216
0.0479123161234160
0.0479084846798107
0.0479047385044086
0.0479010857119968
0.0478975321848286
0.0478940821051717
0.0478907383256134
0.0478875026412346
0.0478843759974467
0.0478813586530174
0.0478784503105543
0.0478756502225173
0.0478729572783504
0.0478703700767557
0.0478678869860443
0.0478655061948054
0.0478632257546378
0.0478610436162883
0.0478589576602808
0.0478569657229281
0.0478550656184342
0.0478532551576810
0.0478515321641904
0.0478498944876893
0.0478483400156119
0.0478468666828343
0.0478454724799110
0.0478441554600052
0.0478429137447157
0.0478417455289553
0.0478406490850028
0.0478396227658818
0.0478386650081248
0.0478377743340385
0.0478369493535571
0.0478361887657092
0.0478354913598050
0.0478348560163625
0.0478342817078150
0.0478337674990661
0.0478333125478945
0.0478329161052441
0.0478325775154405
0.0478322962163300
0.0478320717393696
0.0478319037096871
0.0478317918461105
0.0478317359611864
0.0478317359611864
0.0478317918461105
0.0478319037096871
0.0478320717393696
0.0478322962163300
0.0478325775154405
0.0478329161052441
0.0478333125478945
0.0478337674990661
0.0478342817078150
0.0478348560163625
0.0478354913598050
0.0478361887657092
0.0478369493535571
0.0478377743340385
0.0478386650081248
0.0478396227658818
0.0478406490850028
0.0478417455289553
0.0478429137447157
0.0478441554600052
0.0478454724799110
0.0478468666828343
0.0478483400156119
0.0478498944876893
0.0478515321641904
0.0478532551576810
0.0478550656184342
0.0478569657229281
0.0478589576602808
0.0478610436162883
0.0478632257546378
0.0478655061948053
0.0478678869860443
0.0478703700767557
0.0478729572783504
0.0478756502225173
0.0478784503105543
0.0478813586530174
0.0478843759974467
0.0478875026412346
0.0478907383256134
0.0478940821051717
0.0478975321848286
0.0479010857119968
0.0479047385044086
0.0479084846798106
0.0479123161234160
0.0479162216517216
0.0479201854783300
0.0479194843579093
0.0479155031084500
0.0479115802999627
0.0479077317429657
0.0479039686453410
0.0479002991459180
0.0478967291503067
0.0478932628631831
0.0478899031583699
0.0478866518508854
0.0478835099046407
0.0478804775953871
0.0478775546411341
0.0478747403081424
0.0478720334980490
0.0478694328201472
0.0478669366517770
0.0478645431890537
0.0478622504896534
0.0478600565090308
0.0478579591311359
0.0478559561945119
0.0478540455145003
0.0478522249021170
0.0478504921801240
0.0478488451966849
0.0478472818369715
0.0478458000329907
0.0478443977719075
0.0478430731030774
0.0478418241439449
0.0478406490850028
0.0478395461939266
0.0478385138190121
0.0478375503920072
0.0478366544304483
0.0478358245395460
0.0478350594137234
0.0478343578378413
0.0478337186881539
0.0478331409330786
0.0478326236337599
0.0478321659445165
0.0478317671131559
0.0478314264812125
0.0478311434841014
0.0478309176512322
0.0478307486060799
0.0478306360662180
0.0478305798433638
0.0478305798433638
0.0478306360662180
0.0478307486060799
0.0478309176512322
0.0478311434841012
0.0478314264812125
0.0478317671131559
0.0478321659445165
0.0478326236337599
0.0478331409330786
0.0478337186881539
0.0478343578378413
0.0478350594137234
0.0478358245395460
0.0478366544304483
0.0478375503920072
0.0478385138190121
0.0478395461939265
0.0478406490850028
0.0478418241439449
0.0478430731030774
0.0478443977719075
0.0478458000329907
0.0478472818369715
0.0478488451966849
0.0478504921801240
0.0478522249021170
0.0478540455145004
0.0478559561945119
0.0478579591311359
0.0478600565090308
0.0478622504896534
0.0478645431890537
0.0478669366517770
0.0478694328201472
0.0478720334980490
0.0478747403081424
0.0478775546411341
0.0478804775953871
0.0478835099046407
0.0478866518508854
0.0478899031583699
0.0478932628631831
0.0478967291503067
0.0479002991459180
0.0479039686453410
0.0479077317429657
0.0479115802999627
0.0479155031084500
0.0479194843579093
0.0479188269418017
0.0479148294877186
0.0479108906068926
0.0479070261316207
0.0479032472918378
0.0478995622481843
0.0478959769274994
0.0478924955548664
0.0478891210235254
0.0478858551667549
0.0478826989654763
0.0478796527111203
0.0478767161359785
0.0478738885191736
0.0478711687737682
0.0478685555190575
0.0478660471409904
0.0478636418429239
0.0478613376884779
0.0478591326378055
0.0478570245783839
0.0478550113511974
0.0478530907730149
0.0478512606553605
0.0478495188206699
0.0478478631160312
0.0478462914248828
0.0478448016769222
0.0478433918565192
0.0478420600098155
0.0478408042507078
0.0478396227658819
0.0478385138190121
0.0478374757542579
0.0478365069991679
0.0478356060670596
0.0478347715589619
0.0478340021652047
0.0478332966666743
0.0478326539358235
0.0478320729374669
0.0478315527293788
0.0478310924627667
0.0478306913826168
0.0478303488279445
0.0478300642319770
0.0478298371222753
0.0478296671208192
0.0478295539440552
0.0478294974029375
0.0478294974029375
0.0478295539440552
0.0478296671208192
0.0478298371222753
0.0478300642319770
0.0478303488279445
0.0478306913826168
0.0478310924627667
0.0478315527293788
0.0478320729374669
0.0478326539358235
0.0478332966666743
0.0478340021652047
0.0478347715589619
0.0478356060670596
0.0478365069991679
0.0478374757542579
0.0478385138190121
0.0478396227658819
0.0478408042507078
0.0478420600098155
0.0478433918565192
0.0478448016769222
0.0478462914248828
0.0478478631160312
0.0478495188206699
0.0478512606553605
0.0478530907730149
0.0478550113511974
0.0478570245783839
0.0478591326378055
0.0478613376884779
0.0478636418429239
0.0478660471409904
0.0478685555190575
0.0478711687737682
0.0478738885191736
0.0478767161359785
0.0478796527111203
0.0478826989654763
0.0478858551667549
0.0478891210235254
0.0478924955548664
0.0478959769274994
0.0478995622481843
0.0479032472918378
0.0479070261316207
0.0479108906068927
0.0479148294877186
0.0479188269418017
0.0479182124349346
0.0479141999492704
0.0479102461592430
0.0479063669167812
0.0479025734717558
0.0478988740045634
0.0478952744613090
0.0478917790856479
0.0478883907885189
0.0478851114199056
0.0478819419763371
0.0478788827636707
0.0478759335274062
0.0478730935586047
0.0478703617810023
0.0478677368232935
0.0478652170795727
0.0478628007601272
0.0478604859343265
0.0478582705669517
0.0478561525490462
0.0478541297241628
0.0478521999107166
0.0478503609210310
0.0478486105775648
0.0478469467267398
0.0478453672507084
0.0478438700773429
0.0478424531887180
0.0478411146282927
0.0478398525069558
0.0478386650081248
0.0478375503920072
0.0478365069991679
0.0478355332534727
0.0478346276645272
0.0478337888296704
0.0478330154355997
0.0478323062596751
0.0478316601709607
0.0478310761310520
0.0478305531947107
0.0478300905103603
0.0478296873204496
0.0478293429617379
0.0478290568654814
0.0478288285575747
0.0478286576586546
0.0478285438841531
0.0478284870443363
0.0478284870443363
0.0478285438841531
0.0478286576586546
0.0478288285575747
0.0478290568654814
0.0478293429617379
0.0478296873204496
0.0478300905103603
0.0478305531947107
0.0478310761310520
0.0478316601709607
0.0478323062596751
0.0478330154355997
0.0478337888296704
0.0478346276645272
0.0478355332534727
0.0478365069991678
0.0478375503920072
0.0478386650081248
0.0478398525069558
0.0478411146282927
0.0478424531887180
0.0478438700773429
0.0478453672507084
0.0478469467267398
0.0478486105775648
0.0478503609210310
0.0478521999107166
0.0478541297241628
0.0478561525490462
0.0478582705669517
0.0478604859343265
0.0478628007601272
0.0478652170795727
0.0478677368232935
0.0478703617810023
0.0478730935586047
0.0478759335274062
0.0478788827636708
0.0478819419763371
0.0478851114199056
0.0478883907885189
0.0478917790856479
0.0478952744613090
0.0478988740045634
0.0479025734717558
0.0479063669167812
0.0479102461592430
0.0479141999492703
0.0479182124349346
0.0479176400823504
0.0479136136963096
0.0479096461188042
0.0479057532194384
0.0479019462660769
0.0478982334569732
0.0478946207556964
0.0478911124227558
0.0478877113851984
0.0478844195082482
0.0478812378027121
0.0478781665876924
0.0478752056208527
0.0478723542043049
0.0478696112717008
0.0478669754605287
0.0478644451725466
0.0478620186246212
0.0478596938916413
0.0478574689428883
0.0478553416729551
0.0478533099280269
0.0478513715283163
0.0478495242871589
0.0478477660273219
0.0478460945948910
0.0478445078711074
0.0478430037824270
0.0478415803090759
0.0478402354922792
0.0478389674403921
0.0478377743340385
0.0478366544304484
0.0478356060670596
0.0478346276645272
0.0478337177292037
0.0478328748551831
0.0478320977259534
0.0478313851157495
0.0478307358906287
0.0478301490093229
0.0478296235239069
0.0478291585803154
0.0478287534187355
0.0478284073739013
0.0478281198753009
0.0478278904473428
0.0478277187094527
0.0478276043761471
0.0478275472570836
0.0478275472570835
0.0478276043761471
0.0478277187094527
0.0478278904473428
0.0478281198753008
0.0478284073739013
0.0478287534187355
0.0478291585803154
0.0478296235239069
0.0478301490093229
0.0478307358906287
0.0478313851157495
0.0478320977259534
0.0478328748551831
0.0478337177292037
0.0478346276645272
0.0478356060670596
0.0478366544304484
0.0478377743340385
0.0478389674403921
0.0478402354922792
0.0478415803090759
0.0478430037824270
0.0478445078711074
0.0478460945948910
0.0478477660273218
0.0478495242871589
0.0478513715283163
0.0478533099280269
0.0478553416729551
0.0478574689428883
0.0478596938916413
0.0478620186246212
0.0478644451725466
0.0478669754605287
0.0478696112717008
0.0478723542043049
0.0478752056208527
0.0478781665876924
0.0478812378027121
0.0478844195082482
0.0478877113851984
0.0478911124227558
0.0478946207556963
0.0478982334569732
0.0479019462660769
0.0479057532194384
0.0479096461188042
0.0479136136963096
0.0479176400823504
0.0479171091707932
0.0479130699769495
0.0479090896954501
0.0479051842117762
0.0479013648099956
0.0478976397044789
0.0478940148745721
0.0478904945960534
0.0478870818105852
0.0478837783972578
0.0478805853798980
0.0478775030897250
0.0478745312955664
0.0478716693097124
0.0478689160749948
0.0478662702370697
0.0478637302048777
0.0478612942014824
0.0478589603070216
0.0478567264951189
0.0478545906638321
0.0478525506619987
0.0478506043117118
0.0478487494274836
0.0478469838325994
0.0478453053730763
0.0478437119295564
0.0478422014274250
0.0478407718454285
0.0478394212229633
0.0478381476662527
0.0478369493535571
0.0478358245395459
0.0478347715589619
0.0478337888296704
0.0478328748551831
0.0478320282267427
0.0478312476250188
0.0478305318214903
0.0478298796795483
0.0478292901553909
0.0478287622987037
0.0478282952532112
0.0478278882570797
0.0478275406432387
0.0478272518396025
0.0478270213692438
0.0478268488505090
0.0478267339970969
0.0478266766181195
0.0478266766181195
0.0478267339970969
0.0478268488505090
0.0478270213692438
0.0478272518396025
0.0478275406432387
0.0478278882570797
0.0478282952532112
0.0478287622987037
0.0478292901553909
0.0478298796795483
0.0478305318214903
0.0478312476250188
0.0478320282267427
0.0478328748551831
0.0478337888296704
0.0478347715589619
0.0478358245395460
0.0478369493535571
0.0478381476662527
0.0478394212229633
0.0478407718454285
0.0478422014274250
0.0478437119295564
0.0478453053730763
0.0478469838325994
0.0478487494274836
0.0478506043117118
0.0478525506619987
0.0478545906638321
0.0478567264951189
0.0478589603070216
0.0478612942014824
0.0478637302048777
0.0478662702370697
0.0478689160749948
0.0478716693097124
0.0478745312955664
0.0478775030897250
0.0478805853798980
0.0478837783972578
0.0478870818105852
0.0478904945960534
0.0478940148745721
0.0478976397044789
0.0479013648099956
0.0479051842117762
0.0479090896954501
0.0479130699769495
0.0479171091707932
0.0479166190300596
0.0479125680854525
0.0479085761482529
0.0479046591181735
0.0479008282938322
0.0478970919040964
0.0478934559425304
0.0478899246986972
0.0478865011274821
0.0478831871205394
0.0478799837135278
0.0478768912487077
0.0478739095051056
0.0478710378043482
0.0478682750977108
0.0478656200384145
0.0478630710420698
0.0478606263375392
0.0478582840099175
0.0478560420369617
0.0478538983200831
0.0478518507107333
0.0478498970329257
0.0478480351024424
0.0478462627432558
0.0478445778015214
0.0478429781575316
0.0478414617358910
0.0478400265141842
0.0478386705303131
0.0478373918887347
0.0478361887657092
0.0478350594137234
0.0478340021652047
0.0478330154355997
0.0478320977259534
0.0478312476250189
0.0478304638109940
0.0478297450529345
0.0478290902118892
0.0478284982418098
0.0478279681902738
0.0478274991990431
0.0478270905044919
0.0478267414379497
0.0478264514259279
0.0478262199903119
0.0478260467484860
0.0478259314134207
0.0478258737937398
0.0478258737937398
0.0478259314134207
0.0478260467484860
0.0478262199903119
0.0478264514259279
0.0478267414379497
0.0478270905044919
0.0478274991990431
0.0478279681902738
0.0478284982418098
0.0478290902118892
0.0478297450529345
0.0478304638109940
0.0478312476250189
0.0478320977259534
0.0478330154355997
0.0478340021652047
0.0478350594137234
0.0478361887657092
0.0478373918887347
0.0478386705303131
0.0478400265141842
0.0478414617358910
0.0478429781575316
0.0478445778015214
0.0478462627432558
0.0478480351024424
0.0478498970329257
0.0478518507107331
0.0478538983200831
0.0478560420369617
0.0478582840099175
0.0478606263375392
0.0478630710420698
0.0478656200384145
0.0478682750977108
0.0478710378043482
0.0478739095051056
0.0478768912487077
0.0478799837135279
0.0478831871205394
0.0478865011274821
0.0478899246986972
0.0478934559425304
0.0478970919040964
0.0479008282938322
0.0479046591181735
0.0479085761482529
0.0479125680854525
0.0479166190300596
0.0479161690341681
0.0479121073632786
0.0479081047864312
0.0479041772160482
0.0479003359637660
0.0478965892714459
0.0478929431454197
0.0478894018876433
0.0478859684649116
0.0478826447802224
0.0478794318799342
0.0478763301163184
0.0478733392776771
0.0478704586941473
0.0478676873247413
0.0478650238296215
0.0478624666305602
0.0478600139618137
0.0478576639131007
0.0478554144660838
0.0478532635253758
0.0478512089449644
0.0478492485507749
0.0478473801599207
0.0478456015971601
0.0478439107089496
0.0478423053754332
0.0478407835206713
0.0478393431213484
0.0478379822141709
0.0478366989021288
0.0478354913598050
0.0478343578378413
0.0478332966666743
0.0478323062596751
0.0478313851157495
0.0478305318214903
0.0478297450529345
0.0478290235770206
0.0478283662527385
0.0478277720320718
0.0478272399607349
0.0478267691787613
0.0478263589209454
0.0478260085171928
0.0478257173927783
0.0478254850685345
0.0478253111609940
0.0478251953824830
0.0478251375411863
0.0478251375411863
0.0478251953824830
0.0478253111609940
0.0478254850685345
0.0478257173927783
0.0478260085171928
0.0478263589209454
0.0478267691787613
0.0478272399607349
0.0478277720320718
0.0478283662527385
0.0478290235770206
0.0478297450529345
0.0478305318214903
0.0478313851157495
0.0478323062596751
0.0478332966666743
0.0478343578378413
0.0478354913598050
0.0478366989021288
0.0478379822141709
0.0478393431213484
0.0478407835206713
0.0478423053754332
0.0478439107089496
0.0478456015971601
0.0478473801599207
0.0478492485507749
0.0478512089449644
0.0478532635253758
0.0478554144660838
0.0478576639131006
0.0478600139618137
0.0478624666305602
0.0478650238296215
0.0478676873247413
0.0478704586941473
0.0478733392776771
0.0478763301163184
0.0478794318799342
0.0478826447802224
0.0478859684649116
0.0478894018876433
0.0478929431454197
0.0478965892714459
0.0479003359637660
0.0479041772160482
0.0479081047864312
0.0479121073632786
0.0479161690341681
0.0479157586023467
0.0479116871999761
0.0479076749701381
0.0479037378365496
0.0478998871224463
0.0478961310812844
0.0478924757307981
0.0478889253840322
0.0478854830184592
0.0478821505472556
0.0478789290264100
0.0478758188172158
0.0478728197163570
0.0478699310616883
0.0478671518192507
0.0478644806555437
0.0478619159979887
0.0478594560857964
0.0478570990129834
0.0478548427648534
0.0478526852490362
0.0478506243219488
0.0478486578113787
0.0478467835357815
0.0478449993207719
0.0478433030132187
0.0478416924932715
0.0478401656846378
0.0478387205633253
0.0478373551650789
0.0478360675916951
0.0478348560163625
0.0478337186881539
0.0478326539358235
0.0478316601709607
0.0478307358906287
0.0478298796795483
0.0478290902118892
0.0478283662527386
0.0478277066592935
0.0478271103818130
0.0478265764643833
0.0478261040455171
0.0478256923586216
0.0478253407323524
0.0478250485908912
0.0478248154541460
0.0478246409378967
0.0478245247538992
0.0478244667099552
0.0478244667099552
0.0478245247538992
0.0478246409378967
0.0478248154541460
0.0478250485908912
0.0478253407323524
0.0478256923586216
0.0478261040455171
0.0478265764643833
0.0478271103818130
0.0478277066592935
0.0478283662527386
0.0478290902118892
0.0478298796795483
0.0478307358906287
0.0478316601709607
0.0478326539358235
0.0478337186881539
0.0478348560163625
0.0478360675916951
0.0478373551650789
0.0478387205633253
0.0478401656846378
0.0478416924932715
0.0478433030132187
0.0478449993207719
0.0478467835357815
0.0478486578113787
0.0478506243219488
0.0478526852490362
0.0478548427648534
0.0478570990129834
0.0478594560857964
0.0478619159979887
0.0478644806555437
0.0478671518192507
0.0478699310616883
0.0478728197163570
0.0478758188172158
0.0478789290264100
0.0478821505472556
0.0478854830184592
0.0478889253840322
0.0478924757307981
0.0478961310812844
0.0478998871224463
0.0479037378365496
0.0479076749701381
0.0479116871999761
0.0479157586023467
0.0479153871998767
0.0479113070339324
0.0479072861111145
0.0479033403651301
0.0478994811294859
0.0478957166679140
0.0478920530082763
0.0478884944734801
0.0478850440505007
0.0478817036615969
0.0478784743713622
0.0478753565491646
0.0478723499992117
0.0478694540662961
0.0478666677227977
0.0478639896409552
0.0478614182533151
0.0478589518036143
0.0478565883898078
0.0478543260005580
0.0478521625463068
0.0478500958857570
0.0478481238484814
0.0478462442542520
0.0478444549295711
0.0478427537217896
0.0478411385111816
0.0478396072212447
0.0478381578274938
0.0478367883649221
0.0478354969343518
0.0478342817078150
0.0478331409330786
0.0478320729374669
0.0478310761310521
0.0478301490093229
0.0478292901553909
0.0478284982418098
0.0478277720320718
0.0478271103818130
0.0478265122397951
0.0478259766486890
0.0478255027456767
0.0478250897629527
0.0478247370280856
0.0478244439642968
0.0478242100906858
0.0478240350223729
0.0478239184706119
0.0478238602428707
0.0478238602428707
0.0478239184706119
0.0478240350223729
0.0478242100906858
0.0478244439642968
0.0478247370280856
0.0478250897629527
0.0478255027456767
0.0478259766486890
0.0478265122397951
0.0478271103818130
0.0478277720320718
0.0478284982418098
0.0478292901553909
0.0478301490093229
0.0478310761310521
0.0478320729374669
0.0478331409330786
0.0478342817078150
0.0478354969343518
0.0478367883649221
0.0478381578274938
0.0478396072212447
0.0478411385111816
0.0478427537217896
0.0478444549295711
0.0478462442542520
0.0478481238484814
0.0478500958857570
0.0478521625463068
0.0478543260005580
0.0478565883898078
0.0478589518036143
0.0478614182533151
0.0478639896409552
0.0478666677227977
0.0478694540662961
0.0478723499992117
0.0478753565491646
0.0478784743713622
0.0478817036615969
0.0478850440505007
0.0478884944734801
0.0478920530082763
0.0478957166679140
0.0478994811294859
0.0479033403651301
0.0479072861111145
0.0479113070339324
0.0479153871998767
0.0479150543388022
0.0479109663529992
0.0479069376732519
0.0479029842420236
0.0478991174018491
0.0478953454255075
0.0478916743497855
0.0478881085062795
0.0478846508903669
0.0478813034323384
0.0478780672044051
0.0478749425831077
0.0478719293793387
0.0478690269440766
0.0478662342553673
0.0478635499905850
0.0478609725868863
0.0478585002920935
0.0478561312077272
0.0478538633255160
0.0478516945584859
0.0478496227674532
0.0478476457836667
0.0478457614281664
0.0478439675283340
0.0478422619320441
0.0478406425197714
0.0478391072149246
0.0478376539926637
0.0478362808873976
0.0478349859991721
0.0478337674990661
0.0478326236337599
0.0478315527293788
0.0478305531947107
0.0478296235239069
0.0478287622987038
0.0478279681902738
0.0478272399607349
0.0478265764643833
0.0478259766486890
0.0478254395550883
0.0478249643196283
0.0478245501734434
0.0478241964431559
0.0478239025511613
0.0478236680158511
0.0478234924517695
0.0478233755697417
0.0478233171769398
0.0478233171769398
0.0478233755697417
0.0478234924517695
0.0478236680158511
0.0478239025511613
0.0478241964431559
0.0478245501734434
0.0478249643196283
0.0478254395550883
0.0478259766486890
0.0478265764643833
0.0478272399607349
0.0478279681902738
0.0478287622987038
0.0478296235239069
0.0478305531947107
0.0478315527293788
0.0478326236337599
0.0478337674990661
0.0478349859991721
0.0478362808873976
0.0478376539926638
0.0478391072149246
0.0478406425197714
0.0478422619320441
0.0478439675283340
0.0478457614281664
0.0478476457836667
0.0478496227674532
0.0478516945584859
0.0478538633255160
0.0478561312077272
0.0478585002920935
0.0478609725868863
0.0478635499905850
0.0478662342553673
0.0478690269440766
0.0478719293793387
0.0478749425831077
0.0478780672044053
0.0478813034323384
0.0478846508903669
0.0478881085062795
0.0478916743497855
0.0478953454255075
0.0478991174018491
0.0479029842420236
0.0479069376732519
0.0479109663529992
0.0479150543388022
0.0479147595785350
0.0479106646950241
0.0479066291730249
0.0479026689626126
0.0478987954141739
0.0478950168083702
0.0478913391897647
0.0478877668975505
0.0478843029344388
0.0478809492377540
0.0478777068863830
0.0478745762631596
0.0478715571848585
0.0478686490079024
0.0478658507153424
0.0478631609890978
0.0478605782704151
0.0478581008107555
0.0478557267148300
0.0478534539771212
0.0478512805129871
0.0478492041851727
0.0478472228264743
0.0478453342591141
0.0478435363113192
0.0478418268315009
0.0478402037003847
0.0478386648413695
0.0478372082293756
0.0478358318983686
0.0478345339477718
0.0478333125478945
0.0478321659445165
0.0478310924627666
0.0478300905103603
0.0478291585803154
0.0478282952532112
0.0478274991990432
0.0478267691787613
0.0478261040455168
0.0478255027456767
0.0478249643196284
0.0478244879024283
0.0478240727243160
0.0478237181110974
0.0478234234844529
0.0478231883621666
0.0478230123582944
0.0478228951832797
0.0478228366440492
0.0478228366440492
0.0478228951832797
0.0478230123582944
0.0478231883621666
0.0478234234844529
0.0478237181110974
0.0478240727243160
0.0478244879024283
0.0478249643196283
0.0478255027456767
0.0478261040455168
0.0478267691787613
0.0478274991990432
0.0478282952532112
0.0478291585803154
0.0478300905103603
0.0478310924627666
0.0478321659445165
0.0478333125478945
0.0478345339477718
0.0478358318983686
0.0478372082293756
0.0478386648413695
0.0478402037003849
0.0478418268315009
0.0478435363113192
0.0478453342591141
0.0478472228264743
0.0478492041851727
0.0478512805129871
0.0478534539771212
0.0478557267148300
0.0478581008107555
0.0478605782704151
0.0478631609890978
0.0478658507153424
0.0478686490079024
0.0478715571848585
0.0478745762631596
0.0478777068863830
0.0478809492377540
0.0478843029344388
0.0478877668975505
0.0478913391897647
0.0478950168083702
0.0478987954141739
0.0479026689626126
0.0479066291730249
0.0479106646950241
0.0479147595785350
0.0479145025263555
0.0479104016482831
0.0479063601798787
0.0479023940777457
0.0478985146990151
0.0478947303311186
0.0478910470253110
0.0478874691273282
0.0478839996462055
0.0478806405253301
0.0478773928493658
0.0478742570065861
0.0478712328188617
0.0478683196473470
0.0478655164794376
0.0478628220010194
0.0478602346569133
0.0478577527017668
0.0478553742430932
0.0478530972778097
0.0478509197233405
0.0478488394441547
0.0478468542744414
0.0478449620375051
0.0478431605623612
0.0478414476979420
0.0478398213252443
0.0478382793677151
0.0478368198001209
0.0478354406560942
0.0478341400345741
0.0478329161052441
0.0478317671131559
0.0478306913826168
0.0478296873204496
0.0478287534187355
0.0478278882570797
0.0478270905044919
0.0478263589209454
0.0478256923586216
0.0478250897629526
0.0478245501734434
0.0478240727243160
0.0478236566450428
0.0478233012607408
0.0478230059924846
0.0478227703575422
0.0478225939695513
0.0478224765386384
0.0478224178715106
0.0478224178715106
0.0478224765386384
0.0478225939695513
0.0478227703575422
0.0478230059924846
0.0478233012607408
0.0478236566450428
0.0478240727243160
0.0478245501734434
0.0478250897629526
0.0478256923586216
0.0478263589209454
0.0478270905044919
0.0478278882570797
0.0478287534187355
0.0478296873204496
0.0478306913826168
0.0478317671131559
0.0478329161052441
0.0478341400345741
0.0478354406560942
0.0478368198001209
0.0478382793677151
0.0478398213252443
0.0478414476979420
0.0478431605623612
0.0478449620375051
0.0478468542744414
0.0478488394441547
0.0478509197233405
0.0478530972778097
0.0478553742430932
0.0478577527017668
0.0478602346569133
0.0478628220010194
0.0478655164794376
0.0478683196473470
0.0478712328188617
0.0478742570065861
0.0478773928493658
0.0478806405253301
0.0478839996462055
0.0478874691273282
0.0478910470253110
0.0478947303311186
0.0478985146990151
0.0479023940777457
0.0479063601798787
0.0479104016482831
0.0479145025263555
0.0479142828378286
0.0479101768518379
0.0479061303165207
0.0479021591939824
0.0478982748470357
0.0478944855688297
0.0478907974162731
0.0478872147406248
0.0478837405562753
0.0478803768117500
0.0478771245966051
0.0478739843037325
0.0478709557593365
0.0478680383285938
0.0478652310026112
0.0478625324706575
0.0478599411806077
0.0478574553898504
0.0478550732083089
0.0478527926349987
0.0478506115891420
0.0478485279367028
0.0478465395130998
0.0478446441425931
0.0478428396549102
0.0478411238994706
0.0478394947575405
0.0478379501526493
0.0478364880594724
0.0478351065114006
0.0478338036069918
0.0478325775154405
0.0478314264812125
0.0478303488279445
0.0478293429617379
0.0478284073739013
0.0478275406432387
0.0478267414379497
0.0478260085171928
0.0478253407323524
0.0478247370280856
0.0478241964431559
0.0478237181110974
0.0478233012607408
0.0478229452166286
0.0478226493993320
0.0478224133256863
0.0478222366089776
0.0478221189590699
0.0478220601824900
0.0478220601824900
0.0478221189590699
0.0478222366089776
0.0478224133256863
0.0478226493993320
0.0478229452166286
0.0478233012607408
0.0478237181110974
0.0478241964431559
0.0478247370280856
0.0478253407323524
0.0478260085171928
0.0478267414379497
0.0478275406432387
0.0478284073739013
0.0478293429617379
0.0478303488279445
0.0478314264812125
0.0478325775154405
0.0478338036069919
0.0478351065114006
0.0478364880594724
0.0478379501526493
0.0478394947575405
0.0478411238994706
0.0478428396549102
0.0478446441425930
0.0478465395130998
0.0478485279367028
0.0478506115891420
0.0478527926349987
0.0478550732083089
0.0478574553898504
0.0478599411806077
0.0478625324706575
0.0478652310026112
0.0478680383285938
0.0478709557593364
0.0478739843037325
0.0478771245966051
0.0478803768117500
0.0478837405562753
0.0478872147406248
0.0478907974162731
0.0478944855688297
0.0478982748470357
0.0479021591939824
0.0479061303165207
0.0479101768518379
0.0479142828378286
0.0479141002171517
0.0479099899958308
0.0479059392591706
0.0479019639737875
0.0478980755071640
0.0478942821571501
0.0478905899853099
0.0478870033474549
0.0478835252623826
0.0478801576828607
0.0478769017024798
0.0478737577179565
0.0478707255590757
0.0478678045943476
0.0478649938179518
0.0478622919219694
0.0478596973568282
0.0478572083821860
0.0478548231099892
0.0478525395410107
0.0478503555959811
0.0478482691421367
0.0478462780159294
0.0478443800424475
0.0478425730520335
0.0478408548945345
0.0478392234514741
0.0478376766464786
0.0478362124541723
0.0478348289077732
0.0478335241055547
0.0478322962163300
0.0478311434841013
0.0478300642319770
0.0478290568654814
0.0478281198753008
0.0478272518396026
0.0478264514259279
0.0478257173927783
0.0478250485908912
0.0478244439642969
0.0478239025511613
0.0478234234844529
0.0478230059924846
0.0478226493993320
0.0478223531251527
0.0478221166864314
0.0478219396961719
0.0478218218640161
0.0478217629963507
0.0478217629963507
0.0478218218640161
0.0478219396961718
0.0478221166864314
0.0478223531251527
0.0478226493993320
0.0478230059924846
0.0478234234844529
0.0478239025511613
0.0478244439642968
0.0478250485908912
0.0478257173927783
0.0478264514259280
0.0478272518396025
0.0478281198753008
0.0478290568654814
0.0478300642319770
0.0478311434841013
0.0478322962163300
0.0478335241055547
0.0478348289077732
0.0478362124541723
0.0478376766464786
0.0478392234514741
0.0478408548945345
0.0478425730520335
0.0478443800424475
0.0478462780159294
0.0478482691421367
0.0478503555959811
0.0478525395410107
0.0478548231099892
0.0478572083821860
0.0478596973568282
0.0478622919219694
0.0478649938179518
0.0478678045943476
0.0478707255590757
0.0478737577179565
0.0478769017024798
0.0478801576828607
0.0478835252623826
0.0478870033474549
0.0478905899853099
0.0478942821571501
0.0478980755071640
0.0479019639737875
0.0479059392591706
0.0479099899958308
0.0479141002171517
0.0479139544174274
0.0479098408217248
0.0479057867377477
0.0479018081356762
0.0478979163866937
0.0478941197923677
0.0478904244179433
0.0478868346228423
0.0478833534293631
0.0478799827936288
0.0478767238124395
0.0478735768855474
0.0478705418455846
0.0478676180637150
0.0478648045365707
0.0478620999584761
0.0478595027818910
0.0478570112682983
0.0478546235312620
0.0478523375729683
0.0478501513153634
0.0478480626267109
0.0478460693443088
0.0478441692939115
0.0478423603063785
0.0478406402319141
0.0478390069522619
0.0478374583911427
0.0478359925231656
0.0478346073814254
0.0478333010639843
0.0478320717393696
0.0478309176512322
0.0478298371222753
0.0478288285575746
0.0478278904473428
0.0478270213692438
0.0478262199903120
0.0478254850685345
0.0478248154541460
0.0478242100906858
0.0478236680158511
0.0478231883621666
0.0478227703575422
0.0478224133256863
0.0478221166864316
0.0478218799559900
0.0478217027471396
0.0478215847693524
0.0478215258288986
0.0478215258288986
0.0478215847693524
0.0478217027471396
0.0478218799559900
0.0478221166864316
0.0478224133256863
0.0478227703575422
0.0478231883621666
0.0478236680158511
0.0478242100906858
0.0478248154541460
0.0478254850685345
0.0478262199903120
0.0478270213692438
0.0478278904473428
0.0478288285575747
0.0478298371222753
0.0478309176512322
0.0478320717393696
0.0478333010639843
0.0478346073814254
0.0478359925231656
0.0478374583911427
0.0478390069522619
0.0478406402319141
0.0478423603063785
0.0478441692939115
0.0478460693443087
0.0478480626267110
0.0478501513153634
0.0478523375729683
0.0478546235312620
0.0478570112682983
0.0478595027818910
0.0478620999584761
0.0478648045365707
0.0478676180637150
0.0478705418455846
0.0478735768855474
0.0478767238124395
0.0478799827936288
0.0478833534293631
0.0478868346228423
0.0478904244179433
0.0478941197923677
0.0478979163866937
0.0479018081356762
0.0479057867377477
0.0479098408217248
0.0479139544174274
0.0479138452408909
0.0479097291224787
0.0479056725360195
0.0479016914543422
0.0478977972513777
0.0478939982314582
0.0478903004625751
0.0478867083068302
0.0478832247891285
0.0478798518680982
0.0478765906429316
0.0478734415156421
0.0478704043209901
0.0478674784321213
0.0478646628475014
0.0478619562631329
0.0478593571329990
0.0478568637199539
0.0478544741387718
0.0478521863927057
0.0478499984046192
0.0478479080435529
0.0478459131474401
0.0478440115425537
0.0478422010601415
0.0478404795506889
0.0478388448961164
0.0478372950202249
0.0478358278976199
0.0478344415613173
0.0478331341092318
0.0478319037096871
0.0478307486060799
0.0478296671208192
0.0478286576586546
0.0478277187094528
0.0478268488505090
0.0478260467484860
0.0478253111609940
0.0478246409378967
0.0478240350223729
0.0478234924517695
0.0478230123582946
0.0478225939695513
0.0478222366089775
0.0478219396961719
0.0478217027471396
0.0478215253744914
0.0478214072875769
0.0478213482925820
0.0478213482925820
0.0478214072875769
0.0478215253744914
0.0478217027471396
0.0478219396961719
0.0478222366089775
0.0478225939695513
0.0478230123582946
0.0478234924517695
0.0478240350223729
0.0478246409378967
0.0478253111609940
0.0478260467484860
0.0478268488505090
0.0478277187094528
0.0478286576586546
0.0478296671208192
0.0478307486060799
0.0478319037096871
0.0478331341092317
0.0478344415613173
0.0478358278976199
0.0478372950202249
0.0478388448961164
0.0478404795506889
0.0478422010601415
0.0478440115425537
0.0478459131474401
0.0478479080435529
0.0478499984046192
0.0478521863927057
0.0478544741387718
0.0478568637199539
0.0478593571329990
0.0478619562631328
0.0478646628475014
0.0478674784321213
0.0478704043209901
0.0478734415156421
0.0478765906429316
0.0478798518680982
0.0478832247891285
0.0478867083068302
0.0478903004625751
0.0478939982314582
0.0478977972513777
0.0479016914543422
0.0479056725360195
0.0479097291224787
0.0479138452408909
0.0479137725390777
0.0479096547426983
0.0479055964917212
0.0479016137607341
0.0478977179254829
0.0478939172921359
0.0478902179305002
0.0478866242044593
0.0478831391406442
0.0478797646993490
0.0478765019813484
0.0478733513901617
0.0478703127619634
0.0478673854712163
0.0478645685176038
0.0478618605982478
0.0478592601681457
0.0478567654910621
0.0478543746825874
0.0478520857466821
0.0478498966068239
0.0478478051325715
0.0478458091622930
0.0478439065226043
0.0478420950450198
0.0478403725802137
0.0478387370102306
0.0478371862589329
0.0478357183009225
0.0478343311691731
0.0478330229615050
0.0478317918461105
0.0478306360662180
0.0478295539440552
0.0478285438841531
0.0478276043761471
0.0478267339970969
0.0478259314134206
0.0478251953824830
0.0478245247538991
0.0478239184706119
0.0478233755697418
0.0478228951832797
0.0478224765386385
0.0478221189590699
0.0478218218640161
0.0478215847693524
0.0478214072875769
0.0478212891279587
0.0478212300966251
0.0478212300966251
0.0478212891279587
0.0478214072875769
0.0478215847693524
0.0478218218640161
0.0478221189590699
0.0478224765386385
0.0478228951832797
0.0478233755697418
0.0478239184706119
0.0478245247538991
0.0478251953824830
0.0478259314134206
0.0478267339970969
0.0478276043761471
0.0478285438841531
0.0478295539440552
0.0478306360662180
0.0478317918461105
0.0478330229615050
0.0478343311691731
0.0478357183009225
0.0478371862589327
0.0478387370102306
0.0478403725802137
0.0478420950450198
0.0478439065226043
0.0478458091622930
0.0478478051325715
0.0478498966068239
0.0478520857466821
0.0478543746825874
0.0478567654910621
0.0478592601681457
0.0478618605982478
0.0478645685176038
0.0478673854712163
0.0478703127619634
0.0478733513901617
0.0478765019813484
0.0478797646993490
0.0478831391406442
0.0478866242044593
0.0478902179305002
0.0478939172921359
0.0478977179254829
0.0479016137607341
0.0479055964917212
0.0479096547426983
0.0479137725390777
0.0479137362129428
0.0479096175787294
0.0479055584966351
0.0479015749421180
0.0478976782918318
0.0478938768528602
0.0478901766959133
0.0478865821857646
0.0478830963499026
0.0478797211494523
0.0478764576859795
0.0478733063637560
0.0478702670196571
0.0478673390288060
0.0478645213914954
0.0478618128054031
0.0478592117260353
0.0478567164176150
0.0478543249961337
0.0478520354659101
0.0478498457507301
0.0478477537204148
0.0478457572135457
0.0478438540569120
0.0478420420821652
0.0478403191400748
0.0478386831127486
0.0478371319240788
0.0478356635486721
0.0478342760194796
0.0478329674342745
0.0478317359611864
0.0478305798433638
0.0478294974029374
0.0478284870443363
0.0478275472570835
0.0478266766181195
0.0478258737937398
0.0478251375411863
0.0478244667099552
0.0478238602428707
0.0478233171769397
0.0478228366440492
0.0478224178715106
0.0478220601824900
0.0478217629963507
0.0478215258288985
0.0478213482925820
0.0478212300966251
0.0478211710471288
0.0478211710471288
0.0478212300966251
0.0478213482925820
0.0478215258288984
0.0478217629963507
0.0478220601824900
0.0478224178715106
0.0478228366440492
0.0478233171769397
0.0478238602428707
0.0478244667099552
0.0478251375411863
0.0478258737937398
0.0478266766181195
0.0478275472570835
0.0478284870443363
0.0478294974029374
0.0478305798433640
0.0478317359611864
0.0478329674342745
0.0478342760194796
0.0478356635486721
0.0478371319240788
0.0478386831127486
0.0478403191400748
0.0478420420821652
0.0478438540569120
0.0478457572135457
0.0478477537204148
0.0478498457507301
0.0478520354659101
0.0478543249961337
0.0478567164176149
0.0478592117260353
0.0478618128054031
0.0478645213914954
0.0478673390288060
0.0478702670196571
0.0478733063637559
0.0478764576859795
0.0478797211494523
0.0478830963499026
0.0478865821857646
0.0478901766959133
0.0478938768528601
0.0478976782918318
0.0479015749421180
0.0479055584966351
0.0479096175787294
0.0479137362129428
0.0479137362129428
0.0479096175787294
0.0479055584966351
0.0479015749421180
0.0478976782918318
0.0478938768528603
0.0478901766959133
0.0478865821857646
0.0478830963499025
0.0478797211494523
0.0478764576859796
0.0478733063637560
0.0478702670196571
0.0478673390288060
0.0478645213914954
0.0478618128054031
0.0478592117260353
0.0478567164176149
0.0478543249961337
0.0478520354659102
0.0478498457507301
0.0478477537204147
0.0478457572135457
0.0478438540569119
0.0478420420821651
0.0478403191400748
0.0478386831127486
0.0478371319240788
0.0478356635486721
0.0478342760194796
0.0478329674342743
0.0478317359611864
0.0478305798433638
0.0478294974029374
0.0478284870443363
0.0478275472570835
0.0478266766181195
0.0478258737937398
0.0478251375411863
0.0478244667099552
0.0478238602428707
0.0478233171769398
0.0478228366440492
0.0478224178715106
0.0478220601824900
0.0478217629963506
0.0478215258288985
0.0478213482925820
0.0478212300966251
0.0478211710471290
0.0478211710471290
0.0478212300966251
0.0478213482925820
0.0478215258288985
0.0478217629963506
0.0478220601824900
0.0478224178715106
0.0478228366440492
0.0478233171769398
0.0478238602428707
0.0478244667099552
0.0478251375411863
0.0478258737937398
0.0478266766181195
0.0478275472570836
0.0478284870443363
0.0478294974029374
0.0478305798433638
0.0478317359611864
0.0478329674342743
0.0478342760194796
0.0478356635486721
0.0478371319240788
0.0478386831127486
0.0478403191400748
0.0478420420821651
0.0478438540569119
0.0478457572135457
0.0478477537204147
0.0478498457507301
0.0478520354659102
0.0478543249961337
0.0478567164176149
0.0478592117260353
0.0478618128054031
0.0478645213914954
0.0478673390288060
0.0478702670196571
0.0478733063637559
0.0478764576859796
0.0478797211494523
0.0478830963499025
0.0478865821857646
0.0478901766959133
0.0478938768528602
0.0478976782918318
0.0479015749421180
0.0479055584966351
0.0479096175787294
0.0479137362129428
0.0479137725390777
0.0479096547426983
0.0479055964917212
0.0479016137607341
0.0478977179254829
0.0478939172921359
0.0478902179305002
0.0478866242044593
0.0478831391406442
0.0478797646993490
0.0478765019813484
0.0478733513901617
0.0478703127619634
0.0478673854712163
0.0478645685176038
0.0478618605982478
0.0478592601681457
0.0478567654910621
0.0478543746825874
0.0478520857466821
0.0478498966068239
0.0478478051325715
0.0478458091622930
0.0478439065226044
0.0478420950450198
0.0478403725802136
0.0478387370102306
0.0478371862589329
0.0478357183009226
0.0478343311691731
0.0478330229615050
0.0478317918461105
0.0478306360662180
0.0478295539440552
0.0478285438841531
0.0478276043761472
0.0478267339970969
0.0478259314134207
0.0478251953824830
0.0478245247538992
0.0478239184706119
0.0478233755697417
0.0478228951832797
0.0478224765386385
0.0478221189590699
0.0478218218640161
0.0478215847693524
0.0478214072875769
0.0478212891279587
0.0478212300966251
0.0478212300966251
0.0478212891279588
0.0478214072875769
0.0478215847693524
0.0478218218640161
0.0478221189590699
0.0478224765386385
0.0478228951832797
0.0478233755697417
0.0478239184706119
0.0478245247538992
0.0478251953824830
0.0478259314134207
0.0478267339970969
0.0478276043761472
0.0478285438841531
0.0478295539440552
0.0478306360662180
0.0478317918461105
0.0478330229615050
0.0478343311691731
0.0478357183009226
0.0478371862589329
0.0478387370102306
0.0478403725802136
0.0478420950450198
0.0478439065226044
0.0478458091622930
0.0478478051325715
0.0478498966068239
0.0478520857466821
0.0478543746825874
0.0478567654910621
0.0478592601681457
0.0478618605982478
0.0478645685176038
0.0478673854712163
0.0478703127619634
0.0478733513901617
0.0478765019813484
0.0478797646993490
0.0478831391406442
0.0478866242044593
0.0478902179305002
0.0478939172921358
0.0478977179254829
0.0479016137607341
0.0479055964917212
0.0479096547426983
0.0479137725390777
0.0479138452408909
0.0479097291224787
0.0479056725360195
0.0479016914543422
0.0478977972513777
0.0478939982314582
0.0478903004625751
0.0478867083068302
0.0478832247891285
0.0478798518680982
0.0478765906429316
0.0478734415156421
0.0478704043209901
0.0478674784321213
0.0478646628475014
0.0478619562631329
0.0478593571329990
0.0478568637199539
0.0478544741387718
0.0478521863927057
0.0478499984046192
0.0478479080435529
0.0478459131474402
0.0478440115425537
0.0478422010601415
0.0478404795506889
0.0478388448961164
0.0478372950202248
0.0478358278976199
0.0478344415613173
0.0478331341092317
0.0478319037096871
0.0478307486060799
0.0478296671208192
0.0478286576586546
0.0478277187094528
0.0478268488505090
0.0478260467484860
0.0478253111609940
0.0478246409378967
0.0478240350223729
0.0478234924517695
0.0478230123582944
0.0478225939695512
0.0478222366089776
0.0478219396961719
0.0478217027471396
0.0478215253744915
0.0478214072875769
0.0478213482925820
0.0478213482925820
0.0478214072875769
0.0478215253744915
0.0478217027471396
0.0478219396961719
0.0478222366089776
0.0478225939695512
0.0478230123582944
0.0478234924517695
0.0478240350223729
0.0478246409378967
0.0478253111609940
0.0478260467484860
0.0478268488505090
0.0478277187094528
0.0478286576586546
0.0478296671208192
0.0478307486060799
0.0478319037096871
0.0478331341092317
0.0478344415613173
0.0478358278976199
0.0478372950202248
0.0478388448961164
0.0478404795506889
0.0478422010601415
0.0478440115425537
0.0478459131474402
0.0478479080435529
0.0478499984046192
0.0478521863927057
0.0478544741387718
0.0478568637199539
0.0478593571329990
0.0478619562631329
0.0478646628475014
0.0478674784321213
0.0478704043209900
0.0478734415156421
0.0478765906429316
0.0478798518680982
0.0478832247891285
0.0478867083068302
0.0478903004625753
0.0478939982314582
0.0478977972513777
0.0479016914543422
0.0479056725360195
0.0479097291224787
0.0479138452408909
0.0479139544174274
0.0479098408217248
0.0479057867377477
0.0479018081356762
0.0478979163866937
0.0478941197923677
0.0478904244179432
0.0478868346228423
0.0478833534293631
0.0478799827936288
0.0478767238124396
0.0478735768855474
0.0478705418455846
0.0478676180637150
0.0478648045365707
0.0478620999584761
0.0478595027818910
0.0478570112682984
0.0478546235312620
0.0478523375729683
0.0478501513153634
0.0478480626267109
0.0478460693443088
0.0478441692939115
0.0478423603063785
0.0478406402319141
0.0478390069522620
0.0478374583911427
0.0478359925231656
0.0478346073814254
0.0478333010639843
0.0478320717393696
0.0478309176512321
0.0478298371222753
0.0478288285575747
0.0478278904473428
0.0478270213692438
0.0478262199903119
0.0478254850685345
0.0478248154541460
0.0478242100906858
0.0478236680158511
0.0478231883621666
0.0478227703575422
0.0478224133256864
0.0478221166864314
0.0478218799559900
0.0478217027471396
0.0478215847693524
0.0478215258288984
0.0478215258288984
0.0478215847693524
0.0478217027471396
0.0478218799559900
0.0478221166864314
0.0478224133256864
0.0478227703575422
0.0478231883621666
0.0478236680158511
0.0478242100906858
0.0478248154541460
0.0478254850685345
0.0478262199903119
0.0478270213692438
0.0478278904473428
0.0478288285575747
0.0478298371222753
0.0478309176512322
0.0478320717393696
0.0478333010639843
0.0478346073814254
0.0478359925231656
0.0478374583911427
0.0478390069522620
0.0478406402319141
0.0478423603063785
0.0478441692939115
0.0478460693443088
0.0478480626267109
0.0478501513153634
0.0478523375729683
0.0478546235312620
0.0478570112682984
0.0478595027818910
0.0478620999584761
0.0478648045365707
0.0478676180637150
0.0478705418455846
0.0478735768855474
0.0478767238124396
0.0478799827936288
0.0478833534293631
0.0478868346228423
0.0478904244179432
0.0478941197923677
0.0478979163866937
0.0479018081356762
0.0479057867377477
0.0479098408217248
0.0479139544174274
0.0479141002171517
0.0479099899958309
0.0479059392591706
0.0479019639737874
0.0478980755071640
0.0478942821571501
0.0478905899853100
0.0478870033474550
0.0478835252623827
0.0478801576828607
0.0478769017024798
0.0478737577179564
0.0478707255590757
0.0478678045943476
0.0478649938179518
0.0478622919219695
0.0478596973568283
0.0478572083821860
0.0478548231099892
0.0478525395410107
0.0478503555959811
0.0478482691421367
0.0478462780159294
0.0478443800424475
0.0478425730520335
0.0478408548945345
0.0478392234514741
0.0478376766464784
0.0478362124541723
0.0478348289077732
0.0478335241055547
0.0478322962163302
0.0478311434841014
0.0478300642319773
0.0478290568654814
0.0478281198753009
0.0478272518396026
0.0478264514259279
0.0478257173927783
0.0478250485908912
0.0478244439642968
0.0478239025511613
0.0478234234844529
0.0478230059924846
0.0478226493993320
0.0478223531251527
0.0478221166864314
0.0478219396961718
0.0478218218640161
0.0478217629963505
0.0478217629963505
0.0478218218640161
0.0478219396961719
0.0478221166864314
0.0478223531251527
0.0478226493993320
0.0478230059924846
0.0478234234844529
0.0478239025511613
0.0478244439642968
0.0478250485908912
0.0478257173927783
0.0478264514259279
0.0478272518396026
0.0478281198753009
0.0478290568654814
0.0478300642319773
0.0478311434841013
0.0478322962163302
0.0478335241055547
0.0478348289077732
0.0478362124541723
0.0478376766464784
0.0478392234514741
0.0478408548945345
0.0478425730520335
0.0478443800424475
0.0478462780159294
0.0478482691421367
0.0478503555959811
0.0478525395410107
0.0478548231099892
0.0478572083821860
0.0478596973568283
0.0478622919219695
0.0478649938179518
0.0478678045943476
0.0478707255590757
0.0478737577179565
0.0478769017024798
0.0478801576828607
0.0478835252623827
0.0478870033474550
0.0478905899853100
0.0478942821571501
0.0478980755071640
0.0479019639737874
0.0479059392591706
0.0479099899958308
0.0479141002171517
0.0479142828378286
0.0479101768518379
0.0479061303165207
0.0479021591939824
0.0478982748470356
0.0478944855688297
0.0478907974162731
0.0478872147406248
0.0478837405562753
0.0478803768117501
0.0478771245966051
0.0478739843037325
0.0478709557593365
0.0478680383285938
0.0478652310026112
0.0478625324706574
0.0478599411806077
0.0478574553898504
0.0478550732083089
0.0478527926349987
0.0478506115891420
0.0478485279367028
0.0478465395130996
0.0478446441425931
0.0478428396549102
0.0478411238994704
0.0478394947575405
0.0478379501526493
0.0478364880594723
0.0478351065114006
0.0478338036069919
0.0478325775154405
0.0478314264812125
0.0478303488279445
0.0478293429617379
0.0478284073739013
0.0478275406432387
0.0478267414379497
0.0478260085171928
0.0478253407323522
0.0478247370280856
0.0478241964431560
0.0478237181110974
0.0478233012607408
0.0478229452166286
0.0478226493993320
0.0478224133256863
0.0478222366089776
0.0478221189590701
0.0478220601824900
0.0478220601824900
0.0478221189590701
0.0478222366089776
0.0478224133256863
0.0478226493993320
0.0478229452166286
0.0478233012607408
0.0478237181110974
0.0478241964431560
0.0478247370280856
0.0478253407323524
0.0478260085171928
0.0478267414379497
0.0478275406432387
0.0478284073739013
0.0478293429617379
0.0478303488279445
0.0478314264812125
0.0478325775154405
0.0478338036069919
0.0478351065114006
0.0478364880594723
0.0478379501526493
0.0478394947575405
0.0478411238994704
0.0478428396549102
0.0478446441425931
0.0478465395130996
0.0478485279367028
0.0478506115891420
0.0478527926349987
0.0478550732083089
0.0478574553898504
0.0478599411806077
0.0478625324706574
0.0478652310026112
0.0478680383285938
0.0478709557593365
0.0478739843037325
0.0478771245966051
0.0478803768117501
0.0478837405562753
0.0478872147406248
0.0478907974162731
0.0478944855688297
0.0478982748470356
0.0479021591939824
0.0479061303165207
0.0479101768518379
0.0479142828378286
0.0479145025263556
0.0479104016482831
0.0479063601798787
0.0479023940777457
0.0478985146990151
0.0478947303311186
0.0478910470253110
0.0478874691273282
0.0478839996462055
0.0478806405253301
0.0478773928493658
0.0478742570065861
0.0478712328188617
0.0478683196473470
0.0478655164794374
0.0478628220010194
0.0478602346569133
0.0478577527017668
0.0478553742430932
0.0478530972778096
0.0478509197233405
0.0478488394441547
0.0478468542744414
0.0478449620375051
0.0478431605623612
0.0478414476979420
0.0478398213252443
0.0478382793677151
0.0478368198001209
0.0478354406560942
0.0478341400345741
0.0478329161052441
0.0478317671131559
0.0478306913826168
0.0478296873204496
0.0478287534187355
0.0478278882570797
0.0478270905044919
0.0478263589209454
0.0478256923586216
0.0478250897629526
0.0478245501734434
0.0478240727243160
0.0478236566450428
0.0478233012607408
0.0478230059924846
0.0478227703575422
0.0478225939695513
0.0478224765386384
0.0478224178715106
0.0478224178715106
0.0478224765386384
0.0478225939695512
0.0478227703575422
0.0478230059924846
0.0478233012607408
0.0478236566450428
0.0478240727243160
0.0478245501734434
0.0478250897629526
0.0478256923586216
0.0478263589209454
0.0478270905044919
0.0478278882570797
0.0478287534187355
0.0478296873204496
0.0478306913826168
0.0478317671131559
0.0478329161052441
0.0478341400345741
0.0478354406560942
0.0478368198001209
0.0478382793677151
0.0478398213252443
0.0478414476979420
0.0478431605623612
0.0478449620375051
0.0478468542744414
0.0478488394441547
0.0478509197233405
0.0478530972778096
0.0478553742430932
0.0478577527017668
0.0478602346569133
0.0478628220010194
0.0478655164794374
0.0478683196473470
0.0478712328188617
0.0478742570065861
0.0478773928493658
0.0478806405253301
0.0478839996462055
0.0478874691273282
0.0478910470253110
0.0478947303311186
0.0478985146990151
0.0479023940777457
0.0479063601798787
0.0479104016482831
0.0479145025263556
0.0479147595785349
0.0479106646950241
0.0479066291730249
0.0479026689626127
0.0478987954141739
0.0478950168083702
0.0478913391897647
0.0478877668975505
0.0478843029344388
0.0478809492377540
0.0478777068863830
0.0478745762631596
0.0478715571848585
0.0478686490079023
0.0478658507153425
0.0478631609890978
0.0478605782704151
0.0478581008107555
0.0478557267148300
0.0478534539771212
0.0478512805129871
0.0478492041851728
0.0478472228264740
0.0478453342591141
0.0478435363113192
0.0478418268315009
0.0478402037003847
0.0478386648413695
0.0478372082293756
0.0478358318983686
0.0478345339477718
0.0478333125478945
0.0478321659445165
0.0478310924627667
0.0478300905103603
0.0478291585803156
0.0478282952532112
0.0478274991990432
0.0478267691787613
0.0478261040455168
0.0478255027456768
0.0478249643196283
0.0478244879024283
0.0478240727243160
0.0478237181110974
0.0478234234844529
0.0478231883621666
0.0478230123582944
0.0478228951832797
0.0478228366440492
0.0478228366440492
0.0478228951832797
0.0478230123582944
0.0478231883621666
0.0478234234844529
0.0478237181110974
0.0478240727243160
0.0478244879024283
0.0478249643196283
0.0478255027456768
0.0478261040455168
0.0478267691787613
0.0478274991990432
0.0478282952532112
0.0478291585803154
0.0478300905103603
0.0478310924627667
0.0478321659445165
0.0478333125478945
0.0478345339477718
0.0478358318983686
0.0478372082293756
0.0478386648413695
0.0478402037003847
0.0478418268315009
0.0478435363113192
0.0478453342591141
0.0478472228264740
0.0478492041851728
0.0478512805129871
0.0478534539771212
0.0478557267148300
0.0478581008107555
0.0478605782704151
0.0478631609890978
0.0478658507153425
0.0478686490079023
0.0478715571848585
0.0478745762631596
0.0478777068863830
0.0478809492377540
0.0478843029344388
0.0478877668975505
0.0478913391897647
0.0478950168083702
0.0478987954141739
0.0479026689626127
0.0479066291730249
0.0479106646950241
0.0479147595785349
0.0479150543388022
0.0479109663529992
0.0479069376732519
0.0479029842420236
0.0478991174018491
0.0478953454255075
0.0478916743497855
0.0478881085062795
0.0478846508903669
0.0478813034323384
0.0478780672044053
0.0478749425831078
0.0478719293793387
0.0478690269440766
0.0478662342553673
0.0478635499905853
0.0478609725868864
0.0478585002920935
0.0478561312077272
0.0478538633255160
0.0478516945584859
0.0478496227674532
0.0478476457836667
0.0478457614281664
0.0478439675283340
0.0478422619320441
0.0478406425197715
0.0478391072149245
0.0478376539926637
0.0478362808873976
0.0478349859991721
0.0478337674990661
0.0478326236337599
0.0478315527293788
0.0478305531947107
0.0478296235239068
0.0478287622987038
0.0478279681902738
0.0478272399607350
0.0478265764643834
0.0478259766486890
0.0478254395550883
0.0478249643196283
0.0478245501734434
0.0478241964431559
0.0478239025511613
0.0478236680158511
0.0478234924517695
0.0478233755697417
0.0478233171769397
0.0478233171769397
0.0478233755697418
0.0478234924517695
0.0478236680158511
0.0478239025511613
0.0478241964431559
0.0478245501734434
0.0478249643196283
0.0478254395550883
0.0478259766486890
0.0478265764643834
0.0478272399607350
0.0478279681902738
0.0478287622987038
0.0478296235239068
0.0478305531947107
0.0478315527293788
0.0478326236337599
0.0478337674990661
0.0478349859991721
0.0478362808873976
0.0478376539926637
0.0478391072149245
0.0478406425197715
0.0478422619320441
0.0478439675283340
0.0478457614281664
0.0478476457836667
0.0478496227674532
0.0478516945584859
0.0478538633255160
0.0478561312077272
0.0478585002920935
0.0478609725868864
0.0478635499905853
0.0478662342553673
0.0478690269440766
0.0478719293793387
0.0478749425831078
0.0478780672044053
0.0478813034323384
0.0478846508903669
0.0478881085062795
0.0478916743497855
0.0478953454255075
0.0478991174018491
0.0479029842420236
0.0479069376732519
0.0479109663529992
0.0479150543388022
0.0479153871998767
0.0479113070339324
0.0479072861111145
0.0479033403651301
0.0478994811294858
0.0478957166679140
0.0478920530082762
0.0478884944734801
0.0478850440505007
0.0478817036615969
0.0478784743713622
0.0478753565491645
0.0478723499992117
0.0478694540662961
0.0478666677227977
0.0478639896409552
0.0478614182533152
0.0478589518036143
0.0478565883898078
0.0478543260005580
0.0478521625463069
0.0478500958857570
0.0478481238484814
0.0478462442542520
0.0478444549295711
0.0478427537217896
0.0478411385111816
0.0478396072212449
0.0478381578274940
0.0478367883649221
0.0478354969343518
0.0478342817078150
0.0478331409330786
0.0478320729374669
0.0478310761310520
0.0478301490093229
0.0478292901553909
0.0478284982418099
0.0478277720320718
0.0478271103818130
0.0478265122397952
0.0478259766486890
0.0478255027456768
0.0478250897629526
0.0478247370280856
0.0478244439642968
0.0478242100906858
0.0478240350223729
0.0478239184706119
0.0478238602428706
0.0478238602428706
0.0478239184706119
0.0478240350223729
0.0478242100906858
0.0478244439642969
0.0478247370280856
0.0478250897629526
0.0478255027456768
0.0478259766486890
0.0478265122397952
0.0478271103818130
0.0478277720320718
0.0478284982418099
0.0478292901553909
0.0478301490093229
0.0478310761310520
0.0478320729374669
0.0478331409330786
0.0478342817078150
0.0478354969343518
0.0478367883649221
0.0478381578274938
0.0478396072212449
0.0478411385111816
0.0478427537217896
0.0478444549295711
0.0478462442542520
0.0478481238484814
0.0478500958857570
0.0478521625463069
0.0478543260005580
0.0478565883898078
0.0478589518036143
0.0478614182533152
0.0478639896409552
0.0478666677227977
0.0478694540662961
0.0478723499992117
0.0478753565491646
0.0478784743713622
0.0478817036615969
0.0478850440505007
0.0478884944734801
0.0478920530082762
0.0478957166679140
0.0478994811294858
0.0479033403651301
0.0479072861111145
0.0479113070339324
0.0479153871998767
0.0479157586023467
0.0479116871999761
0.0479076749701381
0.0479037378365496
0.0478998871224463
0.0478961310812844
0.0478924757307981
0.0478889253840322
0.0478854830184592
0.0478821505472555
0.0478789290264101
0.0478758188172158
0.0478728197163569
0.0478699310616883
0.0478671518192507
0.0478644806555437
0.0478619159979887
0.0478594560857964
0.0478570990129836
0.0478548427648534
0.0478526852490362
0.0478506243219488
0.0478486578113787
0.0478467835357816
0.0478449993207718
0.0478433030132187
0.0478416924932715
0.0478401656846379
0.0478387205633253
0.0478373551650789
0.0478360675916951
0.0478348560163626
0.0478337186881539
0.0478326539358235
0.0478316601709607
0.0478307358906287
0.0478298796795483
0.0478290902118892
0.0478283662527385
0.0478277066592934
0.0478271103818130
0.0478265764643833
0.0478261040455168
0.0478256923586216
0.0478253407323524
0.0478250485908912
0.0478248154541460
0.0478246409378967
0.0478245247538991
0.0478244667099552
0.0478244667099552
0.0478245247538991
0.0478246409378967
0.0478248154541460
0.0478250485908912
0.0478253407323524
0.0478256923586216
0.0478261040455168
0.0478265764643833
0.0478271103818130
0.0478277066592934
0.0478283662527385
0.0478290902118892
0.0478298796795483
0.0478307358906287
0.0478316601709607
0.0478326539358235
0.0478337186881540
0.0478348560163626
0.0478360675916951
0.0478373551650789
0.0478387205633253
0.0478401656846379
0.0478416924932715
0.0478433030132187
0.0478449993207718
0.0478467835357816
0.0478486578113787
0.0478506243219488
0.0478526852490362
0.0478548427648534
0.0478570990129836
0.0478594560857964
0.0478619159979887
0.0478644806555437
0.0478671518192507
0.0478699310616883
0.0478728197163569
0.0478758188172158
0.0478789290264101
0.0478821505472555
0.0478854830184592
0.0478889253840322
0.0478924757307981
0.0478961310812844
0.0478998871224463
0.0479037378365496
0.0479076749701381
0.0479116871999761
0.0479157586023467
0.0479161690341681
0.0479121073632786
0.0479081047864312
0.0479041772160482
0.0479003359637660
0.0478965892714459
0.0478929431454197
0.0478894018876433
0.0478859684649116
0.0478826447802225
0.0478794318799342
0.0478763301163184
0.0478733392776771
0.0478704586941473
0.0478676873247413
0.0478650238296215
0.0478624666305603
0.0478600139618137
0.0478576639131007
0.0478554144660839
0.0478532635253758
0.0478512089449644
0.0478492485507749
0.0478473801599207
0.0478456015971601
0.0478439107089496
0.0478423053754332
0.0478407835206713
0.0478393431213484
0.0478379822141709
0.0478366989021288
0.0478354913598050
0.0478343578378414
0.0478332966666743
0.0478323062596751
0.0478313851157495
0.0478305318214903
0.0478297450529345
0.0478290235770206
0.0478283662527385
0.0478277720320718
0.0478272399607349
0.0478267691787613
0.0478263589209454
0.0478260085171928
0.0478257173927783
0.0478254850685345
0.0478253111609940
0.0478251953824830
0.0478251375411863
0.0478251375411863
0.0478251953824830
0.0478253111609940
0.0478254850685345
0.0478257173927783
0.0478260085171928
0.0478263589209454
0.0478267691787613
0.0478272399607349
0.0478277720320718
0.0478283662527385
0.0478290235770206
0.0478297450529345
0.0478305318214903
0.0478313851157495
0.0478323062596751
0.0478332966666743
0.0478343578378414
0.0478354913598050
0.0478366989021288
0.0478379822141709
0.0478393431213484
0.0478407835206713
0.0478423053754331
0.0478439107089496
0.0478456015971601
0.0478473801599207
0.0478492485507749
0.0478512089449644
0.0478532635253758
0.0478554144660839
0.0478576639131007
0.0478600139618137
0.0478624666305603
0.0478650238296215
0.0478676873247413
0.0478704586941472
0.0478733392776771
0.0478763301163184
0.0478794318799342
0.0478826447802225
0.0478859684649116
0.0478894018876433
0.0478929431454197
0.0478965892714459
0.0479003359637660
0.0479041772160482
0.0479081047864312
0.0479121073632786
0.0479161690341681
0.0479166190300596
0.0479125680854524
0.0479085761482529
0.0479046591181735
0.0479008282938323
0.0478970919040964
0.0478934559425304
0.0478899246986971
0.0478865011274821
0.0478831871205394
0.0478799837135279
0.0478768912487078
0.0478739095051056
0.0478710378043482
0.0478682750977108
0.0478656200384145
0.0478630710420698
0.0478606263375392
0.0478582840099175
0.0478560420369617
0.0478538983200831
0.0478518507107333
0.0478498970329257
0.0478480351024424
0.0478462627432558
0.0478445778015214
0.0478429781575316
0.0478414617358908
0.0478400265141842
0.0478386705303131
0.0478373918887347
0.0478361887657092
0.0478350594137234
0.0478340021652047
0.0478330154355997
0.0478320977259534
0.0478312476250189
0.0478304638109940
0.0478297450529345
0.0478290902118891
0.0478284982418099
0.0478279681902738
0.0478274991990432
0.0478270905044919
0.0478267414379497
0.0478264514259279
0.0478262199903119
0.0478260467484860
0.0478259314134206
0.0478258737937398
0.0478258737937398
0.0478259314134206
0.0478260467484860
0.0478262199903119
0.0478264514259279
0.0478267414379497
0.0478270905044919
0.0478274991990432
0.0478279681902738
0.0478284982418099
0.0478290902118891
0.0478297450529345
0.0478304638109940
0.0478312476250189
0.0478320977259534
0.0478330154355997
0.0478340021652047
0.0478350594137234
0.0478361887657092
0.0478373918887347
0.0478386705303131
0.0478400265141842
0.0478414617358908
0.0478429781575316
0.0478445778015215
0.0478462627432558
0.0478480351024424
0.0478498970329257
0.0478518507107333
0.0478538983200831
0.0478560420369617
0.0478582840099175
0.0478606263375392
0.0478630710420698
0.0478656200384145
0.0478682750977108
0.0478710378043482
0.0478739095051056
0.0478768912487078
0.0478799837135279
0.0478831871205394
0.0478865011274821
0.0478899246986971
0.0478934559425304
0.0478970919040964
0.0479008282938323
0.0479046591181735
0.0479085761482528
0.0479125680854524
0.0479166190300596
0.0479171091707932
0.0479130699769496
0.0479090896954501
0.0479051842117762
0.0479013648099956
0.0478976397044789
0.0478940148745721
0.0478904945960534
0.0478870818105850
0.0478837783972578
0.0478805853798980
0.0478775030897250
0.0478745312955663
0.0478716693097124
0.0478689160749949
0.0478662702370697
0.0478637302048777
0.0478612942014824
0.0478589603070216
0.0478567264951189
0.0478545906638320
0.0478525506619987
0.0478506043117118
0.0478487494274836
0.0478469838325992
0.0478453053730764
0.0478437119295563
0.0478422014274250
0.0478407718454286
0.0478394212229633
0.0478381476662527
0.0478369493535571
0.0478358245395461
0.0478347715589620
0.0478337888296704
0.0478328748551831
0.0478320282267427
0.0478312476250189
0.0478305318214903
0.0478298796795483
0.0478292901553909
0.0478287622987037
0.0478282952532112
0.0478278882570797
0.0478275406432387
0.0478272518396025
0.0478270213692438
0.0478268488505090
0.0478267339970969
0.0478266766181195
0.0478266766181195
0.0478267339970969
0.0478268488505090
0.0478270213692438
0.0478272518396025
0.0478275406432387
0.0478278882570797
0.0478282952532112
0.0478287622987037
0.0478292901553909
0.0478298796795483
0.0478305318214903
0.0478312476250189
0.0478320282267427
0.0478328748551831
0.0478337888296704
0.0478347715589620
0.0478358245395460
0.0478369493535571
0.0478381476662527
0.0478394212229633
0.0478407718454286
0.0478422014274250
0.0478437119295563
0.0478453053730764
0.0478469838325992
0.0478487494274836
0.0478506043117118
0.0478525506619987
0.0478545906638320
0.0478567264951189
0.0478589603070216
0.0478612942014824
0.0478637302048777
0.0478662702370697
0.0478689160749949
0.0478716693097124
0.0478745312955664
0.0478775030897250
0.0478805853798980
0.0478837783972578
0.0478870818105850
0.0478904945960534
0.0478940148745721
0.0478976397044789
0.0479013648099956
0.0479051842117762
0.0479090896954501
0.0479130699769496
0.0479171091707932
0.0479176400823504
0.0479136136963096
0.0479096461188042
0.0479057532194384
0.0479019462660769
0.0478982334569733
0.0478946207556964
0.0478911124227557
0.0478877113851983
0.0478844195082482
0.0478812378027121
0.0478781665876924
0.0478752056208527
0.0478723542043049
0.0478696112717008
0.0478669754605287
0.0478644451725466
0.0478620186246212
0.0478596938916413
0.0478574689428883
0.0478553416729551
0.0478533099280269
0.0478513715283163
0.0478495242871589
0.0478477660273219
0.0478460945948909
0.0478445078711074
0.0478430037824270
0.0478415803090758
0.0478402354922792
0.0478389674403921
0.0478377743340385
0.0478366544304483
0.0478356060670596
0.0478346276645272
0.0478337177292036
0.0478328748551832
0.0478320977259534
0.0478313851157495
0.0478307358906287
0.0478301490093229
0.0478296235239068
0.0478291585803155
0.0478287534187355
0.0478284073739013
0.0478281198753009
0.0478278904473428
0.0478277187094528
0.0478276043761471
0.0478275472570835
0.0478275472570835
0.0478276043761471
0.0478277187094528
0.0478278904473428
0.0478281198753009
0.0478284073739013
0.0478287534187355
0.0478291585803155
0.0478296235239068
0.0478301490093229
0.0478307358906287
0.0478313851157495
0.0478320977259534
0.0478328748551832
0.0478337177292036
0.0478346276645272
0.0478356060670596
0.0478366544304483
0.0478377743340385
0.0478389674403921
0.0478402354922792
0.0478415803090758
0.0478430037824270
0.0478445078711074
0.0478460945948909
0.0478477660273219
0.0478495242871589
0.0478513715283163
0.0478533099280269
0.0478553416729551
0.0478574689428883
0.0478596938916413
0.0478620186246212
0.0478644451725466
0.0478669754605287
0.0478696112717008
0.0478723542043049
0.0478752056208527
0.0478781665876924
0.0478812378027121
0.0478844195082482
0.0478877113851984
0.0478911124227557
0.0478946207556964
0.0478982334569732
0.0479019462660769
0.0479057532194384
0.0479096461188042
0.0479136136963096
0.0479176400823504
0.0479182124349346
0.0479141999492705
0.0479102461592430
0.0479063669167812
0.0479025734717558
0.0478988740045634
0.0478952744613090
0.0478917790856478
0.0478883907885189
0.0478851114199057
0.0478819419763371
0.0478788827636707
0.0478759335274062
0.0478730935586047
0.0478703617810023
0.0478677368232935
0.0478652170795727
0.0478628007601275
0.0478604859343265
0.0478582705669520
0.0478561525490461
0.0478541297241629
0.0478521999107166
0.0478503609210310
0.0478486105775648
0.0478469467267399
0.0478453672507084
0.0478438700773429
0.0478424531887180
0.0478411146282927
0.0478398525069558
0.0478386650081248
0.0478375503920072
0.0478365069991679
0.0478355332534727
0.0478346276645272
0.0478337888296704
0.0478330154355997
0.0478323062596751
0.0478316601709607
0.0478310761310520
0.0478305531947107
0.0478300905103603
0.0478296873204496
0.0478293429617379
0.0478290568654814
0.0478288285575747
0.0478286576586546
0.0478285438841531
0.0478284870443364
0.0478284870443364
0.0478285438841531
0.0478286576586546
0.0478288285575747
0.0478290568654814
0.0478293429617379
0.0478296873204496
0.0478300905103603
0.0478305531947107
0.0478310761310520
0.0478316601709607
0.0478323062596751
0.0478330154355997
0.0478337888296704
0.0478346276645272
0.0478355332534726
0.0478365069991678
0.0478375503920072
0.0478386650081248
0.0478398525069558
0.0478411146282927
0.0478424531887180
0.0478438700773429
0.0478453672507084
0.0478469467267399
0.0478486105775648
0.0478503609210310
0.0478521999107166
0.0478541297241629
0.0478561525490461
0.0478582705669520
0.0478604859343266
0.0478628007601274
0.0478652170795727
0.0478677368232935
0.0478703617810024
0.0478730935586047
0.0478759335274062
0.0478788827636707
0.0478819419763371
0.0478851114199057
0.0478883907885189
0.0478917790856478
0.0478952744613090
0.0478988740045634
0.0479025734717558
0.0479063669167812
0.0479102461592430
0.0479141999492705
0.0479182124349346
0.0479188269418017
0.0479148294877186
0.0479108906068927
0.0479070261316207
0.0479032472918378
0.0478995622481843
0.0478959769274994
0.0478924955548664
0.0478891210235255
0.0478858551667550
0.0478826989654763
0.0478796527111203
0.0478767161359785
0.0478738885191736
0.0478711687737682
0.0478685555190575
0.0478660471409904
0.0478636418429239
0.0478613376884779
0.0478591326378054
0.0478570245783839
0.0478550113511974
0.0478530907730149
0.0478512606553603
0.0478495188206698
0.0478478631160313
0.0478462914248828
0.0478448016769221
0.0478433918565192
0.0478420600098155
0.0478408042507078
0.0478396227658819
0.0478385138190121
0.0478374757542579
0.0478365069991679
0.0478356060670596
0.0478347715589619
0.0478340021652047
0.0478332966666743
0.0478326539358235
0.0478320729374669
0.0478315527293788
0.0478310924627666
0.0478306913826168
0.0478303488279445
0.0478300642319773
0.0478298371222753
0.0478296671208193
0.0478295539440552
0.0478294974029375
0.0478294974029375
0.0478295539440552
0.0478296671208192
0.0478298371222753
0.0478300642319773
0.0478303488279445
0.0478306913826168
0.0478310924627666
0.0478315527293788
0.0478320729374669
0.0478326539358235
0.0478332966666743
0.0478340021652047
0.0478347715589620
0.0478356060670596
0.0478365069991679
0.0478374757542579
0.0478385138190121
0.0478396227658819
0.0478408042507078
0.0478420600098155
0.0478433918565192
0.0478448016769221
0.0478462914248828
0.0478478631160313
0.0478495188206698
0.0478512606553603
0.0478530907730149
0.0478550113511974
0.0478570245783840
0.0478591326378054
0.0478613376884779
0.0478636418429239
0.0478660471409904
0.0478685555190575
0.0478711687737682
0.0478738885191736
0.0478767161359785
0.0478796527111203
0.0478826989654763
0.0478858551667550
0.0478891210235255
0.0478924955548664
0.0478959769274994
0.0478995622481843
0.0479032472918378
0.0479070261316207
0.0479108906068927
0.0479148294877186
0.0479188269418017
0.0479194843579093
0.0479155031084500
0.0479115802999627
0.0479077317429657
0.0479039686453408
0.0479002991459181
0.0478967291503067
0.0478932628631831
0.0478899031583699
0.0478866518508854
0.0478835099046407
0.0478804775953871
0.0478775546411341
0.0478747403081424
0.0478720334980490
0.0478694328201472
0.0478669366517770
0.0478645431890537
0.0478622504896534
0.0478600565090309
0.0478579591311359
0.0478559561945119
0.0478540455145004
0.0478522249021170
0.0478504921801240
0.0478488451966847
0.0478472818369714
0.0478458000329907
0.0478443977719076
0.0478430731030774
0.0478418241439448
0.0478406490850028
0.0478395461939266
0.0478385138190121
0.0478375503920072
0.0478366544304483
0.0478358245395460
0.0478350594137234
0.0478343578378412
0.0478337186881540
0.0478331409330786
0.0478326236337599
0.0478321659445165
0.0478317671131559
0.0478314264812125
0.0478311434841013
0.0478309176512322
0.0478307486060799
0.0478306360662180
0.0478305798433637
0.0478305798433640
0.0478306360662180
0.0478307486060799
0.0478309176512322
0.0478311434841014
0.0478314264812125
0.0478317671131559
0.0478321659445165
0.0478326236337599
0.0478331409330786
0.0478337186881540
0.0478343578378412
0.0478350594137234
0.0478358245395460
0.0478366544304483
0.0478375503920072
0.0478385138190121
0.0478395461939266
0.0478406490850028
0.0478418241439448
0.0478430731030774
0.0478443977719076
0.0478458000329907
0.0478472818369714
0.0478488451966847
0.0478504921801240
0.0478522249021170
0.0478540455145004
0.0478559561945119
0.0478579591311359
0.0478600565090309
0.0478622504896534
0.0478645431890537
0.0478669366517770
0.0478694328201472
0.0478720334980490
0.0478747403081424
0.0478775546411341
0.0478804775953871
0.0478835099046407
0.0478866518508854
0.0478899031583699
0.0478932628631831
0.0478967291503067
0.0479002991459181
0.0479039686453408
0.0479077317429657
0.0479115802999627
0.0479155031084500
0.0479194843579093
0.0479201854783300
0.0479162216517216
0.0479123161234160
0.0479084846798106
0.0479047385044086
0.0479010857119968
0.0478975321848286
0.0478940821051718
0.0478907383256134
0.0478875026412346
0.0478843759974468
0.0478813586530174
0.0478784503105543
0.0478756502225173
0.0478729572783504
0.0478703700767560
0.0478678869860443
0.0478655061948054
0.0478632257546378
0.0478610436162883
0.0478589576602808
0.0478569657229281
0.0478550656184342
0.0478532551576810
0.0478515321641904
0.0478498944876893
0.0478483400156119
0.0478468666828343
0.0478454724799110
0.0478441554600052
0.0478429137447157
0.0478417455289555
0.0478406490850029
0.0478396227658819
0.0478386650081248
0.0478377743340385
0.0478369493535571
0.0478361887657092
0.0478354913598050
0.0478348560163626
0.0478342817078150
0.0478337674990661
0.0478333125478945
0.0478329161052441
0.0478325775154405
0.0478322962163300
0.0478320717393696
0.0478319037096871
0.0478317918461105
0.0478317359611864
0.0478317359611864
0.0478317918461105
0.0478319037096871
0.0478320717393696
0.0478322962163300
0.0478325775154405
0.0478329161052441
0.0478333125478945
0.0478337674990661
0.0478342817078150
0.0478348560163625
0.0478354913598050
0.0478361887657092
0.0478369493535571
0.0478377743340385
0.0478386650081248
0.0478396227658819
0.0478406490850029
0.0478417455289555
0.0478429137447157
0.0478441554600052
0.0478454724799110
0.0478468666828343
0.0478483400156119
0.0478498944876893
0.0478515321641904
0.0478532551576810
0.0478550656184342
0.0478569657229281
0.0478589576602808
0.0478610436162883
0.0478632257546378
0.0478655061948054
0.0478678869860443
0.0478703700767560
0.0478729572783504
0.0478756502225173
0.0478784503105543
0.0478813586530174
0.0478843759974468
0.0478875026412346
0.0478907383256134
0.0478940821051718
0.0478975321848286
0.0479010857119968
0.0479047385044086
0.0479084846798106
0.0479123161234160
0.0479162216517216
0.0479201854783300
0.0479209311364076
0.0479169859995432
0.0479130990074111
0.0479092859197008
0.0479055578929967
0.0479019230155979
0.0478983871440866
0.0478949544361795
0.0478916277212391
0.0478884087726352
0.0478852985157007
0.0478822971908492
0.0478794044841211
0.0478766196332148
0.0478739415146320
0.0478713687159102
0.0478688995959365
0.0478665323355524
0.0478642649802054
0.0478620954759968
0.0478600217002092
0.0478580414872173
0.0478561526504722
0.0478543530011808
0.0478526403641547
0.0478510125912627
0.0478494675728236
0.0478480032472316
0.0478466176090984
0.0478453087160792
0.0478440746946136
0.0478429137447157
0.0478418241439449
0.0478408042507078
0.0478398525069558
0.0478389674403921
0.0478381476662527
0.0478373918887347
0.0478366989021288
0.0478360675916951
0.0478354969343518
0.0478349859991721
0.0478345339477718
0.0478341400345741
0.0478338036069919
0.0478335241055547
0.0478333010639843
0.0478331341092318
0.0478330229615050
0.0478329674342743
0.0478329674342743
0.0478330229615050
0.0478331341092318
0.0478333010639843
0.0478335241055547
0.0478338036069919
0.0478341400345741
0.0478345339477718
0.0478349859991721
0.0478354969343518
0.0478360675916951
0.0478366989021288
0.0478373918887347
0.0478381476662527
0.0478389674403921
0.0478398525069558
0.0478408042507078
0.0478418241439449
0.0478429137447157
0.0478440746946136
0.0478453087160792
0.0478466176090984
0.0478480032472316
0.0478494675728236
0.0478510125912627
0.0478526403641547
0.0478543530011808
0.0478561526504722
0.0478580414872173
0.0478600217002092
0.0478620954759968
0.0478642649802054
0.0478665323355524
0.0478688995959365
0.0478713687159102
0.0478739415146320
0.0478766196332148
0.0478794044841211
0.0478822971908492
0.0478852985157007
0.0478884087726352
0.0478916277212391
0.0478949544361795
0.0478983871440866
0.0479019230155979
0.0479055578929967
0.0479092859197008
0.0479130990074111
0.0479169859995432
0.0479209311364076
0.0479217222016120
0.0479177970736954
0.0479139299254602
0.0479101364870338
0.0479064278852965
0.0479028121793777
0.0478992951976750
0.0478958810710159
0.0478925726034141
0.0478893715446190
0.0478862787982095
0.0478832945848126
0.0478804185726960
0.0478776499838316
0.0478749876810205
0.0478724302400998
0.0478699760101934
0.0478676231642287
0.0478653697415078
0.0478632136836316
0.0478611528649232
0.0478591851182045
0.0478573082566632
0.0478555200923960
0.0478538184521360
0.0478522011905731
0.0478506662016302
0.0478492114279702
0.0478478348690235
0.0478465345877097
0.0478453087160792
0.0478441554600052
0.0478430731030774
0.0478420600098155
0.0478411146282927
0.0478402354922792
0.0478394212229633
0.0478386705303131
0.0478379822141709
0.0478373551650789
0.0478367883649221
0.0478362808873976
0.0478358318983686
0.0478354406560942
0.0478351065114006
0.0478348289077732
0.0478346073814254
0.0478344415613173
0.0478343311691731
0.0478342760194796
0.0478342760194796
0.0478343311691731
0.0478344415613173
0.0478346073814254
0.0478348289077732
0.0478351065114006
0.0478354406560942
0.0478358318983686
0.0478362808873976
0.0478367883649221
0.0478373551650789
0.0478379822141709
0.0478386705303131
0.0478394212229633
0.0478402354922792
0.0478411146282927
0.0478420600098155
0.0478430731030774
0.0478441554600052
0.0478453087160792
0.0478465345877097
0.0478478348690235
0.0478492114279702
0.0478506662016302
0.0478522011905731
0.0478538184521360
0.0478555200923960
0.0478573082566632
0.0478591851182045
0.0478611528649232
0.0478632136836316
0.0478653697415078
0.0478676231642287
0.0478699760101934
0.0478724302400998
0.0478749876810205
0.0478776499838316
0.0478804185726960
0.0478832945848126
0.0478862787982095
0.0478893715446190
0.0478925726034141
0.0478958810710159
0.0478992951976750
0.0479028121793777
0.0479064278852965
0.0479101364870338
0.0479139299254602
0.0479177970736954
0.0479217222016120
0.0479225595770686
0.0479186558334138
0.0479148098922691
0.0479110374510505
0.0479073496038557
0.0479037543777157
0.0479002575700889
0.0478968632823792
0.0478935742909521
0.0478903923198993
0.0478873182492762
0.0478843522784136
0.0478814940565730
0.0478787427890165
0.0478760973241221
0.0478735562255240
0.0478711178322972
0.0478687803093806
0.0478665416900151
0.0478643999115545
0.0478623528457487
0.0478603983243684
0.0478585341609403
0.0478567581691360
0.0478550681783498
0.0478534620468949
0.0478519376731237
0.0478504930048222
0.0478491260471059
0.0478478348690236
0.0478466176090984
0.0478454724799110
0.0478443977719076
0.0478433918565192
0.0478424531887180
0.0478415803090759
0.0478407718454284
0.0478400265141842
0.0478393431213484
0.0478387205633253
0.0478381578274939
0.0478376539926637
0.0478372082293756
0.0478368198001209
0.0478364880594723
0.0478362124541722
0.0478359925231656
0.0478358278976199
0.0478357183009227
0.0478356635486721
0.0478356635486721
0.0478357183009227
0.0478358278976199
0.0478359925231656
0.0478362124541722
0.0478364880594723
0.0478368198001209
0.0478372082293756
0.0478376539926637
0.0478381578274939
0.0478387205633253
0.0478393431213484
0.0478400265141842
0.0478407718454284
0.0478415803090759
0.0478424531887180
0.0478433918565192
0.0478443977719076
0.0478454724799110
0.0478466176090984
0.0478478348690236
0.0478491260471059
0.0478504930048222
0.0478519376731237
0.0478534620468949
0.0478550681783498
0.0478567581691360
0.0478585341609403
0.0478603983243684
0.0478623528457487
0.0478643999115545
0.0478665416900151
0.0478687803093806
0.0478711178322972
0.0478735562255240
0.0478760973241221
0.0478787427890165
0.0478814940565730
0.0478843522784136
0.0478873182492761
0.0478903923198993
0.0478935742909522
0.0478968632823792
0.0479002575700889
0.0479037543777157
0.0479073496038557
0.0479110374510505
0.0479148098922691
0.0479186558334138
0.0479225595770686
0.0479234441966706
0.0479195632726884
0.0479157399612166
0.0479119899234666
0.0479083242173618
0.0479047508346082
0.0479012755387142
0.0478979023989011
0.0478946341614141
0.0478914725225009
0.0478884183368145
0.0478854717808209
0.0478826324835060
0.0478798996324501
0.0478772720608992
0.0478747483198540
0.0478723267381349
0.0478700054726958
0.0478677825509229
0.0478656559062881
0.0478636234084782
0.0478616828888529
0.0478598321620038
0.0478580690439889
0.0478563913677460
0.0478547969961242
0.0478532838328628
0.0478518498318395
0.0478504930048222
0.0478492114279702
0.0478480032472316
0.0478468666828343
0.0478458000329907
0.0478448016769221
0.0478438700773429
0.0478430037824270
0.0478422014274250
0.0478414617358908
0.0478407835206713
0.0478401656846379
0.0478396072212449
0.0478391072149245
0.0478386648413695
0.0478382793677151
0.0478379501526493
0.0478376766464784
0.0478374583911427
0.0478372950202248
0.0478371862589329
0.0478371319240788
0.0478371319240788
0.0478371862589329
0.0478372950202248
0.0478374583911427
0.0478376766464784
0.0478379501526493
0.0478382793677151
0.0478386648413695
0.0478391072149245
0.0478396072212449
0.0478401656846378
0.0478407835206713
0.0478414617358908
0.0478422014274250
0.0478430037824270
0.0478438700773429
0.0478448016769221
0.0478458000329907
0.0478468666828343
0.0478480032472316
0.0478492114279702
0.0478504930048222
0.0478518498318395
0.0478532838328628
0.0478547969961242
0.0478563913677460
0.0478580690439889
0.0478598321620038
0.0478616828888529
0.0478636234084782
0.0478656559062881
0.0478677825509229
0.0478700054726958
0.0478723267381349
0.0478747483198540
0.0478772720608992
0.0478798996324501
0.0478826324835060
0.0478854717808209
0.0478884183368145
0.0478914725225009
0.0478946341614141
0.0478979023989011
0.0479012755387142
0.0479047508346082
0.0479083242173618
0.0479119899234666
0.0479157399612166
0.0479195632726884
0.0479234441966706
0.0479243770217629
0.0479205204171327
0.0479167212214014
0.0479129950556886
0.0479093529379952
0.0479058028211451
0.0479023504314029
0.0478989998028022
0.0478957536487871
0.0478926136354330
0.0478895805900005
0.0478866546644631
0.0478838354662370
0.0478811221642588
0.0478785135759960
0.0478760082394367
0.0478736044730471
0.0478713004259180
0.0478690941199114
0.0478669834851266
0.0478649663898374
0.0478630406657739
0.0478612041294757
0.0478594546003476
0.0478577899158858
0.0478562079445371
0.0478547065965086
0.0478532838328628
0.0478519376731236
0.0478506662016302
0.0478494675728237
0.0478483400156120
0.0478472818369715
0.0478462914248828
0.0478453672507084
0.0478445078711074
0.0478437119295563
0.0478429781575316
0.0478423053754332
0.0478416924932715
0.0478411385111816
0.0478406425197714
0.0478402037003847
0.0478398213252443
0.0478394947575405
0.0478392234514741
0.0478390069522619
0.0478388448961162
0.0478387370102306
0.0478386831127486
0.0478386831127486
0.0478387370102306
0.0478388448961164
0.0478390069522619
0.0478392234514741
0.0478394947575405
0.0478398213252443
0.0478402037003847
0.0478406425197714
0.0478411385111816
0.0478416924932715
0.0478423053754332
0.0478429781575316
0.0478437119295563
0.0478445078711074
0.0478453672507084
0.0478462914248828
0.0478472818369715
0.0478483400156120
0.0478494675728237
0.0478506662016302
0.0478519376731235
0.0478532838328628
0.0478547065965086
0.0478562079445371
0.0478577899158858
0.0478594546003476
0.0478612041294757
0.0478630406657739
0.0478649663898377
0.0478669834851266
0.0478690941199114
0.0478713004259180
0.0478736044730471
0.0478760082394367
0.0478785135759960
0.0478811221642588
0.0478838354662370
0.0478866546644631
0.0478895805900005
0.0478926136354330
0.0478957536487871
0.0478989998028021
0.0479023504314029
0.0479058028211451
0.0479093529379952
0.0479129950556886
0.0479167212214014
0.0479205204171327
0.0479243770217629
0.0479253590373078
0.0479215283203554
0.0479177547941984
0.0479140540355501
0.0479104370183188
0.0479069116525261
0.0479034836235731
0.0479001569270328
0.0478969342406600
0.0478938171978531
0.0478908065963963
0.0478879025620752
0.0478851046794387
0.0478824120978464
0.0478798236183955
0.0478773377658021
0.0478749528481787
0.0478726670070243
0.0478704782591511
0.0478683845319537
0.0478663836931206
0.0478644735756950
0.0478626519992167
0.0478609167875535
0.0478592657839436
0.0478576968636344
0.0478562079445371
0.0478547969961242
0.0478534620468949
0.0478522011905731
0.0478510125912627
0.0478498944876893
0.0478488451966847
0.0478478631160312
0.0478469467267399
0.0478460945948909
0.0478453053730763
0.0478445778015214
0.0478439107089496
0.0478433030132187
0.0478427537217897
0.0478422619320441
0.0478418268315009
0.0478414476979420
0.0478411238994706
0.0478408548945345
0.0478406402319141
0.0478404795506889
0.0478403725802136
0.0478403191400748
0.0478403191400748
0.0478403725802136
0.0478404795506889
0.0478406402319141
0.0478408548945345
0.0478411238994706
0.0478414476979420
0.0478418268315009
0.0478422619320441
0.0478427537217896
0.0478433030132187
0.0478439107089496
0.0478445778015214
0.0478453053730763
0.0478460945948910
0.0478469467267399
0.0478478631160312
0.0478488451966847
0.0478498944876893
0.0478510125912627
0.0478522011905731
0.0478534620468949
0.0478547969961242
0.0478562079445371
0.0478576968636344
0.0478592657839436
0.0478609167875535
0.0478626519992167
0.0478644735756950
0.0478663836931206
0.0478683845319537
0.0478704782591511
0.0478726670070243
0.0478749528481787
0.0478773377658021
0.0478798236183955
0.0478824120978464
0.0478851046794387
0.0478879025620752
0.0478908065963963
0.0478938171978531
0.0478969342406600
0.0479001569270328
0.0479034836235731
0.0479069116525261
0.0479104370183188
0.0479140540355501
0.0479177547941984
0.0479215283203554
0.0479253590373078
0.0479263912474438
0.0479225880597396
0.0479188418292574
0.0479151680834835
0.0479115777476052
0.0479080786845071
0.0479046765347422
0.0479013752518604
0.0478981774747919
0.0478950848016031
0.0478920979984035
0.0478892171630492
0.0478864418559301
0.0478837712059430
0.0478812039973264
0.0478787387413617
0.0478763737359784
0.0478741071155055
0.0478719368923731
0.0478698609921233
0.0478678772828689
0.0478659836001063
0.0478641777676092
0.0478624576150155
0.0478608209926483
0.0478592657839434
0.0478577899158858
0.0478563913677460
0.0478550681783498
0.0478538184521360
0.0478526403641547
0.0478515321641904
0.0478504921801240
0.0478495188206699
0.0478486105775648
0.0478477660273219
0.0478469838325992
0.0478462627432558
0.0478456015971601
0.0478449993207719
0.0478444549295711
0.0478439675283340
0.0478435363113192
0.0478431605623612
0.0478428396549104
0.0478425730520334
0.0478423603063785
0.0478422010601415
0.0478420950450198
0.0478420420821652
0.0478420420821652
0.0478420950450198
0.0478422010601415
0.0478423603063785
0.0478425730520334
0.0478428396549104
0.0478431605623612
0.0478435363113192
0.0478439675283340
0.0478444549295711
0.0478449993207719
0.0478456015971601
0.0478462627432558
0.0478469838325992
0.0478477660273219
0.0478486105775648
0.0478495188206699
0.0478504921801240
0.0478515321641904
0.0478526403641547
0.0478538184521360
0.0478550681783498
0.0478563913677460
0.0478577899158858
0.0478592657839434
0.0478608209926483
0.0478624576150155
0.0478641777676092
0.0478659836001063
0.0478678772828690
0.0478698609921233
0.0478719368923731
0.0478741071155055
0.0478763737359784
0.0478787387413617
0.0478812039973264
0.0478837712059430
0.0478864418559301
0.0478892171630492
0.0478920979984035
0.0478950848016031
0.0478981774747919
0.0479013752518604
0.0479046765347422
0.0479080786845071
0.0479115777476052
0.0479151680834835
0.0479188418292574
0.0479225880597396
0.0479263912474438
0.0479274746703789
0.0479237007315649
0.0479199834998381
0.0479163384480551
0.0479127764475296
0.0479093053092017
0.0479059306243992
0.0479026563007473
0.0478994849349876
0.0478964180870104
0.0478934564889535
0.0478906002089795
0.0478878487820415
0.0478852013157775
0.0478826565771829
0.0478802130641204
0.0478778690646656
0.0478756227066139
0.0478734719988785
0.0478714148662189
0.0478694491784058
0.0478675727747412
0.0478657834846717
0.0478640791451137
0.0478624576150155
0.0478609167875535
0.0478594546003475
0.0478580690439889
0.0478567581691360
0.0478555200923960
0.0478543530011808
0.0478532551576810
0.0478522249021170
0.0478512606553603
0.0478503609210310
0.0478495242871589
0.0478487494274836
0.0478480351024424
0.0478473801599207
0.0478467835357816
0.0478462442542519
0.0478457614281664
0.0478453342591141
0.0478449620375050
0.0478446441425931
0.0478443800424475
0.0478441692939115
0.0478440115425537
0.0478439065226044
0.0478438540569120
0.0478438540569120
0.0478439065226044
0.0478440115425537
0.0478441692939115
0.0478443800424475
0.0478446441425931
0.0478449620375051
0.0478453342591141
0.0478457614281664
0.0478462442542519
0.0478467835357816
0.0478473801599207
0.0478480351024424
0.0478487494274836
0.0478495242871589
0.0478503609210310
0.0478512606553603
0.0478522249021171
0.0478532551576810
0.0478543530011808
0.0478555200923960
0.0478567581691360
0.0478580690439889
0.0478594546003475
0.0478609167875535
0.0478624576150155
0.0478640791451137
0.0478657834846718
0.0478675727747412
0.0478694491784058
0.0478714148662189
0.0478734719988785
0.0478756227066138
0.0478778690646656
0.0478802130641204
0.0478826565771829
0.0478852013157775
0.0478878487820415
0.0478906002089795
0.0478934564889535
0.0478964180870104
0.0478994849349876
0.0479026563007473
0.0479059306243992
0.0479093053092017
0.0479127764475296
0.0479163384480551
0.0479199834998381
0.0479237007315649
0.0479274746703789
0.0479286103324896
0.0479248674453587
0.0479211809973816
0.0479175664007339
0.0479140344670931
0.0479105929501167
0.0479072473870833
0.0479040016354493
0.0479008582461192
0.0478978187378023
0.0478948838062794
0.0478920534882314
0.0478893272919646
0.0478867043031678
0.0478841832713755
0.0478817626812240
0.0478794408115016
0.0478772157843293
0.0478750856062223
0.0478730482024788
0.0478711014459990
0.0478692431814859
0.0478674712457362
0.0478657834846717
0.0478641777676092
0.0478626519992167
0.0478612041294757
0.0478598321620038
0.0478585341609404
0.0478573082566632
0.0478561526504722
0.0478550656184342
0.0478540455145004
0.0478530907730149
0.0478521999107166
0.0478513715283163
0.0478506043117118
0.0478498970329257
0.0478492485507749
0.0478486578113787
0.0478481238484814
0.0478476457836667
0.0478472228264743
0.0478468542744414
0.0478465395130997
0.0478462780159294
0.0478460693443087
0.0478459131474402
0.0478458091622930
0.0478457572135457
0.0478457572135457
0.0478458091622930
0.0478459131474401
0.0478460693443087
0.0478462780159294
0.0478465395130997
0.0478468542744414
0.0478472228264740
0.0478476457836667
0.0478481238484814
0.0478486578113787
0.0478492485507749
0.0478498970329257
0.0478506043117118
0.0478513715283163
0.0478521999107166
0.0478530907730149
0.0478540455145004
0.0478550656184342
0.0478561526504722
0.0478573082566632
0.0478585341609404
0.0478598321620038
0.0478612041294757
0.0478626519992167
0.0478641777676092
0.0478657834846717
0.0478674712457362
0.0478692431814859
0.0478711014459990
0.0478730482024789
0.0478750856062223
0.0478772157843293
0.0478794408115016
0.0478817626812240
0.0478841832713755
0.0478867043031678
0.0478893272919646
0.0478920534882314
0.0478948838062794
0.0478978187378023
0.0479008582461192
0.0479040016354493
0.0479072473870833
0.0479105929501167
0.0479140344670931
0.0479175664007339
0.0479211809973816
0.0479248674453587
0.0479286103324896
0.0479297992615200
0.0479260893173561
0.0479224355252233
0.0479188532297966
0.0479153531766735
0.0479119430562948
0.0479086283465671
0.0479054128501342
0.0479022990681548
0.0478992884749742
0.0478963817275562
0.0478935788293409
0.0478908792608639
0.0478882820853248
0.0478857860347890
0.0478833895811001
0.0478810909945897
0.0478788883928426
0.0478767797813810
0.0478747630876434
0.0478728361894198
0.0478709969386764
0.0478692431814859
0.0478675727747412
0.0478659836001063
0.0478644735756950
0.0478630406657739
0.0478616828888529
0.0478603983243684
0.0478591851182045
0.0478580414872171
0.0478569657229281
0.0478559561945119
0.0478550113511974
0.0478541297241628
0.0478533099280269
0.0478525506619987
0.0478518507107331
0.0478512089449644
0.0478506243219488
0.0478500958857570
0.0478496227674532
0.0478492041851727
0.0478488394441547
0.0478485279367028
0.0478482691421367
0.0478480626267109
0.0478479080435529
0.0478478051325715
0.0478477537204148
0.0478477537204148
0.0478478051325715
0.0478479080435529
0.0478480626267109
0.0478482691421367
0.0478485279367028
0.0478488394441547
0.0478492041851727
0.0478496227674532
0.0478500958857570
0.0478506243219488
0.0478512089449644
0.0478518507107331
0.0478525506619987
0.0478533099280269
0.0478541297241628
0.0478550113511974
0.0478559561945119
0.0478569657229281
0.0478580414872171
0.0478591851182045
0.0478603983243684
0.0478616828888529
0.0478630406657739
0.0478644735756950
0.0478659836001063
0.0478675727747412
0.0478692431814859
0.0478709969386764
0.0478728361894198
0.0478747630876434
0.0478767797813810
0.0478788883928426
0.0478810909945897
0.0478833895811000
0.0478857860347891
0.0478882820853248
0.0478908792608639
0.0478935788293409
0.0478963817275562
0.0478992884749742
0.0479022990681548
0.0479054128501342
0.0479086283465671
0.0479119430562948
0.0479153531766735
0.0479188532297967
0.0479224355252233
0.0479260893173562
0.0479297992615200
0.0479310424787217
0.0479273674629263
0.0479237482912607
0.0479202002332089
0.0479167339610537
0.0479133570954036
0.0479100750489201
0.0479068915643788
0.0479038090889872
0.0479008290493891
0.0478979520612373
0.0478951780930156
0.0478925065965090
0.0478899366121106
0.0478874668546508
0.0478850957839276
0.0478828216629469
0.0478806426062390
0.0478785566200645
0.0478765616359288
0.0478746555385868
0.0478728361894198
0.0478711014459990
0.0478694491784058
0.0478678772828689
0.0478663836931208
0.0478649663898374
0.0478636234084782
0.0478623528457487
0.0478611528649232
0.0478600217002092
0.0478589576602808
0.0478579591311360
0.0478570245783839
0.0478561525490461
0.0478553416729551
0.0478545906638321
0.0478538983200831
0.0478532635253758
0.0478526852490362
0.0478521625463068
0.0478516945584859
0.0478512805129871
0.0478509197233405
0.0478506115891420
0.0478503555959811
0.0478501513153634
0.0478499984046192
0.0478498966068239
0.0478498457507302
0.0478498457507302
0.0478498966068239
0.0478499984046192
0.0478501513153634
0.0478503555959811
0.0478506115891420
0.0478509197233405
0.0478512805129871
0.0478516945584859
0.0478521625463068
0.0478526852490362
0.0478532635253758
0.0478538983200831
0.0478545906638321
0.0478553416729551
0.0478561525490461
0.0478570245783839
0.0478579591311360
0.0478589576602808
0.0478600217002092
0.0478611528649232
0.0478623528457487
0.0478636234084782
0.0478649663898374
0.0478663836931208
0.0478678772828689
0.0478694491784058
0.0478711014459990
0.0478728361894198
0.0478746555385868
0.0478765616359288
0.0478785566200645
0.0478806426062390
0.0478828216629469
0.0478850957839276
0.0478874668546508
0.0478899366121106
0.0478925065965090
0.0478951780930156
0.0478979520612373
0.0479008290493891
0.0479038090889872
0.0479068915643788
0.0479100750489201
0.0479133570954036
0.0479167339610537
0.0479202002332089
0.0479237482912607
0.0479273674629263
0.0479310424787217
0.0479323409897943
0.0479287029878008
0.0479251204994466
0.0479216087103109
0.0479181782112228
0.0479148365455774
0.0479115890543032
0.0479084394147995
0.0479053900158362
0.0479024422328817
0.0478995966377673
0.0478968531624313
0.0478942112291399
0.0478916698554184
0.0478892277394478
0.0478868833300703
0.0478846348844926
0.0478824805160474
0.0478804182338439
0.0478784459757623
0.0478765616359288
0.0478747630876434
0.0478730482024788
0.0478714148662189
0.0478698609921233
0.0478683845319537
0.0478669834851266
0.0478656559062881
0.0478643999115546
0.0478632136836316
0.0478620954759968
0.0478610436162883
0.0478600565090309
0.0478591326378055
0.0478582705669518
0.0478574689428883
0.0478567264951189
0.0478560420369617
0.0478554144660838
0.0478548427648534
0.0478543260005580
0.0478538633255160
0.0478534539771212
0.0478530972778096
0.0478527926349987
0.0478525395410107
0.0478523375729683
0.0478521863927056
0.0478520857466821
0.0478520354659102
0.0478520354659102
0.0478520857466821
0.0478521863927056
0.0478523375729683
0.0478525395410107
0.0478527926349987
0.0478530972778096
0.0478534539771212
0.0478538633255160
0.0478543260005580
0.0478548427648534
0.0478554144660838
0.0478560420369617
0.0478567264951189
0.0478574689428883
0.0478582705669518
0.0478591326378055
0.0478600565090309
0.0478610436162883
0.0478620954759968
0.0478632136836316
0.0478643999115546
0.0478656559062881
0.0478669834851266
0.0478683845319537
0.0478698609921233
0.0478714148662189
0.0478730482024788
0.0478747630876434
0.0478765616359288
0.0478784459757623
0.0478804182338439
0.0478824805160474
0.0478846348844926
0.0478868833300702
0.0478892277394478
0.0478916698554184
0.0478942112291400
0.0478968531624313
0.0478995966377673
0.0479024422328817
0.0479053900158362
0.0479084394147995
0.0479115890543032
0.0479148365455774
0.0479181782112228
0.0479216087103109
0.0479251204994466
0.0479287029878008
0.0479323409897943
0.0479336957743957
0.0479300969779068
0.0479265533398831
0.0479230799521070
0.0479196873147635
0.0479163828857862
0.0479131719272037
0.0479100580450629
0.0479070435649250
0.0479041298075077
0.0479013172983745
0.0478986059315085
0.0478959950991650
0.0478934837963206
0.0478910707054903
0.0478887542660979
0.0478865327315243
0.0478844042162097
0.0478823667346642
0.0478804182338439
0.0478785566200645
0.0478767797813810
0.0478750856062221
0.0478734719988785
0.0478719368923731
0.0478704782591511
0.0478690941199115
0.0478677825509229
0.0478665416900151
0.0478653697415078
0.0478642649802054
0.0478632257546378
0.0478622504896534
0.0478613376884779
0.0478604859343263
0.0478596938916413
0.0478589603070216
0.0478582840099175
0.0478576639131006
0.0478570990129834
0.0478565883898078
0.0478561312077272
0.0478557267148300
0.0478553742430932
0.0478550732083089
0.0478548231099892
0.0478546235312620
0.0478544741387718
0.0478543746825874
0.0478543249961337
0.0478543249961337
0.0478543746825874
0.0478544741387718
0.0478546235312620
0.0478548231099892
0.0478550732083089
0.0478553742430932
0.0478557267148300
0.0478561312077272
0.0478565883898078
0.0478570990129834
0.0478576639131006
0.0478582840099175
0.0478589603070216
0.0478596938916413
0.0478604859343263
0.0478613376884779
0.0478622504896534
0.0478632257546378
0.0478642649802054
0.0478653697415078
0.0478665416900151
0.0478677825509229
0.0478690941199115
0.0478704782591511
0.0478719368923731
0.0478734719988785
0.0478750856062223
0.0478767797813810
0.0478785566200645
0.0478804182338439
0.0478823667346642
0.0478844042162097
0.0478865327315243
0.0478887542660979
0.0478910707054903
0.0478934837963206
0.0478959950991650
0.0478986059315085
0.0479013172983745
0.0479041298075077
0.0479070435649250
0.0479100580450629
0.0479131719272037
0.0479163828857862
0.0479196873147635
0.0479230799521070
0.0479265533398831
0.0479300969779068
0.0479336957743957
0.0479351077740170
0.0479315504875611
0.0479280479772877
0.0479246152298992
0.0479212626445455
0.0479179975844469
0.0479148252248399
0.0479117490939393
0.0479087714490796
0.0479058935525994
0.0479031158814963
0.0479004382906660
0.0478978601422565
0.0478953804094720
0.0478929977606576
0.0478907106278807
0.0478885172632059
0.0478864157849982
0.0478844042162097
0.0478824805160474
0.0478806426062390
0.0478788883928426
0.0478772157843292
0.0478756227066137
0.0478741071155055
0.0478726670070243
0.0478713004259180
0.0478700054726958
0.0478687803093806
0.0478676231642287
0.0478665323355524
0.0478655061948054
0.0478645431890537
0.0478636418429239
0.0478628007601272
0.0478620186246212
0.0478612942014824
0.0478606263375392
0.0478600139618137
0.0478594560857965
0.0478589518036143
0.0478585002920935
0.0478581008107555
0.0478577527017668
0.0478574553898504
0.0478572083821860
0.0478570112682984
0.0478568637199539
0.0478567654910621
0.0478567164176149
0.0478567164176149
0.0478567654910621
0.0478568637199539
0.0478570112682984
0.0478572083821860
0.0478574553898504
0.0478577527017668
0.0478581008107556
0.0478585002920935
0.0478589518036143
0.0478594560857965
0.0478600139618137
0.0478606263375392
0.0478612942014824
0.0478620186246212
0.0478628007601272
0.0478636418429239
0.0478645431890537
0.0478655061948054
0.0478665323355524
0.0478676231642287
0.0478687803093806
0.0478700054726958
0.0478713004259180
0.0478726670070243
0.0478741071155055
0.0478756227066137
0.0478772157843292
0.0478788883928426
0.0478806426062390
0.0478824805160474
0.0478844042162097
0.0478864157849982
0.0478885172632059
0.0478907106278807
0.0478929977606576
0.0478953804094720
0.0478978601422565
0.0479004382906660
0.0479031158814963
0.0479058935525994
0.0479087714490796
0.0479117490939393
0.0479148252248399
0.0479179975844469
0.0479212626445455
0.0479246152298992
0.0479280479772877
0.0479315504875611
0.0479351077740170
0.0479365778779015
0.0479330645257480
0.0479296055375397
0.0479262157819858
0.0479229055453953
0.0479196820859301
0.0479165504833171
0.0479135141809752
0.0479105753627729
0.0479077352291077
0.0479049942063437
0.0479023521095708
0.0478998082712540
0.0478973616441935
0.0478950108846776
0.0478927544201267
0.0478905905043987
0.0478885172632059
0.0478865327315243
0.0478846348844926
0.0478828216629469
0.0478810909945897
0.0478794408115016
0.0478778690646656
0.0478763737359784
0.0478749528481787
0.0478736044730471
0.0478723267381349
0.0478711178322972
0.0478699760101934
0.0478688995959365
0.0478678869860443
0.0478669366517770
0.0478660471409904
0.0478652170795727
0.0478644451725466
0.0478637302048776
0.0478630710420698
0.0478624666305603
0.0478619159979887
0.0478614182533152
0.0478609725868865
0.0478605782704151
0.0478602346569133
0.0478599411806077
0.0478596973568282
0.0478595027818910
0.0478593571329990
0.0478592601681457
0.0478592117260353
0.0478592117260353
0.0478592601681457
0.0478593571329990
0.0478595027818910
0.0478596973568282
0.0478599411806077
0.0478602346569133
0.0478605782704151
0.0478609725868865
0.0478614182533152
0.0478619159979887
0.0478624666305603
0.0478630710420698
0.0478637302048776
0.0478644451725466
0.0478652170795727
0.0478660471409904
0.0478669366517770
0.0478678869860443
0.0478688995959365
0.0478699760101934
0.0478711178322972
0.0478723267381349
0.0478736044730471
0.0478749528481787
0.0478763737359784
0.0478778690646656
0.0478794408115016
0.0478810909945897
0.0478828216629469
0.0478846348844926
0.0478865327315243
0.0478885172632059
0.0478905905043987
0.0478927544201267
0.0478950108846776
0.0478973616441935
0.0478998082712540
0.0479023521095708
0.0479049942063437
0.0479077352291077
0.0479105753627729
0.0479135141809752
0.0479165504833171
0.0479196820859301
0.0479229055453953
0.0479262157819858
0.0479296055375397
0.0479330645257480
0.0479365778779015
0.0479381069067032
0.0479346400401203
0.0479312270919362
0.0479278827980051
0.0479246173183697
0.0479214377945147
0.0479183492010858
0.0479153548892541
0.0479124569640822
0.0479096565606104
0.0479069540529194
0.0479043492161430
0.0479018413541709
0.0478994294015003
0.0478971120052487
0.0478948875916274
0.0478927544201267
0.0478907106278807
0.0478887542660979
0.0478868833300703
0.0478850957839276
0.0478833895811001
0.0478817626812240
0.0478802130641204
0.0478787387413617
0.0478773377658019
0.0478760082394367
0.0478747483198540
0.0478735562255240
0.0478724302400998
0.0478713687159103
0.0478703700767560
0.0478694328201472
0.0478685555190575
0.0478677368232935
0.0478669754605287
0.0478662702370695
0.0478656200384145
0.0478650238296215
0.0478644806555436
0.0478639896409552
0.0478635499905853
0.0478631609890978
0.0478628220010194
0.0478625324706575
0.0478622919219694
0.0478620999584761
0.0478619562631328
0.0478618605982478
0.0478618128054031
0.0478618128054031
0.0478618605982478
0.0478619562631328
0.0478620999584761
0.0478622919219694
0.0478625324706575
0.0478628220010194
0.0478631609890978
0.0478635499905853
0.0478639896409552
0.0478644806555436
0.0478650238296215
0.0478656200384145
0.0478662702370695
0.0478669754605287
0.0478677368232935
0.0478685555190575
0.0478694328201472
0.0478703700767560
0.0478713687159103
0.0478724302400998
0.0478735562255240
0.0478747483198540
0.0478760082394367
0.0478773377658019
0.0478787387413617
0.0478802130641204
0.0478817626812240
0.0478833895811001
0.0478850957839276
0.0478868833300703
0.0478887542660979
0.0478907106278807
0.0478927544201267
0.0478948875916274
0.0478971120052487
0.0478994294015003
0.0479018413541709
0.0479043492161430
0.0479069540529194
0.0479096565606104
0.0479124569640822
0.0479153548892541
0.0479183492010858
0.0479214377945147
0.0479246173183697
0.0479278827980051
0.0479312270919362
0.0479346400401203
0.0479381069067032
0.0479396955934195
0.0479362778983137
0.0479329136387376
0.0479296174005149
0.0479263992020921
0.0479232660552408
0.0479202228190539
0.0479172727445965
0.0479144178527672
0.0479116592102085
0.0479089971376691
0.0479064313709623
0.0479039611873805
0.0479015855061464
0.0478993029689962
0.0478971120052487
0.0478950108846775
0.0478929977606576
0.0478910707054903
0.0478892277394478
0.0478874668546508
0.0478857860347890
0.0478841832713756
0.0478826565771829
0.0478812039973264
0.0478798236183955
0.0478785135759960
0.0478772720608992
0.0478760973241221
0.0478749876810205
0.0478739415146320
0.0478729572783504
0.0478720334980489
0.0478711687737682
0.0478703617810024
0.0478696112717008
0.0478689160749949
0.0478682750977108
0.0478676873247413
0.0478671518192507
0.0478666677227977
0.0478662342553673
0.0478658507153422
0.0478655164794376
0.0478652310026112
0.0478649938179518
0.0478648045365707
0.0478646628475014
0.0478645685176039
0.0478645213914954
0.0478645213914954
0.0478645685176039
0.0478646628475014
0.0478648045365707
0.0478649938179518
0.0478652310026112
0.0478655164794376
0.0478658507153423
0.0478662342553673
0.0478666677227977
0.0478671518192507
0.0478676873247413
0.0478682750977108
0.0478689160749949
0.0478696112717007
0.0478703617810024
0.0478711687737682
0.0478720334980489
0.0478729572783504
0.0478739415146320
0.0478749876810205
0.0478760973241221
0.0478772720608992
0.0478785135759960
0.0478798236183955
0.0478812039973264
0.0478826565771829
0.0478841832713756
0.0478857860347890
0.0478874668546508
0.0478892277394478
0.0478910707054903
0.0478929977606576
0.0478950108846775
0.0478971120052487
0.0478993029689962
0.0479015855061464
0.0479039611873805
0.0479064313709623
0.0479089971376691
0.0479116592102085
0.0479144178527672
0.0479172727445965
0.0479202228190539
0.0479232660552408
0.0479263992020921
0.0479296174005149
0.0479329136387376
0.0479362778983137
0.0479396955934195
0.0479413445610873
0.0479379788660211
0.0479346660814342
0.0479314206231729
0.0479282523505227
0.0479251681309458
0.0479221726965871
0.0479192691902561
0.0479164595435501
0.0479137447522771
0.0479111250836832
0.0479086002359441
0.0479061694628542
0.0479038316725168
0.0479015855061464
0.0478994294015003
0.0478973616441935
0.0478953804094720
0.0478934837963206
0.0478916698554184
0.0478899366121106
0.0478882820853247
0.0478867043031679
0.0478852013157775
0.0478837712059430
0.0478824120978464
0.0478811221642588
0.0478798996324501
0.0478787427890165
0.0478776499838316
0.0478766196332148
0.0478756502225173
0.0478747403081424
0.0478738885191736
0.0478730935586047
0.0478723542043050
0.0478716693097124
0.0478710378043482
0.0478704586941473
0.0478699310616883
0.0478694540662961
0.0478690269440766
0.0478686490079024
0.0478683196473470
0.0478680383285938
0.0478678045943476
0.0478676180637150
0.0478674784321213
0.0478673854712163
0.0478673390288060
0.0478673390288060
0.0478673854712163
0.0478674784321213
0.0478676180637150
0.0478678045943476
0.0478680383285938
0.0478683196473470
0.0478686490079024
0.0478690269440766
0.0478694540662961
0.0478699310616883
0.0478704586941472
0.0478710378043482
0.0478716693097123
0.0478723542043050
0.0478730935586047
0.0478738885191736
0.0478747403081424
0.0478756502225173
0.0478766196332148
0.0478776499838316
0.0478787427890165
0.0478798996324501
0.0478811221642588
0.0478824120978464
0.0478837712059430
0.0478852013157775
0.0478867043031678
0.0478882820853248
0.0478899366121106
0.0478916698554184
0.0478934837963206
0.0478953804094720
0.0478973616441935
0.0478994294015003
0.0479015855061464
0.0479038316725168
0.0479061694628542
0.0479086002359441
0.0479111250836832
0.0479137447522771
0.0479164595435501
0.0479192691902561
0.0479221726965871
0.0479251681309458
0.0479282523505227
0.0479314206231729
0.0479346660814342
0.0479379788660211
0.0479413445610873
0.0479430542965892
0.0479397435811697
0.0479364852030503
0.0479332933847781
0.0479301778063251
0.0479271451745145
0.0479242000823125
0.0479213455560104
0.0479185834333126
0.0479159146377053
0.0479133393840180
0.0479108573358290
0.0479084677279482
0.0479061694628542
0.0479039611873805
0.0479018413541710
0.0478998082712540
0.0478978601422564
0.0478959950991650
0.0478942112291400
0.0478925065965090
0.0478908792608639
0.0478893272919646
0.0478878487820415
0.0478864418559302
0.0478851046794387
0.0478838354662370
0.0478826324835059
0.0478814940565730
0.0478804185726960
0.0478794044841211
0.0478784503105543
0.0478775546411341
0.0478767161359785
0.0478759335274062
0.0478752056208527
0.0478745312955663
0.0478739095051056
0.0478733392776772
0.0478728197163570
0.0478723499992117
0.0478719293793387
0.0478715571848585
0.0478712328188619
0.0478709557593365
0.0478707255590757
0.0478705418455846
0.0478704043209901
0.0478703127619634
0.0478702670196571
0.0478702670196571
0.0478703127619634
0.0478704043209902
0.0478705418455846
0.0478707255590757
0.0478709557593365
0.0478712328188619
0.0478715571848585
0.0478719293793387
0.0478723499992117
0.0478728197163570
0.0478733392776772
0.0478739095051056
0.0478745312955663
0.0478752056208527
0.0478759335274062
0.0478767161359785
0.0478775546411341
0.0478784503105543
0.0478794044841211
0.0478804185726960
0.0478814940565730
0.0478826324835059
0.0478838354662370
0.0478851046794387
0.0478864418559302
0.0478878487820415
0.0478893272919646
0.0478908792608639
0.0478925065965090
0.0478942112291400
0.0478959950991650
0.0478978601422564
0.0478998082712540
0.0479018413541710
0.0479039611873805
0.0479061694628542
0.0479084677279482
0.0479108573358290
0.0479133393840180
0.0479159146377053
0.0479185834333126
0.0479213455560104
0.0479242000823125
0.0479271451745145
0.0479301778063251
0.0479332933847781
0.0479364852030503
0.0479397435811697
0.0479430542965892
0.0479448251196983
0.0479415725233392
0.0479383716355611
0.0479352364581915
0.0479321764687009
0.0479291981951173
0.0479263060782867
0.0479235030200224
0.0479207907605038
0.0479181701508690
0.0479156413562967
0.0479132040106017
0.0479108573358290
0.0479086002359441
0.0479064313709623
0.0479043492161430
0.0479023521095708
0.0479004382906660
0.0478986059315085
0.0478968531624313
0.0478951780930156
0.0478935788293409
0.0478920534882314
0.0478906002089795
0.0478892171630494
0.0478879025620752
0.0478866546644631
0.0478854717808209
0.0478843522784135
0.0478832945848126
0.0478822971908492
0.0478813586530173
0.0478804775953871
0.0478796527111203
0.0478788827636708
0.0478781665876924
0.0478775030897250
0.0478768912487077
0.0478763301163184
0.0478758188172158
0.0478753565491646
0.0478749425831077
0.0478745762631596
0.0478742570065861
0.0478739843037325
0.0478737577179565
0.0478735768855475
0.0478734415156421
0.0478733513901617
0.0478733063637560
0.0478733063637560
0.0478733513901617
0.0478734415156421
0.0478735768855475
0.0478737577179565
0.0478739843037325
0.0478742570065861
0.0478745762631596
0.0478749425831077
0.0478753565491646
0.0478758188172158
0.0478763301163184
0.0478768912487077
0.0478775030897250
0.0478781665876924
0.0478788827636708
0.0478796527111203
0.0478804775953871
0.0478813586530173
0.0478822971908492
0.0478832945848126
0.0478843522784135
0.0478854717808209
0.0478866546644631
0.0478879025620752
0.0478892171630494
0.0478906002089795
0.0478920534882314
0.0478935788293409
0.0478951780930156
0.0478968531624313
0.0478986059315085
0.0479004382906660
0.0479023521095708
0.0479043492161430
0.0479064313709623
0.0479086002359441
0.0479108573358290
0.0479132040106017
0.0479156413562967
0.0479181701508690
0.0479207907605038
0.0479235030200224
0.0479263060782866
0.0479291981951173
0.0479321764687009
0.0479352364581915
0.0479383716355611
0.0479415725233392
0.0479448251196983
0.0479466571462882
0.0479434659772934
0.0479403258232505
0.0479372504327811
0.0479342490541662
0.0479313280166249
0.0479284915956233
0.0479257425613462
0.0479230825544766
0.0479205123558788
0.0479180320861161
0.0479156413562967
0.0479133393840180
0.0479111250836832
0.0479089971376691
0.0479069540529194
0.0479049942063438
0.0479031158814963
0.0479013172983745
0.0478995966377673
0.0478979520612373
0.0478963817275561
0.0478948838062795
0.0478934564889535
0.0478920979984035
0.0478908065963963
0.0478895805900005
0.0478884183368145
0.0478873182492761
0.0478862787982096
0.0478852985157007
0.0478843759974467
0.0478835099046407
0.0478826989654763
0.0478819419763371
0.0478812378027121
0.0478805853798980
0.0478799837135279
0.0478794318799342
0.0478789290264101
0.0478784743713622
0.0478780672044051
0.0478777068863830
0.0478773928493658
0.0478771245966051
0.0478769017024798
0.0478767238124396
0.0478765906429316
0.0478765019813484
0.0478764576859795
0.0478764576859795
0.0478765019813484
0.0478765906429316
0.0478767238124396
0.0478769017024798
0.0478771245966051
0.0478773928493658
0.0478777068863829
0.0478780672044051
0.0478784743713622
0.0478789290264101
0.0478794318799342
0.0478799837135279
0.0478805853798980
0.0478812378027121
0.0478819419763371
0.0478826989654763
0.0478835099046407
0.0478843759974467
0.0478852985157007
0.0478862787982096
0.0478873182492761
0.0478884183368145
0.0478895805900005
0.0478908065963963
0.0478920979984035
0.0478934564889535
0.0478948838062795
0.0478963817275562
0.0478979520612373
0.0478995966377673
0.0479013172983745
0.0479031158814963
0.0479049942063438
0.0479069540529194
0.0479089971376691
0.0479111250836832
0.0479133393840180
0.0479156413562967
0.0479180320861161
0.0479205123558788
0.0479230825544766
0.0479257425613462
0.0479284915956233
0.0479313280166249
0.0479342490541662
0.0479372504327811
0.0479403258232505
0.0479434659772934
0.0479466571462882
0.0479485502442067
0.0479454239891303
0.0479423479783560
0.0479393356685541
0.0479363960481231
0.0479335352258089
0.0479307572987313
0.0479280649000471
0.0479254595715492
0.0479229420288439
0.0479205123558788
0.0479181701508690
0.0479159146377053
0.0479137447522771
0.0479116592102085
0.0479096565606102
0.0479077352291077
0.0479058935525994
0.0479041298075077
0.0479024422328817
0.0479008290493891
0.0478992884749742
0.0478978187378023
0.0478964180870104
0.0478950848016031
0.0478938171978531
0.0478926136354330
0.0478914725225009
0.0478903923198994
0.0478893715446190
0.0478884087726352
0.0478875026412346
0.0478866518508854
0.0478858551667550
0.0478851114199056
0.0478844195082482
0.0478837783972578
0.0478831871205394
0.0478826447802224
0.0478821505472556
0.0478817036615969
0.0478813034323384
0.0478809492377540
0.0478806405253301
0.0478803768117501
0.0478801576828607
0.0478799827936288
0.0478798518680982
0.0478797646993490
0.0478797211494523
0.0478797211494523
0.0478797646993489
0.0478798518680982
0.0478799827936288
0.0478801576828607
0.0478803768117501
0.0478806405253301
0.0478809492377540
0.0478813034323384
0.0478817036615969
0.0478821505472556
0.0478826447802224
0.0478831871205394
0.0478837783972578
0.0478844195082482
0.0478851114199056
0.0478858551667550
0.0478866518508854
0.0478875026412346
0.0478884087726352
0.0478893715446190
0.0478903923198994
0.0478914725225009
0.0478926136354330
0.0478938171978531
0.0478950848016031
0.0478964180870104
0.0478978187378022
0.0478992884749742
0.0479008290493891
0.0479024422328817
0.0479041298075077
0.0479058935525994
0.0479077352291077
0.0479096565606104
0.0479116592102085
0.0479137447522771
0.0479159146377053
0.0479181701508690
0.0479205123558788
0.0479229420288439
0.0479254595715492
0.0479280649000471
0.0479307572987313
0.0479335352258089
0.0479363960481231
0.0479393356685541
0.0479423479783560
0.0479454239891303
0.0479485502442067
0.0479505039798742
0.0479474463130060
0.0479444380267802
0.0479414922393453
0.0479386176441458
0.0479358201066806
0.0479331035342388
0.0479304704206549
0.0479279222133028
0.0479254595715492
0.0479230825544766
0.0479207907605038
0.0479185834333126
0.0479164595435501
0.0479144178527672
0.0479124569640822
0.0479105753627729
0.0479087714490796
0.0479070435649250
0.0479053900158362
0.0479038090889872
0.0479022990681548
0.0479008582461192
0.0478994849349876
0.0478981774747919
0.0478969342406600
0.0478957536487871
0.0478946341614141
0.0478935742909521
0.0478925726034141
0.0478916277212391
0.0478907383256134
0.0478899031583699
0.0478891210235254
0.0478883907885189
0.0478877113851984
0.0478870818105850
0.0478865011274821
0.0478859684649116
0.0478854830184591
0.0478850440505007
0.0478846508903669
0.0478843029344388
0.0478839996462056
0.0478837405562753
0.0478835252623826
0.0478833534293631
0.0478832247891285
0.0478831391406442
0.0478830963499025
0.0478830963499025
0.0478831391406442
0.0478832247891285
0.0478833534293631
0.0478835252623826
0.0478837405562753
0.0478839996462056
0.0478843029344388
0.0478846508903669
0.0478850440505007
0.0478854830184591
0.0478859684649116
0.0478865011274821
0.0478870818105850
0.0478877113851984
0.0478883907885189
0.0478891210235254
0.0478899031583699
0.0478907383256134
0.0478916277212391
0.0478925726034141
0.0478935742909521
0.0478946341614141
0.0478957536487871
0.0478969342406600
0.0478981774747919
0.0478994849349876
0.0479008582461192
0.0479022990681548
0.0479038090889872
0.0479053900158362
0.0479070435649250
0.0479087714490796
0.0479105753627729
0.0479124569640822
0.0479144178527672
0.0479164595435501
0.0479185834333126
0.0479207907605038
0.0479230825544766
0.0479254595715492
0.0479279222133028
0.0479304704206549
0.0479331035342388
0.0479358201066806
0.0479386176441458
0.0479414922393453
0.0479444380267802
0.0479474463130060
0.0479505039798742
0.0479525175527661
0.0479495323455209
0.0479465955405503
0.0479437198611528
0.0479409136662725
0.0479381825556315
0.0479355302386513
0.0479329590726577
0.0479304704206549
0.0479280649000471
0.0479257425613462
0.0479235030200223
0.0479213455560104
0.0479192691902561
0.0479172727445965
0.0479153548892541
0.0479135141809752
0.0479117490939393
0.0479100580450629
0.0479084394147995
0.0479068915643788
0.0479054128501342
0.0479040016354493
0.0479026563007473
0.0479013752518604
0.0479001569270328
0.0478989998028021
0.0478979023989011
0.0478968632823792
0.0478958810710159
0.0478949544361795
0.0478940821051718
0.0478932628631831
0.0478924955548664
0.0478917790856478
0.0478911124227557
0.0478904945960534
0.0478899246986972
0.0478894018876433
0.0478889253840322
0.0478884944734801
0.0478881085062795
0.0478877668975505
0.0478874691273282
0.0478872147406248
0.0478870033474550
0.0478868346228423
0.0478867083068302
0.0478866242044593
0.0478865821857646
0.0478865821857646
0.0478866242044593
0.0478867083068306
0.0478868346228423
0.0478870033474550
0.0478872147406248
0.0478874691273282
0.0478877668975505
0.0478881085062795
0.0478884944734801
0.0478889253840322
0.0478894018876433
0.0478899246986972
0.0478904945960534
0.0478911124227557
0.0478917790856478
0.0478924955548664
0.0478932628631831
0.0478940821051718
0.0478949544361795
0.0478958810710159
0.0478968632823792
0.0478979023989011
0.0478989998028021
0.0479001569270328
0.0479013752518604
0.0479026563007473
0.0479040016354493
0.0479054128501342
0.0479068915643788
0.0479084394147995
0.0479100580450629
0.0479117490939393
0.0479135141809752
0.0479153548892541
0.0479172727445965
0.0479192691902561
0.0479213455560104
0.0479235030200223
0.0479257425613462
0.0479280649000471
0.0479304704206549
0.0479329590726577
0.0479355302386513
0.0479381825556315
0.0479409136662725
0.0479437198611528
0.0479465955405503
0.0479495323455209
0.0479525175527661
0.0479545897137733
0.0479516810434880
0.0479488196520342
0.0479460177994553
0.0479432834669957
0.0479406219690001
0.0479380368156819
0.0479355302386513
0.0479331035342388
0.0479307572987313
0.0479284915956233
0.0479263060782866
0.0479242000823125
0.0479221726965871
0.0479202228190539
0.0479183492010858
0.0479165504833171
0.0479148252248399
0.0479131719272037
0.0479115890543032
0.0479100750489201
0.0479086283465671
0.0479072473870833
0.0479059306243992
0.0479046765347422
0.0479034836235731
0.0479023504314029
0.0479012755387142
0.0479002575700889
0.0478992951976750
0.0478983871440866
0.0478975321848286
0.0478967291503067
0.0478959769274995
0.0478952744613090
0.0478946207556964
0.0478940148745721
0.0478934559425304
0.0478929431454197
0.0478924757307981
0.0478920530082762
0.0478916743497855
0.0478913391897647
0.0478910470253108
0.0478907974162731
0.0478905899853099
0.0478904244179432
0.0478903004625753
0.0478902179305002
0.0478901766959133
0.0478901766959133
0.0478902179305002
0.0478903004625753
0.0478904244179432
0.0478905899853099
0.0478907974162731
0.0478910470253108
0.0478913391897647
0.0478916743497855
0.0478920530082762
0.0478924757307981
0.0478929431454197
0.0478934559425304
0.0478940148745721
0.0478946207556964
0.0478952744613090
0.0478959769274995
0.0478967291503067
0.0478975321848286
0.0478983871440866
0.0478992951976750
0.0479002575700889
0.0479012755387142
0.0479023504314029
0.0479034836235731
0.0479046765347422
0.0479059306243992
0.0479072473870833
0.0479086283465671
0.0479100750489201
0.0479115890543032
0.0479131719272037
0.0479148252248399
0.0479165504833171
0.0479183492010858
0.0479202228190539
0.0479221726965871
0.0479242000823125
0.0479263060782866
0.0479284915956233
0.0479307572987313
0.0479331035342388
0.0479355302386513
0.0479380368156819
0.0479406219690001
0.0479432834669957
0.0479460177994553
0.0479488196520342
0.0479516810434880
0.0479545897137733
0.0479567186612532
0.0479538908184668
0.0479511089418525
0.0479483847454232
0.0479457257887971
0.0479431370895136
0.0479406219690001
0.0479381825556315
0.0479358201066806
0.0479335352258089
0.0479313280166249
0.0479291981951173
0.0479271451745145
0.0479251681309458
0.0479232660552408
0.0479214377945147
0.0479196820859301
0.0479179975844469
0.0479163828857862
0.0479148365455774
0.0479133570954036
0.0479119430562948
0.0479105929501167
0.0479093053092017
0.0479080786845071
0.0479069116525261
0.0479058028211451
0.0479047508346082
0.0479037543777157
0.0479028121793778
0.0479019230155979
0.0479010857119968
0.0479002991459181
0.0478995622481843
0.0478988740045634
0.0478982334569732
0.0478976397044789
0.0478970919040964
0.0478965892714459
0.0478961310812844
0.0478957166679140
0.0478953454255075
0.0478950168083702
0.0478947303311186
0.0478944855688297
0.0478942821571501
0.0478941197923677
0.0478939982314582
0.0478939172921359
0.0478938768528601
0.0478938768528601
0.0478939172921358
0.0478939982314582
0.0478941197923677
0.0478942821571501
0.0478944855688297
0.0478947303311186
0.0478950168083702
0.0478953454255075
0.0478957166679140
0.0478961310812844
0.0478965892714459
0.0478970919040964
0.0478976397044789
0.0478982334569732
0.0478988740045634
0.0478995622481843
0.0479002991459181
0.0479010857119968
0.0479019230155979
0.0479028121793778
0.0479037543777157
0.0479047508346082
0.0479058028211451
0.0479069116525261
0.0479080786845071
0.0479093053092017
0.0479105929501167
0.0479119430562948
0.0479133570954036
0.0479148365455774
0.0479163828857862
0.0479179975844469
0.0479196820859301
0.0479214377945147
0.0479232660552408
0.0479251681309458
0.0479271451745145
0.0479291981951173
0.0479313280166249
0.0479335352258089
0.0479358201066806
0.0479381825556315
0.0479406219690001
0.0479431370895136
0.0479457257887971
0.0479483847454232
0.0479511089418525
0.0479538908184668
0.0479567186612532
0.0479589019049125
0.0479561593970502
0.0479534612863706
0.0479508186430203
0.0479482385681576
0.0479457257887971
0.0479432834669957
0.0479409136662725
0.0479386176441458
0.0479363960481231
0.0479342490541662
0.0479321764687009
0.0479301778063251
0.0479282523505227
0.0479263992020921
0.0479246173183697
0.0479229055453953
0.0479212626445455
0.0479196873147635
0.0479181782112228
0.0479167339610537
0.0479153531766734
0.0479140344670931
0.0479127764475296
0.0479115777476052
0.0479104370183188
0.0479093529379952
0.0479083242173618
0.0479073496038557
0.0479064278852965
0.0479055578929967
0.0479047385044086
0.0479039686453408
0.0479032472918378
0.0479025734717558
0.0479019462660769
0.0479013648099956
0.0479008282938323
0.0479003359637660
0.0478998871224463
0.0478994811294859
0.0478991174018491
0.0478987954141739
0.0478985146990151
0.0478982748470356
0.0478980755071640
0.0478979163866937
0.0478977972513777
0.0478977179254829
0.0478976782918318
0.0478976782918318
0.0478977179254829
0.0478977972513777
0.0478979163866937
0.0478980755071640
0.0478982748470356
0.0478985146990151
0.0478987954141739
0.0478991174018491
0.0478994811294859
0.0478998871224463
0.0479003359637660
0.0479008282938323
0.0479013648099956
0.0479019462660769
0.0479025734717558
0.0479032472918378
0.0479039686453408
0.0479047385044086
0.0479055578929967
0.0479064278852965
0.0479073496038557
0.0479083242173618
0.0479093529379952
0.0479104370183188
0.0479115777476052
0.0479127764475296
0.0479140344670931
0.0479153531766734
0.0479167339610537
0.0479181782112228
0.0479196873147635
0.0479212626445455
0.0479229055453953
0.0479246173183697
0.0479263992020921
0.0479282523505227
0.0479301778063251
0.0479321764687009
0.0479342490541662
0.0479363960481231
0.0479386176441458
0.0479409136662725
0.0479432834669957
0.0479457257887971
0.0479482385681576
0.0479508186430203
0.0479534612863706
0.0479561593970502
0.0479589019049125
0.0479611360804691
0.0479584836269233
0.0479558736376458
0.0479533164324833
0.0479508186430203
0.0479483847454232
0.0479460177994553
0.0479437198611528
0.0479414922393453
0.0479393356685541
0.0479372504327811
0.0479352364581915
0.0479332933847781
0.0479314206231729
0.0479296174005149
0.0479278827980051
0.0479262157819858
0.0479246152298992
0.0479230799521070
0.0479216087103109
0.0479202002332089
0.0479188532297966
0.0479175664007339
0.0479163384480551
0.0479151680834834
0.0479140540355501
0.0479129950556886
0.0479119899234666
0.0479110374510505
0.0479101364870339
0.0479092859197008
0.0479084846798106
0.0479077317429657
0.0479070261316207
0.0479063669167812
0.0479057532194384
0.0479051842117762
0.0479046591181735
0.0479041772160482
0.0479037378365496
0.0479033403651301
0.0479029842420236
0.0479026689626127
0.0479023940777457
0.0479021591939825
0.0479019639737875
0.0479018081356762
0.0479016914543422
0.0479016137607341
0.0479015749421180
0.0479015749421180
0.0479016137607341
0.0479016914543422
0.0479018081356762
0.0479019639737874
0.0479021591939825
0.0479023940777457
0.0479026689626127
0.0479029842420236
0.0479033403651301
0.0479037378365496
0.0479041772160482
0.0479046591181735
0.0479051842117762
0.0479057532194384
0.0479063669167812
0.0479070261316207
0.0479077317429657
0.0479084846798106
0.0479092859197008
0.0479101364870339
0.0479110374510505
0.0479119899234666
0.0479129950556886
0.0479140540355501
0.0479151680834834
0.0479163384480551
0.0479175664007339
0.0479188532297966
0.0479202002332089
0.0479216087103109
0.0479230799521070
0.0479246152298992
0.0479262157819858
0.0479278827980051
0.0479296174005149
0.0479314206231729
0.0479332933847781
0.0479352364581915
0.0479372504327811
0.0479393356685541
0.0479414922393453
0.0479437198611528
0.0479460177994553
0.0479483847454232
0.0479508186430203
0.0479533164324833
0.0479558736376458
0.0479584836269233
0.0479611360804691
0.0479634166824887
0.0479608591871107
0.0479583416765146
0.0479558736376458
0.0479534612863706
0.0479511089418525
0.0479488196520342
0.0479465955405503
0.0479444380267802
0.0479423479783560
0.0479403258232505
0.0479383716355611
0.0479364852030503
0.0479346660814340
0.0479329136387376
0.0479312270919362
0.0479296055375397
0.0479280479772877
0.0479265533398831
0.0479251204994466
0.0479237482912607
0.0479224355252233
0.0479211809973816
0.0479199834998381
0.0479188418292574
0.0479177547941984
0.0479167212214014
0.0479157399612166
0.0479148098922691
0.0479139299254602
0.0479130990074111
0.0479123161234160
0.0479115802999627
0.0479108906068926
0.0479102461592430
0.0479096461188042
0.0479090896954501
0.0479085761482529
0.0479081047864312
0.0479076749701381
0.0479072861111145
0.0479069376732519
0.0479066291730249
0.0479063601798787
0.0479061303165207
0.0479059392591706
0.0479057867377477
0.0479056725360195
0.0479055964917212
0.0479055584966351
0.0479055584966351
0.0479055964917212
0.0479056725360195
0.0479057867377477
0.0479059392591706
0.0479061303165207
0.0479063601798787
0.0479066291730249
0.0479069376732519
0.0479072861111145
0.0479076749701381
0.0479081047864312
0.0479085761482528
0.0479090896954501
0.0479096461188042
0.0479102461592430
0.0479108906068926
0.0479115802999627
0.0479123161234160
0.0479130990074111
0.0479139299254602
0.0479148098922691
0.0479157399612166
0.0479167212214014
0.0479177547941984
0.0479188418292574
0.0479199834998381
0.0479211809973816
0.0479224355252233
0.0479237482912607
0.0479251204994466
0.0479265533398831
0.0479280479772877
0.0479296055375397
0.0479312270919362
0.0479329136387376
0.0479346660814340
0.0479364852030503
0.0479383716355611
0.0479403258232505
0.0479423479783560
0.0479444380267802
0.0479465955405503
0.0479488196520342
0.0479511089418525
0.0479534612863706
0.0479558736376458
0.0479583416765146
0.0479608591871107
0.0479634166824887
0.0479657376435477
0.0479632800961165
0.0479608591871107
0.0479584836269233
0.0479561593970502
0.0479538908184668
0.0479516810434880
0.0479495323455210
0.0479474463130061
0.0479454239891303
0.0479434659772934
0.0479415725233392
0.0479397435811697
0.0479379788660210
0.0479362778983137
0.0479346400401203
0.0479330645257480
0.0479315504875611
0.0479300969779068
0.0479287029878008
0.0479273674629262
0.0479260893173561
0.0479248674453587
0.0479237007315649
0.0479225880597396
0.0479215283203554
0.0479205204171327
0.0479195632726884
0.0479186558334138
0.0479177970736954
0.0479169859995432
0.0479162216517216
0.0479155031084500
0.0479148294877185
0.0479141999492704
0.0479136136963096
0.0479130699769495
0.0479125680854524
0.0479121073632786
0.0479116871999761
0.0479113070339324
0.0479109663529992
0.0479106646950241
0.0479104016482831
0.0479101768518379
0.0479099899958308
0.0479098408217248
0.0479097291224787
0.0479096547426983
0.0479096175787294
0.0479096175787294
0.0479096547426983
0.0479097291224787
0.0479098408217248
0.0479099899958308
0.0479101768518379
0.0479104016482831
0.0479106646950241
0.0479109663529992
0.0479113070339324
0.0479116871999761
0.0479121073632786
0.0479125680854524
0.0479130699769495
0.0479136136963096
0.0479141999492704
0.0479148294877185
0.0479155031084500
0.0479162216517216
0.0479169859995432
0.0479177970736954
0.0479186558334138
0.0479195632726884
0.0479205204171327
0.0479215283203554
0.0479225880597396
0.0479237007315649
0.0479248674453587
0.0479260893173561
0.0479273674629262
0.0479287029878008
0.0479300969779068
0.0479315504875611
0.0479330645257480
0.0479346400401203
0.0479362778983137
0.0479379788660210
0.0479397435811697
0.0479415725233392
0.0479434659772934
0.0479454239891303
0.0479474463130061
0.0479495323455209
0.0479516810434880
0.0479538908184668
0.0479561593970502
0.0479584836269233
0.0479608591871107
0.0479632800961165
0.0479657376435477
0.0479680905586426
0.0479657376435477
0.0479634166824886
0.0479611360804691
0.0479589019049125
0.0479567186612532
0.0479545897137733
0.0479525175527661
0.0479505039798742
0.0479485502442067
0.0479466571462882
0.0479448251196983
0.0479430542965892
0.0479413445610873
0.0479396955934195
0.0479381069067032
0.0479365778779013
0.0479351077740168
0.0479336957743957
0.0479323409897943
0.0479310424787217
0.0479297992615200
0.0479286103324896
0.0479274746703789
0.0479263912474438
0.0479253590373078
0.0479243770217629
0.0479234441966706
0.0479225595770686
0.0479217222016120
0.0479209311364077
0.0479201854783300
0.0479194843579093
0.0479188269418017
0.0479182124349346
0.0479176400823504
0.0479171091707932
0.0479166190300596
0.0479161690341681
0.0479157586023467
0.0479153871998767
0.0479150543388022
0.0479147595785349
0.0479145025263555
0.0479142828378286
0.0479141002171517
0.0479139544174274
0.0479138452408909
0.0479137725390777
0.0479137362129428
0.0479137362129428
0.0479137725390777
0.0479138452408909
0.0479139544174274
0.0479141002171517
0.0479142828378286
0.0479145025263555
0.0479147595785349
0.0479150543388022
0.0479153871998767
0.0479157586023467
0.0479161690341681
0.0479166190300596
0.0479171091707932
0.0479176400823504
0.0479182124349346
0.0479188269418017
0.0479194843579093
0.0479201854783300
0.0479209311364076
0.0479217222016120
0.0479225595770686
0.0479234441966706
0.0479243770217629
0.0479253590373078
0.0479263912474438
0.0479274746703789
0.0479286103324896
0.0479297992615200
0.0479310424787217
0.0479323409897943
0.0479336957743957
0.0479351077740168
0.0479365778779013
0.0479381069067032
0.0479396955934195
0.0479413445610873
0.0479430542965892
0.0479448251196983
0.0479466571462882
0.0479485502442067
0.0479505039798742
0.0479525175527661
0.0479545897137733
0.0479567186612532
0.0479589019049125
0.0479611360804691
0.0479634166824886
0.0479657376435477
0.0479680905586426
0.9644712007444077
0.9645819892471729
0.9646913390216554
0.9647988482864933
0.9649042254663388
0.9650072526524412
0.9651077658228897
0.9652056423067978
0.9653007920956772
0.9653931514643527
0.9654826780982373
0.9655693472629713
0.9656531487268303
0.9657340842476188
0.9658121654922807
0.9658874122976739
0.9659598512036532
0.9660295142077638
0.9660964377017494
0.9661606615592454
0.9662222283507471
0.9662811826649853
0.9663375705220261
0.9663914388634942
0.9664428351102785
0.9664918067772559
0.9665384011382441
0.9665826649339465
0.9666246441178210
0.9666643836341791
0.9667019272253694
0.9667373172639689
0.9667705946062353
0.9668017984655478
0.9668309663019961
0.9668581337269221
0.9668833344201730
0.9669066000589838
0.9669279602562864
0.9669474425079827
0.9669650721476455
0.9669808723080222
0.9669948638881893
0.9670070655258532
0.9670174935743557
0.9670261620832742
0.9670330827829903
0.9670382650719523
0.9670417160071216
0.9670434402969855
0.9670434402969855
0.9670417160071216
0.9670382650719523
0.9670330827829903
0.9670261620832742
0.9670174935743557
0.9670070655258532
0.9669948638881893
0.9669808723080222
0.9669650721476455
0.9669474425079827
0.9669279602562864
0.9669066000589838
0.9668833344201730
0.9668581337269221
0.9668309663019961
0.9668017984655478
0.9667705946062353
0.9667373172639689
0.9667019272253694
0.9666643836341791
0.9666246441178220
0.9665826649339465
0.9665384011382441
0.9664918067772559
0.9664428351102785
0.9663914388634942
0.9663375705220261
0.9662811826649853
0.9662222283507471
0.9661606615592454
0.9660964377017494
0.9660295142077638
0.9659598512036532
0.9658874122976739
0.9658121654922807
0.9657340842476188
0.9656531487268303
0.9655693472629713
0.9654826780982373
0.9653931514643527
0.9653007920956772
0.9652056423067978
0.9651077658228897
0.9650072526524412
0.9649042254663388
0.9647988482864929
0.9646913390216554
0.9645819892471729
0.9644712007444077
0.9645819892471729
0.9646978067870002
0.9648119691547856
0.9649240590837043
0.9650337881883039
0.9651409465081872
0.9652453793497361
0.9653469736729771
0.9654456489906333
0.9655413508143297
0.9656340457055714
0.9657237174136106
0.9658103637890476
0.9658939942731609
0.9659746278265593
0.9660522912019747
0.9661270174915075
0.9661988448958194
0.9662678156756218
0.9663339752543666
0.9663973714473014
0.9664580537970783
0.9665160729999410
0.9665714804090704
0.9666243276041170
0.9666746660177080
0.9667225466111589
0.9667680195929040
0.9668111341738688
0.9668519383548694
0.9668904787423332
0.9669268003883539
0.9669609466520882
0.9669929590796952
0.9670228773008660
0.9670507389392181
0.9670765795353985
0.9671004324808662
0.9671223289612378
0.9671422979078931
0.9671603659565697
0.9671765574126884
0.9671908942215254
0.9672033959436328
0.9672140797343124
0.9672229603265232
0.9672300500170609
0.9672353586558325
0.9672388936371933
0.9672406598941671
0.9672406598941671
0.9672388936371933
0.9672353586558325
0.9672300500170609
0.9672229603265232
0.9672140797343124
0.9672033959436328
0.9671908942215254
0.9671765574126884
0.9671603659565697
0.9671422979078931
0.9671223289612378
0.9671004324808662
0.9670765795353985
0.9670507389392181
0.9670228773008660
0.9669929590796952
0.9669609466520882
0.9669268003883539
0.9668904787423332
0.9668519383548694
0.9668111341738688
0.9667680195929040
0.9667225466111589
0.9666746660177080
0.9666243276041170
0.9665714804090704
0.9665160729999410
0.9664580537970783
0.9663973714473014
0.9663339752543666
0.9662678156756218
0.9661988448958194
0.9661270174915075
0.9660522912019747
0.9659746278265593
0.9658939942731609
0.9658103637890476
0.9657237174136106
0.9656340457055714
0.9655413508143297
0.9654456489906333
0.9653469736729771
0.9652453793497361
0.9651409465081872
0.9650337881883039
0.9649240590837043
0.9648119691547856
0.9646978067870002
0.9645819892471729
0.9646913390216554
0.9648119691547856
0.9649307911913572
0.9650473499811083
0.9651613450897421
0.9652725658080167
0.9653808616420956
0.9654861259807662
0.9655882857498069
0.9656872942460870
0.9657831258697767
0.9658757720890654
0.9659652382582381
0.9660515410546365
0.9661347063795903
0.9662147676191356
0.9662917641876407
0.9663657402997494
0.9664367439277256
0.9665048259123665
0.9665700392013074
0.9666324381949948
0.9666920781832455
0.9667490148590026
0.9668033038983207
0.9668550005967043
0.9669041595549520
0.9669508344065952
0.9669950775822137
0.9670369401055707
0.9670764714172440
0.9671137192221146
0.9671487293581180
0.9671815456828950
0.9672122099763315
0.9672407618571082
0.9672672387110307
0.9672916756300369
0.9673141053599597
0.9673345582564359
0.9673530622478035
0.9673696428031306
0.9673843229065022
0.9673971230346580
0.9674080611391651
0.9674171526313888
0.9674244103708145
0.9674298446556279
0.9674334632153689
0.9674352712058260
0.9674352712058260
0.9674334632153689
0.9674298446556279
0.9674244103708145
0.9674171526313888
0.9674080611391651
0.9673971230346580
0.9673843229065022
0.9673696428031306
0.9673530622478035
0.9673345582564359
0.9673141053599597
0.9672916756300369
0.9672672387110307
0.9672407618571082
0.9672122099763315
0.9671815456828950
0.9671487293581180
0.9671137192221146
0.9670764714172440
0.9670369401055707
0.9669950775822137
0.9669508344065952
0.9669041595549520
0.9668550005967043
0.9668033038983207
0.9667490148590026
0.9666920781832455
0.9666324381949948
0.9665700392013074
0.9665048259123665
0.9664367439277256
0.9663657402997494
0.9662917641876407
0.9662147676191356
0.9661347063795903
0.9660515410546365
0.9659652382582381
0.9658757720890654
0.9657831258697767
0.9656872942460870
0.9655882857498069
0.9654861259807662
0.9653808616420956
0.9652725658080167
0.9651613450897421
0.9650473499811083
0.9649307911913572
0.9648119691547856
0.9646913390216554
0.9647988482864933
0.9649240590837043
0.9650473499811083
0.9651682252792997
0.9652863638723030
0.9654015467427361
0.9655136220616741
0.9656224857293865
0.9657280692937330
0.9658303318112691
0.9659292540189489
0.9660248339669806
0.9661170836362806
0.9662060262516441
0.9662916941064149
0.9663741267762416
0.9664533696351827
0.9665294726118302
0.9666024891394063
0.9666724752650184
0.9667394888895565
0.9668035891180807
0.9668648357020908
0.9669232885602148
0.9669790073654755
0.9670320511896479
0.9670824781967043
0.9671303453780790
0.9671757083248488
0.9672186210310698
0.9672591357246183
0.9672973027216498
0.9673331703016973
0.9673667846006141
0.9673981895189896
0.9674274266440342
0.9674545351830617
0.9674795519072138
0.9675025111037665
0.9675234445360333
0.9675423814097945
0.9675593483450226
0.9675743693529371
0.9675874658166412
0.9675986564753922
0.9676079574119753
0.9676153820427528
0.9676209411093937
0.9676246426731751
0.9676264921106025
0.9676264921106025
0.9676246426731751
0.9676209411093937
0.9676153820427528
0.9676079574119753
0.9675986564753922
0.9675874658166412
0.9675743693529371
0.9675593483450226
0.9675423814097945
0.9675234445360333
0.9675025111037665
0.9674795519072138
0.9674545351830617
0.9674274266440342
0.9673981895189896
0.9673667846006141
0.9673331703016973
0.9672973027216498
0.9672591357246183
0.9672186210310698
0.9671757083248488
0.9671303453780790
0.9670824781967043
0.9670320511896479
0.9669790073654755
0.9669232885602148
0.9668648357020908
0.9668035891180807
0.9667394888895565
0.9666724752650184
0.9666024891394063
0.9665294726118302
0.9664533696351827
0.9663741267762416
0.9662916941064149
0.9662060262516441
0.9661170836362806
0.9660248339669806
0.9659292540189489
0.9658303318112691
0.9657280692937330
0.9656224857293865
0.9655136220616741
0.9654015467427361
0.9652863638723030
0.9651682252792997
0.9650473499811083
0.9649240590837043
0.9647988482864933
0.9649042254663388
0.9650337881883039
0.9651613450897421
0.9652863638723030
0.9654085002093716
0.9655275223147789
0.9656432727180642
0.9657556462542365
0.9658645762691380
0.9659700253800724
0.9660719789465098
0.9661704402548661
0.9662654268449352
0.9663569676328964
0.9664451006104503
0.9665298709750128
0.9666113295907487
0.9666895317087514
0.9667645358943724
0.9668364031220893
0.9669051960086820
0.9669709781599551
0.9670338136132186
0.9670937663603524
0.9671508999385324
0.9672052770795790
0.9672569594085845
0.9673060071850452
0.9673524790809401
0.9673964319901966
0.9674379208655366
0.9674769985785928
0.9675137158009736
0.9675481209025470
0.9675802598650386
0.9676101762087965
0.9676379109312978
0.9676635024547686
0.9676869865829334
0.9677083964645403
0.9677277625631540
0.9677451126324739
0.9677604716957171
0.9677738620291476
0.9677853031487119
0.9677948117990891
0.9678024019457336
0.9678080847678912
0.9678118686540350
0.9678137591983290
0.9678137591983290
0.9678118686540350
0.9678080847678912
0.9678024019457336
0.9677948117990891
0.9677853031487119
0.9677738620291476
0.9677604716957171
0.9677451126324739
0.9677277625631540
0.9677083964645403
0.9676869865829334
0.9676635024547686
0.9676379109312978
0.9676101762087965
0.9675802598650386
0.9675481209025470
0.9675137158009736
0.9674769985785928
0.9674379208655366
0.9673964319901966
0.9673524790809401
0.9673060071850452
0.9672569594085845
0.9672052770795790
0.9671508999385324
0.9670937663603524
0.9670338136132186
0.9669709781599551
0.9669051960086820
0.9668364031220893
0.9667645358943724
0.9666895317087514
0.9666113295907487
0.9665298709750128
0.9664451006104503
0.9663569676328964
0.9662654268449352
0.9661704402548661
0.9660719789465098
0.9659700253800724
0.9658645762691380
0.9657556462542365
0.9656432727180642
0.9655275223147789
0.9654085002093716
0.9652863638723030
0.9651613450897421
0.9650337881883039
0.9649042254663388
0.9650072526524412
0.9651409465081872
0.9652725658080167
0.9654015467427361
0.9655275223147789
0.9656502460936740
0.9657695522568871
0.9658853318444686
0.9659975175680677
0.9661060735482353
0.9662109880646983
0.9663122682421711
0.9664099360324999
0.9665040250987518
0.9665945783495321
0.9666816459533099
0.9667652837193534
0.9668455517616258
0.9669225133875059
0.9669962341665403
0.9670667811457034
0.9671342221854121
0.9671986253956384
0.9672600586558211
0.9673185892052533
0.9673742832935152
0.9674272058816455
0.9674774203868129
0.9675249884642715
0.9675699698210469
0.9676124220576179
0.9676524005326690
0.9676899582486473
0.9677251457547935
0.9677580110652528
0.9677885995902173
0.9678169540782136
0.9678431145680754
0.9678671183492080
0.9678889999283026
0.9679087910027194
0.9679265204384442
0.9679422142521111
0.9679558955971292
0.9679675847522615
0.9679772991126960
0.9679850531832741
0.9679908585735331
0.9679947239934202
0.9679966552511414
0.9679966552511414
0.9679947239934202
0.9679908585735331
0.9679850531832741
0.9679772991126960
0.9679675847522615
0.9679558955971292
0.9679422142521111
0.9679265204384442
0.9679087910027194
0.9678889999283026
0.9678671183492080
0.9678431145680754
0.9678169540782136
0.9677885995902173
0.9677580110652528
0.9677251457547935
0.9676899582486473
0.9676524005326690
0.9676124220576179
0.9675699698210469
0.9675249884642715
0.9674774203868129
0.9674272058816455
0.9673742832935152
0.9673185892052533
0.9672600586558211
0.9671986253956384
0.9671342221854121
0.9670667811457034
0.9669962341665403
0.9669225133875059
0.9668455517616258
0.9667652837193534
0.9666816459533099
0.9665945783495321
0.9665040250987518
0.9664099360324999
0.9663122682421711
0.9662109880646983
0.9661060735482353
0.9659975175680677
0.9658853318444686
0.9657695522568871
0.9656502460936740
0.9655275223147789
0.9654015467427361
0.9652725658080167
0.9651409465081872
0.9650072526524412
0.9651077658228897
0.9652453793497361
0.9653808616420956
0.9655136220616741
0.9656432727180602
0.9657695522568871
0.9658922851155572
0.9660113567189391
0.9661266972760514
0.9662382706745181
0.9663460665781456
0.9664500946233461
0.9665503800419647
0.9666469602838157
0.9667398823593210
0.9668292007166008
0.9669149755208325
0.9669972712454719
0.9670761555083033
0.9671516981018581
0.9672239701819476
0.9672930435843777
0.9673589902485603
0.9674218817287327
0.9674817887797891
0.9675387810047599
0.9675929265558253
0.9676442918795157
0.9676929415005247
0.9677389378380635
0.9677823410503358
0.9678232089028493
0.9678615966574081
0.9678975569785739
0.9679311398559063
0.9679623925381643
0.9679913594796203
0.9680180822949875
0.9680425997230068
0.9680649475963414
0.9680851588176701
0.9681032633400896
0.9681192881520888
0.9681332572651548
0.9681451917045689
0.9681551095024885
0.9681630256921974
0.9681689523043665
0.9681728983642195
0.9681748698895705
0.9681748698895705
0.9681728983642195
0.9681689523043665
0.9681630256921974
0.9681551095024886
0.9681451917045689
0.9681332572651548
0.9681192881520888
0.9681032633400896
0.9680851588176701
0.9680649475963414
0.9680425997230068
0.9680180822949875
0.9679913594796203
0.9679623925381643
0.9679311398559063
0.9678975569785739
0.9678615966574081
0.9678232089028493
0.9677823410503358
0.9677389378380635
0.9676929415005247
0.9676442918795157
0.9675929265558253
0.9675387810047599
0.9674817887797891
0.9674218817287327
0.9673589902485603
0.9672930435843777
0.9672239701819476
0.9671516981018581
0.9670761555083033
0.9669972712454719
0.9669149755208325
0.9668292007166008
0.9667398823593210
0.9666469602838157
0.9665503800419647
0.9664500946233461
0.9663460665781456
0.9662382706745181
0.9661266972760514
0.9660113567189391
0.9658922851155572
0.9657695522568871
0.9656432727180602
0.9655136220616741
0.9653808616420956
0.9652453793497361
0.9651077658228897
0.9652056423067978
0.9653469736729771
0.9654861259807662
0.9656224857293865
0.9657556462542365
0.9658853318444686
0.9660113567189391
0.9661335996287174
0.9662519869724894
0.9663664810519381
0.9664770716244053
0.9665837696607998
0.9666866026250506
0.9667856108331766
0.9668808445962438
0.9669723619455903
0.9670602267987009
0.9671445074651969
0.9672252754179586
0.9673026042765390
0.9673765689596862
0.9674472449762900
0.9675147078296519
0.9675790325156139
0.9676402930985812
0.9676985623533997
0.9677539114619760
0.9678064097572892
0.9678561245062147
0.9679031207268247
0.9679474610338478
0.9679892055092809
0.9680284115933283
0.9680651339940781
0.9680994246114947
0.9681313324753231
0.9681609036937598
0.9681881814113550
0.9682132057750863
0.9682360139071381
0.9682566398830269
0.9682751147148215
0.9682914663376111
0.9683057195995878
0.9683178962543062
0.9683280149551121
0.9683360912512168
0.9683421375844548
0.9683461632877591
0.9683481745836626
0.9683481745836626
0.9683461632877591
0.9683421375844548
0.9683360912512168
0.9683280149551121
0.9683178962543062
0.9683057195995878
0.9682914663376111
0.9682751147148215
0.9682566398830269
0.9682360139071381
0.9682132057750863
0.9681881814113550
0.9681609036937598
0.9681313324753231
0.9680994246114947
0.9680651339940781
0.9680284115933283
0.9679892055092809
0.9679474610338478
0.9679031207268247
0.9678561245062147
0.9678064097572892
0.9677539114619760
0.9676985623533997
0.9676402930985812
0.9675790325156139
0.9675147078296519
0.9674472449762900
0.9673765689596862
0.9673026042765390
0.9672252754179586
0.9671445074651969
0.9670602267987009
0.9669723619455903
0.9668808445962438
0.9667856108331766
0.9666866026250506
0.9665837696607998
0.9664770716244053
0.9663664810519381
0.9662519869724894
0.9661335996287174
0.9660113567189391
0.9658853318444686
0.9657556462542365
0.9656224857293865
0.9654861259807662
0.9653469736729771
0.9652056423067978
0.9653007920956772
0.9654456489906333
0.9655882857498069
0.9657280692937330
0.9658645762691380
0.9659975175680677
0.9661266972760514
0.9662519869724894
0.9663733084142260
0.9664906213314958
0.9666039145528816
0.9667131993927398
0.9668185046234287
0.9669198725864017
0.9670173561388160
0.9671110162246904
0.9672009199205628
0.9672871388482480
0.9673697478748339
0.9674488240401021
0.9675244456674501
0.9675966916223453
0.9676656406924042
0.9677313710672156
0.9677939599012032
0.9678534829456045
0.9679100142387235
0.9679636258449060
0.9680143876352617
0.9680623671031221
0.9681076292094509
0.9681502362537383
0.9681902477662899
0.9682277204188856
0.9682627079511539
0.9682952611099829
0.9683254276005062
0.9683532520459764
0.9683787759563566
0.9684020377027448
0.9684230724979385
0.9684419123812175
0.9684585862068826
0.9684731196357467
0.9684855351292726
0.9684958519448637
0.9685040861333001
0.9685102505367597
0.9685143547875059
0.9685164053073626
0.9685164053073626
0.9685143547875059
0.9685102505367597
0.9685040861333001
0.9684958519448637
0.9684855351292726
0.9684731196357467
0.9684585862068826
0.9684419123812175
0.9684230724979385
0.9684020377027448
0.9683787759563566
0.9683532520459764
0.9683254276005062
0.9682952611099829
0.9682627079511539
0.9682277204188856
0.9681902477662899
0.9681502362537383
0.9681076292094509
0.9680623671031221
0.9680143876352617
0.9679636258449060
0.9679100142387235
0.9678534829456045
0.9677939599012032
0.9677313710672156
0.9676656406924042
0.9675966916223453
0.9675244456674501
0.9674488240401021
0.9673697478748339
0.9672871388482480
0.9672009199205628
0.9671110162246904
0.9670173561388160
0.9669198725864017
0.9668185046234287
0.9667131993927398
0.9666039145528816
0.9664906213314958
0.9663733084142260
0.9662519869724894
0.9661266972760514
0.9659975175680677
0.9658645762691380
0.9657280692937330
0.9655882857498069
0.9654456489906338
0.9653007920956772
0.9653931514643527
0.9655413508143297
0.9656872942460870
0.9658303318112691
0.9659700253800724
0.9661060735482353
0.9662382706745181
0.9663664810519381
0.9664906213314958
0.9666106480024600
0.9667265481953954
0.9668383327700165
0.9669460310253067
0.9670496865886492
0.9671493541790565
0.9672450970285936
0.9673369848087549
0.9674250919470656
0.9675094962511910
0.9675902777768177
0.9676675178909541
0.9677412984939622
0.9678117013710582
0.9678788076497788
0.9679426973461837
0.9680034489839684
0.9680611392752111
0.9681158428524754
0.9681676320445423
0.9682165766887997
0.9682627439747253
0.9683061983135357
0.9683470012305637
0.9683852112761268
0.9684208839528283
0.9684540716559449
0.9684848236259388
0.9685131859097770
0.9685392013309922
0.9685629094659128
0.9685843466256886
0.9686035458424734
0.9686205368598693
0.9686353461254428
0.9686479967860028
0.9686585086844294
0.9686668983578223
0.9686731790363645
0.9686773606427158
0.9686794497921076
0.9686794497921076
0.9686773606427158
0.9686731790363645
0.9686668983578223
0.9686585086844294
0.9686479967860028
0.9686353461254428
0.9686205368598693
0.9686035458424734
0.9685843466256886
0.9685629094659128
0.9685392013309922
0.9685131859097770
0.9684848236259388
0.9684540716559449
0.9684208839528283
0.9683852112761268
0.9683470012305637
0.9683061983135357
0.9682627439747253
0.9682165766887997
0.9681676320445458
0.9681158428524754
0.9680611392752111
0.9680034489839684
0.9679426973461837
0.9678788076497788
0.9678117013710582
0.9677412984939622
0.9676675178909541
0.9675902777768177
0.9675094962511910
0.9674250919470656
0.9673369848087549
0.9672450970285936
0.9671493541790565
0.9670496865886492
0.9669460310253067
0.9668383327700165
0.9667265481953954
0.9666106480024600
0.9664906213314958
0.9663664810519381
0.9662382706745181
0.9661060735482353
0.9659700253800724
0.9658303318112691
0.9656872942460870
0.9655413508143297
0.9653931514643527
0.9654826780982373
0.9656340457055714
0.9657831258697773
0.9659292540189489
0.9660719789465098
0.9662109880646983
0.9663460665781456
0.9664770716244053
0.9666039145528816
0.9667265481953954
0.9668449574344633
0.9669591520578370
0.9670691612522674
0.9671750293011243
0.9672768121823691
0.9673745748519035
0.9674683890544055
0.9675583315456664
0.9676444826400192
0.9677269250160104
0.9678057427298874
0.9678810203977249
0.9679528425148457
0.9680212928886888
0.9680864541646289
0.9681484074301733
0.9682072318833244
0.9682630045559425
0.9683158000826790
0.9683656905080520
0.9684127451267496
0.9684570303509163
0.9684986096008698
0.9685375432155215
0.9685738883792944
0.9686076990632269
0.9686390259776876
0.9686679165346995
0.9686944148189672
0.9687185615652625
0.9687403941415981
0.9687599465365994
0.9687772493509180
0.9687923297909410
0.9688052116651931
0.9688159153819854
0.9688244579480888
0.9688308529687336
0.9688351106474345
0.9688372377863166
0.9688372377863166
0.9688351106474345
0.9688308529687336
0.9688244579480888
0.9688159153819854
0.9688052116651931
0.9687923297909410
0.9687772493509180
0.9687599465365994
0.9687403941415981
0.9687185615652625
0.9686944148189672
0.9686679165346995
0.9686390259776876
0.9686076990632269
0.9685738883792944
0.9685375432155215
0.9684986096008698
0.9684570303509163
0.9684127451267496
0.9683656905080520
0.9683158000826790
0.9682630045559425
0.9682072318833244
0.9681484074301733
0.9680864541646289
0.9680212928886888
0.9679528425148457
0.9678810203977249
0.9678057427298874
0.9677269250160104
0.9676444826400192
0.9675583315456664
0.9674683890544055
0.9673745748519035
0.9672768121823691
0.9671750293011243
0.9670691612522674
0.9669591520578370
0.9668449574344633
0.9667265481953954
0.9666039145528816
0.9664770716244053
0.9663460665781456
0.9662109880646983
0.9660719789465098
0.9659292540189489
0.9657831258697773
0.9656340457055714
0.9654826780982373
0.9655693472629713
0.9657237174136106
0.9658757720890654
0.9660248339669806
0.9661704402548661
0.9663122682421724
0.9664500946233461
0.9665837696607998
0.9667131993927398
0.9668383327700165
0.9669591520578370
0.9670756655130925
0.9671879017045836
0.9672959050493897
0.9673997322678405
0.9674994495412594
0.9675951302163267
0.9676868529375197
0.9677747001192555
0.9678587566896629
0.9679391090530371
0.9680158442306486
0.9680890491459037
0.9681588100301268
0.9682252119264998
0.9682883382764242
0.9683482705743025
0.9684050880797503
0.9684588675779651
0.9685096831804993
0.9685576061604902
0.9686027048162896
0.9686450443597311
0.9686846868249445
0.9687216909939540
0.9687561123374053
0.9687880029672057
0.9688174115990282
0.9688443835238570
0.9688689605857551
0.9688911811660025
0.9689110801710276
0.9689286890248129
0.9689440356632160
0.9689571445312389
0.9689680365812637
0.9689767292725397
0.9689832365715767
0.9689875689524334
0.9689897333973290
0.9689897333973290
0.9689875689524334
0.9689832365715767
0.9689767292725397
0.9689680365812637
0.9689571445312389
0.9689440356632160
0.9689286890248129
0.9689110801710276
0.9688911811660025
0.9688689605857551
0.9688443835238570
0.9688174115990282
0.9687880029672057
0.9687561123374053
0.9687216909939540
0.9686846868249445
0.9686450443597311
0.9686027048162896
0.9685576061604902
0.9685096831804993
0.9684588675779651
0.9684050880797503
0.9683482705743025
0.9682883382764242
0.9682252119264998
0.9681588100301268
0.9680890491459037
0.9680158442306486
0.9679391090530371
0.9678587566896629
0.9677747001192555
0.9676868529375197
0.9675951302163267
0.9674994495412594
0.9673997322678405
0.9672959050493897
0.9671879017045836
0.9670756655130925
0.9669591520578370
0.9668383327700165
0.9667131993927398
0.9665837696607998
0.9664500946233461
0.9663122682421724
0.9661704402548661
0.9660248339669806
0.9658757720890654
0.9657237174136106
0.9655693472629713
0.9656531487268303
0.9658103637890476
0.9659652382582381
0.9661170836362806
0.9662654268449352
0.9664099360324999
0.9665503800419647
0.9666866026250506
0.9668185046234287
0.9669460310253067
0.9670691612522674
0.9671879017045836
0.9673022799447512
0.9674123401023694
0.9675181392064323
0.9676197442335335
0.9677172297153558
0.9678106757876687
0.9679001665913934
0.9679857889559609
0.9680676313115054
0.9681457827872301
0.9682203324624635
0.9682913687431459
0.9683589788427682
0.9684232483494101
0.9684842608649697
0.9685420977051685
0.9685968376498852
0.9686485567359604
0.9686973280863654
0.9687432217691234
0.9687863046818534
0.9688266404580398
0.9688642893907543
0.9688993083721072
0.9689317508449056
0.9689616667650441
0.9689891025726822
0.9690141011704225
0.9690367019072780
0.9690569405675359
0.9690748493631337
0.9690904569289087
0.9691037883199577
0.9691148650106375
0.9691237048945145
0.9691303222849301
0.9691347279157982
0.9691369289424646
0.9691369289424646
0.9691347279157982
0.9691303222849301
0.9691237048945145
0.9691148650106375
0.9691037883199577
0.9690904569289087
0.9690748493631337
0.9690569405675359
0.9690367019072780
0.9690141011704225
0.9689891025726822
0.9689616667650441
0.9689317508449056
0.9688993083721072
0.9688642893907543
0.9688266404580398
0.9687863046818534
0.9687432217691234
0.9686973280863654
0.9686485567359604
0.9685968376498852
0.9685420977051685
0.9684842608649697
0.9684232483494101
0.9683589788427682
0.9682913687431459
0.9682203324624635
0.9681457827872301
0.9680676313115054
0.9679857889559609
0.9679001665913934
0.9678106757876687
0.9677172297153558
0.9676197442335335
0.9675181392064323
0.9674123401023694
0.9673022799447512
0.9671879017045836
0.9670691612522674
0.9669460310253067
0.9668185046234287
0.9666866026250506
0.9665503800419647
0.9664099360324999
0.9662654268449352
0.9661170836362806
0.9659652382582381
0.9658103637890476
0.9656531487268303
0.9657340842476188
0.9658939942731609
0.9660515410546365
0.9662060262516441
0.9663569676328964
0.9665040250987518
0.9666469602838157
0.9667856108331766
0.9669198725864017
0.9670496865886492
0.9671750293011243
0.9672959050493897
0.9674123401023694
0.9675243779702584
0.9676320756350771
0.9677355005036845
0.9678347279302848
0.9679298391892677
0.9680209198101059
0.9681080582037743
0.9681913445261751
0.9682708697351363
0.9683467248064276
0.9684190000816107
0.9684877847241208
0.9685531662664956
0.9686152302330912
0.9686740598261970
0.9687297356655362
0.9687823355719538
0.9688319343895840
0.9688786038386659
0.9689224123962122
0.9689634251979707
0.9690017039602931
0.9690373069169318
0.9690702887697651
0.9691007006498891
0.9691285900884762
0.9691540009941469
0.9691769736372360
0.9691975446385647
0.9692157469617627
0.9692316099088976
0.9692451591182311
0.9692564165631093
0.9692654005526428
0.9692721257320851
0.9692766030841565
0.9692788399300024
0.9692788399300024
0.9692766030841565
0.9692721257320851
0.9692654005526428
0.9692564165631093
0.9692451591182311
0.9692316099088976
0.9692157469617627
0.9691975446385647
0.9691769736372360
0.9691540009941469
0.9691285900884762
0.9691007006498887
0.9690702887697651
0.9690373069169318
0.9690017039602931
0.9689634251979707
0.9689224123962122
0.9688786038386659
0.9688319343895840
0.9687823355719538
0.9687297356655362
0.9686740598261970
0.9686152302330912
0.9685531662664956
0.9684877847241208
0.9684190000816107
0.9683467248064276
0.9682708697351363
0.9681913445261751
0.9681080582037743
0.9680209198101059
0.9679298391892677
0.9678347279302848
0.9677355005036845
0.9676320756350771
0.9675243779702584
0.9674123401023694
0.9672959050493897
0.9671750293011243
0.9670496865886492
0.9669198725864017
0.9667856108331766
0.9666469602838157
0.9665040250987518
0.9663569676328964
0.9662060262516441
0.9660515410546365
0.9658939942731609
0.9657340842476188
0.9658121654922807
0.9659746278265593
0.9661347063795903
0.9662916941064149
0.9664451006104503
0.9665945783495321
0.9667398823593210
0.9668808445962438
0.9670173561388160
0.9671493541790565
0.9672768121823694
0.9673997322678405
0.9675181392064323
0.9676320756350771
0.9677415982023874
0.9678467744421780
0.9679476802207743
0.9680443976425034
0.9681370133245385
0.9682256169697319
0.9683103001844062
0.9683911554951417
0.9684682755311440
0.9685417523425183
0.9686116768322172
0.9686781382827199
0.9687412239609068
0.9688010187906607
0.9688576050794302
0.9689110622930514
0.9689614668690738
0.9690088920636152
0.9690534078263464
0.9690950806985112
0.9691339737313035
0.9691701464200618
0.9692036546528338
0.9692345506705350
0.9692628830357894
0.9692886966104349
0.9693120325386941
0.9693329282356565
0.9693514173797455
0.9693675299080835
0.9693812920141176
0.9693927261469881
0.9694018510118987
0.9694086815708669
0.9694132290441041
0.9694155009109630
0.9694155009109630
0.9694132290441041
0.9694086815708669
0.9694018510118987
0.9693927261469881
0.9693812920141176
0.9693675299080835
0.9693514173797455
0.9693329282356565
0.9693120325386941
0.9692886966104349
0.9692628830357894
0.9692345506705350
0.9692036546528338
0.9691701464200618
0.9691339737313035
0.9690950806985112
0.9690534078263464
0.9690088920636152
0.9689614668690738
0.9689110622930514
0.9688576050794302
0.9688010187906607
0.9687412239609068
0.9686781382827199
0.9686116768322172
0.9685417523425183
0.9684682755311440
0.9683911554951417
0.9683103001844062
0.9682256169697319
0.9681370133245385
0.9680443976425034
0.9679476802207732
0.9678467744421780
0.9677415982023874
0.9676320756350771
0.9675181392064323
0.9673997322678405
0.9672768121823694
0.9671493541790565
0.9670173561388160
0.9668808445962438
0.9667398823593210
0.9665945783495321
0.9664451006104503
0.9662916941064149
0.9661347063795903
0.9659746278265593
0.9658121654922807
0.9658874122976739
0.9660522912019747
0.9662147676191356
0.9663741267762416
0.9665298709750128
0.9666816459533099
0.9668292007166008
0.9669723619455903
0.9671110162246904
0.9672450970285936
0.9673745748519035
0.9674994495412594
0.9676197442335300
0.9677355005036845
0.9678467744421780
0.9679536334610700
0.9680561536773831
0.9681544177592926
0.9682485131465425
0.9683385305752897
0.9684245628524157
0.9685067038349500
0.9685850475793912
0.9686596876321462
0.9687307164367925
0.9687982248399511
0.9688623016791932
0.9689230334399916
0.9689805039704941
0.9690347942454195
0.9690859821708256
0.9691341424239590
0.9691793463219632
0.9692216617154383
0.9692611529023788
0.9692978805597324
0.9693319016893399
0.9693632695756289
0.9693920337535639
0.9694182399845486
0.9694419302388294
0.9694631426834494
0.9694819116740365
0.9694982677501027
0.9695122376321477
0.9695238442214160
0.9695331065994829
0.9695400400297689
0.9695446559583628
0.9695469620152789
0.9695469620152789
0.9695446559583628
0.9695400400297689
0.9695331065994829
0.9695238442214160
0.9695122376321477
0.9694982677501027
0.9694819116740365
0.9694631426834494
0.9694419302388294
0.9694182399845486
0.9693920337535639
0.9693632695756289
0.9693319016893399
0.9692978805597324
0.9692611529023788
0.9692216617154383
0.9691793463219632
0.9691341424239590
0.9690859821708256
0.9690347942454195
0.9689805039704941
0.9689230334399935
0.9688623016791932
0.9687982248399511
0.9687307164367925
0.9686596876321462
0.9685850475793912
0.9685067038349500
0.9684245628524157
0.9683385305752897
0.9682485131465425
0.9681544177592926
0.9680561536773831
0.9679536334610700
0.9678467744421780
0.9677355005036845
0.9676197442335300
0.9674994495412594
0.9673745748519035
0.9672450970285936
0.9671110162246904
0.9669723619455903
0.9668292007166008
0.9666816459533099
0.9665298709750128
0.9663741267762416
0.9662147676191356
0.9660522912019747
0.9658874122976739
0.9659598512036532
0.9661270174915050
0.9662917641876407
0.9664533696351827
0.9666113295907487
0.9667652837193534
0.9669149755208325
0.9670602267987009
0.9672009199205628
0.9673369848087549
0.9674683890544055
0.9675951302163267
0.9677172297153558
0.9678347279302848
0.9679476802207743
0.9680561536773831
0.9681602244507060
0.9682599755460205
0.9683554949956957
0.9684468743400916
0.9685342073627790
0.9686175890345710
0.9686971146320824
0.9687728790006230
0.9688449759382051
0.9689134976809740
0.9689785344732924
0.9690401742099110
0.9690985021377926
0.9691536006091658
0.9692055488774396
0.9692544229288244
0.9693002953450213
0.9693432351912467
0.9693833079259196
0.9694205753283639
0.9694550954419275
0.9694869225292592
0.9695161070384005
0.9695426955767483
0.9695667308929754
0.9695882518633823
0.9696072934832409
0.9696238868614955
0.9696380592176409
0.9696498338806544
0.9696592302892499
0.9696662639924165
0.9696709466504956
0.9696732860364412
0.9696732860364412
0.9696709466504956
0.9696662639924165
0.9696592302892499
0.9696498338806544
0.9696380592176409
0.9696238868614955
0.9696072934832409
0.9695882518633823
0.9695667308929754
0.9695426955767483
0.9695161070384005
0.9694869225292592
0.9694550954419275
0.9694205753283639
0.9693833079259196
0.9693432351912467
0.9693002953450213
0.9692544229288244
0.9692055488774396
0.9691536006091658
0.9690985021377926
0.9690401742099110
0.9689785344732924
0.9689134976809740
0.9688449759382051
0.9687728790006230
0.9686971146320824
0.9686175890345710
0.9685342073627790
0.9684468743400916
0.9683554949956957
0.9682599755460205
0.9681602244507060
0.9680561536773831
0.9679476802207743
0.9678347279302848
0.9677172297153558
0.9675951302163267
0.9674683890544055
0.9673369848087549
0.9672009199205628
0.9670602267987009
0.9669149755208325
0.9667652837193534
0.9666113295907487
0.9664533696351827
0.9662917641876407
0.9661270174915050
0.9659598512036532
0.9660295142077638
0.9661988448958194
0.9663657402997494
0.9665294726118302
0.9666895317087514
0.9668455517616258
0.9669972712454719
0.9671445074651969
0.9672871388482480
0.9674250919470656
0.9675583315456664
0.9676868529375197
0.9678106757876687
0.9679298391892677
0.9680443976425034
0.9681544177592926
0.9682599755460205
0.9683611541545105
0.9684580420117775
0.9685507312624572
0.9686393164678386
0.9687238935177142
0.9688045587200265
0.9688814080379256
0.9689545364513112
0.9690240374221500
0.9690900024477801
0.9691525206874723
0.9692116786520404
0.9692675599454200
0.9693202450511628
0.9693698111563599
0.9694163320071589
0.9694598777911961
0.9695005150424535
0.9695383065650617
0.9695733113728957
0.9696055846422632
0.9696351776753812
0.9696621378732198
0.9696865087150025
0.9697083297439902
0.9697276365577159
0.9697444608017844
0.9697588301663136
0.9697707683844430
0.9697802952319200
0.9697874265277150
0.9697921741350020
0.9697945459616742
0.9697945459616742
0.9697921741350020
0.9697874265277150
0.9697802952319200
0.9697707683844430
0.9697588301663136
0.9697444608017844
0.9697276365577159
0.9697083297439902
0.9696865087150025
0.9696621378732198
0.9696351776753812
0.9696055846422632
0.9695733113728957
0.9695383065650617
0.9695005150424535
0.9694598777911961
0.9694163320071589
0.9693698111563599
0.9693202450511628
0.9692675599454200
0.9692116786520404
0.9691525206874723
0.9690900024477801
0.9690240374221500
0.9689545364513112
0.9688814080379256
0.9688045587200265
0.9687238935177142
0.9686393164678386
0.9685507312624572
0.9684580420117775
0.9683611541545105
0.9682599755460205
0.9681544177592926
0.9680443976425034
0.9679298391892677
0.9678106757876687
0.9676868529375197
0.9675583315456664
0.9674250919470656
0.9672871388482480
0.9671445074651969
0.9669972712454719
0.9668455517616258
0.9666895317087514
0.9665294726118302
0.9663657402997494
0.9661988448958194
0.9660295142077638
0.9660964377017494
0.9662678156756218
0.9664367439277256
0.9666024891394063
0.9667645358943724
0.9669225133875059
0.9670761555083033
0.9672252754179586
0.9673697478748339
0.9675094962511910
0.9676444826400192
0.9677747001192555
0.9679001665913934
0.9680209198101059
0.9681370133245385
0.9682485131465425
0.9683554949956957
0.9684580420117775
0.9685562428486301
0.9686501900817259
0.9687399788750345
0.9688257058638258
0.9689074682170337
0.9689853628506437
0.9690594857676709
0.9691299315044338
0.9691967926672093
0.9692601595440864
0.9693201197818421
0.9693767581164011
0.9694301561498302
0.9694803921659257
0.9695275409788642
0.9695716738094770
0.9696128581850155
0.9696511578586963
0.9696866327456276
0.9697193388723389
0.9697493283379436
0.9697766492845539
0.9698013458752749
0.9698234582785706
0.9698430226570741
0.9698600711606351
0.9698746319219773
0.9698867290545075
0.9698963826515895
0.9699036087866476
0.9699084195138212
0.9699108228685895
0.9699108228685895
0.9699084195138212
0.9699036087866476
0.9698963826515895
0.9698867290545075
0.9698746319219773
0.9698600711606351
0.9698430226570741
0.9698234582785706
0.9698013458752749
0.9697766492845539
0.9697493283379436
0.9697193388723389
0.9696866327456276
0.9696511578586963
0.9696128581850155
0.9695716738094770
0.9695275409788642
0.9694803921659257
0.9694301561498302
0.9693767581164011
0.9693201197818421
0.9692601595440864
0.9691967926672093
0.9691299315044338
0.9690594857676709
0.9689853628506437
0.9689074682170337
0.9688257058638258
0.9687399788750345
0.9686501900817259
0.9685562428486301
0.9684580420117775
0.9683554949956957
0.9682485131465425
0.9681370133245385
0.9680209198101059
0.9679001665913934
0.9677747001192555
0.9676444826400192
0.9675094962511910
0.9673697478748339
0.9672252754179586
0.9670761555083033
0.9669225133875059
0.9667645358943724
0.9666024891394063
0.9664367439277256
0.9662678156756218
0.9660964377017494
0.9661606615592454
0.9663339752543666
0.9665048259123665
0.9666724752650184
0.9668364031220893
0.9669962341665403
0.9671516981018581
0.9673026042765390
0.9674488240401021
0.9675902777768177
0.9677269250160104
0.9678587566896629
0.9679857889559609
0.9681080582037743
0.9682256169697319
0.9683385305752897
0.9684468743400916
0.9685507312624572
0.9686501900817259
0.9687453436554498
0.9688362875980184
0.9689231191363235
0.9690059361482215
0.9690848363533281
0.9691599166328156
0.9692312724580198
0.9692989974107086
0.9693631827810526
0.9694239172316762
0.9694812865175354
0.9695353732531322
0.9695862567199142
0.9696340127076203
0.9696787133844317
0.9697204271915856
0.9697592187581479
0.9697951488329879
0.9698282742313901
0.9698586477931338
0.9698863183506109
0.9699113307049484
0.9699337256086481
0.9699535397530328
0.9699708057602445
0.9699855521780242
0.9699978034766196
0.9700075800476005
0.9700148982034763
0.9700197701779356
0.9700222041263925
0.9700222041263925
0.9700197701779356
0.9700148982034763
0.9700075800476005
0.9699978034766196
0.9699855521780242
0.9699708057602445
0.9699535397530328
0.9699337256086481
0.9699113307049484
0.9698863183506109
0.9698586477931338
0.9698282742313901
0.9697951488329879
0.9697592187581479
0.9697204271915856
0.9696787133844317
0.9696340127076203
0.9695862567199142
0.9695353732531322
0.9694812865175354
0.9694239172316762
0.9693631827810526
0.9692989974107086
0.9692312724580198
0.9691599166328156
0.9690848363533281
0.9690059361482215
0.9689231191363235
0.9688362875980184
0.9687453436554498
0.9686501900817259
0.9685507312624572
0.9684468743400916
0.9683385305752897
0.9682256169697319
0.9681080582037743
0.9679857889559609
0.9678587566896629
0.9677269250160104
0.9675902777768177
0.9674488240401021
0.9673026042765390
0.9671516981018581
0.9669962341665403
0.9668364031220893
0.9666724752650184
0.9665048259123665
0.9663339752543666
0.9661606615592454
0.9662222283507471
0.9663973714473014
0.9665700392013074
0.9667394888895565
0.9669051960086820
0.9670667811457034
0.9672239701819476
0.9673765689596877
0.9675244456674501
0.9676675178909541
0.9678057427298874
0.9679391090530371
0.9680676313115034
0.9681913445261751
0.9683103001844062
0.9684245628524157
0.9685342073627790
0.9686393164678386
0.9687399788750345
0.9688362875980184
0.9689283385694571
0.9690162294736043
0.9691000587617474
0.9691799248232345
0.9692559252863536
0.9693281564299004
0.9693967126884369
0.9694616862365555
0.9695231666409501
0.9695812405696229
0.9696359915494094
0.9696874997654277
0.9697358418951686
0.9697810909723249
0.9698233162758154
0.9698625832401622
0.9698989533832315
0.9699324842493257
0.9699632293644388
0.9699912382018293
0.9700165561558873
0.9700392245230105
0.9700592804877561
0.9700767571132399
0.9700916833350471
0.9701040839574058
0.9701139796510592
0.9701213869524269
0.9701263182635279
0.9701287818522067
0.9701287818522067
0.9701263182635279
0.9701213869524269
0.9701139796510592
0.9701040839574058
0.9700916833350471
0.9700767571132399
0.9700592804877561
0.9700392245230105
0.9700165561558873
0.9699912382018293
0.9699632293644388
0.9699324842493257
0.9698989533832315
0.9698625832401622
0.9698233162758154
0.9697810909723249
0.9697358418951686
0.9696874997654277
0.9696359915494094
0.9695812405696229
0.9695231666409501
0.9694616862365555
0.9693967126884250
0.9693281564299004
0.9692559252863536
0.9691799248232345
0.9691000587617474
0.9690162294736043
0.9689283385694571
0.9688362875980184
0.9687399788750345
0.9686393164678386
0.9685342073627790
0.9684245628524157
0.9683103001844062
0.9681913445261751
0.9680676313115034
0.9679391090530371
0.9678057427298874
0.9676675178909541
0.9675244456674501
0.9673765689596862
0.9672239701819476
0.9670667811457034
0.9669051960086820
0.9667394888895565
0.9665700392013074
0.9663973714473014
0.9662222283507471
0.9662811826649853
0.9664580537970783
0.9666324381949948
0.9668035891180807
0.9669709781599544
0.9671342221854121
0.9672930435843777
0.9674472449762900
0.9675966916223420
0.9677412984939622
0.9678810203977249
0.9680158442306486
0.9681457827872301
0.9682708697351363
0.9683911554951395
0.9685067038349500
0.9686175890345685
0.9687238935177142
0.9688257058638258
0.9689231191363232
0.9690162294736043
0.9691051348996922
0.9691899343206188
0.9692707266759011
0.9693476102229018
0.9694206819322113
0.9694900369789050
0.9695557683137782
0.9696179663038685
0.9696767184311886
0.9697321090414204
0.9697842191349270
0.9698331261937878
0.9698789040393135
0.9699216227157539
0.9699613483956677
0.9699981433035959
0.9700320656556105
0.9700631696114081
0.9700915052372078
0.9701171184774847
0.9701400511336427
0.9701603408488487
0.9701780210967755
0.9701931211745131
0.9702056661976352
0.9702156770976683
0.9702231706201104
0.9702281593244336
0.9702306515833713
0.9702306515833713
0.9702281593244336
0.9702231706201104
0.9702156770976683
0.9702056661976352
0.9701931211745131
0.9701780210967755
0.9701603408488487
0.9701400511336427
0.9701171184774847
0.9700915052372078
0.9700631696114081
0.9700320656556115
0.9699981433035959
0.9699613483956677
0.9699216227157539
0.9698789040393135
0.9698331261937878
0.9697842191349270
0.9697321090414204
0.9696767184311886
0.9696179663038685
0.9695557683137782
0.9694900369789050
0.9694206819322113
0.9693476102229018
0.9692707266759011
0.9691899343206188
0.9691051348996922
0.9690162294736043
0.9689231191363232
0.9688257058638258
0.9687238935177142
0.9686175890345685
0.9685067038349500
0.9683911554951395
0.9682708697351363
0.9681457827872301
0.9680158442306486
0.9678810203977249
0.9677412984939622
0.9675966916223420
0.9674472449762900
0.9672930435843777
0.9671342221854121
0.9669709781599544
0.9668035891180807
0.9666324381949948
0.9664580537970783
0.9662811826649853
0.9663375705220261
0.9665160729999410
0.9666920781832455
0.9668648357020908
0.9670338136132186
0.9671986253956384
0.9673589902485603
0.9675147078296519
0.9676656406924034
0.9678117013710592
0.9679528425148457
0.9680890491459037
0.9682203324624635
0.9683467248064276
0.9684682755311452
0.9685850475793912
0.9686971146320824
0.9688045587200265
0.9689074682170337
0.9690059361482215
0.9691000587617474
0.9691899343206188
0.9692756620810116
0.9693573414272350
0.9694350711400710
0.9695089487777052
0.9695790701535416
0.9696455288954116
0.9697084160751596
0.9697678198972810
0.9698238254389642
0.9698765144330187
0.9699259650879214
0.9699722519392813
0.9700154457278800
0.9700556133001962
0.9700928175282264
0.9701271172448206
0.9701585671931557
0.9701872179864054
0.9702131160773494
0.9702363037350447
0.9702568190276248
0.9702746958099564
0.9702899637149903
0.9703026481480784
0.9703127702831812
0.9703203470608628
0.9703253911869879
0.9703279111323257
0.9703279111323257
0.9703253911869879
0.9703203470608628
0.9703127702831812
0.9703026481480784
0.9702899637149903
0.9702746958099564
0.9702568190276248
0.9702363037350447
0.9702131160773494
0.9701872179864054
0.9701585671931557
0.9701271172448206
0.9700928175282264
0.9700556133001962
0.9700154457278800
0.9699722519392813
0.9699259650879214
0.9698765144330187
0.9698238254389642
0.9697678198972810
0.9697084160751596
0.9696455288954116
0.9695790701535416
0.9695089487777052
0.9694350711400710
0.9693573414272350
0.9692756620810116
0.9691899343206188
0.9691000587617474
0.9690059361482215
0.9689074682170337
0.9688045587200265
0.9686971146320824
0.9685850475793912
0.9684682755311440
0.9683467248064276
0.9682203324624635
0.9680890491459037
0.9679528425148457
0.9678117013710592
0.9676656406924034
0.9675147078296519
0.9673589902485603
0.9671986253956384
0.9670338136132186
0.9668648357020908
0.9666920781832455
0.9665160729999410
0.9663375705220261
0.9663914388634942
0.9665714804090704
0.9667490148590026
0.9669232885602148
0.9670937663603524
0.9672600586558211
0.9674218817287327
0.9675790325156139
0.9677313710672156
0.9678788076497788
0.9680212928886888
0.9681588100301268
0.9682913687431459
0.9684190000816107
0.9685417523425183
0.9686596876321462
0.9687728790006230
0.9688814080379256
0.9689853628506437
0.9690848363533281
0.9691799248232345
0.9692707266759011
0.9693573414272350
0.9694398688135080
0.9695184080449414
0.9695930571738643
0.9696639125597664
0.9697310684173847
0.9697946164356683
0.9698546454573231
0.9699112412099703
0.9699644860818836
0.9700144589348990
0.9700612349498517
0.9701048854992312
0.9701454780430584
0.9701830760441592
0.9702177389003156
0.9702495218897914
0.9702784761289903
0.9703046485389915
0.9703280818203793
0.9703488144341585
0.9703668805879900
0.9703823102260389
0.9703951290222746
0.9704053583759513
0.9704130154084377
0.9704181129618888
0.9704206595981547
0.9704206595981547
0.9704181129618888
0.9704130154084377
0.9704053583759513
0.9703951290222746
0.9703823102260389
0.9703668805879900
0.9703488144341585
0.9703280818203793
0.9703046485389915
0.9702784761289903
0.9702495218897914
0.9702177389003156
0.9701830760441592
0.9701454780430584
0.9701048854992312
0.9700612349498517
0.9700144589348990
0.9699644860818836
0.9699112412099703
0.9698546454573231
0.9697946164356683
0.9697310684173847
0.9696639125597664
0.9695930571738643
0.9695184080449414
0.9694398688135080
0.9693573414272350
0.9692707266759011
0.9691799248232345
0.9690848363533281
0.9689853628506437
0.9688814080379256
0.9687728790006230
0.9686596876321462
0.9685417523425183
0.9684190000816107
0.9682913687431459
0.9681588100301268
0.9680212928886888
0.9678788076497788
0.9677313710672156
0.9675790325156139
0.9674218817287327
0.9672600586558211
0.9670937663603524
0.9669232885602148
0.9667490148590026
0.9665714804090704
0.9663914388634942
0.9664428351102785
0.9666243276041170
0.9668033038983207
0.9669790073654755
0.9671508999385336
0.9673185892052533
0.9674817887797891
0.9676402930985812
0.9677939599012032
0.9679426973461837
0.9680864541646289
0.9682252119264948
0.9683589788427682
0.9684877847241208
0.9686116768322172
0.9687307164367925
0.9688449759382051
0.9689545364513112
0.9690594857676709
0.9691599166328156
0.9692559252863536
0.9693476102229018
0.9694350711400710
0.9695184080449414
0.9695977204945601
0.9696731069519812
0.9697446642399982
0.9698124870783820
0.9698766676934871
0.9699372954886784
0.9699944567676999
0.9700482345026791
0.9700987081408764
0.9701459534438587
0.9701900423551582
0.9702310428911871
0.9702690190524871
0.9703040307522285
0.9703361337583720
0.9703653796485309
0.9703918157739507
0.9704154852323910
0.9704364268469737
0.9704546751507962
0.9704702603756352
0.9704832084438266
0.9704935409630256
0.9705012752223049
0.9705064241899167
0.9705089965121277
0.9705089965121277
0.9705064241899167
0.9705012752223049
0.9704935409630256
0.9704832084438266
0.9704702603756352
0.9704546751507962
0.9704364268469737
0.9704154852323910
0.9703918157739507
0.9703653796485309
0.9703361337583720
0.9703040307522285
0.9702690190524871
0.9702310428911871
0.9701900423551582
0.9701459534438587
0.9700987081408764
0.9700482345026791
0.9699944567676999
0.9699372954886784
0.9698766676934871
0.9698124870783820
0.9697446642399982
0.9696731069519812
0.9695977204945601
0.9695184080449414
0.9694350711400710
0.9693476102229018
0.9692559252863536
0.9691599166328156
0.9690594857676709
0.9689545364513112
0.9688449759382051
0.9687307164367925
0.9686116768322172
0.9684877847241208
0.9683589788427682
0.9682252119264948
0.9680864541646289
0.9679426973461837
0.9677939599012032
0.9676402930985812
0.9674817887797891
0.9673185892052533
0.9671508999385336
0.9669790073654755
0.9668033038983207
0.9666243276041170
0.9664428351102785
0.9664918067772559
0.9666746660177080
0.9668550005967043
0.9670320511896479
0.9672052770795790
0.9673742832935152
0.9675387810047599
0.9676985623533997
0.9678534829456045
0.9680034489839684
0.9681484074301733
0.9682883382764242
0.9684232483494101
0.9685531662664956
0.9686781382827199
0.9687982248399511
0.9689134976809740
0.9690240374221500
0.9691299315044338
0.9692312724580198
0.9693281564299004
0.9694206819322113
0.9695089487777052
0.9695930571738643
0.9696731069519856
0.9697491969121570
0.9698214242660618
0.9698898841652490
0.9699546693009946
0.9700158695669047
0.9700735717742188
0.9701278594132544
0.9701788124536040
0.9702265071776818
0.9702710160432760
0.9703124075698143
0.9703507462455808
0.9703860924524832
0.9704185024051345
0.9704480281026401
0.9704747172903408
0.9704986134303011
0.9705197556784035
0.9705381788672075
0.9705539134934031
0.9705669857085076
0.9705774173123574
0.9705852257489492
0.9705904241031169
0.9705930210990498
0.9705930210990498
0.9705904241031169
0.9705852257489492
0.9705774173123574
0.9705669857085076
0.9705539134934031
0.9705381788672075
0.9705197556784035
0.9704986134303011
0.9704747172903408
0.9704480281026401
0.9704185024051345
0.9703860924524832
0.9703507462455808
0.9703124075698143
0.9702710160432760
0.9702265071776818
0.9701788124536040
0.9701278594132544
0.9700735717742188
0.9700158695669047
0.9699546693009946
0.9698898841652490
0.9698214242660618
0.9697491969121570
0.9696731069519856
0.9695930571738643
0.9695089487777052
0.9694206819322113
0.9693281564299004
0.9692312724580198
0.9691299315044338
0.9690240374221500
0.9689134976809740
0.9687982248399511
0.9686781382827199
0.9685531662664956
0.9684232483494101
0.9682883382764242
0.9681484074301733
0.9680034489839684
0.9678534829456045
0.9676985623533997
0.9675387810047599
0.9673742832935152
0.9672052770795790
0.9670320511896479
0.9668550005967043
0.9666746660177080
0.9664918067772559
0.9665384011382441
0.9667225466111589
0.9669041595549520
0.9670824781967043
0.9672569594085845
0.9674272058816455
0.9675929265558253
0.9677539114619760
0.9679100142387235
0.9680611392752111
0.9682072318833244
0.9683482705743025
0.9684842608649697
0.9686152302330912
0.9687412239609068
0.9688623016791932
0.9689785344732924
0.9690900024477801
0.9691967926672093
0.9692989974107086
0.9693967126884369
0.9694900369789050
0.9695790701535416
0.9696639125597664
0.9697446642399982
0.9698214242660618
0.9698942901731032
0.9699633574782400
0.9700287192725974
0.9700904658757941
0.9701486845443086
0.9702034592262142
0.9702548703553243
0.9703029946794571
0.9703479051178796
0.9703896706432533
0.9704283561848057
0.9704640225494940
0.9704967263579767
0.9705265199934940
0.9705534515611554
0.9705775648564247
0.9705988993399738
0.9706174901192167
0.9706333679341795
0.9706465591470268
0.9706570857346293
0.9706649652834624
0.9706702109858796
0.9706728316379230
0.9706728316379230
0.9706702109858796
0.9706649652834624
0.9706570857346293
0.9706465591470268
0.9706333679341795
0.9706174901192167
0.9705988993399738
0.9705775648564247
0.9705534515611554
0.9705265199934940
0.9704967263579767
0.9704640225494940
0.9704283561848057
0.9703896706432533
0.9703479051178796
0.9703029946794571
0.9702548703553243
0.9702034592262142
0.9701486845443086
0.9700904658757941
0.9700287192725974
0.9699633574782400
0.9698942901731032
0.9698214242660618
0.9697446642399982
0.9696639125597664
0.9695790701535416
0.9694900369789050
0.9693967126884369
0.9692989974107086
0.9691967926672093
0.9690900024477801
0.9689785344732924
0.9688623016791932
0.9687412239609068
0.9686152302330912
0.9684842608649697
0.9683482705743025
0.9682072318833244
0.9680611392752205
0.9679100142387235
0.9677539114619760
0.9675929265558253
0.9674272058816455
0.9672569594085845
0.9670824781967043
0.9669041595549520
0.9667225466111589
0.9665384011382441
0.9665826649339465
0.9667680195929040
0.9669508344065952
0.9671303453780790
0.9673060071850452
0.9674774203868129
0.9676442918795157
0.9678064097572892
0.9679636258449060
0.9681158428524754
0.9682630045559425
0.9684050880797503
0.9685420977051685
0.9686740598261970
0.9688010187906607
0.9689230334399930
0.9690401742099110
0.9691525206874723
0.9692601595440864
0.9693631827810526
0.9694616862365574
0.9695557683137782
0.9696455288954116
0.9697310684173847
0.9698124870783820
0.9698898841652490
0.9699633574782400
0.9700330028415347
0.9700989136875539
0.9701611807039917
0.9702198915358812
0.9702751305338476
0.9703269785426601
0.9703755127245327
0.9704208064112533
0.9704629289826323
0.9705019457650790
0.9705379179498328
0.9705709025254878
0.9706009522243851
0.9706281154792685
0.9706524363894857
0.9706739546943477
0.9706927057526522
0.9707087205273417
0.9707220255737056
0.9707326430311766
0.9707405906170141
0.9707458816223082
0.9707485249092735
0.9707485249092735
0.9707458816223082
0.9707405906170141
0.9707326430311766
0.9707220255737056
0.9707087205273417
0.9706927057526522
0.9706739546943477
0.9706524363894857
0.9706281154792685
0.9706009522243851
0.9705709025254878
0.9705379179498328
0.9705019457650790
0.9704629289826323
0.9704208064112533
0.9703755127245327
0.9703269785426601
0.9702751305338476
0.9702198915358812
0.9701611807039917
0.9700989136875539
0.9700330028415347
0.9699633574782400
0.9698898841652490
0.9698124870783820
0.9697310684173847
0.9696455288954116
0.9695557683137782
0.9694616862365574
0.9693631827810526
0.9692601595440864
0.9691525206874723
0.9690401742099110
0.9689230334399930
0.9688010187906607
0.9686740598261970
0.9685420977051685
0.9684050880797503
0.9682630045559425
0.9681158428524754
0.9679636258449060
0.9678064097572892
0.9676442918795157
0.9674774203868129
0.9673060071850452
0.9671303453780790
0.9669508344065952
0.9667680195929040
0.9665826649339465
0.9666246441178220
0.9668111341738688
0.9669950775822137
0.9671757083248501
0.9673524790809401
0.9675249884642720
0.9676929415005247
0.9678561245062147
0.9680143876352617
0.9681676320445458
0.9683158000826790
0.9684588675779651
0.9685968376498852
0.9687297356655362
0.9688576050794302
0.9689805039704941
0.9690985021377926
0.9692116786520404
0.9693201197818421
0.9694239172316762
0.9695231666409501
0.9696179663038685
0.9697084160751596
0.9697946164356683
0.9698766676934918
0.9699546693009946
0.9700287192725974
0.9700989136875539
0.9701653462670676
0.9702281080152775
0.9702872869142789
0.9703429676671785
0.9703952314810603
0.9704441558853620
0.9704898145797991
0.9705322773082177
0.9705716097540392
0.9706078734545793
0.9706411257311047
0.9706714196318903
0.9706988038872499
0.9707233228729342
0.9707450165820307
0.9707639206027193
0.9707800661015370
0.9707934798103768
0.9708041840173129
0.9708121965595647
0.9708175308186766
0.9708201957173508
0.9708201957173508
0.9708175308186745
0.9708121965595647
0.9708041840173129
0.9707934798103768
0.9707800661015370
0.9707639206027193
0.9707450165820307
0.9707233228729342
0.9706988038872499
0.9706714196318903
0.9706411257311047
0.9706078734545793
0.9705716097540392
0.9705322773082177
0.9704898145797991
0.9704441558853620
0.9703952314810603
0.9703429676671785
0.9702872869142789
0.9702281080152775
0.9701653462670676
0.9700989136875539
0.9700287192725974
0.9699546693009946
0.9698766676934918
0.9697946164356683
0.9697084160751596
0.9696179663038685
0.9695231666409501
0.9694239172316762
0.9693201197818421
0.9692116786520404
0.9690985021377926
0.9689805039704941
0.9688576050794302
0.9687297356655362
0.9685968376498852
0.9684588675779678
0.9683158000826790
0.9681676320445458
0.9680143876352617
0.9678561245062147
0.9676929415005247
0.9675249884642720
0.9673524790809401
0.9671757083248501
0.9669950775822137
0.9668111341738688
0.9666246441178220
0.9666643836341791
0.9668519383548694
0.9670369401055707
0.9672186210310698
0.9673964319901966
0.9675699698210469
0.9677389378380635
0.9679031207268247
0.9680623671031221
0.9682165766887997
0.9683656905080520
0.9685096831804993
0.9686485567359604
0.9687823355719538
0.9689110622930512
0.9690347942454195
0.9691536006091658
0.9692675599454200
0.9693767581164011
0.9694812865175354
0.9695812405696229
0.9696767184311890
0.9697678198972810
0.9698546454573231
0.9699372954886784
0.9700158695669047
0.9700904658757941
0.9701611807039917
0.9702281080152775
0.9702913390833952
0.9703509621815821
0.9704070623199168
0.9704597210236336
0.9705090161465116
0.9705550217149145
0.9705978077974018
0.9706374403968245
0.9706739813615824
0.9707074883123127
0.9707380145829797
0.9707656091728901
0.9707903167086813
0.9708121774137839
0.9708312270851478
0.9708474970745997
0.9708610142752540
0.9708718011107369
0.9708798755277805
0.9708852509906135
0.9708879364772259
0.9708879364772259
0.9708852509906135
0.9708798755277805
0.9708718011107369
0.9708610142752540
0.9708474970745997
0.9708312270851478
0.9708121774137839
0.9707903167086813
0.9707656091728901
0.9707380145829797
0.9707074883123127
0.9706739813615824
0.9706374403968245
0.9705978077974018
0.9705550217149145
0.9705090161465116
0.9704597210236336
0.9704070623199168
0.9703509621815821
0.9702913390833952
0.9702281080152775
0.9701611807039917
0.9700904658757941
0.9700158695669047
0.9699372954886784
0.9698546454573231
0.9697678198972810
0.9696767184311890
0.9695812405696229
0.9694812865175354
0.9693767581164011
0.9692675599454200
0.9691536006091658
0.9690347942454195
0.9689110622930512
0.9687823355719538
0.9686485567359604
0.9685096831804993
0.9683656905080520
0.9682165766887997
0.9680623671031221
0.9679031207268247
0.9677389378380635
0.9675699698210469
0.9673964319901966
0.9672186210310698
0.9670369401055707
0.9668519383548694
0.9666643836341791
0.9667019272253694
0.9668904787423332
0.9670764714172440
0.9672591357246183
0.9674379208655366
0.9676124220576179
0.9677823410503358
0.9679474610338471
0.9681076292094509
0.9682627439747253
0.9684127451267496
0.9685576061604902
0.9686973280863654
0.9688319343895840
0.9689614668690738
0.9690859821708256
0.9692055488774396
0.9693202450511628
0.9694301561498302
0.9695353732531322
0.9696359915494094
0.9697321090414204
0.9698238254389642
0.9699112412099703
0.9699944567676999
0.9700735717742188
0.9701486845443064
0.9702198915358812
0.9702872869142789
0.9703509621815836
0.9704110058607611
0.9704675032280285
0.9705205360866012
0.9705701825757317
0.9706165170105661
0.9706596097483187
0.9706995270769790
0.9707363311232476
0.9707700797767718
0.9708008266286309
0.9708286209208995
0.9708535075069382
0.9708755268190025
0.9708947148432006
0.9709111030998951
0.9709247186285451
0.9709355839762275
0.9709437171893824
0.9709491318075222
0.9709518368591525
0.9709518368591525
0.9709491318075222
0.9709437171893824
0.9709355839762275
0.9709247186285451
0.9709111030998951
0.9708947148432006
0.9708755268190025
0.9708535075069382
0.9708286209208995
0.9708008266286309
0.9707700797767718
0.9707363311232476
0.9706995270769790
0.9706596097483187
0.9706165170105661
0.9705701825757317
0.9705205360866012
0.9704675032280285
0.9704110058607611
0.9703509621815836
0.9702872869142789
0.9702198915358812
0.9701486845443064
0.9700735717742188
0.9699944567676999
0.9699112412099703
0.9698238254389642
0.9697321090414204
0.9696359915494094
0.9695353732531322
0.9694301561498302
0.9693202450511628
0.9692055488774396
0.9690859821708256
0.9689614668690738
0.9688319343895840
0.9686973280863654
0.9685576061604902
0.9684127451267496
0.9682627439747253
0.9681076292094509
0.9679474610338471
0.9677823410503358
0.9676124220576179
0.9674379208655366
0.9672591357246183
0.9670764714172440
0.9668904787423332
0.9667019272253694
0.9667373172639689
0.9669268003883539
0.9671137192221146
0.9672973027216498
0.9674769985785928
0.9676524005326690
0.9678232089028493
0.9679892055092809
0.9681502362537383
0.9683061983135357
0.9684570303509189
0.9686027048162896
0.9687432217691234
0.9688786038386659
0.9690088920636152
0.9691341424239655
0.9692544229288218
0.9693698111563600
0.9694803921659257
0.9695862567199142
0.9696874997654277
0.9697842191349270
0.9698765144330187
0.9699644860818836
0.9700482345026812
0.9701278594132532
0.9702034592262142
0.9702751305338476
0.9703429676671785
0.9704070623199168
0.9704675032280285
0.9705243758972100
0.9705777623725899
0.9706277410433424
0.9706743864791761
0.9707177692930506
0.9707579560262958
0.9707950090541112
0.9708289865070198
0.9708599422066115
0.9708879256136832
0.9709129817858239
0.9709351513437828
0.9709544704449296
0.9709709707620725
0.9709846794673583
0.9709956192199652
0.9710038081567822
0.9710092598857898
0.9710119834813450
0.9710119834813450
0.9710092598857898
0.9710038081567822
0.9709956192199652
0.9709846794673583
0.9709709707620725
0.9709544704449296
0.9709351513437828
0.9709129817858239
0.9708879256136832
0.9708599422066115
0.9708289865070198
0.9707950090541112
0.9707579560262958
0.9707177692930506
0.9706743864791761
0.9706277410433424
0.9705777623725899
0.9705243758972100
0.9704675032280285
0.9704070623199168
0.9703429676671785
0.9702751305338476
0.9702034592262142
0.9701278594132532
0.9700482345026812
0.9699644860818836
0.9698765144330187
0.9697842191349270
0.9696874997654277
0.9695862567199142
0.9694803921659257
0.9693698111563599
0.9692544229288218
0.9691341424239655
0.9690088920636152
0.9688786038386659
0.9687432217691234
0.9686027048162896
0.9684570303509189
0.9683061983135357
0.9681502362537383
0.9679892055092809
0.9678232089028493
0.9676524005326690
0.9674769985785928
0.9672973027216498
0.9671137192221146
0.9669268003883539
0.9667373172639697
0.9667705946062353
0.9669609466520882
0.9671487293581180
0.9673331703016973
0.9675137158009736
0.9676899582486473
0.9678615966574081
0.9680284115933283
0.9681902477662899
0.9683470012305637
0.9684986096008698
0.9686450443597311
0.9687863046818534
0.9689224123962122
0.9690534078263464
0.9691793463219632
0.9693002953450213
0.9694163320071497
0.9695275409788642
0.9696340127076203
0.9697358418951686
0.9698331261937878
0.9699259650879217
0.9700144589348990
0.9700987081408764
0.9701788124536040
0.9702548703553243
0.9703269785426601
0.9703952314810609
0.9704597210236336
0.9705205360866012
0.9705777623725899
0.9706314821359092
0.9706817739839767
0.9707287127100591
0.9707723691524369
0.9708128100772904
0.9708500980807503
0.9708842915080467
0.9709154443874222
0.9709436063754439
0.9709688227134434
0.9709911341919041
0.9710105771224712
0.9710271833156109
0.9710409800635263
0.9710519901267053
0.9710602317239447
0.9710657185253558
0.9710684596466108
0.9710684596466108
0.9710657185253558
0.9710602317239447
0.9710519901267053
0.9710409800635263
0.9710271833156109
0.9710105771224712
0.9709911341919041
0.9709688227134434
0.9709436063754439
0.9709154443874222
0.9708842915080467
0.9708500980807503
0.9708128100772907
0.9707723691524369
0.9707287127100591
0.9706817739839767
0.9706314821359092
0.9705777623725899
0.9705205360866012
0.9704597210236336
0.9703952314810609
0.9703269785426601
0.9702548703553243
0.9701788124536040
0.9700987081408764
0.9700144589348990
0.9699259650879217
0.9698331261937878
0.9697358418951686
0.9696340127076203
0.9695275409788642
0.9694163320071497
0.9693002953450213
0.9691793463219632
0.9690534078263464
0.9689224123962122
0.9687863046818534
0.9686450443597311
0.9684986096008698
0.9683470012305637
0.9681902477662899
0.9680284115933283
0.9678615966574081
0.9676899582486473
0.9675137158009736
0.9673331703016973
0.9671487293581180
0.9669609466520882
0.9667705946062353
0.9668017984655478
0.9669929590796952
0.9671815456828953
0.9673667846006141
0.9675481209025470
0.9677251457547935
0.9678975569785739
0.9680651339940781
0.9682277204188856
0.9683852112761268
0.9685375432155215
0.9686846868249445
0.9688266404580398
0.9689634251979707
0.9690950806985112
0.9692216617154383
0.9693432351912467
0.9694598777911961
0.9695716738094770
0.9696787133844317
0.9697810909723249
0.9698789040393135
0.9699722519392813
0.9700612349498546
0.9701459534438587
0.9702265071776818
0.9703029946794571
0.9703755127245328
0.9704441558853620
0.9705090161465116
0.9705701825757317
0.9706277410433390
0.9706817739839767
0.9707323601946455
0.9707795746638767
0.9708234884282753
0.9708641684524332
0.9709016775282608
0.9709360741921975
0.9709674126565159
0.9709957427529449
0.9710211098873727
0.9710435550026225
0.9710631145490201
0.9710798204610387
0.9710937001400443
0.9711047764356096
0.9711130676416858
0.9711185874842670
0.9711213451167588
0.9711213451167588
0.9711185874842670
0.9711130676416858
0.9711047764356096
0.9710937001400443
0.9710798204610387
0.9710631145490201
0.9710435550026225
0.9710211098873727
0.9709957427529449
0.9709674126565159
0.9709360741921975
0.9709016775282608
0.9708641684524332
0.9708234884282753
0.9707795746638767
0.9707323601946455
0.9706817739839767
0.9706277410433390
0.9705701825757317
0.9705090161465116
0.9704441558853620
0.9703755127245328
0.9703029946794571
0.9702265071776818
0.9701459534438587
0.9700612349498546
0.9699722519392813
0.9698789040393135
0.9697810909723249
0.9696787133844317
0.9695716738094770
0.9694598777911961
0.9693432351912467
0.9692216617154383
0.9690950806985112
0.9689634251979707
0.9688266404580398
0.9686846868249445
0.9685375432155215
0.9683852112761268
0.9682277204188856
0.9680651339940781
0.9678975569785739
0.9677251457547935
0.9675481209025470
0.9673667846006141
0.9671815456828950
0.9669929590796952
0.9668017984655478
0.9668309663019961
0.9670228773008660
0.9672122099763315
0.9673981895189896
0.9675802598650386
0.9677580110652528
0.9679311398559063
0.9680994246114947
0.9682627079511539
0.9684208839528312
0.9685738883792947
0.9687216909939540
0.9688642893907543
0.9690017039602931
0.9691339737313035
0.9692611529023788
0.9693833079259196
0.9695005150424535
0.9696128581850155
0.9697204271915861
0.9698233162758154
0.9699216227157539
0.9700154457278800
0.9701048854992312
0.9701900423551582
0.9702710160432760
0.9703479051178785
0.9704208064112533
0.9704898145797991
0.9705550217149145
0.9706165170105661
0.9706743864791761
0.9707287127100591
0.9707795746638767
0.9708270474993459
0.9708712024267717
0.9709121065851708
0.9709498229395870
0.9709844101957303
0.9710159227295337
0.9710444105288760
0.9710699191465029
0.9710924896626359
0.9711121586496491
0.9711289581542305
0.9711429156737580
0.9711540541423541
0.9711623919192807
0.9711679427808193
0.9711707159143449
0.9711707159143449
0.9711679427808193
0.9711623919192807
0.9711540541423541
0.9711429156737580
0.9711289581542305
0.9711121586496491
0.9710924896626359
0.9710699191465029
0.9710444105288760
0.9710159227295337
0.9709844101957303
0.9709498229395870
0.9709121065851708
0.9708712024267717
0.9708270474993459
0.9707795746638767
0.9707287127100591
0.9706743864791761
0.9706165170105661
0.9705550217149145
0.9704898145797991
0.9704208064112533
0.9703479051178785
0.9702710160432760
0.9701900423551582
0.9701048854992312
0.9700154457278800
0.9699216227157539
0.9698233162758154
0.9697204271915861
0.9696128581850155
0.9695005150424535
0.9693833079259196
0.9692611529023788
0.9691339737313035
0.9690017039602931
0.9688642893907543
0.9687216909939540
0.9685738883792947
0.9684208839528312
0.9682627079511539
0.9680994246114947
0.9679311398559063
0.9677580110652528
0.9675802598650386
0.9673981895189896
0.9672122099763315
0.9670228773008660
0.9668309663019961
0.9668581337269221
0.9670507389392181
0.9672407618571082
0.9674274266440342
0.9676101762087965
0.9677885995902155
0.9679623925381643
0.9681313324753231
0.9682952611099829
0.9684540716559449
0.9686076990632269
0.9687561123374053
0.9688993083721066
0.9690373069169318
0.9691701464200618
0.9692978805597324
0.9694205753283639
0.9695383065650617
0.9696511578586963
0.9697592187581479
0.9698625832401622
0.9699613483956677
0.9700556133001962
0.9701454780430584
0.9702310428911871
0.9703124075698143
0.9703896706432533
0.9704629289826323
0.9705322773082177
0.9705978077974018
0.9706596097483187
0.9707177692930506
0.9707723691524337
0.9708234884282753
0.9708712024267717
0.9709155825096563
0.9709566959688016
0.9709946059216250
0.9710293712234502
0.9710610463950482
0.9710896815641317
0.9711153224118175
0.9711380101398200
0.9711577814337625
0.9711746684386292
0.9711886987387560
0.9711998953417346
0.9712082766665772
0.9712138565347939
0.9712166441640175
0.9712166441640175
0.9712138565347939
0.9712082766665772
0.9711998953417346
0.9711886987387560
0.9711746684386292
0.9711577814337625
0.9711380101398200
0.9711153224118175
0.9710896815641317
0.9710610463950482
0.9710293712234502
0.9709946059216250
0.9709566959688016
0.9709155825096563
0.9708712024267717
0.9708234884282753
0.9707723691524337
0.9707177692930506
0.9706596097483187
0.9705978077974018
0.9705322773082177
0.9704629289826323
0.9703896706432533
0.9703124075698143
0.9702310428911871
0.9701454780430584
0.9700556133001962
0.9699613483956677
0.9698625832401622
0.9697592187581479
0.9696511578586963
0.9695383065650617
0.9694205753283639
0.9692978805597324
0.9691701464200618
0.9690373069169318
0.9688993083721066
0.9687561123374053
0.9686076990632269
0.9684540716559449
0.9682952611099829
0.9681313324753231
0.9679623925381656
0.9677885995902155
0.9676101762087965
0.9674274266440342
0.9672407618571082
0.9670507389392181
0.9668581337269221
0.9668833344201730
0.9670765795353985
0.9672672387110307
0.9674545351830617
0.9676379109312978
0.9678169540782136
0.9679913594796203
0.9681609036937598
0.9683254276005022
0.9684848236259388
0.9686390259776876
0.9687880029672057
0.9689317508449056
0.9690702887697651
0.9692036546528338
0.9693319016893339
0.9694550954419275
0.9695733113728957
0.9696866327456276
0.9697951488329879
0.9698989533832315
0.9699981433035959
0.9700928175282264
0.9701830760441592
0.9702690190524824
0.9703507462455808
0.9704283561848057
0.9705019457650790
0.9705716097540392
0.9706374403968245
0.9706995270769790
0.9707579560262958
0.9708128100772900
0.9708641684524332
0.9709121065851708
0.9709566959688016
0.9709980040287842
0.9710360940159997
0.9710710249172999
0.9711028513826283
0.9711316236587011
0.9711573875461201
0.9711801843532377
0.9712000508644790
0.9712170193133723
0.9712311173616784
0.9712423680827813
0.9712507899489629
0.9712563968221513
0.9712591979469803
0.9712591979469803
0.9712563968221513
0.9712507899489629
0.9712423680827813
0.9712311173616784
0.9712170193133723
0.9712000508644790
0.9711801843532377
0.9711573875461201
0.9711316236587011
0.9711028513826283
0.9710710249172999
0.9710360940159997
0.9709980040287842
0.9709566959688016
0.9709121065851708
0.9708641684524332
0.9708128100772900
0.9707579560262958
0.9706995270769790
0.9706374403968245
0.9705716097540392
0.9705019457650790
0.9704283561848057
0.9703507462455808
0.9702690190524824
0.9701830760441592
0.9700928175282264
0.9699981433035959
0.9698989533832315
0.9697951488329879
0.9696866327456276
0.9695733113728957
0.9694550954419275
0.9693319016893339
0.9692036546528338
0.9690702887697651
0.9689317508449056
0.9687880029672057
0.9686390259776876
0.9684848236259388
0.9683254276005022
0.9681609036937598
0.9679913594796203
0.9678169540782136
0.9676379109312978
0.9674545351830617
0.9672672387110307
0.9670765795353985
0.9668833344201730
0.9669066000589838
0.9671004324808662
0.9672916756300369
0.9674795519072138
0.9676635024547686
0.9678431145680754
0.9680180822949875
0.9681881814113550
0.9683532520459764
0.9685131859097770
0.9686679165346995
0.9688174115990282
0.9689616667650441
0.9691007006498893
0.9692345506705350
0.9693632695756289
0.9694869225292594
0.9696055846422632
0.9697193388723389
0.9698282742313901
0.9699324842493257
0.9700320656556098
0.9701271172448206
0.9702177389003156
0.9703040307522285
0.9703860924524832
0.9704640225494940
0.9705379179498328
0.9706078734545793
0.9706739813615824
0.9707363311232476
0.9707950090541112
0.9708500980807503
0.9709016775282608
0.9709498229395870
0.9709946059216250
0.9710360940159997
0.9710743505901187
0.9711094347472661
0.9711414012461854
0.9711703004452816
0.9711961782462283
0.9712190760528572
0.9712390307370861
0.9712560746109177
0.9712702354050140
0.9712815362511360
0.9712899956690232
0.9712956275565439
0.9712984411824580
0.9712984411824580
0.9712956275565439
0.9712899956690232
0.9712815362511360
0.9712702354050140
0.9712560746109177
0.9712390307370861
0.9712190760528572
0.9711961782462283
0.9711703004452816
0.9711414012461854
0.9711094347472661
0.9710743505901187
0.9710360940159997
0.9709946059216250
0.9709498229395870
0.9709016775282608
0.9708500980807503
0.9707950090541112
0.9707363311232476
0.9706739813615824
0.9706078734545793
0.9705379179498328
0.9704640225494940
0.9703860924524832
0.9703040307522285
0.9702177389003156
0.9701271172448206
0.9700320656556115
0.9699324842493257
0.9698282742313901
0.9697193388723389
0.9696055846422632
0.9694869225292594
0.9693632695756289
0.9692345506705350
0.9691007006498893
0.9689616667650441
0.9688174115990282
0.9686679165346995
0.9685131859097770
0.9683532520459764
0.9681881814113550
0.9680180822949878
0.9678431145680754
0.9676635024547686
0.9674795519072138
0.9672916756300369
0.9671004324808662
0.9669066000589838
0.9669279602562864
0.9671223289612378
0.9673141053599597
0.9675025111037665
0.9676869865829334
0.9678671183492080
0.9680425997230068
0.9682132057750863
0.9683787759563566
0.9685392013309922
0.9686944148189672
0.9688443835238570
0.9689891025726822
0.9691285900884762
0.9692628830357894
0.9693920337535639
0.9695161070384005
0.9696351776753812
0.9697493283379460
0.9698586477931338
0.9699632293644388
0.9700631696114086
0.9701585671931557
0.9702495218897914
0.9703361337583720
0.9704185024051345
0.9704967263579767
0.9705709025254878
0.9706411257311047
0.9707074883123127
0.9707700797767718
0.9708289865070198
0.9708842915080467
0.9709360741921975
0.9709844101957303
0.9710293712234502
0.9710710249172999
0.9711094347472661
0.9711446599135696
0.9711767552768198
0.9712057712889662
0.9712317539416817
0.9712547447228320
0.9712747805814144
0.9712918938989635
0.9713061124668703
0.9713174594686509
0.9713259534659787
0.9713316083885212
0.9713344335266352
0.9713344335266345
0.9713316083885212
0.9713259534659787
0.9713174594686509
0.9713061124668703
0.9712918938989635
0.9712747805814144
0.9712547447228320
0.9712317539416817
0.9712057712889662
0.9711767552768198
0.9711446599135696
0.9711094347472661
0.9710710249172999
0.9710293712234502
0.9709844101957303
0.9709360741921975
0.9708842915080467
0.9708289865070198
0.9707700797767718
0.9707074883123127
0.9706411257311047
0.9705709025254878
0.9704967263579767
0.9704185024051345
0.9703361337583720
0.9702495218897914
0.9701585671931557
0.9700631696114086
0.9699632293644388
0.9698586477931338
0.9697493283379460
0.9696351776753812
0.9695161070384005
0.9693920337535639
0.9692628830357894
0.9691285900884762
0.9689891025726822
0.9688443835238570
0.9686944148189672
0.9685392013309922
0.9683787759563566
0.9682132057750863
0.9680425997230068
0.9678671183492080
0.9676869865829334
0.9675025111037665
0.9673141053599597
0.9671223289612378
0.9669279602562864
0.9669474425079827
0.9671422979078931
0.9673345582564359
0.9675234445360333
0.9677083964645403
0.9678889999283026
0.9680649475963414
0.9682360139071381
0.9684020377027448
0.9685629094659128
0.9687185615652625
0.9688689605857551
0.9690141011704225
0.9691540009941469
0.9692886966104349
0.9694182399845486
0.9695426955767483
0.9696621378732198
0.9697766492845569
0.9698863183506109
0.9699912382018293
0.9700915052372078
0.9701872179864041
0.9702784761289903
0.9703653796485309
0.9704480281026401
0.9705265199934940
0.9706009522243851
0.9706714196318903
0.9707380145829797
0.9708008266286309
0.9708599422066115
0.9709154443874222
0.9709674126565159
0.9710159227295337
0.9710610463950482
0.9711028513826283
0.9711414012461854
0.9711767552768186
0.9712089684194657
0.9712380912087739
0.9712641697150380
0.9712872454998143
0.9713073555796720
0.9713245323972005
0.9713388037973126
0.9713501930089481
0.9713587186307915
0.9713643946206153
0.9713672302876201
0.9713672302876201
0.9713643946206153
0.9713587186307915
0.9713501930089481
0.9713388037973126
0.9713245323972005
0.9713073555796720
0.9712872454998143
0.9712641697150380
0.9712380912087739
0.9712089684194657
0.9711767552768186
0.9711414012461854
0.9711028513826283
0.9710610463950482
0.9710159227295337
0.9709674126565159
0.9709154443874222
0.9708599422066115
0.9708008266286309
0.9707380145829797
0.9706714196318903
0.9706009522243851
0.9705265199934940
0.9704480281026399
0.9703653796485309
0.9702784761289903
0.9701872179864041
0.9700915052372078
0.9699912382018293
0.9698863183506109
0.9697766492845569
0.9696621378732198
0.9695426955767483
0.9694182399845486
0.9692886966104349
0.9691540009941469
0.9690141011704225
0.9688689605857551
0.9687185615652625
0.9685629094659128
0.9684020377027448
0.9682360139071381
0.9680649475963414
0.9678889999283026
0.9677083964645403
0.9675234445360333
0.9673345582564359
0.9671422979078931
0.9669474425079827
0.9669650721476455
0.9671603659565697
0.9673530622478035
0.9675423814097945
0.9677277625631540
0.9679087910027194
0.9680851588176701
0.9682566398830269
0.9684230724979387
0.9685843466256893
0.9687403941415981
0.9688911811660025
0.9690367019072780
0.9691769736372360
0.9693120325386941
0.9694419302388294
0.9695667308929754
0.9696865087150025
0.9698013458752749
0.9699113307049484
0.9700165561558873
0.9701171184774847
0.9702131160773494
0.9703046485389915
0.9703918157739507
0.9704747172903408
0.9705534515611554
0.9706281154792685
0.9706988038872499
0.9707656091728901
0.9708286209208995
0.9708879256136820
0.9709436063754439
0.9709957427529449
0.9710444105288760
0.9710896815641317
0.9711316236587011
0.9711703004452816
0.9712057712889662
0.9712380912087739
0.9712673108110519
0.9712934762343245
0.9713166291044082
0.9713368064968765
0.9713540409073793
0.9713683602277658
0.9713797877266550
0.9713883420351415
0.9713940371356092
0.9713968823537884
0.9713968823537884
0.9713940371356092
0.9713883420351415
0.9713797877266550
0.9713683602277658
0.9713540409073793
0.9713368064968765
0.9713166291044082
0.9712934762343245
0.9712673108110519
0.9712380912087739
0.9712057712889662
0.9711703004452816
0.9711316236587011
0.9710896815641317
0.9710444105288760
0.9709957427529449
0.9709436063754439
0.9708879256136820
0.9708286209208995
0.9707656091728901
0.9706988038872499
0.9706281154792685
0.9705534515611554
0.9704747172903408
0.9703918157739507
0.9703046485389915
0.9702131160773494
0.9701171184774847
0.9700165561558873
0.9699113307049484
0.9698013458752749
0.9696865087150025
0.9695667308929754
0.9694419302388294
0.9693120325386941
0.9691769736372360
0.9690367019072780
0.9688911811660025
0.9687403941415981
0.9685843466256893
0.9684230724979387
0.9682566398830269
0.9680851588176701
0.9679087910027194
0.9677277625631540
0.9675423814097945
0.9673530622478035
0.9671603659565697
0.9669650721476455
0.9669808723080222
0.9671765574126884
0.9673696428031306
0.9675593483450226
0.9677451126324739
0.9679265204384442
0.9681032633400896
0.9682751147148215
0.9684419123812175
0.9686035458424743
0.9687599465365994
0.9689110801710276
0.9690569405675359
0.9691975446385647
0.9693329282356565
0.9694631426834540
0.9695882518633846
0.9697083297439911
0.9698234582785706
0.9699337256086481
0.9700392245230105
0.9701400511336427
0.9702363037350447
0.9703280818203793
0.9704154852323910
0.9704986134303005
0.9705775648564269
0.9706524363894857
0.9707233228729342
0.9707903167086813
0.9708535075069382
0.9709129817858239
0.9709688227134434
0.9710211098873727
0.9710699191465029
0.9711153224118175
0.9711573875461201
0.9711961782462283
0.9712317539416817
0.9712641697150380
0.9712934762343245
0.9713197196972229
0.9713429417846247
0.9713631796233780
0.9713804657552474
0.9713948281125061
0.9714062899983870
0.9714148700721839
0.9714205823374938
0.9714234361344962
0.9714234361344962
0.9714205823374938
0.9714148700721839
0.9714062899983870
0.9713948281125061
0.9713804657552474
0.9713631796233780
0.9713429417846247
0.9713197196972229
0.9712934762343245
0.9712641697150380
0.9712317539416817
0.9711961782462283
0.9711573875461201
0.9711153224118175
0.9710699191465029
0.9710211098873727
0.9709688227134434
0.9709129817858239
0.9708535075069382
0.9707903167086813
0.9707233228729342
0.9706524363894857
0.9705775648564269
0.9704986134303011
0.9704154852323910
0.9703280818203793
0.9702363037350447
0.9701400511336427
0.9700392245230105
0.9699337256086481
0.9698234582785706
0.9697083297439911
0.9695882518633846
0.9694631426834540
0.9693329282356565
0.9691975446385647
0.9690569405675359
0.9689110801710276
0.9687599465365959
0.9686035458424743
0.9684419123812175
0.9682751147148215
0.9681032633400896
0.9679265204384442
0.9677451126324739
0.9675593483450226
0.9673696428031306
0.9671765574126884
0.9669808723080222
0.9669948638881893
0.9671908942215254
0.9673843229065022
0.9675743693529371
0.9677604716957171
0.9679422142521111
0.9681192881520888
0.9682914663376111
0.9684585862068826
0.9686205368598693
0.9687772493509180
0.9689286890248129
0.9690748493631337
0.9692157469617627
0.9693514173797396
0.9694819116740365
0.9696072934832409
0.9697276365577159
0.9698430226570741
0.9699535397530328
0.9700592804877561
0.9701603408488487
0.9702568190276248
0.9703488144341585
0.9704364268469737
0.9705197556784035
0.9705988993399738
0.9706739546943477
0.9707450165820307
0.9708121774137839
0.9708755268190025
0.9709351513437828
0.9709911341919041
0.9710435550026275
0.9710924896626359
0.9711380101398200
0.9711801843532377
0.9712190760528572
0.9712547447228320
0.9712872454998218
0.9713166291044082
0.9713429417846210
0.9713662252689621
0.9713865167278233
0.9714038487426030
0.9714182492804235
0.9714297416742279
0.9714383446073598
0.9714440721019915
0.9714469335104925
0.9714469335104925
0.9714440721019915
0.9714383446073598
0.9714297416742279
0.9714182492804235
0.9714038487426030
0.9713865167278233
0.9713662252689621
0.9713429417846247
0.9713166291044082
0.9712872454998218
0.9712547447228320
0.9712190760528572
0.9711801843532377
0.9711380101398200
0.9710924896626359
0.9710435550026275
0.9709911341919041
0.9709351513437828
0.9708755268190025
0.9708121774137839
0.9707450165820307
0.9706739546943477
0.9705988993399738
0.9705197556784035
0.9704364268469737
0.9703488144341585
0.9702568190276248
0.9701603408488487
0.9700592804877561
0.9699535397530328
0.9698430226570741
0.9697276365577159
0.9696072934832409
0.9694819116740365
0.9693514173797396
0.9692157469617627
0.9690748493631337
0.9689286890248129
0.9687772493509180
0.9686205368598693
0.9684585862068826
0.9682914663376111
0.9681192881520888
0.9679422142521111
0.9677604716957171
0.9675743693529371
0.9673843229065022
0.9671908942215254
0.9669948638881893
0.9670070655258532
0.9672033959436328
0.9673971230346580
0.9675874658166412
0.9677738620291476
0.9679558955971292
0.9681332572651548
0.9683057195995878
0.9684731196357467
0.9686353461254428
0.9687923297909410
0.9689440356632160
0.9690904569289087
0.9692316099088976
0.9693675299080833
0.9694982677501027
0.9696238868614955
0.9697444608017844
0.9698600711606351
0.9699708057602422
0.9700767571132399
0.9701780210967755
0.9702746958099564
0.9703668805879900
0.9704546751507962
0.9705381788672075
0.9706174901192167
0.9706927057526522
0.9707639206027193
0.9708312270851478
0.9708947148432006
0.9709544704449296
0.9710105771224712
0.9710631145490201
0.9711121586496491
0.9711577814337625
0.9712000508644790
0.9712390307370861
0.9712747805814144
0.9713073555796720
0.9713368064968765
0.9713631796233780
0.9713865167278233
0.9714068550176829
0.9714242271078173
0.9714386609948934
0.9714501800370747
0.9714588029381703
0.9714645437359488
0.9714674117934387
0.9714674117934387
0.9714645437359488
0.9714588029381703
0.9714501800370747
0.9714386609948934
0.9714242271078173
0.9714068550176829
0.9713865167278233
0.9713631796233780
0.9713368064968765
0.9713073555796720
0.9712747805814144
0.9712390307370861
0.9712000508644790
0.9711577814337625
0.9711121586496491
0.9710631145490201
0.9710105771224712
0.9709544704449296
0.9708947148432006
0.9708312270851478
0.9707639206027193
0.9706927057526522
0.9706174901192167
0.9705381788672075
0.9704546751507962
0.9703668805879900
0.9702746958099564
0.9701780210967755
0.9700767571132399
0.9699708057602422
0.9698600711606351
0.9697444608017844
0.9696238868614955
0.9694982677501027
0.9693675299080833
0.9692316099088976
0.9690904569289087
0.9689440356632160
0.9687923297909410
0.9686353461254428
0.9684731196357467
0.9683057195995878
0.9681332572651548
0.9679558955971292
0.9677738620291476
0.9675874658166412
0.9673971230346580
0.9672033959436328
0.9670070655258532
0.9670174935743557
0.9672140797343124
0.9674080611391651
0.9675986564753922
0.9677853031487084
0.9679675847522615
0.9681451917045689
0.9683178962543062
0.9684855351292726
0.9686479967860028
0.9688052116651931
0.9689571445312389
0.9691037883199577
0.9692451591182311
0.9693812920141176
0.9695122376321477
0.9696380592176409
0.9697588301663136
0.9698746319219773
0.9699855521780242
0.9700916833350322
0.9701931211745131
0.9702899637149892
0.9703823102260389
0.9704702603756352
0.9705539134934031
0.9706333679341795
0.9707087205273417
0.9707800661015370
0.9708474970745997
0.9709111030998951
0.9709709707620725
0.9710271833156109
0.9710798204610387
0.9711289581542305
0.9711746684386292
0.9712170193133723
0.9712560746109177
0.9712918938989635
0.9713245323972005
0.9713540409073793
0.9713804657552474
0.9714038487426030
0.9714242271078175
0.9714416334936488
0.9714560959213384
0.9714676377701014
0.9714762777609145
0.9714820299444802
0.9714849036926461
0.9714849036926461
0.9714820299444802
0.9714762777609145
0.9714676377701014
0.9714560959213384
0.9714416334936488
0.9714242271078175
0.9714038487426030
0.9713804657552474
0.9713540409073793
0.9713245323972005
0.9712918938989635
0.9712560746109177
0.9712170193133723
0.9711746684386292
0.9711289581542305
0.9710798204610387
0.9710271833156109
0.9709709707620725
0.9709111030998951
0.9708474970745997
0.9707800661015370
0.9707087205273417
0.9706333679341795
0.9705539134934031
0.9704702603756352
0.9703823102260389
0.9702899637149892
0.9701931211745131
0.9700916833350322
0.9699855521780242
0.9698746319219773
0.9697588301663136
0.9696380592176409
0.9695122376321477
0.9693812920141176
0.9692451591182311
0.9691037883199577
0.9689571445312389
0.9688052116651931
0.9686479967860028
0.9684855351292726
0.9683178962543062
0.9681451917045689
0.9679675847522615
0.9677853031487084
0.9675986564753922
0.9674080611391651
0.9672140797343124
0.9670174935743557
0.9670261620832742
0.9672229603265232
0.9674171526313888
0.9676079574119753
0.9677948117990891
0.9679772991126960
0.9681551095024885
0.9683280149551121
0.9684958519448637
0.9686585086844294
0.9688159153819854
0.9689680365812648
0.9691148650106375
0.9692564165631093
0.9693927261469881
0.9695238442214160
0.9696498338806544
0.9697707683844430
0.9698867290545075
0.9699978034766196
0.9701040839574058
0.9702056661976352
0.9703026481480784
0.9703951290222746
0.9704832084438266
0.9705669857085076
0.9706465591470268
0.9707220255737036
0.9707934798103768
0.9708610142752540
0.9709247186285451
0.9709846794673583
0.9710409800635219
0.9710937001400443
0.9711429156737580
0.9711886987387560
0.9712311173616754
0.9712702354050140
0.9713061124668703
0.9713388037973126
0.9713683602277658
0.9713948281125061
0.9714182492804235
0.9714386609948934
0.9714560959213384
0.9714705821010498
0.9714821429303488
0.9714907971440747
0.9714965588036925
0.9714994372880291
0.9714994372880291
0.9714965588036925
0.9714907971440747
0.9714821429303488
0.9714705821010498
0.9714560959213384
0.9714386609948934
0.9714182492804235
0.9713948281125061
0.9713683602277658
0.9713388037973126
0.9713061124668703
0.9712702354050140
0.9712311173616784
0.9711886987387560
0.9711429156737580
0.9710937001400443
0.9710409800635219
0.9709846794673583
0.9709247186285451
0.9708610142752540
0.9707934798103768
0.9707220255737036
0.9706465591470268
0.9705669857085076
0.9704832084438266
0.9703951290222746
0.9703026481480784
0.9702056661976352
0.9701040839574058
0.9699978034766196
0.9698867290545075
0.9697707683844430
0.9696498338806544
0.9695238442214160
0.9693927261469881
0.9692564165631093
0.9691148650106375
0.9689680365812648
0.9688159153819854
0.9686585086844294
0.9684958519448637
0.9683280149551121
0.9681551095024885
0.9679772991126960
0.9677948117990891
0.9676079574119753
0.9674171526313888
0.9672229603265232
0.9670261620832742
0.9670330827829903
0.9672300500170609
0.9674244103708145
0.9676153820427528
0.9678024019457336
0.9679850531832741
0.9681630256921974
0.9683360912512168
0.9685040861333001
0.9686668983578223
0.9688244579480889
0.9689767292725397
0.9691237048945145
0.9692654005526428
0.9694018510118987
0.9695331065994829
0.9696592302892499
0.9697802952319200
0.9698963826515895
0.9700075800476005
0.9701139796510592
0.9702156770976683
0.9703127702831812
0.9704053583759513
0.9704935409630256
0.9705774173123574
0.9706570857346293
0.9707326430311766
0.9708041840173129
0.9708718011107369
0.9709355839762275
0.9709956192199652
0.9710519901267053
0.9711047764356096
0.9711540541423541
0.9711998953417346
0.9712423680827813
0.9712815362511360
0.9713174594686509
0.9713501930089481
0.9713797877266550
0.9714062899983870
0.9714297416742279
0.9714501800370747
0.9714676377701014
0.9714821429303406
0.9714937189274726
0.9715023845073112
0.9715081537396497
0.9715110360089789
0.9715110360089789
0.9715081537396497
0.9715023845073112
0.9714937189274726
0.9714821429303406
0.9714676377701014
0.9714501800370747
0.9714297416742279
0.9714062899983870
0.9713797877266550
0.9713501930089481
0.9713174594686509
0.9712815362511360
0.9712423680827813
0.9711998953417346
0.9711540541423548
0.9711047764356096
0.9710519901267053
0.9709956192199652
0.9709355839762275
0.9708718011107369
0.9708041840173129
0.9707326430311766
0.9706570857346293
0.9705774173123574
0.9704935409630256
0.9704053583759513
0.9703127702831812
0.9702156770976683
0.9701139796510592
0.9700075800476005
0.9698963826515895
0.9697802952319200
0.9696592302892499
0.9695331065994829
0.9694018510118987
0.9692654005526428
0.9691237048945145
0.9689767292725397
0.9688244579480889
0.9686668983578223
0.9685040861333001
0.9683360912512168
0.9681630256921974
0.9679850531832741
0.9678024019457336
0.9676153820427528
0.9674244103708145
0.9672300500170609
0.9670330827829903
0.9670382650719523
0.9672353586558325
0.9674298446556279
0.9676209411093941
0.9678080847678912
0.9679908585735341
0.9681689523043665
0.9683421375844548
0.9685102505367597
0.9686731790363645
0.9688308529687336
0.9689832365715767
0.9691303222849286
0.9692721257320851
0.9694086815708669
0.9695400400297689
0.9696662639924165
0.9697874265277150
0.9699036087866476
0.9700148982034763
0.9701213869524269
0.9702231706201104
0.9703203470608628
0.9704130154084377
0.9705012752223049
0.9705852257489492
0.9706649652834631
0.9707405906170105
0.9708121965595647
0.9708798755277805
0.9709437171893824
0.9710038081567822
0.9710602317239447
0.9711130676416858
0.9711623919192807
0.9712082766665772
0.9712507899489629
0.9712899956690232
0.9713259534659787
0.9713587186307915
0.9713883420351415
0.9714148700721839
0.9714383446073598
0.9714588029381703
0.9714762777609145
0.9714907971440747
0.9715023845073112
0.9715110586045902
0.9715168335117310
0.9715197186173923
0.9715197186173923
0.9715168335117310
0.9715110586045902
0.9715023845073112
0.9714907971440747
0.9714762777609145
0.9714588029381703
0.9714383446073598
0.9714148700721839
0.9713883420351415
0.9713587186307915
0.9713259534659787
0.9712899956690232
0.9712507899489629
0.9712082766665772
0.9711623919192807
0.9711130676416858
0.9710602317239447
0.9710038081567822
0.9709437171893824
0.9708798755277805
0.9708121965595647
0.9707405906170105
0.9706649652834631
0.9705852257489492
0.9705012752223049
0.9704130154084377
0.9703203470608628
0.9702231706201104
0.9701213869524269
0.9700148982034763
0.9699036087866476
0.9697874265277150
0.9696662639924165
0.9695400400297689
0.9694086815708669
0.9692721257320851
0.9691303222849286
0.9689832365715767
0.9688308529687336
0.9686731790363645
0.9685102505367597
0.9683421375844548
0.9681689523043665
0.9679908585735341
0.9678080847678912
0.9676209411093941
0.9674298446556279
0.9672353586558325
0.9670382650719523
0.9670417160071216
0.9672388936371933
0.9674334632153689
0.9676246426731751
0.9678118686540350
0.9679947239934178
0.9681728983642195
0.9683461632877591
0.9685143547875059
0.9686773606427158
0.9688351106474345
0.9689875689524334
0.9691347279157982
0.9692766030841565
0.9694132290441041
0.9695446559583629
0.9696709466504956
0.9697921741350020
0.9699084195138212
0.9700197701779356
0.9701263182635279
0.9702281593244336
0.9703253911869879
0.9704181129618901
0.9705064241899167
0.9705904241031169
0.9706702109858796
0.9707458816223082
0.9708175308186745
0.9708852509906135
0.9709491318075222
0.9710092598857898
0.9710657185253558
0.9711185874842670
0.9711679427808193
0.9712138565347939
0.9712563968221513
0.9712956275565439
0.9713316083885212
0.9713643946206153
0.9713940371356092
0.9714205823374938
0.9714440721019915
0.9714645437359488
0.9714820299444802
0.9714965588036925
0.9715081537396497
0.9715168335117310
0.9715226121997718
0.9715254991952128
0.9715254991952128
0.9715226121997718
0.9715168335117310
0.9715081537396497
0.9714965588036925
0.9714820299444802
0.9714645437359488
0.9714440721019915
0.9714205823374938
0.9713940371356092
0.9713643946206153
0.9713316083885212
0.9712956275565439
0.9712563968221513
0.9712138565347939
0.9711679427808193
0.9711185874842670
0.9710657185253558
0.9710092598857898
0.9709491318075222
0.9708852509906135
0.9708175308186745
0.9707458816223082
0.9706702109858796
0.9705904241031169
0.9705064241899167
0.9704181129618901
0.9703253911869879
0.9702281593244336
0.9701263182635279
0.9700197701779356
0.9699084195138212
0.9697921741350020
0.9696709466504956
0.9695446559583629
0.9694132290441041
0.9692766030841565
0.9691347279157982
0.9689875689524334
0.9688351106474345
0.9686773606427158
0.9685143547875059
0.9683461632877591
0.9681728983642195
0.9679947239934178
0.9678118686540350
0.9676246426731751
0.9674334632153689
0.9672388936371933
0.9670417160071216
0.9670434402969855
0.9672406598941671
0.9674352712058260
0.9676264921106025
0.9678137591983290
0.9679966552511403
0.9681748698895705
0.9683481745836626
0.9685164053073626
0.9686794497921076
0.9688372377863166
0.9689897333973266
0.9691369289424646
0.9692788399300024
0.9694155009109630
0.9695469620152789
0.9696732860364412
0.9697945459616742
0.9699108228685895
0.9700222041263925
0.9701287818522067
0.9702306515833713
0.9703279111323257
0.9704206595981547
0.9705089965121277
0.9705930210990498
0.9706728316379230
0.9707485249092735
0.9708201957173508
0.9708879364772198
0.9709518368591484
0.9710119834813450
0.9710684596466108
0.9711213451167595
0.9711707159143449
0.9712166441640184
0.9712591979469803
0.9712984411824580
0.9713344335266352
0.9713672302876201
0.9713968823537884
0.9714234361344962
0.9714469335104925
0.9714674117934387
0.9714849036926461
0.9714994372880282
0.9715110360089789
0.9715197186173923
0.9715254991952150
0.9715283871352106
0.9715283871352106
0.9715254991952150
0.9715197186173923
0.9715110360089789
0.9714994372880282
0.9714849036926461
0.9714674117934387
0.9714469335104925
0.9714234361344962
0.9713968823537884
0.9713672302876201
0.9713344335266352
0.9712984411824580
0.9712591979469803
0.9712166441640184
0.9711707159143449
0.9711213451167595
0.9710684596466108
0.9710119834813450
0.9709518368591484
0.9708879364772198
0.9708201957173508
0.9707485249092735
0.9706728316379230
0.9705930210990498
0.9705089965121277
0.9704206595981547
0.9703279111323257
0.9702306515833713
0.9701287818522067
0.9700222041263925
0.9699108228685895
0.9697945459616789
0.9696732860364412
0.9695469620152789
0.9694155009109630
0.9692788399300024
0.9691369289424646
0.9689897333973290
0.9688372377863166
0.9686794497921076
0.9685164053073626
0.9683481745836626
0.9681748698895705
0.9679966552511414
0.9678137591983290
0.9676264921106025
0.9674352712058260
0.9672406598941671
0.9670434402969855
0.9670434402969855
0.9672406598941671
0.9674352712058260
0.9676264921106025
0.9678137591983290
0.9679966552511384
0.9681748698895705
0.9683481745836626
0.9685164053073626
0.9686794497921076
0.9688372377863166
0.9689897333973266
0.9691369289424646
0.9692788399300024
0.9694155009109630
0.9695469620152789
0.9696732860364412
0.9697945459616789
0.9699108228685895
0.9700222041263925
0.9701287818522067
0.9702306515833713
0.9703279111323257
0.9704206595981547
0.9705089965121277
0.9705930210990498
0.9706728316379230
0.9707485249092735
0.9708201957173508
0.9708879364772198
0.9709518368591525
0.9710119834813450
0.9710684596466108
0.9711213451167588
0.9711707159143449
0.9712166441640175
0.9712591979469803
0.9712984411824580
0.9713344335266345
0.9713672302876201
0.9713968823537884
0.9714234361344962
0.9714469335104925
0.9714674117934387
0.9714849036926461
0.9714994372880326
0.9715110360089793
0.9715197186173923
0.9715254991952128
0.9715283871352085
0.9715283871352085
0.9715254991952128
0.9715197186173923
0.9715110360089793
0.9714994372880326
0.9714849036926461
0.9714674117934387
0.9714469335104925
0.9714234361344962
0.9713968823537884
0.9713672302876201
0.9713344335266345
0.9712984411824580
0.9712591979469803
0.9712166441640175
0.9711707159143449
0.9711213451167588
0.9710684596466108
0.9710119834813450
0.9709518368591525
0.9708879364772198
0.9708201957173508
0.9707485249092735
0.9706728316379230
0.9705930210990498
0.9705089965121277
0.9704206595981547
0.9703279111323257
0.9702306515833713
0.9701287818522067
0.9700222041263925
0.9699108228685895
0.9697945459616789
0.9696732860364412
0.9695469620152789
0.9694155009109630
0.9692788399300024
0.9691369289424646
0.9689897333973290
0.9688372377863166
0.9686794497921076
0.9685164053073626
0.9683481745836626
0.9681748698895705
0.9679966552511403
0.9678137591983290
0.9676264921106025
0.9674352712058260
0.9672406598941671
0.9670434402969855
0.9670417160071216
0.9672388936371933
0.9674334632153689
0.9676246426731751
0.9678118686540350
0.9679947239934178
0.9681728983642195
0.9683461632877591
0.9685143547875059
0.9686773606427158
0.9688351106474345
0.9689875689524332
0.9691347279157982
0.9692766030841565
0.9694132290441041
0.9695446559583628
0.9696709466504931
0.9697921741350020
0.9699084195138212
0.9700197701779356
0.9701263182635279
0.9702281593244336
0.9703253911869879
0.9704181129618888
0.9705064241899167
0.9705904241031169
0.9706702109858796
0.9707458816223082
0.9708175308186708
0.9708852509906120
0.9709491318075222
0.9710092598857898
0.9710657185253558
0.9711185874842670
0.9711679427808193
0.9712138565347939
0.9712563968221513
0.9712956275565418
0.9713316083885212
0.9713643946206153
0.9713940371356092
0.9714205823374938
0.9714440721019915
0.9714645437359488
0.9714820299444802
0.9714965588036925
0.9715081537396497
0.9715168335117310
0.9715226121997718
0.9715254991952128
0.9715254991952128
0.9715226121997718
0.9715168335117310
0.9715081537396497
0.9714965588036925
0.9714820299444802
0.9714645437359488
0.9714440721019915
0.9714205823374938
0.9713940371356092
0.9713643946206153
0.9713316083885212
0.9712956275565418
0.9712563968221513
0.9712138565347939
0.9711679427808193
0.9711185874842670
0.9710657185253558
0.9710092598857898
0.9709491318075222
0.9708852509906120
0.9708175308186708
0.9707458816223082
0.9706702109858796
0.9705904241031169
0.9705064241899167
0.9704181129618888
0.9703253911869879
0.9702281593244336
0.9701263182635279
0.9700197701779356
0.9699084195138212
0.9697921741350020
0.9696709466504931
0.9695446559583628
0.9694132290441041
0.9692766030841565
0.9691347279157982
0.9689875689524332
0.9688351106474345
0.9686773606427158
0.9685143547875059
0.9683461632877591
0.9681728983642195
0.9679947239934202
0.9678118686540350
0.9676246426731751
0.9674334632153689
0.9672388936371933
0.9670417160071216
0.9670382650719523
0.9672353586558325
0.9674298446556279
0.9676209411093941
0.9678080847678912
0.9679908585735341
0.9681689523043665
0.9683421375844548
0.9685102505367597
0.9686731790363645
0.9688308529687336
0.9689832365715767
0.9691303222849286
0.9692721257320851
0.9694086815708669
0.9695400400297689
0.9696662639924165
0.9697874265277150
0.9699036087866476
0.9700148982034763
0.9701213869524269
0.9702231706201104
0.9703203470608628
0.9704130154084377
0.9705012752223049
0.9705852257489492
0.9706649652834624
0.9707405906170141
0.9708121965595647
0.9708798755277805
0.9709437171893824
0.9710038081567822
0.9710602317239447
0.9711130676416858
0.9711623919192807
0.9712082766665772
0.9712507899489629
0.9712899956690232
0.9713259534659787
0.9713587186307915
0.9713883420351415
0.9714148700721839
0.9714383446073598
0.9714588029381703
0.9714762777609145
0.9714907971440747
0.9715023845073112
0.9715110586045896
0.9715168335117310
0.9715197186173923
0.9715197186173923
0.9715168335117310
0.9715110586045896
0.9715023845073112
0.9714907971440747
0.9714762777609145
0.9714588029381703
0.9714383446073598
0.9714148700721839
0.9713883420351415
0.9713587186307915
0.9713259534659787
0.9712899956690232
0.9712507899489629
0.9712082766665772
0.9711623919192807
0.9711130676416858
0.9710602317239447
0.9710038081567822
0.9709437171893824
0.9708798755277805
0.9708121965595647
0.9707405906170141
0.9706649652834624
0.9705852257489492
0.9705012752223049
0.9704130154084377
0.9703203470608628
0.9702231706201104
0.9701213869524269
0.9700148982034763
0.9699036087866476
0.9697874265277150
0.9696662639924165
0.9695400400297689
0.9694086815708669
0.9692721257320851
0.9691303222849301
0.9689832365715767
0.9688308529687336
0.9686731790363645
0.9685102505367597
0.9683421375844548
0.9681689523043586
0.9679908585735341
0.9678080847678912
0.9676209411093941
0.9674298446556279
0.9672353586558325
0.9670382650719523
0.9670330827829900
0.9672300500170609
0.9674244103708145
0.9676153820427525
0.9678024019457336
0.9679850531832741
0.9681630256921974
0.9683360912512168
0.9685040861333001
0.9686668983578223
0.9688244579480888
0.9689767292725396
0.9691237048945145
0.9692654005526428
0.9694018510118987
0.9695331065994829
0.9696592302892499
0.9697802952319200
0.9698963826515895
0.9700075800476005
0.9701139796510592
0.9702156770976683
0.9703127702831812
0.9704053583759513
0.9704935409630256
0.9705774173123574
0.9706570857346293
0.9707326430311766
0.9708041840173129
0.9708718011107369
0.9709355839762275
0.9709956192199652
0.9710519901267053
0.9711047764356096
0.9711540541423541
0.9711998953417346
0.9712423680827813
0.9712815362511360
0.9713174594686509
0.9713501930089481
0.9713797877266550
0.9714062899983870
0.9714297416742279
0.9714501800370747
0.9714676377701014
0.9714821429303488
0.9714937189274726
0.9715023845073112
0.9715081537396497
0.9715110360089789
0.9715110360089789
0.9715081537396497
0.9715023845073112
0.9714937189274726
0.9714821429303488
0.9714676377701014
0.9714501800370747
0.9714297416742319
0.9714062899983870
0.9713797877266550
0.9713501930089481
0.9713174594686509
0.9712815362511360
0.9712423680827813
0.9711998953417346
0.9711540541423541
0.9711047764356096
0.9710519901267053
0.9709956192199652
0.9709355839762275
0.9708718011107369
0.9708041840173129
0.9707326430311766
0.9706570857346293
0.9705774173123574
0.9704935409630256
0.9704053583759513
0.9703127702831812
0.9702156770976683
0.9701139796510592
0.9700075800476005
0.9698963826515895
0.9697802952319200
0.9696592302892499
0.9695331065994829
0.9694018510118987
0.9692654005526428
0.9691237048945145
0.9689767292725396
0.9688244579480888
0.9686668983578223
0.9685040861333001
0.9683360912512168
0.9681630256921974
0.9679850531832741
0.9678024019457336
0.9676153820427528
0.9674244103708145
0.9672300500170609
0.9670330827829900
0.9670261620832742
0.9672229603265232
0.9674171526313888
0.9676079574119802
0.9677948117990891
0.9679772991126960
0.9681551095024886
0.9683280149551108
0.9684958519448644
0.9686585086844294
0.9688159153819854
0.9689680365812648
0.9691148650106375
0.9692564165631070
0.9693927261469881
0.9695238442214160
0.9696498338806544
0.9697707683844430
0.9698867290545075
0.9699978034766196
0.9701040839574058
0.9702056661976352
0.9703026481480784
0.9703951290222746
0.9704832084438266
0.9705669857085076
0.9706465591470268
0.9707220255737056
0.9707934798103768
0.9708610142752540
0.9709247186285451
0.9709846794673564
0.9710409800635219
0.9710937001400364
0.9711429156737580
0.9711886987387560
0.9712311173616754
0.9712702354050140
0.9713061124668703
0.9713388037973126
0.9713683602277658
0.9713948281125061
0.9714182492804235
0.9714386609948934
0.9714560959213384
0.9714705821010498
0.9714821429303488
0.9714907971440747
0.9714965588036925
0.9714994372880317
0.9714994372880317
0.9714965588036925
0.9714907971440747
0.9714821429303488
0.9714705821010498
0.9714560959213384
0.9714386609948934
0.9714182492804235
0.9713948281125061
0.9713683602277658
0.9713388037973126
0.9713061124668703
0.9712702354050140
0.9712311173616754
0.9711886987387560
0.9711429156737580
0.9710937001400364
0.9710409800635219
0.9709846794673564
0.9709247186285451
0.9708610142752540
0.9707934798103768
0.9707220255737056
0.9706465591470268
0.9705669857085076
0.9704832084438266
0.9703951290222746
0.9703026481480784
0.9702056661976352
0.9701040839574058
0.9699978034766196
0.9698867290545075
0.9697707683844430
0.9696498338806544
0.9695238442214160
0.9693927261469881
0.9692564165631070
0.9691148650106375
0.9689680365812637
0.9688159153819854
0.9686585086844294
0.9684958519448644
0.9683280149551108
0.9681551095024886
0.9679772991126960
0.9677948117990891
0.9676079574119802
0.9674171526313888
0.9672229603265232
0.9670261620832742
0.9670174935743556
0.9672140797343124
0.9674080611391651
0.9675986564753922
0.9677853031487119
0.9679675847522615
0.9681451917045689
0.9683178962543062
0.9684855351292726
0.9686479967860028
0.9688052116651931
0.9689571445312389
0.9691037883199577
0.9692451591182311
0.9693812920141176
0.9695122376321477
0.9696380592176409
0.9697588301663136
0.9698746319219773
0.9699855521780242
0.9700916833350322
0.9701931211745131
0.9702899637149903
0.9703823102260389
0.9704702603756352
0.9705539134934080
0.9706333679341795
0.9707087205273417
0.9707800661015370
0.9708474970745997
0.9709111030998951
0.9709709707620725
0.9710271833156109
0.9710798204610387
0.9711289581542341
0.9711746684386292
0.9712170193133723
0.9712560746109177
0.9712918938989635
0.9713245323972005
0.9713540409073793
0.9713804657552474
0.9714038487426030
0.9714242271078175
0.9714416334936488
0.9714560959213384
0.9714676377701014
0.9714762777609145
0.9714820299444802
0.9714849036926461
0.9714849036926461
0.9714820299444802
0.9714762777609145
0.9714676377701014
0.9714560959213384
0.9714416334936488
0.9714242271078175
0.9714038487426030
0.9713804657552474
0.9713540409073793
0.9713245323972005
0.9712918938989635
0.9712560746109177
0.9712170193133723
0.9711746684386292
0.9711289581542341
0.9710798204610387
0.9710271833156109
0.9709709707620725
0.9709111030998951
0.9708474970745997
0.9707800661015370
0.9707087205273417
0.9706333679341795
0.9705539134934080
0.9704702603756352
0.9703823102260389
0.9702899637149903
0.9701931211745131
0.9700916833350322
0.9699855521780242
0.9698746319219773
0.9697588301663136
0.9696380592176409
0.9695122376321477
0.9693812920141176
0.9692451591182311
0.9691037883199577
0.9689571445312389
0.9688052116651931
0.9686479967860028
0.9684855351292726
0.9683178962543062
0.9681451917045689
0.9679675847522615
0.9677853031487119
0.9675986564753922
0.9674080611391651
0.9672140797343124
0.9670174935743556
0.9670070655258532
0.9672033959436328
0.9673971230346580
0.9675874658166412
0.9677738620291476
0.9679558955971292
0.9681332572651544
0.9683057195995878
0.9684731196357467
0.9686353461254428
0.9687923297909410
0.9689440356632160
0.9690904569289087
0.9692316099088976
0.9693675299080883
0.9694982677501027
0.9696238868614955
0.9697444608017844
0.9698600711606351
0.9699708057602445
0.9700767571132399
0.9701780210967755
0.9702746958099564
0.9703668805879900
0.9704546751507962
0.9705381788672075
0.9706174901192167
0.9706927057526522
0.9707639206027193
0.9708312270851478
0.9708947148432006
0.9709544704449296
0.9710105771224712
0.9710631145490201
0.9711121586496491
0.9711577814337625
0.9712000508644790
0.9712390307370861
0.9712747805814144
0.9713073555796720
0.9713368064968765
0.9713631796233780
0.9713865167278233
0.9714068550176829
0.9714242271078175
0.9714386609948934
0.9714501800370747
0.9714588029381703
0.9714645437359488
0.9714674117934387
0.9714674117934387
0.9714645437359488
0.9714588029381703
0.9714501800370747
0.9714386609948934
0.9714242271078175
0.9714068550176829
0.9713865167278233
0.9713631796233780
0.9713368064968765
0.9713073555796720
0.9712747805814144
0.9712390307370861
0.9712000508644790
0.9711577814337625
0.9711121586496491
0.9710631145490201
0.9710105771224712
0.9709544704449296
0.9708947148432006
0.9708312270851478
0.9707639206027193
0.9706927057526522
0.9706174901192167
0.9705381788672075
0.9704546751507962
0.9703668805879900
0.9702746958099564
0.9701780210967755
0.9700767571132399
0.9699708057602445
0.9698600711606351
0.9697444608017844
0.9696238868614955
0.9694982677501027
0.9693675299080883
0.9692316099088976
0.9690904569289087
0.9689440356632160
0.9687923297909410
0.9686353461254428
0.9684731196357467
0.9683057195995878
0.9681332572651544
0.9679558955971292
0.9677738620291476
0.9675874658166412
0.9673971230346580
0.9672033959436328
0.9670070655258532
0.9669948638881893
0.9671908942215254
0.9673843229065022
0.9675743693529371
0.9677604716957171
0.9679422142521111
0.9681192881520888
0.9682914663376111
0.9684585862068826
0.9686205368598693
0.9687772493509180
0.9689286890248129
0.9690748493631337
0.9692157469617645
0.9693514173797396
0.9694819116740365
0.9696072934832409
0.9697276365577159
0.9698430226570741
0.9699535397530328
0.9700592804877561
0.9701603408488464
0.9702568190276323
0.9703488144341585
0.9704364268469737
0.9705197556784035
0.9705988993399738
0.9706739546943477
0.9707450165820307
0.9708121774137839
0.9708755268190025
0.9709351513437828
0.9709911341919041
0.9710435550026225
0.9710924896626359
0.9711380101398177
0.9711801843532377
0.9712190760528572
0.9712547447228320
0.9712872454998218
0.9713166291044072
0.9713429417846247
0.9713662252689621
0.9713865167278233
0.9714038487426030
0.9714182492804235
0.9714297416742319
0.9714383446073598
0.9714440721019915
0.9714469335104925
0.9714469335104925
0.9714440721019915
0.9714383446073598
0.9714297416742319
0.9714182492804235
0.9714038487426030
0.9713865167278233
0.9713662252689621
0.9713429417846247
0.9713166291044072
0.9712872454998218
0.9712547447228320
0.9712190760528572
0.9711801843532377
0.9711380101398200
0.9710924896626359
0.9710435550026225
0.9709911341919041
0.9709351513437828
0.9708755268190025
0.9708121774137839
0.9707450165820307
0.9706739546943477
0.9705988993399738
0.9705197556784035
0.9704364268469737
0.9703488144341585
0.9702568190276323
0.9701603408488464
0.9700592804877561
0.9699535397530328
0.9698430226570741
0.9697276365577159
0.9696072934832409
0.9694819116740365
0.9693514173797396
0.9692157469617645
0.9690748493631337
0.9689286890248129
0.9687772493509180
0.9686205368598693
0.9684585862068826
0.9682914663376111
0.9681192881520888
0.9679422142521111
0.9677604716957171
0.9675743693529371
0.9673843229065022
0.9671908942215254
0.9669948638881893
0.9669808723080222
0.9671765574126884
0.9673696428031306
0.9675593483450226
0.9677451126324739
0.9679265204384442
0.9681032633400896
0.9682751147148215
0.9684419123812175
0.9686035458424743
0.9687599465365959
0.9689110801710276
0.9690569405675359
0.9691975446385647
0.9693329282356565
0.9694631426834494
0.9695882518633823
0.9697083297439902
0.9698234582785706
0.9699337256086481
0.9700392245230105
0.9701400511336427
0.9702363037350447
0.9703280818203793
0.9704154852323910
0.9704986134303011
0.9705775648564247
0.9706524363894865
0.9707233228729342
0.9707903167086813
0.9708535075069382
0.9709129817858239
0.9709688227134434
0.9710211098873727
0.9710699191465029
0.9711153224118175
0.9711573875461201
0.9711961782462283
0.9712317539416817
0.9712641697150380
0.9712934762343245
0.9713197196972229
0.9713429417846247
0.9713631796233780
0.9713804657552474
0.9713948281125061
0.9714062899983870
0.9714148700721839
0.9714205823374938
0.9714234361344962
0.9714234361344962
0.9714205823374938
0.9714148700721839
0.9714062899983870
0.9713948281125061
0.9713804657552474
0.9713631796233780
0.9713429417846247
0.9713197196972229
0.9712934762343245
0.9712641697150380
0.9712317539416817
0.9711961782462283
0.9711573875461201
0.9711153224118175
0.9710699191465029
0.9710211098873727
0.9709688227134434
0.9709129817858239
0.9708535075069382
0.9707903167086813
0.9707233228729342
0.9706524363894865
0.9705775648564247
0.9704986134303011
0.9704154852323910
0.9703280818203793
0.9702363037350447
0.9701400511336427
0.9700392245230105
0.9699337256086481
0.9698234582785706
0.9697083297439902
0.9695882518633823
0.9694631426834494
0.9693329282356565
0.9691975446385647
0.9690569405675359
0.9689110801710276
0.9687599465365959
0.9686035458424743
0.9684419123812175
0.9682751147148215
0.9681032633400896
0.9679265204384442
0.9677451126324739
0.9675593483450226
0.9673696428031306
0.9671765574126884
0.9669808723080222
0.9669650721476455
0.9671603659565697
0.9673530622478035
0.9675423814097945
0.9677277625631540
0.9679087910027194
0.9680851588176701
0.9682566398830269
0.9684230724979387
0.9685843466256886
0.9687403941415981
0.9688911811660025
0.9690367019072780
0.9691769736372360
0.9693120325386941
0.9694419302388294
0.9695667308929754
0.9696865087150025
0.9698013458752749
0.9699113307049484
0.9700165561558873
0.9701171184774847
0.9702131160773494
0.9703046485389915
0.9703918157739488
0.9704747172903408
0.9705534515611554
0.9706281154792685
0.9706988038872465
0.9707656091728901
0.9708286209208995
0.9708879256136832
0.9709436063754439
0.9709957427529449
0.9710444105288760
0.9710896815641317
0.9711316236587011
0.9711703004452814
0.9712057712889662
0.9712380912087764
0.9712673108110498
0.9712934762343245
0.9713166291044072
0.9713368064968765
0.9713540409073793
0.9713683602277658
0.9713797877266550
0.9713883420351415
0.9713940371356092
0.9713968823537884
0.9713968823537884
0.9713940371356092
0.9713883420351415
0.9713797877266550
0.9713683602277622
0.9713540409073793
0.9713368064968765
0.9713166291044072
0.9712934762343245
0.9712673108110498
0.9712380912087764
0.9712057712889662
0.9711703004452814
0.9711316236587011
0.9710896815641317
0.9710444105288760
0.9709957427529449
0.9709436063754439
0.9708879256136832
0.9708286209208995
0.9707656091728901
0.9706988038872499
0.9706281154792685
0.9705534515611554
0.9704747172903408
0.9703918157739488
0.9703046485389915
0.9702131160773494
0.9701171184774847
0.9700165561558873
0.9699113307049484
0.9698013458752749
0.9696865087150025
0.9695667308929754
0.9694419302388294
0.9693120325386941
0.9691769736372360
0.9690367019072780
0.9688911811660025
0.9687403941415981
0.9685843466256886
0.9684230724979387
0.9682566398830269
0.9680851588176701
0.9679087910027194
0.9677277625631540
0.9675423814097945
0.9673530622478035
0.9671603659565697
0.9669650721476455
0.9669474425079827
0.9671422979078931
0.9673345582564359
0.9675234445360333
0.9677083964645403
0.9678889999283026
0.9680649475963414
0.9682360139071381
0.9684020377027448
0.9685629094659128
0.9687185615652625
0.9688689605857551
0.9690141011704244
0.9691540009941469
0.9692886966104349
0.9694182399845486
0.9695426955767482
0.9696621378732198
0.9697766492845539
0.9698863183506109
0.9699912382018293
0.9700915052372078
0.9701872179864054
0.9702784761289903
0.9703653796485309
0.9704480281026401
0.9705265199934940
0.9706009522243851
0.9706714196318903
0.9707380145829797
0.9708008266286309
0.9708599422066129
0.9709154443874222
0.9709674126565159
0.9710159227295337
0.9710610463950482
0.9711028513826283
0.9711414012461854
0.9711767552768198
0.9712089684194657
0.9712380912087739
0.9712641697150380
0.9712872454998218
0.9713073555796720
0.9713245323972005
0.9713388037973126
0.9713501930089481
0.9713587186307915
0.9713643946206153
0.9713672302876201
0.9713672302876201
0.9713643946206153
0.9713587186307915
0.9713501930089481
0.9713388037973126
0.9713245323972005
0.9713073555796720
0.9712872454998218
0.9712641697150380
0.9712380912087739
0.9712089684194657
0.9711767552768198
0.9711414012461854
0.9711028513826283
0.9710610463950482
0.9710159227295337
0.9709674126565159
0.9709154443874222
0.9708599422066129
0.9708008266286309
0.9707380145829797
0.9706714196318903
0.9706009522243851
0.9705265199934940
0.9704480281026401
0.9703653796485309
0.9702784761289903
0.9701872179864054
0.9700915052372078
0.9699912382018293
0.9698863183506109
0.9697766492845539
0.9696621378732198
0.9695426955767482
0.9694182399845486
0.9692886966104349
0.9691540009941469
0.9690141011704244
0.9688689605857551
0.9687185615652625
0.9685629094659128
0.9684020377027448
0.9682360139071381
0.9680649475963414
0.9678889999283026
0.9677083964645403
0.9675234445360333
0.9673345582564359
0.9671422979078931
0.9669474425079827
0.9669279602562864
0.9671223289612378
0.9673141053599597
0.9675025111037665
0.9676869865829334
0.9678671183492080
0.9680425997230068
0.9682132057750863
0.9683787759563566
0.9685392013309904
0.9686944148189672
0.9688443835238570
0.9689891025726829
0.9691285900884762
0.9692628830357894
0.9693920337535639
0.9695161070384005
0.9696351776753812
0.9697493283379460
0.9698586477931338
0.9699632293644388
0.9700631696114081
0.9701585671931557
0.9702495218897914
0.9703361337583720
0.9704185024051345
0.9704967263579767
0.9705709025254878
0.9706411257311047
0.9707074883123127
0.9707700797767718
0.9708289865070198
0.9708842915080467
0.9709360741921975
0.9709844101957303
0.9710293712234502
0.9710710249172999
0.9711094347472661
0.9711446599135696
0.9711767552768186
0.9712057712889659
0.9712317539416817
0.9712547447228320
0.9712747805814144
0.9712918938989635
0.9713061124668713
0.9713174594686509
0.9713259534659787
0.9713316083885212
0.9713344335266352
0.9713344335266352
0.9713316083885212
0.9713259534659787
0.9713174594686509
0.9713061124668713
0.9712918938989635
0.9712747805814144
0.9712547447228320
0.9712317539416817
0.9712057712889659
0.9711767552768186
0.9711446599135696
0.9711094347472661
0.9710710249172999
0.9710293712234502
0.9709844101957303
0.9709360741921975
0.9708842915080467
0.9708289865070198
0.9707700797767718
0.9707074883123127
0.9706411257311047
0.9705709025254878
0.9704967263579767
0.9704185024051345
0.9703361337583720
0.9702495218897914
0.9701585671931557
0.9700631696114081
0.9699632293644388
0.9698586477931338
0.9697493283379460
0.9696351776753812
0.9695161070384005
0.9693920337535639
0.9692628830357894
0.9691285900884761
0.9689891025726829
0.9688443835238570
0.9686944148189672
0.9685392013309904
0.9683787759563566
0.9682132057750863
0.9680425997230068
0.9678671183492080
0.9676869865829334
0.9675025111037665
0.9673141053599597
0.9671223289612378
0.9669279602562864
0.9669066000589838
0.9671004324808662
0.9672916756300369
0.9674795519072138
0.9676635024547687
0.9678431145680754
0.9680180822949878
0.9681881814113550
0.9683532520459764
0.9685131859097770
0.9686679165346995
0.9688174115990282
0.9689616667650441
0.9691007006498893
0.9692345506705350
0.9693632695756289
0.9694869225292594
0.9696055846422632
0.9697193388723389
0.9698282742313901
0.9699324842493257
0.9700320656556098
0.9701271172448206
0.9702177389003156
0.9703040307522285
0.9703860924524832
0.9704640225494940
0.9705379179498328
0.9706078734545793
0.9706739813615824
0.9707363311232476
0.9707950090541112
0.9708500980807503
0.9709016775282608
0.9709498229395870
0.9709946059216250
0.9710360940159997
0.9710743505901201
0.9711094347472661
0.9711414012461854
0.9711703004452814
0.9711961782462283
0.9712190760528572
0.9712390307370861
0.9712560746109177
0.9712702354050140
0.9712815362511360
0.9712899956690232
0.9712956275565439
0.9712984411824580
0.9712984411824580
0.9712956275565439
0.9712899956690232
0.9712815362511360
0.9712702354050140
0.9712560746109177
0.9712390307370861
0.9712190760528572
0.9711961782462283
0.9711703004452814
0.9711414012461854
0.9711094347472661
0.9710743505901201
0.9710360940159997
0.9709946059216250
0.9709498229395870
0.9709016775282608
0.9708500980807503
0.9707950090541112
0.9707363311232476
0.9706739813615824
0.9706078734545793
0.9705379179498328
0.9704640225494940
0.9703860924524832
0.9703040307522285
0.9702177389003156
0.9701271172448206
0.9700320656556098
0.9699324842493257
0.9698282742313901
0.9697193388723389
0.9696055846422632
0.9694869225292594
0.9693632695756289
0.9692345506705350
0.9691007006498893
0.9689616667650441
0.9688174115990282
0.9686679165346995
0.9685131859097770
0.9683532520459764
0.9681881814113550
0.9680180822949878
0.9678431145680754
0.9676635024547687
0.9674795519072138
0.9672916756300369
0.9671004324808662
0.9669066000589838
0.9668833344201730
0.9670765795353965
0.9672672387110307
0.9674545351830617
0.9676379109312978
0.9678169540782136
0.9679913594796203
0.9681609036937598
0.9683254276005062
0.9684848236259388
0.9686390259776876
0.9687880029672057
0.9689317508449056
0.9690702887697651
0.9692036546528338
0.9693319016893339
0.9694550954419275
0.9695733113728957
0.9696866327456276
0.9697951488329879
0.9698989533832315
0.9699981433035959
0.9700928175282264
0.9701830760441592
0.9702690190524871
0.9703507462455792
0.9704283561848057
0.9705019457650790
0.9705716097540363
0.9706374403968245
0.9706995270769790
0.9707579560262958
0.9708128100772893
0.9708641684524332
0.9709121065851708
0.9709566959688016
0.9709980040287842
0.9710360940159997
0.9710710249172999
0.9711028513826283
0.9711316236587011
0.9711573875461201
0.9711801843532377
0.9712000508644790
0.9712170193133723
0.9712311173616784
0.9712423680827813
0.9712507899489629
0.9712563968221513
0.9712591979469803
0.9712591979469803
0.9712563968221513
0.9712507899489629
0.9712423680827813
0.9712311173616784
0.9712170193133723
0.9712000508644790
0.9711801843532377
0.9711573875461201
0.9711316236587011
0.9711028513826283
0.9710710249172999
0.9710360940159997
0.9709980040287842
0.9709566959688016
0.9709121065851708
0.9708641684524332
0.9708128100772907
0.9707579560262958
0.9706995270769790
0.9706374403968245
0.9705716097540363
0.9705019457650790
0.9704283561848057
0.9703507462455792
0.9702690190524871
0.9701830760441592
0.9700928175282264
0.9699981433035959
0.9698989533832315
0.9697951488329879
0.9696866327456276
0.9695733113728957
0.9694550954419275
0.9693319016893339
0.9692036546528338
0.9690702887697651
0.9689317508449056
0.9687880029672057
0.9686390259776876
0.9684848236259388
0.9683254276005062
0.9681609036937598
0.9679913594796203
0.9678169540782136
0.9676379109312978
0.9674545351830617
0.9672672387110307
0.9670765795353965
0.9668833344201730
0.9668581337269221
0.9670507389392181
0.9672407618571082
0.9674274266440342
0.9676101762087965
0.9677885995902173
0.9679623925381643
0.9681313324753245
0.9682952611099829
0.9684540716559449
0.9686076990632269
0.9687561123374053
0.9688993083721066
0.9690373069169318
0.9691701464200618
0.9692978805597324
0.9694205753283639
0.9695383065650617
0.9696511578586963
0.9697592187581476
0.9698625832401622
0.9699613483956677
0.9700556133001962
0.9701454780430584
0.9702310428911871
0.9703124075698143
0.9703896706432533
0.9704629289826323
0.9705322773082177
0.9705978077974018
0.9706596097483187
0.9707177692930506
0.9707723691524337
0.9708234884282753
0.9708712024267717
0.9709155825096563
0.9709566959688016
0.9709946059216250
0.9710293712234502
0.9710610463950482
0.9710896815641317
0.9711153224118175
0.9711380101398175
0.9711577814337625
0.9711746684386292
0.9711886987387560
0.9711998953417346
0.9712082766665772
0.9712138565347939
0.9712166441640184
0.9712166441640184
0.9712138565347939
0.9712082766665772
0.9711998953417346
0.9711886987387560
0.9711746684386292
0.9711577814337625
0.9711380101398175
0.9711153224118175
0.9710896815641317
0.9710610463950482
0.9710293712234502
0.9709946059216250
0.9709566959688016
0.9709155825096563
0.9708712024267717
0.9708234884282753
0.9707723691524337
0.9707177692930506
0.9706596097483187
0.9705978077974018
0.9705322773082177
0.9704629289826323
0.9703896706432533
0.9703124075698143
0.9702310428911871
0.9701454780430584
0.9700556133001962
0.9699613483956677
0.9698625832401622
0.9697592187581476
0.9696511578586963
0.9695383065650617
0.9694205753283639
0.9692978805597324
0.9691701464200618
0.9690373069169318
0.9688993083721066
0.9687561123374053
0.9686076990632269
0.9684540716559449
0.9682952611099829
0.9681313324753245
0.9679623925381643
0.9677885995902173
0.9676101762087965
0.9674274266440342
0.9672407618571082
0.9670507389392181
0.9668581337269221
0.9668309663019961
0.9670228773008660
0.9672122099763315
0.9673981895189896
0.9675802598650386
0.9677580110652528
0.9679311398559063
0.9680994246114947
0.9682627079511539
0.9684208839528283
0.9685738883792944
0.9687216909939540
0.9688642893907543
0.9690017039602931
0.9691339737313035
0.9692611529023788
0.9693833079259196
0.9695005150424495
0.9696128581850155
0.9697204271915856
0.9698233162758161
0.9699216227157519
0.9700154457278800
0.9701048854992312
0.9701900423551582
0.9702710160432760
0.9703479051178796
0.9704208064112533
0.9704898145797991
0.9705550217149145
0.9706165170105661
0.9706743864791761
0.9707287127100591
0.9707795746638767
0.9708270474993459
0.9708712024267717
0.9709121065851708
0.9709498229395870
0.9709844101957303
0.9710159227295337
0.9710444105288760
0.9710699191465029
0.9710924896626359
0.9711121586496491
0.9711289581542305
0.9711429156737580
0.9711540541423548
0.9711623919192807
0.9711679427808193
0.9711707159143449
0.9711707159143449
0.9711679427808193
0.9711623919192807
0.9711540541423548
0.9711429156737580
0.9711289581542341
0.9711121586496491
0.9710924896626359
0.9710699191465029
0.9710444105288760
0.9710159227295337
0.9709844101957303
0.9709498229395870
0.9709121065851708
0.9708712024267717
0.9708270474993459
0.9707795746638767
0.9707287127100591
0.9706743864791761
0.9706165170105661
0.9705550217149145
0.9704898145797991
0.9704208064112533
0.9703479051178796
0.9702710160432760
0.9701900423551582
0.9701048854992312
0.9700154457278800
0.9699216227157519
0.9698233162758161
0.9697204271915856
0.9696128581850155
0.9695005150424495
0.9693833079259196
0.9692611529023788
0.9691339737313035
0.9690017039602931
0.9688642893907543
0.9687216909939540
0.9685738883792944
0.9684208839528283
0.9682627079511539
0.9680994246114947
0.9679311398559063
0.9677580110652528
0.9675802598650386
0.9673981895189896
0.9672122099763315
0.9670228773008660
0.9668309663019961
0.9668017984655478
0.9669929590796952
0.9671815456828950
0.9673667846006141
0.9675481209025470
0.9677251457547935
0.9678975569785739
0.9680651339940781
0.9682277204188856
0.9683852112761268
0.9685375432155215
0.9686846868249445
0.9688266404580398
0.9689634251979707
0.9690950806985112
0.9692216617154383
0.9693432351912467
0.9694598777911961
0.9695716738094770
0.9696787133844317
0.9697810909723249
0.9698789040393135
0.9699722519392813
0.9700612349498517
0.9701459534438587
0.9702265071776818
0.9703029946794571
0.9703755127245327
0.9704441558853620
0.9705090161465116
0.9705701825757317
0.9706277410433390
0.9706817739839767
0.9707323601946455
0.9707795746638767
0.9708234884282753
0.9708641684524332
0.9709016775282608
0.9709360741921975
0.9709674126565159
0.9709957427529449
0.9710211098873727
0.9710435550026275
0.9710631145490201
0.9710798204610387
0.9710937001400364
0.9711047764356096
0.9711130676416855
0.9711185874842670
0.9711213451167588
0.9711213451167588
0.9711185874842670
0.9711130676416858
0.9711047764356096
0.9710937001400364
0.9710798204610387
0.9710631145490201
0.9710435550026275
0.9710211098873727
0.9709957427529449
0.9709674126565159
0.9709360741921975
0.9709016775282608
0.9708641684524332
0.9708234884282753
0.9707795746638767
0.9707323601946455
0.9706817739839767
0.9706277410433390
0.9705701825757317
0.9705090161465116
0.9704441558853620
0.9703755127245327
0.9703029946794571
0.9702265071776818
0.9701459534438587
0.9700612349498517
0.9699722519392813
0.9698789040393135
0.9697810909723249
0.9696787133844317
0.9695716738094770
0.9694598777911961
0.9693432351912467
0.9692216617154383
0.9690950806985112
0.9689634251979707
0.9688266404580398
0.9686846868249445
0.9685375432155215
0.9683852112761268
0.9682277204188856
0.9680651339940781
0.9678975569785739
0.9677251457547935
0.9675481209025470
0.9673667846006141
0.9671815456828950
0.9669929590796952
0.9668017984655478
0.9667705946062353
0.9669609466520882
0.9671487293581180
0.9673331703016973
0.9675137158009754
0.9676899582486452
0.9678615966574081
0.9680284115933283
0.9681902477662899
0.9683470012305637
0.9684986096008698
0.9686450443597311
0.9687863046818534
0.9689224123962122
0.9690534078263464
0.9691793463219632
0.9693002953450214
0.9694163320071497
0.9695275409788642
0.9696340127076203
0.9697358418951686
0.9698331261937878
0.9699259650879214
0.9700144589349033
0.9700987081408764
0.9701788124536040
0.9702548703553243
0.9703269785426601
0.9703952314810603
0.9704597210236336
0.9705205360866012
0.9705777623725899
0.9706314821359092
0.9706817739839767
0.9707287127100591
0.9707723691524337
0.9708128100772907
0.9708500980807503
0.9708842915080471
0.9709154443874222
0.9709436063754439
0.9709688227134434
0.9709911341919041
0.9710105771224712
0.9710271833156109
0.9710409800635219
0.9710519901267053
0.9710602317239447
0.9710657185253558
0.9710684596466144
0.9710684596466108
0.9710657185253558
0.9710602317239447
0.9710519901267053
0.9710409800635263
0.9710271833156109
0.9710105771224712
0.9709911341919041
0.9709688227134434
0.9709436063754439
0.9709154443874222
0.9708842915080471
0.9708500980807503
0.9708128100772907
0.9707723691524337
0.9707287127100591
0.9706817739839767
0.9706314821359092
0.9705777623725899
0.9705205360866012
0.9704597210236336
0.9703952314810603
0.9703269785426601
0.9702548703553243
0.9701788124536040
0.9700987081408764
0.9700144589349033
0.9699259650879214
0.9698331261937878
0.9697358418951686
0.9696340127076203
0.9695275409788642
0.9694163320071497
0.9693002953450214
0.9691793463219632
0.9690534078263464
0.9689224123962122
0.9687863046818534
0.9686450443597311
0.9684986096008698
0.9683470012305637
0.9681902477662899
0.9680284115933283
0.9678615966574081
0.9676899582486452
0.9675137158009754
0.9673331703016973
0.9671487293581180
0.9669609466520882
0.9667705946062353
0.9667373172639689
0.9669268003883539
0.9671137192221146
0.9672973027216498
0.9674769985785928
0.9676524005326690
0.9678232089028493
0.9679892055092809
0.9681502362537383
0.9683061983135357
0.9684570303509163
0.9686027048162896
0.9687432217691234
0.9688786038386659
0.9690088920636152
0.9691341424239590
0.9692544229288218
0.9693698111563600
0.9694803921659257
0.9695862567199148
0.9696874997654277
0.9697842191349270
0.9698765144330187
0.9699644860818836
0.9700482345026791
0.9701278594132532
0.9702034592262142
0.9702751305338476
0.9703429676671785
0.9704070623199168
0.9704675032280285
0.9705243758972079
0.9705777623725887
0.9706277410433390
0.9706743864791761
0.9707177692930506
0.9707579560262958
0.9707950090541112
0.9708289865070198
0.9708599422066129
0.9708879256136832
0.9709129817858239
0.9709351513437828
0.9709544704449296
0.9709709707620721
0.9709846794673583
0.9709956192199652
0.9710038081567822
0.9710092598857898
0.9710119834813450
0.9710119834813450
0.9710092598857898
0.9710038081567822
0.9709956192199652
0.9709846794673583
0.9709709707620721
0.9709544704449296
0.9709351513437828
0.9709129817858239
0.9708879256136832
0.9708599422066115
0.9708289865070198
0.9707950090541112
0.9707579560262958
0.9707177692930506
0.9706743864791761
0.9706277410433390
0.9705777623725887
0.9705243758972079
0.9704675032280285
0.9704070623199168
0.9703429676671785
0.9702751305338476
0.9702034592262142
0.9701278594132532
0.9700482345026791
0.9699644860818836
0.9698765144330187
0.9697842191349270
0.9696874997654277
0.9695862567199142
0.9694803921659257
0.9693698111563600
0.9692544229288218
0.9691341424239590
0.9690088920636152
0.9688786038386659
0.9687432217691234
0.9686027048162896
0.9684570303509163
0.9683061983135357
0.9681502362537383
0.9679892055092809
0.9678232089028493
0.9676524005326690
0.9674769985785928
0.9672973027216498
0.9671137192221146
0.9669268003883539
0.9667373172639689
0.9667019272253694
0.9668904787423332
0.9670764714172440
0.9672591357246183
0.9674379208655366
0.9676124220576179
0.9677823410503358
0.9679474610338478
0.9681076292094509
0.9682627439747253
0.9684127451267496
0.9685576061604902
0.9686973280863654
0.9688319343895840
0.9689614668690738
0.9690859821708256
0.9692055488774396
0.9693202450511628
0.9694301561498302
0.9695353732531322
0.9696359915494094
0.9697321090414170
0.9698238254389642
0.9699112412099703
0.9699944567676999
0.9700735717742188
0.9701486845443086
0.9702198915358812
0.9702872869142789
0.9703509621815819
0.9704110058607611
0.9704675032280285
0.9705205360866012
0.9705701825757317
0.9706165170105661
0.9706596097483187
0.9706995270769790
0.9707363311232476
0.9707700797767718
0.9708008266286309
0.9708286209208995
0.9708535075069382
0.9708755268190025
0.9708947148432006
0.9709111030998951
0.9709247186285451
0.9709355839762275
0.9709437171893824
0.9709491318075222
0.9709518368591525
0.9709518368591525
0.9709491318075222
0.9709437171893824
0.9709355839762275
0.9709247186285451
0.9709111030998951
0.9708947148432006
0.9708755268190025
0.9708535075069382
0.9708286209208995
0.9708008266286309
0.9707700797767718
0.9707363311232476
0.9706995270769790
0.9706596097483187
0.9706165170105661
0.9705701825757317
0.9705205360866012
0.9704675032280285
0.9704110058607611
0.9703509621815819
0.9702872869142789
0.9702198915358812
0.9701486845443086
0.9700735717742188
0.9699944567676999
0.9699112412099703
0.9698238254389642
0.9697321090414170
0.9696359915494094
0.9695353732531322
0.9694301561498302
0.9693202450511628
0.9692055488774396
0.9690859821708256
0.9689614668690738
0.9688319343895840
0.9686973280863654
0.9685576061604902
0.9684127451267496
0.9682627439747253
0.9681076292094509
0.9679474610338478
0.9677823410503358
0.9676124220576179
0.9674379208655366
0.9672591357246183
0.9670764714172440
0.9668904787423332
0.9667019272253694
0.9666643836341791
0.9668519383548694
0.9670369401055707
0.9672186210310698
0.9673964319901966
0.9675699698210481
0.9677389378380635
0.9679031207268247
0.9680623671031221
0.9682165766887997
0.9683656905080520
0.9685096831804993
0.9686485567359604
0.9687823355719538
0.9689110622930512
0.9690347942454195
0.9691536006091658
0.9692675599454200
0.9693767581164011
0.9694812865175354
0.9695812405696229
0.9696767184311886
0.9697678198972810
0.9698546454573231
0.9699372954886784
0.9700158695669047
0.9700904658757941
0.9701611807039917
0.9702281080152775
0.9702913390833952
0.9703509621815831
0.9704070623199168
0.9704597210236336
0.9705090161465116
0.9705550217149145
0.9705978077974018
0.9706374403968245
0.9706739813615824
0.9707074883123127
0.9707380145829797
0.9707656091728901
0.9707903167086813
0.9708121774137839
0.9708312270851478
0.9708474970745997
0.9708610142752540
0.9708718011107369
0.9708798755277805
0.9708852509906135
0.9708879364772198
0.9708879364772198
0.9708852509906135
0.9708798755277805
0.9708718011107369
0.9708610142752540
0.9708474970745997
0.9708312270851478
0.9708121774137839
0.9707903167086813
0.9707656091728901
0.9707380145829797
0.9707074883123127
0.9706739813615824
0.9706374403968245
0.9705978077974018
0.9705550217149145
0.9705090161465116
0.9704597210236336
0.9704070623199168
0.9703509621815831
0.9702913390833952
0.9702281080152775
0.9701611807039917
0.9700904658757941
0.9700158695669047
0.9699372954886784
0.9698546454573231
0.9697678198972810
0.9696767184311886
0.9695812405696229
0.9694812865175354
0.9693767581164011
0.9692675599454200
0.9691536006091658
0.9690347942454195
0.9689110622930512
0.9687823355719538
0.9686485567359604
0.9685096831804993
0.9683656905080520
0.9682165766887997
0.9680623671031221
0.9679031207268247
0.9677389378380635
0.9675699698210481
0.9673964319901966
0.9672186210310698
0.9670369401055707
0.9668519383548694
0.9666643836341791
0.9666246441178220
0.9668111341738688
0.9669950775822137
0.9671757083248501
0.9673524790809401
0.9675249884642715
0.9676929415005247
0.9678561245062147
0.9680143876352617
0.9681676320445458
0.9683158000826790
0.9684588675779651
0.9685968376498852
0.9687297356655362
0.9688576050794302
0.9689805039704941
0.9690985021377926
0.9692116786520404
0.9693201197818421
0.9694239172316762
0.9695231666409501
0.9696179663038685
0.9697084160751596
0.9697946164356683
0.9698766676934871
0.9699546693009946
0.9700287192725974
0.9700989136875539
0.9701653462670676
0.9702281080152775
0.9702872869142789
0.9703429676671785
0.9703952314810603
0.9704441558853620
0.9704898145797991
0.9705322773082177
0.9705716097540392
0.9706078734545793
0.9706411257311047
0.9706714196318903
0.9706988038872465
0.9707233228729342
0.9707450165820307
0.9707639206027193
0.9707800661015370
0.9707934798103768
0.9708041840173129
0.9708121965595647
0.9708175308186708
0.9708201957173508
0.9708201957173508
0.9708175308186708
0.9708121965595647
0.9708041840173129
0.9707934798103768
0.9707800661015370
0.9707639206027193
0.9707450165820307
0.9707233228729342
0.9706988038872465
0.9706714196318903
0.9706411257311047
0.9706078734545793
0.9705716097540392
0.9705322773082177
0.9704898145797991
0.9704441558853620
0.9703952314810603
0.9703429676671785
0.9702872869142789
0.9702281080152775
0.9701653462670676
0.9700989136875539
0.9700287192725974
0.9699546693009946
0.9698766676934871
0.9697946164356683
0.9697084160751596
0.9696179663038685
0.9695231666409501
0.9694239172316762
0.9693201197818421
0.9692116786520404
0.9690985021377926
0.9689805039704941
0.9688576050794302
0.9687297356655362
0.9685968376498852
0.9684588675779651
0.9683158000826790
0.9681676320445458
0.9680143876352587
0.9678561245062147
0.9676929415005247
0.9675249884642715
0.9673524790809401
0.9671757083248501
0.9669950775822137
0.9668111341738688
0.9666246441178220
0.9665826649339465
0.9667680195929040
0.9669508344065962
0.9671303453780790
0.9673060071850451
0.9674774203868129
0.9676442918795157
0.9678064097572892
0.9679636258449060
0.9681158428524754
0.9682630045559425
0.9684050880797503
0.9685420977051685
0.9686740598261970
0.9688010187906607
0.9689230334399935
0.9690401742099110
0.9691525206874723
0.9692601595440864
0.9693631827810526
0.9694616862365557
0.9695557683137782
0.9696455288954116
0.9697310684173847
0.9698124870783820
0.9698898841652490
0.9699633574782400
0.9700330028415347
0.9700989136875539
0.9701611807039917
0.9702198915358812
0.9702751305338476
0.9703269785426601
0.9703755127245327
0.9704208064112533
0.9704629289826323
0.9705019457650790
0.9705379179498328
0.9705709025254878
0.9706009522243851
0.9706281154792685
0.9706524363894857
0.9706739546943477
0.9706927057526522
0.9707087205273417
0.9707220255737056
0.9707326430311766
0.9707405906170141
0.9707458816223082
0.9707485249092735
0.9707485249092735
0.9707458816223082
0.9707405906170141
0.9707326430311766
0.9707220255737056
0.9707087205273417
0.9706927057526522
0.9706739546943477
0.9706524363894857
0.9706281154792685
0.9706009522243851
0.9705709025254878
0.9705379179498328
0.9705019457650790
0.9704629289826323
0.9704208064112533
0.9703755127245327
0.9703269785426601
0.9702751305338476
0.9702198915358812
0.9701611807039917
0.9700989136875539
0.9700330028415347
0.9699633574782400
0.9698898841652490
0.9698124870783820
0.9697310684173847
0.9696455288954116
0.9695557683137782
0.9694616862365557
0.9693631827810526
0.9692601595440864
0.9691525206874723
0.9690401742099110
0.9689230334399935
0.9688010187906607
0.9686740598261970
0.9685420977051685
0.9684050880797503
0.9682630045559425
0.9681158428524754
0.9679636258449060
0.9678064097572892
0.9676442918795157
0.9674774203868129
0.9673060071850451
0.9671303453780790
0.9669508344065962
0.9667680195929040
0.9665826649339465
0.9665384011382441
0.9667225466111589
0.9669041595549520
0.9670824781967043
0.9672569594085845
0.9674272058816455
0.9675929265558253
0.9677539114619760
0.9679100142387235
0.9680611392752111
0.9682072318833244
0.9683482705743025
0.9684842608649697
0.9686152302330912
0.9687412239609068
0.9688623016791932
0.9689785344732924
0.9690900024477801
0.9691967926672093
0.9692989974107086
0.9693967126884369
0.9694900369789050
0.9695790701535416
0.9696639125597664
0.9697446642399982
0.9698214242660618
0.9698942901731032
0.9699633574782400
0.9700287192725974
0.9700904658757941
0.9701486845443086
0.9702034592262142
0.9702548703553243
0.9703029946794571
0.9703479051178796
0.9703896706432533
0.9704283561848057
0.9704640225494940
0.9704967263579767
0.9705265199934940
0.9705534515611554
0.9705775648564269
0.9705988993399738
0.9706174901192167
0.9706333679341795
0.9706465591470268
0.9706570857346293
0.9706649652834670
0.9706702109858796
0.9706728316379230
0.9706728316379230
0.9706702109858796
0.9706649652834624
0.9706570857346293
0.9706465591470268
0.9706333679341795
0.9706174901192167
0.9705988993399738
0.9705775648564269
0.9705534515611554
0.9705265199934940
0.9704967263579767
0.9704640225494940
0.9704283561848057
0.9703896706432533
0.9703479051178796
0.9703029946794571
0.9702548703553243
0.9702034592262142
0.9701486845443086
0.9700904658757941
0.9700287192725974
0.9699633574782400
0.9698942901731032
0.9698214242660618
0.9697446642399982
0.9696639125597664
0.9695790701535416
0.9694900369789050
0.9693967126884250
0.9692989974107086
0.9691967926672093
0.9690900024477801
0.9689785344732924
0.9688623016791932
0.9687412239609068
0.9686152302330912
0.9684842608649697
0.9683482705743025
0.9682072318833244
0.9680611392752111
0.9679100142387235
0.9677539114619760
0.9675929265558253
0.9674272058816455
0.9672569594085845
0.9670824781967043
0.9669041595549520
0.9667225466111589
0.9665384011382441
0.9664918067772559
0.9666746660177080
0.9668550005967043
0.9670320511896479
0.9672052770795790
0.9673742832935152
0.9675387810047599
0.9676985623533997
0.9678534829456045
0.9680034489839684
0.9681484074301733
0.9682883382764242
0.9684232483494101
0.9685531662664956
0.9686781382827199
0.9687982248399511
0.9689134976809740
0.9690240374221500
0.9691299315044338
0.9692312724580198
0.9693281564299004
0.9694206819322113
0.9695089487777052
0.9695930571738643
0.9696731069519750
0.9697491969121570
0.9698214242660618
0.9698898841652490
0.9699546693009946
0.9700158695669047
0.9700735717742188
0.9701278594132532
0.9701788124536040
0.9702265071776818
0.9702710160432760
0.9703124075698143
0.9703507462455808
0.9703860924524832
0.9704185024051345
0.9704480281026401
0.9704747172903408
0.9704986134303011
0.9705197556784035
0.9705381788672075
0.9705539134934031
0.9705669857085076
0.9705774173123574
0.9705852257489492
0.9705904241031169
0.9705930210990498
0.9705930210990498
0.9705904241031169
0.9705852257489492
0.9705774173123574
0.9705669857085076
0.9705539134934031
0.9705381788672075
0.9705197556784035
0.9704986134303011
0.9704747172903408
0.9704480281026399
0.9704185024051345
0.9703860924524832
0.9703507462455808
0.9703124075698143
0.9702710160432760
0.9702265071776818
0.9701788124536040
0.9701278594132532
0.9700735717742188
0.9700158695669047
0.9699546693009946
0.9698898841652490
0.9698214242660618
0.9697491969121570
0.9696731069519750
0.9695930571738643
0.9695089487777052
0.9694206819322113
0.9693281564299004
0.9692312724580198
0.9691299315044338
0.9690240374221500
0.9689134976809740
0.9687982248399511
0.9686781382827199
0.9685531662664956
0.9684232483494101
0.9682883382764242
0.9681484074301733
0.9680034489839684
0.9678534829456045
0.9676985623533997
0.9675387810047592
0.9673742832935152
0.9672052770795790
0.9670320511896479
0.9668550005967043
0.9666746660177080
0.9664918067772559
0.9664428351102785
0.9666243276041170
0.9668033038983207
0.9669790073654755
0.9671508999385356
0.9673185892052533
0.9674817887797891
0.9676402930985812
0.9677939599012032
0.9679426973461837
0.9680864541646289
0.9682252119264998
0.9683589788427682
0.9684877847241208
0.9686116768322172
0.9687307164367925
0.9688449759382051
0.9689545364513112
0.9690594857676709
0.9691599166328156
0.9692559252863536
0.9693476102229018
0.9694350711400710
0.9695184080449414
0.9695977204945601
0.9696731069519812
0.9697446642399982
0.9698124870783820
0.9698766676934871
0.9699372954886784
0.9699944567676999
0.9700482345026791
0.9700987081408764
0.9701459534438587
0.9701900423551582
0.9702310428911871
0.9702690190524865
0.9703040307522285
0.9703361337583720
0.9703653796485309
0.9703918157739488
0.9704154852323910
0.9704364268469737
0.9704546751507962
0.9704702603756339
0.9704832084438266
0.9704935409630256
0.9705012752223049
0.9705064241899167
0.9705089965121277
0.9705089965121277
0.9705064241899167
0.9705012752223049
0.9704935409630256
0.9704832084438266
0.9704702603756339
0.9704546751507962
0.9704364268469737
0.9704154852323910
0.9703918157739488
0.9703653796485309
0.9703361337583720
0.9703040307522285
0.9702690190524865
0.9702310428911871
0.9701900423551582
0.9701459534438587
0.9700987081408764
0.9700482345026791
0.9699944567676999
0.9699372954886784
0.9698766676934871
0.9698124870783820
0.9697446642399982
0.9696731069519812
0.9695977204945601
0.9695184080449414
0.9694350711400710
0.9693476102229018
0.9692559252863536
0.9691599166328156
0.9690594857676709
0.9689545364513112
0.9688449759382051
0.9687307164367925
0.9686116768322172
0.9684877847241208
0.9683589788427682
0.9682252119264998
0.9680864541646289
0.9679426973461837
0.9677939599012032
0.9676402930985812
0.9674817887797891
0.9673185892052533
0.9671508999385356
0.9669790073654755
0.9668033038983207
0.9666243276041170
0.9664428351102785
0.9663914388634942
0.9665714804090704
0.9667490148590026
0.9669232885602148
0.9670937663603524
0.9672600586558211
0.9674218817287327
0.9675790325156139
0.9677313710672156
0.9678788076497788
0.9680212928886888
0.9681588100301268
0.9682913687431459
0.9684190000816107
0.9685417523425183
0.9686596876321462
0.9687728790006230
0.9688814080379256
0.9689853628506437
0.9690848363533281
0.9691799248232345
0.9692707266759011
0.9693573414272350
0.9694398688135080
0.9695184080449414
0.9695930571738636
0.9696639125597664
0.9697310684173847
0.9697946164356683
0.9698546454573231
0.9699112412099703
0.9699644860818836
0.9700144589349033
0.9700612349498517
0.9701048854992312
0.9701454780430584
0.9701830760441592
0.9702177389003156
0.9702495218897914
0.9702784761289903
0.9703046485389915
0.9703280818203793
0.9703488144341585
0.9703668805879900
0.9703823102260389
0.9703951290222746
0.9704053583759513
0.9704130154084377
0.9704181129618888
0.9704206595981547
0.9704206595981547
0.9704181129618888
0.9704130154084377
0.9704053583759513
0.9703951290222746
0.9703823102260389
0.9703668805879900
0.9703488144341585
0.9703280818203793
0.9703046485389915
0.9702784761289903
0.9702495218897914
0.9702177389003156
0.9701830760441592
0.9701454780430584
0.9701048854992312
0.9700612349498517
0.9700144589348998
0.9699644860818836
0.9699112412099703
0.9698546454573231
0.9697946164356683
0.9697310684173847
0.9696639125597664
0.9695930571738636
0.9695184080449414
0.9694398688135080
0.9693573414272350
0.9692707266759011
0.9691799248232345
0.9690848363533281
0.9689853628506437
0.9688814080379256
0.9687728790006230
0.9686596876321462
0.9685417523425183
0.9684190000816107
0.9682913687431459
0.9681588100301268
0.9680212928886888
0.9678788076497788
0.9677313710672156
0.9675790325156139
0.9674218817287327
0.9672600586558211
0.9670937663603524
0.9669232885602148
0.9667490148590026
0.9665714804090704
0.9663914388634942
0.9663375705220261
0.9665160729999410
0.9666920781832455
0.9668648357020908
0.9670338136132186
0.9671986253956384
0.9673589902485603
0.9675147078296519
0.9676656406924034
0.9678117013710582
0.9679528425148457
0.9680890491459037
0.9682203324624635
0.9683467248064276
0.9684682755311452
0.9685850475793912
0.9686971146320824
0.9688045587200265
0.9689074682170337
0.9690059361482215
0.9691000587617474
0.9691899343206188
0.9692756620810116
0.9693573414272350
0.9694350711400710
0.9695089487777052
0.9695790701535416
0.9696455288954116
0.9697084160751596
0.9697678198972810
0.9698238254389642
0.9698765144330187
0.9699259650879217
0.9699722519392813
0.9700154457278800
0.9700556133001962
0.9700928175282264
0.9701271172448206
0.9701585671931557
0.9701872179864041
0.9702131160773494
0.9702363037350447
0.9702568190276248
0.9702746958099564
0.9702899637149892
0.9703026481480784
0.9703127702831812
0.9703203470608628
0.9703253911869879
0.9703279111323257
0.9703279111323257
0.9703253911869879
0.9703203470608628
0.9703127702831812
0.9703026481480784
0.9702899637149892
0.9702746958099564
0.9702568190276323
0.9702363037350447
0.9702131160773494
0.9701872179864041
0.9701585671931557
0.9701271172448206
0.9700928175282264
0.9700556133001962
0.9700154457278800
0.9699722519392813
0.9699259650879217
0.9698765144330187
0.9698238254389642
0.9697678198972810
0.9697084160751596
0.9696455288954116
0.9695790701535416
0.9695089487777052
0.9694350711400710
0.9693573414272350
0.9692756620810116
0.9691899343206188
0.9691000587617474
0.9690059361482215
0.9689074682170337
0.9688045587200265
0.9686971146320824
0.9685850475793912
0.9684682755311452
0.9683467248064276
0.9682203324624635
0.9680890491459037
0.9679528425148457
0.9678117013710582
0.9676656406924034
0.9675147078296519
0.9673589902485603
0.9671986253956384
0.9670338136132186
0.9668648357020908
0.9666920781832455
0.9665160729999410
0.9663375705220261
0.9662811826649853
0.9664580537970783
0.9666324381949946
0.9668035891180807
0.9669709781599539
0.9671342221854121
0.9672930435843777
0.9674472449762900
0.9675966916223420
0.9677412984939622
0.9678810203977249
0.9680158442306486
0.9681457827872301
0.9682708697351363
0.9683911554951417
0.9685067038349500
0.9686175890345710
0.9687238935177142
0.9688257058638258
0.9689231191363232
0.9690162294736043
0.9691051348996922
0.9691899343206188
0.9692707266759011
0.9693476102229018
0.9694206819322113
0.9694900369789050
0.9695557683137782
0.9696179663038685
0.9696767184311886
0.9697321090414204
0.9697842191349270
0.9698331261937878
0.9698789040393135
0.9699216227157539
0.9699613483956677
0.9699981433035959
0.9700320656556115
0.9700631696114086
0.9700915052372078
0.9701171184774847
0.9701400511336427
0.9701603408488488
0.9701780210967755
0.9701931211745131
0.9702056661976352
0.9702156770976683
0.9702231706201104
0.9702281593244336
0.9702306515833713
0.9702306515833713
0.9702281593244336
0.9702231706201104
0.9702156770976683
0.9702056661976352
0.9701931211745131
0.9701780210967755
0.9701603408488488
0.9701400511336427
0.9701171184774847
0.9700915052372078
0.9700631696114081
0.9700320656556115
0.9699981433035959
0.9699613483956677
0.9699216227157539
0.9698789040393135
0.9698331261937878
0.9697842191349270
0.9697321090414204
0.9696767184311886
0.9696179663038714
0.9695557683137782
0.9694900369789050
0.9694206819322113
0.9693476102229018
0.9692707266759011
0.9691899343206188
0.9691051348996922
0.9690162294736043
0.9689231191363232
0.9688257058638258
0.9687238935177142
0.9686175890345710
0.9685067038349500
0.9683911554951397
0.9682708697351363
0.9681457827872301
0.9680158442306486
0.9678810203977249
0.9677412984939622
0.9675966916223420
0.9674472449762900
0.9672930435843777
0.9671342221854121
0.9669709781599539
0.9668035891180807
0.9666324381949946
0.9664580537970783
0.9662811826649853
0.9662222283507471
0.9663973714473014
0.9665700392013074
0.9667394888895565
0.9669051960086820
0.9670667811457034
0.9672239701819476
0.9673765689596862
0.9675244456674501
0.9676675178909541
0.9678057427298874
0.9679391090530371
0.9680676313115054
0.9681913445261751
0.9683103001844062
0.9684245628524157
0.9685342073627790
0.9686393164678386
0.9687399788750345
0.9688362875980184
0.9689283385694586
0.9690162294736043
0.9691000587617474
0.9691799248232345
0.9692559252863536
0.9693281564298943
0.9693967126884369
0.9694616862365557
0.9695231666409501
0.9695812405696229
0.9696359915494094
0.9696874997654277
0.9697358418951686
0.9697810909723249
0.9698233162758161
0.9698625832401622
0.9698989533832315
0.9699324842493257
0.9699632293644388
0.9699912382018293
0.9700165561558873
0.9700392245230105
0.9700592804877561
0.9700767571132399
0.9700916833350322
0.9701040839574058
0.9701139796510592
0.9701213869524269
0.9701263182635279
0.9701287818522069
0.9701287818522069
0.9701263182635279
0.9701213869524269
0.9701139796510592
0.9701040839574058
0.9700916833350322
0.9700767571132399
0.9700592804877561
0.9700392245230105
0.9700165561558873
0.9699912382018293
0.9699632293644388
0.9699324842493257
0.9698989533832315
0.9698625832401622
0.9698233162758161
0.9697810909723249
0.9697358418951686
0.9696874997654277
0.9696359915494094
0.9695812405696229
0.9695231666409501
0.9694616862365557
0.9693967126884369
0.9693281564298943
0.9692559252863536
0.9691799248232345
0.9691000587617474
0.9690162294736043
0.9689283385694586
0.9688362875980184
0.9687399788750345
0.9686393164678386
0.9685342073627790
0.9684245628524157
0.9683103001844062
0.9681913445261751
0.9680676313115054
0.9679391090530371
0.9678057427298874
0.9676675178909541
0.9675244456674501
0.9673765689596862
0.9672239701819476
0.9670667811457034
0.9669051960086820
0.9667394888895565
0.9665700392013074
0.9663973714473014
0.9662222283507471
0.9661606615592454
0.9663339752543666
0.9665048259123665
0.9666724752650184
0.9668364031220893
0.9669962341665403
0.9671516981018581
0.9673026042765390
0.9674488240401021
0.9675902777768177
0.9677269250160104
0.9678587566896629
0.9679857889559609
0.9681080582037743
0.9682256169697319
0.9683385305752894
0.9684468743400916
0.9685507312624572
0.9686501900817259
0.9687453436554498
0.9688362875980184
0.9689231191363235
0.9690059361482215
0.9690848363533281
0.9691599166328156
0.9692312724580198
0.9692989974107086
0.9693631827810526
0.9694239172316762
0.9694812865175354
0.9695353732531322
0.9695862567199142
0.9696340127076203
0.9696787133844317
0.9697204271915856
0.9697592187581476
0.9697951488329879
0.9698282742313901
0.9698586477931338
0.9698863183506109
0.9699113307049484
0.9699337256086481
0.9699535397530328
0.9699708057602445
0.9699855521780242
0.9699978034766196
0.9700075800476005
0.9700148982034763
0.9700197701779356
0.9700222041263925
0.9700222041263925
0.9700197701779356
0.9700148982034763
0.9700075800476005
0.9699978034766196
0.9699855521780242
0.9699708057602445
0.9699535397530328
0.9699337256086481
0.9699113307049484
0.9698863183506109
0.9698586477931338
0.9698282742313901
0.9697951488329879
0.9697592187581476
0.9697204271915856
0.9696787133844317
0.9696340127076203
0.9695862567199142
0.9695353732531322
0.9694812865175354
0.9694239172316762
0.9693631827810526
0.9692989974107086
0.9692312724580198
0.9691599166328156
0.9690848363533281
0.9690059361482215
0.9689231191363235
0.9688362875980184
0.9687453436554498
0.9686501900817259
0.9685507312624572
0.9684468743400916
0.9683385305752897
0.9682256169697319
0.9681080582037743
0.9679857889559609
0.9678587566896629
0.9677269250160104
0.9675902777768177
0.9674488240401021
0.9673026042765390
0.9671516981018581
0.9669962341665403
0.9668364031220893
0.9666724752650184
0.9665048259123665
0.9663339752543666
0.9661606615592454
0.9660964377017494
0.9662678156756218
0.9664367439277256
0.9666024891394063
0.9667645358943724
0.9669225133875059
0.9670761555083033
0.9672252754179586
0.9673697478748339
0.9675094962511910
0.9676444826400192
0.9677747001192555
0.9679001665913934
0.9680209198101059
0.9681370133245385
0.9682485131465425
0.9683554949956957
0.9684580420117775
0.9685562428486301
0.9686501900817259
0.9687399788750345
0.9688257058638258
0.9689074682170337
0.9689853628506437
0.9690594857676709
0.9691299315044338
0.9691967926672093
0.9692601595440864
0.9693201197818421
0.9693767581164011
0.9694301561498302
0.9694803921659257
0.9695275409788642
0.9695716738094770
0.9696128581850202
0.9696511578586963
0.9696866327456276
0.9697193388723389
0.9697493283379446
0.9697766492845569
0.9698013458752749
0.9698234582785706
0.9698430226570741
0.9698600711606351
0.9698746319219773
0.9698867290545075
0.9698963826515895
0.9699036087866476
0.9699084195138212
0.9699108228685895
0.9699108228685895
0.9699084195138212
0.9699036087866476
0.9698963826515895
0.9698867290545075
0.9698746319219773
0.9698600711606351
0.9698430226570741
0.9698234582785706
0.9698013458752749
0.9697766492845569
0.9697493283379446
0.9697193388723389
0.9696866327456276
0.9696511578586963
0.9696128581850202
0.9695716738094770
0.9695275409788642
0.9694803921659257
0.9694301561498302
0.9693767581164011
0.9693201197818421
0.9692601595440864
0.9691967926672093
0.9691299315044338
0.9690594857676709
0.9689853628506437
0.9689074682170337
0.9688257058638258
0.9687399788750345
0.9686501900817259
0.9685562428486301
0.9684580420117775
0.9683554949956957
0.9682485131465425
0.9681370133245385
0.9680209198101059
0.9679001665913934
0.9677747001192555
0.9676444826400192
0.9675094962511910
0.9673697478748339
0.9672252754179586
0.9670761555083033
0.9669225133875059
0.9667645358943724
0.9666024891394063
0.9664367439277256
0.9662678156756218
0.9660964377017494
0.9660295142077638
0.9661988448958194
0.9663657402997494
0.9665294726118302
0.9666895317087514
0.9668455517616258
0.9669972712454719
0.9671445074651969
0.9672871388482480
0.9674250919470656
0.9675583315456664
0.9676868529375197
0.9678106757876687
0.9679298391892677
0.9680443976425034
0.9681544177592919
0.9682599755460205
0.9683611541545150
0.9684580420117775
0.9685507312624572
0.9686393164678386
0.9687238935177142
0.9688045587200265
0.9688814080379256
0.9689545364513112
0.9690240374221500
0.9690900024477801
0.9691525206874723
0.9692116786520404
0.9692675599454200
0.9693202450511628
0.9693698111563600
0.9694163320071497
0.9694598777911961
0.9695005150424535
0.9695383065650617
0.9695733113728957
0.9696055846422632
0.9696351776753812
0.9696621378732198
0.9696865087150025
0.9697083297439902
0.9697276365577159
0.9697444608017844
0.9697588301663136
0.9697707683844430
0.9697802952319200
0.9697874265277150
0.9697921741350020
0.9697945459616789
0.9697945459616789
0.9697921741350020
0.9697874265277150
0.9697802952319200
0.9697707683844430
0.9697588301663136
0.9697444608017844
0.9697276365577137
0.9697083297439902
0.9696865087150025
0.9696621378732198
0.9696351776753812
0.9696055846422632
0.9695733113728957
0.9695383065650617
0.9695005150424535
0.9694598777911961
0.9694163320071497
0.9693698111563600
0.9693202450511628
0.9692675599454200
0.9692116786520404
0.9691525206874723
0.9690900024477801
0.9690240374221500
0.9689545364513112
0.9688814080379256
0.9688045587200265
0.9687238935177142
0.9686393164678386
0.9685507312624572
0.9684580420117775
0.9683611541545150
0.9682599755460205
0.9681544177592919
0.9680443976425034
0.9679298391892677
0.9678106757876687
0.9676868529375197
0.9675583315456664
0.9674250919470656
0.9672871388482480
0.9671445074651969
0.9669972712454719
0.9668455517616258
0.9666895317087514
0.9665294726118302
0.9663657402997494
0.9661988448958194
0.9660295142077638
0.9659598512036484
0.9661270174915050
0.9662917641876407
0.9664533696351827
0.9666113295907487
0.9667652837193534
0.9669149755208325
0.9670602267987009
0.9672009199205628
0.9673369848087549
0.9674683890544055
0.9675951302163267
0.9677172297153558
0.9678347279302848
0.9679476802207743
0.9680561536773831
0.9681602244507060
0.9682599755460205
0.9683554949956957
0.9684468743400916
0.9685342073627790
0.9686175890345710
0.9686971146320824
0.9687728790006230
0.9688449759382051
0.9689134976809740
0.9689785344732924
0.9690401742099110
0.9690985021377926
0.9691536006091658
0.9692055488774396
0.9692544229288218
0.9693002953450214
0.9693432351912467
0.9693833079259196
0.9694205753283639
0.9694550954419275
0.9694869225292594
0.9695161070384005
0.9695426955767482
0.9695667308929754
0.9695882518633822
0.9696072934832409
0.9696238868614955
0.9696380592176409
0.9696498338806544
0.9696592302892499
0.9696662639924165
0.9696709466504956
0.9696732860364412
0.9696732860364412
0.9696709466504956
0.9696662639924165
0.9696592302892499
0.9696498338806544
0.9696380592176409
0.9696238868614955
0.9696072934832409
0.9695882518633822
0.9695667308929754
0.9695426955767482
0.9695161070384005
0.9694869225292594
0.9694550954419275
0.9694205753283639
0.9693833079259196
0.9693432351912467
0.9693002953450214
0.9692544229288218
0.9692055488774396
0.9691536006091658
0.9690985021377926
0.9690401742099110
0.9689785344732924
0.9689134976809740
0.9688449759382051
0.9687728790006230
0.9686971146320824
0.9686175890345710
0.9685342073627790
0.9684468743400916
0.9683554949956957
0.9682599755460205
0.9681602244507060
0.9680561536773831
0.9679476802207743
0.9678347279302848
0.9677172297153558
0.9675951302163267
0.9674683890544055
0.9673369848087549
0.9672009199205628
0.9670602267987009
0.9669149755208325
0.9667652837193534
0.9666113295907487
0.9664533696351827
0.9662917641876407
0.9661270174915050
0.9659598512036484
0.9658874122976739
0.9660522912019747
0.9662147676191356
0.9663741267762416
0.9665298709750128
0.9666816459533099
0.9668292007166008
0.9669723619455903
0.9671110162246904
0.9672450970285936
0.9673745748519035
0.9674994495412594
0.9676197442335335
0.9677355005036845
0.9678467744421780
0.9679536334610700
0.9680561536773831
0.9681544177592919
0.9682485131465425
0.9683385305752894
0.9684245628524157
0.9685067038349500
0.9685850475793912
0.9686596876321462
0.9687307164367925
0.9687982248399511
0.9688623016791932
0.9689230334399935
0.9689805039704941
0.9690347942454195
0.9690859821708256
0.9691341424239590
0.9691793463219632
0.9692216617154383
0.9692611529023788
0.9692978805597324
0.9693319016893399
0.9693632695756289
0.9693920337535639
0.9694182399845486
0.9694419302388294
0.9694631426834494
0.9694819116740365
0.9694982677501027
0.9695122376321477
0.9695238442214160
0.9695331065994829
0.9695400400297689
0.9695446559583629
0.9695469620152789
0.9695469620152789
0.9695446559583629
0.9695400400297689
0.9695331065994829
0.9695238442214160
0.9695122376321477
0.9694982677501027
0.9694819116740365
0.9694631426834494
0.9694419302388294
0.9694182399845486
0.9693920337535639
0.9693632695756289
0.9693319016893399
0.9692978805597324
0.9692611529023788
0.9692216617154383
0.9691793463219632
0.9691341424239590
0.9690859821708256
0.9690347942454195
0.9689805039704941
0.9689230334399935
0.9688623016791932
0.9687982248399511
0.9687307164367925
0.9686596876321462
0.9685850475793912
0.9685067038349500
0.9684245628524157
0.9683385305752894
0.9682485131465425
0.9681544177592919
0.9680561536773831
0.9679536334610700
0.9678467744421780
0.9677355005036845
0.9676197442335335
0.9674994495412594
0.9673745748519035
0.9672450970285936
0.9671110162246904
0.9669723619455903
0.9668292007166008
0.9666816459533099
0.9665298709750128
0.9663741267762416
0.9662147676191356
0.9660522912019747
0.9658874122976739
0.9658121654922807
0.9659746278265593
0.9661347063795903
0.9662916941064149
0.9664451006104503
0.9665945783495319
0.9667398823593247
0.9668808445962438
0.9670173561388160
0.9671493541790565
0.9672768121823691
0.9673997322678405
0.9675181392064323
0.9676320756350771
0.9677415982023874
0.9678467744421780
0.9679476802207764
0.9680443976425034
0.9681370133245385
0.9682256169697319
0.9683103001844062
0.9683911554951417
0.9684682755311452
0.9685417523425183
0.9686116768322172
0.9686781382827199
0.9687412239609068
0.9688010187906607
0.9688576050794302
0.9689110622930512
0.9689614668690738
0.9690088920636152
0.9690534078263501
0.9690950806985112
0.9691339737313035
0.9691701464200618
0.9692036546528338
0.9692345506705350
0.9692628830357894
0.9692886966104349
0.9693120325386945
0.9693329282356565
0.9693514173797455
0.9693675299080833
0.9693812920141176
0.9693927261469881
0.9694018510118987
0.9694086815708669
0.9694132290441041
0.9694155009109630
0.9694155009109630
0.9694132290441041
0.9694086815708669
0.9694018510118987
0.9693927261469881
0.9693812920141176
0.9693675299080833
0.9693514173797455
0.9693329282356565
0.9693120325386945
0.9692886966104349
0.9692628830357894
0.9692345506705350
0.9692036546528338
0.9691701464200618
0.9691339737313035
0.9690950806985112
0.9690534078263501
0.9690088920636152
0.9689614668690738
0.9689110622930512
0.9688576050794302
0.9688010187906607
0.9687412239609068
0.9686781382827199
0.9686116768322172
0.9685417523425183
0.9684682755311452
0.9683911554951417
0.9683103001844062
0.9682256169697319
0.9681370133245385
0.9680443976425034
0.9679476802207764
0.9678467744421780
0.9677415982023874
0.9676320756350771
0.9675181392064323
0.9673997322678405
0.9672768121823691
0.9671493541790565
0.9670173561388160
0.9668808445962438
0.9667398823593247
0.9665945783495319
0.9664451006104503
0.9662916941064149
0.9661347063795903
0.9659746278265593
0.9658121654922807
0.9657340842476188
0.9658939942731609
0.9660515410546365
0.9662060262516441
0.9663569676328964
0.9665040250987518
0.9666469602838157
0.9667856108331766
0.9669198725864017
0.9670496865886492
0.9671750293011243
0.9672959050493897
0.9674123401023694
0.9675243779702599
0.9676320756350771
0.9677355005036845
0.9678347279302848
0.9679298391892677
0.9680209198101059
0.9681080582037743
0.9681913445261751
0.9682708697351363
0.9683467248064276
0.9684190000816107
0.9684877847241208
0.9685531662664956
0.9686152302330912
0.9686740598261970
0.9687297356655362
0.9687823355719538
0.9688319343895840
0.9688786038386659
0.9689224123962122
0.9689634251979707
0.9690017039602931
0.9690373069169318
0.9690702887697651
0.9691007006498893
0.9691285900884762
0.9691540009941469
0.9691769736372360
0.9691975446385647
0.9692157469617627
0.9692316099088976
0.9692451591182311
0.9692564165631093
0.9692654005526428
0.9692721257320851
0.9692766030841565
0.9692788399300024
0.9692788399300024
0.9692766030841565
0.9692721257320851
0.9692654005526428
0.9692564165631093
0.9692451591182311
0.9692316099088976
0.9692157469617627
0.9691975446385647
0.9691769736372360
0.9691540009941469
0.9691285900884761
0.9691007006498893
0.9690702887697651
0.9690373069169318
0.9690017039602931
0.9689634251979707
0.9689224123962122
0.9688786038386659
0.9688319343895840
0.9687823355719538
0.9687297356655362
0.9686740598261970
0.9686152302330912
0.9685531662664956
0.9684877847241208
0.9684190000816107
0.9683467248064276
0.9682708697351363
0.9681913445261751
0.9681080582037743
0.9680209198101059
0.9679298391892677
0.9678347279302848
0.9677355005036845
0.9676320756350771
0.9675243779702599
0.9674123401023694
0.9672959050493897
0.9671750293011243
0.9670496865886492
0.9669198725864017
0.9667856108331766
0.9666469602838157
0.9665040250987518
0.9663569676328964
0.9662060262516441
0.9660515410546365
0.9658939942731609
0.9657340842476188
0.9656531487268303
0.9658103637890476
0.9659652382582381
0.9661170836362879
0.9662654268449352
0.9664099360324999
0.9665503800419647
0.9666866026250506
0.9668185046234287
0.9669460310253067
0.9670691612522674
0.9671879017045836
0.9673022799447512
0.9674123401023694
0.9675181392064323
0.9676197442335300
0.9677172297153558
0.9678106757876687
0.9679001665913934
0.9679857889559609
0.9680676313115054
0.9681457827872301
0.9682203324624635
0.9682913687431459
0.9683589788427682
0.9684232483494101
0.9684842608649697
0.9685420977051685
0.9685968376498852
0.9686485567359604
0.9686973280863654
0.9687432217691234
0.9687863046818527
0.9688266404580398
0.9688642893907543
0.9688993083721066
0.9689317508449056
0.9689616667650441
0.9689891025726822
0.9690141011704225
0.9690367019072765
0.9690569405675359
0.9690748493631337
0.9690904569289019
0.9691037883199577
0.9691148650106375
0.9691237048945145
0.9691303222849286
0.9691347279157982
0.9691369289424646
0.9691369289424646
0.9691347279157982
0.9691303222849286
0.9691237048945145
0.9691148650106375
0.9691037883199577
0.9690904569289019
0.9690748493631337
0.9690569405675359
0.9690367019072765
0.9690141011704225
0.9689891025726822
0.9689616667650441
0.9689317508449056
0.9688993083721066
0.9688642893907543
0.9688266404580398
0.9687863046818527
0.9687432217691234
0.9686973280863654
0.9686485567359604
0.9685968376498852
0.9685420977051685
0.9684842608649697
0.9684232483494101
0.9683589788427682
0.9682913687431459
0.9682203324624635
0.9681457827872301
0.9680676313115054
0.9679857889559609
0.9679001665913934
0.9678106757876687
0.9677172297153558
0.9676197442335300
0.9675181392064323
0.9674123401023694
0.9673022799447512
0.9671879017045836
0.9670691612522674
0.9669460310253067
0.9668185046234287
0.9666866026250506
0.9665503800419647
0.9664099360324999
0.9662654268449352
0.9661170836362879
0.9659652382582381
0.9658103637890476
0.9656531487268303
0.9655693472629713
0.9657237174136106
0.9658757720890654
0.9660248339669806
0.9661704402548661
0.9663122682421711
0.9664500946233461
0.9665837696607998
0.9667131993927398
0.9668383327700165
0.9669591520578370
0.9670756655130925
0.9671879017045836
0.9672959050493897
0.9673997322678405
0.9674994495412594
0.9675951302163267
0.9676868529375197
0.9677747001192555
0.9678587566896629
0.9679391090530371
0.9680158442306486
0.9680890491459037
0.9681588100301268
0.9682252119264948
0.9682883382764242
0.9683482705743025
0.9684050880797503
0.9684588675779678
0.9685096831804993
0.9685576061604902
0.9686027048162896
0.9686450443597311
0.9686846868249445
0.9687216909939540
0.9687561123374053
0.9687880029672057
0.9688174115990282
0.9688443835238570
0.9688689605857551
0.9688911811660025
0.9689110801710276
0.9689286890248129
0.9689440356632160
0.9689571445312389
0.9689680365812637
0.9689767292725396
0.9689832365715767
0.9689875689524332
0.9689897333973266
0.9689897333973266
0.9689875689524332
0.9689832365715767
0.9689767292725396
0.9689680365812637
0.9689571445312389
0.9689440356632160
0.9689286890248129
0.9689110801710276
0.9688911811660025
0.9688689605857551
0.9688443835238570
0.9688174115990282
0.9687880029672057
0.9687561123374053
0.9687216909939540
0.9686846868249445
0.9686450443597311
0.9686027048162896
0.9685576061604902
0.9685096831804993
0.9684588675779678
0.9684050880797503
0.9683482705743025
0.9682883382764242
0.9682252119264948
0.9681588100301268
0.9680890491459037
0.9680158442306486
0.9679391090530371
0.9678587566896629
0.9677747001192555
0.9676868529375197
0.9675951302163267
0.9674994495412594
0.9673997322678405
0.9672959050493897
0.9671879017045836
0.9670756655130925
0.9669591520578370
0.9668383327700165
0.9667131993927398
0.9665837696607998
0.9664500946233461
0.9663122682421711
0.9661704402548661
0.9660248339669806
0.9658757720890654
0.9657237174136106
0.9655693472629713
0.9654826780982373
0.9656340457055714
0.9657831258697773
0.9659292540189489
0.9660719789465098
0.9662109880646983
0.9663460665781456
0.9664770716244053
0.9666039145528816
0.9667265481953954
0.9668449574344633
0.9669591520578370
0.9670691612522674
0.9671750293011243
0.9672768121823694
0.9673745748519035
0.9674683890544055
0.9675583315456664
0.9676444826400192
0.9677269250160104
0.9678057427298874
0.9678810203977249
0.9679528425148457
0.9680212928886888
0.9680864541646289
0.9681484074301733
0.9682072318833244
0.9682630045559425
0.9683158000826790
0.9683656905080520
0.9684127451267496
0.9684570303509189
0.9684986096008698
0.9685375432155215
0.9685738883792944
0.9686076990632269
0.9686390259776876
0.9686679165346995
0.9686944148189672
0.9687185615652625
0.9687403941415981
0.9687599465365994
0.9687772493509180
0.9687923297909410
0.9688052116651931
0.9688159153819854
0.9688244579480888
0.9688308529687336
0.9688351106474345
0.9688372377863166
0.9688372377863166
0.9688351106474345
0.9688308529687336
0.9688244579480888
0.9688159153819854
0.9688052116651931
0.9687923297909410
0.9687772493509180
0.9687599465365994
0.9687403941415981
0.9687185615652625
0.9686944148189672
0.9686679165346995
0.9686390259776876
0.9686076990632269
0.9685738883792944
0.9685375432155215
0.9684986096008698
0.9684570303509189
0.9684127451267496
0.9683656905080520
0.9683158000826790
0.9682630045559425
0.9682072318833244
0.9681484074301733
0.9680864541646289
0.9680212928886888
0.9679528425148457
0.9678810203977249
0.9678057427298874
0.9677269250160104
0.9676444826400192
0.9675583315456664
0.9674683890544055
0.9673745748519035
0.9672768121823694
0.9671750293011243
0.9670691612522674
0.9669591520578370
0.9668449574344633
0.9667265481953954
0.9666039145528816
0.9664770716244053
0.9663460665781456
0.9662109880646983
0.9660719789465098
0.9659292540189489
0.9657831258697773
0.9656340457055714
0.9654826780982373
0.9653931514643527
0.9655413508143297
0.9656872942460870
0.9658303318112691
0.9659700253800724
0.9661060735482353
0.9662382706745181
0.9663664810519381
0.9664906213314958
0.9666106480024600
0.9667265481953954
0.9668383327700165
0.9669460310253067
0.9670496865886492
0.9671493541790565
0.9672450970285957
0.9673369848087549
0.9674250919470656
0.9675094962511910
0.9675902777768177
0.9676675178909541
0.9677412984939622
0.9678117013710582
0.9678788076497788
0.9679426973461837
0.9680034489839684
0.9680611392752111
0.9681158428524754
0.9681676320445458
0.9682165766887997
0.9682627439747253
0.9683061983135357
0.9683470012305637
0.9683852112761268
0.9684208839528312
0.9684540716559449
0.9684848236259388
0.9685131859097770
0.9685392013309922
0.9685629094659128
0.9685843466256886
0.9686035458424743
0.9686205368598693
0.9686353461254428
0.9686479967860028
0.9686585086844294
0.9686668983578223
0.9686731790363645
0.9686773606427158
0.9686794497921076
0.9686794497921076
0.9686773606427158
0.9686731790363645
0.9686668983578223
0.9686585086844294
0.9686479967860028
0.9686353461254428
0.9686205368598693
0.9686035458424743
0.9685843466256886
0.9685629094659128
0.9685392013309922
0.9685131859097770
0.9684848236259388
0.9684540716559449
0.9684208839528312
0.9683852112761268
0.9683470012305637
0.9683061983135357
0.9682627439747253
0.9682165766887997
0.9681676320445458
0.9681158428524754
0.9680611392752111
0.9680034489839684
0.9679426973461837
0.9678788076497788
0.9678117013710592
0.9677412984939622
0.9676675178909541
0.9675902777768177
0.9675094962511910
0.9674250919470656
0.9673369848087549
0.9672450970285936
0.9671493541790565
0.9670496865886492
0.9669460310253067
0.9668383327700165
0.9667265481953954
0.9666106480024600
0.9664906213314958
0.9663664810519381
0.9662382706745181
0.9661060735482353
0.9659700253800724
0.9658303318112691
0.9656872942460870
0.9655413508143297
0.9653931514643527
0.9653007920956772
0.9654456489906333
0.9655882857498069
0.9657280692937330
0.9658645762691380
0.9659975175680677
0.9661266972760514
0.9662519869724894
0.9663733084142260
0.9664906213314958
0.9666039145528816
0.9667131993927398
0.9668185046234287
0.9669198725864017
0.9670173561388160
0.9671110162246904
0.9672009199205628
0.9672871388482480
0.9673697478748339
0.9674488240401021
0.9675244456674501
0.9675966916223420
0.9676656406924042
0.9677313710672156
0.9677939599012032
0.9678534829456045
0.9679100142387235
0.9679636258449060
0.9680143876352617
0.9680623671031221
0.9681076292094509
0.9681502362537383
0.9681902477662899
0.9682277204188856
0.9682627079511539
0.9682952611099829
0.9683254276005062
0.9683532520459764
0.9683787759563566
0.9684020377027448
0.9684230724979387
0.9684419123812175
0.9684585862068826
0.9684731196357467
0.9684855351292726
0.9684958519448637
0.9685040861333001
0.9685102505367597
0.9685143547875059
0.9685164053073626
0.9685164053073626
0.9685143547875059
0.9685102505367597
0.9685040861333001
0.9684958519448637
0.9684855351292726
0.9684731196357467
0.9684585862068826
0.9684419123812175
0.9684230724979387
0.9684020377027448
0.9683787759563566
0.9683532520459764
0.9683254276005062
0.9682952611099829
0.9682627079511539
0.9682277204188856
0.9681902477662899
0.9681502362537383
0.9681076292094509
0.9680623671031221
0.9680143876352617
0.9679636258449060
0.9679100142387235
0.9678534829456045
0.9677939599012032
0.9677313710672156
0.9676656406924042
0.9675966916223420
0.9675244456674501
0.9674488240401021
0.9673697478748339
0.9672871388482480
0.9672009199205628
0.9671110162246904
0.9670173561388160
0.9669198725864017
0.9668185046234287
0.9667131993927398
0.9666039145528816
0.9664906213314958
0.9663733084142260
0.9662519869724894
0.9661266972760514
0.9659975175680677
0.9658645762691380
0.9657280692937330
0.9655882857498069
0.9654456489906333
0.9653007920956772
0.9652056423067978
0.9653469736729771
0.9654861259807662
0.9656224857293865
0.9657556462542365
0.9658853318444686
0.9660113567189391
0.9661335996287174
0.9662519869724894
0.9663664810519381
0.9664770716244053
0.9665837696607998
0.9666866026250506
0.9667856108331766
0.9668808445962438
0.9669723619455903
0.9670602267987009
0.9671445074651969
0.9672252754179586
0.9673026042765390
0.9673765689596862
0.9674472449762900
0.9675147078296519
0.9675790325156139
0.9676402930985812
0.9676985623533997
0.9677539114619760
0.9678064097572892
0.9678561245062147
0.9679031207268247
0.9679474610338478
0.9679892055092809
0.9680284115933283
0.9680651339940781
0.9680994246114947
0.9681313324753245
0.9681609036937598
0.9681881814113550
0.9682132057750863
0.9682360139071381
0.9682566398830269
0.9682751147148215
0.9682914663376111
0.9683057195995878
0.9683178962543062
0.9683280149551108
0.9683360912512168
0.9683421375844548
0.9683461632877591
0.9683481745836626
0.9683481745836626
0.9683461632877591
0.9683421375844499
0.9683360912512168
0.9683280149551108
0.9683178962543062
0.9683057195995878
0.9682914663376111
0.9682751147148215
0.9682566398830269
0.9682360139071381
0.9682132057750863
0.9681881814113550
0.9681609036937598
0.9681313324753245
0.9680994246114947
0.9680651339940781
0.9680284115933283
0.9679892055092809
0.9679474610338478
0.9679031207268247
0.9678561245062147
0.9678064097572892
0.9677539114619760
0.9676985623533997
0.9676402930985812
0.9675790325156139
0.9675147078296519
0.9674472449762900
0.9673765689596862
0.9673026042765390
0.9672252754179586
0.9671445074651969
0.9670602267987009
0.9669723619455903
0.9668808445962438
0.9667856108331766
0.9666866026250506
0.9665837696607998
0.9664770716244053
0.9663664810519381
0.9662519869724894
0.9661335996287174
0.9660113567189391
0.9658853318444686
0.9657556462542365
0.9656224857293865
0.9654861259807662
0.9653469736729771
0.9652056423067978
0.9651077658228897
0.9652453793497361
0.9653808616420956
0.9655136220616741
0.9656432727180602
0.9657695522568871
0.9658922851155572
0.9660113567189391
0.9661266972760514
0.9662382706745181
0.9663460665781456
0.9664500946233461
0.9665503800419647
0.9666469602838157
0.9667398823593247
0.9668292007166008
0.9669149755208325
0.9669972712454719
0.9670761555083033
0.9671516981018581
0.9672239701819476
0.9672930435843777
0.9673589902485603
0.9674218817287327
0.9674817887797891
0.9675387810047599
0.9675929265558253
0.9676442918795157
0.9676929415005247
0.9677389378380635
0.9677823410503358
0.9678232089028493
0.9678615966574081
0.9678975569785739
0.9679311398559063
0.9679623925381643
0.9679913594796203
0.9680180822949878
0.9680425997230068
0.9680649475963414
0.9680851588176701
0.9681032633400896
0.9681192881520888
0.9681332572651566
0.9681451917045689
0.9681551095024885
0.9681630256921974
0.9681689523043586
0.9681728983642195
0.9681748698895705
0.9681748698895705
0.9681728983642195
0.9681689523043586
0.9681630256921974
0.9681551095024885
0.9681451917045689
0.9681332572651566
0.9681192881520888
0.9681032633400896
0.9680851588176701
0.9680649475963414
0.9680425997230068
0.9680180822949878
0.9679913594796203
0.9679623925381643
0.9679311398559063
0.9678975569785739
0.9678615966574081
0.9678232089028493
0.9677823410503358
0.9677389378380635
0.9676929415005247
0.9676442918795157
0.9675929265558253
0.9675387810047599
0.9674817887797891
0.9674218817287327
0.9673589902485603
0.9672930435843777
0.9672239701819476
0.9671516981018581
0.9670761555083033
0.9669972712454719
0.9669149755208325
0.9668292007166008
0.9667398823593247
0.9666469602838157
0.9665503800419647
0.9664500946233461
0.9663460665781456
0.9662382706745181
0.9661266972760514
0.9660113567189391
0.9658922851155572
0.9657695522568871
0.9656432727180602
0.9655136220616741
0.9653808616420956
0.9652453793497361
0.9651077658228897
0.9650072526524412
0.9651409465081872
0.9652725658080167
0.9654015467427361
0.9655275223147789
0.9656502460936740
0.9657695522568871
0.9658853318444686
0.9659975175680677
0.9661060735482353
0.9662109880646983
0.9663122682421711
0.9664099360324999
0.9665040250987518
0.9665945783495319
0.9666816459533099
0.9667652837193534
0.9668455517616258
0.9669225133875059
0.9669962341665403
0.9670667811457034
0.9671342221854121
0.9671986253956384
0.9672600586558211
0.9673185892052533
0.9673742832935152
0.9674272058816455
0.9674774203868129
0.9675249884642720
0.9675699698210469
0.9676124220576179
0.9676524005326690
0.9676899582486452
0.9677251457547935
0.9677580110652528
0.9677885995902173
0.9678169540782136
0.9678431145680754
0.9678671183492080
0.9678889999283026
0.9679087910027194
0.9679265204384442
0.9679422142521111
0.9679558955971292
0.9679675847522615
0.9679772991126960
0.9679850531832741
0.9679908585735341
0.9679947239934178
0.9679966552511414
0.9679966552511414
0.9679947239934202
0.9679908585735341
0.9679850531832741
0.9679772991126960
0.9679675847522615
0.9679558955971292
0.9679422142521111
0.9679265204384442
0.9679087910027194
0.9678889999283026
0.9678671183492080
0.9678431145680754
0.9678169540782136
0.9677885995902173
0.9677580110652528
0.9677251457547935
0.9676899582486452
0.9676524005326690
0.9676124220576179
0.9675699698210469
0.9675249884642720
0.9674774203868129
0.9674272058816455
0.9673742832935152
0.9673185892052533
0.9672600586558211
0.9671986253956384
0.9671342221854121
0.9670667811457034
0.9669962341665403
0.9669225133875059
0.9668455517616258
0.9667652837193534
0.9666816459533099
0.9665945783495319
0.9665040250987518
0.9664099360324999
0.9663122682421711
0.9662109880646983
0.9661060735482353
0.9659975175680677
0.9658853318444686
0.9657695522568871
0.9656502460936740
0.9655275223147789
0.9654015467427361
0.9652725658080167
0.9651409465081872
0.9650072526524412
0.9649042254663388
0.9650337881883039
0.9651613450897421
0.9652863638723030
0.9654085002093716
0.9655275223147789
0.9656432727180602
0.9657556462542365
0.9658645762691380
0.9659700253800724
0.9660719789465098
0.9661704402548661
0.9662654268449352
0.9663569676328964
0.9664451006104503
0.9665298709750128
0.9666113295907487
0.9666895317087514
0.9667645358943724
0.9668364031220893
0.9669051960086820
0.9669709781599551
0.9670338136132186
0.9670937663603524
0.9671508999385356
0.9672052770795790
0.9672569594085845
0.9673060071850452
0.9673524790809401
0.9673964319901966
0.9674379208655366
0.9674769985785928
0.9675137158009754
0.9675481209025470
0.9675802598650386
0.9676101762087965
0.9676379109312978
0.9676635024547687
0.9676869865829334
0.9677083964645403
0.9677277625631540
0.9677451126324739
0.9677604716957171
0.9677738620291476
0.9677853031487119
0.9677948117990891
0.9678024019457336
0.9678080847678912
0.9678118686540350
0.9678137591983290
0.9678137591983290
0.9678118686540350
0.9678080847678912
0.9678024019457336
0.9677948117990891
0.9677853031487119
0.9677738620291476
0.9677604716957171
0.9677451126324739
0.9677277625631540
0.9677083964645403
0.9676869865829334
0.9676635024547687
0.9676379109312978
0.9676101762087965
0.9675802598650386
0.9675481209025470
0.9675137158009754
0.9674769985785928
0.9674379208655366
0.9673964319901966
0.9673524790809401
0.9673060071850452
0.9672569594085845
0.9672052770795790
0.9671508999385356
0.9670937663603524
0.9670338136132186
0.9669709781599551
0.9669051960086820
0.9668364031220893
0.9667645358943724
0.9666895317087514
0.9666113295907487
0.9665298709750128
0.9664451006104503
0.9663569676328964
0.9662654268449352
0.9661704402548661
0.9660719789465098
0.9659700253800724
0.9658645762691380
0.9657556462542365
0.9656432727180602
0.9655275223147789
0.9654085002093716
0.9652863638723030
0.9651613450897421
0.9650337881883039
0.9649042254663388
0.9647988482864933
0.9649240590837043
0.9650473499811083
0.9651682252792997
0.9652863638723030
0.9654015467427361
0.9655136220616741
0.9656224857293865
0.9657280692937330
0.9658303318112691
0.9659292540189489
0.9660248339669806
0.9661170836362879
0.9662060262516441
0.9662916941064149
0.9663741267762416
0.9664533696351827
0.9665294726118302
0.9666024891394063
0.9666724752650184
0.9667394888895565
0.9668035891180807
0.9668648357020908
0.9669232885602148
0.9669790073654755
0.9670320511896479
0.9670824781967043
0.9671303453780790
0.9671757083248501
0.9672186210310698
0.9672591357246183
0.9672973027216498
0.9673331703016973
0.9673667846006141
0.9673981895189896
0.9674274266440342
0.9674545351830617
0.9674795519072138
0.9675025111037665
0.9675234445360333
0.9675423814097945
0.9675593483450226
0.9675743693529371
0.9675874658166412
0.9675986564753922
0.9676079574119753
0.9676153820427528
0.9676209411093941
0.9676246426731751
0.9676264921106025
0.9676264921106025
0.9676246426731751
0.9676209411093941
0.9676153820427528
0.9676079574119802
0.9675986564753922
0.9675874658166412
0.9675743693529371
0.9675593483450226
0.9675423814097945
0.9675234445360333
0.9675025111037665
0.9674795519072138
0.9674545351830617
0.9674274266440342
0.9673981895189896
0.9673667846006141
0.9673331703016973
0.9672973027216498
0.9672591357246183
0.9672186210310698
0.9671757083248501
0.9671303453780790
0.9670824781967043
0.9670320511896479
0.9669790073654755
0.9669232885602148
0.9668648357020908
0.9668035891180807
0.9667394888895565
0.9666724752650184
0.9666024891394063
0.9665294726118302
0.9664533696351827
0.9663741267762416
0.9662916941064149
0.9662060262516441
0.9661170836362879
0.9660248339669806
0.9659292540189489
0.9658303318112691
0.9657280692937330
0.9656224857293865
0.9655136220616741
0.9654015467427361
0.9652863638723030
0.9651682252792997
0.9650473499811083
0.9649240590837043
0.9647988482864933
0.9646913390216554
0.9648119691547856
0.9649307911913572
0.9650473499811083
0.9651613450897421
0.9652725658080167
0.9653808616420956
0.9654861259807662
0.9655882857498069
0.9656872942460870
0.9657831258697767
0.9658757720890654
0.9659652382582381
0.9660515410546365
0.9661347063795903
0.9662147676191356
0.9662917641876407
0.9663657402997494
0.9664367439277256
0.9665048259123665
0.9665700392013074
0.9666324381949946
0.9666920781832455
0.9667490148590026
0.9668033038983207
0.9668550005967043
0.9669041595549520
0.9669508344065952
0.9669950775822137
0.9670369401055707
0.9670764714172440
0.9671137192221146
0.9671487293581180
0.9671815456828953
0.9672122099763315
0.9672407618571082
0.9672672387110307
0.9672916756300369
0.9673141053599597
0.9673345582564359
0.9673530622478035
0.9673696428031306
0.9673843229065022
0.9673971230346580
0.9674080611391651
0.9674171526313888
0.9674244103708145
0.9674298446556279
0.9674334632153689
0.9674352712058260
0.9674352712058260
0.9674334632153689
0.9674298446556279
0.9674244103708145
0.9674171526313888
0.9674080611391651
0.9673971230346580
0.9673843229065022
0.9673696428031306
0.9673530622478035
0.9673345582564359
0.9673141053599597
0.9672916756300369
0.9672672387110307
0.9672407618571082
0.9672122099763315
0.9671815456828953
0.9671487293581180
0.9671137192221146
0.9670764714172440
0.9670369401055707
0.9669950775822137
0.9669508344065952
0.9669041595549520
0.9668550005967043
0.9668033038983207
0.9667490148590026
0.9666920781832455
0.9666324381949946
0.9665700392013074
0.9665048259123665
0.9664367439277256
0.9663657402997494
0.9662917641876407
0.9662147676191356
0.9661347063795903
0.9660515410546365
0.9659652382582381
0.9658757720890654
0.9657831258697773
0.9656872942460870
0.9655882857498069
0.9654861259807662
0.9653808616420956
0.9652725658080167
0.9651613450897421
0.9650473499811083
0.9649307911913572
0.9648119691547856
0.9646913390216554
0.9645819892471729
0.9646978067870002
0.9648119691547856
0.9649240590837043
0.9650337881883039
0.9651409465081872
0.9652453793497361
0.9653469736729771
0.9654456489906338
0.9655413508143297
0.9656340457055714
0.9657237174136106
0.9658103637890476
0.9658939942731609
0.9659746278265593
0.9660522912019747
0.9661270174915050
0.9661988448958194
0.9662678156756218
0.9663339752543666
0.9663973714473014
0.9664580537970783
0.9665160729999410
0.9665714804090704
0.9666243276041170
0.9666746660177080
0.9667225466111589
0.9667680195929040
0.9668111341738688
0.9668519383548694
0.9668904787423332
0.9669268003883539
0.9669609466520882
0.9669929590796952
0.9670228773008660
0.9670507389392181
0.9670765795353985
0.9671004324808662
0.9671223289612378
0.9671422979078931
0.9671603659565697
0.9671765574126884
0.9671908942215254
0.9672033959436328
0.9672140797343124
0.9672229603265232
0.9672300500170609
0.9672353586558325
0.9672388936371933
0.9672406598941671
0.9672406598941671
0.9672388936371933
0.9672353586558325
0.9672300500170609
0.9672229603265232
0.9672140797343124
0.9672033959436328
0.9671908942215254
0.9671765574126884
0.9671603659565697
0.9671422979078931
0.9671223289612378
0.9671004324808662
0.9670765795353985
0.9670507389392181
0.9670228773008660
0.9669929590796952
0.9669609466520882
0.9669268003883539
0.9668904787423332
0.9668519383548694
0.9668111341738688
0.9667680195929040
0.9667225466111589
0.9666746660177080
0.9666243276041170
0.9665714804090704
0.9665160729999410
0.9664580537970783
0.9663973714473014
0.9663339752543666
0.9662678156756218
0.9661988448958194
0.9661270174915050
0.9660522912019747
0.9659746278265593
0.9658939942731609
0.9658103637890476
0.9657237174136106
0.9656340457055714
0.9655413508143297
0.9654456489906338
0.9653469736729771
0.9652453793497361
0.9651409465081872
0.9650337881883039
0.9649240590837043
0.9648119691547856
0.9646978067870002
0.9645819892471729
0.9644712007444077
0.9645819892471729
0.9646913390216554
0.9647988482864933
0.9649042254663388
0.9650072526524412
0.9651077658228897
0.9652056423067978
0.9653007920956772
0.9653931514643527
0.9654826780982373
0.9655693472629713
0.9656531487268303
0.9657340842476188
0.9658121654922807
0.9658874122976739
0.9659598512036532
0.9660295142077648
0.9660964377017494
0.9661606615592454
0.9662222283507471
0.9662811826649853
0.9663375705220261
0.9663914388634942
0.9664428351102785
0.9664918067772559
0.9665384011382441
0.9665826649339465
0.9666246441178220
0.9666643836341791
0.9667019272253694
0.9667373172639697
0.9667705946062353
0.9668017984655478
0.9668309663019961
0.9668581337269221
0.9668833344201730
0.9669066000589838
0.9669279602562864
0.9669474425079827
0.9669650721476455
0.9669808723080222
0.9669948638881893
0.9670070655258532
0.9670174935743557
0.9670261620832742
0.9670330827829903
0.9670382650719523
0.9670417160071216
0.9670434402969855
0.9670434402969855
0.9670417160071216
0.9670382650719523
0.9670330827829903
0.9670261620832742
0.9670174935743557
0.9670070655258532
0.9669948638881893
0.9669808723080222
0.9669650721476455
0.9669474425079827
0.9669279602562864
0.9669066000589838
0.9668833344201730
0.9668581337269221
0.9668309663019961
0.9668017984655478
0.9667705946062353
0.9667373172639697
0.9667019272253694
0.9666643836341791
0.9666246441178220
0.9665826649339465
0.9665384011382441
0.9664918067772559
0.9664428351102785
0.9663914388634942
0.9663375705220261
0.9662811826649853
0.9662222283507471
0.9661606615592454
0.9660964377017494
0.9660295142077648
0.9659598512036532
0.9658874122976739
0.9658121654922807
0.9657340842476188
0.9656531487268303
0.9655693472629713
0.9654826780982373
0.9653931514643527
0.9653007920956772
0.9652056423067978
0.9651077658228897
0.9650072526524412
0.9649042254663388
0.9647988482864933
0.9646913390216554
0.9645819892471729
0.9644712007444077
