RW,Z
0.1311043120389803,21.9222067854884806
0.1311013514589052
0.1310984342586216
0.1310955707178696
0.1310927681831947
0.1310900320419969
0.1310873662544122
0.1310847736910010
0.1310822563679243
0.1310798156194871
0.1310774522301659
0.1310751665375905
0.1310729585155133
0.1310708278408187
0.1310687739490008
0.1310667960800389
0.1310648933168070
0.1310630646173089
0.1310613088422597
0.1310596247784822
0.1310580111580340
0.1310564666758623
0.1310549900040084
0.1310535798038662
0.1310522347371484
0.1310509534745182
0.1310497347041908
0.1310485771379013
0.1310474795170663
0.1310464406176979
0.1310454592546395
0.1310445342853131
0.1310436646123658
0.1310428491869363
0.1310420870102751
0.1310413771363870
0.1310407186727889
0.1310401107825590
0.1310395526851010
0.1310390436572771
0.1310385830341491
0.1310381702095109
0.1310378046366703
0.1310374858287628
0.1310372133590581
0.1310369868614378
0.1310368060303806
0.1310366706211545
0.1310365804504028
0.1310365353956482
0.1310365353956482
0.1310365804504028
0.1310366706211545
0.1310368060303806
0.1310369868614378
0.1310372133590581
0.1310374858287628
0.1310378046366703
0.1310381702095109
0.1310385830341491
0.1310390436572771
0.1310395526851010
0.1310401107825590
0.1310407186727889
0.1310413771363870
0.1310420870102751
0.1310428491869363
0.1310436646123658
0.1310445342853131
0.1310454592546395
0.1310464406176979
0.1310474795170663
0.1310485771379013
0.1310497347041908
0.1310509534745182
0.1310522347371484
0.1310535798038662
0.1310549900040084
0.1310564666758623
0.1310580111580340
0.1310596247784822
0.1310613088422597
0.1310630646173089
0.1310648933168070
0.1310667960800389
0.1310687739490008
0.1310708278408187
0.1310729585155133
0.1310751665375905
0.1310774522301659
0.1310798156194870
0.1310822563679243
0.1310847736910010
0.1310873662544122
0.1310900320419969
0.1310927681831947
0.1310955707178696
0.1310984342586216
0.1311013514589052
0.1311043120389803
0.1311013514589052
0.1310982641624387
0.1310952263312110
0.1310922485759750
0.1310893380937457
0.1310865000046627
0.1310837379705859
0.1310810545618916
0.1310784515017436
0.1310759298437751
0.1310734901053109
0.1310711323711874
0.1310688563763466
0.1310666615728753
0.1310645471845673
0.1310625122524368
0.1310605556723096
0.1310586762268495
0.1310568726121355
0.1310551434603170
0.1310534873587682
0.1310519028668600
0.1310503885292691
0.1310489428884253
0.1310475644946163
0.1310462519144673
0.1310450037384842
0.1310438185875024
0.1310426951181366
0.1310416320270881
0.1310406280554509
0.1310396819918951
0.1310387926753417
0.1310379589979241
0.1310371799061356
0.1310364544032971
0.1310357815506544
0.1310351604685192
0.1310345903373497
0.1310340703984444
0.1310335999548662
0.1310331783717564
0.1310328050765476
0.1310324795600403
0.1310322013758294
0.1310319701412137
0.1310317855368559
0.1310316473073838
0.1310315552608313
0.1310315092696356
0.1310315092696356
0.1310315552608313
0.1310316473073838
0.1310317855368559
0.1310319701412137
0.1310322013758294
0.1310324795600403
0.1310328050765476
0.1310331783717564
0.1310335999548662
0.1310340703984444
0.1310345903373497
0.1310351604685192
0.1310357815506544
0.1310364544032971
0.1310371799061355
0.1310379589979241
0.1310387926753417
0.1310396819918951
0.1310406280554509
0.1310416320270881
0.1310426951181366
0.1310438185875024
0.1310450037384842
0.1310462519144673
0.1310475644946163
0.1310489428884252
0.1310503885292691
0.1310519028668600
0.1310534873587682
0.1310551434603170
0.1310568726121355
0.1310586762268495
0.1310605556723096
0.1310625122524368
0.1310645471845673
0.1310666615728753
0.1310688563763466
0.1310711323711874
0.1310734901053109
0.1310759298437751
0.1310784515017436
0.1310810545618916
0.1310837379705859
0.1310865000046627
0.1310893380937457
0.1310922485759750
0.1310952263312110
0.1310982641624387
0.1311013514589052
0.1310984342586216
0.1310952263312110
0.1310920722955796
0.1310889836756781
0.1310859679145263
0.1310830300899591
0.1310801736986252
0.1310774010923834
0.1310747137559803
0.1310721124995913
0.1310695975999754
0.1310671689087794
0.1310648259370712
0.1310625679235338
0.1310603938895863
0.1310583026845317
0.1310562930234870
0.1310543635187314
0.1310525127058775
0.1310507390663061
0.1310490410458220
0.1310474170706888
0.1310458655610718
0.1310443849425151
0.1310429736556985
0.1310416301647996
0.1310403529644275
0.1310391405859637
0.1310379916022048
0.1310369046318641
0.1310358783432518
0.1310349114574977
0.1310340027506345
0.1310331510563383
0.1310323552672193
0.1310316143368616
0.1310309272803403
0.1310302931761815
0.1310297111662339
0.1310291804567512
0.1310287003192443
0.1310282700902682
0.1310278891721488
0.1310275570333630
0.1310272732083041
0.1310270372976870
0.1310268489687978
0.1310267079552719
0.1310266140571862
0.1310265671415121
0.1310265671415121
0.1310266140571862
0.1310267079552719
0.1310268489687978
0.1310270372976870
0.1310272732083041
0.1310275570333630
0.1310278891721488
0.1310282700902682
0.1310287003192443
0.1310291804567512
0.1310297111662339
0.1310302931761815
0.1310309272803403
0.1310316143368616
0.1310323552672193
0.1310331510563383
0.1310340027506345
0.1310349114574977
0.1310358783432518
0.1310369046318641
0.1310379916022048
0.1310391405859637
0.1310403529644275
0.1310416301647996
0.1310429736556985
0.1310443849425151
0.1310458655610718
0.1310474170706888
0.1310490410458220
0.1310507390663061
0.1310525127058775
0.1310543635187314
0.1310562930234870
0.1310583026845317
0.1310603938895863
0.1310625679235338
0.1310648259370712
0.1310671689087770
0.1310695975999755
0.1310721124995913
0.1310747137559803
0.1310774010923834
0.1310801736986252
0.1310830300899591
0.1310859679145263
0.1310889836756781
0.1310920722955796
0.1310952263312110
0.1310984342586216
0.1310955707178697
0.1310922485759750
0.1310889836756781
0.1310857885244874
0.1310826710357387
0.1310796364409136
0.1310766882142033
0.1310738285907032
0.1310710588883766
0.1310683797259761
0.1310657911785568
0.1310632928935867
0.1310608841810758
0.1310585640840848
0.1310563314357217
0.1310541849052565
0.1310521230364472
0.1310501442792091
0.1310482470152113
0.1310464295808490
0.1310446902851439
0.1310430274255627
0.1310414393012831
0.1310399242240362
0.1310384805278673
0.1310371065771881
0.1310358007728226
0.1310345615584551
0.1310333874251300
0.1310322769150944
0.1310312286253985
0.1310302412107678
0.1310293133856737
0.1310284439263815
0.1310276316727010
0.1310268755290640
0.1310261744656916
0.1310255275194866
0.1310249337944648
0.1310243924627496
0.1310239027644531
0.1310234640083268
0.1310230755718049
0.1310227369014131
0.1310224475124933
0.1310222069898121
0.1310220149872288
0.1310218712275801
0.1310217755032467
0.1310217276757344
0.1310217276757344
0.1310217755032467
0.1310218712275801
0.1310220149872288
0.1310222069898121
0.1310224475124933
0.1310227369014131
0.1310230755718049
0.1310234640083268
0.1310239027644531
0.1310243924627496
0.1310249337944648
0.1310255275194866
0.1310261744656916
0.1310268755290640
0.1310276316727010
0.1310284439263815
0.1310293133856737
0.1310302412107678
0.1310312286253985
0.1310322769150944
0.1310333874251300
0.1310345615584551
0.1310358007728226
0.1310371065771881
0.1310384805278673
0.1310399242240362
0.1310414393012831
0.1310430274255627
0.1310446902851439
0.1310464295808490
0.1310482470152113
0.1310501442792091
0.1310521230364472
0.1310541849052565
0.1310563314357217
0.1310585640840848
0.1310608841810758
0.1310632928935867
0.1310657911785568
0.1310683797259761
0.1310710588883766
0.1310738285907032
0.1310766882142033
0.1310796364409136
0.1310826710357387
0.1310857885244874
0.1310889836756781
0.1310922485759750
0.1310955707178697
0.1310927681831947
0.1310893380937457
0.1310859679145263
0.1310826710357387
0.1310794559081838
0.1310763280328573
0.1310732909734947
0.1310703469405772
0.1310674971584932
0.1310647421112302
0.1310620817160318
0.1310595154511823
0.1310570424530163
0.1310546615909862
0.1310523715278186
0.1310501707674429
0.1310480576946265
0.1310460306066932
0.1310440877404416
0.1310422272944206
0.1310404474471582
0.1310387463727443
0.1310371222541434
0.1310355732934489
0.1310340977218649
0.1310326938067823
0.1310313598583729
0.1310300942353595
0.1310288953489577
0.1310277616671104
0.1310266917174100
0.1310256840898568
0.1310247374387006
0.1310238504843047
0.1310230220147386
0.1310222508863912
0.1310215360255488
0.1310208764284947
0.1310202711622478
0.1310197193653060
0.1310192202470607
0.1310187730889824
0.1310183772442230
0.1310180321376719
0.1310177372662847
0.1310174921987753
0.1310172965758459
0.1310171501100544
0.1310170525859544
0.1310170038598455
0.1310170038598455
0.1310170525859544
0.1310171501100544
0.1310172965758459
0.1310174921987753
0.1310177372662847
0.1310180321376719
0.1310183772442230
0.1310187730889824
0.1310192202470607
0.1310197193653060
0.1310202711622478
0.1310208764284947
0.1310215360255488
0.1310222508863912
0.1310230220147386
0.1310238504843047
0.1310247374387006
0.1310256840898568
0.1310266917174100
0.1310277616671104
0.1310288953489577
0.1310300942353595
0.1310313598583729
0.1310326938067823
0.1310340977218649
0.1310355732934489
0.1310371222541434
0.1310387463727443
0.1310404474471582
0.1310422272944206
0.1310440877404416
0.1310460306066932
0.1310480576946265
0.1310501707674429
0.1310523715278186
0.1310546615909862
0.1310570424530163
0.1310595154511823
0.1310620817160318
0.1310647421112302
0.1310674971584932
0.1310703469405772
0.1310732909734947
0.1310763280328573
0.1310794559081838
0.1310826710357387
0.1310859679145263
0.1310893380937457
0.1310927681831947
0.1310900320419970
0.1310865000046627
0.1310830300899591
0.1310796364409136
0.1310763280328573
0.1310731106862613
0.1310699881249167
0.1310669626057988
0.1310640353223747
0.1310612066771632
0.1310584764736166
0.1310558440568124
0.1310533084187659
0.1310508682797518
0.1310485221522559
0.1310462683918388
0.1310441052380231
0.1310420308477663
0.1310400433229725
0.1310381407329528
0.1310363211332437
0.1310345825812601
0.1310329231490061
0.1310313409343098
0.1310298340693837
0.1310284007287609
0.1310270391352887
0.1310257475655186
0.1310245243538456
0.1310233678961073
0.1310222766527593
0.1310212491508224
0.1310202839860972
0.1310193798246428
0.1310185354040550
0.1310177495342046
0.1310170210983100
0.1310163490531789
0.1310157324297465
0.1310151703334447
0.1310146619441520
0.1310142065164672
0.1310138033795208
0.1310134519375384
0.1310131516690803
0.1310129021273539
0.1310127029404111
0.1310125538105597
0.1310124545145018
0.1310124049037520
0.1310124049037520
0.1310124545145018
0.1310125538105597
0.1310127029404111
0.1310129021273539
0.1310131516690803
0.1310134519375384
0.1310138033795208
0.1310142065164672
0.1310146619441520
0.1310151703334447
0.1310157324297465
0.1310163490531789
0.1310170210983100
0.1310177495342046
0.1310185354040550
0.1310193798246428
0.1310202839860972
0.1310212491508224
0.1310222766527593
0.1310233678961073
0.1310245243538456
0.1310257475655186
0.1310270391352887
0.1310284007287609
0.1310298340693837
0.1310313409343098
0.1310329231490061
0.1310345825812601
0.1310363211332437
0.1310381407329528
0.1310400433229724
0.1310420308477663
0.1310441052380231
0.1310462683918388
0.1310485221522559
0.1310508682797518
0.1310533084187659
0.1310558440568124
0.1310584764736166
0.1310612066771632
0.1310640353223747
0.1310669626057988
0.1310699881249167
0.1310731106862613
0.1310763280328573
0.1310796364409136
0.1310830300899591
0.1310865000046627
0.1310900320419970
0.1310873662544122
0.1310837379705859
0.1310801736986252
0.1310766882142033
0.1310732909734947
0.1310699881249167
0.1310667835893376
0.1310636797178455
0.1310606777217366
0.1310577779669517
0.1310549801830812
0.1310522836159989
0.1310496871426635
0.1310471893590247
0.1310447886482912
0.1310424832351244
0.1310402712293534
0.1310381506605214
0.1310361195066382
0.1310341757175462
0.1310323172341404
0.1310305420040860
0.1310288479953279
0.1310272332064194
0.1310256956759932
0.1310242334898036
0.1310228447872507
0.1310215277661601
0.1310202806871022
0.1310191018766497
0.1310179897302886
0.1310169427144645
0.1310159593685261
0.1310150383058935
0.1310141782152693
0.1310133778613856
0.1310126360858065
0.1310119518068726
0.1310113240204981
0.1310107518000471
0.1310102342964277
0.1310097707382326
0.1310093604315768
0.1310090027598667
0.1310086971841968
0.1310084432426689
0.1310082405507475
0.1310080888007065
0.1310079877621916
0.1310079372812577
0.1310079372812577
0.1310079877621916
0.1310080888007065
0.1310082405507475
0.1310084432426689
0.1310086971841968
0.1310090027598667
0.1310093604315768
0.1310097707382326
0.1310102342964277
0.1310107518000471
0.1310113240204981
0.1310119518068726
0.1310126360858065
0.1310133778613856
0.1310141782152693
0.1310150383058935
0.1310159593685261
0.1310169427144645
0.1310179897302886
0.1310191018766497
0.1310202806871022
0.1310215277661601
0.1310228447872507
0.1310242334898036
0.1310256956759935
0.1310272332064194
0.1310288479953279
0.1310305420040860
0.1310323172341404
0.1310341757175462
0.1310361195066382
0.1310381506605214
0.1310402712293534
0.1310424832351244
0.1310447886482912
0.1310471893590247
0.1310496871426635
0.1310522836159989
0.1310549801830812
0.1310577779669517
0.1310606777217366
0.1310636797178455
0.1310667835893376
0.1310699881249167
0.1310732909734947
0.1310766882142033
0.1310801736986252
0.1310837379705859
0.1310873662544122
0.1310847736910010
0.1310810545618916
0.1310774010923834
0.1310738285907032
0.1310703469405772
0.1310669626057988
0.1310636797178455
0.1310605007503070
0.1310574269666503
0.1310544587318192
0.1310515957346190
0.1310488371526725
0.1310461817747883
0.1310436280962249
0.1310411743915962
0.1310388187728791
0.1310365592353729
0.1310343936946600
0.1310323200167628
0.1310303360421269
0.1310284396059327
0.1310266285541461
0.1310249007571259
0.1310232541204786
0.1310216865943400
0.1310201961807210
0.1310187809396225
0.1310174389940124
0.1310161685337822
0.1310149678194110
0.1310138351840245
0.1310127690359672
0.1310117678601718
0.1310108302193931
0.1310099547552440
0.1310091401888067
0.1310083853213039
0.1310076890341502
0.1310070502890780
0.1310064681284877
0.1310059416752879
0.1310054701327333
0.1310050527844083
0.1310046889940287
0.1310043782053241
0.1310041199418274
0.1310039138066997
0.1310037594828441
0.1310036567323304
0.1310036053966770
0.1310036053966770
0.1310036567323304
0.1310037594828441
0.1310039138066997
0.1310041199418274
0.1310043782053241
0.1310046889940287
0.1310050527844083
0.1310054701327333
0.1310059416752879
0.1310064681284877
0.1310070502890780
0.1310076890341502
0.1310083853213039
0.1310091401888067
0.1310099547552440
0.1310108302193931
0.1310117678601718
0.1310127690359672
0.1310138351840245
0.1310149678194110
0.1310161685337822
0.1310174389940124
0.1310187809396225
0.1310201961807210
0.1310216865943400
0.1310232541204786
0.1310249007571259
0.1310266285541461
0.1310284396059327
0.1310303360421269
0.1310323200167628
0.1310343936946600
0.1310365592353729
0.1310388187728791
0.1310411743915962
0.1310436280962249
0.1310461817747884
0.1310488371526725
0.1310515957346190
0.1310544587318192
0.1310574269666503
0.1310605007503070
0.1310636797178455
0.1310669626057988
0.1310703469405774
0.1310738285907032
0.1310774010923834
0.1310810545618916
0.1310847736910010
0.1310822563679243
0.1310784515017436
0.1310747137559803
0.1310710588883766
0.1310674971584932
0.1310640353223747
0.1310606777217366
0.1310574269666503
0.1310542843954248
0.1310512503975430
0.1310483246484391
0.1310455062826885
0.1310427940253857
0.1310401862926281
0.1310376812699279
0.1310352769737267
0.1310329713002140
0.1310307620644931
0.1310286470321769
0.1310266239450256
0.1310246905415870
0.1310228445741637
0.1310210838228036
0.1310194061066288
0.1310178092928907
0.1310162913047042
0.1310148501273306
0.1310134838126946
0.1310121904839849
0.1310109683383967
0.1310098156497855
0.1310087307708613
0.1310077121344891
0.1310067582548082
0.1310058677283777
0.1310050392341891
0.1310042715346930
0.1310035634754518
0.1310029139856047
0.1310023220775359
0.1310017868469769
0.1310013074728760
0.1310008832170352
0.1310005134238884
0.1310001975205845
0.1309999350163108
0.1309997255027494
0.1309995686531094
0.1309994642226059
0.1309994120481875
0.1309994120481875
0.1309994642226059
0.1309995686531094
0.1309997255027494
0.1309999350163108
0.1310001975205845
0.1310005134238885
0.1310008832170352
0.1310013074728760
0.1310017868469769
0.1310023220775359
0.1310029139856047
0.1310035634754518
0.1310042715346930
0.1310050392341891
0.1310058677283777
0.1310067582548082
0.1310077121344891
0.1310087307708613
0.1310098156497855
0.1310109683383967
0.1310121904839849
0.1310134838126946
0.1310148501273306
0.1310162913047042
0.1310178092928907
0.1310194061066288
0.1310210838228036
0.1310228445741637
0.1310246905415870
0.1310266239450256
0.1310286470321769
0.1310307620644931
0.1310329713002140
0.1310352769737267
0.1310376812699279
0.1310401862926281
0.1310427940253857
0.1310455062826885
0.1310483246484391
0.1310512503975430
0.1310542843954248
0.1310574269666503
0.1310606777217366
0.1310640353223747
0.1310674971584932
0.1310710588883766
0.1310747137559803
0.1310784515017436
0.1310822563679243
0.1310798156194870
0.1310759298437751
0.1310721124995913
0.1310683797259761
0.1310647421112302
0.1310612066771632
0.1310577779669517
0.1310544587318192
0.1310512503975430
0.1310481533968832
0.1310451674117994
0.1310422915552563
0.1310395245086099
0.1310368646283282
0.1310343100284082
0.1310318586458488
0.1310295082921702
0.1310272566951730
0.1310251015316651
0.1310230404549766
0.1310210711161625
0.1310191911823020
0.1310173983504294
0.1310156903595212
0.1310140649998991
0.1310125201211911
0.1310110536382263
0.1310096635364406
0.1310083478756357
0.1310071047934308
0.1310059325074218
0.1310048293172918
0.1310037936063167
0.1310028238423366
0.1310019185784694
0.1310010764538300
0.1310002961934078
0.1309995766086787
0.1309989165971082
0.1309983151423221
0.1309977713140242
0.1309972842676122
0.1309968532437970
0.1309964775686277
0.1309961566530945
0.1309958899928398
0.1309956771679387
0.1309955178427701
0.1309954117656014
0.1309953587690132
0.1309953587690132
0.1309954117656014
0.1309955178427701
0.1309956771679387
0.1309958899928398
0.1309961566530945
0.1309964775686277
0.1309968532437970
0.1309972842676122
0.1309977713140242
0.1309983151423221
0.1309989165971082
0.1309995766086787
0.1310002961934078
0.1310010764538300
0.1310019185784694
0.1310028238423366
0.1310037936063167
0.1310048293172918
0.1310059325074218
0.1310071047934308
0.1310083478756357
0.1310096635364406
0.1310110536382263
0.1310125201211911
0.1310140649998991
0.1310156903595212
0.1310173983504294
0.1310191911823020
0.1310210711161625
0.1310230404549766
0.1310251015316651
0.1310272566951730
0.1310295082921702
0.1310318586458488
0.1310343100284082
0.1310368646283282
0.1310395245086099
0.1310422915552563
0.1310451674117994
0.1310481533968832
0.1310512503975430
0.1310544587318192
0.1310577779669519
0.1310612066771632
0.1310647421112302
0.1310683797259761
0.1310721124995913
0.1310759298437752
0.1310798156194870
0.1310774522301659
0.1310734901053109
0.1310695975999754
0.1310657911785568
0.1310620817160318
0.1310584764736166
0.1310549801830812
0.1310515957346190
0.1310483246484391
0.1310451674117994
0.1310421237285153
0.1310391927061567
0.1310363729993164
0.1310336629212732
0.1310310605301827
0.1310285636981921
0.1310261701657742
0.1310238775852881
0.1310216835562423
0.1310195856533645
0.1310175814494909
0.1310156685343958
0.1310138445294434
0.1310121071000918
0.1310104539656399
0.1310088829074007
0.1310073917748104
0.1310059784908158
0.1310046410559418
0.1310033775515011
0.1310021861419206
0.1310010650768999
0.1310000126925297
0.1309990274126770
0.1309981077492335
0.1309972523029957
0.1309964597634248
0.1309957289090089
0.1309950586073480
0.1309944478143475
0.1309938955747713
0.1309934010211473
0.1309929633743838
0.1309925819425383
0.1309922561211058
0.1309919853925860
0.1309917693261485
0.1309916075773820
0.1309914998881619
0.1309914460865579
0.1309914460865579
0.1309914998881619
0.1309916075773820
0.1309917693261485
0.1309919853925860
0.1309922561211058
0.1309925819425383
0.1309929633743838
0.1309934010211473
0.1309938955747713
0.1309944478143475
0.1309950586073480
0.1309957289090089
0.1309964597634248
0.1309972523029957
0.1309981077492335
0.1309990274126770
0.1310000126925297
0.1310010650768999
0.1310021861419206
0.1310033775515011
0.1310046410559418
0.1310059784908158
0.1310073917748104
0.1310088829074007
0.1310104539656399
0.1310121071000918
0.1310138445294434
0.1310156685343958
0.1310175814494909
0.1310195856533645
0.1310216835562423
0.1310238775852881
0.1310261701657742
0.1310285636981921
0.1310310605301827
0.1310336629212732
0.1310363729993164
0.1310391927061567
0.1310421237285153
0.1310451674117994
0.1310483246484391
0.1310515957346190
0.1310549801830812
0.1310584764736166
0.1310620817160318
0.1310657911785568
0.1310695975999754
0.1310734901053109
0.1310774522301659
0.1310751665375905
0.1310711323711874
0.1310671689087770
0.1310632928935867
0.1310595154511823
0.1310558440568124
0.1310522836159989
0.1310488371526727
0.1310455062826885
0.1310422915552563
0.1310391927061567
0.1310362088501172
0.1310333386286836
0.1310305803255243
0.1310279319566956
0.1310253913423408
0.1310229561640017
0.1310206240101470
0.1310183924130937
0.1310162588787333
0.1310142209103877
0.1310122760283131
0.1310104217853697
0.1310086557800980
0.1310069756666161
0.1310053791630583
0.1310038640583117
0.1310024282173312
0.1310010695851652
0.1309997861902479
0.1309985761472092
0.1309974376584825
0.1309963690158267
0.1309953686011197
0.1309944348874671
0.1309935664390717
0.1309927619116766
0.1309920200525392
0.1309913397003128
0.1309907197847567
0.1309901593264921
0.1309896574367203
0.1309892133167182
0.1309888262576427
0.1309884956402546
0.1309882209343055
0.1309880016984130
0.1309878375799052
0.1309877283142847
0.1309876737255128
0.1309876737255128
0.1309877283142847
0.1309878375799052
0.1309880016984130
0.1309882209343055
0.1309884956402546
0.1309888262576427
0.1309892133167182
0.1309896574367203
0.1309901593264921
0.1309907197847567
0.1309913397003128
0.1309920200525392
0.1309927619116766
0.1309935664390717
0.1309944348874671
0.1309953686011197
0.1309963690158267
0.1309974376584825
0.1309985761472092
0.1309997861902479
0.1310010695851652
0.1310024282173312
0.1310038640583117
0.1310053791630583
0.1310069756666161
0.1310086557800980
0.1310104217853697
0.1310122760283131
0.1310142209103877
0.1310162588787332
0.1310183924130938
0.1310206240101470
0.1310229561640017
0.1310253913423408
0.1310279319566956
0.1310305803255243
0.1310333386286836
0.1310362088501172
0.1310391927061567
0.1310422915552563
0.1310455062826885
0.1310488371526727
0.1310522836159989
0.1310558440568124
0.1310595154511823
0.1310632928935867
0.1310671689087770
0.1310711323711874
0.1310751665375905
0.1310729585155133
0.1310688563763466
0.1310648259370712
0.1310608841810758
0.1310570424530163
0.1310533084187659
0.1310496871426635
0.1310461817747883
0.1310427940253857
0.1310395245086099
0.1310363729993164
0.1310333386286836
0.1310304200357819
0.1310276154857758
0.1310249229641156
0.1310223402503657
0.1310198649779356
0.1310174946816544
0.1310152268363600
0.1310130588879360
0.1310109882782265
0.1310090124658275
0.1310071289419414
0.1310053352443132
0.1310036289676038
0.1310020077722326
0.1310004693911707
0.1309990116355354
0.1309976323988754
0.1309963296604995
0.1309951014882042
0.1309939460401972
0.1309928615663905
0.1309918464092870
0.1309908990050986
0.1309900178835704
0.1309892016684525
0.1309884490773695
0.1309877589213692
0.1309871301054034
0.1309865616271521
0.1309860525771744
0.1309856021384381
0.1309852095857447
0.1309848742856132
0.1309845956957559
0.1309843733647230
0.1309842069317547
0.1309840961266855
0.1309840407691386
0.1309840407691386
0.1309840961266855
0.1309842069317547
0.1309843733647230
0.1309845956957559
0.1309848742856132
0.1309852095857447
0.1309856021384381
0.1309860525771744
0.1309865616271521
0.1309871301054034
0.1309877589213692
0.1309884490773695
0.1309892016684525
0.1309900178835704
0.1309908990050966
0.1309918464092870
0.1309928615663905
0.1309939460401972
0.1309951014882042
0.1309963296604995
0.1309976323988754
0.1309990116355354
0.1310004693911707
0.1310020077722326
0.1310036289676038
0.1310053352443132
0.1310071289419414
0.1310090124658275
0.1310109882782265
0.1310130588879360
0.1310152268363600
0.1310174946816544
0.1310198649779356
0.1310223402503657
0.1310249229641156
0.1310276154857758
0.1310304200357819
0.1310333386286836
0.1310363729993164
0.1310395245086099
0.1310427940253857
0.1310461817747883
0.1310496871426635
0.1310533084187659
0.1310570424530163
0.1310608841810758
0.1310648259370712
0.1310688563763466
0.1310729585155133
0.1310708278408187
0.1310666615728753
0.1310625679235338
0.1310585640840848
0.1310546615909862
0.1310508682797518
0.1310471893590247
0.1310436280962249
0.1310401862926281
0.1310368646283282
0.1310336629212732
0.1310305803255243
0.1310276154857758
0.1310247666581477
0.1310220318067343
0.1310194086801361
0.1310168948733028
0.1310144878764738
0.1310121851157290
0.1310099839851593
0.1310078818729297
0.1310058761828177
0.1310039643510126
0.1310021438607778
0.1310004122525464
0.1309987671342112
0.1309972061874330
0.1309957271736522
0.1309943279388991
0.1309930064167263
0.1309917606315143
0.1309905886999034
0.1309894888326258
0.1309884593354899
0.1309874986097289
0.1309866051526595
0.1309857775577330
0.1309850145145310
0.1309843148082786
0.1309836773198813
0.1309831010256048
0.1309825849962301
0.1309821283973014
0.1309817304880667
0.1309813906215420
0.1309811082439218
0.1309808828940688
0.1309807142037662
0.1309806018968102
0.1309805457893009
0.1309805457893009
0.1309806018968102
0.1309807142037662
0.1309808828940688
0.1309811082439218
0.1309813906215420
0.1309817304880667
0.1309821283973014
0.1309825849962301
0.1309831010256048
0.1309836773198813
0.1309843148082786
0.1309850145145310
0.1309857775577330
0.1309866051526595
0.1309874986097289
0.1309884593354899
0.1309894888326258
0.1309905886999034
0.1309917606315142
0.1309930064167263
0.1309943279388991
0.1309957271736522
0.1309972061874330
0.1309987671342107
0.1310004122525464
0.1310021438607778
0.1310039643510126
0.1310058761828177
0.1310078818729297
0.1310099839851593
0.1310121851157297
0.1310144878764738
0.1310168948733028
0.1310194086801361
0.1310220318067343
0.1310247666581477
0.1310276154857758
0.1310305803255243
0.1310336629212732
0.1310368646283282
0.1310401862926281
0.1310436280962249
0.1310471893590247
0.1310508682797518
0.1310546615909862
0.1310585640840848
0.1310625679235338
0.1310666615728753
0.1310708278408187
0.1310687739490008
0.1310645471845673
0.1310603938895863
0.1310563314357217
0.1310523715278186
0.1310485221522559
0.1310447886482912
0.1310411743915962
0.1310376812699279
0.1310343100284082
0.1310310605301827
0.1310279319566956
0.1310249229641156
0.1310220318067343
0.1310192564351574
0.1310165945753344
0.1310140437916804
0.1310116015381441
0.1310092651997813
0.1310070321263196
0.1310048996592361
0.1310028651543096
0.1310009259988242
0.1309990796268976
0.1309973235305567
0.1309956552696817
0.1309940724791660
0.1309925728751037
0.1309911542595308
0.1309898145238908
0.1309885516519577
0.1309873637220192
0.1309862489082369
0.1309852054816437
0.1309842318112008
0.1309833263635894
0.1309824877037214
0.1309817144946887
0.1309810054972471
0.1309803595698268
0.1309797756682040
0.1309792528445879
0.1309787902477700
0.1309783871223819
0.1309780428085953
0.1309777567415870
0.1309775284511450
0.1309773575616991
0.1309772437916724
0.1309771869535730
0.1309771869535729
0.1309772437916724
0.1309773575616991
0.1309775284511450
0.1309777567415870
0.1309780428085953
0.1309783871223819
0.1309787902477700
0.1309792528445879
0.1309797756682040
0.1309803595698268
0.1309810054972471
0.1309817144946887
0.1309824877037214
0.1309833263635893
0.1309842318112008
0.1309852054816437
0.1309862489082369
0.1309873637220192
0.1309885516519577
0.1309898145238908
0.1309911542595308
0.1309925728751037
0.1309940724791660
0.1309956552696817
0.1309973235305567
0.1309990796268976
0.1310009259988242
0.1310028651543096
0.1310048996592361
0.1310070321263196
0.1310092651997813
0.1310116015381441
0.1310140437916804
0.1310165945753344
0.1310192564351574
0.1310220318067343
0.1310249229641156
0.1310279319566956
0.1310310605301827
0.1310343100284082
0.1310376812699279
0.1310411743915962
0.1310447886482912
0.1310485221522559
0.1310523715278186
0.1310563314357217
0.1310603938895863
0.1310645471845673
0.1310687739490008
0.1310667960800389
0.1310625122524368
0.1310583026845317
0.1310541849052565
0.1310501707674429
0.1310462683918388
0.1310424832351244
0.1310388187728791
0.1310352769737267
0.1310318586458488
0.1310285636981921
0.1310253913423408
0.1310223402503657
0.1310194086801361
0.1310165945753343
0.1310138956458359
0.1310113094326318
0.1310088333602921
0.1310064647799523
0.1310042010035715
0.1310020393325592
0.1309999770802521
0.1309980115912678
0.1309961402557986
0.1309943605223492
0.1309926699076168
0.1309910660038858
0.1309895464858154
0.1309881091151285
0.1309867517444951
0.1309854723201742
0.1309842688849646
0.1309831395788537
0.1309820826408855
0.1309810964093640
0.1309801793224079
0.1309793299183143
0.1309785468352119
0.1309778288108080
0.1309771746824273
0.1309765833862240
0.1309760539571540
0.1309755855282750
0.1309751773300395
0.1309748286905469
0.1309745390345789
0.1309743078834704
0.1309741348544579
0.1309740196609778
0.1309739621119479
0.1309739621119479
0.1309740196609778
0.1309741348544579
0.1309743078834704
0.1309745390345789
0.1309748286905469
0.1309751773300395
0.1309755855282750
0.1309760539571540
0.1309765833862240
0.1309771746824273
0.1309778288108080
0.1309785468352119
0.1309793299183143
0.1309801793224079
0.1309810964093640
0.1309820826408855
0.1309831395788537
0.1309842688849646
0.1309854723201742
0.1309867517444951
0.1309881091151285
0.1309895464858154
0.1309910660038858
0.1309926699076168
0.1309943605223492
0.1309961402557986
0.1309980115912678
0.1309999770802521
0.1310020393325592
0.1310042010035715
0.1310064647799523
0.1310088333602921
0.1310113094326318
0.1310138956458358
0.1310165945753344
0.1310194086801361
0.1310223402503657
0.1310253913423408
0.1310285636981921
0.1310318586458488
0.1310352769737267
0.1310388187728791
0.1310424832351244
0.1310462683918388
0.1310501707674429
0.1310541849052565
0.1310583026845317
0.1310625122524368
0.1310667960800389
0.1310648933168070
0.1310605556723096
0.1310562930234871
0.1310521230364472
0.1310480576946265
0.1310441052380231
0.1310402712293534
0.1310365592353729
0.1310329713002140
0.1310295082921702
0.1310261701657742
0.1310229561640017
0.1310198649779355
0.1310168948733028
0.1310140437916804
0.1310113094326318
0.1310086893196072
0.1310061808539909
0.1310037813587960
0.1310014881145339
0.1309992983879205
0.1309972094560354
0.1309952186253416
0.1309933232475228
0.1309915207322318
0.1309898085569658
0.1309881842759771
0.1309866455259961
0.1309851900319238
0.1309838156108879
0.1309825201749087
0.1309813017334853
0.1309801583953395
0.1309790883695327
0.1309780899660359
0.1309771615964169
0.1309763017737518
0.1309755091129334
0.1309747823302218
0.1309741202427291
0.1309735217687050
0.1309729859263154
0.1309725118337494
0.1309720987086040
0.1309717458672898
0.1309714527247327
0.1309712187941507
0.1309710436862729
0.1309709271095745
0.1309708688697439
0.1309708688697439
0.1309709271095745
0.1309710436862729
0.1309712187941507
0.1309714527247327
0.1309717458672898
0.1309720987086040
0.1309725118337494
0.1309729859263154
0.1309735217687045
0.1309741202427291
0.1309747823302218
0.1309755091129334
0.1309763017737518
0.1309771615964170
0.1309780899660359
0.1309790883695327
0.1309801583953395
0.1309813017334853
0.1309825201749087
0.1309838156108879
0.1309851900319238
0.1309866455259961
0.1309881842759771
0.1309898085569658
0.1309915207322318
0.1309933232475228
0.1309952186253416
0.1309972094560354
0.1309992983879205
0.1310014881145339
0.1310037813587960
0.1310061808539909
0.1310086893196072
0.1310113094326318
0.1310140437916804
0.1310168948733028
0.1310198649779355
0.1310229561640017
0.1310261701657742
0.1310295082921702
0.1310329713002140
0.1310365592353729
0.1310402712293534
0.1310441052380231
0.1310480576946265
0.1310521230364472
0.1310562930234871
0.1310605556723096
0.1310648933168070
0.1310630646173089
0.1310586762268494
0.1310543635187314
0.1310501442792091
0.1310460306066932
0.1310420308477663
0.1310381506605214
0.1310343936946600
0.1310307620644931
0.1310272566951727
0.1310238775852887
0.1310206240101470
0.1310174946816532
0.1310144878764738
0.1310116015381441
0.1310088333602921
0.1310061808539909
0.1310036414024561
0.1310012123060996
0.1309988908188701
0.1309966741782547
0.1309945596298677
0.1309925444470406
0.1309906259475601
0.1309888015062748
0.1309870685660680
0.1309854246463424
0.1309838673498420
0.1309823943681168
0.1309810034854872
0.1309796925826043
0.1309784596385942
0.1309773027332994
0.1309762200476851
0.1309752098657838
0.1309742705741667
0.1309734006627050
0.1309725987244879
0.1309718634555158
0.1309711936543513
0.1309705882219867
0.1309700461612175
0.1309695665761954
0.1309691486721826
0.1309687917547766
0.1309684952295811
0.1309682586020549
0.1309680814769598
0.1309679635579467
0.1309679046478154
0.1309679046478154
0.1309679635579467
0.1309680814769598
0.1309682586020549
0.1309684952295811
0.1309687917547766
0.1309691486721826
0.1309695665761954
0.1309700461612175
0.1309705882219867
0.1309711936543513
0.1309718634555158
0.1309725987244879
0.1309734006627050
0.1309742705741667
0.1309752098657838
0.1309762200476851
0.1309773027332994
0.1309784596385942
0.1309796925826043
0.1309810034854872
0.1309823943681168
0.1309838673498420
0.1309854246463424
0.1309870685660680
0.1309888015062748
0.1309906259475601
0.1309925444470406
0.1309945596298677
0.1309966741782547
0.1309988908188701
0.1310012123060996
0.1310036414024561
0.1310061808539909
0.1310088333602921
0.1310116015381441
0.1310144878764738
0.1310174946816532
0.1310206240101470
0.1310238775852887
0.1310272566951727
0.1310307620644931
0.1310343936946600
0.1310381506605214
0.1310420308477663
0.1310460306066932
0.1310501442792091
0.1310543635187314
0.1310586762268494
0.1310630646173089
0.1310613088422597
0.1310568726121355
0.1310525127058775
0.1310482470152113
0.1310440877404416
0.1310400433229725
0.1310361195066382
0.1310323200167628
0.1310286470321770
0.1310251015316651
0.1310216835562423
0.1310183924130937
0.1310152268363600
0.1310121851157290
0.1310092651997813
0.1310064647799523
0.1310037813587960
0.1310012123060996
0.1309987549039316
0.1309964063844438
0.1309941639605076
0.1309920248506161
0.1309899862996828
0.1309880455952636
0.1309862000817859
0.1309844471711023
0.1309827843515623
0.1309812091951342
0.1309797193629859
0.1309783126099624
0.1309769867877731
0.1309757398477876
0.1309745698429602
0.1309734749290761
0.1309724533654507
0.1309715035158734
0.1309706238485643
0.1309698129363020
0.1309690694560834
0.1309683921892775
0.1309677800207905
0.1309672319388943
0.1309667470347675
0.1309663245018457
0.1309659636355320
0.1309656638330416
0.1309654245923415
0.1309652455124245
0.1309651262926290
0.1309650667327687
0.1309650667327687
0.1309651262926290
0.1309652455124245
0.1309654245923415
0.1309656638330416
0.1309659636355320
0.1309663245018457
0.1309667470347675
0.1309672319388943
0.1309677800207905
0.1309683921892775
0.1309690694560834
0.1309698129363020
0.1309706238485643
0.1309715035158734
0.1309724533654507
0.1309734749290761
0.1309745698429602
0.1309757398477876
0.1309769867877731
0.1309783126099624
0.1309797193629859
0.1309812091951342
0.1309827843515623
0.1309844471711023
0.1309862000817859
0.1309880455952636
0.1309899862996828
0.1309920248506161
0.1309941639605076
0.1309964063844438
0.1309987549039316
0.1310012123060996
0.1310037813587960
0.1310064647799523
0.1310092651997813
0.1310121851157290
0.1310152268363600
0.1310183924130937
0.1310216835562423
0.1310251015316651
0.1310286470321770
0.1310323200167628
0.1310361195066382
0.1310400433229725
0.1310440877404416
0.1310482470152113
0.1310525127058775
0.1310568726121355
0.1310613088422597
0.1310596247784822
0.1310551434603170
0.1310507390663063
0.1310464295808490
0.1310422272944206
0.1310381407329528
0.1310341757175463
0.1310303360421269
0.1310266239450257
0.1310230404549766
0.1310195856533645
0.1310162588787332
0.1310130588879360
0.1310099839851593
0.1310070321263196
0.1310042010035724
0.1310014881145339
0.1309988908188701
0.1309964063844438
0.1309940320257229
0.1309917649348038
0.1309896023073385
0.1309875413631740
0.1309855793640706
0.1309837136273098
0.1309819415373164
0.1309802605547950
0.1309786682240301
0.1309771621787848
0.1309757401469397
0.1309743999541154
0.1309731395263000
0.1309719568917728
0.1309708501828540
0.1309698176365693
0.1309688575953985
0.1309679685073916
0.1309671489266035
0.1309663975126158
0.1309657130303569
0.1309650943499154
0.1309645404460946
0.1309640503976650
0.1309636233873114
0.1309632587009381
0.1309629557274842
0.1309627139581790
0.1309625329865325
0.1309624125078813
0.1309623523192845
0.1309623523192845
0.1309624125078813
0.1309625329865325
0.1309627139581790
0.1309629557274842
0.1309632587009381
0.1309636233873114
0.1309640503976650
0.1309645404460946
0.1309650943499154
0.1309657130303569
0.1309663975126159
0.1309671489266035
0.1309679685073916
0.1309688575953985
0.1309698176365692
0.1309708501828540
0.1309719568917728
0.1309731395263000
0.1309743999541154
0.1309757401469397
0.1309771621787848
0.1309786682240301
0.1309802605547950
0.1309819415373167
0.1309837136273098
0.1309855793640706
0.1309875413631740
0.1309896023073385
0.1309917649348038
0.1309940320257229
0.1309964063844438
0.1309988908188701
0.1310014881145339
0.1310042010035724
0.1310070321263196
0.1310099839851593
0.1310130588879360
0.1310162588787332
0.1310195856533645
0.1310230404549766
0.1310266239450256
0.1310303360421269
0.1310341757175463
0.1310381407329528
0.1310422272944206
0.1310464295808490
0.1310507390663063
0.1310551434603170
0.1310596247784822
0.1310580111580340
0.1310534873587682
0.1310490410458220
0.1310446902851439
0.1310404474471582
0.1310363211332437
0.1310323172341404
0.1310284396059328
0.1310246905415870
0.1310210711161625
0.1310175814494909
0.1310142209103877
0.1310109882782265
0.1310078818729296
0.1310048996592360
0.1310020393325592
0.1309992983879205
0.1309966741782547
0.1309941639605076
0.1309917649348027
0.1309894742761779
0.1309872891606558
0.1309852067869927
0.1309832243943070
0.1309813392761918
0.1309795487927312
0.1309778503800619
0.1309762415576486
0.1309747199346668
0.1309732832147980
0.1309719291996938
0.1309706557922186
0.1309694609984463
0.1309683429288823
0.1309672998001022
0.1309663299349581
0.1309654317630606
0.1309646038209554
0.1309638447520228
0.1309631533061927
0.1309625283395681
0.1309619688143502
0.1309614737978968
0.1309610424628068
0.1309606740861309
0.1309603680489572
0.1309601238364625
0.1309599410367645
0.1309598193415419
0.1309597585453286
0.1309597585453286
0.1309598193415419
0.1309599410367645
0.1309601238364625
0.1309603680489572
0.1309606740861309
0.1309610424628068
0.1309614737978966
0.1309619688143502
0.1309625283395681
0.1309631533061927
0.1309638447520228
0.1309646038209554
0.1309654317630606
0.1309663299349581
0.1309672998001022
0.1309683429288823
0.1309694609984463
0.1309706557922186
0.1309719291996938
0.1309732832147980
0.1309747199346668
0.1309762415576486
0.1309778503800619
0.1309795487927312
0.1309813392761918
0.1309832243943070
0.1309852067869927
0.1309872891606558
0.1309894742761779
0.1309917649348038
0.1309941639605076
0.1309966741782547
0.1309992983879205
0.1310020393325591
0.1310048996592360
0.1310078818729296
0.1310109882782265
0.1310142209103877
0.1310175814494909
0.1310210711161625
0.1310246905415870
0.1310284396059328
0.1310323172341404
0.1310363211332437
0.1310404474471582
0.1310446902851439
0.1310490410458220
0.1310534873587682
0.1310580111580340
0.1310564666758623
0.1310519028668600
0.1310474170706888
0.1310430274255627
0.1310387463727444
0.1310345825812605
0.1310305420040860
0.1310266285541461
0.1310228445741637
0.1310191911823020
0.1310156685343959
0.1310122760283131
0.1310090124658274
0.1310058761828177
0.1310028651543096
0.1309999770802521
0.1309972094560354
0.1309945596298677
0.1309920248506161
0.1309896023073385
0.1309872891606558
0.1309850825704755
0.1309829797174465
0.1309809778211029
0.1309790741542517
0.1309772660559347
0.1309755509401651
0.1309739263043378
0.1309723897357328
0.1309709389160028
0.1309695716252973
0.1309682857455744
0.1309670792623673
0.1309659502665735
0.1309648969558908
0.1309639176351167
0.1309630107168738
0.1309621747215126
0.1309614082776079
0.1309607101210192
0.1309600790950044
0.1309595141499339
0.1309590143427428
0.1309585788365536
0.1309582069000225
0.1309578979072243
0.1309576513372490
0.1309574667737169
0.1309573439046062
0.1309572825219992
0.1309572825219992
0.1309573439046062
0.1309574667737169
0.1309576513372490
0.1309578979072243
0.1309582069000225
0.1309585788365536
0.1309590143427428
0.1309595141499339
0.1309600790950044
0.1309607101210192
0.1309614082776079
0.1309621747215126
0.1309630107168738
0.1309639176351167
0.1309648969558908
0.1309659502665735
0.1309670792623673
0.1309682857455744
0.1309695716252973
0.1309709389160028
0.1309723897357328
0.1309739263043378
0.1309755509401651
0.1309772660559347
0.1309790741542517
0.1309809778211029
0.1309829797174465
0.1309850825704755
0.1309872891606558
0.1309896023073385
0.1309920248506161
0.1309945596298677
0.1309972094560354
0.1309999770802521
0.1310028651543096
0.1310058761828177
0.1310090124658274
0.1310122760283131
0.1310156685343959
0.1310191911823020
0.1310228445741637
0.1310266285541461
0.1310305420040860
0.1310345825812605
0.1310387463727444
0.1310430274255627
0.1310474170706888
0.1310519028668600
0.1310564666758623
0.1310549900040084
0.1310503885292691
0.1310458655610718
0.1310414393012831
0.1310371222541434
0.1310329231490056
0.1310288479953279
0.1310249007571259
0.1310210838228036
0.1310173983504294
0.1310138445294434
0.1310104217853697
0.1310071289419413
0.1310039643510126
0.1310009259988242
0.1309980115912678
0.1309952186253416
0.1309925444470406
0.1309899862996828
0.1309875413631740
0.1309852067869927
0.1309829797174465
0.1309808573198469
0.1309788367967020
0.1309769154033230
0.1309750904595536
0.1309733593604003
0.1309717195836242
0.1309701686966306
0.1309687043615849
0.1309673243393325
0.1309660264925882
0.1309648087884085
0.1309636692997837
0.1309626062072080
0.1309616177988929
0.1309607024717965
0.1309598587317633
0.1309590851932232
0.1309583805792412
0.1309577437211663
0.1309571735586235
0.1309566691385744
0.1309562296153848
0.1309558542501209
0.1309555424101122
0.1309552935691128
0.1309551073061487
0.1309549833058807
0.1309549213583015
0.1309549213583015
0.1309549833058807
0.1309551073061487
0.1309552935691129
0.1309555424101122
0.1309558542501209
0.1309562296153848
0.1309566691385744
0.1309571735586235
0.1309577437211663
0.1309583805792412
0.1309590851932232
0.1309598587317633
0.1309607024717965
0.1309616177988929
0.1309626062072080
0.1309636692997837
0.1309648087884085
0.1309660264925881
0.1309673243393325
0.1309687043615849
0.1309701686966306
0.1309717195836242
0.1309733593604003
0.1309750904595536
0.1309769154033230
0.1309788367967020
0.1309808573198469
0.1309829797174465
0.1309852067869927
0.1309875413631740
0.1309899862996828
0.1309925444470406
0.1309952186253416
0.1309980115912678
0.1310009259988242
0.1310039643510126
0.1310071289419413
0.1310104217853697
0.1310138445294434
0.1310173983504294
0.1310210838228036
0.1310249007571259
0.1310288479953279
0.1310329231490056
0.1310371222541434
0.1310414393012831
0.1310458655610718
0.1310503885292691
0.1310549900040084
0.1310535798038662
0.1310489428884253
0.1310443849425151
0.1310399242240362
0.1310355732934489
0.1310313409343098
0.1310272332064194
0.1310232541204786
0.1310194061066288
0.1310156903595212
0.1310121071000918
0.1310086557800980
0.1310053352443132
0.1310021438607778
0.1309990796268975
0.1309961402557986
0.1309933232475228
0.1309906259475601
0.1309880455952636
0.1309855793640702
0.1309832243943070
0.1309809778211029
0.1309788367967021
0.1309767985096060
0.1309748601992288
0.1309730191693725
0.1309712727979294
0.1309696185453521
0.1309680539615666
0.1309665766910902
0.1309651844772619
0.1309638751656879
0.1309626467067332
0.1309614971569734
0.1309604246811714
0.1309594275527026
0.1309585041539592
0.1309576529773362
0.1309568726244270
0.1309561618064470
0.1309555193439620
0.1309549441663867
0.1309544353117092
0.1309539919260761
0.1309536132634573
0.1309532986851470
0.1309530476595553
0.1309528597617830
0.1309527346733750
0.1309526721822004
0.1309526721822004
0.1309527346733750
0.1309528597617830
0.1309530476595553
0.1309532986851470
0.1309536132634573
0.1309539919260761
0.1309544353117092
0.1309549441663867
0.1309555193439620
0.1309561618064470
0.1309568726244270
0.1309576529773362
0.1309585041539592
0.1309594275527026
0.1309604246811714
0.1309614971569734
0.1309626467067332
0.1309638751656879
0.1309651844772619
0.1309665766910902
0.1309680539615666
0.1309696185453521
0.1309712727979294
0.1309730191693725
0.1309748601992288
0.1309767985096060
0.1309788367967021
0.1309809778211029
0.1309832243943070
0.1309855793640706
0.1309880455952636
0.1309906259475601
0.1309933232475228
0.1309961402557986
0.1309990796268975
0.1310021438607778
0.1310053352443132
0.1310086557800980
0.1310121071000918
0.1310156903595212
0.1310194061066288
0.1310232541204786
0.1310272332064194
0.1310313409343098
0.1310355732934489
0.1310399242240362
0.1310443849425151
0.1310489428884253
0.1310535798038662
0.1310522347371484
0.1310475644946163
0.1310429736556985
0.1310384805278673
0.1310340977218649
0.1310298340693837
0.1310256956759932
0.1310216865943400
0.1310178092928907
0.1310140649998991
0.1310104539656399
0.1310069756666161
0.1310036289676038
0.1310004122525464
0.1309973235305564
0.1309943605223492
0.1309915207322318
0.1309888015062746
0.1309862000817859
0.1309837136273098
0.1309813392761918
0.1309790741542516
0.1309769154033230
0.1309748601992288
0.1309729057684325
0.1309710494003279
0.1309692884580996
0.1309676203867985
0.1309660427207621
0.1309645530888999
0.1309631492188899
0.1309618289409641
0.1309605901901330
0.1309594310084924
0.1309583495463872
0.1309573440634088
0.1309564129290255
0.1309555546230418
0.1309547677355246
0.1309540509668352
0.1309534031273132
0.1309528231371611
0.1309523100260401
0.1309518629324868
0.1309514811040131
0.1309511638962697
0.1309509107728570
0.1309507213050057
0.1309505951715033
0.1309505321582407
0.1309505321582407
0.1309505951715033
0.1309507213050057
0.1309509107728570
0.1309511638962697
0.1309514811040131
0.1309518629324868
0.1309523100260401
0.1309528231371611
0.1309534031273132
0.1309540509668352
0.1309547677355246
0.1309555546230418
0.1309564129290255
0.1309573440634088
0.1309583495463872
0.1309594310084924
0.1309605901901330
0.1309618289409641
0.1309631492188899
0.1309645530888999
0.1309660427207621
0.1309676203867985
0.1309692884580996
0.1309710494003279
0.1309729057684325
0.1309748601992288
0.1309769154033230
0.1309790741542516
0.1309813392761918
0.1309837136273098
0.1309862000817859
0.1309888015062748
0.1309915207322318
0.1309943605223492
0.1309973235305564
0.1310004122525464
0.1310036289676038
0.1310069756666161
0.1310104539656399
0.1310140649998991
0.1310178092928907
0.1310216865943400
0.1310256956759932
0.1310298340693837
0.1310340977218649
0.1310384805278673
0.1310429736556985
0.1310475644946163
0.1310522347371484
0.1310509534745182
0.1310462519144673
0.1310416301647996
0.1310371065771881
0.1310326938067823
0.1310284007287609
0.1310242334898036
0.1310201961807210
0.1310162913047042
0.1310125201211911
0.1310088829074007
0.1310053791630583
0.1310020077722326
0.1309987671342107
0.1309956552696816
0.1309926699076168
0.1309898085569658
0.1309870685660680
0.1309844471711023
0.1309819415373165
0.1309795487927312
0.1309772660559347
0.1309750904595536
0.1309730191693725
0.1309710494003279
0.1309691784297069
0.1309674036074381
0.1309657223654405
0.1309641322240688
0.1309626307983561
0.1309612158020481
0.1309598850514965
0.1309586364681411
0.1309574680807342
0.1309563780264870
0.1309553645527747
0.1309544260170601
0.1309535608878781
0.1309527677445489
0.1309520452775112
0.1309513922877970
0.1309508076871992
0.1309502904975740
0.1309498398507029
0.1309494549878487
0.1309491352594707
0.1309488801248283
0.1309486891516632
0.1309485620160552
0.1309484985021730
0.1309484985021730
0.1309485620160550
0.1309486891516632
0.1309488801248283
0.1309491352594707
0.1309494549878487
0.1309498398507029
0.1309502904975741
0.1309508076871992
0.1309513922877970
0.1309520452775112
0.1309527677445489
0.1309535608878781
0.1309544260170601
0.1309553645527746
0.1309563780264870
0.1309574680807342
0.1309586364681411
0.1309598850514965
0.1309612158020481
0.1309626307983561
0.1309641322240688
0.1309657223654405
0.1309674036074381
0.1309691784297069
0.1309710494003279
0.1309730191693725
0.1309750904595536
0.1309772660559347
0.1309795487927312
0.1309819415373165
0.1309844471711023
0.1309870685660680
0.1309898085569658
0.1309926699076168
0.1309956552696816
0.1309987671342107
0.1310020077722326
0.1310053791630583
0.1310088829074007
0.1310125201211911
0.1310162913047042
0.1310201961807210
0.1310242334898036
0.1310284007287609
0.1310326938067823
0.1310371065771881
0.1310416301647996
0.1310462519144673
0.1310509534745182
0.1310497347041908
0.1310450037384842
0.1310403529644275
0.1310358007728226
0.1310313598583729
0.1310270391352888
0.1310228447872507
0.1310187809396225
0.1310148501273306
0.1310110536382257
0.1310073917748104
0.1310038640583117
0.1310004693911707
0.1309972061874330
0.1309940724791660
0.1309910660038858
0.1309881842759771
0.1309854246463424
0.1309827843515623
0.1309802605547950
0.1309778503800619
0.1309755509401651
0.1309733593604003
0.1309712727979294
0.1309692884580997
0.1309674036074381
0.1309656155849063
0.1309639218103147
0.1309623197921845
0.1309608071329809
0.1309593815342087
0.1309580407996076
0.1309567828385498
0.1309556056676340
0.1309545074126514
0.1309534863093836
0.1309525407046936
0.1309516690567121
0.1309508699349921
0.1309501420209787
0.1309494841071693
0.1309488950975464
0.1309483740069065
0.1309479199607148
0.1309475321946510
0.1309472100543512
0.1309469529950033
0.1309467605811963
0.1309466324865244
0.1309465684935155
0.1309465684935155
0.1309466324865244
0.1309467605811963
0.1309469529950033
0.1309472100543512
0.1309475321946511
0.1309479199607148
0.1309483740069065
0.1309488950975464
0.1309494841071693
0.1309501420209787
0.1309508699349921
0.1309516690567121
0.1309525407046936
0.1309534863093836
0.1309545074126514
0.1309556056676340
0.1309567828385498
0.1309580407996076
0.1309593815342087
0.1309608071329809
0.1309623197921845
0.1309639218103147
0.1309656155849063
0.1309674036074381
0.1309692884580996
0.1309712727979294
0.1309733593604003
0.1309755509401651
0.1309778503800619
0.1309802605547950
0.1309827843515623
0.1309854246463424
0.1309881842759771
0.1309910660038858
0.1309940724791660
0.1309972061874330
0.1310004693911707
0.1310038640583117
0.1310073917748104
0.1310110536382257
0.1310148501273306
0.1310187809396225
0.1310228447872507
0.1310270391352888
0.1310313598583729
0.1310358007728226
0.1310403529644275
0.1310450037384842
0.1310497347041908
0.1310485771379012
0.1310438185875024
0.1310391405859637
0.1310345615584551
0.1310300942353595
0.1310257475655186
0.1310215277661601
0.1310174389940124
0.1310134838126946
0.1310096635364406
0.1310059784908158
0.1310024282173313
0.1309990116355354
0.1309957271736522
0.1309925728751037
0.1309895464858154
0.1309866455259961
0.1309838673498420
0.1309812091951342
0.1309786682240301
0.1309762415576486
0.1309739263043378
0.1309717195836242
0.1309696185453521
0.1309676203867985
0.1309657223654405
0.1309639218103147
0.1309622161312467
0.1309606028258099
0.1309590794858271
0.1309576438015463
0.1309562935659443
0.1309550266771525
0.1309538411410812
0.1309527350730245
0.1309517066985950
0.1309507543546815
0.1309498764902792
0.1309490716660431
0.1309483385549592
0.1309476759419306
0.1309470827239094
0.1309465579090766
0.1309461006170330
0.1309457100785743
0.1309453856346523
0.1309451267368989
0.1309449329469498
0.1309448039361056
0.1309447394853673
0.1309447394853673
0.1309448039361056
0.1309449329469498
0.1309451267368989
0.1309453856346523
0.1309457100785743
0.1309461006170330
0.1309465579090766
0.1309470827239095
0.1309476759419306
0.1309483385549592
0.1309490716660431
0.1309498764902792
0.1309507543546815
0.1309517066985950
0.1309527350730245
0.1309538411410812
0.1309550266771525
0.1309562935659443
0.1309576438015463
0.1309590794858271
0.1309606028258099
0.1309622161312467
0.1309639218103147
0.1309657223654405
0.1309676203867985
0.1309696185453521
0.1309717195836242
0.1309739263043378
0.1309762415576486
0.1309786682240301
0.1309812091951342
0.1309838673498420
0.1309866455259961
0.1309895464858154
0.1309925728751037
0.1309957271736522
0.1309990116355354
0.1310024282173312
0.1310059784908158
0.1310096635364406
0.1310134838126946
0.1310174389940124
0.1310215277661601
0.1310257475655186
0.1310300942353595
0.1310345615584551
0.1310391405859637
0.1310438185875024
0.1310485771379012
0.1310474795170663
0.1310426951181366
0.1310379916022048
0.1310333874251300
0.1310288953489577
0.1310245243538456
0.1310202806871022
0.1310161685337822
0.1310121904839849
0.1310083478756357
0.1310046410559418
0.1310010695851652
0.1309976323988754
0.1309943279388992
0.1309911542595309
0.1309881091151285
0.1309851900319238
0.1309823943681168
0.1309797193629859
0.1309771621787848
0.1309747199346669
0.1309723897357327
0.1309701686966306
0.1309680539615666
0.1309660427207622
0.1309641322240689
0.1309623197921828
0.1309606028258100
0.1309589788134573
0.1309574453371598
0.1309560000775309
0.1309546408175951
0.1309533654457862
0.1309521719583648
0.1309510584610011
0.1309500231703881
0.1309490644145490
0.1309481806336701
0.1309473703807264
0.1309466323210781
0.1309459652324986
0.1309453680054065
0.1309448396422375
0.1309443792572934
0.1309439860764017
0.1309436594369014
0.1309433987867544
0.1309432036847860
0.1309430738004863
0.1309430089133671
0.1309430089133671
0.1309430738004863
0.1309432036847860
0.1309433987867544
0.1309436594369014
0.1309439860764017
0.1309443792572934
0.1309448396422375
0.1309453680054065
0.1309459652324986
0.1309466323210781
0.1309473703807264
0.1309481806336701
0.1309490644145490
0.1309500231703881
0.1309510584610011
0.1309521719583648
0.1309533654457862
0.1309546408175951
0.1309560000775309
0.1309574453371598
0.1309589788134573
0.1309606028258100
0.1309623197921828
0.1309641322240689
0.1309660427207622
0.1309680539615666
0.1309701686966306
0.1309723897357327
0.1309747199346669
0.1309771621787848
0.1309797193629859
0.1309823943681168
0.1309851900319238
0.1309881091151285
0.1309911542595309
0.1309943279389001
0.1309976323988754
0.1310010695851652
0.1310046410559418
0.1310083478756357
0.1310121904839849
0.1310161685337822
0.1310202806871022
0.1310245243538456
0.1310288953489577
0.1310333874251300
0.1310379916022048
0.1310426951181366
0.1310474795170663
0.1310464406176979
0.1310416320270881
0.1310369046318641
0.1310322769150944
0.1310277616671104
0.1310233678961073
0.1310191018766497
0.1310149678194110
0.1310109683383968
0.1310071047934308
0.1310033775515011
0.1309997861902479
0.1309963296604995
0.1309930064167263
0.1309898145238908
0.1309867517444951
0.1309838156108878
0.1309810034854872
0.1309783126099624
0.1309757401469397
0.1309732832147979
0.1309709389160028
0.1309687043615850
0.1309665766910899
0.1309645530888999
0.1309626307983561
0.1309608071329809
0.1309590794858271
0.1309574453371598
0.1309559022607258
0.1309544479282815
0.1309530801143947
0.1309517966987089
0.1309505956688034
0.1309494751221134
0.1309484332666683
0.1309474684227503
0.1309465790230505
0.1309457636130242
0.1309450208511967
0.1309443495091456
0.1309437484712655
0.1309432167346283
0.1309427534086863
0.1309423577150385
0.1309420289872499
0.1309417666701499
0.1309415703202920
0.1309414396050337
0.1309413743027679
0.1309413743027679
0.1309414396050337
0.1309415703202920
0.1309417666701499
0.1309420289872499
0.1309423577150384
0.1309427534086863
0.1309432167346283
0.1309437484712655
0.1309443495091456
0.1309450208511967
0.1309457636130242
0.1309465790230507
0.1309474684227503
0.1309484332666683
0.1309494751221134
0.1309505956688036
0.1309517966987089
0.1309530801143947
0.1309544479282815
0.1309559022607258
0.1309574453371598
0.1309590794858271
0.1309608071329809
0.1309626307983561
0.1309645530888999
0.1309665766910899
0.1309687043615850
0.1309709389160028
0.1309732832147979
0.1309757401469397
0.1309783126099624
0.1309810034854872
0.1309838156108878
0.1309867517444951
0.1309898145238908
0.1309930064167263
0.1309963296604995
0.1309997861902479
0.1310033775515011
0.1310071047934308
0.1310109683383968
0.1310149678194110
0.1310191018766497
0.1310233678961073
0.1310277616671104
0.1310322769150944
0.1310369046318641
0.1310416320270881
0.1310464406176979
0.1310454592546395
0.1310406280554509
0.1310358783432511
0.1310312286253986
0.1310266917174099
0.1310222766527593
0.1310179897302886
0.1310138351840245
0.1310098156497855
0.1310059325074218
0.1310021861419206
0.1309985761472092
0.1309951014882042
0.1309917606315142
0.1309885516519577
0.1309854723201738
0.1309825201749087
0.1309796925826043
0.1309769867877731
0.1309743999541154
0.1309719291996938
0.1309695716252968
0.1309673243393324
0.1309651844772619
0.1309631492188900
0.1309612158020481
0.1309593815342087
0.1309576438015463
0.1309560000775308
0.1309544479282815
0.1309529850183078
0.1309516091142286
0.1309503180879548
0.1309491099195348
0.1309479826986931
0.1309469346262126
0.1309459640150101
0.1309450692910833
0.1309442489932085
0.1309435017737794
0.1309428263985858
0.1309422217467598
0.1309416868102130
0.1309412206942830
0.1309408226164978
0.1309404919071113
0.1309402280082789
0.1309400304740728
0.1309398989701287
0.1309398332739034
0.1309398332739034
0.1309398989701287
0.1309400304740728
0.1309402280082789
0.1309404919071113
0.1309408226164978
0.1309412206942831
0.1309416868102130
0.1309422217467598
0.1309428263985858
0.1309435017737794
0.1309442489932085
0.1309450692910833
0.1309459640150101
0.1309469346262126
0.1309479826986931
0.1309491099195348
0.1309503180879548
0.1309516091142286
0.1309529850183078
0.1309544479282815
0.1309560000775315
0.1309576438015463
0.1309593815342087
0.1309612158020481
0.1309631492188900
0.1309651844772619
0.1309673243393325
0.1309695716252968
0.1309719291996938
0.1309743999541154
0.1309769867877731
0.1309796925826043
0.1309825201749087
0.1309854723201738
0.1309885516519577
0.1309917606315142
0.1309951014882042
0.1309985761472092
0.1310021861419206
0.1310059325074218
0.1310098156497855
0.1310138351840245
0.1310179897302886
0.1310222766527593
0.1310266917174099
0.1310312286253986
0.1310358783432511
0.1310406280554509
0.1310454592546395
0.1310445342853131
0.1310396819918951
0.1310349114574977
0.1310302412107678
0.1310256840898568
0.1310212491508224
0.1310169427144643
0.1310127690359672
0.1310087307708613
0.1310048293172917
0.1310010650768999
0.1309974376584825
0.1309939460401972
0.1309905886999034
0.1309873637220192
0.1309842688849646
0.1309813017334853
0.1309784596385942
0.1309757398477876
0.1309731395263000
0.1309706557922186
0.1309682857455744
0.1309660264925882
0.1309638751656879
0.1309618289409641
0.1309598850514965
0.1309580407996076
0.1309562935659443
0.1309546408175950
0.1309530801143947
0.1309516091142286
0.1309502255767904
0.1309489273673440
0.1309477124591707
0.1309465789349449
0.1309455249891063
0.1309445489281314
0.1309436491716094
0.1309428242526493
0.1309420728180187
0.1309413936282114
0.1309407855573851
0.1309402475934451
0.1309397788373882
0.1309393785033706
0.1309390459184817
0.1309387805223470
0.1309385818669419
0.1309384496165140
0.1309383835472666
0.1309383835472666
0.1309384496165140
0.1309385818669419
0.1309387805223470
0.1309390459184817
0.1309393785033706
0.1309397788373882
0.1309402475934451
0.1309407855573851
0.1309413936282114
0.1309420728180187
0.1309428242526493
0.1309436491716094
0.1309445489281314
0.1309455249891063
0.1309465789349449
0.1309477124591707
0.1309489273673440
0.1309502255767904
0.1309516091142286
0.1309530801143947
0.1309546408175950
0.1309562935659443
0.1309580407996076
0.1309598850514965
0.1309618289409641
0.1309638751656879
0.1309660264925882
0.1309682857455744
0.1309706557922186
0.1309731395263000
0.1309757398477876
0.1309784596385942
0.1309813017334853
0.1309842688849646
0.1309873637220192
0.1309905886999034
0.1309939460401972
0.1309974376584825
0.1310010650768999
0.1310048293172917
0.1310087307708613
0.1310127690359672
0.1310169427144645
0.1310212491508224
0.1310256840898568
0.1310302412107678
0.1310349114574977
0.1310396819918951
0.1310445342853131
0.1310436646123661
0.1310387926753417
0.1310340027506345
0.1310293133856737
0.1310247374387006
0.1310202839860972
0.1310159593685261
0.1310117678601718
0.1310077121344891
0.1310037936063165
0.1310000126925297
0.1309963690158267
0.1309928615663905
0.1309894888326258
0.1309862489082369
0.1309831395788537
0.1309801583953395
0.1309773027332994
0.1309745698429602
0.1309719568917728
0.1309694609984456
0.1309670792623673
0.1309648087884085
0.1309626467067332
0.1309605901901330
0.1309586364681411
0.1309567828385498
0.1309550266771525
0.1309533654457861
0.1309517966987089
0.1309503180879548
0.1309489273673440
0.1309476223962336
0.1309464011414967
0.1309452616801688
0.1309442022006120
0.1309432210034894
0.1309423165032074
0.1309414872272629
0.1309407318173852
0.1309400490295105
0.1309394377334543
0.1309388969129714
0.1309384256655267
0.1309380232021895
0.1309376888470123
0.1309374220375752
0.1309372223238655
0.1309370893686275
0.1309370229472041
0.1309370229472041
0.1309370893686275
0.1309372223238655
0.1309374220375752
0.1309376888470123
0.1309380232021895
0.1309384256655267
0.1309388969129714
0.1309394377334543
0.1309400490295105
0.1309407318173852
0.1309414872272629
0.1309423165032074
0.1309432210034894
0.1309442022006120
0.1309452616801688
0.1309464011414967
0.1309476223962336
0.1309489273673440
0.1309503180879548
0.1309517966987089
0.1309533654457861
0.1309550266771525
0.1309567828385498
0.1309586364681411
0.1309605901901330
0.1309626467067332
0.1309648087884085
0.1309670792623673
0.1309694609984456
0.1309719568917728
0.1309745698429602
0.1309773027332994
0.1309801583953395
0.1309831395788537
0.1309862489082369
0.1309894888326258
0.1309928615663905
0.1309963690158267
0.1310000126925297
0.1310037936063167
0.1310077121344891
0.1310117678601718
0.1310159593685261
0.1310202839860972
0.1310247374387006
0.1310293133856737
0.1310340027506345
0.1310387926753417
0.1310436646123661
0.1310428491869363
0.1310379589979241
0.1310331510563371
0.1310284439263815
0.1310238504843048
0.1310193798246428
0.1310150383058936
0.1310108302193931
0.1310067582548081
0.1310028238423366
0.1309990274126770
0.1309953686011197
0.1309918464092870
0.1309884593354899
0.1309852054816437
0.1309820826408854
0.1309790883695327
0.1309762200476851
0.1309734749290761
0.1309708501828541
0.1309683429288823
0.1309659502665736
0.1309636692997837
0.1309614971569734
0.1309594310084924
0.1309574680807342
0.1309556056676339
0.1309538411410812
0.1309521719583648
0.1309505956688036
0.1309491099195349
0.1309477124591707
0.1309464011414967
0.1309451739283618
0.1309440288912867
0.1309429642135309
0.1309419781907544
0.1309410692320104
0.1309402358603589
0.1309394767130988
0.1309387905416857
0.1309381762121970
0.1309376327047285
0.1309371591134490
0.1309367546465658
0.1309364186257937
0.1309361504862933
0.1309359497766064
0.1309358161580363
0.1309357494052161
0.1309357494052161
0.1309358161580363
0.1309359497766064
0.1309361504862933
0.1309364186257937
0.1309367546465658
0.1309371591134490
0.1309376327047285
0.1309381762121970
0.1309387905416857
0.1309394767130988
0.1309402358603589
0.1309410692320104
0.1309419781907544
0.1309429642135309
0.1309440288912867
0.1309451739283618
0.1309464011414967
0.1309477124591707
0.1309491099195349
0.1309505956688036
0.1309521719583648
0.1309538411410812
0.1309556056676339
0.1309574680807342
0.1309594310084924
0.1309614971569734
0.1309636692997837
0.1309659502665736
0.1309683429288823
0.1309708501828541
0.1309734749290761
0.1309762200476851
0.1309790883695327
0.1309820826408854
0.1309852054816437
0.1309884593354899
0.1309918464092870
0.1309953686011197
0.1309990274126770
0.1310028238423366
0.1310067582548081
0.1310108302193931
0.1310150383058936
0.1310193798246428
0.1310238504843048
0.1310284439263815
0.1310331510563371
0.1310379589979241
0.1310428491869363
0.1310420870102751
0.1310371799061355
0.1310323552672193
0.1310276316727010
0.1310230220147386
0.1310185354040550
0.1310141782152693
0.1310099547552440
0.1310058677283777
0.1310019185784694
0.1309981077492335
0.1309944348874671
0.1309908990050966
0.1309874986097289
0.1309842318112007
0.1309810964093640
0.1309780899660359
0.1309752098657838
0.1309724533654507
0.1309698176365693
0.1309672998001022
0.1309648969558909
0.1309626062072080
0.1309604246811714
0.1309583495463872
0.1309563780264872
0.1309545074126514
0.1309527350730245
0.1309510584610010
0.1309494751221134
0.1309479826986931
0.1309465789349449
0.1309452616801688
0.1309440288912867
0.1309428786353913
0.1309418090908763
0.1309408185488413
0.1309399054140581
0.1309390682053902
0.1309383055559618
0.1309376162136375
0.1309369990407273
0.1309364530142958
0.1309359772255037
0.1309355708799450
0.1309352332971452
0.1309349639102867
0.1309347622664530
0.1309346280258283
0.1309345609620533
0.1309345609620533
0.1309346280258283
0.1309347622664530
0.1309349639102867
0.1309352332971452
0.1309355708799450
0.1309359772255037
0.1309364530142958
0.1309369990407273
0.1309376162136375
0.1309383055559618
0.1309390682053902
0.1309399054140581
0.1309408185488413
0.1309418090908763
0.1309428786353913
0.1309440288912867
0.1309452616801688
0.1309465789349449
0.1309479826986931
0.1309494751221134
0.1309510584610010
0.1309527350730245
0.1309545074126514
0.1309563780264872
0.1309583495463872
0.1309604246811714
0.1309626062072080
0.1309648969558909
0.1309672998001022
0.1309698176365693
0.1309724533654507
0.1309752098657838
0.1309780899660359
0.1309810964093640
0.1309842318112008
0.1309874986097289
0.1309908990050966
0.1309944348874671
0.1309981077492335
0.1310019185784694
0.1310058677283777
0.1310099547552440
0.1310141782152693
0.1310185354040550
0.1310230220147386
0.1310276316727010
0.1310323552672193
0.1310371799061355
0.1310420870102751
0.1310413771363870
0.1310364544032971
0.1310316143368616
0.1310268755290640
0.1310222508863912
0.1310177495342046
0.1310133778613856
0.1310091401888067
0.1310050392341891
0.1310010764538300
0.1309972523029958
0.1309935664390717
0.1309900178835704
0.1309866051526595
0.1309833263635893
0.1309801793224079
0.1309771615964170
0.1309742705741667
0.1309715035158734
0.1309688575953987
0.1309663299349581
0.1309639176351167
0.1309616177988929
0.1309594275527026
0.1309573440634088
0.1309553645527747
0.1309534863093836
0.1309517066985950
0.1309500231703881
0.1309484332666676
0.1309469346262126
0.1309455249891063
0.1309442022006120
0.1309429642135309
0.1309418090908763
0.1309407350068466
0.1309397402486268
0.1309388232170101
0.1309379824270890
0.1309372165084549
0.1309365242055653
0.1309359043776426
0.1309353559986708
0.1309348781574295
0.1309344700570204
0.1309341310150076
0.1309338604628958
0.1309336579461565
0.1309335231242885
0.1309334557701675
0.1309334557701675
0.1309335231242885
0.1309336579461565
0.1309338604628958
0.1309341310150076
0.1309344700570204
0.1309348781574295
0.1309353559986708
0.1309359043776430
0.1309365242055653
0.1309372165084549
0.1309379824270890
0.1309388232170101
0.1309397402486268
0.1309407350068466
0.1309418090908763
0.1309429642135309
0.1309442022006120
0.1309455249891063
0.1309469346262126
0.1309484332666676
0.1309500231703881
0.1309517066985950
0.1309534863093836
0.1309553645527747
0.1309573440634088
0.1309594275527026
0.1309616177988929
0.1309639176351167
0.1309663299349581
0.1309688575953987
0.1309715035158734
0.1309742705741667
0.1309771615964170
0.1309801793224079
0.1309833263635893
0.1309866051526595
0.1309900178835704
0.1309935664390717
0.1309972523029958
0.1310010764538300
0.1310050392341891
0.1310091401888067
0.1310133778613857
0.1310177495342046
0.1310222508863912
0.1310268755290640
0.1310316143368616
0.1310364544032971
0.1310413771363870
0.1310407186727889
0.1310357815506544
0.1310309272803403
0.1310261744656916
0.1310215360255488
0.1310170210983100
0.1310126360858065
0.1310083853213036
0.1310042715346930
0.1310002961934078
0.1309964597634248
0.1309927619116766
0.1309892016684525
0.1309857775577330
0.1309824877037213
0.1309793299183143
0.1309763017737518
0.1309734006627060
0.1309706238485643
0.1309679685073916
0.1309654317630606
0.1309630107168738
0.1309607024717965
0.1309585041539592
0.1309564129290255
0.1309544260170601
0.1309525407046936
0.1309507543546815
0.1309490644145490
0.1309474684227503
0.1309459640150100
0.1309445489281314
0.1309432210034894
0.1309419781907544
0.1309408185488413
0.1309397402486268
0.1309387415735918
0.1309378209213135
0.1309369768032292
0.1309362078460151
0.1309355127908915
0.1309348904944152
0.1309343399279723
0.1309338601779935
0.1309334504454837
0.1309331100462089
0.1309328384100840
0.1309326350815853
0.1309324997189960
0.1309324320945585
0.1309324320945585
0.1309324997189960
0.1309326350815853
0.1309328384100840
0.1309331100462089
0.1309334504454837
0.1309338601779935
0.1309343399279723
0.1309348904944152
0.1309355127908915
0.1309362078460151
0.1309369768032292
0.1309378209213135
0.1309387415735918
0.1309397402486268
0.1309408185488413
0.1309419781907544
0.1309432210034894
0.1309445489281314
0.1309459640150101
0.1309474684227503
0.1309490644145490
0.1309507543546815
0.1309525407046936
0.1309544260170601
0.1309564129290255
0.1309585041539592
0.1309607024717965
0.1309630107168738
0.1309654317630606
0.1309679685073916
0.1309706238485643
0.1309734006627060
0.1309763017737518
0.1309793299183143
0.1309824877037213
0.1309857775577330
0.1309892016684525
0.1309927619116757
0.1309964597634248
0.1310002961934078
0.1310042715346930
0.1310083853213036
0.1310126360858065
0.1310170210983101
0.1310215360255488
0.1310261744656916
0.1310309272803403
0.1310357815506544
0.1310407186727889
0.1310401107825591
0.1310351604685192
0.1310302931761815
0.1310255275194867
0.1310208764284947
0.1310163490531789
0.1310119518068726
0.1310076890341502
0.1310035634754518
0.1309995766086787
0.1309957289090089
0.1309920200525392
0.1309884490773695
0.1309850145145310
0.1309817144946887
0.1309785468352119
0.1309755091129335
0.1309725987244879
0.1309698129363019
0.1309671489266035
0.1309646038209554
0.1309621747215126
0.1309598587317633
0.1309576529773362
0.1309555546230418
0.1309535608878780
0.1309516690567121
0.1309498764902792
0.1309481806336701
0.1309465790230506
0.1309450692910833
0.1309436491716092
0.1309423165032074
0.1309410692320104
0.1309399054140581
0.1309388232170101
0.1309378209213135
0.1309368969211984
0.1309360497254790
0.1309352779577865
0.1309345803568046
0.1309339557765707
0.1309334031861227
0.1309329216699237
0.1309325104270715
0.1309321687715886
0.1309318961322662
0.1309316920523124
0.1309315561891632
0.1309314883146547
0.1309314883146547
0.1309315561891632
0.1309316920523124
0.1309318961322662
0.1309321687715886
0.1309325104270715
0.1309329216699237
0.1309334031861227
0.1309339557765707
0.1309345803568046
0.1309352779577865
0.1309360497254790
0.1309368969211984
0.1309378209213135
0.1309388232170101
0.1309399054140581
0.1309410692320104
0.1309423165032074
0.1309436491716092
0.1309450692910833
0.1309465790230506
0.1309481806336701
0.1309498764902792
0.1309516690567121
0.1309535608878780
0.1309555546230418
0.1309576529773362
0.1309598587317633
0.1309621747215126
0.1309646038209554
0.1309671489266035
0.1309698129363019
0.1309725987244879
0.1309755091129335
0.1309785468352119
0.1309817144946887
0.1309850145145310
0.1309884490773695
0.1309920200525392
0.1309957289090089
0.1309995766086787
0.1310035634754518
0.1310076890341502
0.1310119518068726
0.1310163490531789
0.1310208764284947
0.1310255275194867
0.1310302931761815
0.1310351604685192
0.1310401107825591
0.1310395526851010
0.1310345903373497
0.1310297111662339
0.1310249337944648
0.1310202711622478
0.1310157324297465
0.1310113240204981
0.1310070502890779
0.1310029139856047
0.1309989165971083
0.1309950586073480
0.1309913397003128
0.1309877589213692
0.1309843148082786
0.1309810054972471
0.1309778288108080
0.1309747823302218
0.1309718634555150
0.1309690694560835
0.1309663975126158
0.1309638447520228
0.1309614082776069
0.1309590851932232
0.1309568726244270
0.1309547677355246
0.1309527677445489
0.1309508699349921
0.1309490716660431
0.1309473703807265
0.1309457636130242
0.1309442489932085
0.1309428242526501
0.1309414872272629
0.1309402358603589
0.1309390682053902
0.1309379824270890
0.1309369768032292
0.1309360497254790
0.1309351996999069
0.1309344253477207
0.1309337254052932
0.1309330987243424
0.1309325442720033
0.1309320611307412
0.1309316484982089
0.1309313056868494
0.1309310321243508
0.1309308273527958
0.1309306910290993
0.1309306229243844
0.1309306229243844
0.1309306910290993
0.1309308273527958
0.1309310321243508
0.1309313056868494
0.1309316484982089
0.1309320611307412
0.1309325442720033
0.1309330987243424
0.1309337254052932
0.1309344253477207
0.1309351996999069
0.1309360497254790
0.1309369768032292
0.1309379824270890
0.1309390682053902
0.1309402358603589
0.1309414872272627
0.1309428242526501
0.1309442489932085
0.1309457636130242
0.1309473703807265
0.1309490716660431
0.1309508699349921
0.1309527677445489
0.1309547677355246
0.1309568726244270
0.1309590851932231
0.1309614082776069
0.1309638447520228
0.1309663975126158
0.1309690694560835
0.1309718634555158
0.1309747823302218
0.1309778288108080
0.1309810054972471
0.1309843148082786
0.1309877589213692
0.1309913397003128
0.1309950586073480
0.1309989165971083
0.1310029139856047
0.1310070502890779
0.1310113240204981
0.1310157324297465
0.1310202711622478
0.1310249337944648
0.1310297111662339
0.1310345903373497
0.1310395526851010
0.1310390436572771
0.1310340703984444
0.1310291804567512
0.1310243924627496
0.1310197193653060
0.1310151703334447
0.1310107518000471
0.1310064681284877
0.1310023220775359
0.1309983151423223
0.1309944478143475
0.1309907197847567
0.1309871301054033
0.1309836773198813
0.1309803595698268
0.1309771746824274
0.1309741202427291
0.1309711936543513
0.1309683921892778
0.1309657130303569
0.1309631533061942
0.1309607101210192
0.1309583805792413
0.1309561618064470
0.1309540509668351
0.1309520452775112
0.1309501420209787
0.1309483385549592
0.1309466323210781
0.1309450208511968
0.1309435017737794
0.1309420728180187
0.1309407318173852
0.1309394767130988
0.1309383055559618
0.1309372165084549
0.1309362078460151
0.1309352779577865
0.1309344253477206
0.1309336486347997
0.1309329465533201
0.1309323179531054
0.1309317617995037
0.1309312771733645
0.1309308632707165
0.1309305194030830
0.1309302449967962
0.1309300395931251
0.1309299028483848
0.1309298345332728
0.1309298345332728
0.1309299028483848
0.1309300395931251
0.1309302449967962
0.1309305194030830
0.1309308632707165
0.1309312771733645
0.1309317617995037
0.1309323179531054
0.1309329465533201
0.1309336486347997
0.1309344253477206
0.1309352779577865
0.1309362078460151
0.1309372165084549
0.1309383055559618
0.1309394767130988
0.1309407318173852
0.1309420728180187
0.1309435017737794
0.1309450208511968
0.1309466323210781
0.1309483385549592
0.1309501420209787
0.1309520452775112
0.1309540509668351
0.1309561618064470
0.1309583805792413
0.1309607101210192
0.1309631533061942
0.1309657130303569
0.1309683921892778
0.1309711936543513
0.1309741202427291
0.1309771746824274
0.1309803595698268
0.1309836773198813
0.1309871301054033
0.1309907197847567
0.1309944478143475
0.1309983151423223
0.1310023220775359
0.1310064681284877
0.1310107518000471
0.1310151703334449
0.1310197193653060
0.1310243924627496
0.1310291804567512
0.1310340703984444
0.1310390436572771
0.1310385830341491
0.1310335999548662
0.1310287003192443
0.1310239027644531
0.1310192202470607
0.1310146619441520
0.1310102342964264
0.1310059416752880
0.1310017868469769
0.1309977713140242
0.1309938955747713
0.1309901593264921
0.1309865616271521
0.1309831010256075
0.1309797756682040
0.1309765833862240
0.1309735217687050
0.1309705882219867
0.1309677800207905
0.1309650943499154
0.1309625283395681
0.1309600790950045
0.1309577437211663
0.1309555193439620
0.1309534031273132
0.1309513922877969
0.1309494841071693
0.1309476759419306
0.1309459652324986
0.1309443495091456
0.1309428263985859
0.1309413936282095
0.1309400490295105
0.1309387905416857
0.1309376162136374
0.1309365242055657
0.1309355127908914
0.1309345803568046
0.1309337254052932
0.1309329465533201
0.1309322425334627
0.1309316121939237
0.1309310544983434
0.1309305685262167
0.1309301534723473
0.1309298086470105
0.1309295334756689
0.1309293274989469
0.1309291903725163
0.1309291218666015
0.1309291218666015
0.1309291903725163
0.1309293274989469
0.1309295334756689
0.1309298086470105
0.1309301534723473
0.1309305685262167
0.1309310544983434
0.1309316121939237
0.1309322425334627
0.1309329465533201
0.1309337254052932
0.1309345803568046
0.1309355127908914
0.1309365242055657
0.1309376162136374
0.1309387905416857
0.1309400490295105
0.1309413936282095
0.1309428263985859
0.1309443495091456
0.1309459652324986
0.1309476759419306
0.1309494841071693
0.1309513922877969
0.1309534031273132
0.1309555193439620
0.1309577437211663
0.1309600790950045
0.1309625283395681
0.1309650943499154
0.1309677800207905
0.1309705882219867
0.1309735217687050
0.1309765833862240
0.1309797756682040
0.1309831010256075
0.1309865616271521
0.1309901593264921
0.1309938955747713
0.1309977713140242
0.1310017868469769
0.1310059416752880
0.1310102342964277
0.1310146619441520
0.1310192202470607
0.1310239027644531
0.1310287003192443
0.1310335999548662
0.1310385830341491
0.1310381702095109
0.1310331783717564
0.1310282700902682
0.1310234640083268
0.1310187730889824
0.1310142065164672
0.1310097707382326
0.1310054701327333
0.1310013074728760
0.1309972842676095
0.1309934010211473
0.1309896574367203
0.1309860525771744
0.1309825849962301
0.1309792528445879
0.1309760539571540
0.1309729859263154
0.1309700461612175
0.1309672319388943
0.1309645404460945
0.1309619688143502
0.1309595141499339
0.1309571735586235
0.1309549441663867
0.1309528231371611
0.1309508076872011
0.1309488950975464
0.1309470827239094
0.1309453680054065
0.1309437484712655
0.1309422217467598
0.1309407855573851
0.1309394377334543
0.1309381762121970
0.1309369990407273
0.1309359043776430
0.1309348904944152
0.1309339557765707
0.1309330987243424
0.1309323179531054
0.1309316121939236
0.1309309802933309
0.1309304212138600
0.1309299340335845
0.1309295179462814
0.1309291722613336
0.1309288964032480
0.1309286899121208
0.1309285524429281
0.1309284837658455
0.1309284837658455
0.1309285524429281
0.1309286899121208
0.1309288964032480
0.1309291722613337
0.1309295179462814
0.1309299340335845
0.1309304212138600
0.1309309802933309
0.1309316121939236
0.1309323179531054
0.1309330987243424
0.1309339557765707
0.1309348904944152
0.1309359043776430
0.1309369990407273
0.1309381762121970
0.1309394377334543
0.1309407855573851
0.1309422217467598
0.1309437484712655
0.1309453680054065
0.1309470827239094
0.1309488950975464
0.1309508076872011
0.1309528231371611
0.1309549441663867
0.1309571735586235
0.1309595141499339
0.1309619688143502
0.1309645404460945
0.1309672319388943
0.1309700461612175
0.1309729859263154
0.1309760539571540
0.1309792528445879
0.1309825849962301
0.1309860525771744
0.1309896574367203
0.1309934010211472
0.1309972842676095
0.1310013074728760
0.1310054701327333
0.1310097707382326
0.1310142065164672
0.1310187730889824
0.1310234640083268
0.1310282700902682
0.1310331783717564
0.1310381702095109
0.1310378046366703
0.1310328050765476
0.1310278891721488
0.1310230755718049
0.1310183772442230
0.1310138033795208
0.1310093604315768
0.1310050527844083
0.1310008832170352
0.1309968532437970
0.1309929633743838
0.1309892133167182
0.1309856021384381
0.1309821283973014
0.1309787902477700
0.1309755855282750
0.1309725118337494
0.1309695665761954
0.1309667470347676
0.1309640503976650
0.1309614737978968
0.1309590143427428
0.1309566691385743
0.1309544353117092
0.1309523100260401
0.1309502904975741
0.1309483740069065
0.1309465579090766
0.1309448396422374
0.1309432167346283
0.1309416868102130
0.1309402475934445
0.1309388969129714
0.1309376327047285
0.1309364530142958
0.1309353559986708
0.1309343399279723
0.1309334031861227
0.1309325442720033
0.1309317617995037
0.1309310544983434
0.1309304212138600
0.1309298609073626
0.1309293726558155
0.1309289556521443
0.1309286092048272
0.1309283327377709
0.1309281257903267
0.1309279880172538
0.1309279191882338
0.1309279191882338
0.1309279880172538
0.1309281257903267
0.1309283327377709
0.1309286092048272
0.1309289556521443
0.1309293726558155
0.1309298609073626
0.1309304212138600
0.1309310544983434
0.1309317617995037
0.1309325442720033
0.1309334031861227
0.1309343399279723
0.1309353559986708
0.1309364530142958
0.1309376327047285
0.1309388969129714
0.1309402475934451
0.1309416868102130
0.1309432167346283
0.1309448396422375
0.1309465579090766
0.1309483740069065
0.1309502904975741
0.1309523100260401
0.1309544353117092
0.1309566691385743
0.1309590143427428
0.1309614737978968
0.1309640503976650
0.1309667470347676
0.1309695665761954
0.1309725118337494
0.1309755855282750
0.1309787902477700
0.1309821283973014
0.1309856021384381
0.1309892133167182
0.1309929633743838
0.1309968532437970
0.1310008832170352
0.1310050527844083
0.1310093604315768
0.1310138033795208
0.1310183772442230
0.1310230755718049
0.1310278891721488
0.1310328050765476
0.1310378046366703
0.1310374858287628
0.1310324795600403
0.1310275570333630
0.1310227369014131
0.1310180321376719
0.1310134519375390
0.1310090027598667
0.1310046889940287
0.1310005134238885
0.1309964775686277
0.1309925819425383
0.1309888262576427
0.1309852095857447
0.1309817304880667
0.1309783871223819
0.1309751773300395
0.1309720987086040
0.1309691486721826
0.1309663245018457
0.1309636233873114
0.1309610424628068
0.1309585788365536
0.1309562296153848
0.1309539919260774
0.1309518629324867
0.1309498398507029
0.1309479199607148
0.1309461006170330
0.1309443792572934
0.1309427534086864
0.1309412206942831
0.1309397788373882
0.1309384256655267
0.1309371591134490
0.1309359772255037
0.1309348781574296
0.1309338601779935
0.1309329216699237
0.1309320611307412
0.1309312771733645
0.1309305685262167
0.1309299340335845
0.1309293726558155
0.1309288834690064
0.1309284656653758
0.1309281185522970
0.1309278415534914
0.1309276342076950
0.1309274961691380
0.1309274272074519
0.1309274272074519
0.1309274961691380
0.1309276342076950
0.1309278415534914
0.1309281185522970
0.1309284656653758
0.1309288834690064
0.1309293726558155
0.1309299340335845
0.1309305685262167
0.1309312771733645
0.1309320611307412
0.1309329216699237
0.1309338601779935
0.1309348781574296
0.1309359772255037
0.1309371591134490
0.1309384256655267
0.1309397788373882
0.1309412206942830
0.1309427534086864
0.1309443792572934
0.1309461006170330
0.1309479199607148
0.1309498398507029
0.1309518629324867
0.1309539919260774
0.1309562296153848
0.1309585788365536
0.1309610424628068
0.1309636233873114
0.1309663245018457
0.1309691486721826
0.1309720987086040
0.1309751773300395
0.1309783871223819
0.1309817304880667
0.1309852095857447
0.1309888262576427
0.1309925819425383
0.1309964775686277
0.1310005134238885
0.1310046889940287
0.1310090027598667
0.1310134519375390
0.1310180321376719
0.1310227369014131
0.1310275570333630
0.1310324795600403
0.1310374858287628
0.1310372133590581
0.1310322013758294
0.1310272732083042
0.1310224475124933
0.1310177372662847
0.1310131516690803
0.1310086971841968
0.1310043782053241
0.1310001975205845
0.1309961566530945
0.1309922561211058
0.1309884956402546
0.1309848742856132
0.1309813906215420
0.1309780428085953
0.1309748286905469
0.1309717458672898
0.1309687917547766
0.1309659636355320
0.1309632587009381
0.1309606740861309
0.1309582069000225
0.1309558542501209
0.1309536132634573
0.1309514811040131
0.1309494549878487
0.1309475321946511
0.1309457100785743
0.1309439860764017
0.1309423577150384
0.1309408226164978
0.1309393785033706
0.1309380232021895
0.1309367546465657
0.1309355708799450
0.1309344700570204
0.1309334504454837
0.1309325104270715
0.1309316484982089
0.1309308632707165
0.1309301534723473
0.1309295179462814
0.1309289556521443
0.1309284656653758
0.1309280471770376
0.1309276994945935
0.1309274220407362
0.1309272143540388
0.1309270760884465
0.1309270070132881
0.1309270070132880
0.1309270760884465
0.1309272143540388
0.1309274220407362
0.1309276994945935
0.1309280471770376
0.1309284656653758
0.1309289556521443
0.1309295179462814
0.1309301534723473
0.1309308632707165
0.1309316484982089
0.1309325104270715
0.1309334504454837
0.1309344700570204
0.1309355708799450
0.1309367546465657
0.1309380232021895
0.1309393785033706
0.1309408226164978
0.1309423577150384
0.1309439860764017
0.1309457100785743
0.1309475321946511
0.1309494549878487
0.1309514811040131
0.1309536132634573
0.1309558542501209
0.1309582069000225
0.1309606740861309
0.1309632587009381
0.1309659636355320
0.1309687917547766
0.1309717458672898
0.1309748286905469
0.1309780428085953
0.1309813906215420
0.1309848742856132
0.1309884956402546
0.1309922561211058
0.1309961566530945
0.1310001975205845
0.1310043782053241
0.1310086971841968
0.1310131516690803
0.1310177372662847
0.1310224475124933
0.1310272732083042
0.1310322013758294
0.1310372133590581
0.1310369868614378
0.1310319701412137
0.1310270372976870
0.1310222069898121
0.1310174921987753
0.1310129021273538
0.1310084432426689
0.1310041199418274
0.1309999350163108
0.1309958899928398
0.1309919853925859
0.1309882209343055
0.1309845956957559
0.1309811082439218
0.1309777567415870
0.1309745390345790
0.1309714527247327
0.1309684952295811
0.1309656638330416
0.1309629557274842
0.1309603680489573
0.1309578979072243
0.1309555424101122
0.1309532986851470
0.1309511638962697
0.1309491352594707
0.1309472100543512
0.1309453856346523
0.1309436594369014
0.1309420289872491
0.1309404919071083
0.1309390459184817
0.1309376888470123
0.1309364186257937
0.1309352332971450
0.1309341310150076
0.1309331100462089
0.1309321687715886
0.1309313056868494
0.1309305194030830
0.1309298086470105
0.1309291722613337
0.1309286092048272
0.1309281185522970
0.1309276994945935
0.1309273513382113
0.1309270735059023
0.1309268655355778
0.1309267270810356
0.1309266579114817
0.1309266579114817
0.1309267270810356
0.1309268655355778
0.1309270735059023
0.1309273513382113
0.1309276994945935
0.1309281185522970
0.1309286092048272
0.1309291722613336
0.1309298086470105
0.1309305194030830
0.1309313056868494
0.1309321687715886
0.1309331100462089
0.1309341310150076
0.1309352332971450
0.1309364186257937
0.1309376888470123
0.1309390459184817
0.1309404919071083
0.1309420289872491
0.1309436594369014
0.1309453856346523
0.1309472100543512
0.1309491352594707
0.1309511638962697
0.1309532986851470
0.1309555424101122
0.1309578979072243
0.1309603680489572
0.1309629557274842
0.1309656638330416
0.1309684952295811
0.1309714527247327
0.1309745390345790
0.1309777567415870
0.1309811082439218
0.1309845956957559
0.1309882209343055
0.1309919853925859
0.1309958899928398
0.1309999350163108
0.1310041199418274
0.1310084432426689
0.1310129021273538
0.1310174921987753
0.1310222069898121
0.1310270372976870
0.1310319701412137
0.1310369868614378
0.1310368060303806
0.1310317855368559
0.1310268489687978
0.1310220149872288
0.1310172965758459
0.1310127029404111
0.1310082405507476
0.1310039138066997
0.1309997255027493
0.1309956771679387
0.1309917693261485
0.1309880016984130
0.1309843733647230
0.1309808828940688
0.1309775284511450
0.1309743078834706
0.1309712187941507
0.1309682586020549
0.1309654245923415
0.1309627139581790
0.1309601238364625
0.1309576513372490
0.1309552935691128
0.1309530476595551
0.1309509107728570
0.1309488801248283
0.1309469529950033
0.1309451267368989
0.1309433987867549
0.1309417666701499
0.1309402280082790
0.1309387805223470
0.1309374220375752
0.1309361504862933
0.1309349639102867
0.1309338604628958
0.1309328384100840
0.1309318961322662
0.1309310321243508
0.1309302449967962
0.1309295334756689
0.1309288964032480
0.1309283327377709
0.1309278415534914
0.1309274220407362
0.1309270735059023
0.1309267953710289
0.1309265871741811
0.1309264485686191
0.1309263793235952
0.1309263793235952
0.1309264485686191
0.1309265871741811
0.1309267953710289
0.1309270735059023
0.1309274220407362
0.1309278415534914
0.1309283327377709
0.1309288964032480
0.1309295334756689
0.1309302449967962
0.1309310321243508
0.1309318961322662
0.1309328384100840
0.1309338604628958
0.1309349639102867
0.1309361504862933
0.1309374220375752
0.1309387805223470
0.1309402280082789
0.1309417666701499
0.1309433987867549
0.1309451267368989
0.1309469529950033
0.1309488801248283
0.1309509107728570
0.1309530476595551
0.1309552935691128
0.1309576513372490
0.1309601238364625
0.1309627139581790
0.1309654245923415
0.1309682586020544
0.1309712187941507
0.1309743078834706
0.1309775284511450
0.1309808828940688
0.1309843733647230
0.1309880016984130
0.1309917693261485
0.1309956771679387
0.1309997255027493
0.1310039138066997
0.1310082405507476
0.1310127029404111
0.1310172965758459
0.1310220149872288
0.1310268489687978
0.1310317855368559
0.1310368060303806
0.1310366706211545
0.1310316473073838
0.1310267079552719
0.1310218712275802
0.1310171501100543
0.1310125538105597
0.1310080888007065
0.1310037594828440
0.1309995686531094
0.1309955178427701
0.1309916075773820
0.1309878375799052
0.1309842069317547
0.1309807142037663
0.1309773575616991
0.1309741348544579
0.1309710436862719
0.1309680814769598
0.1309652455124245
0.1309625329865325
0.1309599410367644
0.1309574667737170
0.1309551073061487
0.1309528597617830
0.1309507213050057
0.1309486891516632
0.1309467605811963
0.1309449329469504
0.1309432036847860
0.1309415703202919
0.1309400304740728
0.1309385818669419
0.1309372223238655
0.1309359497766064
0.1309347622664530
0.1309336579461565
0.1309326350815853
0.1309316920523124
0.1309308273527958
0.1309300395931251
0.1309293274989469
0.1309286899121208
0.1309281257903267
0.1309276342076950
0.1309272143540387
0.1309268655355778
0.1309265871741811
0.1309263788074214
0.1309262400888653
0.1309261707873245
0.1309261707873245
0.1309262400888653
0.1309263788074214
0.1309265871741811
0.1309268655355778
0.1309272143540387
0.1309276342076950
0.1309281257903267
0.1309286899121208
0.1309293274989469
0.1309300395931251
0.1309308273527958
0.1309316920523124
0.1309326350815853
0.1309336579461565
0.1309347622664530
0.1309359497766064
0.1309372223238655
0.1309385818669419
0.1309400304740728
0.1309415703202919
0.1309432036847860
0.1309449329469504
0.1309467605811963
0.1309486891516632
0.1309507213050057
0.1309528597617830
0.1309551073061487
0.1309574667737168
0.1309599410367644
0.1309625329865325
0.1309652455124245
0.1309680814769598
0.1309710436862719
0.1309741348544579
0.1309773575616991
0.1309807142037663
0.1309842069317547
0.1309878375799052
0.1309916075773820
0.1309955178427701
0.1309995686531094
0.1310037594828440
0.1310080888007065
0.1310125538105597
0.1310171501100543
0.1310218712275802
0.1310267079552719
0.1310316473073838
0.1310366706211545
0.1310365804504028
0.1310315552608314
0.1310266140571862
0.1310217755032467
0.1310170525859544
0.1310124545145017
0.1310079877621916
0.1310036567323301
0.1309994642226059
0.1309954117656028
0.1309914998881619
0.1309877283142847
0.1309840961266853
0.1309806018968102
0.1309772437916723
0.1309740196609778
0.1309709271095745
0.1309679635579459
0.1309651262926290
0.1309624125078804
0.1309598193415402
0.1309573439046063
0.1309549833058807
0.1309527346733750
0.1309505951715033
0.1309485620160552
0.1309466324865244
0.1309448039361056
0.1309430738004863
0.1309414396050337
0.1309398989701287
0.1309384496165140
0.1309370893686275
0.1309358161580363
0.1309346280258281
0.1309335231242885
0.1309324997189960
0.1309315561891632
0.1309306910290993
0.1309299028483848
0.1309291903725163
0.1309285524429281
0.1309279880172538
0.1309274961691380
0.1309270760884465
0.1309267270810356
0.1309264485686191
0.1309262400888653
0.1309261012949023
0.1309260319556605
0.1309260319556605
0.1309261012949023
0.1309262400888653
0.1309264485686191
0.1309267270810356
0.1309270760884465
0.1309274961691380
0.1309279880172538
0.1309285524429281
0.1309291903725163
0.1309299028483848
0.1309306910290993
0.1309315561891632
0.1309324997189960
0.1309335231242885
0.1309346280258281
0.1309358161580363
0.1309370893686275
0.1309384496165140
0.1309398989701287
0.1309414396050337
0.1309430738004863
0.1309448039361056
0.1309466324865244
0.1309485620160552
0.1309505951715033
0.1309527346733750
0.1309549833058807
0.1309573439046063
0.1309598193415402
0.1309624125078813
0.1309651262926290
0.1309679635579459
0.1309709271095745
0.1309740196609778
0.1309772437916723
0.1309806018968102
0.1309840961266853
0.1309877283142847
0.1309914998881619
0.1309954117656028
0.1309994642226059
0.1310036567323301
0.1310079877621916
0.1310124545145017
0.1310170525859544
0.1310217755032467
0.1310266140571862
0.1310315552608314
0.1310365804504028
0.1310365353956482
0.1310315092696356
0.1310265671415122
0.1310217276757344
0.1310170038598455
0.1310124049037520
0.1310079372812577
0.1310036053966770
0.1309994120481875
0.1309953587690132
0.1309914460865579
0.1309876737255128
0.1309840407691378
0.1309805457893009
0.1309771869535729
0.1309739621119479
0.1309708688697439
0.1309679046478154
0.1309650667327687
0.1309623523192846
0.1309597585453286
0.1309572825219992
0.1309549213583016
0.1309526721822004
0.1309505321582407
0.1309484985021729
0.1309465684935154
0.1309447394853673
0.1309430089133671
0.1309413743027679
0.1309398332739034
0.1309383835472666
0.1309370229472041
0.1309357494052161
0.1309345609620533
0.1309334557701675
0.1309324320945585
0.1309314883146547
0.1309306229243844
0.1309298345332728
0.1309291218666033
0.1309284837658453
0.1309279191882338
0.1309274272074519
0.1309270070132881
0.1309266579114817
0.1309263793235956
0.1309261707873245
0.1309260319556605
0.1309259625976369
0.1309259625976369
0.1309260319556605
0.1309261707873245
0.1309263793235952
0.1309266579114817
0.1309270070132879
0.1309274272074519
0.1309279191882338
0.1309284837658453
0.1309291218666033
0.1309298345332728
0.1309306229243844
0.1309314883146547
0.1309324320945585
0.1309334557701675
0.1309345609620533
0.1309357494052161
0.1309370229472041
0.1309383835472666
0.1309398332739034
0.1309413743027679
0.1309430089133671
0.1309447394853673
0.1309465684935154
0.1309484985021729
0.1309505321582407
0.1309526721822004
0.1309549213583015
0.1309572825219992
0.1309597585453286
0.1309623523192846
0.1309650667327687
0.1309679046478154
0.1309708688697439
0.1309739621119479
0.1309771869535729
0.1309805457893009
0.1309840407691378
0.1309876737255128
0.1309914460865579
0.1309953587690132
0.1309994120481875
0.1310036053966770
0.1310079372812577
0.1310124049037520
0.1310170038598455
0.1310217276757344
0.1310265671415122
0.1310315092696356
0.1310365353956482
0.1310365353956482
0.1310315092696356
0.1310265671415121
0.1310217276757344
0.1310170038598455
0.1310124049037520
0.1310079372812577
0.1310036053966770
0.1309994120481875
0.1309953587690132
0.1309914460865579
0.1309876737255128
0.1309840407691379
0.1309805457893009
0.1309771869535729
0.1309739621119482
0.1309708688697439
0.1309679046478154
0.1309650667327687
0.1309623523192846
0.1309597585453286
0.1309572825219992
0.1309549213583015
0.1309526721822005
0.1309505321582405
0.1309484985021730
0.1309465684935154
0.1309447394853673
0.1309430089133671
0.1309413743027679
0.1309398332739034
0.1309383835472666
0.1309370229472041
0.1309357494052161
0.1309345609620533
0.1309334557701676
0.1309324320945585
0.1309314883146547
0.1309306229243844
0.1309298345332728
0.1309291218666015
0.1309284837658455
0.1309279191882338
0.1309274272074519
0.1309270070132881
0.1309266579114817
0.1309263793235952
0.1309261707873245
0.1309260319556605
0.1309259625976369
0.1309259625976369
0.1309260319556605
0.1309261707873245
0.1309263793235952
0.1309266579114817
0.1309270070132881
0.1309274272074519
0.1309279191882338
0.1309284837658455
0.1309291218666015
0.1309298345332728
0.1309306229243844
0.1309314883146547
0.1309324320945585
0.1309334557701676
0.1309345609620533
0.1309357494052161
0.1309370229472041
0.1309383835472666
0.1309398332739034
0.1309413743027679
0.1309430089133671
0.1309447394853673
0.1309465684935154
0.1309484985021734
0.1309505321582405
0.1309526721822005
0.1309549213583015
0.1309572825219992
0.1309597585453286
0.1309623523192846
0.1309650667327687
0.1309679046478154
0.1309708688697439
0.1309739621119479
0.1309771869535729
0.1309805457893009
0.1309840407691386
0.1309876737255128
0.1309914460865579
0.1309953587690132
0.1309994120481875
0.1310036053966770
0.1310079372812577
0.1310124049037520
0.1310170038598455
0.1310217276757344
0.1310265671415121
0.1310315092696356
0.1310365353956482
0.1310365804504028
0.1310315552608314
0.1310266140571862
0.1310217755032467
0.1310170525859548
0.1310124545145017
0.1310079877621916
0.1310036567323301
0.1309994642226059
0.1309954117656014
0.1309914998881619
0.1309877283142847
0.1309840961266855
0.1309806018968102
0.1309772437916714
0.1309740196609778
0.1309709271095745
0.1309679635579467
0.1309651262926290
0.1309624125078813
0.1309598193415419
0.1309573439046062
0.1309549833058807
0.1309527346733750
0.1309505951715033
0.1309485620160552
0.1309466324865244
0.1309448039361056
0.1309430738004863
0.1309414396050337
0.1309398989701287
0.1309384496165140
0.1309370893686275
0.1309358161580363
0.1309346280258281
0.1309335231242885
0.1309324997189960
0.1309315561891632
0.1309306910290993
0.1309299028483848
0.1309291903725164
0.1309285524429281
0.1309279880172537
0.1309274961691379
0.1309270760884465
0.1309267270810356
0.1309264485686191
0.1309262400888653
0.1309261012949023
0.1309260319556605
0.1309260319556605
0.1309261012949023
0.1309262400888653
0.1309264485686191
0.1309267270810356
0.1309270760884465
0.1309274961691379
0.1309279880172537
0.1309285524429281
0.1309291903725164
0.1309299028483848
0.1309306910290993
0.1309315561891632
0.1309324997189960
0.1309335231242885
0.1309346280258281
0.1309358161580363
0.1309370893686275
0.1309384496165140
0.1309398989701287
0.1309414396050337
0.1309430738004863
0.1309448039361056
0.1309466324865244
0.1309485620160552
0.1309505951715033
0.1309527346733750
0.1309549833058807
0.1309573439046062
0.1309598193415419
0.1309624125078804
0.1309651262926290
0.1309679635579467
0.1309709271095745
0.1309740196609778
0.1309772437916714
0.1309806018968102
0.1309840961266855
0.1309877283142847
0.1309914998881619
0.1309954117656014
0.1309994642226059
0.1310036567323301
0.1310079877621916
0.1310124545145017
0.1310170525859548
0.1310217755032467
0.1310266140571862
0.1310315552608314
0.1310365804504028
0.1310366706211545
0.1310316473073835
0.1310267079552719
0.1310218712275802
0.1310171501100543
0.1310125538105597
0.1310080888007065
0.1310037594828441
0.1309995686531094
0.1309955178427701
0.1309916075773820
0.1309878375799052
0.1309842069317547
0.1309807142037663
0.1309773575616991
0.1309741348544579
0.1309710436862719
0.1309680814769599
0.1309652455124277
0.1309625329865325
0.1309599410367644
0.1309574667737169
0.1309551073061487
0.1309528597617816
0.1309507213050057
0.1309486891516632
0.1309467605811963
0.1309449329469498
0.1309432036847860
0.1309415703202920
0.1309400304740728
0.1309385818669419
0.1309372223238655
0.1309359497766064
0.1309347622664530
0.1309336579461565
0.1309326350815853
0.1309316920523124
0.1309308273527963
0.1309300395931251
0.1309293274989469
0.1309286899121208
0.1309281257903267
0.1309276342076950
0.1309272143540388
0.1309268655355778
0.1309265871741811
0.1309263788074214
0.1309262400888653
0.1309261707873245
0.1309261707873245
0.1309262400888653
0.1309263788074214
0.1309265871741811
0.1309268655355778
0.1309272143540388
0.1309276342076950
0.1309281257903267
0.1309286899121208
0.1309293274989469
0.1309300395931251
0.1309308273527963
0.1309316920523124
0.1309326350815853
0.1309336579461565
0.1309347622664530
0.1309359497766064
0.1309372223238655
0.1309385818669419
0.1309400304740728
0.1309415703202920
0.1309432036847860
0.1309449329469498
0.1309467605811963
0.1309486891516632
0.1309507213050057
0.1309528597617816
0.1309551073061487
0.1309574667737168
0.1309599410367644
0.1309625329865325
0.1309652455124277
0.1309680814769599
0.1309710436862719
0.1309741348544579
0.1309773575616991
0.1309807142037663
0.1309842069317547
0.1309878375799052
0.1309916075773820
0.1309955178427701
0.1309995686531094
0.1310037594828441
0.1310080888007065
0.1310125538105597
0.1310171501100543
0.1310218712275802
0.1310267079552719
0.1310316473073835
0.1310366706211545
0.1310368060303806
0.1310317855368559
0.1310268489687978
0.1310220149872288
0.1310172965758459
0.1310127029404111
0.1310082405507475
0.1310039138066997
0.1309997255027494
0.1309956771679387
0.1309917693261485
0.1309880016984130
0.1309843733647230
0.1309808828940688
0.1309775284511450
0.1309743078834705
0.1309712187941507
0.1309682586020548
0.1309654245923415
0.1309627139581790
0.1309601238364625
0.1309576513372490
0.1309552935691129
0.1309530476595551
0.1309509107728570
0.1309488801248283
0.1309469529950033
0.1309451267368989
0.1309433987867544
0.1309417666701499
0.1309402280082790
0.1309387805223470
0.1309374220375752
0.1309361504862933
0.1309349639102867
0.1309338604628958
0.1309328384100840
0.1309318961322662
0.1309310321243508
0.1309302449967962
0.1309295334756689
0.1309288964032480
0.1309283327377709
0.1309278415534914
0.1309274220407361
0.1309270735059023
0.1309267953710289
0.1309265871741811
0.1309264485686191
0.1309263793235956
0.1309263793235956
0.1309264485686191
0.1309265871741811
0.1309267953710289
0.1309270735059023
0.1309274220407361
0.1309278415534914
0.1309283327377709
0.1309288964032480
0.1309295334756689
0.1309302449967962
0.1309310321243508
0.1309318961322662
0.1309328384100840
0.1309338604628958
0.1309349639102867
0.1309361504862933
0.1309374220375752
0.1309387805223470
0.1309402280082790
0.1309417666701499
0.1309433987867544
0.1309451267368989
0.1309469529950033
0.1309488801248283
0.1309509107728570
0.1309530476595551
0.1309552935691129
0.1309576513372490
0.1309601238364625
0.1309627139581790
0.1309654245923415
0.1309682586020548
0.1309712187941507
0.1309743078834705
0.1309775284511450
0.1309808828940688
0.1309843733647230
0.1309880016984130
0.1309917693261485
0.1309956771679387
0.1309997255027494
0.1310039138066997
0.1310082405507475
0.1310127029404111
0.1310172965758459
0.1310220149872288
0.1310268489687978
0.1310317855368559
0.1310368060303806
0.1310369868614378
0.1310319701412136
0.1310270372976874
0.1310222069898121
0.1310174921987753
0.1310129021273539
0.1310084432426689
0.1310041199418274
0.1309999350163108
0.1309958899928399
0.1309919853925860
0.1309882209343055
0.1309845956957559
0.1309811082439218
0.1309777567415871
0.1309745390345790
0.1309714527247327
0.1309684952295811
0.1309656638330416
0.1309629557274843
0.1309603680489572
0.1309578979072242
0.1309555424101122
0.1309532986851470
0.1309511638962697
0.1309491352594707
0.1309472100543512
0.1309453856346523
0.1309436594369014
0.1309420289872500
0.1309404919071083
0.1309390459184817
0.1309376888470123
0.1309364186257937
0.1309352332971452
0.1309341310150076
0.1309331100462090
0.1309321687715886
0.1309313056868494
0.1309305194030829
0.1309298086470105
0.1309291722613336
0.1309286092048272
0.1309281185522970
0.1309276994945935
0.1309273513382113
0.1309270735059023
0.1309268655355778
0.1309267270810356
0.1309266579114817
0.1309266579114817
0.1309267270810356
0.1309268655355778
0.1309270735059023
0.1309273513382113
0.1309276994945935
0.1309281185522970
0.1309286092048272
0.1309291722613336
0.1309298086470105
0.1309305194030829
0.1309313056868494
0.1309321687715886
0.1309331100462089
0.1309341310150076
0.1309352332971452
0.1309364186257937
0.1309376888470123
0.1309390459184817
0.1309404919071083
0.1309420289872500
0.1309436594369014
0.1309453856346523
0.1309472100543512
0.1309491352594707
0.1309511638962697
0.1309532986851470
0.1309555424101122
0.1309578979072242
0.1309603680489572
0.1309629557274843
0.1309656638330416
0.1309684952295811
0.1309714527247327
0.1309745390345790
0.1309777567415871
0.1309811082439218
0.1309845956957559
0.1309882209343055
0.1309919853925860
0.1309958899928399
0.1309999350163108
0.1310041199418274
0.1310084432426689
0.1310129021273539
0.1310174921987753
0.1310222069898121
0.1310270372976874
0.1310319701412136
0.1310369868614378
0.1310372133590581
0.1310322013758294
0.1310272732083042
0.1310224475124933
0.1310177372662847
0.1310131516690803
0.1310086971841968
0.1310043782053241
0.1310001975205845
0.1309961566530945
0.1309922561211058
0.1309884956402546
0.1309848742856132
0.1309813906215420
0.1309780428085953
0.1309748286905469
0.1309717458672898
0.1309687917547766
0.1309659636355320
0.1309632587009381
0.1309606740861309
0.1309582069000225
0.1309558542501209
0.1309536132634573
0.1309514811040131
0.1309494549878487
0.1309475321946511
0.1309457100785742
0.1309439860764017
0.1309423577150384
0.1309408226164978
0.1309393785033706
0.1309380232021895
0.1309367546465657
0.1309355708799450
0.1309344700570204
0.1309334504454837
0.1309325104270715
0.1309316484982089
0.1309308632707165
0.1309301534723473
0.1309295179462814
0.1309289556521443
0.1309284656653758
0.1309280471770376
0.1309276994945935
0.1309274220407362
0.1309272143540388
0.1309270760884465
0.1309270070132881
0.1309270070132881
0.1309270760884465
0.1309272143540388
0.1309274220407362
0.1309276994945935
0.1309280471770376
0.1309284656653758
0.1309289556521443
0.1309295179462814
0.1309301534723473
0.1309308632707165
0.1309316484982089
0.1309325104270715
0.1309334504454837
0.1309344700570204
0.1309355708799450
0.1309367546465657
0.1309380232021895
0.1309393785033706
0.1309408226164978
0.1309423577150384
0.1309439860764017
0.1309457100785742
0.1309475321946511
0.1309494549878487
0.1309514811040131
0.1309536132634573
0.1309558542501209
0.1309582069000225
0.1309606740861309
0.1309632587009381
0.1309659636355320
0.1309687917547766
0.1309717458672898
0.1309748286905469
0.1309780428085953
0.1309813906215420
0.1309848742856132
0.1309884956402546
0.1309922561211058
0.1309961566530945
0.1310001975205845
0.1310043782053241
0.1310086971841968
0.1310131516690803
0.1310177372662847
0.1310224475124933
0.1310272732083042
0.1310322013758294
0.1310372133590581
0.1310374858287628
0.1310324795600403
0.1310275570333630
0.1310227369014131
0.1310180321376719
0.1310134519375384
0.1310090027598667
0.1310046889940287
0.1310005134238884
0.1309964775686277
0.1309925819425383
0.1309888262576427
0.1309852095857447
0.1309817304880667
0.1309783871223819
0.1309751773300395
0.1309720987086040
0.1309691486721826
0.1309663245018457
0.1309636233873114
0.1309610424628068
0.1309585788365536
0.1309562296153848
0.1309539919260761
0.1309518629324867
0.1309498398507029
0.1309479199607149
0.1309461006170330
0.1309443792572934
0.1309427534086864
0.1309412206942831
0.1309397788373882
0.1309384256655267
0.1309371591134490
0.1309359772255037
0.1309348781574296
0.1309338601779935
0.1309329216699237
0.1309320611307412
0.1309312771733645
0.1309305685262167
0.1309299340335845
0.1309293726558155
0.1309288834690064
0.1309284656653758
0.1309281185522970
0.1309278415534914
0.1309276342076950
0.1309274961691379
0.1309274272074519
0.1309274272074519
0.1309274961691379
0.1309276342076950
0.1309278415534914
0.1309281185522970
0.1309284656653758
0.1309288834690064
0.1309293726558155
0.1309299340335845
0.1309305685262167
0.1309312771733645
0.1309320611307412
0.1309329216699237
0.1309338601779935
0.1309348781574296
0.1309359772255037
0.1309371591134490
0.1309384256655267
0.1309397788373882
0.1309412206942831
0.1309427534086864
0.1309443792572934
0.1309461006170330
0.1309479199607149
0.1309498398507029
0.1309518629324867
0.1309539919260761
0.1309562296153848
0.1309585788365536
0.1309610424628068
0.1309636233873114
0.1309663245018457
0.1309691486721826
0.1309720987086040
0.1309751773300395
0.1309783871223819
0.1309817304880667
0.1309852095857447
0.1309888262576427
0.1309925819425383
0.1309964775686277
0.1310005134238884
0.1310046889940287
0.1310090027598667
0.1310134519375384
0.1310180321376719
0.1310227369014131
0.1310275570333630
0.1310324795600403
0.1310374858287628
0.1310378046366703
0.1310328050765476
0.1310278891721488
0.1310230755718049
0.1310183772442230
0.1310138033795208
0.1310093604315768
0.1310050527844083
0.1310008832170352
0.1309968532437970
0.1309929633743838
0.1309892133167182
0.1309856021384381
0.1309821283973014
0.1309787902477700
0.1309755855282750
0.1309725118337494
0.1309695665761934
0.1309667470347675
0.1309640503976650
0.1309614737978968
0.1309590143427428
0.1309566691385744
0.1309544353117092
0.1309523100260401
0.1309502904975741
0.1309483740069065
0.1309465579090766
0.1309448396422375
0.1309432167346283
0.1309416868102130
0.1309402475934451
0.1309388969129714
0.1309376327047285
0.1309364530142958
0.1309353559986708
0.1309343399279723
0.1309334031861227
0.1309325442720033
0.1309317617995037
0.1309310544983434
0.1309304212138600
0.1309298609073626
0.1309293726558155
0.1309289556521443
0.1309286092048272
0.1309283327377709
0.1309281257903267
0.1309279880172537
0.1309279191882338
0.1309279191882338
0.1309279880172537
0.1309281257903267
0.1309283327377709
0.1309286092048272
0.1309289556521443
0.1309293726558155
0.1309298609073626
0.1309304212138600
0.1309310544983434
0.1309317617995037
0.1309325442720033
0.1309334031861227
0.1309343399279723
0.1309353559986708
0.1309364530142958
0.1309376327047285
0.1309388969129714
0.1309402475934451
0.1309416868102130
0.1309432167346283
0.1309448396422375
0.1309465579090766
0.1309483740069065
0.1309502904975741
0.1309523100260401
0.1309544353117092
0.1309566691385744
0.1309590143427428
0.1309614737978968
0.1309640503976650
0.1309667470347675
0.1309695665761934
0.1309725118337494
0.1309755855282750
0.1309787902477700
0.1309821283973014
0.1309856021384381
0.1309892133167182
0.1309929633743838
0.1309968532437970
0.1310008832170352
0.1310050527844083
0.1310093604315768
0.1310138033795208
0.1310183772442230
0.1310230755718049
0.1310278891721488
0.1310328050765476
0.1310378046366703
0.1310381702095109
0.1310331783717564
0.1310282700902682
0.1310234640083268
0.1310187730889824
0.1310142065164672
0.1310097707382326
0.1310054701327333
0.1310013074728760
0.1309972842676122
0.1309934010211473
0.1309896574367203
0.1309860525771744
0.1309825849962301
0.1309792528445879
0.1309760539571540
0.1309729859263154
0.1309700461612175
0.1309672319388943
0.1309645404460946
0.1309619688143502
0.1309595141499339
0.1309571735586235
0.1309549441663867
0.1309528231371611
0.1309508076872011
0.1309488950975464
0.1309470827239094
0.1309453680054065
0.1309437484712655
0.1309422217467598
0.1309407855573851
0.1309394377334543
0.1309381762121970
0.1309369990407273
0.1309359043776427
0.1309348904944152
0.1309339557765707
0.1309330987243424
0.1309323179531054
0.1309316121939237
0.1309309802933309
0.1309304212138601
0.1309299340335845
0.1309295179462814
0.1309291722613336
0.1309288964032480
0.1309286899121208
0.1309285524429281
0.1309284837658455
0.1309284837658455
0.1309285524429281
0.1309286899121208
0.1309288964032480
0.1309291722613336
0.1309295179462814
0.1309299340335845
0.1309304212138601
0.1309309802933309
0.1309316121939237
0.1309323179531054
0.1309330987243424
0.1309339557765707
0.1309348904944152
0.1309359043776427
0.1309369990407273
0.1309381762121970
0.1309394377334543
0.1309407855573851
0.1309422217467598
0.1309437484712655
0.1309453680054065
0.1309470827239094
0.1309488950975464
0.1309508076871992
0.1309528231371611
0.1309549441663867
0.1309571735586235
0.1309595141499339
0.1309619688143502
0.1309645404460946
0.1309672319388943
0.1309700461612175
0.1309729859263154
0.1309760539571540
0.1309792528445879
0.1309825849962301
0.1309860525771744
0.1309896574367203
0.1309934010211473
0.1309972842676122
0.1310013074728760
0.1310054701327333
0.1310097707382326
0.1310142065164672
0.1310187730889824
0.1310234640083268
0.1310282700902682
0.1310331783717564
0.1310381702095109
0.1310385830341491
0.1310335999548662
0.1310287003192443
0.1310239027644531
0.1310192202470607
0.1310146619441520
0.1310102342964277
0.1310059416752880
0.1310017868469769
0.1309977713140242
0.1309938955747714
0.1309901593264921
0.1309865616271521
0.1309831010256048
0.1309797756682040
0.1309765833862240
0.1309735217687050
0.1309705882219867
0.1309677800207905
0.1309650943499154
0.1309625283395681
0.1309600790950045
0.1309577437211663
0.1309555193439620
0.1309534031273131
0.1309513922877970
0.1309494841071693
0.1309476759419306
0.1309459652324986
0.1309443495091456
0.1309428263985859
0.1309413936282095
0.1309400490295105
0.1309387905416857
0.1309376162136374
0.1309365242055653
0.1309355127908914
0.1309345803568046
0.1309337254052932
0.1309329465533201
0.1309322425334627
0.1309316121939237
0.1309310544983434
0.1309305685262167
0.1309301534723473
0.1309298086470105
0.1309295334756689
0.1309293274989469
0.1309291903725164
0.1309291218666034
0.1309291218666032
0.1309291903725164
0.1309293274989469
0.1309295334756689
0.1309298086470105
0.1309301534723473
0.1309305685262167
0.1309310544983434
0.1309316121939237
0.1309322425334627
0.1309329465533201
0.1309337254052932
0.1309345803568046
0.1309355127908914
0.1309365242055654
0.1309376162136374
0.1309387905416857
0.1309400490295105
0.1309413936282095
0.1309428263985859
0.1309443495091456
0.1309459652324986
0.1309476759419306
0.1309494841071693
0.1309513922877970
0.1309534031273131
0.1309555193439620
0.1309577437211663
0.1309600790950045
0.1309625283395681
0.1309650943499154
0.1309677800207905
0.1309705882219867
0.1309735217687050
0.1309765833862240
0.1309797756682040
0.1309831010256048
0.1309865616271521
0.1309901593264921
0.1309938955747714
0.1309977713140242
0.1310017868469769
0.1310059416752880
0.1310102342964277
0.1310146619441520
0.1310192202470607
0.1310239027644531
0.1310287003192443
0.1310335999548662
0.1310385830341491
0.1310390436572773
0.1310340703984444
0.1310291804567512
0.1310243924627496
0.1310197193653060
0.1310151703334449
0.1310107518000471
0.1310064681284877
0.1310023220775359
0.1309983151423223
0.1309944478143475
0.1309907197847567
0.1309871301054033
0.1309836773198813
0.1309803595698268
0.1309771746824274
0.1309741202427291
0.1309711936543513
0.1309683921892778
0.1309657130303569
0.1309631533061942
0.1309607101210192
0.1309583805792412
0.1309561618064471
0.1309540509668351
0.1309520452775112
0.1309501420209787
0.1309483385549592
0.1309466323210781
0.1309450208511967
0.1309435017737794
0.1309420728180186
0.1309407318173852
0.1309394767130988
0.1309383055559618
0.1309372165084549
0.1309362078460151
0.1309352779577865
0.1309344253477207
0.1309336486348000
0.1309329465533201
0.1309323179531054
0.1309317617995037
0.1309312771733645
0.1309308632707165
0.1309305194030830
0.1309302449967962
0.1309300395931251
0.1309299028483848
0.1309298345332728
0.1309298345332728
0.1309299028483848
0.1309300395931251
0.1309302449967962
0.1309305194030830
0.1309308632707165
0.1309312771733645
0.1309317617995037
0.1309323179531054
0.1309329465533201
0.1309336486348000
0.1309344253477207
0.1309352779577865
0.1309362078460151
0.1309372165084549
0.1309383055559618
0.1309394767130988
0.1309407318173852
0.1309420728180186
0.1309435017737794
0.1309450208511967
0.1309466323210781
0.1309483385549592
0.1309501420209787
0.1309520452775112
0.1309540509668351
0.1309561618064471
0.1309583805792412
0.1309607101210192
0.1309631533061942
0.1309657130303569
0.1309683921892778
0.1309711936543513
0.1309741202427291
0.1309771746824274
0.1309803595698268
0.1309836773198813
0.1309871301054033
0.1309907197847567
0.1309944478143475
0.1309983151423223
0.1310023220775359
0.1310064681284877
0.1310107518000471
0.1310151703334447
0.1310197193653060
0.1310243924627496
0.1310291804567512
0.1310340703984444
0.1310390436572771
0.1310395526851010
0.1310345903373497
0.1310297111662339
0.1310249337944648
0.1310202711622478
0.1310157324297465
0.1310113240204981
0.1310070502890780
0.1310029139856047
0.1309989165971083
0.1309950586073480
0.1309913397003128
0.1309877589213692
0.1309843148082786
0.1309810054972471
0.1309778288108080
0.1309747823302218
0.1309718634555150
0.1309690694560835
0.1309663975126159
0.1309638447520227
0.1309614082776079
0.1309590851932236
0.1309568726244271
0.1309547677355246
0.1309527677445489
0.1309508699349921
0.1309490716660431
0.1309473703807265
0.1309457636130242
0.1309442489932085
0.1309428242526501
0.1309414872272629
0.1309402358603589
0.1309390682053902
0.1309379824270890
0.1309369768032292
0.1309360497254790
0.1309351996999069
0.1309344253477207
0.1309337254052932
0.1309330987243424
0.1309325442720033
0.1309320611307412
0.1309316484982089
0.1309313056868494
0.1309310321243529
0.1309308273527958
0.1309306910290993
0.1309306229243844
0.1309306229243844
0.1309306910290993
0.1309308273527958
0.1309310321243529
0.1309313056868494
0.1309316484982089
0.1309320611307412
0.1309325442720033
0.1309330987243424
0.1309337254052932
0.1309344253477207
0.1309351996999069
0.1309360497254790
0.1309369768032292
0.1309379824270890
0.1309390682053902
0.1309402358603589
0.1309414872272629
0.1309428242526501
0.1309442489932085
0.1309457636130242
0.1309473703807265
0.1309490716660431
0.1309508699349921
0.1309527677445489
0.1309547677355246
0.1309568726244271
0.1309590851932236
0.1309614082776079
0.1309638447520227
0.1309663975126159
0.1309690694560835
0.1309718634555150
0.1309747823302218
0.1309778288108080
0.1309810054972471
0.1309843148082786
0.1309877589213692
0.1309913397003128
0.1309950586073480
0.1309989165971083
0.1310029139856047
0.1310070502890780
0.1310113240204981
0.1310157324297465
0.1310202711622478
0.1310249337944648
0.1310297111662339
0.1310345903373497
0.1310395526851010
0.1310401107825591
0.1310351604685192
0.1310302931761815
0.1310255275194866
0.1310208764284947
0.1310163490531789
0.1310119518068726
0.1310076890341502
0.1310035634754518
0.1309995766086787
0.1309957289090075
0.1309920200525392
0.1309884490773695
0.1309850145145310
0.1309817144946890
0.1309785468352119
0.1309755091129334
0.1309725987244879
0.1309698129363019
0.1309671489266035
0.1309646038209554
0.1309621747215126
0.1309598587317633
0.1309576529773362
0.1309555546230418
0.1309535608878780
0.1309516690567121
0.1309498764902792
0.1309481806336701
0.1309465790230506
0.1309450692910833
0.1309436491716092
0.1309423165032074
0.1309410692320104
0.1309399054140581
0.1309388232170100
0.1309378209213135
0.1309368969211984
0.1309360497254790
0.1309352779577865
0.1309345803568046
0.1309339557765707
0.1309334031861226
0.1309329216699237
0.1309325104270715
0.1309321687715886
0.1309318961322662
0.1309316920523124
0.1309315561891633
0.1309314883146563
0.1309314883146563
0.1309315561891633
0.1309316920523124
0.1309318961322662
0.1309321687715886
0.1309325104270715
0.1309329216699237
0.1309334031861226
0.1309339557765707
0.1309345803568042
0.1309352779577865
0.1309360497254790
0.1309368969211984
0.1309378209213135
0.1309388232170100
0.1309399054140581
0.1309410692320104
0.1309423165032074
0.1309436491716092
0.1309450692910833
0.1309465790230506
0.1309481806336701
0.1309498764902792
0.1309516690567121
0.1309535608878780
0.1309555546230418
0.1309576529773362
0.1309598587317633
0.1309621747215126
0.1309646038209554
0.1309671489266035
0.1309698129363019
0.1309725987244879
0.1309755091129334
0.1309785468352119
0.1309817144946890
0.1309850145145310
0.1309884490773695
0.1309920200525392
0.1309957289090075
0.1309995766086787
0.1310035634754518
0.1310076890341502
0.1310119518068726
0.1310163490531789
0.1310208764284947
0.1310255275194866
0.1310302931761815
0.1310351604685192
0.1310401107825591
0.1310407186727889
0.1310357815506544
0.1310309272803403
0.1310261744656916
0.1310215360255488
0.1310170210983101
0.1310126360858065
0.1310083853213036
0.1310042715346930
0.1310002961934078
0.1309964597634248
0.1309927619116757
0.1309892016684525
0.1309857775577330
0.1309824877037214
0.1309793299183143
0.1309763017737518
0.1309734006627060
0.1309706238485643
0.1309679685073916
0.1309654317630606
0.1309630107168738
0.1309607024717968
0.1309585041539592
0.1309564129290255
0.1309544260170601
0.1309525407046936
0.1309507543546815
0.1309490644145490
0.1309474684227503
0.1309459640150101
0.1309445489281314
0.1309432210034894
0.1309419781907544
0.1309408185488413
0.1309397402486268
0.1309387415735918
0.1309378209213135
0.1309369768032292
0.1309362078460151
0.1309355127908914
0.1309348904944152
0.1309343399279723
0.1309338601779935
0.1309334504454837
0.1309331100462092
0.1309328384100840
0.1309326350815853
0.1309324997189960
0.1309324320945585
0.1309324320945585
0.1309324997189960
0.1309326350815853
0.1309328384100840
0.1309331100462089
0.1309334504454837
0.1309338601779935
0.1309343399279723
0.1309348904944152
0.1309355127908914
0.1309362078460151
0.1309369768032292
0.1309378209213135
0.1309387415735918
0.1309397402486268
0.1309408185488413
0.1309419781907544
0.1309432210034894
0.1309445489281314
0.1309459640150101
0.1309474684227503
0.1309490644145490
0.1309507543546815
0.1309525407046936
0.1309544260170601
0.1309564129290255
0.1309585041539592
0.1309607024717968
0.1309630107168738
0.1309654317630606
0.1309679685073916
0.1309706238485643
0.1309734006627060
0.1309763017737518
0.1309793299183143
0.1309824877037214
0.1309857775577330
0.1309892016684525
0.1309927619116757
0.1309964597634248
0.1310002961934078
0.1310042715346930
0.1310083853213036
0.1310126360858065
0.1310170210983101
0.1310215360255488
0.1310261744656916
0.1310309272803403
0.1310357815506544
0.1310407186727889
0.1310413771363870
0.1310364544032971
0.1310316143368616
0.1310268755290640
0.1310222508863912
0.1310177495342046
0.1310133778613857
0.1310091401888067
0.1310050392341891
0.1310010764538300
0.1309972523029958
0.1309935664390717
0.1309900178835704
0.1309866051526595
0.1309833263635894
0.1309801793224079
0.1309771615964170
0.1309742705741667
0.1309715035158734
0.1309688575953985
0.1309663299349581
0.1309639176351167
0.1309616177988929
0.1309594275527026
0.1309573440634088
0.1309553645527746
0.1309534863093835
0.1309517066985950
0.1309500231703881
0.1309484332666676
0.1309469346262126
0.1309455249891063
0.1309442022006120
0.1309429642135309
0.1309418090908763
0.1309407350068466
0.1309397402486268
0.1309388232170100
0.1309379824270890
0.1309372165084549
0.1309365242055656
0.1309359043776426
0.1309353559986708
0.1309348781574296
0.1309344700570204
0.1309341310150076
0.1309338604628958
0.1309336579461556
0.1309335231242885
0.1309334557701675
0.1309334557701675
0.1309335231242885
0.1309336579461556
0.1309338604628958
0.1309341310150076
0.1309344700570204
0.1309348781574296
0.1309353559986708
0.1309359043776426
0.1309365242055656
0.1309372165084549
0.1309379824270890
0.1309388232170100
0.1309397402486268
0.1309407350068466
0.1309418090908763
0.1309429642135309
0.1309442022006120
0.1309455249891063
0.1309469346262126
0.1309484332666676
0.1309500231703881
0.1309517066985950
0.1309534863093835
0.1309553645527746
0.1309573440634088
0.1309594275527026
0.1309616177988929
0.1309639176351167
0.1309663299349581
0.1309688575953985
0.1309715035158734
0.1309742705741667
0.1309771615964170
0.1309801793224079
0.1309833263635894
0.1309866051526595
0.1309900178835704
0.1309935664390717
0.1309972523029958
0.1310010764538300
0.1310050392341891
0.1310091401888067
0.1310133778613857
0.1310177495342046
0.1310222508863912
0.1310268755290640
0.1310316143368616
0.1310364544032971
0.1310413771363870
0.1310420870102751
0.1310371799061355
0.1310323552672192
0.1310276316727010
0.1310230220147386
0.1310185354040550
0.1310141782152693
0.1310099547552440
0.1310058677283777
0.1310019185784694
0.1309981077492335
0.1309944348874671
0.1309908990050966
0.1309874986097289
0.1309842318112008
0.1309810964093641
0.1309780899660359
0.1309752098657838
0.1309724533654508
0.1309698176365693
0.1309672998001022
0.1309648969558909
0.1309626062072080
0.1309604246811714
0.1309583495463872
0.1309563780264870
0.1309545074126514
0.1309527350730245
0.1309510584610010
0.1309494751221131
0.1309479826986931
0.1309465789349449
0.1309452616801687
0.1309440288912867
0.1309428786353914
0.1309418090908763
0.1309408185488413
0.1309399054140581
0.1309390682053902
0.1309383055559618
0.1309376162136374
0.1309369990407273
0.1309364530142958
0.1309359772255037
0.1309355708799451
0.1309352332971452
0.1309349639102867
0.1309347622664530
0.1309346280258281
0.1309345609620533
0.1309345609620533
0.1309346280258282
0.1309347622664530
0.1309349639102867
0.1309352332971452
0.1309355708799451
0.1309359772255037
0.1309364530142958
0.1309369990407273
0.1309376162136374
0.1309383055559618
0.1309390682053902
0.1309399054140581
0.1309408185488413
0.1309418090908763
0.1309428786353914
0.1309440288912867
0.1309452616801687
0.1309465789349449
0.1309479826986931
0.1309494751221131
0.1309510584610010
0.1309527350730245
0.1309545074126514
0.1309563780264870
0.1309583495463872
0.1309604246811714
0.1309626062072080
0.1309648969558908
0.1309672998001022
0.1309698176365693
0.1309724533654507
0.1309752098657838
0.1309780899660359
0.1309810964093641
0.1309842318112008
0.1309874986097289
0.1309908990050966
0.1309944348874671
0.1309981077492335
0.1310019185784694
0.1310058677283777
0.1310099547552440
0.1310141782152693
0.1310185354040550
0.1310230220147386
0.1310276316727010
0.1310323552672192
0.1310371799061355
0.1310420870102751
0.1310428491869363
0.1310379589979241
0.1310331510563383
0.1310284439263815
0.1310238504843047
0.1310193798246428
0.1310150383058936
0.1310108302193931
0.1310067582548082
0.1310028238423366
0.1309990274126770
0.1309953686011197
0.1309918464092870
0.1309884593354897
0.1309852054816436
0.1309820826408855
0.1309790883695327
0.1309762200476851
0.1309734749290761
0.1309708501828541
0.1309683429288823
0.1309659502665736
0.1309636692997837
0.1309614971569734
0.1309594310084916
0.1309574680807342
0.1309556056676339
0.1309538411410812
0.1309521719583648
0.1309505956688036
0.1309491099195345
0.1309477124591707
0.1309464011414967
0.1309451739283618
0.1309440288912867
0.1309429642135309
0.1309419781907544
0.1309410692320104
0.1309402358603589
0.1309394767130988
0.1309387905416857
0.1309381762121970
0.1309376327047285
0.1309371591134490
0.1309367546465657
0.1309364186257937
0.1309361504862933
0.1309359497766064
0.1309358161580363
0.1309357494052161
0.1309357494052161
0.1309358161580363
0.1309359497766064
0.1309361504862933
0.1309364186257937
0.1309367546465657
0.1309371591134490
0.1309376327047285
0.1309381762121970
0.1309387905416857
0.1309394767130988
0.1309402358603589
0.1309410692320104
0.1309419781907544
0.1309429642135309
0.1309440288912867
0.1309451739283618
0.1309464011414967
0.1309477124591707
0.1309491099195345
0.1309505956688034
0.1309521719583648
0.1309538411410812
0.1309556056676339
0.1309574680807342
0.1309594310084916
0.1309614971569734
0.1309636692997837
0.1309659502665736
0.1309683429288823
0.1309708501828541
0.1309734749290761
0.1309762200476851
0.1309790883695327
0.1309820826408855
0.1309852054816436
0.1309884593354897
0.1309918464092870
0.1309953686011197
0.1309990274126770
0.1310028238423366
0.1310067582548082
0.1310108302193931
0.1310150383058936
0.1310193798246428
0.1310238504843047
0.1310284439263815
0.1310331510563383
0.1310379589979241
0.1310428491869363
0.1310436646123661
0.1310387926753417
0.1310340027506345
0.1310293133856737
0.1310247374387006
0.1310202839860972
0.1310159593685261
0.1310117678601718
0.1310077121344891
0.1310037936063165
0.1310000126925297
0.1309963690158267
0.1309928615663905
0.1309894888326258
0.1309862489082369
0.1309831395788537
0.1309801583953395
0.1309773027332994
0.1309745698429602
0.1309719568917733
0.1309694609984463
0.1309670792623673
0.1309648087884085
0.1309626467067332
0.1309605901901330
0.1309586364681411
0.1309567828385498
0.1309550266771525
0.1309533654457862
0.1309517966987089
0.1309503180879548
0.1309489273673440
0.1309476223962336
0.1309464011414967
0.1309452616801687
0.1309442022006120
0.1309432210034894
0.1309423165032074
0.1309414872272627
0.1309407318173853
0.1309400490295105
0.1309394377334543
0.1309388969129714
0.1309384256655267
0.1309380232021895
0.1309376888470123
0.1309374220375752
0.1309372223238655
0.1309370893686275
0.1309370229472041
0.1309370229472041
0.1309370893686275
0.1309372223238655
0.1309374220375752
0.1309376888470123
0.1309380232021895
0.1309384256655267
0.1309388969129714
0.1309394377334543
0.1309400490295105
0.1309407318173853
0.1309414872272627
0.1309423165032074
0.1309432210034894
0.1309442022006120
0.1309452616801688
0.1309464011414967
0.1309476223962336
0.1309489273673440
0.1309503180879548
0.1309517966987089
0.1309533654457862
0.1309550266771525
0.1309567828385498
0.1309586364681411
0.1309605901901330
0.1309626467067332
0.1309648087884085
0.1309670792623673
0.1309694609984463
0.1309719568917733
0.1309745698429602
0.1309773027332994
0.1309801583953395
0.1309831395788537
0.1309862489082369
0.1309894888326258
0.1309928615663905
0.1309963690158267
0.1310000126925297
0.1310037936063165
0.1310077121344891
0.1310117678601718
0.1310159593685261
0.1310202839860972
0.1310247374387006
0.1310293133856737
0.1310340027506345
0.1310387926753417
0.1310436646123658
0.1310445342853131
0.1310396819918951
0.1310349114574977
0.1310302412107676
0.1310256840898568
0.1310212491508224
0.1310169427144645
0.1310127690359673
0.1310087307708613
0.1310048293172917
0.1310010650768999
0.1309974376584824
0.1309939460401972
0.1309905886999034
0.1309873637220192
0.1309842688849646
0.1309813017334853
0.1309784596385942
0.1309757398477876
0.1309731395263000
0.1309706557922186
0.1309682857455744
0.1309660264925882
0.1309638751656864
0.1309618289409641
0.1309598850514965
0.1309580407996076
0.1309562935659443
0.1309546408175950
0.1309530801143947
0.1309516091142286
0.1309502255767904
0.1309489273673440
0.1309477124591707
0.1309465789349449
0.1309455249891063
0.1309445489281314
0.1309436491716092
0.1309428242526500
0.1309420728180186
0.1309413936282114
0.1309407855573851
0.1309402475934451
0.1309397788373882
0.1309393785033706
0.1309390459184817
0.1309387805223470
0.1309385818669419
0.1309384496165140
0.1309383835472666
0.1309383835472666
0.1309384496165140
0.1309385818669419
0.1309387805223470
0.1309390459184817
0.1309393785033706
0.1309397788373882
0.1309402475934451
0.1309407855573851
0.1309413936282114
0.1309420728180186
0.1309428242526500
0.1309436491716092
0.1309445489281314
0.1309455249891063
0.1309465789349449
0.1309477124591707
0.1309489273673440
0.1309502255767904
0.1309516091142286
0.1309530801143947
0.1309546408175950
0.1309562935659443
0.1309580407996076
0.1309598850514965
0.1309618289409641
0.1309638751656864
0.1309660264925882
0.1309682857455744
0.1309706557922186
0.1309731395263000
0.1309757398477876
0.1309784596385942
0.1309813017334853
0.1309842688849646
0.1309873637220192
0.1309905886999034
0.1309939460401972
0.1309974376584824
0.1310010650768999
0.1310048293172917
0.1310087307708613
0.1310127690359673
0.1310169427144645
0.1310212491508224
0.1310256840898568
0.1310302412107678
0.1310349114574977
0.1310396819918951
0.1310445342853131
0.1310454592546395
0.1310406280554509
0.1310358783432518
0.1310312286253986
0.1310266917174100
0.1310222766527593
0.1310179897302886
0.1310138351840245
0.1310098156497855
0.1310059325074218
0.1310021861419206
0.1309985761472091
0.1309951014882042
0.1309917606315143
0.1309885516519577
0.1309854723201742
0.1309825201749087
0.1309796925826043
0.1309769867877731
0.1309743999541154
0.1309719291996938
0.1309695716252968
0.1309673243393325
0.1309651844772619
0.1309631492188899
0.1309612158020483
0.1309593815342087
0.1309576438015463
0.1309560000775308
0.1309544479282815
0.1309529850183078
0.1309516091142286
0.1309503180879549
0.1309491099195349
0.1309479826986931
0.1309469346262126
0.1309459640150101
0.1309450692910833
0.1309442489932085
0.1309435017737794
0.1309428263985858
0.1309422217467598
0.1309416868102130
0.1309412206942830
0.1309408226164978
0.1309404919071083
0.1309402280082790
0.1309400304740728
0.1309398989701287
0.1309398332739034
0.1309398332739034
0.1309398989701287
0.1309400304740728
0.1309402280082790
0.1309404919071083
0.1309408226164978
0.1309412206942830
0.1309416868102130
0.1309422217467598
0.1309428263985858
0.1309435017737794
0.1309442489932085
0.1309450692910832
0.1309459640150101
0.1309469346262126
0.1309479826986931
0.1309491099195349
0.1309503180879549
0.1309516091142286
0.1309529850183078
0.1309544479282815
0.1309560000775308
0.1309576438015463
0.1309593815342087
0.1309612158020483
0.1309631492188899
0.1309651844772619
0.1309673243393325
0.1309695716252968
0.1309719291996938
0.1309743999541154
0.1309769867877731
0.1309796925826043
0.1309825201749087
0.1309854723201742
0.1309885516519577
0.1309917606315143
0.1309951014882042
0.1309985761472091
0.1310021861419206
0.1310059325074218
0.1310098156497855
0.1310138351840245
0.1310179897302886
0.1310222766527593
0.1310266917174100
0.1310312286253986
0.1310358783432518
0.1310406280554509
0.1310454592546395
0.1310464406176979
0.1310416320270881
0.1310369046318641
0.1310322769150944
0.1310277616671104
0.1310233678961073
0.1310191018766497
0.1310149678194110
0.1310109683383967
0.1310071047934308
0.1310033775515011
0.1309997861902479
0.1309963296604995
0.1309930064167275
0.1309898145238908
0.1309867517444951
0.1309838156108879
0.1309810034854872
0.1309783126099624
0.1309757401469397
0.1309732832147980
0.1309709389160027
0.1309687043615849
0.1309665766910902
0.1309645530888999
0.1309626307983561
0.1309608071329809
0.1309590794858271
0.1309574453371598
0.1309559022607258
0.1309544479282815
0.1309530801143947
0.1309517966987090
0.1309505956688034
0.1309494751221131
0.1309484332666675
0.1309474684227503
0.1309465790230506
0.1309457636130242
0.1309450208511968
0.1309443495091456
0.1309437484712655
0.1309432167346283
0.1309427534086863
0.1309423577150384
0.1309420289872500
0.1309417666701499
0.1309415703202919
0.1309414396050337
0.1309413743027679
0.1309413743027679
0.1309414396050337
0.1309415703202919
0.1309417666701499
0.1309420289872500
0.1309423577150384
0.1309427534086863
0.1309432167346283
0.1309437484712655
0.1309443495091456
0.1309450208511968
0.1309457636130242
0.1309465790230506
0.1309474684227503
0.1309484332666676
0.1309494751221131
0.1309505956688034
0.1309517966987090
0.1309530801143947
0.1309544479282815
0.1309559022607258
0.1309574453371598
0.1309590794858271
0.1309608071329809
0.1309626307983561
0.1309645530888999
0.1309665766910902
0.1309687043615849
0.1309709389160027
0.1309732832147980
0.1309757401469397
0.1309783126099624
0.1309810034854872
0.1309838156108879
0.1309867517444951
0.1309898145238908
0.1309930064167275
0.1309963296604995
0.1309997861902479
0.1310033775515011
0.1310071047934308
0.1310109683383967
0.1310149678194110
0.1310191018766497
0.1310233678961073
0.1310277616671104
0.1310322769150944
0.1310369046318641
0.1310416320270881
0.1310464406176979
0.1310474795170663
0.1310426951181366
0.1310379916022048
0.1310333874251300
0.1310288953489577
0.1310245243538457
0.1310202806871022
0.1310161685337822
0.1310121904839849
0.1310083478756357
0.1310046410559418
0.1310010695851652
0.1309976323988754
0.1309943279388991
0.1309911542595309
0.1309881091151285
0.1309851900319238
0.1309823943681163
0.1309797193629859
0.1309771621787848
0.1309747199346668
0.1309723897357328
0.1309701686966306
0.1309680539615666
0.1309660427207621
0.1309641322240688
0.1309623197921845
0.1309606028258099
0.1309589788134573
0.1309574453371598
0.1309560000775308
0.1309546408175951
0.1309533654457862
0.1309521719583648
0.1309510584610010
0.1309500231703881
0.1309490644145490
0.1309481806336701
0.1309473703807265
0.1309466323210781
0.1309459652324986
0.1309453680054065
0.1309448396422374
0.1309443792572935
0.1309439860764017
0.1309436594369014
0.1309433987867549
0.1309432036847860
0.1309430738004863
0.1309430089133671
0.1309430089133671
0.1309430738004863
0.1309432036847860
0.1309433987867549
0.1309436594369014
0.1309439860764017
0.1309443792572934
0.1309448396422374
0.1309453680054065
0.1309459652324986
0.1309466323210781
0.1309473703807265
0.1309481806336701
0.1309490644145490
0.1309500231703881
0.1309510584610010
0.1309521719583648
0.1309533654457862
0.1309546408175951
0.1309560000775308
0.1309574453371598
0.1309589788134573
0.1309606028258099
0.1309623197921845
0.1309641322240688
0.1309660427207621
0.1309680539615666
0.1309701686966306
0.1309723897357328
0.1309747199346668
0.1309771621787848
0.1309797193629859
0.1309823943681163
0.1309851900319238
0.1309881091151285
0.1309911542595309
0.1309943279388991
0.1309976323988754
0.1310010695851652
0.1310046410559418
0.1310083478756357
0.1310121904839849
0.1310161685337822
0.1310202806871022
0.1310245243538456
0.1310288953489577
0.1310333874251300
0.1310379916022048
0.1310426951181370
0.1310474795170663
0.1310485771379012
0.1310438185875024
0.1310391405859637
0.1310345615584551
0.1310300942353595
0.1310257475655186
0.1310215277661601
0.1310174389940124
0.1310134838126946
0.1310096635364406
0.1310059784908158
0.1310024282173312
0.1309990116355354
0.1309957271736522
0.1309925728751037
0.1309895464858156
0.1309866455259961
0.1309838673498420
0.1309812091951342
0.1309786682240301
0.1309762415576486
0.1309739263043390
0.1309717195836242
0.1309696185453521
0.1309676203867985
0.1309657223654405
0.1309639218103142
0.1309622161312467
0.1309606028258099
0.1309590794858271
0.1309576438015463
0.1309562935659443
0.1309550266771525
0.1309538411410812
0.1309527350730245
0.1309517066985950
0.1309507543546815
0.1309498764902792
0.1309490716660431
0.1309483385549592
0.1309476759419306
0.1309470827239094
0.1309465579090766
0.1309461006170330
0.1309457100785743
0.1309453856346523
0.1309451267368989
0.1309449329469498
0.1309448039361056
0.1309447394853673
0.1309447394853673
0.1309448039361056
0.1309449329469498
0.1309451267368989
0.1309453856346523
0.1309457100785743
0.1309461006170330
0.1309465579090766
0.1309470827239094
0.1309476759419306
0.1309483385549592
0.1309490716660431
0.1309498764902792
0.1309507543546815
0.1309517066985950
0.1309527350730245
0.1309538411410812
0.1309550266771525
0.1309562935659443
0.1309576438015463
0.1309590794858271
0.1309606028258099
0.1309622161312467
0.1309639218103142
0.1309657223654405
0.1309676203867985
0.1309696185453521
0.1309717195836242
0.1309739263043390
0.1309762415576486
0.1309786682240301
0.1309812091951342
0.1309838673498420
0.1309866455259961
0.1309895464858156
0.1309925728751037
0.1309957271736522
0.1309990116355354
0.1310024282173312
0.1310059784908158
0.1310096635364406
0.1310134838126946
0.1310174389940124
0.1310215277661601
0.1310257475655186
0.1310300942353595
0.1310345615584551
0.1310391405859637
0.1310438185875024
0.1310485771379012
0.1310497347041908
0.1310450037384842
0.1310403529644275
0.1310358007728226
0.1310313598583730
0.1310270391352888
0.1310228447872507
0.1310187809396225
0.1310148501273306
0.1310110536382263
0.1310073917748104
0.1310038640583117
0.1310004693911707
0.1309972061874330
0.1309940724791660
0.1309910660038860
0.1309881842759771
0.1309854246463424
0.1309827843515623
0.1309802605547950
0.1309778503800619
0.1309755509401651
0.1309733593604003
0.1309712727979294
0.1309692884580997
0.1309674036074381
0.1309656155849063
0.1309639218103147
0.1309623197921845
0.1309608071329809
0.1309593815342087
0.1309580407996076
0.1309567828385498
0.1309556056676339
0.1309545074126514
0.1309534863093836
0.1309525407046936
0.1309516690567129
0.1309508699349921
0.1309501420209787
0.1309494841071693
0.1309488950975464
0.1309483740069065
0.1309479199607149
0.1309475321946512
0.1309472100543512
0.1309469529950033
0.1309467605811963
0.1309466324865244
0.1309465684935154
0.1309465684935154
0.1309466324865244
0.1309467605811963
0.1309469529950033
0.1309472100543512
0.1309475321946512
0.1309479199607148
0.1309483740069065
0.1309488950975464
0.1309494841071693
0.1309501420209787
0.1309508699349921
0.1309516690567129
0.1309525407046942
0.1309534863093836
0.1309545074126514
0.1309556056676339
0.1309567828385498
0.1309580407996076
0.1309593815342087
0.1309608071329809
0.1309623197921845
0.1309639218103147
0.1309656155849063
0.1309674036074381
0.1309692884580997
0.1309712727979294
0.1309733593604003
0.1309755509401651
0.1309778503800619
0.1309802605547950
0.1309827843515623
0.1309854246463424
0.1309881842759771
0.1309910660038860
0.1309940724791660
0.1309972061874330
0.1310004693911707
0.1310038640583117
0.1310073917748104
0.1310110536382263
0.1310148501273306
0.1310187809396225
0.1310228447872507
0.1310270391352888
0.1310313598583729
0.1310358007728226
0.1310403529644275
0.1310450037384842
0.1310497347041908
0.1310509534745182
0.1310462519144673
0.1310416301647996
0.1310371065771882
0.1310326938067823
0.1310284007287609
0.1310242334898036
0.1310201961807210
0.1310162913047042
0.1310125201211911
0.1310088829074007
0.1310053791630583
0.1310020077722326
0.1309987671342107
0.1309956552696816
0.1309926699076168
0.1309898085569658
0.1309870685660680
0.1309844471711024
0.1309819415373164
0.1309795487927312
0.1309772660559347
0.1309750904595536
0.1309730191693725
0.1309710494003279
0.1309691784297069
0.1309674036074381
0.1309657223654405
0.1309641322240688
0.1309626307983561
0.1309612158020481
0.1309598850514965
0.1309586364681411
0.1309574680807342
0.1309563780264872
0.1309553645527746
0.1309544260170601
0.1309535608878780
0.1309527677445489
0.1309520452775112
0.1309513922877969
0.1309508076871992
0.1309502904975741
0.1309498398507029
0.1309494549878487
0.1309491352594707
0.1309488801248283
0.1309486891516632
0.1309485620160552
0.1309484985021730
0.1309484985021730
0.1309485620160552
0.1309486891516632
0.1309488801248283
0.1309491352594707
0.1309494549878487
0.1309498398507029
0.1309502904975741
0.1309508076872010
0.1309513922877969
0.1309520452775112
0.1309527677445489
0.1309535608878780
0.1309544260170601
0.1309553645527746
0.1309563780264872
0.1309574680807342
0.1309586364681411
0.1309598850514965
0.1309612158020481
0.1309626307983561
0.1309641322240688
0.1309657223654405
0.1309674036074381
0.1309691784297069
0.1309710494003279
0.1309730191693725
0.1309750904595536
0.1309772660559347
0.1309795487927312
0.1309819415373164
0.1309844471711024
0.1309870685660680
0.1309898085569658
0.1309926699076168
0.1309956552696816
0.1309987671342107
0.1310020077722326
0.1310053791630583
0.1310088829074007
0.1310125201211911
0.1310162913047042
0.1310201961807210
0.1310242334898036
0.1310284007287609
0.1310326938067823
0.1310371065771882
0.1310416301647996
0.1310462519144673
0.1310509534745182
0.1310522347371484
0.1310475644946163
0.1310429736556985
0.1310384805278673
0.1310340977218649
0.1310298340693838
0.1310256956759932
0.1310216865943400
0.1310178092928907
0.1310140649998991
0.1310104539656399
0.1310069756666161
0.1310036289676038
0.1310004122525464
0.1309973235305564
0.1309943605223493
0.1309915207322318
0.1309888015062748
0.1309862000817859
0.1309837136273098
0.1309813392761918
0.1309790741542517
0.1309769154033230
0.1309748601992288
0.1309729057684325
0.1309710494003279
0.1309692884580997
0.1309676203867985
0.1309660427207622
0.1309645530888999
0.1309631492188899
0.1309618289409641
0.1309605901901330
0.1309594310084924
0.1309583495463872
0.1309573440634088
0.1309564129290255
0.1309555546230418
0.1309547677355246
0.1309540509668354
0.1309534031273132
0.1309528231371611
0.1309523100260386
0.1309518629324868
0.1309514811040131
0.1309511638962697
0.1309509107728570
0.1309507213050057
0.1309505951715033
0.1309505321582407
0.1309505321582407
0.1309505951715033
0.1309507213050057
0.1309509107728570
0.1309511638962697
0.1309514811040131
0.1309518629324868
0.1309523100260401
0.1309528231371611
0.1309534031273132
0.1309540509668352
0.1309547677355246
0.1309555546230418
0.1309564129290255
0.1309573440634088
0.1309583495463872
0.1309594310084924
0.1309605901901330
0.1309618289409641
0.1309631492188899
0.1309645530888999
0.1309660427207622
0.1309676203867985
0.1309692884580997
0.1309710494003279
0.1309729057684325
0.1309748601992288
0.1309769154033230
0.1309790741542517
0.1309813392761918
0.1309837136273098
0.1309862000817859
0.1309888015062748
0.1309915207322318
0.1309943605223493
0.1309973235305564
0.1310004122525464
0.1310036289676038
0.1310069756666161
0.1310104539656399
0.1310140649998991
0.1310178092928907
0.1310216865943400
0.1310256956759932
0.1310298340693837
0.1310340977218649
0.1310384805278673
0.1310429736556985
0.1310475644946163
0.1310522347371484
0.1310535798038648
0.1310489428884253
0.1310443849425151
0.1310399242240362
0.1310355732934489
0.1310313409343098
0.1310272332064194
0.1310232541204786
0.1310194061066288
0.1310156903595212
0.1310121071000918
0.1310086557800980
0.1310053352443127
0.1310021438607778
0.1309990796268975
0.1309961402557986
0.1309933232475228
0.1309906259475601
0.1309880455952636
0.1309855793640702
0.1309832243943071
0.1309809778211029
0.1309788367967021
0.1309767985096060
0.1309748601992288
0.1309730191693725
0.1309712727979294
0.1309696185453521
0.1309680539615666
0.1309665766910902
0.1309651844772619
0.1309638751656879
0.1309626467067332
0.1309614971569734
0.1309604246811714
0.1309594275527026
0.1309585041539592
0.1309576529773362
0.1309568726244271
0.1309561618064471
0.1309555193439620
0.1309549441663867
0.1309544353117092
0.1309539919260761
0.1309536132634573
0.1309532986851470
0.1309530476595551
0.1309528597617830
0.1309527346733750
0.1309526721822004
0.1309526721822004
0.1309527346733750
0.1309528597617830
0.1309530476595551
0.1309532986851470
0.1309536132634573
0.1309539919260774
0.1309544353117092
0.1309549441663867
0.1309555193439620
0.1309561618064470
0.1309568726244271
0.1309576529773362
0.1309585041539592
0.1309594275527026
0.1309604246811714
0.1309614971569734
0.1309626467067332
0.1309638751656879
0.1309651844772619
0.1309665766910902
0.1309680539615666
0.1309696185453521
0.1309712727979294
0.1309730191693725
0.1309748601992288
0.1309767985096060
0.1309788367967020
0.1309809778211029
0.1309832243943071
0.1309855793640702
0.1309880455952636
0.1309906259475601
0.1309933232475228
0.1309961402557986
0.1309990796268975
0.1310021438607778
0.1310053352443127
0.1310086557800980
0.1310121071000918
0.1310156903595212
0.1310194061066288
0.1310232541204786
0.1310272332064194
0.1310313409343098
0.1310355732934489
0.1310399242240362
0.1310443849425151
0.1310489428884253
0.1310535798038648
0.1310549900040084
0.1310503885292691
0.1310458655610718
0.1310414393012831
0.1310371222541434
0.1310329231490055
0.1310288479953279
0.1310249007571259
0.1310210838228036
0.1310173983504294
0.1310138445294434
0.1310104217853697
0.1310071289419413
0.1310039643510126
0.1310009259988242
0.1309980115912678
0.1309952186253416
0.1309925444470406
0.1309899862996828
0.1309875413631740
0.1309852067869927
0.1309829797174465
0.1309808573198466
0.1309788367967021
0.1309769154033230
0.1309750904595536
0.1309733593604003
0.1309717195836242
0.1309701686966306
0.1309687043615849
0.1309673243393325
0.1309660264925882
0.1309648087884085
0.1309636692997837
0.1309626062072080
0.1309616177988929
0.1309607024717968
0.1309598587317633
0.1309590851932232
0.1309583805792412
0.1309577437211663
0.1309571735586235
0.1309566691385742
0.1309562296153848
0.1309558542501208
0.1309555424101122
0.1309552935691129
0.1309551073061487
0.1309549833058807
0.1309549213583015
0.1309549213583015
0.1309549833058807
0.1309551073061487
0.1309552935691128
0.1309555424101122
0.1309558542501208
0.1309562296153848
0.1309566691385742
0.1309571735586235
0.1309577437211663
0.1309583805792412
0.1309590851932231
0.1309598587317633
0.1309607024717968
0.1309616177988929
0.1309626062072080
0.1309636692997837
0.1309648087884085
0.1309660264925882
0.1309673243393325
0.1309687043615849
0.1309701686966306
0.1309717195836242
0.1309733593604003
0.1309750904595536
0.1309769154033230
0.1309788367967021
0.1309808573198466
0.1309829797174465
0.1309852067869927
0.1309875413631740
0.1309899862996828
0.1309925444470406
0.1309952186253416
0.1309980115912678
0.1310009259988242
0.1310039643510126
0.1310071289419413
0.1310104217853697
0.1310138445294434
0.1310173983504294
0.1310210838228036
0.1310249007571259
0.1310288479953279
0.1310329231490055
0.1310371222541434
0.1310414393012831
0.1310458655610718
0.1310503885292691
0.1310549900040084
0.1310564666758623
0.1310519028668600
0.1310474170706888
0.1310430274255627
0.1310387463727444
0.1310345825812605
0.1310305420040860
0.1310266285541461
0.1310228445741637
0.1310191911823020
0.1310156685343959
0.1310122760283131
0.1310090124658275
0.1310058761828177
0.1310028651543096
0.1309999770802521
0.1309972094560354
0.1309945596298677
0.1309920248506161
0.1309896023073385
0.1309872891606558
0.1309850825704757
0.1309829797174465
0.1309809778211029
0.1309790741542516
0.1309772660559347
0.1309755509401651
0.1309739263043378
0.1309723897357327
0.1309709389160026
0.1309695716252968
0.1309682857455744
0.1309670792623673
0.1309659502665735
0.1309648969558909
0.1309639176351167
0.1309630107168738
0.1309621747215126
0.1309614082776069
0.1309607101210192
0.1309600790950044
0.1309595141499339
0.1309590143427428
0.1309585788365536
0.1309582069000225
0.1309578979072243
0.1309576513372490
0.1309574667737168
0.1309573439046063
0.1309572825219992
0.1309572825219992
0.1309573439046063
0.1309574667737168
0.1309576513372490
0.1309578979072243
0.1309582069000225
0.1309585788365536
0.1309590143427428
0.1309595141499339
0.1309600790950044
0.1309607101210192
0.1309614082776069
0.1309621747215126
0.1309630107168738
0.1309639176351167
0.1309648969558909
0.1309659502665735
0.1309670792623673
0.1309682857455744
0.1309695716252968
0.1309709389160026
0.1309723897357327
0.1309739263043378
0.1309755509401651
0.1309772660559347
0.1309790741542516
0.1309809778211029
0.1309829797174465
0.1309850825704757
0.1309872891606558
0.1309896023073385
0.1309920248506161
0.1309945596298677
0.1309972094560354
0.1309999770802521
0.1310028651543096
0.1310058761828177
0.1310090124658275
0.1310122760283131
0.1310156685343959
0.1310191911823020
0.1310228445741637
0.1310266285541461
0.1310305420040860
0.1310345825812605
0.1310387463727443
0.1310430274255627
0.1310474170706888
0.1310519028668600
0.1310564666758623
0.1310580111580340
0.1310534873587682
0.1310490410458220
0.1310446902851439
0.1310404474471582
0.1310363211332437
0.1310323172341404
0.1310284396059327
0.1310246905415870
0.1310210711161605
0.1310175814494909
0.1310142209103877
0.1310109882782265
0.1310078818729297
0.1310048996592402
0.1310020393325591
0.1309992983879205
0.1309966741782547
0.1309941639605077
0.1309917649348038
0.1309894742761779
0.1309872891606558
0.1309852067869927
0.1309832243943070
0.1309813392761918
0.1309795487927312
0.1309778503800619
0.1309762415576484
0.1309747199346668
0.1309732832147980
0.1309719291996938
0.1309706557922183
0.1309694609984463
0.1309683429288823
0.1309672998001022
0.1309663299349581
0.1309654317630606
0.1309646038209555
0.1309638447520228
0.1309631533061943
0.1309625283395681
0.1309619688143502
0.1309614737978968
0.1309610424628068
0.1309606740861309
0.1309603680489572
0.1309601238364625
0.1309599410367644
0.1309598193415402
0.1309597585453286
0.1309597585453286
0.1309598193415402
0.1309599410367644
0.1309601238364625
0.1309603680489572
0.1309606740861309
0.1309610424628068
0.1309614737978968
0.1309619688143502
0.1309625283395681
0.1309631533061943
0.1309638447520228
0.1309646038209555
0.1309654317630606
0.1309663299349581
0.1309672998001022
0.1309683429288823
0.1309694609984463
0.1309706557922183
0.1309719291996938
0.1309732832147980
0.1309747199346668
0.1309762415576484
0.1309778503800619
0.1309795487927312
0.1309813392761918
0.1309832243943070
0.1309852067869927
0.1309872891606558
0.1309894742761779
0.1309917649348038
0.1309941639605077
0.1309966741782547
0.1309992983879205
0.1310020393325591
0.1310048996592402
0.1310078818729297
0.1310109882782265
0.1310142209103877
0.1310175814494909
0.1310210711161625
0.1310246905415870
0.1310284396059327
0.1310323172341404
0.1310363211332437
0.1310404474471582
0.1310446902851439
0.1310490410458220
0.1310534873587682
0.1310580111580340
0.1310596247784822
0.1310551434603170
0.1310507390663063
0.1310464295808490
0.1310422272944206
0.1310381407329528
0.1310341757175462
0.1310303360421269
0.1310266239450257
0.1310230404549766
0.1310195856533645
0.1310162588787332
0.1310130588879360
0.1310099839851593
0.1310070321263196
0.1310042010035724
0.1310014881145339
0.1309988908188701
0.1309964063844441
0.1309940320257229
0.1309917649348027
0.1309896023073385
0.1309875413631740
0.1309855793640702
0.1309837136273098
0.1309819415373164
0.1309802605547950
0.1309786682240301
0.1309771621787848
0.1309757401469399
0.1309743999541154
0.1309731395263000
0.1309719568917728
0.1309708501828541
0.1309698176365693
0.1309688575953986
0.1309679685073916
0.1309671489266035
0.1309663975126158
0.1309657130303569
0.1309650943499154
0.1309645404460946
0.1309640503976650
0.1309636233873114
0.1309632587009381
0.1309629557274843
0.1309627139581790
0.1309625329865325
0.1309624125078804
0.1309623523192846
0.1309623523192846
0.1309624125078813
0.1309625329865325
0.1309627139581790
0.1309629557274843
0.1309632587009381
0.1309636233873114
0.1309640503976650
0.1309645404460946
0.1309650943499154
0.1309657130303569
0.1309663975126158
0.1309671489266035
0.1309679685073916
0.1309688575953986
0.1309698176365693
0.1309708501828541
0.1309719568917728
0.1309731395263000
0.1309743999541154
0.1309757401469399
0.1309771621787848
0.1309786682240301
0.1309802605547950
0.1309819415373164
0.1309837136273098
0.1309855793640702
0.1309875413631740
0.1309896023073385
0.1309917649348038
0.1309940320257229
0.1309964063844441
0.1309988908188701
0.1310014881145339
0.1310042010035715
0.1310070321263196
0.1310099839851592
0.1310130588879360
0.1310162588787332
0.1310195856533645
0.1310230404549766
0.1310266239450257
0.1310303360421269
0.1310341757175462
0.1310381407329528
0.1310422272944206
0.1310464295808490
0.1310507390663063
0.1310551434603170
0.1310596247784822
0.1310613088422597
0.1310568726121355
0.1310525127058775
0.1310482470152113
0.1310440877404416
0.1310400433229724
0.1310361195066382
0.1310323200167627
0.1310286470321769
0.1310251015316651
0.1310216835562423
0.1310183924130939
0.1310152268363600
0.1310121851157290
0.1310092651997813
0.1310064647799523
0.1310037813587960
0.1310012123060996
0.1309987549039316
0.1309964063844441
0.1309941639605076
0.1309920248506161
0.1309899862996828
0.1309880455952636
0.1309862000817859
0.1309844471711024
0.1309827843515623
0.1309812091951342
0.1309797193629859
0.1309783126099624
0.1309769867877731
0.1309757398477876
0.1309745698429602
0.1309734749290761
0.1309724533654508
0.1309715035158734
0.1309706238485643
0.1309698129363019
0.1309690694560835
0.1309683921892778
0.1309677800207905
0.1309672319388943
0.1309667470347675
0.1309663245018457
0.1309659636355320
0.1309656638330416
0.1309654245923415
0.1309652455124277
0.1309651262926290
0.1309650667327687
0.1309650667327687
0.1309651262926290
0.1309652455124277
0.1309654245923415
0.1309656638330416
0.1309659636355320
0.1309663245018457
0.1309667470347675
0.1309672319388943
0.1309677800207905
0.1309683921892778
0.1309690694560835
0.1309698129363019
0.1309706238485643
0.1309715035158734
0.1309724533654507
0.1309734749290761
0.1309745698429602
0.1309757398477876
0.1309769867877731
0.1309783126099624
0.1309797193629859
0.1309812091951342
0.1309827843515623
0.1309844471711024
0.1309862000817859
0.1309880455952636
0.1309899862996828
0.1309920248506161
0.1309941639605076
0.1309964063844441
0.1309987549039316
0.1310012123060996
0.1310037813587960
0.1310064647799523
0.1310092651997813
0.1310121851157290
0.1310152268363600
0.1310183924130939
0.1310216835562423
0.1310251015316651
0.1310286470321769
0.1310323200167627
0.1310361195066382
0.1310400433229724
0.1310440877404418
0.1310482470152113
0.1310525127058775
0.1310568726121355
0.1310613088422597
0.1310630646173089
0.1310586762268495
0.1310543635187314
0.1310501442792091
0.1310460306066932
0.1310420308477663
0.1310381506605214
0.1310343936946600
0.1310307620644931
0.1310272566951730
0.1310238775852881
0.1310206240101470
0.1310174946816544
0.1310144878764738
0.1310116015381441
0.1310088333602921
0.1310061808539909
0.1310036414024561
0.1310012123060996
0.1309988908188701
0.1309966741782549
0.1309945596298677
0.1309925444470406
0.1309906259475601
0.1309888015062748
0.1309870685660680
0.1309854246463424
0.1309838673498420
0.1309823943681166
0.1309810034854872
0.1309796925826043
0.1309784596385942
0.1309773027332994
0.1309762200476851
0.1309752098657838
0.1309742705741667
0.1309734006627060
0.1309725987244879
0.1309718634555150
0.1309711936543513
0.1309705882219867
0.1309700461612175
0.1309695665761954
0.1309691486721826
0.1309687917547766
0.1309684952295811
0.1309682586020544
0.1309680814769598
0.1309679635579459
0.1309679046478154
0.1309679046478154
0.1309679635579459
0.1309680814769598
0.1309682586020544
0.1309684952295811
0.1309687917547766
0.1309691486721826
0.1309695665761954
0.1309700461612175
0.1309705882219867
0.1309711936543513
0.1309718634555150
0.1309725987244879
0.1309734006627060
0.1309742705741667
0.1309752098657838
0.1309762200476851
0.1309773027332994
0.1309784596385942
0.1309796925826043
0.1309810034854872
0.1309823943681166
0.1309838673498420
0.1309854246463424
0.1309870685660680
0.1309888015062748
0.1309906259475601
0.1309925444470406
0.1309945596298677
0.1309966741782549
0.1309988908188701
0.1310012123060996
0.1310036414024561
0.1310061808539909
0.1310088333602921
0.1310116015381441
0.1310144878764738
0.1310174946816544
0.1310206240101470
0.1310238775852881
0.1310272566951730
0.1310307620644931
0.1310343936946600
0.1310381506605214
0.1310420308477663
0.1310460306066932
0.1310501442792091
0.1310543635187314
0.1310586762268494
0.1310630646173089
0.1310648933168070
0.1310605556723096
0.1310562930234871
0.1310521230364472
0.1310480576946265
0.1310441052380231
0.1310402712293555
0.1310365592353729
0.1310329713002140
0.1310295082921702
0.1310261701657742
0.1310229561640017
0.1310198649779356
0.1310168948733028
0.1310140437916804
0.1310113094326318
0.1310086893196072
0.1310061808539909
0.1310037813587960
0.1310014881145339
0.1309992983879205
0.1309972094560354
0.1309952186253416
0.1309933232475228
0.1309915207322318
0.1309898085569658
0.1309881842759771
0.1309866455259961
0.1309851900319238
0.1309838156108879
0.1309825201749086
0.1309813017334853
0.1309801583953395
0.1309790883695327
0.1309780899660359
0.1309771615964170
0.1309763017737518
0.1309755091129334
0.1309747823302218
0.1309741202427291
0.1309735217687050
0.1309729859263154
0.1309725118337494
0.1309720987086041
0.1309717458672898
0.1309714527247327
0.1309712187941507
0.1309710436862720
0.1309709271095745
0.1309708688697439
0.1309708688697439
0.1309709271095745
0.1309710436862720
0.1309712187941507
0.1309714527247327
0.1309717458672889
0.1309720987086041
0.1309725118337494
0.1309729859263154
0.1309735217687050
0.1309741202427291
0.1309747823302218
0.1309755091129334
0.1309763017737518
0.1309771615964170
0.1309780899660359
0.1309790883695327
0.1309801583953395
0.1309813017334853
0.1309825201749086
0.1309838156108879
0.1309851900319238
0.1309866455259961
0.1309881842759771
0.1309898085569658
0.1309915207322318
0.1309933232475228
0.1309952186253416
0.1309972094560354
0.1309992983879205
0.1310014881145339
0.1310037813587960
0.1310061808539909
0.1310086893196072
0.1310113094326318
0.1310140437916804
0.1310168948733028
0.1310198649779356
0.1310229561640017
0.1310261701657742
0.1310295082921702
0.1310329713002140
0.1310365592353729
0.1310402712293555
0.1310441052380231
0.1310480576946265
0.1310521230364472
0.1310562930234871
0.1310605556723096
0.1310648933168070
0.1310667960800389
0.1310625122524368
0.1310583026845317
0.1310541849052565
0.1310501707674429
0.1310462683918388
0.1310424832351244
0.1310388187728791
0.1310352769737267
0.1310318586458488
0.1310285636981921
0.1310253913423408
0.1310223402503657
0.1310194086801361
0.1310165945753343
0.1310138956458358
0.1310113094326318
0.1310088333602921
0.1310064647799523
0.1310042010035724
0.1310020393325591
0.1309999770802521
0.1309980115912678
0.1309961402557986
0.1309943605223492
0.1309926699076168
0.1309910660038858
0.1309895464858154
0.1309881091151285
0.1309867517444951
0.1309854723201742
0.1309842688849646
0.1309831395788537
0.1309820826408855
0.1309810964093640
0.1309801793224079
0.1309793299183144
0.1309785468352119
0.1309778288108080
0.1309771746824274
0.1309765833862240
0.1309760539571540
0.1309755855282750
0.1309751773300395
0.1309748286905469
0.1309745390345790
0.1309743078834705
0.1309741348544579
0.1309740196609778
0.1309739621119479
0.1309739621119482
0.1309740196609778
0.1309741348544579
0.1309743078834705
0.1309745390345790
0.1309748286905469
0.1309751773300395
0.1309755855282750
0.1309760539571540
0.1309765833862240
0.1309771746824274
0.1309778288108080
0.1309785468352119
0.1309793299183144
0.1309801793224079
0.1309810964093640
0.1309820826408855
0.1309831395788537
0.1309842688849646
0.1309854723201742
0.1309867517444951
0.1309881091151285
0.1309895464858154
0.1309910660038858
0.1309926699076168
0.1309943605223492
0.1309961402557986
0.1309980115912678
0.1309999770802521
0.1310020393325591
0.1310042010035724
0.1310064647799523
0.1310088333602921
0.1310113094326318
0.1310138956458358
0.1310165945753343
0.1310194086801361
0.1310223402503657
0.1310253913423408
0.1310285636981921
0.1310318586458488
0.1310352769737267
0.1310388187728791
0.1310424832351244
0.1310462683918388
0.1310501707674429
0.1310541849052565
0.1310583026845317
0.1310625122524368
0.1310667960800389
0.1310687739490008
0.1310645471845673
0.1310603938895863
0.1310563314357217
0.1310523715278186
0.1310485221522559
0.1310447886482912
0.1310411743915962
0.1310376812699279
0.1310343100284082
0.1310310605301827
0.1310279319566956
0.1310249229641156
0.1310220318067343
0.1310192564351574
0.1310165945753343
0.1310140437916804
0.1310116015381441
0.1310092651997813
0.1310070321263196
0.1310048996592402
0.1310028651543096
0.1310009259988242
0.1309990796268975
0.1309973235305564
0.1309956552696816
0.1309940724791660
0.1309925728751037
0.1309911542595309
0.1309898145238908
0.1309885516519577
0.1309873637220192
0.1309862489082369
0.1309852054816437
0.1309842318112008
0.1309833263635894
0.1309824877037214
0.1309817144946890
0.1309810054972471
0.1309803595698268
0.1309797756682040
0.1309792528445879
0.1309787902477700
0.1309783871223819
0.1309780428085953
0.1309777567415871
0.1309775284511450
0.1309773575616991
0.1309772437916714
0.1309771869535729
0.1309771869535729
0.1309772437916714
0.1309773575616991
0.1309775284511450
0.1309777567415871
0.1309780428085953
0.1309783871223819
0.1309787902477700
0.1309792528445879
0.1309797756682040
0.1309803595698268
0.1309810054972471
0.1309817144946890
0.1309824877037213
0.1309833263635894
0.1309842318112008
0.1309852054816437
0.1309862489082369
0.1309873637220192
0.1309885516519577
0.1309898145238908
0.1309911542595309
0.1309925728751037
0.1309940724791660
0.1309956552696816
0.1309973235305564
0.1309990796268976
0.1310009259988242
0.1310028651543096
0.1310048996592402
0.1310070321263196
0.1310092651997813
0.1310116015381441
0.1310140437916804
0.1310165945753343
0.1310192564351574
0.1310220318067343
0.1310249229641156
0.1310279319566956
0.1310310605301827
0.1310343100284082
0.1310376812699279
0.1310411743915962
0.1310447886482912
0.1310485221522559
0.1310523715278187
0.1310563314357217
0.1310603938895863
0.1310645471845673
0.1310687739490008
0.1310708278408187
0.1310666615728753
0.1310625679235338
0.1310585640840848
0.1310546615909862
0.1310508682797518
0.1310471893590251
0.1310436280962249
0.1310401862926281
0.1310368646283282
0.1310336629212732
0.1310305803255243
0.1310276154857758
0.1310247666581477
0.1310220318067343
0.1310194086801361
0.1310168948733028
0.1310144878764738
0.1310121851157290
0.1310099839851592
0.1310078818729297
0.1310058761828177
0.1310039643510126
0.1310021438607778
0.1310004122525464
0.1309987671342107
0.1309972061874329
0.1309957271736522
0.1309943279388991
0.1309930064167275
0.1309917606315141
0.1309905886999034
0.1309894888326258
0.1309884593354899
0.1309874986097289
0.1309866051526595
0.1309857775577330
0.1309850145145310
0.1309843148082786
0.1309836773198813
0.1309831010256075
0.1309825849962301
0.1309821283973014
0.1309817304880667
0.1309813906215420
0.1309811082439218
0.1309808828940688
0.1309807142037663
0.1309806018968102
0.1309805457893009
0.1309805457893009
0.1309806018968102
0.1309807142037663
0.1309808828940688
0.1309811082439218
0.1309813906215420
0.1309817304880667
0.1309821283973014
0.1309825849962301
0.1309831010256075
0.1309836773198813
0.1309843148082786
0.1309850145145310
0.1309857775577330
0.1309866051526595
0.1309874986097289
0.1309884593354899
0.1309894888326258
0.1309905886999034
0.1309917606315141
0.1309930064167275
0.1309943279388991
0.1309957271736522
0.1309972061874329
0.1309987671342107
0.1310004122525464
0.1310021438607778
0.1310039643510126
0.1310058761828177
0.1310078818729297
0.1310099839851592
0.1310121851157290
0.1310144878764738
0.1310168948733028
0.1310194086801361
0.1310220318067343
0.1310247666581477
0.1310276154857758
0.1310305803255243
0.1310336629212732
0.1310368646283282
0.1310401862926281
0.1310436280962249
0.1310471893590251
0.1310508682797518
0.1310546615909862
0.1310585640840848
0.1310625679235338
0.1310666615728753
0.1310708278408187
0.1310729585155133
0.1310688563763466
0.1310648259370712
0.1310608841810758
0.1310570424530163
0.1310533084187659
0.1310496871426635
0.1310461817747884
0.1310427940253857
0.1310395245086100
0.1310363729993164
0.1310333386286836
0.1310304200357819
0.1310276154857758
0.1310249229641156
0.1310223402503657
0.1310198649779356
0.1310174946816544
0.1310152268363600
0.1310130588879360
0.1310109882782265
0.1310090124658275
0.1310071289419413
0.1310053352443127
0.1310036289676038
0.1310020077722326
0.1310004693911707
0.1309990116355354
0.1309976323988754
0.1309963296604995
0.1309951014882041
0.1309939460401972
0.1309928615663905
0.1309918464092870
0.1309908990050966
0.1309900178835704
0.1309892016684523
0.1309884490773695
0.1309877589213692
0.1309871301054034
0.1309865616271521
0.1309860525771744
0.1309856021384381
0.1309852095857447
0.1309848742856132
0.1309845956957559
0.1309843733647230
0.1309842069317547
0.1309840961266855
0.1309840407691378
0.1309840407691378
0.1309840961266855
0.1309842069317547
0.1309843733647230
0.1309845956957559
0.1309848742856132
0.1309852095857447
0.1309856021384381
0.1309860525771744
0.1309865616271521
0.1309871301054034
0.1309877589213692
0.1309884490773695
0.1309892016684523
0.1309900178835704
0.1309908990050966
0.1309918464092870
0.1309928615663905
0.1309939460401972
0.1309951014882041
0.1309963296604995
0.1309976323988754
0.1309990116355354
0.1310004693911707
0.1310020077722326
0.1310036289676038
0.1310053352443127
0.1310071289419413
0.1310090124658275
0.1310109882782265
0.1310130588879360
0.1310152268363600
0.1310174946816544
0.1310198649779356
0.1310223402503657
0.1310249229641156
0.1310276154857758
0.1310304200357819
0.1310333386286836
0.1310363729993164
0.1310395245086100
0.1310427940253857
0.1310461817747884
0.1310496871426635
0.1310533084187659
0.1310570424530163
0.1310608841810758
0.1310648259370712
0.1310688563763466
0.1310729585155133
0.1310751665375905
0.1310711323711874
0.1310671689087795
0.1310632928935867
0.1310595154511824
0.1310558440568124
0.1310522836159989
0.1310488371526725
0.1310455062826885
0.1310422915552558
0.1310391927061567
0.1310362088501172
0.1310333386286836
0.1310305803255244
0.1310279319566956
0.1310253913423408
0.1310229561640017
0.1310206240101470
0.1310183924130939
0.1310162588787332
0.1310142209103877
0.1310122760283131
0.1310104217853697
0.1310086557800980
0.1310069756666161
0.1310053791630583
0.1310038640583117
0.1310024282173312
0.1310010695851652
0.1309997861902479
0.1309985761472092
0.1309974376584824
0.1309963690158267
0.1309953686011197
0.1309944348874671
0.1309935664390717
0.1309927619116757
0.1309920200525392
0.1309913397003128
0.1309907197847567
0.1309901593264921
0.1309896574367203
0.1309892133167182
0.1309888262576427
0.1309884956402546
0.1309882209343055
0.1309880016984130
0.1309878375799052
0.1309877283142847
0.1309876737255128
0.1309876737255128
0.1309877283142847
0.1309878375799052
0.1309880016984130
0.1309882209343055
0.1309884956402546
0.1309888262576427
0.1309892133167182
0.1309896574367203
0.1309901593264921
0.1309907197847567
0.1309913397003128
0.1309920200525392
0.1309927619116757
0.1309935664390717
0.1309944348874671
0.1309953686011197
0.1309963690158267
0.1309974376584824
0.1309985761472092
0.1309997861902479
0.1310010695851652
0.1310024282173312
0.1310038640583117
0.1310053791630583
0.1310069756666161
0.1310086557800980
0.1310104217853697
0.1310122760283131
0.1310142209103877
0.1310162588787332
0.1310183924130939
0.1310206240101470
0.1310229561640017
0.1310253913423408
0.1310279319566956
0.1310305803255244
0.1310333386286836
0.1310362088501172
0.1310391927061567
0.1310422915552558
0.1310455062826885
0.1310488371526725
0.1310522836159989
0.1310558440568124
0.1310595154511824
0.1310632928935867
0.1310671689087795
0.1310711323711874
0.1310751665375905
0.1310774522301659
0.1310734901053109
0.1310695975999755
0.1310657911785568
0.1310620817160318
0.1310584764736166
0.1310549801830812
0.1310515957346190
0.1310483246484391
0.1310451674117994
0.1310421237285153
0.1310391927061567
0.1310363729993164
0.1310336629212732
0.1310310605301827
0.1310285636981921
0.1310261701657742
0.1310238775852881
0.1310216835562423
0.1310195856533624
0.1310175814494909
0.1310156685343959
0.1310138445294434
0.1310121071000918
0.1310104539656399
0.1310088829074007
0.1310073917748103
0.1310059784908158
0.1310046410559418
0.1310033775515011
0.1310021861419206
0.1310010650768999
0.1310000126925297
0.1309990274126770
0.1309981077492335
0.1309972523029957
0.1309964597634248
0.1309957289090074
0.1309950586073480
0.1309944478143475
0.1309938955747714
0.1309934010211473
0.1309929633743838
0.1309925819425383
0.1309922561211055
0.1309919853925860
0.1309917693261484
0.1309916075773820
0.1309914998881619
0.1309914460865579
0.1309914460865579
0.1309914998881619
0.1309916075773820
0.1309917693261484
0.1309919853925860
0.1309922561211055
0.1309925819425383
0.1309929633743838
0.1309934010211473
0.1309938955747714
0.1309944478143475
0.1309950586073480
0.1309957289090074
0.1309964597634248
0.1309972523029957
0.1309981077492335
0.1309990274126770
0.1310000126925297
0.1310010650768999
0.1310021861419206
0.1310033775515011
0.1310046410559418
0.1310059784908158
0.1310073917748104
0.1310088829074007
0.1310104539656399
0.1310121071000918
0.1310138445294434
0.1310156685343959
0.1310175814494909
0.1310195856533624
0.1310216835562423
0.1310238775852881
0.1310261701657742
0.1310285636981921
0.1310310605301827
0.1310336629212732
0.1310363729993164
0.1310391927061567
0.1310421237285153
0.1310451674117994
0.1310483246484391
0.1310515957346190
0.1310549801830812
0.1310584764736166
0.1310620817160318
0.1310657911785568
0.1310695975999755
0.1310734901053109
0.1310774522301659
0.1310798156194871
0.1310759298437751
0.1310721124995913
0.1310683797259761
0.1310647421112302
0.1310612066771632
0.1310577779669519
0.1310544587318192
0.1310512503975430
0.1310481533968832
0.1310451674117994
0.1310422915552563
0.1310395245086100
0.1310368646283282
0.1310343100284082
0.1310318586458488
0.1310295082921702
0.1310272566951730
0.1310251015316651
0.1310230404549766
0.1310210711161605
0.1310191911823020
0.1310173983504294
0.1310156903595212
0.1310140649998991
0.1310125201211909
0.1310110536382257
0.1310096635364406
0.1310083478756357
0.1310071047934308
0.1310059325074218
0.1310048293172917
0.1310037936063167
0.1310028238423366
0.1310019185784694
0.1310010764538300
0.1310002961934078
0.1309995766086787
0.1309989165971083
0.1309983151423222
0.1309977713140242
0.1309972842676122
0.1309968532437970
0.1309964775686277
0.1309961566530945
0.1309958899928398
0.1309956771679387
0.1309955178427701
0.1309954117656014
0.1309953587690132
0.1309953587690132
0.1309954117656014
0.1309955178427701
0.1309956771679387
0.1309958899928398
0.1309961566530945
0.1309964775686277
0.1309968532437970
0.1309972842676122
0.1309977713140242
0.1309983151423222
0.1309989165971082
0.1309995766086787
0.1310002961934078
0.1310010764538300
0.1310019185784694
0.1310028238423366
0.1310037936063167
0.1310048293172917
0.1310059325074218
0.1310071047934308
0.1310083478756357
0.1310096635364406
0.1310110536382257
0.1310125201211911
0.1310140649998991
0.1310156903595212
0.1310173983504294
0.1310191911823020
0.1310210711161605
0.1310230404549766
0.1310251015316651
0.1310272566951730
0.1310295082921702
0.1310318586458488
0.1310343100284082
0.1310368646283282
0.1310395245086100
0.1310422915552563
0.1310451674117994
0.1310481533968832
0.1310512503975430
0.1310544587318192
0.1310577779669519
0.1310612066771632
0.1310647421112302
0.1310683797259761
0.1310721124995913
0.1310759298437751
0.1310798156194871
0.1310822563679243
0.1310784515017436
0.1310747137559803
0.1310710588883766
0.1310674971584932
0.1310640353223747
0.1310606777217366
0.1310574269666503
0.1310542843954248
0.1310512503975430
0.1310483246484391
0.1310455062826885
0.1310427940253857
0.1310401862926281
0.1310376812699279
0.1310352769737267
0.1310329713002140
0.1310307620644931
0.1310286470321769
0.1310266239450257
0.1310246905415870
0.1310228445741637
0.1310210838228036
0.1310194061066288
0.1310178092928907
0.1310162913047042
0.1310148501273306
0.1310134838126946
0.1310121904839849
0.1310109683383967
0.1310098156497855
0.1310087307708613
0.1310077121344891
0.1310067582548082
0.1310058677283777
0.1310050392341891
0.1310042715346930
0.1310035634754518
0.1310029139856047
0.1310023220775359
0.1310017868469769
0.1310013074728760
0.1310008832170352
0.1310005134238885
0.1310001975205845
0.1309999350163107
0.1309997255027494
0.1309995686531094
0.1309994642226059
0.1309994120481875
0.1309994120481875
0.1309994642226059
0.1309995686531094
0.1309997255027494
0.1309999350163107
0.1310001975205845
0.1310005134238884
0.1310008832170352
0.1310013074728760
0.1310017868469769
0.1310023220775359
0.1310029139856047
0.1310035634754518
0.1310042715346930
0.1310050392341891
0.1310058677283777
0.1310067582548082
0.1310077121344891
0.1310087307708613
0.1310098156497855
0.1310109683383967
0.1310121904839849
0.1310134838126946
0.1310148501273306
0.1310162913047042
0.1310178092928907
0.1310194061066288
0.1310210838228036
0.1310228445741637
0.1310246905415870
0.1310266239450257
0.1310286470321769
0.1310307620644931
0.1310329713002140
0.1310352769737267
0.1310376812699279
0.1310401862926281
0.1310427940253857
0.1310455062826885
0.1310483246484391
0.1310512503975430
0.1310542843954248
0.1310574269666503
0.1310606777217366
0.1310640353223747
0.1310674971584932
0.1310710588883766
0.1310747137559803
0.1310784515017436
0.1310822563679243
0.1310847736910010
0.1310810545618916
0.1310774010923834
0.1310738285907031
0.1310703469405772
0.1310669626057988
0.1310636797178455
0.1310605007503070
0.1310574269666503
0.1310544587318192
0.1310515957346190
0.1310488371526725
0.1310461817747884
0.1310436280962249
0.1310411743915962
0.1310388187728791
0.1310365592353729
0.1310343936946600
0.1310323200167627
0.1310303360421269
0.1310284396059327
0.1310266285541461
0.1310249007571259
0.1310232541204786
0.1310216865943400
0.1310201961807210
0.1310187809396225
0.1310174389940124
0.1310161685337822
0.1310149678194110
0.1310138351840245
0.1310127690359673
0.1310117678601718
0.1310108302193931
0.1310099547552440
0.1310091401888067
0.1310083853213036
0.1310076890341502
0.1310070502890780
0.1310064681284877
0.1310059416752880
0.1310054701327333
0.1310050527844083
0.1310046889940287
0.1310043782053241
0.1310041199418274
0.1310039138066997
0.1310037594828440
0.1310036567323301
0.1310036053966770
0.1310036053966770
0.1310036567323301
0.1310037594828440
0.1310039138066997
0.1310041199418274
0.1310043782053241
0.1310046889940287
0.1310050527844083
0.1310054701327333
0.1310059416752880
0.1310064681284877
0.1310070502890780
0.1310076890341502
0.1310083853213036
0.1310091401888067
0.1310099547552440
0.1310108302193931
0.1310117678601718
0.1310127690359673
0.1310138351840245
0.1310149678194110
0.1310161685337822
0.1310174389940124
0.1310187809396225
0.1310201961807210
0.1310216865943400
0.1310232541204786
0.1310249007571259
0.1310266285541461
0.1310284396059327
0.1310303360421269
0.1310323200167627
0.1310343936946600
0.1310365592353729
0.1310388187728791
0.1310411743915962
0.1310436280962249
0.1310461817747884
0.1310488371526725
0.1310515957346190
0.1310544587318192
0.1310574269666503
0.1310605007503070
0.1310636797178455
0.1310669626057988
0.1310703469405774
0.1310738285907031
0.1310774010923834
0.1310810545618916
0.1310847736910010
0.1310873662544122
0.1310837379705859
0.1310801736986252
0.1310766882142033
0.1310732909734947
0.1310699881249167
0.1310667835893376
0.1310636797178455
0.1310606777217366
0.1310577779669519
0.1310549801830812
0.1310522836159989
0.1310496871426635
0.1310471893590251
0.1310447886482912
0.1310424832351244
0.1310402712293534
0.1310381506605214
0.1310361195066382
0.1310341757175462
0.1310323172341404
0.1310305420040860
0.1310288479953279
0.1310272332064194
0.1310256956759932
0.1310242334898036
0.1310228447872507
0.1310215277661601
0.1310202806871022
0.1310191018766497
0.1310179897302886
0.1310169427144645
0.1310159593685261
0.1310150383058936
0.1310141782152694
0.1310133778613857
0.1310126360858065
0.1310119518068726
0.1310113240204981
0.1310107518000471
0.1310102342964277
0.1310097707382326
0.1310093604315768
0.1310090027598660
0.1310086971841968
0.1310084432426689
0.1310082405507476
0.1310080888007065
0.1310079877621916
0.1310079372812577
0.1310079372812577
0.1310079877621916
0.1310080888007065
0.1310082405507476
0.1310084432426689
0.1310086971841968
0.1310090027598660
0.1310093604315768
0.1310097707382326
0.1310102342964277
0.1310107518000471
0.1310113240204981
0.1310119518068726
0.1310126360858065
0.1310133778613857
0.1310141782152694
0.1310150383058936
0.1310159593685261
0.1310169427144645
0.1310179897302886
0.1310191018766497
0.1310202806871022
0.1310215277661601
0.1310228447872507
0.1310242334898036
0.1310256956759932
0.1310272332064194
0.1310288479953279
0.1310305420040860
0.1310323172341404
0.1310341757175462
0.1310361195066382
0.1310381506605214
0.1310402712293534
0.1310424832351244
0.1310447886482912
0.1310471893590251
0.1310496871426635
0.1310522836159989
0.1310549801830812
0.1310577779669519
0.1310606777217366
0.1310636797178455
0.1310667835893376
0.1310699881249167
0.1310732909734947
0.1310766882142033
0.1310801736986252
0.1310837379705859
0.1310873662544122
0.1310900320419970
0.1310865000046627
0.1310830300899591
0.1310796364409136
0.1310763280328573
0.1310731106862613
0.1310699881249167
0.1310669626057988
0.1310640353223747
0.1310612066771631
0.1310584764736166
0.1310558440568124
0.1310533084187659
0.1310508682797518
0.1310485221522559
0.1310462683918388
0.1310441052380231
0.1310420308477663
0.1310400433229724
0.1310381407329528
0.1310363211332437
0.1310345825812605
0.1310329231490055
0.1310313409343098
0.1310298340693837
0.1310284007287609
0.1310270391352888
0.1310257475655186
0.1310245243538456
0.1310233678961073
0.1310222766527593
0.1310212491508224
0.1310202839860972
0.1310193798246428
0.1310185354040550
0.1310177495342046
0.1310170210983101
0.1310163490531789
0.1310157324297465
0.1310151703334449
0.1310146619441520
0.1310142065164672
0.1310138033795208
0.1310134519375384
0.1310131516690803
0.1310129021273538
0.1310127029404111
0.1310125538105597
0.1310124545145017
0.1310124049037520
0.1310124049037520
0.1310124545145017
0.1310125538105597
0.1310127029404111
0.1310129021273538
0.1310131516690803
0.1310134519375384
0.1310138033795208
0.1310142065164672
0.1310146619441520
0.1310151703334447
0.1310157324297465
0.1310163490531789
0.1310170210983101
0.1310177495342046
0.1310185354040550
0.1310193798246428
0.1310202839860972
0.1310212491508224
0.1310222766527593
0.1310233678961073
0.1310245243538456
0.1310257475655186
0.1310270391352888
0.1310284007287609
0.1310298340693837
0.1310313409343098
0.1310329231490055
0.1310345825812605
0.1310363211332437
0.1310381407329528
0.1310400433229724
0.1310420308477663
0.1310441052380231
0.1310462683918388
0.1310485221522559
0.1310508682797518
0.1310533084187659
0.1310558440568124
0.1310584764736166
0.1310612066771631
0.1310640353223747
0.1310669626057988
0.1310699881249167
0.1310731106862613
0.1310763280328573
0.1310796364409136
0.1310830300899591
0.1310865000046627
0.1310900320419970
0.1310927681831947
0.1310893380937457
0.1310859679145263
0.1310826710357387
0.1310794559081838
0.1310763280328573
0.1310732909734947
0.1310703469405772
0.1310674971584932
0.1310647421112302
0.1310620817160318
0.1310595154511824
0.1310570424530163
0.1310546615909862
0.1310523715278186
0.1310501707674429
0.1310480576946265
0.1310460306066932
0.1310440877404416
0.1310422272944206
0.1310404474471582
0.1310387463727443
0.1310371222541434
0.1310355732934489
0.1310340977218649
0.1310326938067823
0.1310313598583729
0.1310300942353595
0.1310288953489577
0.1310277616671104
0.1310266917174099
0.1310256840898568
0.1310247374387006
0.1310238504843048
0.1310230220147385
0.1310222508863912
0.1310215360255488
0.1310208764284947
0.1310202711622478
0.1310197193653060
0.1310192202470607
0.1310187730889824
0.1310183772442230
0.1310180321376719
0.1310177372662847
0.1310174921987753
0.1310172965758459
0.1310171501100543
0.1310170525859548
0.1310170038598455
0.1310170038598455
0.1310170525859548
0.1310171501100543
0.1310172965758459
0.1310174921987753
0.1310177372662847
0.1310180321376719
0.1310183772442230
0.1310187730889824
0.1310192202470607
0.1310197193653060
0.1310202711622478
0.1310208764284947
0.1310215360255488
0.1310222508863912
0.1310230220147385
0.1310238504843048
0.1310247374387006
0.1310256840898568
0.1310266917174099
0.1310277616671104
0.1310288953489577
0.1310300942353595
0.1310313598583729
0.1310326938067823
0.1310340977218649
0.1310355732934489
0.1310371222541434
0.1310387463727443
0.1310404474471582
0.1310422272944206
0.1310440877404416
0.1310460306066932
0.1310480576946265
0.1310501707674429
0.1310523715278186
0.1310546615909862
0.1310570424530163
0.1310595154511824
0.1310620817160318
0.1310647421112302
0.1310674971584932
0.1310703469405772
0.1310732909734947
0.1310763280328573
0.1310794559081838
0.1310826710357387
0.1310859679145263
0.1310893380937457
0.1310927681831947
0.1310955707178696
0.1310922485759750
0.1310889836756781
0.1310857885244874
0.1310826710357387
0.1310796364409136
0.1310766882142033
0.1310738285907032
0.1310710588883767
0.1310683797259761
0.1310657911785568
0.1310632928935867
0.1310608841810758
0.1310585640840848
0.1310563314357217
0.1310541849052565
0.1310521230364472
0.1310501442792091
0.1310482470152113
0.1310464295808490
0.1310446902851439
0.1310430274255627
0.1310414393012831
0.1310399242240362
0.1310384805278673
0.1310371065771882
0.1310358007728226
0.1310345615584551
0.1310333874251300
0.1310322769150944
0.1310312286253986
0.1310302412107678
0.1310293133856737
0.1310284439263815
0.1310276316727010
0.1310268755290640
0.1310261744656915
0.1310255275194867
0.1310249337944648
0.1310243924627496
0.1310239027644531
0.1310234640083268
0.1310230755718049
0.1310227369014131
0.1310224475124936
0.1310222069898121
0.1310220149872288
0.1310218712275802
0.1310217755032467
0.1310217276757344
0.1310217276757344
0.1310217755032467
0.1310218712275802
0.1310220149872288
0.1310222069898121
0.1310224475124936
0.1310227369014131
0.1310230755718049
0.1310234640083268
0.1310239027644531
0.1310243924627496
0.1310249337944648
0.1310255275194867
0.1310261744656915
0.1310268755290640
0.1310276316727010
0.1310284439263815
0.1310293133856737
0.1310302412107678
0.1310312286253986
0.1310322769150944
0.1310333874251300
0.1310345615584551
0.1310358007728226
0.1310371065771882
0.1310384805278673
0.1310399242240362
0.1310414393012831
0.1310430274255627
0.1310446902851439
0.1310464295808490
0.1310482470152113
0.1310501442792091
0.1310521230364472
0.1310541849052565
0.1310563314357217
0.1310585640840848
0.1310608841810758
0.1310632928935867
0.1310657911785568
0.1310683797259761
0.1310710588883767
0.1310738285907032
0.1310766882142033
0.1310796364409136
0.1310826710357387
0.1310857885244874
0.1310889836756781
0.1310922485759750
0.1310955707178696
0.1310984342586216
0.1310952263312110
0.1310920722955796
0.1310889836756781
0.1310859679145263
0.1310830300899591
0.1310801736986252
0.1310774010923834
0.1310747137559803
0.1310721124995913
0.1310695975999755
0.1310671689087770
0.1310648259370712
0.1310625679235340
0.1310603938895863
0.1310583026845317
0.1310562930234871
0.1310543635187314
0.1310525127058775
0.1310507390663063
0.1310490410458220
0.1310474170706888
0.1310458655610718
0.1310443849425177
0.1310429736556985
0.1310416301647996
0.1310403529644275
0.1310391405859637
0.1310379916022048
0.1310369046318641
0.1310358783432511
0.1310349114574977
0.1310340027506345
0.1310331510563371
0.1310323552672193
0.1310316143368616
0.1310309272803403
0.1310302931761815
0.1310297111662339
0.1310291804567512
0.1310287003192443
0.1310282700902682
0.1310278891721488
0.1310275570333630
0.1310272732083042
0.1310270372976870
0.1310268489687978
0.1310267079552719
0.1310266140571862
0.1310265671415122
0.1310265671415122
0.1310266140571862
0.1310267079552719
0.1310268489687978
0.1310270372976870
0.1310272732083042
0.1310275570333630
0.1310278891721488
0.1310282700902682
0.1310287003192443
0.1310291804567512
0.1310297111662339
0.1310302931761815
0.1310309272803403
0.1310316143368616
0.1310323552672193
0.1310331510563383
0.1310340027506345
0.1310349114574977
0.1310358783432511
0.1310369046318641
0.1310379916022048
0.1310391405859637
0.1310403529644275
0.1310416301647996
0.1310429736556985
0.1310443849425177
0.1310458655610718
0.1310474170706888
0.1310490410458220
0.1310507390663063
0.1310525127058775
0.1310543635187314
0.1310562930234871
0.1310583026845317
0.1310603938895863
0.1310625679235340
0.1310648259370712
0.1310671689087770
0.1310695975999755
0.1310721124995913
0.1310747137559803
0.1310774010923834
0.1310801736986252
0.1310830300899591
0.1310859679145263
0.1310889836756781
0.1310920722955796
0.1310952263312110
0.1310984342586216
0.1311013514589052
0.1310982641624387
0.1310952263312110
0.1310922485759750
0.1310893380937457
0.1310865000046627
0.1310837379705859
0.1310810545618916
0.1310784515017436
0.1310759298437751
0.1310734901053109
0.1310711323711874
0.1310688563763466
0.1310666615728753
0.1310645471845673
0.1310625122524368
0.1310605556723095
0.1310586762268494
0.1310568726121355
0.1310551434603170
0.1310534873587682
0.1310519028668600
0.1310503885292691
0.1310489428884253
0.1310475644946163
0.1310462519144673
0.1310450037384842
0.1310438185875024
0.1310426951181366
0.1310416320270881
0.1310406280554509
0.1310396819918951
0.1310387926753417
0.1310379589979241
0.1310371799061355
0.1310364544032971
0.1310357815506544
0.1310351604685192
0.1310345903373497
0.1310340703984444
0.1310335999548662
0.1310331783717564
0.1310328050765476
0.1310324795600403
0.1310322013758294
0.1310319701412136
0.1310317855368559
0.1310316473073838
0.1310315552608314
0.1310315092696356
0.1310315092696356
0.1310315552608314
0.1310316473073838
0.1310317855368559
0.1310319701412136
0.1310322013758294
0.1310324795600403
0.1310328050765476
0.1310331783717564
0.1310335999548662
0.1310340703984444
0.1310345903373497
0.1310351604685192
0.1310357815506544
0.1310364544032971
0.1310371799061355
0.1310379589979241
0.1310387926753417
0.1310396819918951
0.1310406280554509
0.1310416320270881
0.1310426951181366
0.1310438185875024
0.1310450037384842
0.1310462519144673
0.1310475644946163
0.1310489428884253
0.1310503885292691
0.1310519028668600
0.1310534873587682
0.1310551434603170
0.1310568726121355
0.1310586762268494
0.1310605556723095
0.1310625122524368
0.1310645471845673
0.1310666615728753
0.1310688563763466
0.1310711323711874
0.1310734901053109
0.1310759298437751
0.1310784515017436
0.1310810545618916
0.1310837379705859
0.1310865000046627
0.1310893380937457
0.1310922485759750
0.1310952263312110
0.1310982641624387
0.1311013514589052
0.1311043120389803
0.1311013514589052
0.1310984342586216
0.1310955707178696
0.1310927681831947
0.1310900320419970
0.1310873662544122
0.1310847736910010
0.1310822563679243
0.1310798156194871
0.1310774522301659
0.1310751665375905
0.1310729585155133
0.1310708278408187
0.1310687739490008
0.1310667960800389
0.1310648933168070
0.1310630646173089
0.1310613088422597
0.1310596247784822
0.1310580111580340
0.1310564666758623
0.1310549900039965
0.1310535798038648
0.1310522347371484
0.1310509534745182
0.1310497347041908
0.1310485771379012
0.1310474795170663
0.1310464406176979
0.1310454592546395
0.1310445342853131
0.1310436646123658
0.1310428491869363
0.1310420870102751
0.1310413771363870
0.1310407186727889
0.1310401107825591
0.1310395526851010
0.1310390436572771
0.1310385830341491
0.1310381702095109
0.1310378046366703
0.1310374858287628
0.1310372133590581
0.1310369868614378
0.1310368060303806
0.1310366706211545
0.1310365804504028
0.1310365353956482
0.1310365353956482
0.1310365804504028
0.1310366706211545
0.1310368060303806
0.1310369868614378
0.1310372133590581
0.1310374858287628
0.1310378046366703
0.1310381702095109
0.1310385830341491
0.1310390436572771
0.1310395526851010
0.1310401107825590
0.1310407186727889
0.1310413771363870
0.1310420870102751
0.1310428491869363
0.1310436646123658
0.1310445342853131
0.1310454592546395
0.1310464406176979
0.1310474795170663
0.1310485771379012
0.1310497347041908
0.1310509534745182
0.1310522347371484
0.1310535798038648
0.1310549900040084
0.1310564666758623
0.1310580111580340
0.1310596247784822
0.1310613088422597
0.1310630646173089
0.1310648933168070
0.1310667960800389
0.1310687739490008
0.1310708278408187
0.1310729585155133
0.1310751665375905
0.1310774522301659
0.1310798156194871
0.1310822563679243
0.1310847736910010
0.1310873662544122
0.1310900320419970
0.1310927681831947
0.1310955707178696
0.1310984342586216
0.1311013514589052
0.1311043120389803
0.8805520450476523
0.8807331894931366
0.8809119460644469
0.8810876601361030
0.8812598574783230
0.8814281844225414
0.8815923754530542
0.8817522326562404
0.8819076114746712
0.8820584102472344
0.8822045622209794
0.8823460292723454
0.8824827968649833
0.8826148699350953
0.8827422694858194
0.8828650297453208
0.8829831957667084
0.8830968213973149
0.8832059675435322
0.8833107006832115
0.8834110915897242
0.8835072142266901
0.8835991447955011
0.8836869609078364
0.8837707408710105
0.8838505630607858
0.8839265053831969
0.8839986448022642
0.8840670569294402
0.8841318156671526
0.8841929928997675
0.8842506582221775
0.8843048787077659
0.8843557187042114
0.8844032396570625
0.8844474999591846
0.8844885548177380
0.8845264561415335
0.8845612524439423
0.8845929887593493
0.8846217065706583
0.8846474437502112
0.8846702345064740
0.8846901093435279
0.8847070950213743
0.8847212145283373
0.8847324870556699
0.8847409279792634
0.8847465488427179
0.8847493573479719
0.8847493573479719
0.8847465488427179
0.8847409279792634
0.8847324870556699
0.8847212145283373
0.8847070950213743
0.8846901093435279
0.8846702345064740
0.8846474437502112
0.8846217065706583
0.8845929887593493
0.8845612524439423
0.8845264561415335
0.8844885548177380
0.8844474999591846
0.8844032396570625
0.8843557187042114
0.8843048787077659
0.8842506582221775
0.8841929928997675
0.8841318156671526
0.8840670569294402
0.8839986448022642
0.8839265053831969
0.8838505630607858
0.8837707408710105
0.8836869609078364
0.8835991447955011
0.8835072142266901
0.8834110915897242
0.8833107006832115
0.8832059675435322
0.8830968213973149
0.8829831957667084
0.8828650297453208
0.8827422694858194
0.8826148699350953
0.8824827968649833
0.8823460292723454
0.8822045622209794
0.8820584102472350
0.8819076114746716
0.8817522326562404
0.8815923754530542
0.8814281844225414
0.8812598574783230
0.8810876601361030
0.8809119460644469
0.8807331894931366
0.8805520450476523
0.8807331894931366
0.8809225125741255
0.8811090914950597
0.8812922468099280
0.8814715099323441
0.8816465405702317
0.8818170888004797
0.8819829727619013
0.8821440637370260
0.8823002754110805
0.8824515557587989
0.8825978807176761
0.8827392491336886
0.8828756786520006
0.8830072023278664
0.8831338658059535
0.8832557249469155
0.8833728438194393
0.8834852929924750
0.8835931480731797
0.8836964884558145
0.8837953962389873
0.8838899552980807
0.8839802504794582
0.8840663669038662
0.8841483893626291
0.8842264017959512
0.8843004868382829
0.8843707254241890
0.8844371964489629
0.8844999764711171
0.8845591394583650
0.8846147565642292
0.8846668959388937
0.8847156225622503
0.8847609981038584
0.8848030807995469
0.8848419253478381
0.8848775828194533
0.8849101005829800
0.8849395222379625
0.8849658875617480
0.8849892324642730
0.8850095889466080
0.8850269850719658
0.8850414449382781
0.8850529886560741
0.8850616323340843
0.8850673880636873
0.8850702639112097
0.8850702639112097
0.8850673880636873
0.8850616323340843
0.8850529886560741
0.8850414449382781
0.8850269850719658
0.8850095889466080
0.8849892324642730
0.8849658875617480
0.8849395222379625
0.8849101005829800
0.8848775828194533
0.8848419253478381
0.8848030807995469
0.8847609981038584
0.8847156225622503
0.8846668959388937
0.8846147565642292
0.8845591394583650
0.8844999764711171
0.8844371964489629
0.8843707254241890
0.8843004868382829
0.8842264017959512
0.8841483893626291
0.8840663669038662
0.8839802504794595
0.8838899552980807
0.8837953962389873
0.8836964884558145
0.8835931480731797
0.8834852929924750
0.8833728438194393
0.8832557249469155
0.8831338658059535
0.8830072023278664
0.8828756786520006
0.8827392491336886
0.8825978807176761
0.8824515557587989
0.8823002754110805
0.8821440637370260
0.8819829727619013
0.8818170888004797
0.8816465405702317
0.8814715099323441
0.8812922468099280
0.8811090914950597
0.8809225125741255
0.8807331894931366
0.8809119460644469
0.8811090914950597
0.8813032403066066
0.8814936516434528
0.8816798376723131
0.8818614572747431
0.8820382677456828
0.8822100980486320
0.8823768318643610
0.8825383958538165
0.8826947510256595
0.8828458861301781
0.8829918124495257
0.8831325596057824
0.8832681721291537
0.8833987066179279
0.8835242293625795
0.8836448143428678
0.8837605415308407
0.8838714954453655
0.8839777639142581
0.8840794370137547
0.8841766061555638
0.8842693633006371
0.8843578002795115
0.8844420082079760
0.8845220769791297
0.8845980948260925
0.8846701479437348
0.8847383201624865
0.8848026926654574
0.8848633437465365
0.8849203485996381
0.8849737791396275
0.8850237038489628
0.8850701876437199
0.8851132917617099
0.8851530736666321
0.8851895869662418
0.8852228813434352
0.8852530024978946
0.8852799920976631
0.8853038877381878
0.8853247229087577
0.8853425269647092
0.8853573251046856
0.8853691383535285
0.8853779835455257
0.8853838733167240
0.8853868160948101
0.8853868160948101
0.8853838733167240
0.8853779835455257
0.8853691383535285
0.8853573251046856
0.8853425269647092
0.8853247229087577
0.8853038877381878
0.8852799920976631
0.8852530024978946
0.8852228813434352
0.8851895869662418
0.8851530736666321
0.8851132917617099
0.8850701876437199
0.8850237038489628
0.8849737791396275
0.8849203485996381
0.8848633437465365
0.8848026926654574
0.8847383201624865
0.8846701479437348
0.8845980948260925
0.8845220769791297
0.8844420082079760
0.8843578002795115
0.8842693633006371
0.8841766061555638
0.8840794370137547
0.8839777639142581
0.8838714954453655
0.8837605415308407
0.8836448143428678
0.8835242293625795
0.8833987066179279
0.8832681721291537
0.8831325596057824
0.8829918124495257
0.8828458861301768
0.8826947510256576
0.8825383958538165
0.8823768318643610
0.8822100980486320
0.8820382677456828
0.8818614572747431
0.8816798376723131
0.8814936516434528
0.8813032403066066
0.8811090914950597
0.8809119460644469
0.8810876601361021
0.8812922468099280
0.8814936516434528
0.8816910680090325
0.8818839747409701
0.8820720175461794
0.8822549518999248
0.8824326111926694
0.8826048869468890
0.8827717154910520
0.8829330684162477
0.8830889454274798
0.8832393688105554
0.8833843790396212
0.8835240312219353
0.8836583921847890
0.8837875380538358
0.8839115522283105
0.8840305236731625
0.8841445454719816
0.8842537135927441
0.8843581258362661
0.8844578809339613
0.8845530777722245
0.8846438147293740
0.8847301891002187
0.8848122966051787
0.8848902309649151
0.8849640835359323
0.8850339429963056
0.8850998950757946
0.8851620223244799
0.8852204039151872
0.8852751154727202
0.8853262289300466
0.8853738124074687
0.8854179301045928
0.8854586422145148
0.8854960048500061
0.8855300699806510
0.8855608853804497
0.8855884945861024
0.8856129368600418
0.8856342471623563
0.8856524561260785
0.8856675900395982
0.8856796708297620
0.8856887160514797
0.8856947388770007
0.8856977480932313
0.8856977480932313
0.8856947388770007
0.8856887160514799
0.8856796708297620
0.8856675900395982
0.8856524561260785
0.8856342471623563
0.8856129368600418
0.8855884945861024
0.8855608853804497
0.8855300699806510
0.8854960048500061
0.8854586422145148
0.8854179301045928
0.8853738124074687
0.8853262289300466
0.8852751154727202
0.8852204039151872
0.8851620223244799
0.8850998950757946
0.8850339429963056
0.8849640835359323
0.8848902309649151
0.8848122966051787
0.8847301891002187
0.8846438147293740
0.8845530777722245
0.8844578809339613
0.8843581258362661
0.8842537135927441
0.8841445454719816
0.8840305236731625
0.8839115522283105
0.8837875380538358
0.8836583921847890
0.8835240312219353
0.8833843790396212
0.8832393688105554
0.8830889454274798
0.8829330684162477
0.8827717154910520
0.8826048869468890
0.8824326111926694
0.8822549518999248
0.8820720175461794
0.8818839747409701
0.8816910680090325
0.8814936516434528
0.8812922468099280
0.8810876601361021
0.8812598574783230
0.8814715099323441
0.8816798376723129
0.8818839747409701
0.8820833624676971
0.8822776260971796
0.8824665122502263
0.8826498529020005
0.8828275428049800
0.8829995243646491
0.8831657769538603
0.8833263090356103
0.8834811521550475
0.8836303562391851
0.8837739858401230
0.8839121170842436
0.8840448351657316
0.8841722322628971
0.8842944057950161
0.8844114569530317
0.8845234894567034
0.8846306084967289
0.8847329198353896
0.8848305290355531
0.8849235408023565
0.8850120584205987
0.8850961832687485
0.8851760144076153
0.8852516482235778
0.8853231781262301
0.8853906942880838
0.8854542834243081
0.8855140286032563
0.8855700090867843
0.8856223001944252
0.8856709731895868
0.8857160951817079
0.8857577290478111
0.8857959333634043
0.8858307623474997
0.8858622658159627
0.8858904891449926
0.8859154732392339
0.8859372545074757
0.8859558648423544
0.8859713316047825
0.8859836776121565
0.8859929211285485
0.8859990758571222
0.8860021509365935
0.8860021509365935
0.8859990758571222
0.8859929211285485
0.8859836776121565
0.8859713316047825
0.8859558648423544
0.8859372545074757
0.8859154732392339
0.8858904891449926
0.8858622658159627
0.8858307623474997
0.8857959333634043
0.8857577290478111
0.8857160951817079
0.8856709731895868
0.8856223001944252
0.8855700090867843
0.8855140286032563
0.8854542834243081
0.8853906942880838
0.8853231781262301
0.8852516482235778
0.8851760144076153
0.8850961832687485
0.8850120584205987
0.8849235408023565
0.8848305290355531
0.8847329198353896
0.8846306084967289
0.8845234894567034
0.8844114569530317
0.8842944057950161
0.8841722322628971
0.8840448351657316
0.8839121170842436
0.8837739858401230
0.8836303562391851
0.8834811521550475
0.8833263090356103
0.8831657769538603
0.8829995243646491
0.8828275428049800
0.8826498529020005
0.8824665122502263
0.8822776260971796
0.8820833624676971
0.8818839747409701
0.8816798376723129
0.8814715099323441
0.8812598574783230
0.8814281844225416
0.8816465405702317
0.8818614572747431
0.8820720175461794
0.8822776260971796
0.8824778846399635
0.8826725265086460
0.8828613778042884
0.8830443325354302
0.8832213358243763
0.8833923720459711
0.8835574561374349
0.8837166270305082
0.8838699425629332
0.8840174754538465
0.8841593100666574
0.8842955397730315
0.8844262647786112
0.8845515903192595
0.8846716251497814
0.8847864802739946
0.8848962678703755
0.8850011003821370
0.8851010897435767
0.8851963467229667
0.8852869803589611
0.8853730974856010
0.8854548023197047
0.8855321961183056
0.8856053768799579
0.8856744390933470
0.8857394735250843
0.8858005670386010
0.8858578024426570
0.8859112583625182
0.8859610091334126
0.8860071247112054
0.8860496705982703
0.8860887077822239
0.8861242926864089
0.8861564771290231
0.8861853082903810
0.8862108286858503
0.8862330761465846
0.8862520838013883
0.8862678800661592
0.8862804886317682
0.8862899284591736
0.8862962137736162
0.8862993540589063
0.8862993540589063
0.8862962137736162
0.8862899284591736
0.8862804886317682
0.8862678800661592
0.8862520838013883
0.8862330761465846
0.8862108286858503
0.8861853082903810
0.8861564771290231
0.8861242926864089
0.8860887077822239
0.8860496705982703
0.8860071247112054
0.8859610091334126
0.8859112583625182
0.8858578024426570
0.8858005670386010
0.8857394735250843
0.8856744390933470
0.8856053768799579
0.8855321961183056
0.8854548023197047
0.8853730974856010
0.8852869803589611
0.8851963467229667
0.8851010897435767
0.8850011003821370
0.8848962678703755
0.8847864802739946
0.8846716251497814
0.8845515903192581
0.8844262647786112
0.8842955397730315
0.8841593100666574
0.8840174754538465
0.8838699425629332
0.8837166270305082
0.8835574561374354
0.8833923720459711
0.8832213358243763
0.8830443325354302
0.8828613778042884
0.8826725265086460
0.8824778846399635
0.8822776260971796
0.8820720175461794
0.8818614572747431
0.8816465405702317
0.8814281844225416
0.8815923754530542
0.8818170888004797
0.8820382677456828
0.8822549518999248
0.8824665122502263
0.8826725265086455
0.8828727124498519
0.8830668873244009
0.8832549413420658
0.8834368195053331
0.8836125086810968
0.8837820281142952
0.8839454222743663
0.8841027553411553
0.8842541068698246
0.8843995683314162
0.8845392403120590
0.8846732302232646
0.8848016504115634
0.8849246165878710
0.8850422465142231
0.8851546588996423
0.8852619724711144
0.8853643051868102
0.8854617735713295
0.8855544921503911
0.8856425729728226
0.8857261252045798
0.8858052547855479
0.8858800641370422
0.8859506519164806
0.8860171128105383
0.8860795373604035
0.8861380118161978
0.8861926180153645
0.8862434332808806
0.8862905303395578
0.8863339772526205
0.8863738373605741
0.8864101692381031
0.8864430266581105
0.8864724585639603
0.8864985090464533
0.8865212173272812
0.8865406177454607
0.8865567397481056
0.8865696078821472
0.8865792417915210
0.8865856562099922
0.8865888609631114
0.8865888609631114
0.8865856562099922
0.8865792417915210
0.8865696078821472
0.8865567397481056
0.8865406177454607
0.8865212173272812
0.8864985090464533
0.8864724585639603
0.8864430266581105
0.8864101692381018
0.8863738373605741
0.8863339772526205
0.8862905303395578
0.8862434332808806
0.8861926180153645
0.8861380118161978
0.8860795373604035
0.8860171128105383
0.8859506519164806
0.8858800641370422
0.8858052547855479
0.8857261252045798
0.8856425729728226
0.8855544921503911
0.8854617735713295
0.8853643051868102
0.8852619724711144
0.8851546588996423
0.8850422465142231
0.8849246165878710
0.8848016504115634
0.8846732302232646
0.8845392403120590
0.8843995683314162
0.8842541068698246
0.8841027553411553
0.8839454222743663
0.8837820281142952
0.8836125086810968
0.8834368195053331
0.8832549413420658
0.8830668873244009
0.8828727124498519
0.8826725265086455
0.8824665122502263
0.8822549518999248
0.8820382677456828
0.8818170888004797
0.8815923754530542
0.8817522326562404
0.8819829727619013
0.8822100980486320
0.8824326111926694
0.8826498529020005
0.8828613778042884
0.8830668873244009
0.8832661881252265
0.8834591644797777
0.8836457590569367
0.8838259591076016
0.8839997862598451
0.8841672888095035
0.8843285357744988
0.8844836122373775
0.8846326156396429
0.8847756527965973
0.8849128374693455
0.8850442883725332
0.8851701275256396
0.8852904788848389
0.8854054671950378
0.8855152170329205
0.8856198519995897
0.8857194940390204
0.8858142628660136
0.8859042754824140
0.8859896457679549
0.8860704841365715
0.8861468972475345
0.8862189877618613
0.8862868541374075
0.8863505904611806
0.8864102863059510
0.8864660266156863
0.8865178916067733
0.8865659566913590
0.8866102924147352
0.8866509644021189
0.8866880333196856
0.8867215548426077
0.8867515796299696
0.8867781533073426
0.8868013164515651
0.8868211045814911
0.8868375481500115
0.8868506725395615
0.8868604980599372
0.8868670399433505
0.8868703083461028
0.8868703083461028
0.8868670399433505
0.8868604980599373
0.8868506725395612
0.8868375481500115
0.8868211045814911
0.8868013164515651
0.8867781533073426
0.8867515796299696
0.8867215548426077
0.8866880333196856
0.8866509644021189
0.8866102924147352
0.8865659566913590
0.8865178916067733
0.8864660266156863
0.8864102863059510
0.8863505904611806
0.8862868541374075
0.8862189877618613
0.8861468972475345
0.8860704841365715
0.8859896457679549
0.8859042754824140
0.8858142628660136
0.8857194940390204
0.8856198519995897
0.8855152170329205
0.8854054671950378
0.8852904788848389
0.8851701275256396
0.8850442883725332
0.8849128374693455
0.8847756527965973
0.8846326156396429
0.8844836122373775
0.8843285357744988
0.8841672888095106
0.8839997862598451
0.8838259591076016
0.8836457590569367
0.8834591644797777
0.8832661881252265
0.8830668873244009
0.8828613778042884
0.8826498529020005
0.8824326111926694
0.8822100980486320
0.8819829727619013
0.8817522326562404
0.8819076114746716
0.8821440637370260
0.8823768318643610
0.8826048869468890
0.8828275428049800
0.8830443325354302
0.8832549413420658
0.8834591644797777
0.8836568789193824
0.8838480233839218
0.8840325838348450
0.8842105826643252
0.8843820704830792
0.8845471197751023
0.8847058199181067
0.8848582732277845
0.8850045917791531
0.8851448948291318
0.8852793067064701
0.8854079550762032
0.8855309695013248
0.8856484802480624
0.8857606172858361
0.8858675094525610
0.8859692837539990
0.8860660647758088
0.8861579741872369
0.8862451303297123
0.8863276478662062
0.8864056374918906
0.8864792056898044
0.8865484545285862
0.8866134814952701
0.8866743793568019
0.8867312360455900
0.8867841345681244
0.8868331529293353
0.8868783640734267
0.8869198358366553
0.8869576309110214
0.8869918068147834
0.8870224158713166
0.8870495051958063
0.8870731166811855
0.8870932869919156
0.8871100475596865
0.8871234245788098
0.8871334390057223
0.8871401065586979
0.8871434377152745
0.8871434377152745
0.8871401065586979
0.8871334390057223
0.8871234245788098
0.8871100475596865
0.8870932869919156
0.8870731166811867
0.8870495051958063
0.8870224158713166
0.8869918068147834
0.8869576309110214
0.8869198358366553
0.8868783640734267
0.8868331529293353
0.8867841345681244
0.8867312360455900
0.8866743793568019
0.8866134814952701
0.8865484545285862
0.8864792056898044
0.8864056374918906
0.8863276478662062
0.8862451303297123
0.8861579741872369
0.8860660647758088
0.8859692837539990
0.8858675094525610
0.8857606172858361
0.8856484802480624
0.8855309695013248
0.8854079550762032
0.8852793067064701
0.8851448948291318
0.8850045917791531
0.8848582732277845
0.8847058199181067
0.8845471197751023
0.8843820704830792
0.8842105826643252
0.8840325838348450
0.8838480233839218
0.8836568789193824
0.8834591644797777
0.8832549413420658
0.8830443325354302
0.8828275428049800
0.8826048869468890
0.8823768318643610
0.8821440637370260
0.8819076114746716
0.8820584102472350
0.8823002754110805
0.8825383958538143
0.8827717154910520
0.8829995243646491
0.8832213358243767
0.8834368195053331
0.8836457590569367
0.8838480233839218
0.8840435461639504
0.8842323108086283
0.8844143391682830
0.8845896828912697
0.8847584167176242
0.8849206332015530
0.8850764385134774
0.8852259490673979
0.8853692887881589
0.8855065868783819
0.8856379759876032
0.8857635906987028
0.8858835662711526
0.8859980376006789
0.8861071383449082
0.8862110001982653
0.8863097522831708
0.8864035206402673
0.8864924278049331
0.8865765924507576
0.8866561290935371
0.8867311478469613
0.8868017542175061
0.8868680489377151
0.8869301278281737
0.8869880816854484
0.8870419961936756
0.8870919518493404
0.8871380239068238
0.8871802823326046
0.8872187917720396
0.8872536115232711
0.8872847955189984
0.8873123923135274
0.8873364450740777
0.8873569915750457
0.8873740641946019
0.8873876899149915
0.8873978903201684
0.8874046815976522
0.8874080745388047
0.8874080745388047
0.8874046815976522
0.8873978903201684
0.8873876899149915
0.8873740641946019
0.8873569915750457
0.8873364450740777
0.8873123923135274
0.8872847955189984
0.8872536115232711
0.8872187917720396
0.8871802823326046
0.8871380239068238
0.8870919518493404
0.8870419961936756
0.8869880816854484
0.8869301278281737
0.8868680489377151
0.8868017542175061
0.8867311478469613
0.8866561290935371
0.8865765924507576
0.8864924278049331
0.8864035206402673
0.8863097522831708
0.8862110001982653
0.8861071383449082
0.8859980376006789
0.8858835662711526
0.8857635906987028
0.8856379759876032
0.8855065868783819
0.8853692887881589
0.8852259490673979
0.8850764385134774
0.8849206332015530
0.8847584167176242
0.8845896828912697
0.8844143391682830
0.8842323108086283
0.8840435461639504
0.8838480233839218
0.8836457590569367
0.8834368195053253
0.8832213358243767
0.8829995243646491
0.8827717154910520
0.8825383958538143
0.8823002754110797
0.8820584102472350
0.8822045622209794
0.8824515557587989
0.8826947510256595
0.8829330684162450
0.8831657769538603
0.8833923720459699
0.8836125086810972
0.8838259591076016
0.8840325838348450
0.8842323108086283
0.8844251199887756
0.8846110316705724
0.8847900974949232
0.8849623934269872
0.8851280142125536
0.8852870689548392
0.8854396775542830
0.8855859678233828
0.8857260731310989
0.8858601304700813
0.8859882788632387
0.8861106580447033
0.8862274073660550
0.8863386648837249
0.8864445666018304
0.8865452458393830
0.8866408327018487
0.8867314536436125
0.8868172311001860
0.8868982831858697
0.8869747234431639
0.8870466606360156
0.8871141985788498
0.8871774359994679
0.8872364664271039
0.8872913781039981
0.8873422539114865
0.8873891713189737
0.8874322023369223
0.8874714134886276
0.8875068657840052
0.8875386147054846
0.8875667101946773
0.8875911966466955
0.8876121129072041
0.8876294922691820
0.8876433624742794
0.8876537457136241
0.8876606586285346
0.8876641123128852
0.8876641123128852
0.8876606586285346
0.8876537457136245
0.8876433624742794
0.8876294922691820
0.8876121129072041
0.8875911966466955
0.8875667101946773
0.8875386147054846
0.8875068657840052
0.8874714134886276
0.8874322023369223
0.8873891713189737
0.8873422539114865
0.8872913781039981
0.8872364664271039
0.8871774359994679
0.8871141985788498
0.8870466606360156
0.8869747234431639
0.8868982831858697
0.8868172311001860
0.8867314536436125
0.8866408327018487
0.8865452458393830
0.8864445666018304
0.8863386648837249
0.8862274073660550
0.8861106580447033
0.8859882788632387
0.8858601304700813
0.8857260731310989
0.8855859678233828
0.8854396775542824
0.8852870689548392
0.8851280142125536
0.8849623934269872
0.8847900974949232
0.8846110316705724
0.8844251199887756
0.8842323108086283
0.8840325838348450
0.8838259591076016
0.8836125086810972
0.8833923720459699
0.8831657769538603
0.8829330684162450
0.8826947510256595
0.8824515557587989
0.8822045622209794
0.8823460292723454
0.8825978807176761
0.8828458861301767
0.8830889454274798
0.8833263090356103
0.8835574561374354
0.8837820281142952
0.8839997862598410
0.8842105826643252
0.8844143391682832
0.8846110316705724
0.8848006781590891
0.8849833294365260
0.8851590618396713
0.8853279714598943
0.8854901695180694
0.8856457786317026
0.8857949297832333
0.8859377598436161
0.8860744095394769
0.8862050217773324
0.8863297402592000
0.8864487083317538
0.8865620680336714
0.8866699593010222
0.8867725193073885
0.8868698819142765
0.8869621772142080
0.8870495311525082
0.8871320652134770
0.8872098961626073
0.8872831358330739
0.8873518909534756
0.8874162630064849
0.8874763481160524
0.8875322369589880
0.8875840146910371
0.8876317608952018
0.8876755495378179
0.8877154489384833
0.8877515217495663
0.8877838249383497
0.8878124097799088
0.8878373218499295
0.8878586010229039
0.8878762814730569
0.8878903916731531
0.8879009543988706
0.8879079867287458
0.8879115000476058
0.8879115000476058
0.8879079867287458
0.8879009543988706
0.8878903916731531
0.8878762814730569
0.8878586010229039
0.8878373218499295
0.8878124097799088
0.8877838249383497
0.8877515217495663
0.8877154489384833
0.8876755495378179
0.8876317608952018
0.8875840146910371
0.8875322369589881
0.8874763481160524
0.8874162630064849
0.8873518909534756
0.8872831358330739
0.8872098961626073
0.8871320652134770
0.8870495311525082
0.8869621772142080
0.8868698819142765
0.8867725193073885
0.8866699593010222
0.8865620680336714
0.8864487083317538
0.8863297402592000
0.8862050217773324
0.8860744095394811
0.8859377598436159
0.8857949297832333
0.8856457786317026
0.8854901695180694
0.8853279714598943
0.8851590618396713
0.8849833294365260
0.8848006781590891
0.8846110316705724
0.8844143391682832
0.8842105826643254
0.8839997862598410
0.8837820281142952
0.8835574561374354
0.8833263090356103
0.8830889454274798
0.8828458861301768
0.8825978807176761
0.8823460292723454
0.8824827968649833
0.8827392491336886
0.8829918124495257
0.8832393688105554
0.8834811521550475
0.8837166270305082
0.8839454222743663
0.8841672888095035
0.8843820704830792
0.8845896828912697
0.8847900974949232
0.8849833294365260
0.8851694280442233
0.8853484693343925
0.8855205500345952
0.8856857827795430
0.8858442922219186
0.8859962118648401
0.8861416814710218
0.8862808449327368
0.8864138485147411
0.8865408394007949
0.8866619644906486
0.8867773693976465
0.8868871976190693
0.8869915898455168
0.8870906833863820
0.8871846116935498
0.8872735039683424
0.8873574848337979
0.8874366740678715
0.8875111863843708
0.8875811312536540
0.8876466127573471
0.8877077294741561
0.8877645743869492
0.8878172348110891
0.8878657923400330
0.8879103228029080
0.8879508962338105
0.8879875768526606
0.8880204230473387
0.8880494873683811
0.8880748165222341
0.8880964513701375
0.8881144269306288
0.8881287723783837
0.8881395110498778
0.8881466604438414
0.8881502322249064
0.8881502322249064
0.8881466604438414
0.8881395110498778
0.8881287723783837
0.8881144269306288
0.8880964513701375
0.8880748165222341
0.8880494873683811
0.8880204230473387
0.8879875768526606
0.8879508962338103
0.8879103228029080
0.8878657923400330
0.8878172348110891
0.8877645743869492
0.8877077294741561
0.8876466127573471
0.8875811312536540
0.8875111863843708
0.8874366740678715
0.8873574848337979
0.8872735039683424
0.8871846116935498
0.8870906833863820
0.8869915898455168
0.8868871976190693
0.8867773693976465
0.8866619644906486
0.8865408394007949
0.8864138485147411
0.8862808449327370
0.8861416814710218
0.8859962118648401
0.8858442922219186
0.8856857827795430
0.8855205500345952
0.8853484693343925
0.8851694280442233
0.8849833294365260
0.8847900974949232
0.8845896828912697
0.8843820704830792
0.8841672888095035
0.8839454222743663
0.8837166270305082
0.8834811521550475
0.8832393688105554
0.8829918124495257
0.8827392491336886
0.8824827968649833
0.8826148699350953
0.8828756786520003
0.8831325596057824
0.8833843790396212
0.8836303562391851
0.8838699425629332
0.8841027553411553
0.8843285357744988
0.8845471197751023
0.8847584167176242
0.8849623934269861
0.8851590618396713
0.8853484693343925
0.8855306910621501
0.8857058238037384
0.8858739810105185
0.8860352887762541
0.8861898825487355
0.8863379044309725
0.8864795009580071
0.8866148212631249
0.8867440155570432
0.8868672338686044
0.8869846249963834
0.8870963356403957
0.8872025096787476
0.8873032875664092
0.8873988058397836
0.8874891967023822
0.8875745876869969
0.8876551013758592
0.8877308551713531
0.8878019611118052
0.8878685257207625
0.8879306498879870
0.8879884287736978
0.8880419517356137
0.8880913022718795
0.8881365579796795
0.8881777905229221
0.8882150656125738
0.8882484429910034
0.8882779764245140
0.8883037136987862
0.8883256966188671
0.8883439610088237
0.8883585367161615
0.8883694476131573
0.8883767116009585
0.8883803406121060
0.8883803406121060
0.8883767116009585
0.8883694476131573
0.8883585367161615
0.8883439610088237
0.8883256966188671
0.8883037136987862
0.8882779764245140
0.8882484429910034
0.8882150656125738
0.8881777905229221
0.8881365579796795
0.8880913022718793
0.8880419517356137
0.8879884287736978
0.8879306498879870
0.8878685257207625
0.8878019611118052
0.8877308551713531
0.8876551013758592
0.8875745876869969
0.8874891967023822
0.8873988058397836
0.8873032875664092
0.8872025096787476
0.8870963356403957
0.8869846249963834
0.8868672338686044
0.8867440155570432
0.8866148212631249
0.8864795009580071
0.8863379044309724
0.8861898825487347
0.8860352887762541
0.8858739810105185
0.8857058238037384
0.8855306910621501
0.8853484693343925
0.8851590618396713
0.8849623934269861
0.8847584167176242
0.8845471197751023
0.8843285357744988
0.8841027553411553
0.8838699425629332
0.8836303562391851
0.8833843790396212
0.8831325596057824
0.8828756786520003
0.8826148699350953
0.8827422694858194
0.8830072023278664
0.8832681721291537
0.8835240312219353
0.8837739858401230
0.8840174754538465
0.8842541068698246
0.8844836122373775
0.8847058199181067
0.8849206332015530
0.8851280142125536
0.8853279714598943
0.8855205500345952
0.8857058238037384
0.8858838891310240
0.8860548597856839
0.8862188627960560
0.8863760350492400
0.8865265204958146
0.8866704678421179
0.8868080286393879
0.8869393557020270
0.8870646017911550
0.8871839185212658
0.8872974554513605
0.8874053593301998
0.8875077734668561
0.8876048372115597
0.8876966855246381
0.8877834486214383
0.8878652516795927
0.8879422146023080
0.8880144518223789
0.8880820721471110
0.8881451786343496
0.8882038684905644
0.8882582329982897
0.8883083574540789
0.8883543211263570
0.8883961972224523
0.8884340528685938
0.8884679490917279
0.8884979408146847
0.8885240768500154
0.8885463999005869
0.8885649465596690
0.8885797473148750
0.8885908265500853
0.8885982025500587
0.8886018875034888
0.8886018875034895
0.8885982025500587
0.8885908265500853
0.8885797473148750
0.8885649465596690
0.8885463999005869
0.8885240768500154
0.8884979408146847
0.8884679490917279
0.8884340528685938
0.8883961972224523
0.8883543211263570
0.8883083574540789
0.8882582329982897
0.8882038684905649
0.8881451786343496
0.8880820721471110
0.8880144518223789
0.8879422146023080
0.8878652516795927
0.8877834486214383
0.8876966855246381
0.8876048372115597
0.8875077734668561
0.8874053593301998
0.8872974554513605
0.8871839185212658
0.8870646017911550
0.8869393557020270
0.8868080286393879
0.8866704678421179
0.8865265204958146
0.8863760350492400
0.8862188627960560
0.8860548597856839
0.8858838891310240
0.8857058238037384
0.8855205500345952
0.8853279714598943
0.8851280142125536
0.8849206332015530
0.8847058199181067
0.8844836122373775
0.8842541068698246
0.8840174754538465
0.8837739858401230
0.8835240312219353
0.8832681721291537
0.8830072023278664
0.8827422694858194
0.8828650297453208
0.8831338658059532
0.8833987066179279
0.8836583921847877
0.8839121170842436
0.8841593100666574
0.8843995683314162
0.8846326156396429
0.8848582732277845
0.8850764385134725
0.8852870689548392
0.8854901695180694
0.8856857827795430
0.8858739810105185
0.8860548597856839
0.8862285327854987
0.8863951275431768
0.8865547819494072
0.8867076413700830
0.8868538562581594
0.8869935801771457
0.8871269681548075
0.8872541753164050
0.8873753557459430
0.8874906615381821
0.8876002420093734
0.8877042430425929
0.8878028065426543
0.8878960699866020
0.8879841660508651
0.8880672223067315
0.8881453609699964
0.8882186986983018
0.8882873464258565
0.8883514092349011
0.8884109862505483
0.8884661705602280
0.8885170491524897
0.8885637028705013
0.8886062063787591
0.8886446281393952
0.8886790303967199
0.8887094691691009
0.8887359942426591
0.8887586491722973
0.8887774712821255
0.8887924916673801
0.8888037351996465
0.8888112205283202
0.8888149600854097
0.8888149600854097
0.8888112205283202
0.8888037351996465
0.8887924916673801
0.8887774712821255
0.8887586491722973
0.8887359942426591
0.8887094691691009
0.8886790303967199
0.8886446281393952
0.8886062063787592
0.8885637028705013
0.8885170491524897
0.8884661705602280
0.8884109862505483
0.8883514092349016
0.8882873464258565
0.8882186986983018
0.8881453609699964
0.8880672223067315
0.8879841660508651
0.8878960699866020
0.8878028065426543
0.8877042430425929
0.8876002420093734
0.8874906615381821
0.8873753557459430
0.8872541753164050
0.8871269681548075
0.8869935801771457
0.8868538562581594
0.8867076413700830
0.8865547819494072
0.8863951275431768
0.8862285327855037
0.8860548597856839
0.8858739810105185
0.8856857827795430
0.8854901695180694
0.8852870689548392
0.8850764385134725
0.8848582732277845
0.8846326156396429
0.8843995683314162
0.8841593100666574
0.8839121170842436
0.8836583921847877
0.8833987066179279
0.8831338658059532
0.8828650297453208
0.8829831957667084
0.8832557249469143
0.8835242293625789
0.8837875380538358
0.8840448351657316
0.8842955397730315
0.8845392403120590
0.8847756527965973
0.8850045917791531
0.8852259490673979
0.8854396775542830
0.8856457786317026
0.8858442922219194
0.8860352887762541
0.8862188627960560
0.8863951275431768
0.8865642106992681
0.8867262507876490
0.8868813942116812
0.8870297927983044
0.8871716017559517
0.8873069779731093
0.8874360786007938
0.8875590598709225
0.8876760761106705
0.8877872789200211
0.8878928164883673
0.8879928330278539
0.8880874683011549
0.8881768572330027
0.8882611295901861
0.8883404097200598
0.8884148163365753
0.8884844623484771
0.8885494547218566
0.8886098943702843
0.8886658760708011
0.8887174883967400
0.8887648136703382
0.8888079279264298
0.8888469008860933
0.8888817959415192
0.8889126701447734
0.8889395742034043
0.8889625524782951
0.8889816429849250
0.8889968773958952
0.8890082810433556
0.8890158729233822
0.8890196656980549
0.8890196656980549
0.8890158729233822
0.8890082810433556
0.8889968773958952
0.8889816429849250
0.8889625524782951
0.8889395742034043
0.8889126701447734
0.8888817959415201
0.8888469008860930
0.8888079279264298
0.8887648136703382
0.8887174883967400
0.8886658760708011
0.8886098943702843
0.8885494547218566
0.8884844623484771
0.8884148163365753
0.8883404097200598
0.8882611295901861
0.8881768572330027
0.8880874683011549
0.8879928330278539
0.8878928164883673
0.8877872789200211
0.8876760761106705
0.8875590598709225
0.8874360786007938
0.8873069779731093
0.8871716017559517
0.8870297927983044
0.8868813942116812
0.8867262507876490
0.8865642106992681
0.8863951275431768
0.8862188627960560
0.8860352887762541
0.8858442922219194
0.8856457786317026
0.8854396775542830
0.8852259490673979
0.8850045917791531
0.8847756527965973
0.8845392403120590
0.8842955397730315
0.8840448351657316
0.8837875380538358
0.8835242293625789
0.8832557249469155
0.8829831957667084
0.8830968213973149
0.8833728438194395
0.8836448143428678
0.8839115522283105
0.8841722322628971
0.8844262647786112
0.8846732302232646
0.8849128374693448
0.8851448948291318
0.8853692887881589
0.8855859678233821
0.8857949297832333
0.8859962118648396
0.8861898825487355
0.8863760350492400
0.8865547819494072
0.8867262507876490
0.8868905804059983
0.8870479179218804
0.8871984162083523
0.8873422317937728
0.8874795231090684
0.8876104490241836
0.8877351676230842
0.8878538351837650
0.8879666053231650
0.8880736282881432
0.8881750503614168
0.8882710133722315
0.8883616542888115
0.8884471048841135
0.8885274914597090
0.8886029346247177
0.8886735491122087
0.8887394436345983
0.8888007207684786
0.8888574768640307
0.8889098019763479
0.8889577798103736
0.8890014876854683
0.8890409965053224
0.8890763707412306
0.8891076684186302
0.8891349411125922
0.8891582339447039
0.8891775855831179
0.8891930282451285
0.8892045876989694
0.8892122832679193
0.8892161278327698
0.8892161278327698
0.8892122832679193
0.8892045876989694
0.8891930282451285
0.8891775855831179
0.8891582339447031
0.8891349411125922
0.8891076684186302
0.8890763707412306
0.8890409965053224
0.8890014876854683
0.8889577798103736
0.8889098019763479
0.8888574768640307
0.8888007207684786
0.8887394436345983
0.8886735491122087
0.8886029346247177
0.8885274914597090
0.8884471048841135
0.8883616542888115
0.8882710133722315
0.8881750503614168
0.8880736282881432
0.8879666053231650
0.8878538351837650
0.8877351676230842
0.8876104490241836
0.8874795231090684
0.8873422317937728
0.8871984162083523
0.8870479179218804
0.8868905804059983
0.8867262507876490
0.8865547819494072
0.8863760350492400
0.8861898825487355
0.8859962118648396
0.8857949297832333
0.8855859678233821
0.8853692887881589
0.8851448948291318
0.8849128374693448
0.8846732302232646
0.8844262647786112
0.8841722322628971
0.8839115522283105
0.8836448143428678
0.8833728438194395
0.8830968213973149
0.8832059675435322
0.8834852929924750
0.8837605415308407
0.8840305236731623
0.8842944057950161
0.8845515903192595
0.8848016504115634
0.8850442883725332
0.8852793067064691
0.8855065868783819
0.8857260731310989
0.8859377598436161
0.8861416814710218
0.8863379044309725
0.8865265204958146
0.8867076413700830
0.8868813942116812
0.8870479179218804
0.8872073600561506
0.8873598742498716
0.8875056180652542
0.8876447511923029
0.8877774339407783
0.8879038259785663
0.8880240852756253
0.8881383672196581
0.8882468238796499
0.8883496033888978
0.8884468494349254
0.8885387008350688
0.8886252911860376
0.8887067485774393
0.8887831953543193
0.8888547479298042
0.8889215166291612
0.8889836055697420
0.8890411125624336
0.8890941290403362
0.8891427399992178
0.8891870239582550
0.8892270529275771
0.8892628923893745
0.8892946012832685
0.8893222319992951
0.8893458303738381
0.8893654356893572
0.8893810806763295
0.8893927915142711
0.8894005878343076
0.8894044827227692
0.8894044827227692
0.8894005878343076
0.8893927915142711
0.8893810806763295
0.8893654356893572
0.8893458303738381
0.8893222319992951
0.8892946012832685
0.8892628923893745
0.8892270529275771
0.8891870239582550
0.8891427399992178
0.8890941290403362
0.8890411125624336
0.8889836055697420
0.8889215166291612
0.8888547479298042
0.8887831953543193
0.8887067485774393
0.8886252911860376
0.8885387008350688
0.8884468494349254
0.8883496033888978
0.8882468238796499
0.8881383672196581
0.8880240852756253
0.8879038259785684
0.8877774339407783
0.8876447511923029
0.8875056180652542
0.8873598742498716
0.8872073600561506
0.8870479179218804
0.8868813942116812
0.8867076413700830
0.8865265204958146
0.8863379044309725
0.8861416814710218
0.8859377598436161
0.8857260731310989
0.8855065868783819
0.8852793067064691
0.8850442883725332
0.8848016504115634
0.8845515903192595
0.8842944057950161
0.8840305236731623
0.8837605415308407
0.8834852929924750
0.8832059675435322
0.8833107006832115
0.8835931480731797
0.8838714954453660
0.8841445454719816
0.8844114569530317
0.8846716251497814
0.8849246165878690
0.8851701275256396
0.8854079550762014
0.8856379759876032
0.8858601304700813
0.8860744095394811
0.8862808449327368
0.8864795009580071
0.8866704678421179
0.8868538562581594
0.8870297927983044
0.8871984162083523
0.8873598742498716
0.8875143210763392
0.8876619150350459
0.8878028168229380
0.8879371879419833
0.8880651894002084
0.8881869806231703
0.8883027185425415
0.8884125568322877
0.8885166452701894
0.8886151292069077
0.8887081491251101
0.8887958402735591
0.8888783323671137
0.8889557493388224
0.8890282091421423
0.8890958235867658
0.8891586982106149
0.8892169321779905
0.8892706181990925
0.8893198424703060
0.8893646846270279
0.8894052177124155
0.8894415081529484
0.8894736157431473
0.8895015936355422
0.8895254883385267
0.8895453397098526
0.8895611809620564
0.8895730386602122
0.8895809327261198
0.8895848764391667
0.8895848764391667
0.8895809327261198
0.8895730386602122
0.8895611809620563
0.8895453397098526
0.8895254883385267
0.8895015936355422
0.8894736157431473
0.8894415081529484
0.8894052177124155
0.8893646846270279
0.8893198424703059
0.8892706181990925
0.8892169321779904
0.8891586982106149
0.8890958235867695
0.8890282091421423
0.8889557493388224
0.8888783323671137
0.8887958402735591
0.8887081491251101
0.8886151292069077
0.8885166452701894
0.8884125568322877
0.8883027185425412
0.8881869806231703
0.8880651894002084
0.8879371879419833
0.8878028168229380
0.8876619150350459
0.8875143210763392
0.8873598742498716
0.8871984162083523
0.8870297927983044
0.8868538562581594
0.8866704678421179
0.8864795009580071
0.8862808449327368
0.8860744095394811
0.8858601304700813
0.8856379759876032
0.8854079550762032
0.8851701275256396
0.8849246165878690
0.8846716251497814
0.8844114569530317
0.8841445454719816
0.8838714954453660
0.8835931480731797
0.8833107006832115
0.8834110915897242
0.8836964884558145
0.8839777639142581
0.8842537135927441
0.8845234894567034
0.8847864802739946
0.8850422465142231
0.8852904788848396
0.8855309695013248
0.8857635906987028
0.8859882788632387
0.8862050217773324
0.8864138485147411
0.8866148212631259
0.8868080286393871
0.8869935801771457
0.8871716017559517
0.8873422317937728
0.8875056180652542
0.8876619150350445
0.8878112816179700
0.8879538792995452
0.8880898705517984
0.8882194175039397
0.8883426808251237
0.8884598187819867
0.8885709864535919
0.8886763350709574
0.8887760114667369
0.8888701576163913
0.8889589102579086
0.8890424005794211
0.8891207539595043
0.8891940897582981
0.8892625211470113
0.8893261549703618
0.8893850916399598
0.8894394250472274
0.8894892425001598
0.8895346246716839
0.8895756455646728
0.8896123724852066
0.8896448660249258
0.8896731800495796
0.8896973616931771
0.8897174513541826
0.8897334826944893
0.8897454826416511
0.8897534713890598
0.8897574623975719
0.8897574623975719
0.8897534713890598
0.8897454826416511
0.8897334826944893
0.8897174513541826
0.8896973616931771
0.8896731800495796
0.8896448660249234
0.8896123724852066
0.8895756455646728
0.8895346246716839
0.8894892425001598
0.8894394250472274
0.8893850916399598
0.8893261549703618
0.8892625211470113
0.8891940897582981
0.8891207539595043
0.8890424005794211
0.8889589102579086
0.8888701576163913
0.8887760114667369
0.8886763350709574
0.8885709864535919
0.8884598187819867
0.8883426808251237
0.8882194175039397
0.8880898705517984
0.8879538792995452
0.8878112816179700
0.8876619150350453
0.8875056180652542
0.8873422317937728
0.8871716017559522
0.8869935801771470
0.8868080286393871
0.8866148212631259
0.8864138485147411
0.8862050217773324
0.8859882788632387
0.8857635906987028
0.8855309695013248
0.8852904788848396
0.8850422465142231
0.8847864802739946
0.8845234894567034
0.8842537135927441
0.8839777639142581
0.8836964884558145
0.8834110915897242
0.8835072142266901
0.8837953962389873
0.8840794370137547
0.8843581258362661
0.8846306084967284
0.8848962678703761
0.8851546588996420
0.8854054671950378
0.8856484802480624
0.8858835662711526
0.8861106580447022
0.8863297402592000
0.8865408394007946
0.8867440155570432
0.8869393557020270
0.8871269681548075
0.8873069779731093
0.8874795231090684
0.8876447511923029
0.8878028168229380
0.8879538792995452
0.8880981007021883
0.8882356442798509
0.8883666730889569
0.8884913488465024
0.8886098309680793
0.8887222757545685
0.8888288357141739
0.8889296589921089
0.8890248888966359
0.8891146635030629
0.8891991153290589
0.8892783710631932
0.8893525513476113
0.8894217705957614
0.8894861368516429
0.8895457516722884
0.8896007100382495
0.8896511002835489
0.8896970040415068
0.8897384962044248
0.8897756448950129
0.8898085114466228
0.8898371503885973
0.8898616094385375
0.8898819294978176
0.8898981446493615
0.8899102821591625
0.8899183624728872
0.8899223992222363
0.8899223992222363
0.8899183624728872
0.8899102821591625
0.8898981446493615
0.8898819294978176
0.8898616094385375
0.8898371503885973
0.8898085114466225
0.8897756448950129
0.8897384962044248
0.8896970040415068
0.8896511002835489
0.8896007100382495
0.8895457516722884
0.8894861368516429
0.8894217705957614
0.8893525513476113
0.8892783710631932
0.8891991153290589
0.8891146635030629
0.8890248888966359
0.8889296589921089
0.8888288357141739
0.8887222757545685
0.8886098309680793
0.8884913488465024
0.8883666730889569
0.8882356442798509
0.8880981007021883
0.8879538792995452
0.8878028168229380
0.8876447511923029
0.8874795231090684
0.8873069779731093
0.8871269681548075
0.8869393557020270
0.8867440155570432
0.8865408394007956
0.8863297402592000
0.8861106580447022
0.8858835662711526
0.8856484802480624
0.8854054671950378
0.8851546588996420
0.8848962678703761
0.8846306084967284
0.8843581258362661
0.8840794370137547
0.8837953962389873
0.8835072142266901
0.8835991447955011
0.8838899552980807
0.8841766061555638
0.8844578809339613
0.8847329198353896
0.8850011003821335
0.8852619724711144
0.8855152170329205
0.8857606172858361
0.8859980376006789
0.8862274073660550
0.8864487083317538
0.8866619644906486
0.8868672338686044
0.8870646017911546
0.8872541753164054
0.8874360786007938
0.8876104490241836
0.8877774339407790
0.8879371879419833
0.8880898705517984
0.8882356442798509
0.8883746729813756
0.8885071204654591
0.8886331493275642
0.8887529199604953
0.8888665897213924
0.8889743122337430
0.8890762368007467
0.8891725079132227
0.8892632648437473
0.8893486413037378
0.8894287651667477
0.8895037582352461
0.8895737360567277
0.8896388077678845
0.8896990759761391
0.8897546366629503
0.8898055791065119
0.8898519858253622
0.8898939325345548
0.8899314881134079
0.8899647145819112
0.8899936670847676
0.8900183938833436
0.8900389363456979
0.8900553289476604
0.8900675992681875
0.8900757679913205
0.8900798489058465
0.8900798489058465
0.8900757679913205
0.8900675992681875
0.8900553289476570
0.8900389363456979
0.8900183938833436
0.8899936670847676
0.8899647145819112
0.8899314881134079
0.8898939325345548
0.8898519858253622
0.8898055791065119
0.8897546366629503
0.8896990759761391
0.8896388077678845
0.8895737360567277
0.8895037582352461
0.8894287651667477
0.8893486413037379
0.8892632648437473
0.8891725079132227
0.8890762368007467
0.8889743122337430
0.8888665897213924
0.8887529199604953
0.8886331493275642
0.8885071204654591
0.8883746729813756
0.8882356442798509
0.8880898705517984
0.8879371879419833
0.8877774339407790
0.8876104490241831
0.8874360786007938
0.8872541753164054
0.8870646017911550
0.8868672338686044
0.8866619644906486
0.8864487083317538
0.8862274073660550
0.8859980376006789
0.8857606172858361
0.8855152170329205
0.8852619724711144
0.8850011003821335
0.8847329198353896
0.8844578809339613
0.8841766061555638
0.8838899552980807
0.8835991447955011
0.8836869609078359
0.8839802504794575
0.8842693633006371
0.8845530777722245
0.8848305290355531
0.8851010897435767
0.8853643051868102
0.8856198519995897
0.8858675094525610
0.8861071383449082
0.8863386648837249
0.8865620680336714
0.8867773693976465
0.8869846249963834
0.8871839185212658
0.8873753557459430
0.8875590598709225
0.8877351676230842
0.8879038259785684
0.8880651894002084
0.8882194175039397
0.8883666730889569
0.8885071204654582
0.8886409240462467
0.8887682471503147
0.8888892509953519
0.8890040938443575
0.8891129302903167
0.8892159106501127
0.8893131804630937
0.8894048800640432
0.8894911442361280
0.8895721019165099
0.8896478759590010
0.8897185829369039
0.8897843329849262
0.8898452296681562
0.8899013698835402
0.8899528437768045
0.8899997346803631
0.8900421190678821
0.8900800665158755
0.8901136396795499
0.8901428942742087
0.8901678790628214
0.8901886358483616
0.8902051994698290
0.8902175977982391
0.8902258517375409
0.8902299752232572
0.8902299752232572
0.8902258517375409
0.8902175977982391
0.8902051994698290
0.8901886358483616
0.8901678790628214
0.8901428942742087
0.8901136396795499
0.8900800665158755
0.8900421190678828
0.8899997346803631
0.8899528437768045
0.8899013698835402
0.8898452296681562
0.8897843329849262
0.8897185829369039
0.8896478759590010
0.8895721019165099
0.8894911442361280
0.8894048800640432
0.8893131804630937
0.8892159106501127
0.8891129302903167
0.8890040938443575
0.8888892509953519
0.8887682471503147
0.8886409240462467
0.8885071204654582
0.8883666730889569
0.8882194175039397
0.8880651894002084
0.8879038259785684
0.8877351676230842
0.8875590598709225
0.8873753557459430
0.8871839185212658
0.8869846249963834
0.8867773693976465
0.8865620680336714
0.8863386648837249
0.8861071383449082
0.8858675094525610
0.8856198519995897
0.8853643051868102
0.8851010897435767
0.8848305290355531
0.8845530777722245
0.8842693633006371
0.8839802504794575
0.8836869609078359
0.8837707408710106
0.8840663669038662
0.8843578002795115
0.8846438147293740
0.8849235408023565
0.8851963467229667
0.8854617735713295
0.8857194940390204
0.8859692837539990
0.8862110001982652
0.8864445666018304
0.8866699593010222
0.8868871976190693
0.8870963356403957
0.8872974554513606
0.8874906615381821
0.8876760761106705
0.8878538351837710
0.8880240852756256
0.8881869806231703
0.8883426808251237
0.8884913488465030
0.8886331493275642
0.8887682471503147
0.8888968062226128
0.8890189884507899
0.8891349528690049
0.8892448549051664
0.8893488457628340
0.8894470719006295
0.8895396745976690
0.8896267895904207
0.8897085467712321
0.8897850699396697
0.8898564765980854
0.8899228777836881
0.8899843779357591
0.8900410747855971
0.8900930592729644
0.8901404154772465
0.8901832205677295
0.8902215447636082
0.8902554513046216
0.8902849964328878
0.8903102293754991
0.8903311923367474
0.8903479204918361
0.8903604419825957
0.8903687779167203
0.8903729423658215
0.8903729423658215
0.8903687779167203
0.8903604419825957
0.8903479204918361
0.8903311923367474
0.8903102293754991
0.8902849964328878
0.8902554513046216
0.8902215447636082
0.8901832205677295
0.8901404154772465
0.8900930592729644
0.8900410747855971
0.8899843779357591
0.8899228777836881
0.8898564765980854
0.8897850699396697
0.8897085467712321
0.8896267895904207
0.8895396745976690
0.8894470719006295
0.8893488457628340
0.8892448549051664
0.8891349528690049
0.8890189884507899
0.8888968062226128
0.8887682471503147
0.8886331493275642
0.8884913488465030
0.8883426808251237
0.8881869806231703
0.8880240852756256
0.8878538351837650
0.8876760761106705
0.8874906615381821
0.8872974554513606
0.8870963356403957
0.8868871976190693
0.8866699593010222
0.8864445666018304
0.8862110001982652
0.8859692837539990
0.8857194940390204
0.8854617735713295
0.8851963467229667
0.8849235408023565
0.8846438147293740
0.8843578002795115
0.8840663669038662
0.8837707408710106
0.8838505630607858
0.8841483893626291
0.8844420082079760
0.8847301891002187
0.8850120584205987
0.8852869803589611
0.8855544921503911
0.8858142628660136
0.8860660647758088
0.8863097522831708
0.8865452458393830
0.8867725193073885
0.8869915898455168
0.8872025096787476
0.8874053593302003
0.8876002420093734
0.8877872789200211
0.8879666053231650
0.8881383672196581
0.8883027185425415
0.8884598187819867
0.8886098309680793
0.8887529199604953
0.8888892509953515
0.8890189884507899
0.8891422948013019
0.8892593297310872
0.8893702493843544
0.8894752057315741
0.8895743460377296
0.8896678124137061
0.8897557414436379
0.8898382638724075
0.8899155043480551
0.8899875812093477
0.8900546063115069
0.8901166848845864
0.8901739154214566
0.8902263895842827
0.8902741921355996
0.8903174008820283
0.8903560866323128
0.8903903131646321
0.8904201372040550
0.8904456084059901
0.8904667693452161
0.8904836555064403
0.8904962952822842
0.8905047099681690
0.8905089137614690
0.8905089137614690
0.8905047099681693
0.8904962952822842
0.8904836555064403
0.8904667693452161
0.8904456084059901
0.8904201372040550
0.8903903131646322
0.8903560866323128
0.8903174008820283
0.8902741921355996
0.8902263895842827
0.8901739154214566
0.8901166848845864
0.8900546063115073
0.8899875812093477
0.8899155043480551
0.8898382638724075
0.8897557414436379
0.8896678124137061
0.8895743460377296
0.8894752057315741
0.8893702493843544
0.8892593297310872
0.8891422948013019
0.8890189884507899
0.8888892509953515
0.8887529199604953
0.8886098309680793
0.8884598187819867
0.8883027185425415
0.8881383672196581
0.8879666053231650
0.8877872789200211
0.8876002420093734
0.8874053593302003
0.8872025096787476
0.8869915898455168
0.8867725193073885
0.8865452458393830
0.8863097522831708
0.8860660647758088
0.8858142628660136
0.8855544921503911
0.8852869803589611
0.8850120584205987
0.8847301891002187
0.8844420082079760
0.8841483893626291
0.8838505630607858
0.8839265053831969
0.8842264017959512
0.8845220769791297
0.8848122966051787
0.8850961832687485
0.8853730974855998
0.8856425729728226
0.8859042754824140
0.8861579741872369
0.8864035206402673
0.8866408327018481
0.8868698819142765
0.8870906833863820
0.8873032875664092
0.8875077734668561
0.8877042430425929
0.8878928164883673
0.8880736282881432
0.8882468238796498
0.8884125568322877
0.8885709864535919
0.8887222757545685
0.8888665897213924
0.8890040938443575
0.8891349528690042
0.8892593297310872
0.8893773846579132
0.8894892744018452
0.8895951515947187
0.8896951642032837
0.8897894550694877
0.8898781615262908
0.8899614150767828
0.8900393411285505
0.8901120587706466
0.8901796805954180
0.8902423125491714
0.8903000538133418
0.8903529967090960
0.8904012266207472
0.8904448219369971
0.8904838540062645
0.8905183870990820
0.8905484783847986
0.8905741779122855
0.8905955285959007
0.8906125662068093
0.8906253193670826
0.8906338095458418
0.8906380510569174
0.8906380510569174
0.8906338095458418
0.8906253193670826
0.8906125662068093
0.8905955285959007
0.8905741779122891
0.8905484783847986
0.8905183870990820
0.8904838540062645
0.8904448219369971
0.8904012266207472
0.8903529967090960
0.8903000538133418
0.8902423125491714
0.8901796805954180
0.8901120587706466
0.8900393411285505
0.8899614150767828
0.8898781615262908
0.8897894550694877
0.8896951642032837
0.8895951515947187
0.8894892744018452
0.8893773846579132
0.8892593297310872
0.8891349528690049
0.8890040938443575
0.8888665897213924
0.8887222757545685
0.8885709864535919
0.8884125568322877
0.8882468238796498
0.8880736282881432
0.8878928164883673
0.8877042430425929
0.8875077734668561
0.8873032875664092
0.8870906833863820
0.8868698819142765
0.8866408327018487
0.8864035206402673
0.8861579741872369
0.8859042754824140
0.8856425729728226
0.8853730974855998
0.8850961832687485
0.8848122966051787
0.8845220769791297
0.8842264017959512
0.8839265053831969
0.8839986448022729
0.8843004868382829
0.8845980948260925
0.8848902309649151
0.8851760144076153
0.8854548023197047
0.8857261252045798
0.8859896457679539
0.8862451303297123
0.8864924278049331
0.8867314536436125
0.8869621772142080
0.8871846116935498
0.8873988058397836
0.8876048372115597
0.8878028065426543
0.8879928330278539
0.8881750503614180
0.8883496033888978
0.8885166452701894
0.8886763350709574
0.8888288357141739
0.8889743122337430
0.8891129302903167
0.8892448549051664
0.8893702493843544
0.8894892744018452
0.8896020872228010
0.8897088410456647
0.8898096844442311
0.8899047608990378
0.8899942084030572
0.8900781591312584
0.8901567391664644
0.8902300682703028
0.8902982596971710
0.8903614200385329
0.8904196490988219
0.8904730397961585
0.8905216780802224
0.8905656428705045
0.8906050060058787
0.8906398322084136
0.8906701790533308
0.8906960969496603
0.8907176291237677
0.8907348116089611
0.8907476732390784
0.8907562356418837
0.8907605132381747
0.8907605132381747
0.8907562356418837
0.8907476732390789
0.8907348116089611
0.8907176291237677
0.8906960969496603
0.8906701790533309
0.8906398322084136
0.8906050060058854
0.8905656428705045
0.8905216780802224
0.8904730397961585
0.8904196490988219
0.8903614200385329
0.8902982596971710
0.8902300682703028
0.8901567391664644
0.8900781591312584
0.8899942084030572
0.8899047608990378
0.8898096844442311
0.8897088410456647
0.8896020872228010
0.8894892744018452
0.8893702493843544
0.8892448549051664
0.8891129302903167
0.8889743122337430
0.8888288357141739
0.8886763350709574
0.8885166452701894
0.8883496033888978
0.8881750503614180
0.8879928330278539
0.8878028065426543
0.8876048372115597
0.8873988058397836
0.8871846116935498
0.8869621772142080
0.8867314536436125
0.8864924278049331
0.8862451303297123
0.8859896457679539
0.8857261252045798
0.8854548023197047
0.8851760144076153
0.8848902309649151
0.8845980948260925
0.8843004868382829
0.8839986448022729
0.8840670569294402
0.8843707254241890
0.8846701479437348
0.8849640835359323
0.8852516482235778
0.8855321961183058
0.8858052547855479
0.8860704841365715
0.8863276478662062
0.8865765924507576
0.8868172311001860
0.8870495311525082
0.8872735039683424
0.8874891967023827
0.8876966855246381
0.8878960699866020
0.8880874683011549
0.8882710133722315
0.8884468494349254
0.8886151292069077
0.8887760114667375
0.8889296589921116
0.8890762368007467
0.8892159106501127
0.8893488457628340
0.8894752057315745
0.8895951515947209
0.8897088410456647
0.8898164277633656
0.8899180608443787
0.8900138843247773
0.8901040367754726
0.8901886509648358
0.8902678535750425
0.8903417649673964
0.8904104989879063
0.8904741628084111
0.8905328567960289
0.8905866744072375
0.8906357021041784
0.8906800192873373
0.8907196982434723
0.8907548041046283
0.8907853948170817
0.8908115211184950
0.8908332265209902
0.8908505472974210
0.8908635124752776
0.8908721438285478
0.8908764558753479
0.8908764558753479
0.8908721438285478
0.8908635124752776
0.8908505472974210
0.8908332265209902
0.8908115211184950
0.8907853948170817
0.8907548041046283
0.8907196982434723
0.8906800192873373
0.8906357021041782
0.8905866744072375
0.8905328567960289
0.8904741628084111
0.8904104989879063
0.8903417649673964
0.8902678535750425
0.8901886509648358
0.8901040367754726
0.8900138843247773
0.8899180608443787
0.8898164277633656
0.8897088410456647
0.8895951515947209
0.8894752057315745
0.8893488457628340
0.8892159106501127
0.8890762368007467
0.8889296589921116
0.8887760114667375
0.8886151292069077
0.8884468494349254
0.8882710133722315
0.8880874683011549
0.8878960699866020
0.8876966855246381
0.8874891967023827
0.8872735039683424
0.8870495311525082
0.8868172311001860
0.8865765924507576
0.8863276478662062
0.8860704841365715
0.8858052547855479
0.8855321961183056
0.8852516482235778
0.8849640835359323
0.8846701479437348
0.8843707254241890
0.8840670569294402
0.8841318156671526
0.8844371964489632
0.8847383201624865
0.8850339429963043
0.8853231781262301
0.8856053768799579
0.8858800641370422
0.8861468972475345
0.8864056374918904
0.8866561290935371
0.8868982831858697
0.8871320652134770
0.8873574848337979
0.8875745876869969
0.8877834486214383
0.8879841660508652
0.8881768572330027
0.8883616542888105
0.8885387008350688
0.8887081491251082
0.8888701576163917
0.8890248888966359
0.8891725079132214
0.8893131804630938
0.8894470719006295
0.8895743460377296
0.8896951642032802
0.8898096844442311
0.8899180608443787
0.8900204429474640
0.8901169752702511
0.8902077968879265
0.8902930410894575
0.8903728350869861
0.8904472997750732
0.8905165495281397
0.8905806920374842
0.8906398281748633
0.8906940518824115
0.8907434500854504
0.8907881026200677
0.8908280821789698
0.8908634542664775
0.8908942771667941
0.8909206019165583
0.8909424722879925
0.8909599247742260
0.8909729885777538
0.8909816856073078
0.8909860304699040
0.8909860304699040
0.8909816856073078
0.8909729885777538
0.8909599247742260
0.8909424722879925
0.8909206019165583
0.8908942771667941
0.8908634542664775
0.8908280821789698
0.8907881026200677
0.8907434500854504
0.8906940518824115
0.8906398281748611
0.8905806920374842
0.8905165495281397
0.8904472997750732
0.8903728350869861
0.8902930410894575
0.8902077968879265
0.8901169752702511
0.8900204429474640
0.8899180608443787
0.8898096844442311
0.8896951642032802
0.8895743460377296
0.8894470719006295
0.8893131804630938
0.8891725079132214
0.8890248888966359
0.8888701576163917
0.8887081491251082
0.8885387008350688
0.8883616542888105
0.8881768572330027
0.8879841660508652
0.8877834486214383
0.8875745876869969
0.8873574848337979
0.8871320652134770
0.8868982831858697
0.8866561290935371
0.8864056374918904
0.8861468972475345
0.8858800641370422
0.8856053768799579
0.8853231781262301
0.8850339429963043
0.8847383201624865
0.8844371964489632
0.8841318156671526
0.8841929928997676
0.8844999764711159
0.8848026926654569
0.8850998950757956
0.8853906942880846
0.8856744390933470
0.8859506519164806
0.8862189877618613
0.8864792056898044
0.8867311478469613
0.8869747234431639
0.8872098961626114
0.8874366740678699
0.8876551013758595
0.8878652516795927
0.8880672223067316
0.8882611295901877
0.8884471048841135
0.8886252911860376
0.8887958402735591
0.8889589102579086
0.8891146635030629
0.8892632648437464
0.8894048800640321
0.8895396745976695
0.8896678124137064
0.8897894550694876
0.8899047608990378
0.8900138843247796
0.8901169752702519
0.8902141786645773
0.8903056340213010
0.8903914750857215
0.8904718295366046
0.8905468187392711
0.8906165575392333
0.8906811540907452
0.8907407097178986
0.8907953187993682
0.8908450686770829
0.8908900395807839
0.8909303045696165
0.8909659294860911
0.8909969729196320
0.8910234861800169
0.8910455132755292
0.8910630908978502
0.8910762484121141
0.8910850078471878
0.8910893838923180
0.8910893838923180
0.8910850078471878
0.8910762484121141
0.8910630908978502
0.8910455132755292
0.8910234861800169
0.8909969729196316
0.8909659294860911
0.8909303045696165
0.8908900395807839
0.8908450686770829
0.8907953187993682
0.8907407097178986
0.8906811540907452
0.8906165575392333
0.8905468187392711
0.8904718295366046
0.8903914750857215
0.8903056340213010
0.8902141786645773
0.8901169752702519
0.8900138843247795
0.8899047608990378
0.8897894550694876
0.8896678124137064
0.8895396745976695
0.8894048800640321
0.8892632648437473
0.8891146635030629
0.8889589102579086
0.8887958402735591
0.8886252911860376
0.8884471048841135
0.8882611295901877
0.8880672223067316
0.8878652516795927
0.8876551013758595
0.8874366740678699
0.8872098961626114
0.8869747234431639
0.8867311478469613
0.8864792056898044
0.8862189877618615
0.8859506519164806
0.8856744390933470
0.8853906942880846
0.8850998950757956
0.8848026926654569
0.8844999764711159
0.8841929928997676
0.8842506582221775
0.8845591394583650
0.8848633437465365
0.8851620223244799
0.8854542834243081
0.8857394735250843
0.8860171128105383
0.8862868541374075
0.8865484545285862
0.8868017542175074
0.8870466606360156
0.8872831358330739
0.8875111863843708
0.8877308551713528
0.8879422146023080
0.8881453609699964
0.8883404097200598
0.8885274914597090
0.8887067485774393
0.8888783323671137
0.8890424005794211
0.8891991153290589
0.8893486413037379
0.8894911442361280
0.8896267895904207
0.8897557414436379
0.8898781615262908
0.8899942084030572
0.8901040367754713
0.8902077968879265
0.8903056340213010
0.8903976880688176
0.8904840931716372
0.8905649774189777
0.8906404625913906
0.8907106639511251
0.8907756900653100
0.8908356426612281
0.8908906165087662
0.8909406993240746
0.8909859716902853
0.8910265069978691
0.8910623713937708
0.8910936237450914
0.8911203156073174
0.8911424912031776
0.8911601874055974
0.8911734337259111
0.8911822523030565
0.8911866579008321
0.8911866579008321
0.8911822523030565
0.8911734337259111
0.8911601874055974
0.8911424912031776
0.8911203156073174
0.8910936237450914
0.8910623713937708
0.8910265069978691
0.8909859716902853
0.8909406993240746
0.8908906165087662
0.8908356426612281
0.8907756900653100
0.8907106639511251
0.8906404625913906
0.8905649774189777
0.8904840931716372
0.8903976880688176
0.8903056340213010
0.8902077968879265
0.8901040367754713
0.8899942084030572
0.8898781615262908
0.8897557414436379
0.8896267895904207
0.8894911442361280
0.8893486413037379
0.8891991153290589
0.8890424005794211
0.8888783323671137
0.8887067485774393
0.8885274914597090
0.8883404097200598
0.8881453609699964
0.8879422146023080
0.8877308551713528
0.8875111863843708
0.8872831358330739
0.8870466606360156
0.8868017542175074
0.8865484545285862
0.8862868541374075
0.8860171128105383
0.8857394735250843
0.8854542834243081
0.8851620223244799
0.8848633437465365
0.8845591394583650
0.8842506582221775
0.8843048787077658
0.8846147565642292
0.8849203485996381
0.8852204039151872
0.8855140286032563
0.8858005670386010
0.8860795373604035
0.8863505904611806
0.8866134814952701
0.8868680489377151
0.8871141985788498
0.8873518909534756
0.8875811312536540
0.8878019611118052
0.8880144518223789
0.8882186986983051
0.8884148163365753
0.8886029346247177
0.8887831953543193
0.8889557493388224
0.8891207539595044
0.8892783710631932
0.8894287651667477
0.8895721019165099
0.8897085467712309
0.8898382638724073
0.8899614150767828
0.8900781591312584
0.8901886509648358
0.8902930410894563
0.8903914750857215
0.8904840931716372
0.8905710298334043
0.8906524135176418
0.8907283663700392
0.8907990040210405
0.8908644354031664
0.8909247626033520
0.8909800807405661
0.8910304778649274
0.8910760348773433
0.8911168254664039
0.8911529160535383
0.8911843657546166
0.8912112263481763
0.8912335422510190
0.8912513504997224
0.8912646807375406
0.8912735552040683
0.8912779887290041
0.8912779887290041
0.8912735552040683
0.8912646807375406
0.8912513504997224
0.8912335422510190
0.8912112263481763
0.8911843657546166
0.8911529160535383
0.8911168254664039
0.8910760348773433
0.8910304778649274
0.8909800807405661
0.8909247626033520
0.8908644354031664
0.8907990040210405
0.8907283663700392
0.8906524135176418
0.8905710298334043
0.8904840931716372
0.8903914750857215
0.8902930410894563
0.8901886509648358
0.8900781591312584
0.8899614150767828
0.8898382638724073
0.8897085467712309
0.8895721019165099
0.8894287651667477
0.8892783710631932
0.8891207539595044
0.8889557493388224
0.8887831953543193
0.8886029346247177
0.8884148163365753
0.8882186986983051
0.8880144518223789
0.8878019611118052
0.8875811312536540
0.8873518909534756
0.8871141985788498
0.8868680489377151
0.8866134814952701
0.8863505904611806
0.8860795373604035
0.8858005670386010
0.8855140286032563
0.8852204039151872
0.8849203485996381
0.8846147565642292
0.8843048787077658
0.8843557187042114
0.8846668959388937
0.8849737791396273
0.8852751154727202
0.8855700090867840
0.8858578024426570
0.8861380118161978
0.8864102863059510
0.8866743793568019
0.8869301278281737
0.8871774359994679
0.8874162630064849
0.8876466127573471
0.8878685257207617
0.8880820721471110
0.8882873464258570
0.8884844623484771
0.8886735491122087
0.8888547479298042
0.8890282091421409
0.8891940897582981
0.8893525513476113
0.8895037582352461
0.8896478759590009
0.8897850699396697
0.8899155043480551
0.8900393411285522
0.8901567391664644
0.8902678535750425
0.8903728350869861
0.8904718295366038
0.8905649774189777
0.8906524135176418
0.8907342665896374
0.8908106591018597
0.8908817070074213
0.8909475195623932
0.8910081991718677
0.8910638412657512
0.8911145341926898
0.8911603591381069
0.8912013900557171
0.8912376936147884
0.8912693291552700
0.8912963486558916
0.8913187967078163
0.8913367104958985
0.8913501197822643
0.8913590468975151
0.8913635067319072
0.8913635067319072
0.8913590468975151
0.8913501197822643
0.8913367104958985
0.8913187967078163
0.8912963486558916
0.8912693291552700
0.8912376936147884
0.8912013900557164
0.8911603591381069
0.8911145341926898
0.8910638412657512
0.8910081991718677
0.8909475195623932
0.8908817070074213
0.8908106591018597
0.8907342665896374
0.8906524135176418
0.8905649774189777
0.8904718295366038
0.8903728350869861
0.8902678535750425
0.8901567391664644
0.8900393411285522
0.8899155043480551
0.8897850699396697
0.8896478759590009
0.8895037582352461
0.8893525513476113
0.8891940897582981
0.8890282091421409
0.8888547479298042
0.8886735491122087
0.8884844623484771
0.8882873464258570
0.8880820721471110
0.8878685257207617
0.8876466127573471
0.8874162630064849
0.8871774359994679
0.8869301278281737
0.8866743793568019
0.8864102863059510
0.8861380118161978
0.8858578024426570
0.8855700090867840
0.8852751154727202
0.8849737791396273
0.8846668959388937
0.8843557187042114
0.8844032396570644
0.8847156225622503
0.8850237038489610
0.8853262289300466
0.8856223001944252
0.8859112583625182
0.8861926180153643
0.8864660266156863
0.8867312360455911
0.8869880816854484
0.8872364664271039
0.8874763481160524
0.8877077294741561
0.8879306498879870
0.8881451786343496
0.8883514092349015
0.8885494547218566
0.8887394436345983
0.8889215166291612
0.8890958235867658
0.8892625211470113
0.8894217705957606
0.8895737360567277
0.8897185829369039
0.8898564765980854
0.8899875812093481
0.8901120587706466
0.8902300682703028
0.8903417649673969
0.8904472997750732
0.8905468187392711
0.8906404625913906
0.8907283663700382
0.8908106591018597
0.8908874635318074
0.8909588958972058
0.8910250657382512
0.8910860757427850
0.8911420216144856
0.8911929919686274
0.8912390682434416
0.8912803246307185
0.8913168280202428
0.8913486379527984
0.8913758065872981
0.8913983786718630
0.8914163915238938
0.8914298750129325
0.8914388515515205
0.8914433360832541
0.8914433360832541
0.8914388515515205
0.8914298750129325
0.8914163915238938
0.8913983786718630
0.8913758065872981
0.8913486379527984
0.8913168280202428
0.8912803246307185
0.8912390682434416
0.8911929919686274
0.8911420216144856
0.8910860757427850
0.8910250657382512
0.8909588958972058
0.8908874635318074
0.8908106591018597
0.8907283663700382
0.8906404625913906
0.8905468187392711
0.8904472997750732
0.8903417649673978
0.8902300682703028
0.8901120587706466
0.8899875812093481
0.8898564765980854
0.8897185829369039
0.8895737360567277
0.8894217705957606
0.8892625211470113
0.8890958235867658
0.8889215166291612
0.8887394436345983
0.8885494547218566
0.8883514092349015
0.8881451786343496
0.8879306498879870
0.8877077294741561
0.8874763481160524
0.8872364664271039
0.8869880816854484
0.8867312360455911
0.8864660266156863
0.8861926180153643
0.8859112583625182
0.8856223001944252
0.8853262289300466
0.8850237038489610
0.8847156225622503
0.8844032396570644
0.8844474999591846
0.8847609981038584
0.8850701876437199
0.8853738124074693
0.8856709731895868
0.8859610091334126
0.8862434332808802
0.8865178916067737
0.8867841345681244
0.8870419961936756
0.8872913781039991
0.8875322369589881
0.8877645743869492
0.8879884287736978
0.8882038684905649
0.8884109862505483
0.8886098943702843
0.8888007207684785
0.8889836055697420
0.8891586982106131
0.8893261549703618
0.8894861368516429
0.8896388077678845
0.8897843329849262
0.8899228777836881
0.8900546063115069
0.8901796805954185
0.8902982596971710
0.8904104989879063
0.8905165495281392
0.8906165575392321
0.8907106639511251
0.8907990040210406
0.8908817070074218
0.8909588958972058
0.8910306871752591
0.8910971906319759
0.8911585092025128
0.8912147388340679
0.8912659683775060
0.8913122794956468
0.8913537465922881
0.8913904367534247
0.8914224097002065
0.8914497177517727
0.8914724057970447
0.8914905112721330
0.8915040641430984
0.8915130868950560
0.8915175945215451
0.8915175945215451
0.8915130868950560
0.8915040641430984
0.8914905112721330
0.8914724057970447
0.8914497177517727
0.8914224097002065
0.8913904367534247
0.8913537465922861
0.8913122794956468
0.8912659683775060
0.8912147388340679
0.8911585092025128
0.8910971906319759
0.8910306871752591
0.8909588958972058
0.8908817070074218
0.8907990040210406
0.8907106639511251
0.8906165575392321
0.8905165495281392
0.8904104989879063
0.8902982596971710
0.8901796805954185
0.8900546063115069
0.8899228777836881
0.8897843329849262
0.8896388077678845
0.8894861368516429
0.8893261549703618
0.8891586982106131
0.8889836055697420
0.8888007207684785
0.8886098943702843
0.8884109862505483
0.8882038684905649
0.8879884287736978
0.8877645743869492
0.8875322369589881
0.8872913781039991
0.8870419961936756
0.8867841345681244
0.8865178916067737
0.8862434332808790
0.8859610091334126
0.8856709731895868
0.8853738124074693
0.8850701876437199
0.8847609981038584
0.8844474999591846
0.8844885548177380
0.8848030807995467
0.8851132917617099
0.8854179301045928
0.8857160951817079
0.8860071247112054
0.8862905303395578
0.8865659566913590
0.8868331529293338
0.8870919518493404
0.8873422539114865
0.8875840146910371
0.8878172348110918
0.8880419517356137
0.8882582329982904
0.8884661705602280
0.8886658760708011
0.8888574768640307
0.8890411125624336
0.8892169321779905
0.8893850916399598
0.8895457516722884
0.8896990759761391
0.8898452296681562
0.8899843779357591
0.8901166848845864
0.8902423125491716
0.8903614200385329
0.8904741628084111
0.8905806920374842
0.8906811540907458
0.8907756900653100
0.8908644354031664
0.8909475195623932
0.8910250657382511
0.8910971906319760
0.8911640042511177
0.8912256097489861
0.8912821032871086
0.8913335739231617
0.8913801035196831
0.8914217666682719
0.8914586306295132
0.8914907552843547
0.8915181930953784
0.8915409890767665
0.8915591807706076
0.8915727982299049
0.8915818640035402
0.8915863931303770
0.8915863931303770
0.8915818640035402
0.8915727982299049
0.8915591807706076
0.8915409890767665
0.8915181930953784
0.8914907552843547
0.8914586306295132
0.8914217666682719
0.8913801035196831
0.8913335739231617
0.8912821032871086
0.8912256097489861
0.8911640042511177
0.8910971906319760
0.8910250657382511
0.8909475195623932
0.8908644354031664
0.8907756900653100
0.8906811540907454
0.8905806920374842
0.8904741628084111
0.8903614200385329
0.8902423125491716
0.8901166848845864
0.8899843779357591
0.8898452296681562
0.8896990759761391
0.8895457516722884
0.8893850916399598
0.8892169321779905
0.8890411125624336
0.8888574768640307
0.8886658760708011
0.8884661705602280
0.8882582329982904
0.8880419517356137
0.8878172348110918
0.8875840146910371
0.8873422539114865
0.8870919518493404
0.8868331529293338
0.8865659566913590
0.8862905303395578
0.8860071247112026
0.8857160951817079
0.8854179301045928
0.8851132917617099
0.8848030807995467
0.8844885548177380
0.8845264561415401
0.8848419253478381
0.8851530736666321
0.8854586422145130
0.8857577290478107
0.8860496705982703
0.8863339772526205
0.8866102924147352
0.8868783640734267
0.8871380239068238
0.8873891713189737
0.8876317608952018
0.8878657923400330
0.8880913022718793
0.8883083574540789
0.8885170491524895
0.8887174883967400
0.8889098019763479
0.8890941290403362
0.8892706181990925
0.8894394250472274
0.8896007100382495
0.8897546366629503
0.8899013698835402
0.8900410747855971
0.8901739154214566
0.8903000538133415
0.8904196490988219
0.8905328567960289
0.8906398281748625
0.8907407097179000
0.8908356426612287
0.8909247626033526
0.8910081991718677
0.8910860757427850
0.8911585092025128
0.8912256097489862
0.8912874807257430
0.8913442184815212
0.8913959122570320
0.8914426440900828
0.8914844887380295
0.8915215136165174
0.8915537787480851
0.8915813367221578
0.8916042326641928
0.8916225042111350
0.8916361814916752
0.8916452871140824
0.8916498361552466
0.8916498361552466
0.8916452871140824
0.8916361814916752
0.8916225042111350
0.8916042326641928
0.8915813367221578
0.8915537787480851
0.8915215136165174
0.8914844887380295
0.8914426440900828
0.8913959122570320
0.8913442184815212
0.8912874807257430
0.8912256097489861
0.8911585092025128
0.8910860757427850
0.8910081991718677
0.8909247626033526
0.8908356426612287
0.8907407097178986
0.8906398281748625
0.8905328567960289
0.8904196490988219
0.8903000538133413
0.8901739154214566
0.8900410747855971
0.8899013698835402
0.8897546366629503
0.8896007100382495
0.8894394250472274
0.8892706181990925
0.8890941290403362
0.8889098019763479
0.8887174883967400
0.8885170491524895
0.8883083574540789
0.8880913022718793
0.8878657923400330
0.8876317608952018
0.8873891713189737
0.8871380239068238
0.8868783640734267
0.8866102924147352
0.8863339772526205
0.8860496705982703
0.8857577290478107
0.8854586422145130
0.8851530736666321
0.8848419253478381
0.8845264561415401
0.8845612524439423
0.8848775828194533
0.8851895869662424
0.8854960048500061
0.8857959333634059
0.8860887077822239
0.8863738373605741
0.8866509644021189
0.8869198358366553
0.8871802823326067
0.8874322023369223
0.8876755495378179
0.8879103228029080
0.8881365579796793
0.8883543211263650
0.8885637028705013
0.8887648136703382
0.8889577798103736
0.8891427399992149
0.8893198424703060
0.8894892425001598
0.8896511002835484
0.8898055791065119
0.8899528437768045
0.8900930592729644
0.8902263895842827
0.8903529967090960
0.8904730397961585
0.8905866744072370
0.8906940518824115
0.8907953187993685
0.8908906165087660
0.8909800807405661
0.8910638412657512
0.8911420216144852
0.8912147388340679
0.8912821032871086
0.8913442184815212
0.8914011809303711
0.8914530800342072
0.8914999979844862
0.8915420096848102
0.8915791826866873
0.8916115771379833
0.8916392457402361
0.8916622337174220
0.8916805787897326
0.8916943111542966
0.8917034534707485
0.8917080208501110
0.8917080208501110
0.8917034534707485
0.8916943111542966
0.8916805787897326
0.8916622337174220
0.8916392457402361
0.8916115771379833
0.8915791826866873
0.8915420096848102
0.8914999979844862
0.8914530800342072
0.8914011809303711
0.8913442184815212
0.8912821032871086
0.8912147388340679
0.8911420216144852
0.8910638412657512
0.8909800807405663
0.8908906165087660
0.8907953187993685
0.8906940518824115
0.8905866744072370
0.8904730397961585
0.8903529967090960
0.8902263895842827
0.8900930592729644
0.8899528437768045
0.8898055791065119
0.8896511002835484
0.8894892425001598
0.8893198424703060
0.8891427399992149
0.8889577798103736
0.8887648136703382
0.8885637028705013
0.8883543211263650
0.8881365579796793
0.8879103228029080
0.8876755495378179
0.8874322023369223
0.8871802823326067
0.8869198358366553
0.8866509644021189
0.8863738373605741
0.8860887077822239
0.8857959333634043
0.8854960048500061
0.8851895869662419
0.8848775828194533
0.8845612524439423
0.8845929887593493
0.8849101005829800
0.8852228813434352
0.8855300699806510
0.8858307623474997
0.8861242926864089
0.8864101692381018
0.8866880333196856
0.8869576309110214
0.8872187917720403
0.8874714134886276
0.8877154489384833
0.8879508962338112
0.8881777905229221
0.8883961972224523
0.8886062063787591
0.8888079279264292
0.8890014876854683
0.8891870239582550
0.8893646846270279
0.8895346246716836
0.8896970040415068
0.8898519858253653
0.8899997346803631
0.8901404154772476
0.8902741921355996
0.8904012266207472
0.8905216780802224
0.8906357021041781
0.8907434500854490
0.8908450686770829
0.8909406993240746
0.8910304778649274
0.8911145341926898
0.8911929919686274
0.8912659683775060
0.8913335739231617
0.8913959122570315
0.8914530800342072
0.8915051667942465
0.8915522548629365
0.8915944192719524
0.8916317276921785
0.8916642403802982
0.8916920101372700
0.8917150822735000
0.8917334945827712
0.8917472773218443
0.8917564531955590
0.8917610373461550
0.8917610373461550
0.8917564531955590
0.8917472773218443
0.8917334945827712
0.8917150822735000
0.8916920101372700
0.8916642403802982
0.8916317276921785
0.8915944192719524
0.8915522548629365
0.8915051667942465
0.8914530800342072
0.8913959122570315
0.8913335739231617
0.8912659683775060
0.8911929919686274
0.8911145341926898
0.8910304778649274
0.8909406993240746
0.8908450686770829
0.8907434500854490
0.8906357021041781
0.8905216780802224
0.8904012266207472
0.8902741921355996
0.8901404154772476
0.8899997346803631
0.8898519858253653
0.8896970040415068
0.8895346246716836
0.8893646846270279
0.8891870239582550
0.8890014876854683
0.8888079279264292
0.8886062063787591
0.8883961972224523
0.8881777905229221
0.8879508962338112
0.8877154489384833
0.8874714134886276
0.8872187917720403
0.8869576309110214
0.8866880333196856
0.8864101692381018
0.8861242926864089
0.8858307623474997
0.8855300699806510
0.8852228813434352
0.8849101005829800
0.8845929887593493
0.8846217065706583
0.8849395222379625
0.8852530024978946
0.8855608853804497
0.8858622658159627
0.8861564771290231
0.8864430266581109
0.8867215548426077
0.8869918068147834
0.8872536115232711
0.8875068657840052
0.8877515217495663
0.8879875768526606
0.8882150656125697
0.8884340528685938
0.8886446281393952
0.8888469008860933
0.8890409965053224
0.8892270529275771
0.8894052177124162
0.8895756455646733
0.8897384962044241
0.8898939325345548
0.8900421190678821
0.8901832205677295
0.8903174008820298
0.8904448219369971
0.8905656428705045
0.8906800192873373
0.8907881026200677
0.8908900395807785
0.8909859716902849
0.8910760348773437
0.8911603591381069
0.8912390682434420
0.8913122794956468
0.8913801035196836
0.8914426440900828
0.8914999979844862
0.8915522548629365
0.8915994971684345
0.8916418000426328
0.8916792312607699
0.8917118511753315
0.8917397126733135
0.8917628611408557
0.8917813344362807
0.8917951628680956
0.8918043691816647
0.8918089685451542
0.8918089685451542
0.8918043691816647
0.8917951628680956
0.8917813344362807
0.8917628611408557
0.8917397126733135
0.8917118511753315
0.8916792312607699
0.8916418000426328
0.8915994971684345
0.8915522548629365
0.8914999979844862
0.8914426440900828
0.8913801035196836
0.8913122794956468
0.8912390682434420
0.8911603591381069
0.8910760348773437
0.8909859716902849
0.8908900395807785
0.8907881026200677
0.8906800192873373
0.8905656428705045
0.8904448219369971
0.8903174008820298
0.8901832205677295
0.8900421190678821
0.8898939325345548
0.8897384962044241
0.8895756455646733
0.8894052177124162
0.8892270529275771
0.8890409965053224
0.8888469008860933
0.8886446281393952
0.8884340528685938
0.8882150656125697
0.8879875768526606
0.8877515217495663
0.8875068657840052
0.8872536115232711
0.8869918068147834
0.8867215548426077
0.8864430266581105
0.8861564771290231
0.8858622658159627
0.8855608853804497
0.8852530024978946
0.8849395222379625
0.8846217065706583
0.8846474437502112
0.8849658875617480
0.8852799920976631
0.8855884945861024
0.8858904891449926
0.8861853082903810
0.8864724585639603
0.8867515796299696
0.8870224158713166
0.8872847955189967
0.8875386147054846
0.8877838249383497
0.8880204230473387
0.8882484429910034
0.8884679490917279
0.8886790303967199
0.8888817959415203
0.8890763707412306
0.8892628923893745
0.8894415081529492
0.8896123724852066
0.8897756448950129
0.8899314881134079
0.8900800665158755
0.8902215447636079
0.8903560866323112
0.8904838540062645
0.8906050060058786
0.8907196982434723
0.8908280821789698
0.8909303045696165
0.8910265069978691
0.8911168254664039
0.8912013900557160
0.8912803246307185
0.8913537465922882
0.8914217666682719
0.8914844887380295
0.8915420096848102
0.8915944192719524
0.8916418000426342
0.8916842272345721
0.8917217687127080
0.8917544849124116
0.8917824287950672
0.8918056458127837
0.8918241738794064
0.8918380433493172
0.8918472770022079
0.8918518900296281
0.8918518900296281
0.8918472770022079
0.8918380433493172
0.8918241738794064
0.8918056458127835
0.8917824287950672
0.8917544849124116
0.8917217687127080
0.8916842272345721
0.8916418000426342
0.8915944192719524
0.8915420096848102
0.8914844887380295
0.8914217666682719
0.8913537465922882
0.8912803246307185
0.8912013900557160
0.8911168254664039
0.8910265069978691
0.8909303045696165
0.8908280821789698
0.8907196982434723
0.8906050060058787
0.8904838540062645
0.8903560866323112
0.8902215447636079
0.8900800665158755
0.8899314881134079
0.8897756448950129
0.8896123724852066
0.8894415081529492
0.8892628923893745
0.8890763707412306
0.8888817959415203
0.8886790303967199
0.8884679490917279
0.8882484429910034
0.8880204230473387
0.8877838249383497
0.8875386147054849
0.8872847955189967
0.8870224158713166
0.8867515796299696
0.8864724585639603
0.8861853082903810
0.8858904891449926
0.8855884945861024
0.8852799920976631
0.8849658875617480
0.8846474437502102
0.8846702345064740
0.8849892324642730
0.8853038877381878
0.8856129368600418
0.8859154732392339
0.8862108286858511
0.8864985090464533
0.8867781533073426
0.8870495051958063
0.8873123923135274
0.8875667101946775
0.8878124097799089
0.8880494873683811
0.8882779764245137
0.8884979408146847
0.8887094691691009
0.8889126701447734
0.8891076684186302
0.8892946012832675
0.8894736157431473
0.8896448660249258
0.8898085114466229
0.8899647145819112
0.8901136396795499
0.8902554513046221
0.8903903131646322
0.8905183870990820
0.8906398322084136
0.8907548041046285
0.8908634542664775
0.8909659294860911
0.8910623713937701
0.8911529160535382
0.8912376936147886
0.8913168280202428
0.8913904367534247
0.8914586306295135
0.8915215136165174
0.8915791826866875
0.8916317276921785
0.8916792312607699
0.8917217687127080
0.8917594079897502
0.8917922095978056
0.8918202265630804
0.8918435043934670
0.8918620810512743
0.8918759869296780
0.8918852448381530
0.8918898699884620
0.8918898699884620
0.8918852448381530
0.8918759869296780
0.8918620810512745
0.8918435043934670
0.8918202265630804
0.8917922095978056
0.8917594079897502
0.8917217687127080
0.8916792312607700
0.8916317276921785
0.8915791826866875
0.8915215136165174
0.8914586306295126
0.8913904367534247
0.8913168280202428
0.8912376936147886
0.8911529160535382
0.8910623713937708
0.8909659294860911
0.8908634542664775
0.8907548041046283
0.8906398322084136
0.8905183870990820
0.8903903131646322
0.8902554513046221
0.8901136396795499
0.8899647145819112
0.8898085114466229
0.8896448660249258
0.8894736157431473
0.8892946012832675
0.8891076684186261
0.8889126701447734
0.8887094691691009
0.8884979408146847
0.8882779764245137
0.8880494873683811
0.8878124097799089
0.8875667101946775
0.8873123923135274
0.8870495051958063
0.8867781533073426
0.8864985090464533
0.8862108286858503
0.8859154732392339
0.8856129368600418
0.8853038877381878
0.8849892324642730
0.8846702345064740
0.8846901093435279
0.8850095889466080
0.8853247229087577
0.8856342471623563
0.8859372545074757
0.8862330761465849
0.8865212173272812
0.8868013164515651
0.8870731166811855
0.8873364450740777
0.8875911966466952
0.8878373218499295
0.8880748165222396
0.8883037136987862
0.8885240768500144
0.8887359942426591
0.8889395742034043
0.8891349411125922
0.8893222319992951
0.8895015936355422
0.8896731800495784
0.8898371503885973
0.8899936670847676
0.8901428942742088
0.8902849964328885
0.8904201372040552
0.8905484783847986
0.8906701790533310
0.8907853948170817
0.8908942771667941
0.8909969729196316
0.8910936237450914
0.8911843657546166
0.8912693291552700
0.8913486379527984
0.8914224097002044
0.8914907552843547
0.8915537787480851
0.8916115771379833
0.8916642403802982
0.8917118511753315
0.8917544849124116
0.8917922095978056
0.8918250857982772
0.8918531665937856
0.8918764975402637
0.8918951166405675
0.8919090543215752
0.8919183334173114
0.8919229691567838
0.8919229691567838
0.8919183334173114
0.8919090543215752
0.8918951166405675
0.8918764975402645
0.8918531665937856
0.8918250857982772
0.8917922095978056
0.8917544849124116
0.8917118511753315
0.8916642403802982
0.8916115771379833
0.8915537787480851
0.8914907552843547
0.8914224097002044
0.8913486379527984
0.8912693291552700
0.8911843657546166
0.8910936237450914
0.8909969729196320
0.8908942771667941
0.8907853948170817
0.8906701790533310
0.8905484783847986
0.8904201372040552
0.8902849964328885
0.8901428942742088
0.8899936670847676
0.8898371503885973
0.8896731800495784
0.8895015936355422
0.8893222319992951
0.8891349411125922
0.8889395742034043
0.8887359942426591
0.8885240768500144
0.8883037136987862
0.8880748165222396
0.8878373218499295
0.8875911966466955
0.8873364450740777
0.8870731166811855
0.8868013164515651
0.8865212173272812
0.8862330761465849
0.8859372545074757
0.8856342471623563
0.8853247229087577
0.8850095889466080
0.8846901093435279
0.8847070950213743
0.8850269850719658
0.8853425269647075
0.8856524561260785
0.8859558648423544
0.8862520838013883
0.8865406177454607
0.8868211045814911
0.8870932869919156
0.8873569915750457
0.8876121129072041
0.8878586010229039
0.8880964513701375
0.8883256966188671
0.8885463999005869
0.8887586491722974
0.8889625524782951
0.8891582339447041
0.8893458303738382
0.8895254883385267
0.8896973616931771
0.8898616094385375
0.8900183938833369
0.8901678790628212
0.8903102293754991
0.8904456084059900
0.8905741779122891
0.8906960969496603
0.8908115211184950
0.8909206019165583
0.8910234861800169
0.8911203156073174
0.8912112263481763
0.8912963486558925
0.8913758065872981
0.8914497177517727
0.8915181930953783
0.8915813367221576
0.8916392457402361
0.8916920101372700
0.8917397126733136
0.8917824287950672
0.8918202265630804
0.8918531665937856
0.8918813020124109
0.8919046784148975
0.8919233338380582
0.8919372987367108
0.8919465959654354
0.8919512407682175
0.8919512407682210
0.8919465959654354
0.8919372987367108
0.8919233338380582
0.8919046784148975
0.8918813020124109
0.8918531665937856
0.8918202265630804
0.8917824287950672
0.8917397126733136
0.8916920101372700
0.8916392457402361
0.8915813367221576
0.8915181930953783
0.8914497177517723
0.8913758065872981
0.8912963486558925
0.8912112263481763
0.8911203156073174
0.8910234861800169
0.8909206019165583
0.8908115211184950
0.8906960969496603
0.8905741779122891
0.8904456084059900
0.8903102293754991
0.8901678790628212
0.8900183938833369
0.8898616094385375
0.8896973616931771
0.8895254883385267
0.8893458303738382
0.8891582339447041
0.8889625524782951
0.8887586491722974
0.8885463999005869
0.8883256966188671
0.8880964513701375
0.8878586010229039
0.8876121129072040
0.8873569915750457
0.8870932869919156
0.8868211045814911
0.8865406177454607
0.8862520838013883
0.8859558648423544
0.8856524561260785
0.8853425269647075
0.8850269850719658
0.8847070950213743
0.8847212145283373
0.8850414449382781
0.8853573251046856
0.8856675900395982
0.8859713316047825
0.8862678800661593
0.8865567397481056
0.8868375481500115
0.8871100475596865
0.8873740641946019
0.8876294922691826
0.8878762814730575
0.8881144269306288
0.8883439610088223
0.8885649465596690
0.8887774712821251
0.8889816429849250
0.8891775855831175
0.8893654356893572
0.8895453397098526
0.8897174513541826
0.8898819294978176
0.8900389363456979
0.8901886358483616
0.8903311923367474
0.8904667693452161
0.8905955285959007
0.8907176291237677
0.8908332265209902
0.8909424722879909
0.8910455132755286
0.8911424912031776
0.8912335422510190
0.8913187967078237
0.8913983786718651
0.8914724057970447
0.8915409890767665
0.8916042326641931
0.8916622337174220
0.8917150822735000
0.8917628611408557
0.8918056458127835
0.8918435043934592
0.8918764975402641
0.8919046784148975
0.8919280926461609
0.8919467782977113
0.8919607658478674
0.8919700781678337
0.8919747305132062
0.8919747305132062
0.8919700781678337
0.8919607658478674
0.8919467782977113
0.8919280926461609
0.8919046784148975
0.8918764975402641
0.8918435043934592
0.8918056458127837
0.8917628611408557
0.8917150822735000
0.8916622337174220
0.8916042326641931
0.8915409890767665
0.8914724057970447
0.8913983786718651
0.8913187967078237
0.8912335422510190
0.8911424912031776
0.8910455132755286
0.8909424722879909
0.8908332265209902
0.8907176291237677
0.8905955285959007
0.8904667693452161
0.8903311923367474
0.8901886358483616
0.8900389363456979
0.8898819294978176
0.8897174513541826
0.8895453397098526
0.8893654356893572
0.8891775855831175
0.8889816429849250
0.8887774712821251
0.8885649465596690
0.8883439610088223
0.8881144269306288
0.8878762814730575
0.8876294922691826
0.8873740641946019
0.8871100475596865
0.8868375481500115
0.8865567397481056
0.8862678800661593
0.8859713316047825
0.8856675900395982
0.8853573251046856
0.8850414449382781
0.8847212145283373
0.8847324870556699
0.8850529886560741
0.8853691383535285
0.8856796708297620
0.8859836776121565
0.8862804886317682
0.8865696078821468
0.8868506725395612
0.8871234245788098
0.8873876899149915
0.8876433624742794
0.8878903916731522
0.8881287723783837
0.8883585367161630
0.8885797473148750
0.8887924916673753
0.8889968773958944
0.8891930282451285
0.8893810806763295
0.8895611809620564
0.8897334826944893
0.8898981446493615
0.8900553289476604
0.8902051994698290
0.8903479204918361
0.8904836555064400
0.8906125662068093
0.8907348116089611
0.8908505472974210
0.8909599247742260
0.8910630908978484
0.8911601874055984
0.8912513504997224
0.8913367104958985
0.8914163915238940
0.8914905112721329
0.8915591807706076
0.8916225042111350
0.8916805787897334
0.8917334945827712
0.8917813344362807
0.8918241738794055
0.8918620810512743
0.8918951166405675
0.8919233338380584
0.8919467782977113
0.8919654881059869
0.8919794937570501
0.8919888181370191
0.8919934765101890
0.8919934765101890
0.8919888181370191
0.8919794937570501
0.8919654881059869
0.8919467782977113
0.8919233338380584
0.8918951166405675
0.8918620810512743
0.8918241738794055
0.8917813344362807
0.8917334945827712
0.8916805787897334
0.8916225042111350
0.8915591807706076
0.8914905112721329
0.8914163915238940
0.8913367104958985
0.8912513504997224
0.8911601874055984
0.8910630908978502
0.8909599247742260
0.8908505472974210
0.8907348116089611
0.8906125662068093
0.8904836555064400
0.8903479204918361
0.8902051994698290
0.8900553289476604
0.8898981446493615
0.8897334826944893
0.8895611809620564
0.8893810806763289
0.8891930282451291
0.8889968773958952
0.8887924916673753
0.8885797473148750
0.8883585367161630
0.8881287723783837
0.8878903916731522
0.8876433624742794
0.8873876899149915
0.8871234245788098
0.8868506725395612
0.8865696078821468
0.8862804886317682
0.8859836776121565
0.8856796708297620
0.8853691383535285
0.8850529886560741
0.8847324870556698
0.8847409279792634
0.8850616323340845
0.8853779835455257
0.8856887160514741
0.8859929211285494
0.8862899284591738
0.8865792417915210
0.8868604980599393
0.8871334390057223
0.8873978903201684
0.8876537457136241
0.8879009543988706
0.8881395110498778
0.8883694476131566
0.8885908265500853
0.8888037351996465
0.8890082810433548
0.8892045876989704
0.8893927915142711
0.8895730386602122
0.8897454826416553
0.8899102821591579
0.8900675992681878
0.8902175977982391
0.8903604419825957
0.8904962952822842
0.8906253193670826
0.8907476732390789
0.8908635124752776
0.8909729885777539
0.8910762484121141
0.8911734337259111
0.8912646807375403
0.8913501197822643
0.8914298750129325
0.8915040641430984
0.8915727982299049
0.8916361814916752
0.8916943111542966
0.8917472773218443
0.8917951628680956
0.8918380433493172
0.8918759869296780
0.8919090543215753
0.8919372987367119
0.8919607658478674
0.8919794937570501
0.8919935129724372
0.8920028463899342
0.8920075092800189
0.8920075092800189
0.8920028463899342
0.8919935129724372
0.8919794937570501
0.8919607658478674
0.8919372987367119
0.8919090543215753
0.8918759869296780
0.8918380433493172
0.8917951628680956
0.8917472773218443
0.8916943111542966
0.8916361814916752
0.8915727982299041
0.8915040641430984
0.8914298750129325
0.8913501197822643
0.8912646807375403
0.8911734337259111
0.8910762484121154
0.8909729885777539
0.8908635124752776
0.8907476732390789
0.8906253193670826
0.8904962952822842
0.8903604419825957
0.8902175977982391
0.8900675992681878
0.8899102821591579
0.8897454826416553
0.8895730386602122
0.8893927915142711
0.8892045876989704
0.8890082810433548
0.8888037351996465
0.8885908265500853
0.8883694476131566
0.8881395110498778
0.8879009543988706
0.8876537457136241
0.8873978903201684
0.8871334390057223
0.8868604980599394
0.8865792417915210
0.8862899284591738
0.8859929211285494
0.8856887160514741
0.8853779835455257
0.8850616323340845
0.8847409279792634
0.8847465488427166
0.8850673880636871
0.8853838733167251
0.8856947388770007
0.8859990758571232
0.8862962137736162
0.8865856562099923
0.8868670399433497
0.8871401065586979
0.8874046815976520
0.8876606586285346
0.8879079867287458
0.8881466604438414
0.8883767116009583
0.8885982025500603
0.8888112205283202
0.8890158729233822
0.8892122832679196
0.8894005878343076
0.8895809327261198
0.8897534713890606
0.8899183624728851
0.8900757679913205
0.8902258517375409
0.8903687779167203
0.8905047099681690
0.8906338095458418
0.8907562356418837
0.8908721438285477
0.8909816856073078
0.8910850078471878
0.8911822523030565
0.8912735552040683
0.8913590468975151
0.8914388515515244
0.8915130868950564
0.8915818640035402
0.8916452871140824
0.8917034534707485
0.8917564531955590
0.8918043691816647
0.8918472770022079
0.8918852448381530
0.8919183334173110
0.8919465959654354
0.8919700781678337
0.8919888181370206
0.8920028463899342
0.8920121858286921
0.8920168517280361
0.8920168517280361
0.8920121858286921
0.8920028463899342
0.8919888181370206
0.8919700781678337
0.8919465959654354
0.8919183334173110
0.8918852448381530
0.8918472770022079
0.8918043691816647
0.8917564531955590
0.8917034534707485
0.8916452871140824
0.8915818640035402
0.8915130868950560
0.8914388515515244
0.8913590468975151
0.8912735552040683
0.8911822523030565
0.8910850078471878
0.8909816856073078
0.8908721438285477
0.8907562356418837
0.8906338095458408
0.8905047099681690
0.8903687779167203
0.8902258517375409
0.8900757679913205
0.8899183624728851
0.8897534713890606
0.8895809327261198
0.8894005878343076
0.8892122832679196
0.8890158729233822
0.8888112205283202
0.8885982025500603
0.8883767116009583
0.8881466604438414
0.8879079867287458
0.8876606586285346
0.8874046815976520
0.8871401065586979
0.8868670399433497
0.8865856562099922
0.8862962137736162
0.8859990758571232
0.8856947388770007
0.8853838733167251
0.8850673880636871
0.8847465488427166
0.8847493573479719
0.8850702639112097
0.8853868160948092
0.8856977480932313
0.8860021509365935
0.8862993540589061
0.8865888609631114
0.8868703083461028
0.8871434377152745
0.8874080745388047
0.8876641123128852
0.8879115000476058
0.8881502322249041
0.8883803406121060
0.8886018875034895
0.8888149600854097
0.8890196656980549
0.8892161278327698
0.8894044827227692
0.8895848764391647
0.8897574623975719
0.8899223992222363
0.8900798489058436
0.8902299752232572
0.8903729423658215
0.8905089137614696
0.8906380510569182
0.8907605132381747
0.8908764558753482
0.8909860304699040
0.8910893838923180
0.8911866579008321
0.8912779887290041
0.8913635067319072
0.8914433360832544
0.8915175945215451
0.8915863931303770
0.8916498361552466
0.8917080208501110
0.8917610373461550
0.8918089685451559
0.8918518900296287
0.8918898699884603
0.8919229691567835
0.8919512407682175
0.8919747305132045
0.8919934765101880
0.8920075092800189
0.8920168517280361
0.8920215191317420
0.8920215191317407
0.8920168517280361
0.8920075092800189
0.8919934765101890
0.8919747305132045
0.8919512407682212
0.8919229691567835
0.8918898699884603
0.8918518900296287
0.8918089685451559
0.8917610373461550
0.8917080208501110
0.8916498361552466
0.8915863931303770
0.8915175945215451
0.8914433360832544
0.8913635067319072
0.8912779887290041
0.8911866579008321
0.8910893838923180
0.8909860304699040
0.8908764558753482
0.8907605132381747
0.8906380510569182
0.8905089137614696
0.8903729423658215
0.8902299752232572
0.8900798489058465
0.8899223992222363
0.8897574623975719
0.8895848764391647
0.8894044827227692
0.8892161278327698
0.8890196656980549
0.8888149600854097
0.8886018875034895
0.8883803406121060
0.8881502322249041
0.8879115000476058
0.8876641123128852
0.8874080745388047
0.8871434377152745
0.8868703083461028
0.8865888609631114
0.8862993540589061
0.8860021509365935
0.8856977480932313
0.8853868160948092
0.8850702639112097
0.8847493573479719
0.8847493573479719
0.8850702639112097
0.8853868160948101
0.8856977480932314
0.8860021509365935
0.8862993540589061
0.8865888609631118
0.8868703083461028
0.8871434377152745
0.8874080745388047
0.8876641123128852
0.8879115000476058
0.8881502322249021
0.8883803406121060
0.8886018875034891
0.8888149600854097
0.8890196656980549
0.8892161278327698
0.8894044827227681
0.8895848764391647
0.8897574623975724
0.8899223992222363
0.8900798489058465
0.8902299752232573
0.8903729423658219
0.8905089137614678
0.8906380510569173
0.8907605132381747
0.8908764558753478
0.8909860304699040
0.8910893838923180
0.8911866579008321
0.8912779887290041
0.8913635067319072
0.8914433360832543
0.8915175945215440
0.8915863931303770
0.8916498361552466
0.8917080208501110
0.8917610373461549
0.8918089685451542
0.8918518900296287
0.8918898699884620
0.8919229691567835
0.8919512407682175
0.8919747305132062
0.8919934765101890
0.8920075092800189
0.8920168517280361
0.8920215191317421
0.8920215191317421
0.8920168517280361
0.8920075092800189
0.8919934765101890
0.8919747305132062
0.8919512407682175
0.8919229691567835
0.8918898699884620
0.8918518900296281
0.8918089685451542
0.8917610373461549
0.8917080208501110
0.8916498361552466
0.8915863931303770
0.8915175945215440
0.8914433360832541
0.8913635067319072
0.8912779887290041
0.8911866579008321
0.8910893838923180
0.8909860304699043
0.8908764558753478
0.8907605132381747
0.8906380510569173
0.8905089137614696
0.8903729423658219
0.8902299752232573
0.8900798489058465
0.8899223992222363
0.8897574623975724
0.8895848764391647
0.8894044827227681
0.8892161278327698
0.8890196656980549
0.8888149600854097
0.8886018875034891
0.8883803406121060
0.8881502322249064
0.8879115000476058
0.8876641123128852
0.8874080745388047
0.8871434377152745
0.8868703083461028
0.8865888609631118
0.8862993540589061
0.8860021509365935
0.8856977480932314
0.8853868160948101
0.8850702639112097
0.8847493573479719
0.8847465488427179
0.8850673880636873
0.8853838733167240
0.8856947388770007
0.8859990758571222
0.8862962137736162
0.8865856562099917
0.8868670399433505
0.8871401065586979
0.8874046815976522
0.8876606586285328
0.8879079867287458
0.8881466604438414
0.8883767116009583
0.8885982025500593
0.8888112205283202
0.8890158729233822
0.8892122832679193
0.8894005878343076
0.8895809327261198
0.8897534713890598
0.8899183624728875
0.8900757679913205
0.8902258517375409
0.8903687779167203
0.8905047099681690
0.8906338095458418
0.8907562356418837
0.8908721438285478
0.8909816856073078
0.8910850078471878
0.8911822523030565
0.8912735552040683
0.8913590468975151
0.8914388515515244
0.8915130868950564
0.8915818640035402
0.8916452871140824
0.8917034534707485
0.8917564531955590
0.8918043691816646
0.8918472770022079
0.8918852448381533
0.8919183334173189
0.8919465959654359
0.8919700781678337
0.8919888181370191
0.8920028463899342
0.8920121858286921
0.8920168517280361
0.8920168517280361
0.8920121858286921
0.8920028463899342
0.8919888181370191
0.8919700781678337
0.8919465959654359
0.8919183334173189
0.8918852448381533
0.8918472770022079
0.8918043691816646
0.8917564531955590
0.8917034534707485
0.8916452871140824
0.8915818640035402
0.8915130868950564
0.8914388515515244
0.8913590468975151
0.8912735552040683
0.8911822523030565
0.8910850078471878
0.8909816856073078
0.8908721438285478
0.8907562356418837
0.8906338095458418
0.8905047099681690
0.8903687779167203
0.8902258517375409
0.8900757679913205
0.8899183624728872
0.8897534713890598
0.8895809327261198
0.8894005878343076
0.8892122832679193
0.8890158729233822
0.8888112205283202
0.8885982025500593
0.8883767116009583
0.8881466604438414
0.8879079867287458
0.8876606586285328
0.8874046815976522
0.8871401065586979
0.8868670399433505
0.8865856562099917
0.8862962137736162
0.8859990758571222
0.8856947388770007
0.8853838733167240
0.8850673880636871
0.8847465488427179
0.8847409279792627
0.8850616323340839
0.8853779835455257
0.8856887160514741
0.8859929211285494
0.8862899284591736
0.8865792417915210
0.8868604980599373
0.8871334390057223
0.8873978903201684
0.8876537457136244
0.8879009543988706
0.8881395110498778
0.8883694476131566
0.8885908265500853
0.8888037351996465
0.8890082810433548
0.8892045876989695
0.8893927915142711
0.8895730386602122
0.8897454826416553
0.8899102821591588
0.8900675992681875
0.8902175977982389
0.8903604419825957
0.8904962952822842
0.8906253193670828
0.8907476732390789
0.8908635124752776
0.8909729885777538
0.8910762484121195
0.8911734337259111
0.8912646807375406
0.8913501197822643
0.8914298750129325
0.8915040641430984
0.8915727982299049
0.8916361814916752
0.8916943111542966
0.8917472773218443
0.8917951628680952
0.8918380433493172
0.8918759869296780
0.8919090543215752
0.8919372987367108
0.8919607658478674
0.8919794937570501
0.8919935129724372
0.8920028463899367
0.8920075092800189
0.8920075092800189
0.8920028463899367
0.8919935129724372
0.8919794937570501
0.8919607658478674
0.8919372987367108
0.8919090543215752
0.8918759869296780
0.8918380433493172
0.8917951628680952
0.8917472773218443
0.8916943111542966
0.8916361814916752
0.8915727982299049
0.8915040641430984
0.8914298750129325
0.8913501197822643
0.8912646807375406
0.8911734337259111
0.8910762484121195
0.8909729885777538
0.8908635124752776
0.8907476732390789
0.8906253193670828
0.8904962952822842
0.8903604419825957
0.8902175977982389
0.8900675992681875
0.8899102821591579
0.8897454826416553
0.8895730386602122
0.8893927915142711
0.8892045876989695
0.8890082810433548
0.8888037351996465
0.8885908265500853
0.8883694476131566
0.8881395110498778
0.8879009543988706
0.8876537457136244
0.8873978903201684
0.8871334390057223
0.8868604980599373
0.8865792417915210
0.8862899284591736
0.8859929211285494
0.8856887160514741
0.8853779835455257
0.8850616323340839
0.8847409279792627
0.8847324870556699
0.8850529886560741
0.8853691383535285
0.8856796708297620
0.8859836776121565
0.8862804886317682
0.8865696078821472
0.8868506725395615
0.8871234245788098
0.8873876899149915
0.8876433624742818
0.8878903916731528
0.8881287723783837
0.8883585367161629
0.8885797473148750
0.8887924916673784
0.8889968773958952
0.8891930282451289
0.8893810806763295
0.8895611809620563
0.8897334826944869
0.8898981446493613
0.8900553289476584
0.8902051994698290
0.8903479204918361
0.8904836555064402
0.8906125662068093
0.8907348116089611
0.8908505472974210
0.8909599247742260
0.8910630908978487
0.8911601874055974
0.8912513504997224
0.8913367104958985
0.8914163915238941
0.8914905112721329
0.8915591807706076
0.8916225042111350
0.8916805787897326
0.8917334945827712
0.8917813344362807
0.8918241738794067
0.8918620810512731
0.8918951166405675
0.8919233338380597
0.8919467782977113
0.8919654881059860
0.8919794937570510
0.8919888181370206
0.8919934765101880
0.8919934765101880
0.8919888181370206
0.8919794937570510
0.8919654881059860
0.8919467782977113
0.8919233338380597
0.8918951166405675
0.8918620810512731
0.8918241738794067
0.8917813344362807
0.8917334945827712
0.8916805787897326
0.8916225042111350
0.8915591807706076
0.8914905112721329
0.8914163915238941
0.8913367104958985
0.8912513504997224
0.8911601874055974
0.8910630908978487
0.8909599247742260
0.8908505472974210
0.8907348116089611
0.8906125662068093
0.8904836555064402
0.8903479204918361
0.8902051994698290
0.8900553289476584
0.8898981446493613
0.8897334826944869
0.8895611809620564
0.8893810806763295
0.8891930282451289
0.8889968773958952
0.8887924916673784
0.8885797473148750
0.8883585367161629
0.8881287723783837
0.8878903916731528
0.8876433624742818
0.8873876899149915
0.8871234245788098
0.8868506725395615
0.8865696078821472
0.8862804886317682
0.8859836776121565
0.8856796708297620
0.8853691383535285
0.8850529886560741
0.8847324870556699
0.8847212145283373
0.8850414449382789
0.8853573251046851
0.8856675900395982
0.8859713316047825
0.8862678800661546
0.8865567397481056
0.8868375481500115
0.8871100475596865
0.8873740641945994
0.8876294922691820
0.8878762814730570
0.8881144269306288
0.8883439610088237
0.8885649465596690
0.8887774712821251
0.8889816429849250
0.8891775855831179
0.8893654356893572
0.8895453397098526
0.8897174513541830
0.8898819294978195
0.8900389363456979
0.8901886358483616
0.8903311923367474
0.8904667693452161
0.8905955285959007
0.8907176291237677
0.8908332265209902
0.8909424722879911
0.8910455132755287
0.8911424912031776
0.8912335422510194
0.8913187967078237
0.8913983786718629
0.8914724057970447
0.8915409890767652
0.8916042326641931
0.8916622337174220
0.8917150822735000
0.8917628611408557
0.8918056458127835
0.8918435043934592
0.8918764975402645
0.8919046784148975
0.8919280926461609
0.8919467782977113
0.8919607658478674
0.8919700781678352
0.8919747305132062
0.8919747305132062
0.8919700781678352
0.8919607658478678
0.8919467782977113
0.8919280926461609
0.8919046784148975
0.8918764975402645
0.8918435043934592
0.8918056458127835
0.8917628611408557
0.8917150822735000
0.8916622337174266
0.8916042326641931
0.8915409890767665
0.8914724057970447
0.8913983786718629
0.8913187967078237
0.8912335422510194
0.8911424912031776
0.8910455132755287
0.8909424722879911
0.8908332265209902
0.8907176291237677
0.8905955285959007
0.8904667693452161
0.8903311923367474
0.8901886358483616
0.8900389363456979
0.8898819294978195
0.8897174513541830
0.8895453397098526
0.8893654356893572
0.8891775855831179
0.8889816429849250
0.8887774712821251
0.8885649465596690
0.8883439610088237
0.8881144269306288
0.8878762814730569
0.8876294922691820
0.8873740641945994
0.8871100475596865
0.8868375481500115
0.8865567397481056
0.8862678800661546
0.8859713316047825
0.8856675900395982
0.8853573251046851
0.8850414449382789
0.8847212145283373
0.8847070950213743
0.8850269850719658
0.8853425269647075
0.8856524561260785
0.8859558648423512
0.8862520838013883
0.8865406177454607
0.8868211045814869
0.8870932869919156
0.8873569915750457
0.8876121129072040
0.8878586010229039
0.8880964513701375
0.8883256966188671
0.8885463999005869
0.8887586491722974
0.8889625524782951
0.8891582339447031
0.8893458303738381
0.8895254883385267
0.8896973616931771
0.8898616094385386
0.8900183938833369
0.8901678790628212
0.8903102293754991
0.8904456084059900
0.8905741779122893
0.8906960969496609
0.8908115211184950
0.8909206019165583
0.8910234861800169
0.8911203156073171
0.8912112263481763
0.8912963486558857
0.8913758065872981
0.8914497177517723
0.8915181930953783
0.8915813367221576
0.8916392457402361
0.8916920101372700
0.8917397126733136
0.8917824287950672
0.8918202265630807
0.8918531665937856
0.8918813020124109
0.8919046784148975
0.8919233338380584
0.8919372987367108
0.8919465959654354
0.8919512407682175
0.8919512407682175
0.8919465959654354
0.8919372987367108
0.8919233338380584
0.8919046784148975
0.8918813020124109
0.8918531665937856
0.8918202265630807
0.8917824287950672
0.8917397126733136
0.8916920101372700
0.8916392457402366
0.8915813367221576
0.8915181930953783
0.8914497177517723
0.8913758065872981
0.8912963486558857
0.8912112263481763
0.8911203156073171
0.8910234861800169
0.8909206019165583
0.8908115211184950
0.8906960969496609
0.8905741779122893
0.8904456084059900
0.8903102293754991
0.8901678790628212
0.8900183938833369
0.8898616094385386
0.8896973616931771
0.8895254883385267
0.8893458303738381
0.8891582339447031
0.8889625524782951
0.8887586491722974
0.8885463999005869
0.8883256966188671
0.8880964513701375
0.8878586010229039
0.8876121129072040
0.8873569915750457
0.8870932869919156
0.8868211045814869
0.8865406177454607
0.8862520838013883
0.8859558648423544
0.8856524561260785
0.8853425269647075
0.8850269850719658
0.8847070950213743
0.8846901093435279
0.8850095889466080
0.8853247229087577
0.8856342471623563
0.8859372545074757
0.8862330761465849
0.8865212173272805
0.8868013164515651
0.8870731166811855
0.8873364450740777
0.8875911966466955
0.8878373218499295
0.8880748165222341
0.8883037136987862
0.8885240768500163
0.8887359942426591
0.8889395742034043
0.8891349411125922
0.8893222319992951
0.8895015936355422
0.8896731800495784
0.8898371503885973
0.8899936670847676
0.8901428942742078
0.8902849964328886
0.8904201372040552
0.8905484783847979
0.8906701790533310
0.8907853948170793
0.8908942771667941
0.8909969729196316
0.8910936237450914
0.8911843657546166
0.8912693291552700
0.8913486379527988
0.8914224097002044
0.8914907552843547
0.8915537787480851
0.8916115771379833
0.8916642403802982
0.8917118511753315
0.8917544849124116
0.8917922095978056
0.8918250857982772
0.8918531665937856
0.8918764975402641
0.8918951166405673
0.8919090543215753
0.8919183334173189
0.8919229691567840
0.8919229691567840
0.8919183334173189
0.8919090543215753
0.8918951166405673
0.8918764975402641
0.8918531665937856
0.8918250857982772
0.8917922095978056
0.8917544849124116
0.8917118511753315
0.8916642403802982
0.8916115771379833
0.8915537787480851
0.8914907552843547
0.8914224097002044
0.8913486379527988
0.8912693291552700
0.8911843657546166
0.8910936237450914
0.8909969729196316
0.8908942771667941
0.8907853948170793
0.8906701790533309
0.8905484783847979
0.8904201372040556
0.8902849964328886
0.8901428942742078
0.8899936670847676
0.8898371503885973
0.8896731800495784
0.8895015936355422
0.8893222319992951
0.8891349411125922
0.8889395742034043
0.8887359942426591
0.8885240768500163
0.8883037136987862
0.8880748165222341
0.8878373218499295
0.8875911966466955
0.8873364450740777
0.8870731166811855
0.8868013164515651
0.8865212173272805
0.8862330761465849
0.8859372545074757
0.8856342471623563
0.8853247229087577
0.8850095889466080
0.8846901093435279
0.8846702345064740
0.8849892324642730
0.8853038877381874
0.8856129368600418
0.8859154732392339
0.8862108286858511
0.8864985090464533
0.8867781533073426
0.8870495051958063
0.8873123923135274
0.8875667101946773
0.8878124097799089
0.8880494873683811
0.8882779764245140
0.8884979408146847
0.8887094691691009
0.8889126701447734
0.8891076684186302
0.8892946012832685
0.8894736157431473
0.8896448660249258
0.8898085114466229
0.8899647145819097
0.8901136396795499
0.8902554513046216
0.8903903131646321
0.8905183870990820
0.8906398322084136
0.8907548041046283
0.8908634542664775
0.8909659294860911
0.8910623713937708
0.8911529160535383
0.8912376936147884
0.8913168280202428
0.8913904367534247
0.8914586306295135
0.8915215136165174
0.8915791826866875
0.8916317276921785
0.8916792312607700
0.8917217687127080
0.8917594079897502
0.8917922095978056
0.8918202265630807
0.8918435043934675
0.8918620810512740
0.8918759869296780
0.8918852448381533
0.8918898699884603
0.8918898699884603
0.8918852448381533
0.8918759869296780
0.8918620810512740
0.8918435043934592
0.8918202265630807
0.8917922095978056
0.8917594079897502
0.8917217687127080
0.8916792312607700
0.8916317276921785
0.8915791826866875
0.8915215136165174
0.8914586306295135
0.8913904367534247
0.8913168280202428
0.8912376936147884
0.8911529160535383
0.8910623713937708
0.8909659294860911
0.8908634542664775
0.8907548041046283
0.8906398322084136
0.8905183870990820
0.8903903131646321
0.8902554513046216
0.8901136396795499
0.8899647145819097
0.8898085114466229
0.8896448660249258
0.8894736157431473
0.8892946012832685
0.8891076684186302
0.8889126701447734
0.8887094691691009
0.8884979408146847
0.8882779764245140
0.8880494873683811
0.8878124097799088
0.8875667101946773
0.8873123923135274
0.8870495051958063
0.8867781533073426
0.8864985090464533
0.8862108286858511
0.8859154732392339
0.8856129368600418
0.8853038877381874
0.8849892324642730
0.8846702345064740
0.8846474437502112
0.8849658875617480
0.8852799920976631
0.8855884945861024
0.8858904891449926
0.8861853082903810
0.8864724585639603
0.8867515796299696
0.8870224158713166
0.8872847955189984
0.8875386147054846
0.8877838249383497
0.8880204230473387
0.8882484429910034
0.8884679490917279
0.8886790303967199
0.8888817959415192
0.8890763707412306
0.8892628923893745
0.8894415081529484
0.8896123724852066
0.8897756448950129
0.8899314881134079
0.8900800665158755
0.8902215447636082
0.8903560866323112
0.8904838540062645
0.8906050060058786
0.8907196982434723
0.8908280821789698
0.8909303045696165
0.8910265069978691
0.8911168254664039
0.8912013900557160
0.8912803246307185
0.8913537465922855
0.8914217666682713
0.8914844887380295
0.8915420096848102
0.8915944192719524
0.8916418000426328
0.8916842272345719
0.8917217687127067
0.8917544849124116
0.8917824287950672
0.8918056458127835
0.8918241738794064
0.8918380433493172
0.8918472770022079
0.8918518900296287
0.8918518900296287
0.8918472770022079
0.8918380433493172
0.8918241738794064
0.8918056458127835
0.8917824287950672
0.8917544849124116
0.8917217687127067
0.8916842272345719
0.8916418000426328
0.8915944192719524
0.8915420096848102
0.8914844887380295
0.8914217666682713
0.8913537465922855
0.8912803246307185
0.8912013900557160
0.8911168254664039
0.8910265069978691
0.8909303045696165
0.8908280821789698
0.8907196982434723
0.8906050060058786
0.8904838540062645
0.8903560866323130
0.8902215447636082
0.8900800665158755
0.8899314881134079
0.8897756448950129
0.8896123724852066
0.8894415081529484
0.8892628923893745
0.8890763707412306
0.8888817959415192
0.8886790303967199
0.8884679490917279
0.8882484429910034
0.8880204230473387
0.8877838249383497
0.8875386147054846
0.8872847955189984
0.8870224158713166
0.8867515796299696
0.8864724585639603
0.8861853082903801
0.8858904891449926
0.8855884945861024
0.8852799920976631
0.8849658875617480
0.8846474437502112
0.8846217065706583
0.8849395222379625
0.8852530024978946
0.8855608853804497
0.8858622658159627
0.8861564771290231
0.8864430266581105
0.8867215548426077
0.8869918068147834
0.8872536115232711
0.8875068657840040
0.8877515217495663
0.8879875768526606
0.8882150656125738
0.8884340528685938
0.8886446281393952
0.8888469008860933
0.8890409965053224
0.8892270529275771
0.8894052177124155
0.8895756455646724
0.8897384962044241
0.8898939325345548
0.8900421190678828
0.8901832205677286
0.8903174008820283
0.8904448219369971
0.8905656428705045
0.8906800192873373
0.8907881026200676
0.8908900395807839
0.8909859716902849
0.8910760348773437
0.8911603591381069
0.8912390682434420
0.8913122794956468
0.8913801035196836
0.8914426440900827
0.8914999979844862
0.8915522548629365
0.8915994971684345
0.8916418000426328
0.8916792312607700
0.8917118511753315
0.8917397126733136
0.8917628611408557
0.8917813344362807
0.8917951628680956
0.8918043691816647
0.8918089685451556
0.8918089685451593
0.8918043691816647
0.8917951628680956
0.8917813344362807
0.8917628611408557
0.8917397126733136
0.8917118511753315
0.8916792312607700
0.8916418000426328
0.8915994971684345
0.8915522548629365
0.8914999979844862
0.8914426440900827
0.8913801035196836
0.8913122794956454
0.8912390682434420
0.8911603591381069
0.8910760348773437
0.8909859716902849
0.8908900395807839
0.8907881026200676
0.8906800192873373
0.8905656428705045
0.8904448219369971
0.8903174008820283
0.8901832205677286
0.8900421190678828
0.8898939325345548
0.8897384962044241
0.8895756455646724
0.8894052177124155
0.8892270529275771
0.8890409965053224
0.8888469008860933
0.8886446281393952
0.8884340528685938
0.8882150656125738
0.8879875768526606
0.8877515217495663
0.8875068657840040
0.8872536115232711
0.8869918068147834
0.8867215548426077
0.8864430266581105
0.8861564771290231
0.8858622658159627
0.8855608853804497
0.8852530024978946
0.8849395222379625
0.8846217065706583
0.8845929887593444
0.8849101005829800
0.8852228813434361
0.8855300699806510
0.8858307623474997
0.8861242926864089
0.8864101692381018
0.8866880333196856
0.8869576309110214
0.8872187917720403
0.8874714134886276
0.8877154489384833
0.8879508962338112
0.8881777905229221
0.8883961972224523
0.8886062063787591
0.8888079279264298
0.8890014876854683
0.8891870239582550
0.8893646846270279
0.8895346246716832
0.8896970040415068
0.8898519858253631
0.8899997346803599
0.8901404154772478
0.8902741921355996
0.8904012266207462
0.8905216780802224
0.8906357021041782
0.8907434500854503
0.8908450686770829
0.8909406993240742
0.8910304778649257
0.8911145341926898
0.8911929919686274
0.8912659683775060
0.8913335739231636
0.8913959122570320
0.8914530800342072
0.8915051667942464
0.8915522548629365
0.8915944192719524
0.8916317276921785
0.8916642403802982
0.8916920101372700
0.8917150822735000
0.8917334945827712
0.8917472773218443
0.8917564531955590
0.8917610373461550
0.8917610373461550
0.8917564531955590
0.8917472773218443
0.8917334945827712
0.8917150822735000
0.8916920101372700
0.8916642403802982
0.8916317276921785
0.8915944192719524
0.8915522548629365
0.8915051667942464
0.8914530800342072
0.8913959122570320
0.8913335739231636
0.8912659683775060
0.8911929919686274
0.8911145341926898
0.8910304778649257
0.8909406993240742
0.8908450686770829
0.8907434500854503
0.8906357021041782
0.8905216780802224
0.8904012266207472
0.8902741921355996
0.8901404154772478
0.8899997346803599
0.8898519858253660
0.8896970040415068
0.8895346246716832
0.8893646846270279
0.8891870239582550
0.8890014876854683
0.8888079279264298
0.8886062063787591
0.8883961972224523
0.8881777905229221
0.8879508962338112
0.8877154489384833
0.8874714134886276
0.8872187917720403
0.8869576309110214
0.8866880333196856
0.8864101692381018
0.8861242926864089
0.8858307623474997
0.8855300699806510
0.8852228813434361
0.8849101005829800
0.8845929887593493
0.8845612524439423
0.8848775828194533
0.8851895869662418
0.8854960048500061
0.8857959333634059
0.8860887077822239
0.8863738373605741
0.8866509644021189
0.8869198358366553
0.8871802823326067
0.8874322023369223
0.8876755495378179
0.8879103228029080
0.8881365579796814
0.8883543211263579
0.8885637028705013
0.8887648136703382
0.8889577798103736
0.8891427399992149
0.8893198424703057
0.8894892425001616
0.8896511002835489
0.8898055791065105
0.8899528437768013
0.8900930592729644
0.8902263895842827
0.8903529967090960
0.8904730397961585
0.8905866744072370
0.8906940518824111
0.8907953187993682
0.8908906165087662
0.8909800807405661
0.8910638412657512
0.8911420216144850
0.8912147388340679
0.8912821032871086
0.8913442184815212
0.8914011809303719
0.8914530800342072
0.8914999979844855
0.8915420096848102
0.8915791826866875
0.8916115771379833
0.8916392457402366
0.8916622337174266
0.8916805787897334
0.8916943111543006
0.8917034534707485
0.8917080208501110
0.8917080208501110
0.8917034534707485
0.8916943111542966
0.8916805787897334
0.8916622337174266
0.8916392457402366
0.8916115771379833
0.8915791826866875
0.8915420096848102
0.8914999979844855
0.8914530800342072
0.8914011809303719
0.8913442184815212
0.8912821032871086
0.8912147388340679
0.8911420216144850
0.8910638412657512
0.8909800807405661
0.8908906165087662
0.8907953187993682
0.8906940518824111
0.8905866744072370
0.8904730397961585
0.8903529967090960
0.8902263895842827
0.8900930592729644
0.8899528437768013
0.8898055791065105
0.8896511002835489
0.8894892425001616
0.8893198424703057
0.8891427399992149
0.8889577798103736
0.8887648136703382
0.8885637028705013
0.8883543211263579
0.8881365579796814
0.8879103228029080
0.8876755495378179
0.8874322023369223
0.8871802823326067
0.8869198358366553
0.8866509644021189
0.8863738373605741
0.8860887077822239
0.8857959333634059
0.8854960048500061
0.8851895869662418
0.8848775828194533
0.8845612524439423
0.8845264561415401
0.8848419253478381
0.8851530736666321
0.8854586422145148
0.8857577290478111
0.8860496705982691
0.8863339772526205
0.8866102924147352
0.8868783640734267
0.8871380239068238
0.8873891713189737
0.8876317608952018
0.8878657923400330
0.8880913022718793
0.8883083574540797
0.8885170491524897
0.8887174883967400
0.8889098019763479
0.8890941290403362
0.8892706181990925
0.8894394250472274
0.8896007100382495
0.8897546366629503
0.8899013698835402
0.8900410747855971
0.8901739154214571
0.8903000538133415
0.8904196490988219
0.8905328567960289
0.8906398281748614
0.8907407097178982
0.8908356426612287
0.8909247626033520
0.8910081991718677
0.8910860757427850
0.8911585092025144
0.8912256097489861
0.8912874807257430
0.8913442184815212
0.8913959122570320
0.8914426440900829
0.8914844887380295
0.8915215136165174
0.8915537787480851
0.8915813367221576
0.8916042326641931
0.8916225042111350
0.8916361814916752
0.8916452871140813
0.8916498361552466
0.8916498361552466
0.8916452871140813
0.8916361814916752
0.8916225042111350
0.8916042326641931
0.8915813367221576
0.8915537787480851
0.8915215136165174
0.8914844887380295
0.8914426440900829
0.8913959122570320
0.8913442184815212
0.8912874807257430
0.8912256097489861
0.8911585092025144
0.8910860757427850
0.8910081991718677
0.8909247626033520
0.8908356426612287
0.8907407097179000
0.8906398281748614
0.8905328567960289
0.8904196490988219
0.8903000538133415
0.8901739154214571
0.8900410747855971
0.8899013698835402
0.8897546366629503
0.8896007100382495
0.8894394250472274
0.8892706181990925
0.8890941290403362
0.8889098019763479
0.8887174883967400
0.8885170491524897
0.8883083574540797
0.8880913022718793
0.8878657923400330
0.8876317608952018
0.8873891713189737
0.8871380239068238
0.8868783640734267
0.8866102924147352
0.8863339772526205
0.8860496705982691
0.8857577290478111
0.8854586422145148
0.8851530736666321
0.8848419253478381
0.8845264561415401
0.8844885548177380
0.8848030807995469
0.8851132917617099
0.8854179301045928
0.8857160951817079
0.8860071247112026
0.8862905303395578
0.8865659566913590
0.8868331529293338
0.8870919518493404
0.8873422539114865
0.8875840146910371
0.8878172348110892
0.8880419517356137
0.8882582329982900
0.8884661705602280
0.8886658760708011
0.8888574768640307
0.8890411125624336
0.8892169321779906
0.8893850916399598
0.8895457516722884
0.8896990759761385
0.8898452296681562
0.8899843779357591
0.8901166848845864
0.8902423125491716
0.8903614200385329
0.8904741628084112
0.8905806920374842
0.8906811540907452
0.8907756900653100
0.8908644354031664
0.8909475195623932
0.8910250657382511
0.8910971906319763
0.8911640042511177
0.8912256097489861
0.8912821032871086
0.8913335739231617
0.8913801035196836
0.8914217666682716
0.8914586306295126
0.8914907552843547
0.8915181930953783
0.8915409890767652
0.8915591807706076
0.8915727982299041
0.8915818640035402
0.8915863931303770
0.8915863931303770
0.8915818640035402
0.8915727982299041
0.8915591807706076
0.8915409890767665
0.8915181930953783
0.8914907552843547
0.8914586306295126
0.8914217666682716
0.8913801035196836
0.8913335739231636
0.8912821032871086
0.8912256097489855
0.8911640042511177
0.8910971906319763
0.8910250657382511
0.8909475195623932
0.8908644354031664
0.8907756900653100
0.8906811540907452
0.8905806920374842
0.8904741628084112
0.8903614200385329
0.8902423125491716
0.8901166848845864
0.8899843779357591
0.8898452296681568
0.8896990759761385
0.8895457516722884
0.8893850916399598
0.8892169321779906
0.8890411125624336
0.8888574768640307
0.8886658760708011
0.8884661705602280
0.8882582329982900
0.8880419517356137
0.8878172348110892
0.8875840146910371
0.8873422539114865
0.8870919518493404
0.8868331529293338
0.8865659566913590
0.8862905303395578
0.8860071247112026
0.8857160951817079
0.8854179301045928
0.8851132917617099
0.8848030807995469
0.8844885548177380
0.8844474999591846
0.8847609981038584
0.8850701876437199
0.8853738124074687
0.8856709731895868
0.8859610091334126
0.8862434332808790
0.8865178916067737
0.8867841345681244
0.8870419961936756
0.8872913781039991
0.8875322369589881
0.8877645743869492
0.8879884287736978
0.8882038684905644
0.8884109862505483
0.8886098943702843
0.8888007207684786
0.8889836055697420
0.8891586982106149
0.8893261549703618
0.8894861368516429
0.8896388077678845
0.8897843329849262
0.8899228777836881
0.8900546063115072
0.8901796805954153
0.8902982596971705
0.8904104989879063
0.8905165495281392
0.8906165575392333
0.8907106639511251
0.8907990040210406
0.8908817070074218
0.8909588958972058
0.8910306871752591
0.8910971906319763
0.8911585092025143
0.8912147388340806
0.8912659683775060
0.8913122794956468
0.8913537465922882
0.8913904367534247
0.8914224097002044
0.8914497177517727
0.8914724057970447
0.8914905112721329
0.8915040641430977
0.8915130868950564
0.8915175945215451
0.8915175945215451
0.8915130868950564
0.8915040641430977
0.8914905112721329
0.8914724057970447
0.8914497177517727
0.8914224097002044
0.8913904367534247
0.8913537465922882
0.8913122794956468
0.8912659683775060
0.8912147388340806
0.8911585092025143
0.8910971906319761
0.8910306871752591
0.8909588958972058
0.8908817070074213
0.8907990040210406
0.8907106639511251
0.8906165575392333
0.8905165495281392
0.8904104989879063
0.8902982596971710
0.8901796805954153
0.8900546063115072
0.8899228777836881
0.8897843329849262
0.8896388077678845
0.8894861368516429
0.8893261549703618
0.8891586982106149
0.8889836055697420
0.8888007207684786
0.8886098943702843
0.8884109862505483
0.8882038684905644
0.8879884287736978
0.8877645743869492
0.8875322369589881
0.8872913781039991
0.8870419961936756
0.8867841345681244
0.8865178916067733
0.8862434332808790
0.8859610091334126
0.8856709731895868
0.8853738124074687
0.8850701876437199
0.8847609981038584
0.8844474999591846
0.8844032396570644
0.8847156225622503
0.8850237038489631
0.8853262289300466
0.8856223001944252
0.8859112583625182
0.8861926180153643
0.8864660266156863
0.8867312360455913
0.8869880816854484
0.8872364664271039
0.8874763481160524
0.8877077294741561
0.8879306498879868
0.8881451786343496
0.8883514092349006
0.8885494547218566
0.8887394436345983
0.8889215166291607
0.8890958235867658
0.8892625211470113
0.8894217705957606
0.8895737360567277
0.8897185829369039
0.8898564765980854
0.8899875812093477
0.8901120587706466
0.8902300682703023
0.8903417649673969
0.8904472997750732
0.8905468187392711
0.8906404625913906
0.8907283663700397
0.8908106591018597
0.8908874635318071
0.8909588958972058
0.8910250657382511
0.8910860757427850
0.8911420216144852
0.8911929919686274
0.8912390682434420
0.8912803246307185
0.8913168280202428
0.8913486379527984
0.8913758065872956
0.8913983786718630
0.8914163915238941
0.8914298750129325
0.8914388515515244
0.8914433360832544
0.8914433360832544
0.8914388515515244
0.8914298750129325
0.8914163915238941
0.8913983786718630
0.8913758065872956
0.8913486379527984
0.8913168280202428
0.8912803246307185
0.8912390682434420
0.8911929919686274
0.8911420216144852
0.8910860757427850
0.8910250657382511
0.8909588958972058
0.8908874635318071
0.8908106591018597
0.8907283663700397
0.8906404625913906
0.8905468187392711
0.8904472997750732
0.8903417649673969
0.8902300682703023
0.8901120587706466
0.8899875812093477
0.8898564765980854
0.8897185829369039
0.8895737360567277
0.8894217705957614
0.8892625211470119
0.8890958235867658
0.8889215166291612
0.8887394436345983
0.8885494547218566
0.8883514092349006
0.8881451786343496
0.8879306498879868
0.8877077294741561
0.8874763481160524
0.8872364664271039
0.8869880816854484
0.8867312360455913
0.8864660266156863
0.8861926180153643
0.8859112583625182
0.8856223001944252
0.8853262289300466
0.8850237038489631
0.8847156225622503
0.8844032396570644
0.8843557187042114
0.8846668959388937
0.8849737791396275
0.8852751154727202
0.8855700090867843
0.8858578024426570
0.8861380118161978
0.8864102863059510
0.8866743793568019
0.8869301278281737
0.8871774359994679
0.8874162630064849
0.8876466127573471
0.8878685257207612
0.8880820721470981
0.8882873464258565
0.8884844623484771
0.8886735491122087
0.8888547479298042
0.8890282091421409
0.8891940897582981
0.8893525513476113
0.8895037582352461
0.8896478759590009
0.8897850699396699
0.8899155043480551
0.8900393411285522
0.8901567391664652
0.8902678535750425
0.8903728350869861
0.8904718295366046
0.8905649774189777
0.8906524135176418
0.8907342665896374
0.8908106591018597
0.8908817070074213
0.8909475195623932
0.8910081991718677
0.8910638412657508
0.8911145341926898
0.8911603591381069
0.8912013900557160
0.8912376936147884
0.8912693291552700
0.8912963486558857
0.8913187967078237
0.8913367104958985
0.8913501197822643
0.8913590468975151
0.8913635067319072
0.8913635067319072
0.8913590468975151
0.8913501197822643
0.8913367104958985
0.8913187967078237
0.8912963486558857
0.8912693291552700
0.8912376936147884
0.8912013900557160
0.8911603591381069
0.8911145341926898
0.8910638412657508
0.8910081991718677
0.8909475195623932
0.8908817070074213
0.8908106591018597
0.8907342665896374
0.8906524135176418
0.8905649774189777
0.8904718295366046
0.8903728350869861
0.8902678535750425
0.8901567391664652
0.8900393411285522
0.8899155043480551
0.8897850699396699
0.8896478759590009
0.8895037582352461
0.8893525513476113
0.8891940897582981
0.8890282091421409
0.8888547479298042
0.8886735491122087
0.8884844623484771
0.8882873464258565
0.8880820721470981
0.8878685257207612
0.8876466127573471
0.8874162630064849
0.8871774359994679
0.8869301278281737
0.8866743793568019
0.8864102863059510
0.8861380118161978
0.8858578024426570
0.8855700090867843
0.8852751154727202
0.8849737791396275
0.8846668959388937
0.8843557187042114
0.8843048787077660
0.8846147565642292
0.8849203485996381
0.8852204039151872
0.8855140286032563
0.8858005670386010
0.8860795373604035
0.8863505904611806
0.8866134814952701
0.8868680489377151
0.8871141985788498
0.8873518909534756
0.8875811312536540
0.8878019611118052
0.8880144518223789
0.8882186986983018
0.8884148163365753
0.8886029346247177
0.8887831953543193
0.8889557493388224
0.8891207539595043
0.8892783710631932
0.8894287651667477
0.8895721019165099
0.8897085467712308
0.8898382638724075
0.8899614150767828
0.8900781591312584
0.8901886509648358
0.8902930410894575
0.8903914750857215
0.8904840931716368
0.8905710298334043
0.8906524135176418
0.8907283663700397
0.8907990040210406
0.8908644354031664
0.8909247626033520
0.8909800807405663
0.8910304778649257
0.8910760348773437
0.8911168254664039
0.8911529160535383
0.8911843657546166
0.8912112263481763
0.8912335422510190
0.8912513504997224
0.8912646807375406
0.8912735552040683
0.8912779887290041
0.8912779887290041
0.8912735552040683
0.8912646807375406
0.8912513504997224
0.8912335422510190
0.8912112263481763
0.8911843657546166
0.8911529160535383
0.8911168254664039
0.8910760348773437
0.8910304778649257
0.8909800807405663
0.8909247626033520
0.8908644354031664
0.8907990040210406
0.8907283663700392
0.8906524135176418
0.8905710298334043
0.8904840931716368
0.8903914750857213
0.8902930410894575
0.8901886509648358
0.8900781591312584
0.8899614150767828
0.8898382638724075
0.8897085467712308
0.8895721019165099
0.8894287651667477
0.8892783710631932
0.8891207539595043
0.8889557493388224
0.8887831953543193
0.8886029346247177
0.8884148163365753
0.8882186986983018
0.8880144518223789
0.8878019611118052
0.8875811312536540
0.8873518909534756
0.8871141985788498
0.8868680489377151
0.8866134814952701
0.8863505904611806
0.8860795373604035
0.8858005670386010
0.8855140286032563
0.8852204039151872
0.8849203485996381
0.8846147565642292
0.8843048787077659
0.8842506582221775
0.8845591394583653
0.8848633437465373
0.8851620223244802
0.8854542834243081
0.8857394735250843
0.8860171128105383
0.8862868541374060
0.8865484545285862
0.8868017542175074
0.8870466606360156
0.8872831358330772
0.8875111863843708
0.8877308551713528
0.8879422146023080
0.8881453609699964
0.8883404097200598
0.8885274914597090
0.8887067485774393
0.8888783323671137
0.8890424005794211
0.8891991153290589
0.8893486413037378
0.8894911442361280
0.8896267895904207
0.8897557414436379
0.8898781615262908
0.8899942084030572
0.8901040367754713
0.8902077968879265
0.8903056340213010
0.8903976880688175
0.8904840931716372
0.8905649774189777
0.8906404625913906
0.8907106639511251
0.8907756900653100
0.8908356426612287
0.8908906165087663
0.8909406993240738
0.8909859716902854
0.8910265069978691
0.8910623713937708
0.8910936237450914
0.8911203156073174
0.8911424912031776
0.8911601874055984
0.8911734337259111
0.8911822523030565
0.8911866579008321
0.8911866579008321
0.8911822523030560
0.8911734337259111
0.8911601874055984
0.8911424912031776
0.8911203156073174
0.8910936237450914
0.8910623713937708
0.8910265069978691
0.8909859716902854
0.8909406993240738
0.8908906165087663
0.8908356426612287
0.8907756900653100
0.8907106639511251
0.8906404625913906
0.8905649774189777
0.8904840931716372
0.8903976880688175
0.8903056340213010
0.8902077968879265
0.8901040367754713
0.8899942084030572
0.8898781615262904
0.8897557414436379
0.8896267895904207
0.8894911442361280
0.8893486413037378
0.8891991153290589
0.8890424005794211
0.8888783323671137
0.8887067485774393
0.8885274914597090
0.8883404097200598
0.8881453609699964
0.8879422146023080
0.8877308551713528
0.8875111863843708
0.8872831358330772
0.8870466606360156
0.8868017542175074
0.8865484545285862
0.8862868541374060
0.8860171128105383
0.8857394735250843
0.8854542834243081
0.8851620223244799
0.8848633437465373
0.8845591394583653
0.8842506582221775
0.8841929928997676
0.8844999764711171
0.8848026926654574
0.8850998950757956
0.8853906942880820
0.8856744390933470
0.8859506519164806
0.8862189877618615
0.8864792056898044
0.8867311478469613
0.8869747234431639
0.8872098961626114
0.8874366740678699
0.8876551013758592
0.8878652516795927
0.8880672223067315
0.8882611295901877
0.8884471048841135
0.8886252911860376
0.8887958402735591
0.8889589102579086
0.8891146635030629
0.8892632648437473
0.8894048800640321
0.8895396745976688
0.8896678124137061
0.8897894550694881
0.8899047608990378
0.8900138843247795
0.8901169752702519
0.8902141786645773
0.8903056340213010
0.8903914750857247
0.8904718295366038
0.8905468187392711
0.8906165575392321
0.8906811540907452
0.8907407097178986
0.8907953187993685
0.8908450686770829
0.8908900395807839
0.8909303045696165
0.8909659294860907
0.8909969729196320
0.8910234861800169
0.8910455132755286
0.8910630908978487
0.8910762484121195
0.8910850078471878
0.8910893838923180
0.8910893838923180
0.8910850078471878
0.8910762484121195
0.8910630908978487
0.8910455132755286
0.8910234861800169
0.8909969729196320
0.8909659294860907
0.8909303045696165
0.8908900395807839
0.8908450686770829
0.8907953187993685
0.8907407097179002
0.8906811540907452
0.8906165575392321
0.8905468187392711
0.8904718295366038
0.8903914750857247
0.8903056340213010
0.8902141786645773
0.8901169752702519
0.8900138843247796
0.8899047608990378
0.8897894550694876
0.8896678124137061
0.8895396745976688
0.8894048800640321
0.8892632648437473
0.8891146635030629
0.8889589102579086
0.8887958402735591
0.8886252911860376
0.8884471048841135
0.8882611295901877
0.8880672223067315
0.8878652516795927
0.8876551013758592
0.8874366740678699
0.8872098961626114
0.8869747234431639
0.8867311478469613
0.8864792056898044
0.8862189877618615
0.8859506519164806
0.8856744390933470
0.8853906942880820
0.8850998950757956
0.8848026926654574
0.8844999764711171
0.8841929928997676
0.8841318156671526
0.8844371964489632
0.8847383201624865
0.8850339429963056
0.8853231781262301
0.8856053768799579
0.8858800641370422
0.8861468972475354
0.8864056374918906
0.8866561290935371
0.8868982831858697
0.8871320652134770
0.8873574848337979
0.8875745876869969
0.8877834486214383
0.8879841660508652
0.8881768572330027
0.8883616542888115
0.8885387008350688
0.8887081491251082
0.8888701576163913
0.8890248888966371
0.8891725079132226
0.8893131804630928
0.8894470719006295
0.8895743460377300
0.8896951642032802
0.8898096844442311
0.8899180608443787
0.8900204429474640
0.8901169752702519
0.8902077968879265
0.8902930410894566
0.8903728350869861
0.8904472997750732
0.8905165495281412
0.8905806920374842
0.8906398281748614
0.8906940518824111
0.8907434500854490
0.8907881026200677
0.8908280821789698
0.8908634542664775
0.8908942771667943
0.8909206019165583
0.8909424722879911
0.8909599247742260
0.8909729885777539
0.8909816856073078
0.8909860304699040
0.8909860304699040
0.8909816856073078
0.8909729885777539
0.8909599247742260
0.8909424722879911
0.8909206019165583
0.8908942771667943
0.8908634542664775
0.8908280821789698
0.8907881026200677
0.8907434500854490
0.8906940518824111
0.8906398281748625
0.8905806920374842
0.8905165495281392
0.8904472997750732
0.8903728350869861
0.8902930410894566
0.8902077968879265
0.8901169752702519
0.8900204429474640
0.8899180608443787
0.8898096844442311
0.8896951642032802
0.8895743460377300
0.8894470719006295
0.8893131804630928
0.8891725079132226
0.8890248888966371
0.8888701576163913
0.8887081491251082
0.8885387008350688
0.8883616542888115
0.8881768572330027
0.8879841660508652
0.8877834486214383
0.8875745876869969
0.8873574848337979
0.8871320652134770
0.8868982831858697
0.8866561290935371
0.8864056374918902
0.8861468972475354
0.8858800641370422
0.8856053768799579
0.8853231781262301
0.8850339429963056
0.8847383201624865
0.8844371964489632
0.8841318156671526
0.8840670569294402
0.8843707254241877
0.8846701479437348
0.8849640835359323
0.8852516482235778
0.8855321961183056
0.8858052547855479
0.8860704841365715
0.8863276478662062
0.8865765924507576
0.8868172311001860
0.8870495311525082
0.8872735039683424
0.8874891967023822
0.8876966855246381
0.8878960699866020
0.8880874683011549
0.8882710133722315
0.8884468494349254
0.8886151292069077
0.8887760114667369
0.8889296589921089
0.8890762368007467
0.8892159106501127
0.8893488457628340
0.8894752057315741
0.8895951515947187
0.8897088410456647
0.8898164277633656
0.8899180608443787
0.8900138843247796
0.8901040367754717
0.8901886509648358
0.8902678535750425
0.8903417649673969
0.8904104989879063
0.8904741628084112
0.8905328567960289
0.8905866744072370
0.8906357021041782
0.8906800192873373
0.8907196982434723
0.8907548041046282
0.8907853948170793
0.8908115211184950
0.8908332265209902
0.8908505472974210
0.8908635124752776
0.8908721438285480
0.8908764558753478
0.8908764558753478
0.8908721438285480
0.8908635124752776
0.8908505472974210
0.8908332265209902
0.8908115211184950
0.8907853948170793
0.8907548041046282
0.8907196982434723
0.8906800192873373
0.8906357021041782
0.8905866744072370
0.8905328567960289
0.8904741628084112
0.8904104989879063
0.8903417649673969
0.8902678535750425
0.8901886509648358
0.8901040367754717
0.8900138843247796
0.8899180608443787
0.8898164277633656
0.8897088410456647
0.8895951515947187
0.8894752057315741
0.8893488457628340
0.8892159106501127
0.8890762368007467
0.8889296589921096
0.8887760114667369
0.8886151292069077
0.8884468494349254
0.8882710133722315
0.8880874683011549
0.8878960699866020
0.8876966855246389
0.8874891967023822
0.8872735039683424
0.8870495311525082
0.8868172311001860
0.8865765924507576
0.8863276478662062
0.8860704841365715
0.8858052547855479
0.8855321961183056
0.8852516482235778
0.8849640835359323
0.8846701479437348
0.8843707254241880
0.8840670569294402
0.8839986448022729
0.8843004868382829
0.8845980948260925
0.8848902309649151
0.8851760144076153
0.8854548023197047
0.8857261252045798
0.8859896457679539
0.8862451303297123
0.8864924278049331
0.8867314536436125
0.8869621772142080
0.8871846116935498
0.8873988058397836
0.8876048372115597
0.8878028065426554
0.8879928330278539
0.8881750503614180
0.8883496033888978
0.8885166452701894
0.8886763350709574
0.8888288357141739
0.8889743122337430
0.8891129302903167
0.8892448549051664
0.8893702493843544
0.8894892744018452
0.8896020872228010
0.8897088410456647
0.8898096844442311
0.8899047608990378
0.8899942084030572
0.8900781591312584
0.8901567391664652
0.8902300682703028
0.8902982596971705
0.8903614200385329
0.8904196490988219
0.8904730397961585
0.8905216780802224
0.8905656428705045
0.8906050060058787
0.8906398322084136
0.8906701790533310
0.8906960969496603
0.8907176291237677
0.8907348116089611
0.8907476732390789
0.8907562356418837
0.8907605132381747
0.8907605132381747
0.8907562356418837
0.8907476732390789
0.8907348116089611
0.8907176291237677
0.8906960969496603
0.8906701790533310
0.8906398322084136
0.8906050060058787
0.8905656428705045
0.8905216780802224
0.8904730397961585
0.8904196490988219
0.8903614200385329
0.8902982596971705
0.8902300682703028
0.8901567391664643
0.8900781591312584
0.8899942084030572
0.8899047608990378
0.8898096844442311
0.8897088410456647
0.8896020872228010
0.8894892744018452
0.8893702493843544
0.8892448549051664
0.8891129302903167
0.8889743122337430
0.8888288357141739
0.8886763350709574
0.8885166452701894
0.8883496033888978
0.8881750503614180
0.8879928330278539
0.8878028065426554
0.8876048372115597
0.8873988058397836
0.8871846116935498
0.8869621772142080
0.8867314536436125
0.8864924278049331
0.8862451303297123
0.8859896457679549
0.8857261252045798
0.8854548023197047
0.8851760144076153
0.8848902309649151
0.8845980948260925
0.8843004868382829
0.8839986448022729
0.8839265053831969
0.8842264017959512
0.8845220769791297
0.8848122966051787
0.8850961832687485
0.8853730974855998
0.8856425729728226
0.8859042754824140
0.8861579741872369
0.8864035206402673
0.8866408327018470
0.8868698819142765
0.8870906833863820
0.8873032875664117
0.8875077734668561
0.8877042430425951
0.8878928164883673
0.8880736282881432
0.8882468238796498
0.8884125568322877
0.8885709864535919
0.8887222757545684
0.8888665897213924
0.8890040938443575
0.8891349528690042
0.8892593297310872
0.8893773846579132
0.8894892744018452
0.8895951515947187
0.8896951642032835
0.8897894550694876
0.8898781615262908
0.8899614150767828
0.8900393411285522
0.8901120587706466
0.8901796805954176
0.8902423125491716
0.8903000538133415
0.8903529967090960
0.8904012266207462
0.8904448219369971
0.8904838540062645
0.8905183870990820
0.8905484783847962
0.8905741779122849
0.8905955285959007
0.8906125662068093
0.8906253193670826
0.8906338095458408
0.8906380510569173
0.8906380510569173
0.8906338095458408
0.8906253193670826
0.8906125662068093
0.8905955285959007
0.8905741779122849
0.8905484783847986
0.8905183870990820
0.8904838540062645
0.8904448219369971
0.8904012266207462
0.8903529967090960
0.8903000538133415
0.8902423125491749
0.8901796805954176
0.8901120587706466
0.8900393411285522
0.8899614150767828
0.8898781615262908
0.8897894550694876
0.8896951642032837
0.8895951515947187
0.8894892744018452
0.8893773846579132
0.8892593297310872
0.8891349528690042
0.8890040938443575
0.8888665897213924
0.8887222757545684
0.8885709864535919
0.8884125568322877
0.8882468238796498
0.8880736282881432
0.8878928164883673
0.8877042430425951
0.8875077734668561
0.8873032875664117
0.8870906833863820
0.8868698819142765
0.8866408327018487
0.8864035206402673
0.8861579741872369
0.8859042754824140
0.8856425729728226
0.8853730974855998
0.8850961832687485
0.8848122966051787
0.8845220769791297
0.8842264017959512
0.8839265053831969
0.8838505630607858
0.8841483893626291
0.8844420082079760
0.8847301891002183
0.8850120584205987
0.8852869803589611
0.8855544921503911
0.8858142628660136
0.8860660647758088
0.8863097522831708
0.8865452458393830
0.8867725193073885
0.8869915898455168
0.8872025096787476
0.8874053593302003
0.8876002420093734
0.8877872789200211
0.8879666053231650
0.8881383672196581
0.8883027185425415
0.8884598187819867
0.8886098309680793
0.8887529199604953
0.8888892509953519
0.8890189884507899
0.8891422948013019
0.8892593297310872
0.8893702493843544
0.8894752057315741
0.8895743460377300
0.8896678124137064
0.8897557414436379
0.8898382638724075
0.8899155043480551
0.8899875812093481
0.8900546063115072
0.8901166848845864
0.8901739154214571
0.8902263895842827
0.8902741921355996
0.8903174008820298
0.8903560866323129
0.8903903131646322
0.8904201372040552
0.8904456084059900
0.8904667693452162
0.8904836555064400
0.8904962952822851
0.8905047099681690
0.8905089137614678
0.8905089137614678
0.8905047099681690
0.8904962952822851
0.8904836555064400
0.8904667693452162
0.8904456084059900
0.8904201372040552
0.8903903131646322
0.8903560866323127
0.8903174008820298
0.8902741921355996
0.8902263895842827
0.8901739154214571
0.8901166848845864
0.8900546063115072
0.8899875812093481
0.8899155043480551
0.8898382638724075
0.8897557414436379
0.8896678124137064
0.8895743460377300
0.8894752057315741
0.8893702493843544
0.8892593297310872
0.8891422948013019
0.8890189884507899
0.8888892509953519
0.8887529199604953
0.8886098309680793
0.8884598187819867
0.8883027185425415
0.8881383672196581
0.8879666053231650
0.8877872789200211
0.8876002420093734
0.8874053593302003
0.8872025096787476
0.8869915898455168
0.8867725193073885
0.8865452458393830
0.8863097522831708
0.8860660647758087
0.8858142628660136
0.8855544921503911
0.8852869803589611
0.8850120584205987
0.8847301891002183
0.8844420082079760
0.8841483893626291
0.8838505630607858
0.8837707408710105
0.8840663669038662
0.8843578002795115
0.8846438147293740
0.8849235408023565
0.8851963467229648
0.8854617735713295
0.8857194940390204
0.8859692837539990
0.8862110001982652
0.8864445666018304
0.8866699593010222
0.8868871976190693
0.8870963356403957
0.8872974554513607
0.8874906615381826
0.8876760761106705
0.8878538351837650
0.8880240852756253
0.8881869806231703
0.8883426808251237
0.8884913488465024
0.8886331493275642
0.8887682471503147
0.8888968062226129
0.8890189884507899
0.8891349528690042
0.8892448549051664
0.8893488457628340
0.8894470719006295
0.8895396745976690
0.8896267895904207
0.8897085467712309
0.8897850699396699
0.8898564765980854
0.8899228777836872
0.8899843779357591
0.8900410747855971
0.8900930592729644
0.8901404154772473
0.8901832205677295
0.8902215447636082
0.8902554513046221
0.8902849964328878
0.8903102293754991
0.8903311923367474
0.8903479204918361
0.8903604419825957
0.8903687779167203
0.8903729423658215
0.8903729423658215
0.8903687779167203
0.8903604419825957
0.8903479204918361
0.8903311923367474
0.8903102293754991
0.8902849964328878
0.8902554513046216
0.8902215447636082
0.8901832205677295
0.8901404154772472
0.8900930592729644
0.8900410747855971
0.8899843779357591
0.8899228777836872
0.8898564765980854
0.8897850699396699
0.8897085467712309
0.8896267895904207
0.8895396745976690
0.8894470719006295
0.8893488457628340
0.8892448549051664
0.8891349528690042
0.8890189884507899
0.8888968062226129
0.8887682471503147
0.8886331493275642
0.8884913488465024
0.8883426808251237
0.8881869806231703
0.8880240852756253
0.8878538351837650
0.8876760761106705
0.8874906615381826
0.8872974554513607
0.8870963356403957
0.8868871976190693
0.8866699593010222
0.8864445666018304
0.8862110001982652
0.8859692837539990
0.8857194940390204
0.8854617735713295
0.8851963467229672
0.8849235408023565
0.8846438147293740
0.8843578002795115
0.8840663669038662
0.8837707408710105
0.8836869609078364
0.8839802504794575
0.8842693633006371
0.8845530777722245
0.8848305290355531
0.8851010897435767
0.8853643051868102
0.8856198519995897
0.8858675094525610
0.8861071383449083
0.8863386648837249
0.8865620680336714
0.8867773693976458
0.8869846249963834
0.8871839185212658
0.8873753557459430
0.8875590598709225
0.8877351676230842
0.8879038259785684
0.8880651894002084
0.8882194175039402
0.8883666730889569
0.8885071204654582
0.8886409240462467
0.8887682471503147
0.8888892509953515
0.8890040938443575
0.8891129302903167
0.8892159106501127
0.8893131804630938
0.8894048800640321
0.8894911442361280
0.8895721019165099
0.8896478759590009
0.8897185829369039
0.8897843329849262
0.8898452296681568
0.8899013698835402
0.8899528437768013
0.8899997346803599
0.8900421190678821
0.8900800665158755
0.8901136396795499
0.8901428942742087
0.8901678790628214
0.8901886358483616
0.8902051994698290
0.8902175977982391
0.8902258517375409
0.8902299752232572
0.8902299752232572
0.8902258517375409
0.8902175977982391
0.8902051994698290
0.8901886358483616
0.8901678790628214
0.8901428942742076
0.8901136396795499
0.8900800665158755
0.8900421190678821
0.8899997346803612
0.8899528437768013
0.8899013698835402
0.8898452296681568
0.8897843329849262
0.8897185829369039
0.8896478759590009
0.8895721019165099
0.8894911442361280
0.8894048800640320
0.8893131804630938
0.8892159106501127
0.8891129302903167
0.8890040938443575
0.8888892509953515
0.8887682471503147
0.8886409240462467
0.8885071204654582
0.8883666730889569
0.8882194175039402
0.8880651894002084
0.8879038259785684
0.8877351676230842
0.8875590598709225
0.8873753557459430
0.8871839185212658
0.8869846249963834
0.8867773693976458
0.8865620680336714
0.8863386648837249
0.8861071383449083
0.8858675094525610
0.8856198519995897
0.8853643051868102
0.8851010897435767
0.8848305290355531
0.8845530777722245
0.8842693633006371
0.8839802504794575
0.8836869609078364
0.8835991447955011
0.8838899552980807
0.8841766061555738
0.8844578809339613
0.8847329198353896
0.8850011003821370
0.8852619724711144
0.8855152170329205
0.8857606172858357
0.8859980376006789
0.8862274073660550
0.8864487083317538
0.8866619644906486
0.8868672338686044
0.8870646017911546
0.8872541753164054
0.8874360786007938
0.8876104490241831
0.8877774339407790
0.8879371879419833
0.8880898705517984
0.8882356442798509
0.8883746729813756
0.8885071204654582
0.8886331493275642
0.8887529199604953
0.8888665897213924
0.8889743122337430
0.8890762368007467
0.8891725079132226
0.8892632648437473
0.8893486413037378
0.8894287651667466
0.8895037582352461
0.8895737360567277
0.8896388077678845
0.8896990759761385
0.8897546366629503
0.8898055791065119
0.8898519858253622
0.8898939325345548
0.8899314881134079
0.8899647145819114
0.8899936670847676
0.8900183938833436
0.8900389363456979
0.8900553289476570
0.8900675992681878
0.8900757679913205
0.8900798489058465
0.8900798489058465
0.8900757679913205
0.8900675992681878
0.8900553289476604
0.8900389363456979
0.8900183938833436
0.8899936670847676
0.8899647145819114
0.8899314881134079
0.8898939325345548
0.8898519858253622
0.8898055791065119
0.8897546366629503
0.8896990759761385
0.8896388077678845
0.8895737360567277
0.8895037582352461
0.8894287651667466
0.8893486413037378
0.8892632648437473
0.8891725079132226
0.8890762368007467
0.8889743122337430
0.8888665897213924
0.8887529199604953
0.8886331493275642
0.8885071204654582
0.8883746729813756
0.8882356442798509
0.8880898705517984
0.8879371879419833
0.8877774339407790
0.8876104490241831
0.8874360786007938
0.8872541753164054
0.8870646017911550
0.8868672338686044
0.8866619644906486
0.8864487083317538
0.8862274073660550
0.8859980376006789
0.8857606172858357
0.8855152170329205
0.8852619724711144
0.8850011003821370
0.8847329198353896
0.8844578809339613
0.8841766061555738
0.8838899552980807
0.8835991447955011
0.8835072142266901
0.8837953962389873
0.8840794370137547
0.8843581258362661
0.8846306084967284
0.8848962678703761
0.8851546588996420
0.8854054671950378
0.8856484802480624
0.8858835662711526
0.8861106580447022
0.8863297402591984
0.8865408394007949
0.8867440155570432
0.8869393557020270
0.8871269681548075
0.8873069779731093
0.8874795231090684
0.8876447511923029
0.8878028168229380
0.8879538792995452
0.8880981007021923
0.8882356442798509
0.8883666730889569
0.8884913488465030
0.8886098309680793
0.8887222757545685
0.8888288357141739
0.8889296589921116
0.8890248888966387
0.8891146635030629
0.8891991153290589
0.8892783710631932
0.8893525513476113
0.8894217705957606
0.8894861368516429
0.8895457516722884
0.8896007100382495
0.8896511002835484
0.8896970040415068
0.8897384962044248
0.8897756448950129
0.8898085114466229
0.8898371503885973
0.8898616094385386
0.8898819294978176
0.8898981446493613
0.8899102821591579
0.8899183624728851
0.8899223992222363
0.8899223992222363
0.8899183624728851
0.8899102821591579
0.8898981446493613
0.8898819294978176
0.8898616094385386
0.8898371503885973
0.8898085114466229
0.8897756448950129
0.8897384962044248
0.8896970040415068
0.8896511002835484
0.8896007100382495
0.8895457516722884
0.8894861368516429
0.8894217705957606
0.8893525513476113
0.8892783710631932
0.8891991153290589
0.8891146635030629
0.8890248888966387
0.8889296589921116
0.8888288357141739
0.8887222757545685
0.8886098309680793
0.8884913488465030
0.8883666730889569
0.8882356442798509
0.8880981007021923
0.8879538792995452
0.8878028168229380
0.8876447511923029
0.8874795231090684
0.8873069779731093
0.8871269681548075
0.8869393557020270
0.8867440155570432
0.8865408394007949
0.8863297402591984
0.8861106580447022
0.8858835662711526
0.8856484802480624
0.8854054671950378
0.8851546588996420
0.8848962678703761
0.8846306084967289
0.8843581258362661
0.8840794370137547
0.8837953962389873
0.8835072142266901
0.8834110915897242
0.8836964884558145
0.8839777639142581
0.8842537135927441
0.8845234894567034
0.8847864802739954
0.8850422465142231
0.8852904788848404
0.8855309695013248
0.8857635906987034
0.8859882788632387
0.8862050217773324
0.8864138485147411
0.8866148212631249
0.8868080286393853
0.8869935801771470
0.8871716017559518
0.8873422317937728
0.8875056180652512
0.8876619150350459
0.8878112816179700
0.8879538792995452
0.8880898705517984
0.8882194175039397
0.8883426808251237
0.8884598187819867
0.8885709864535919
0.8886763350709587
0.8887760114667369
0.8888701576163909
0.8889589102579086
0.8890424005794269
0.8891207539595043
0.8891940897582981
0.8892625211470119
0.8893261549703618
0.8893850916399598
0.8894394250472210
0.8894892425001598
0.8895346246716800
0.8895756455646733
0.8896123724852066
0.8896448660249258
0.8896731800495784
0.8896973616931771
0.8897174513541830
0.8897334826944893
0.8897454826416553
0.8897534713890606
0.8897574623975719
0.8897574623975719
0.8897534713890606
0.8897454826416553
0.8897334826944893
0.8897174513541830
0.8896973616931771
0.8896731800495784
0.8896448660249258
0.8896123724852066
0.8895756455646733
0.8895346246716800
0.8894892425001598
0.8894394250472210
0.8893850916399598
0.8893261549703618
0.8892625211470119
0.8891940897582981
0.8891207539595043
0.8890424005794269
0.8889589102579086
0.8888701576163909
0.8887760114667369
0.8886763350709587
0.8885709864535919
0.8884598187819867
0.8883426808251237
0.8882194175039397
0.8880898705517984
0.8879538792995452
0.8878112816179700
0.8876619150350459
0.8875056180652512
0.8873422317937728
0.8871716017559517
0.8869935801771470
0.8868080286393853
0.8866148212631249
0.8864138485147411
0.8862050217773324
0.8859882788632387
0.8857635906987028
0.8855309695013248
0.8852904788848404
0.8850422465142231
0.8847864802739954
0.8845234894567034
0.8842537135927441
0.8839777639142581
0.8836964884558145
0.8834110915897242
0.8833107006832115
0.8835931480731797
0.8838714954453660
0.8841445454719816
0.8844114569530317
0.8846716251497814
0.8849246165878710
0.8851701275256396
0.8854079550762014
0.8856379759876030
0.8858601304700813
0.8860744095394811
0.8862808449327382
0.8864795009580071
0.8866704678421179
0.8868538562581594
0.8870297927983044
0.8871984162083523
0.8873598742498690
0.8875143210763392
0.8876619150350445
0.8878028168229380
0.8879371879419833
0.8880651894002084
0.8881869806231703
0.8883027185425415
0.8884125568322877
0.8885166452701894
0.8886151292069077
0.8887081491251074
0.8887958402735591
0.8888783323671137
0.8889557493388228
0.8890282091421409
0.8890958235867658
0.8891586982106127
0.8892169321779906
0.8892706181990925
0.8893198424703060
0.8893646846270279
0.8894052177124151
0.8894415081529484
0.8894736157431473
0.8895015936355422
0.8895254883385267
0.8895453397098526
0.8895611809620563
0.8895730386602122
0.8895809327261198
0.8895848764391647
0.8895848764391647
0.8895809327261198
0.8895730386602122
0.8895611809620563
0.8895453397098526
0.8895254883385267
0.8895015936355422
0.8894736157431473
0.8894415081529484
0.8894052177124162
0.8893646846270279
0.8893198424703060
0.8892706181990925
0.8892169321779906
0.8891586982106127
0.8890958235867658
0.8890282091421409
0.8889557493388228
0.8888783323671137
0.8887958402735591
0.8887081491251074
0.8886151292069077
0.8885166452701894
0.8884125568322877
0.8883027185425415
0.8881869806231703
0.8880651894002084
0.8879371879419833
0.8878028168229380
0.8876619150350454
0.8875143210763392
0.8873598742498690
0.8871984162083523
0.8870297927983044
0.8868538562581594
0.8866704678421179
0.8864795009580078
0.8862808449327382
0.8860744095394811
0.8858601304700813
0.8856379759876142
0.8854079550762014
0.8851701275256396
0.8849246165878710
0.8846716251497814
0.8844114569530317
0.8841445454719816
0.8838714954453660
0.8835931480731797
0.8833107006832115
0.8832059675435322
0.8834852929924750
0.8837605415308407
0.8840305236731623
0.8842944057950162
0.8845515903192581
0.8848016504115634
0.8850442883725332
0.8852793067064701
0.8855065868783819
0.8857260731310989
0.8859377598436149
0.8861416814710216
0.8863379044309727
0.8865265204958146
0.8867076413700845
0.8868813942116809
0.8870479179218804
0.8872073600561506
0.8873598742498690
0.8875056180652542
0.8876447511923029
0.8877774339407790
0.8879038259785684
0.8880240852756248
0.8881383672196581
0.8882468238796498
0.8883496033888978
0.8884468494349254
0.8885387008350688
0.8886252911860376
0.8887067485774393
0.8887831953543193
0.8888547479298043
0.8889215166291607
0.8889836055697420
0.8890411125624336
0.8890941290403362
0.8891427399992149
0.8891870239582550
0.8892270529275779
0.8892628923893745
0.8892946012832685
0.8893222319992951
0.8893458303738381
0.8893654356893572
0.8893810806763295
0.8893927915142711
0.8894005878343076
0.8894044827227681
0.8894044827227681
0.8894005878343076
0.8893927915142711
0.8893810806763295
0.8893654356893572
0.8893458303738381
0.8893222319992951
0.8892946012832685
0.8892628923893745
0.8892270529275779
0.8891870239582550
0.8891427399992149
0.8890941290403362
0.8890411125624336
0.8889836055697420
0.8889215166291612
0.8888547479298043
0.8887831953543193
0.8887067485774393
0.8886252911860376
0.8885387008350688
0.8884468494349254
0.8883496033888978
0.8882468238796498
0.8881383672196581
0.8880240852756248
0.8879038259785684
0.8877774339407790
0.8876447511923029
0.8875056180652542
0.8873598742498690
0.8872073600561506
0.8870479179218804
0.8868813942116809
0.8867076413700845
0.8865265204958146
0.8863379044309727
0.8861416814710216
0.8859377598436149
0.8857260731310989
0.8855065868783819
0.8852793067064701
0.8850442883725332
0.8848016504115634
0.8845515903192581
0.8842944057950124
0.8840305236731623
0.8837605415308407
0.8834852929924750
0.8832059675435322
0.8830968213973149
0.8833728438194393
0.8836448143428678
0.8839115522283105
0.8841722322628971
0.8844262647786112
0.8846732302232646
0.8849128374693455
0.8851448948291318
0.8853692887881589
0.8855859678233828
0.8857949297832333
0.8859962118648401
0.8861898825487347
0.8863760350492400
0.8865547819494072
0.8867262507876500
0.8868905804059983
0.8870479179218804
0.8871984162083523
0.8873422317937710
0.8874795231090684
0.8876104490241836
0.8877351676230842
0.8878538351837650
0.8879666053231650
0.8880736282881432
0.8881750503614168
0.8882710133722327
0.8883616542888105
0.8884471048841135
0.8885274914597090
0.8886029346247177
0.8886735491122087
0.8887394436345983
0.8888007207684785
0.8888574768640307
0.8889098019763479
0.8889577798103737
0.8890014876854683
0.8890409965053224
0.8890763707412306
0.8891076684186302
0.8891349411125922
0.8891582339447041
0.8891775855831179
0.8891930282451291
0.8892045876989703
0.8892122832679196
0.8892161278327698
0.8892161278327698
0.8892122832679196
0.8892045876989700
0.8891930282451291
0.8891775855831179
0.8891582339447041
0.8891349411125922
0.8891076684186302
0.8890763707412306
0.8890409965053224
0.8890014876854683
0.8889577798103737
0.8889098019763479
0.8888574768640307
0.8888007207684785
0.8887394436345983
0.8886735491122087
0.8886029346247177
0.8885274914597090
0.8884471048841135
0.8883616542888105
0.8882710133722327
0.8881750503614168
0.8880736282881432
0.8879666053231650
0.8878538351837650
0.8877351676230842
0.8876104490241836
0.8874795231090684
0.8873422317937710
0.8871984162083523
0.8870479179218804
0.8868905804059983
0.8867262507876500
0.8865547819494072
0.8863760350492400
0.8861898825487347
0.8859962118648401
0.8857949297832333
0.8855859678233828
0.8853692887881589
0.8851448948291318
0.8849128374693455
0.8846732302232646
0.8844262647786112
0.8841722322628971
0.8839115522283105
0.8836448143428678
0.8833728438194393
0.8830968213973149
0.8829831957667084
0.8832557249469143
0.8835242293625789
0.8837875380538358
0.8840448351657316
0.8842955397730315
0.8845392403120595
0.8847756527965973
0.8850045917791531
0.8852259490673979
0.8854396775542830
0.8856457786317026
0.8858442922219186
0.8860352887762541
0.8862188627960560
0.8863951275431768
0.8865642106992688
0.8867262507876500
0.8868813942116809
0.8870297927983045
0.8871716017559517
0.8873069779731093
0.8874360786007938
0.8875590598709225
0.8876760761106705
0.8877872789200211
0.8878928164883673
0.8879928330278539
0.8880874683011549
0.8881768572330027
0.8882611295901877
0.8883404097200598
0.8884148163365753
0.8884844623484771
0.8885494547218566
0.8886098943702843
0.8886658760708011
0.8887174883967400
0.8887648136703382
0.8888079279264298
0.8888469008860933
0.8888817959415192
0.8889126701447728
0.8889395742034018
0.8889625524782951
0.8889816429849250
0.8889968773958952
0.8890082810433545
0.8890158729233822
0.8890196656980549
0.8890196656980549
0.8890158729233822
0.8890082810433545
0.8889968773958952
0.8889816429849250
0.8889625524782960
0.8889395742034018
0.8889126701447728
0.8888817959415192
0.8888469008860933
0.8888079279264289
0.8887648136703382
0.8887174883967400
0.8886658760708011
0.8886098943702843
0.8885494547218566
0.8884844623484771
0.8884148163365753
0.8883404097200598
0.8882611295901877
0.8881768572330027
0.8880874683011549
0.8879928330278539
0.8878928164883673
0.8877872789200211
0.8876760761106705
0.8875590598709225
0.8874360786007938
0.8873069779731093
0.8871716017559517
0.8870297927983044
0.8868813942116809
0.8867262507876500
0.8865642106992688
0.8863951275431768
0.8862188627960560
0.8860352887762541
0.8858442922219186
0.8856457786317026
0.8854396775542830
0.8852259490673979
0.8850045917791531
0.8847756527965973
0.8845392403120595
0.8842955397730315
0.8840448351657316
0.8837875380538358
0.8835242293625789
0.8832557249469143
0.8829831957667084
0.8828650297453208
0.8831338658059532
0.8833987066179279
0.8836583921847877
0.8839121170842436
0.8841593100666574
0.8843995683314162
0.8846326156396429
0.8848582732277845
0.8850764385134774
0.8852870689548392
0.8854901695180694
0.8856857827795430
0.8858739810105185
0.8860548597856839
0.8862285327855037
0.8863951275431768
0.8865547819494072
0.8867076413700842
0.8868538562581594
0.8869935801771469
0.8871269681548075
0.8872541753164054
0.8873753557459430
0.8874906615381821
0.8876002420093734
0.8877042430425929
0.8878028065426543
0.8878960699866020
0.8879841660508651
0.8880672223067315
0.8881453609699964
0.8882186986983051
0.8882873464258565
0.8883514092349016
0.8884109862505483
0.8884661705602273
0.8885170491524897
0.8885637028705013
0.8886062063787591
0.8886446281393952
0.8886790303967202
0.8887094691691009
0.8887359942426591
0.8887586491722974
0.8887774712821251
0.8887924916673784
0.8888037351996465
0.8888112205283202
0.8888149600854097
0.8888149600854097
0.8888112205283202
0.8888037351996465
0.8887924916673784
0.8887774712821251
0.8887586491722974
0.8887359942426591
0.8887094691691009
0.8886790303967202
0.8886446281393952
0.8886062063787591
0.8885637028705013
0.8885170491524897
0.8884661705602273
0.8884109862505483
0.8883514092349016
0.8882873464258565
0.8882186986983051
0.8881453609699964
0.8880672223067315
0.8879841660508651
0.8878960699866020
0.8878028065426543
0.8877042430425929
0.8876002420093734
0.8874906615381821
0.8873753557459430
0.8872541753164054
0.8871269681548075
0.8869935801771470
0.8868538562581594
0.8867076413700845
0.8865547819494072
0.8863951275431768
0.8862285327855037
0.8860548597856839
0.8858739810105185
0.8856857827795430
0.8854901695180694
0.8852870689548392
0.8850764385134774
0.8848582732277845
0.8846326156396429
0.8843995683314162
0.8841593100666574
0.8839121170842436
0.8836583921847877
0.8833987066179279
0.8831338658059532
0.8828650297453208
0.8827422694858194
0.8830072023278664
0.8832681721291537
0.8835240312219353
0.8837739858401230
0.8840174754538465
0.8842541068698245
0.8844836122373775
0.8847058199181067
0.8849206332015530
0.8851280142125536
0.8853279714598954
0.8855205500345972
0.8857058238037384
0.8858838891310240
0.8860548597856839
0.8862188627960560
0.8863760350492400
0.8865265204958146
0.8866704678421179
0.8868080286393853
0.8869393557020270
0.8870646017911550
0.8871839185212658
0.8872974554513606
0.8874053593302003
0.8875077734668561
0.8876048372115597
0.8876966855246381
0.8877834486214383
0.8878652516795927
0.8879422146023080
0.8880144518223789
0.8880820721471110
0.8881451786343496
0.8882038684905644
0.8882582329982897
0.8883083574540797
0.8883543211263579
0.8883961972224523
0.8884340528685938
0.8884679490917279
0.8884979408146847
0.8885240768500144
0.8885463999005869
0.8885649465596690
0.8885797473148750
0.8885908265500853
0.8885982025500593
0.8886018875034895
0.8886018875034895
0.8885982025500593
0.8885908265500853
0.8885797473148750
0.8885649465596690
0.8885463999005869
0.8885240768500144
0.8884979408146847
0.8884679490917279
0.8884340528685938
0.8883961972224523
0.8883543211263579
0.8883083574540797
0.8882582329982904
0.8882038684905644
0.8881451786343496
0.8880820721471110
0.8880144518223789
0.8879422146023080
0.8878652516795927
0.8877834486214383
0.8876966855246381
0.8876048372115597
0.8875077734668561
0.8874053593302003
0.8872974554513606
0.8871839185212658
0.8870646017911550
0.8869393557020270
0.8868080286393853
0.8866704678421179
0.8865265204958146
0.8863760350492400
0.8862188627960560
0.8860548597856839
0.8858838891310240
0.8857058238037384
0.8855205500345972
0.8853279714598954
0.8851280142125536
0.8849206332015530
0.8847058199181067
0.8844836122373775
0.8842541068698245
0.8840174754538465
0.8837739858401206
0.8835240312219353
0.8832681721291537
0.8830072023278664
0.8827422694858194
0.8826148699350953
0.8828756786520003
0.8831325596057824
0.8833843790396212
0.8836303562391851
0.8838699425629332
0.8841027553411553
0.8843285357744977
0.8845471197751023
0.8847584167176242
0.8849623934269872
0.8851590618396713
0.8853484693343925
0.8855306910621501
0.8857058238037384
0.8858739810105185
0.8860352887762541
0.8861898825487355
0.8863379044309725
0.8864795009580078
0.8866148212631249
0.8867440155570432
0.8868672338686044
0.8869846249963834
0.8870963356403957
0.8872025096787476
0.8873032875664094
0.8873988058397836
0.8874891967023822
0.8875745876869969
0.8876551013758612
0.8877308551713528
0.8878019611118064
0.8878685257207617
0.8879306498879870
0.8879884287736978
0.8880419517356137
0.8880913022718793
0.8881365579796795
0.8881777905229221
0.8882150656125697
0.8882484429910034
0.8882779764245137
0.8883037136987862
0.8883256966188671
0.8883439610088223
0.8883585367161630
0.8883694476131566
0.8883767116009583
0.8883803406121060
0.8883803406121060
0.8883767116009583
0.8883694476131566
0.8883585367161630
0.8883439610088223
0.8883256966188671
0.8883037136987862
0.8882779764245137
0.8882484429910034
0.8882150656125697
0.8881777905229221
0.8881365579796795
0.8880913022718793
0.8880419517356137
0.8879884287736978
0.8879306498879870
0.8878685257207617
0.8878019611118052
0.8877308551713528
0.8876551013758612
0.8875745876869969
0.8874891967023822
0.8873988058397836
0.8873032875664094
0.8872025096787476
0.8870963356403957
0.8869846249963834
0.8868672338686044
0.8867440155570432
0.8866148212631249
0.8864795009580078
0.8863379044309725
0.8861898825487355
0.8860352887762541
0.8858739810105185
0.8857058238037384
0.8855306910621501
0.8853484693343925
0.8851590618396713
0.8849623934269872
0.8847584167176242
0.8845471197751023
0.8843285357744988
0.8841027553411553
0.8838699425629332
0.8836303562391851
0.8833843790396212
0.8831325596057824
0.8828756786520003
0.8826148699350953
0.8824827968649833
0.8827392491336886
0.8829918124495257
0.8832393688105554
0.8834811521550475
0.8837166270305082
0.8839454222743663
0.8841672888095106
0.8843820704830792
0.8845896828912673
0.8847900974949232
0.8849833294365260
0.8851694280442233
0.8853484693343925
0.8855205500345952
0.8856857827795430
0.8858442922219186
0.8859962118648401
0.8861416814710218
0.8862808449327370
0.8864138485147411
0.8865408394007949
0.8866619644906486
0.8867773693976458
0.8868871976190693
0.8869915898455168
0.8870906833863820
0.8871846116935498
0.8872735039683424
0.8873574848337979
0.8874366740678715
0.8875111863843708
0.8875811312536540
0.8876466127573471
0.8877077294741561
0.8877645743869492
0.8878172348110918
0.8878657923400330
0.8879103228029080
0.8879508962338103
0.8879875768526606
0.8880204230473387
0.8880494873683811
0.8880748165222341
0.8880964513701375
0.8881144269306288
0.8881287723783837
0.8881395110498778
0.8881466604438414
0.8881502322249041
0.8881502322249041
0.8881466604438414
0.8881395110498778
0.8881287723783837
0.8881144269306288
0.8880964513701375
0.8880748165222396
0.8880494873683811
0.8880204230473387
0.8879875768526606
0.8879508962338103
0.8879103228029080
0.8878657923400330
0.8878172348110918
0.8877645743869492
0.8877077294741561
0.8876466127573471
0.8875811312536540
0.8875111863843708
0.8874366740678715
0.8873574848337979
0.8872735039683424
0.8871846116935498
0.8870906833863820
0.8869915898455168
0.8868871976190693
0.8867773693976458
0.8866619644906486
0.8865408394007949
0.8864138485147411
0.8862808449327370
0.8861416814710218
0.8859962118648401
0.8858442922219186
0.8856857827795430
0.8855205500345972
0.8853484693343925
0.8851694280442233
0.8849833294365260
0.8847900974949232
0.8845896828912673
0.8843820704830792
0.8841672888095106
0.8839454222743663
0.8837166270305082
0.8834811521550475
0.8832393688105554
0.8829918124495257
0.8827392491336886
0.8824827968649833
0.8823460292723454
0.8825978807176754
0.8828458861301768
0.8830889454274798
0.8833263090356097
0.8835574561374349
0.8837820281142952
0.8839997862598451
0.8842105826643253
0.8844143391682830
0.8846110316705724
0.8848006781590900
0.8849833294365260
0.8851590618396713
0.8853279714598954
0.8854901695180694
0.8856457786317026
0.8857949297832333
0.8859377598436149
0.8860744095394811
0.8862050217773324
0.8863297402591984
0.8864487083317538
0.8865620680336714
0.8866699593010222
0.8867725193073885
0.8868698819142765
0.8869621772142080
0.8870495311525082
0.8871320652134770
0.8872098961626073
0.8872831358330772
0.8873518909534756
0.8874162630064849
0.8874763481160524
0.8875322369589881
0.8875840146910372
0.8876317608952018
0.8876755495378179
0.8877154489384833
0.8877515217495663
0.8877838249383497
0.8878124097799088
0.8878373218499295
0.8878586010229039
0.8878762814730570
0.8878903916731525
0.8879009543988706
0.8879079867287458
0.8879115000476058
0.8879115000476058
0.8879079867287458
0.8879009543988706
0.8878903916731522
0.8878762814730570
0.8878586010229039
0.8878373218499295
0.8878124097799088
0.8877838249383497
0.8877515217495663
0.8877154489384833
0.8876755495378179
0.8876317608952018
0.8875840146910372
0.8875322369589881
0.8874763481160524
0.8874162630064849
0.8873518909534756
0.8872831358330772
0.8872098961626073
0.8871320652134770
0.8870495311525082
0.8869621772142080
0.8868698819142765
0.8867725193073885
0.8866699593010222
0.8865620680336714
0.8864487083317538
0.8863297402591984
0.8862050217773324
0.8860744095394811
0.8859377598436149
0.8857949297832333
0.8856457786317026
0.8854901695180694
0.8853279714598954
0.8851590618396713
0.8849833294365260
0.8848006781590900
0.8846110316705724
0.8844143391682830
0.8842105826643253
0.8839997862598451
0.8837820281142952
0.8835574561374349
0.8833263090356097
0.8830889454274798
0.8828458861301767
0.8825978807176754
0.8823460292723454
0.8822045622209794
0.8824515557587989
0.8826947510256576
0.8829330684162477
0.8831657769538603
0.8833923720459711
0.8836125086810972
0.8838259591076016
0.8840325838348450
0.8842323108086283
0.8844251199887756
0.8846110316705724
0.8847900974949232
0.8849623934269861
0.8851280142125536
0.8852870689548392
0.8854396775542824
0.8855859678233828
0.8857260731310989
0.8858601304700812
0.8859882788632387
0.8861106580447022
0.8862274073660550
0.8863386648837249
0.8864445666018304
0.8865452458393830
0.8866408327018489
0.8867314536436125
0.8868172311001860
0.8868982831858697
0.8869747234431639
0.8870466606360156
0.8871141985788498
0.8871774359994679
0.8872364664271039
0.8872913781039981
0.8873422539114865
0.8873891713189737
0.8874322023369223
0.8874714134886276
0.8875068657840040
0.8875386147054846
0.8875667101946775
0.8875911966466952
0.8876121129072041
0.8876294922691820
0.8876433624742821
0.8876537457136241
0.8876606586285328
0.8876641123128852
0.8876641123128852
0.8876606586285328
0.8876537457136241
0.8876433624742821
0.8876294922691820
0.8876121129072041
0.8875911966466952
0.8875667101946775
0.8875386147054846
0.8875068657840040
0.8874714134886276
0.8874322023369223
0.8873891713189737
0.8873422539114865
0.8872913781039981
0.8872364664271039
0.8871774359994679
0.8871141985788498
0.8870466606360156
0.8869747234431639
0.8868982831858697
0.8868172311001860
0.8867314536436125
0.8866408327018481
0.8865452458393830
0.8864445666018304
0.8863386648837249
0.8862274073660550
0.8861106580447022
0.8859882788632387
0.8858601304700812
0.8857260731310989
0.8855859678233828
0.8854396775542824
0.8852870689548392
0.8851280142125536
0.8849623934269861
0.8847900974949232
0.8846110316705724
0.8844251199887756
0.8842323108086283
0.8840325838348450
0.8838259591076016
0.8836125086810972
0.8833923720459711
0.8831657769538603
0.8829330684162477
0.8826947510256576
0.8824515557587989
0.8822045622209794
0.8820584102472344
0.8823002754110805
0.8825383958538165
0.8827717154910520
0.8829995243646491
0.8832213358243767
0.8834368195053253
0.8836457590569367
0.8838480233839218
0.8840435461639504
0.8842323108086283
0.8844143391682830
0.8845896828912673
0.8847584167176242
0.8849206332015530
0.8850764385134725
0.8852259490673979
0.8853692887881589
0.8855065868783819
0.8856379759876142
0.8857635906987034
0.8858835662711526
0.8859980376006789
0.8861071383449083
0.8862110001982652
0.8863097522831711
0.8864035206402673
0.8864924278049331
0.8865765924507576
0.8866561290935371
0.8867311478469613
0.8868017542175074
0.8868680489377151
0.8869301278281737
0.8869880816854484
0.8870419961936756
0.8870919518493404
0.8871380239068238
0.8871802823326067
0.8872187917720377
0.8872536115232711
0.8872847955189984
0.8873123923135274
0.8873364450740777
0.8873569915750457
0.8873740641946019
0.8873876899149915
0.8873978903201684
0.8874046815976522
0.8874080745388047
0.8874080745388047
0.8874046815976522
0.8873978903201684
0.8873876899149915
0.8873740641946019
0.8873569915750457
0.8873364450740777
0.8873123923135274
0.8872847955189984
0.8872536115232711
0.8872187917720377
0.8871802823326067
0.8871380239068238
0.8870919518493404
0.8870419961936756
0.8869880816854484
0.8869301278281737
0.8868680489377151
0.8868017542175074
0.8867311478469613
0.8866561290935371
0.8865765924507576
0.8864924278049331
0.8864035206402673
0.8863097522831708
0.8862110001982652
0.8861071383449083
0.8859980376006789
0.8858835662711526
0.8857635906987034
0.8856379759876142
0.8855065868783819
0.8853692887881589
0.8852259490673979
0.8850764385134725
0.8849206332015530
0.8847584167176242
0.8845896828912673
0.8844143391682830
0.8842323108086283
0.8840435461639504
0.8838480233839218
0.8836457590569367
0.8834368195053253
0.8832213358243767
0.8829995243646491
0.8827717154910520
0.8825383958538165
0.8823002754110805
0.8820584102472344
0.8819076114746712
0.8821440637370260
0.8823768318643610
0.8826048869468890
0.8828275428049800
0.8830443325354302
0.8832549413420658
0.8834591644797777
0.8836568789193824
0.8838480233839218
0.8840325838348450
0.8842105826643236
0.8843820704830792
0.8845471197751023
0.8847058199181067
0.8848582732277845
0.8850045917791531
0.8851448948291318
0.8852793067064701
0.8854079550762014
0.8855309695013248
0.8856484802480624
0.8857606172858361
0.8858675094525610
0.8859692837539990
0.8860660647758088
0.8861579741872369
0.8862451303297123
0.8863276478662062
0.8864056374918904
0.8864792056898044
0.8865484545285862
0.8866134814952701
0.8866743793568019
0.8867312360455913
0.8867841345681244
0.8868331529293338
0.8868783640734267
0.8869198358366553
0.8869576309110214
0.8869918068147834
0.8870224158713166
0.8870495051958063
0.8870731166811855
0.8870932869919156
0.8871100475596865
0.8871234245788098
0.8871334390057223
0.8871401065586979
0.8871434377152745
0.8871434377152745
0.8871401065586979
0.8871334390057223
0.8871234245788098
0.8871100475596865
0.8870932869919156
0.8870731166811855
0.8870495051958063
0.8870224158713166
0.8869918068147834
0.8869576309110214
0.8869198358366553
0.8868783640734267
0.8868331529293338
0.8867841345681244
0.8867312360455913
0.8866743793568019
0.8866134814952701
0.8865484545285862
0.8864792056898044
0.8864056374918904
0.8863276478662062
0.8862451303297123
0.8861579741872369
0.8860660647758088
0.8859692837539990
0.8858675094525610
0.8857606172858357
0.8856484802480624
0.8855309695013248
0.8854079550762014
0.8852793067064701
0.8851448948291318
0.8850045917791531
0.8848582732277845
0.8847058199181067
0.8845471197751023
0.8843820704830792
0.8842105826643253
0.8840325838348450
0.8838480233839218
0.8836568789193824
0.8834591644797777
0.8832549413420658
0.8830443325354302
0.8828275428049800
0.8826048869468890
0.8823768318643610
0.8821440637370260
0.8819076114746712
0.8817522326562404
0.8819829727619013
0.8822100980486320
0.8824326111926722
0.8826498529020013
0.8828613778042884
0.8830668873244009
0.8832661881252265
0.8834591644797777
0.8836457590569367
0.8838259591076016
0.8839997862598451
0.8841672888095106
0.8843285357744988
0.8844836122373775
0.8846326156396429
0.8847756527965973
0.8849128374693455
0.8850442883725332
0.8851701275256396
0.8852904788848389
0.8854054671950378
0.8855152170329205
0.8856198519995897
0.8857194940390204
0.8858142628660136
0.8859042754824140
0.8859896457679549
0.8860704841365715
0.8861468972475354
0.8862189877618615
0.8862868541374060
0.8863505904611806
0.8864102863059510
0.8864660266156863
0.8865178916067737
0.8865659566913590
0.8866102924147352
0.8866509644021189
0.8866880333196856
0.8867215548426077
0.8867515796299696
0.8867781533073426
0.8868013164515651
0.8868211045814869
0.8868375481500115
0.8868506725395612
0.8868604980599394
0.8868670399433497
0.8868703083461028
0.8868703083461028
0.8868670399433497
0.8868604980599394
0.8868506725395612
0.8868375481500115
0.8868211045814869
0.8868013164515651
0.8867781533073426
0.8867515796299696
0.8867215548426077
0.8866880333196856
0.8866509644021189
0.8866102924147352
0.8865659566913590
0.8865178916067737
0.8864660266156863
0.8864102863059510
0.8863505904611806
0.8862868541374060
0.8862189877618615
0.8861468972475354
0.8860704841365715
0.8859896457679549
0.8859042754824140
0.8858142628660136
0.8857194940390204
0.8856198519995890
0.8855152170329205
0.8854054671950378
0.8852904788848389
0.8851701275256396
0.8850442883725332
0.8849128374693455
0.8847756527965973
0.8846326156396429
0.8844836122373775
0.8843285357744988
0.8841672888095106
0.8839997862598451
0.8838259591076016
0.8836457590569367
0.8834591644797777
0.8832661881252265
0.8830668873244009
0.8828613778042884
0.8826498529020005
0.8824326111926722
0.8822100980486320
0.8819829727619013
0.8817522326562404
0.8815923754530542
0.8818170888004797
0.8820382677456828
0.8822549518999248
0.8824665122502263
0.8826725265086460
0.8828727124498519
0.8830668873244009
0.8832549413420661
0.8834368195053253
0.8836125086810968
0.8837820281142952
0.8839454222743663
0.8841027553411553
0.8842541068698246
0.8843995683314162
0.8845392403120590
0.8846732302232646
0.8848016504115634
0.8849246165878710
0.8850422465142231
0.8851546588996420
0.8852619724711144
0.8853643051868102
0.8854617735713295
0.8855544921503911
0.8856425729728226
0.8857261252045798
0.8858052547855479
0.8858800641370422
0.8859506519164806
0.8860171128105383
0.8860795373604035
0.8861380118161978
0.8861926180153639
0.8862434332808790
0.8862905303395578
0.8863339772526205
0.8863738373605741
0.8864101692381018
0.8864430266581105
0.8864724585639603
0.8864985090464533
0.8865212173272807
0.8865406177454607
0.8865567397481056
0.8865696078821468
0.8865792417915210
0.8865856562099923
0.8865888609631118
0.8865888609631118
0.8865856562099923
0.8865792417915210
0.8865696078821468
0.8865567397481056
0.8865406177454607
0.8865212173272807
0.8864985090464533
0.8864724585639603
0.8864430266581105
0.8864101692381018
0.8863738373605741
0.8863339772526205
0.8862905303395578
0.8862434332808790
0.8861926180153639
0.8861380118161978
0.8860795373604035
0.8860171128105383
0.8859506519164806
0.8858800641370422
0.8858052547855479
0.8857261252045798
0.8856425729728226
0.8855544921503911
0.8854617735713295
0.8853643051868102
0.8852619724711144
0.8851546588996420
0.8850422465142231
0.8849246165878710
0.8848016504115634
0.8846732302232646
0.8845392403120590
0.8843995683314162
0.8842541068698246
0.8841027553411553
0.8839454222743663
0.8837820281142952
0.8836125086810968
0.8834368195053253
0.8832549413420661
0.8830668873244009
0.8828727124498519
0.8826725265086460
0.8824665122502263
0.8822549518999248
0.8820382677456828
0.8818170888004797
0.8815923754530542
0.8814281844225416
0.8816465405702317
0.8818614572747431
0.8820720175461794
0.8822776260971796
0.8824778846399635
0.8826725265086460
0.8828613778042884
0.8830443325354302
0.8832213358243767
0.8833923720459711
0.8835574561374349
0.8837166270305082
0.8838699425629332
0.8840174754538465
0.8841593100666574
0.8842955397730315
0.8844262647786112
0.8845515903192581
0.8846716251497814
0.8847864802739954
0.8848962678703761
0.8850011003821370
0.8851010897435767
0.8851963467229672
0.8852869803589611
0.8853730974855998
0.8854548023197047
0.8855321961183056
0.8856053768799579
0.8856744390933470
0.8857394735250843
0.8858005670386010
0.8858578024426570
0.8859112583625182
0.8859610091334126
0.8860071247112026
0.8860496705982703
0.8860887077822239
0.8861242926864089
0.8861564771290231
0.8861853082903810
0.8862108286858511
0.8862330761465849
0.8862520838013883
0.8862678800661593
0.8862804886317682
0.8862899284591738
0.8862962137736162
0.8862993540589061
0.8862993540589061
0.8862962137736162
0.8862899284591738
0.8862804886317682
0.8862678800661593
0.8862520838013883
0.8862330761465849
0.8862108286858511
0.8861853082903810
0.8861564771290231
0.8861242926864089
0.8860887077822239
0.8860496705982703
0.8860071247112026
0.8859610091334126
0.8859112583625182
0.8858578024426570
0.8858005670386010
0.8857394735250843
0.8856744390933470
0.8856053768799579
0.8855321961183056
0.8854548023197047
0.8853730974855998
0.8852869803589611
0.8851963467229672
0.8851010897435767
0.8850011003821370
0.8848962678703761
0.8847864802739954
0.8846716251497814
0.8845515903192581
0.8844262647786112
0.8842955397730315
0.8841593100666574
0.8840174754538465
0.8838699425629332
0.8837166270305082
0.8835574561374349
0.8833923720459711
0.8832213358243767
0.8830443325354302
0.8828613778042884
0.8826725265086460
0.8824778846399635
0.8822776260971796
0.8820720175461794
0.8818614572747431
0.8816465405702317
0.8814281844225416
0.8812598574783230
0.8814715099323441
0.8816798376723131
0.8818839747409701
0.8820833624676971
0.8822776260971796
0.8824665122502263
0.8826498529020005
0.8828275428049800
0.8829995243646491
0.8831657769538603
0.8833263090356097
0.8834811521550475
0.8836303562391851
0.8837739858401230
0.8839121170842436
0.8840448351657316
0.8841722322628971
0.8842944057950161
0.8844114569530317
0.8845234894567034
0.8846306084967289
0.8847329198353896
0.8848305290355531
0.8849235408023565
0.8850120584205987
0.8850961832687485
0.8851760144076153
0.8852516482235778
0.8853231781262301
0.8853906942880846
0.8854542834243081
0.8855140286032563
0.8855700090867840
0.8856223001944252
0.8856709731895868
0.8857160951817078
0.8857577290478111
0.8857959333634043
0.8858307623474997
0.8858622658159629
0.8858904891449926
0.8859154732392339
0.8859372545074757
0.8859558648423544
0.8859713316047825
0.8859836776121565
0.8859929211285459
0.8859990758571222
0.8860021509365935
0.8860021509365935
0.8859990758571222
0.8859929211285459
0.8859836776121565
0.8859713316047825
0.8859558648423544
0.8859372545074757
0.8859154732392339
0.8858904891449926
0.8858622658159629
0.8858307623474997
0.8857959333634043
0.8857577290478111
0.8857160951817078
0.8856709731895868
0.8856223001944252
0.8855700090867840
0.8855140286032563
0.8854542834243081
0.8853906942880846
0.8853231781262301
0.8852516482235778
0.8851760144076153
0.8850961832687485
0.8850120584205987
0.8849235408023565
0.8848305290355531
0.8847329198353896
0.8846306084967289
0.8845234894567034
0.8844114569530317
0.8842944057950161
0.8841722322628971
0.8840448351657316
0.8839121170842436
0.8837739858401230
0.8836303562391851
0.8834811521550475
0.8833263090356097
0.8831657769538603
0.8829995243646491
0.8828275428049800
0.8826498529020005
0.8824665122502263
0.8822776260971796
0.8820833624676971
0.8818839747409701
0.8816798376723131
0.8814715099323441
0.8812598574783230
0.8810876601361030
0.8812922468099280
0.8814936516434528
0.8816910680090322
0.8818839747409701
0.8820720175461794
0.8822549518999248
0.8824326111926694
0.8826048869468873
0.8827717154910520
0.8829330684162477
0.8830889454274798
0.8832393688105554
0.8833843790396212
0.8835240312219353
0.8836583921847876
0.8837875380538358
0.8839115522283105
0.8840305236731623
0.8841445454719816
0.8842537135927441
0.8843581258362661
0.8844578809339613
0.8845530777722245
0.8846438147293740
0.8847301891002183
0.8848122966051787
0.8848902309649151
0.8849640835359323
0.8850339429963043
0.8850998950757956
0.8851620223244799
0.8852204039151872
0.8852751154727202
0.8853262289300466
0.8853738124074687
0.8854179301045928
0.8854586422145130
0.8854960048500061
0.8855300699806510
0.8855608853804502
0.8855884945861024
0.8856129368600418
0.8856342471623563
0.8856524561260772
0.8856675900395982
0.8856796708297620
0.8856887160514741
0.8856947388770007
0.8856977480932313
0.8856977480932313
0.8856947388770007
0.8856887160514741
0.8856796708297620
0.8856675900395982
0.8856524561260772
0.8856342471623563
0.8856129368600418
0.8855884945861024
0.8855608853804502
0.8855300699806510
0.8854960048500061
0.8854586422145130
0.8854179301045928
0.8853738124074687
0.8853262289300466
0.8852751154727202
0.8852204039151872
0.8851620223244799
0.8850998950757956
0.8850339429963043
0.8849640835359323
0.8848902309649151
0.8848122966051787
0.8847301891002183
0.8846438147293740
0.8845530777722245
0.8844578809339613
0.8843581258362661
0.8842537135927441
0.8841445454719816
0.8840305236731623
0.8839115522283105
0.8837875380538358
0.8836583921847876
0.8835240312219353
0.8833843790396212
0.8832393688105554
0.8830889454274798
0.8829330684162477
0.8827717154910520
0.8826048869468873
0.8824326111926694
0.8822549518999248
0.8820720175461794
0.8818839747409701
0.8816910680090322
0.8814936516434528
0.8812922468099280
0.8810876601361030
0.8809119460644469
0.8811090914950597
0.8813032403066066
0.8814936516434528
0.8816798376723131
0.8818614572747431
0.8820382677456828
0.8822100980486320
0.8823768318643610
0.8825383958538143
0.8826947510256576
0.8828458861301768
0.8829918124495257
0.8831325596057595
0.8832681721291537
0.8833987066179279
0.8835242293625789
0.8836448143428678
0.8837605415308407
0.8838714954453660
0.8839777639142581
0.8840794370137547
0.8841766061555738
0.8842693633006385
0.8843578002795115
0.8844420082079760
0.8845220769791297
0.8845980948260925
0.8846701479437348
0.8847383201624865
0.8848026926654569
0.8848633437465365
0.8849203485996381
0.8849737791396273
0.8850237038489610
0.8850701876437199
0.8851132917617099
0.8851530736666321
0.8851895869662418
0.8852228813434361
0.8852530024978946
0.8852799920976631
0.8853038877381874
0.8853247229087577
0.8853425269647075
0.8853573251046856
0.8853691383535285
0.8853779835455257
0.8853838733167240
0.8853868160948092
0.8853868160948092
0.8853838733167240
0.8853779835455257
0.8853691383535285
0.8853573251046856
0.8853425269647075
0.8853247229087577
0.8853038877381874
0.8852799920976631
0.8852530024978946
0.8852228813434361
0.8851895869662418
0.8851530736666321
0.8851132917617099
0.8850701876437199
0.8850237038489610
0.8849737791396275
0.8849203485996381
0.8848633437465365
0.8848026926654569
0.8847383201624865
0.8846701479437348
0.8845980948260925
0.8845220769791297
0.8844420082079760
0.8843578002795115
0.8842693633006385
0.8841766061555738
0.8840794370137547
0.8839777639142581
0.8838714954453660
0.8837605415308407
0.8836448143428678
0.8835242293625789
0.8833987066179279
0.8832681721291537
0.8831325596057595
0.8829918124495257
0.8828458861301768
0.8826947510256576
0.8825383958538143
0.8823768318643610
0.8822100980486320
0.8820382677456828
0.8818614572747431
0.8816798376723131
0.8814936516434528
0.8813032403066066
0.8811090914950597
0.8809119460644469
0.8807331894931366
0.8809225125741256
0.8811090914950597
0.8812922468099280
0.8814715099323441
0.8816465405702317
0.8818170888004797
0.8819829727619013
0.8821440637370260
0.8823002754110805
0.8824515557587989
0.8825978807176754
0.8827392491336886
0.8828756786520003
0.8830072023278636
0.8831338658059532
0.8832557249469155
0.8833728438194393
0.8834852929924750
0.8835931480731797
0.8836964884558145
0.8837953962389873
0.8838899552980807
0.8839802504794575
0.8840663669038662
0.8841483893626291
0.8842264017959512
0.8843004868382829
0.8843707254241882
0.8844371964489632
0.8844999764711159
0.8845591394583605
0.8846147565642292
0.8846668959388937
0.8847156225622503
0.8847609981038584
0.8848030807995467
0.8848419253478381
0.8848775828194533
0.8849101005829800
0.8849395222379625
0.8849658875617480
0.8849892324642729
0.8850095889466080
0.8850269850719656
0.8850414449382789
0.8850529886560741
0.8850616323340845
0.8850673880636871
0.8850702639112097
0.8850702639112097
0.8850673880636871
0.8850616323340845
0.8850529886560741
0.8850414449382789
0.8850269850719656
0.8850095889466080
0.8849892324642730
0.8849658875617480
0.8849395222379625
0.8849101005829800
0.8848775828194533
0.8848419253478381
0.8848030807995467
0.8847609981038584
0.8847156225622503
0.8846668959388937
0.8846147565642292
0.8845591394583655
0.8844999764711159
0.8844371964489632
0.8843707254241882
0.8843004868382829
0.8842264017959512
0.8841483893626291
0.8840663669038662
0.8839802504794575
0.8838899552980807
0.8837953962389873
0.8836964884558145
0.8835931480731797
0.8834852929924750
0.8833728438194393
0.8832557249469155
0.8831338658059532
0.8830072023278636
0.8828756786520003
0.8827392491336886
0.8825978807176754
0.8824515557587989
0.8823002754110805
0.8821440637370260
0.8819829727619013
0.8818170888004797
0.8816465405702317
0.8814715099323441
0.8812922468099280
0.8811090914950597
0.8809225125741256
0.8807331894931366
0.8805520450476523
0.8807331894931366
0.8809119460644469
0.8810876601361030
0.8812598574783230
0.8814281844225416
0.8815923754530542
0.8817522326562404
0.8819076114746716
0.8820584102472344
0.8822045622209794
0.8823460292723454
0.8824827968649833
0.8826148699350953
0.8827422694858194
0.8828650297453208
0.8829831957667084
0.8830968213973149
0.8832059675435322
0.8833107006832115
0.8834110915897242
0.8835072142266901
0.8835991447955011
0.8836869609078364
0.8837707408710106
0.8838505630607858
0.8839265053831969
0.8839986448022729
0.8840670569294402
0.8841318156671526
0.8841929928997675
0.8842506582221775
0.8843048787077659
0.8843557187042114
0.8844032396570625
0.8844474999591846
0.8844885548177380
0.8845264561415401
0.8845612524439423
0.8845929887593492
0.8846217065706583
0.8846474437502112
0.8846702345064740
0.8846901093435279
0.8847070950213743
0.8847212145283373
0.8847324870556698
0.8847409279792634
0.8847465488427168
0.8847493573479719
0.8847493573479719
0.8847465488427168
0.8847409279792634
0.8847324870556698
0.8847212145283373
0.8847070950213743
0.8846901093435279
0.8846702345064740
0.8846474437502112
0.8846217065706583
0.8845929887593492
0.8845612524439423
0.8845264561415335
0.8844885548177380
0.8844474999591846
0.8844032396570625
0.8843557187042114
0.8843048787077659
0.8842506582221775
0.8841929928997675
0.8841318156671526
0.8840670569294402
0.8839986448022729
0.8839265053831969
0.8838505630607858
0.8837707408710106
0.8836869609078364
0.8835991447955011
0.8835072142266901
0.8834110915897242
0.8833107006832115
0.8832059675435322
0.8830968213973149
0.8829831957667084
0.8828650297453208
0.8827422694858194
0.8826148699350953
0.8824827968649833
0.8823460292723454
0.8822045622209794
0.8820584102472344
0.8819076114746716
0.8817522326562404
0.8815923754530542
0.8814281844225416
0.8812598574783230
0.8810876601361030
0.8809119460644469
0.8807331894931366
0.8805520450476523
