RW,Z
0.0486349712458982,12.3367374591332979
0.0486654234681078
0.0486950006097328
0.0487234977131529
0.0487507889683123
0.0487767985892759
0.0488014850808123
0.0488248313662005
0.0488468380608158
0.0488675186498176
0.0488868959126280
0.0489049992095217
0.0489218623886518
0.0489375221524929
0.0489520167727681
0.0489653850736986
0.0489776656248318
0.0489888960990352
0.0489991127618651
0.0490083500655795
0.0490166403271920
0.0490240134738622
0.0490304968425573
0.0490361150230481
0.0490408897358296
0.0490448397382241
0.0490479807525548
0.0490503254127397
0.0490518832251092
0.0490526605413163
0.0490526605413163
0.0490518832251092
0.0490503254127397
0.0490479807525548
0.0490448397382241
0.0490408897358296
0.0490361150230480
0.0490304968425573
0.0490240134738629
0.0490166403271920
0.0490083500655795
0.0489991127618651
0.0489888960990352
0.0489776656248318
0.0489653850736986
0.0489520167727681
0.0489375221524929
0.0489218623886518
0.0489049992095217
0.0488868959126281
0.0488675186498176
0.0488468380608158
0.0488248313662005
0.0488014850808123
0.0487767985892759
0.0487507889683123
0.0487234977131529
0.0486950006097328
0.0486654234681078
0.0486349712458982
0.0486654234681078
0.0486980957688107
0.0487297370434820
0.0487601355001986
0.0487891723255586
0.0488167817610764
0.0488429328019972
0.0488676185477679
0.0488908492116000
0.0489126472133263
0.0489330435905090
0.0489520753018089
0.0489697831639315
0.0489862102533623
0.0490014006575979
0.0490153984941125
0.0490282471373123
0.0490399886084255
0.0490506630943731
0.0490603085688182
0.0490689604948128
0.0490766515923330
0.0490834116577049
0.0490892674241502
0.0490942424551116
0.0490983570635216
0.0491016282512821
0.0491040696649598
0.0491056915640265
0.0491065007992761
0.0491065007992761
0.0491056915640265
0.0491040696649598
0.0491016282512821
0.0490983570635216
0.0490942424551116
0.0490892674241502
0.0490834116577049
0.0490766515923330
0.0490689604948128
0.0490603085688182
0.0490506630943731
0.0490399886084255
0.0490282471373123
0.0490153984941125
0.0490014006575979
0.0489862102533630
0.0489697831639316
0.0489520753018089
0.0489330435905090
0.0489126472133263
0.0488908492115999
0.0488676185477679
0.0488429328019972
0.0488167817610765
0.0487891723255586
0.0487601355001986
0.0487297370434820
0.0486980957688107
0.0486654234681078
0.0486950006097373
0.0487297370434820
0.0487633358788715
0.0487955608667787
0.0488262882255887
0.0488554554046662
0.0488830378760376
0.0489090364168930
0.0489334692004343
0.0489563664601153
0.0489777666963673
0.0489977138855514
0.0490162553787097
0.0490334402947775
0.0490493182798186
0.0490639385422177
0.0490773491001071
0.0490895961935558
0.0491007238258725
0.0491107734065447
0.0491197834745662
0.0491277894851674
0.0491348236467188
0.0491409147972055
0.0491460883114108
0.0491503660324392
0.0491537662216001
0.0491563035226773
0.0491579889371605
0.0491588298075682
0.0491588298075683
0.0491579889371605
0.0491563035226773
0.0491537662216006
0.0491503660324392
0.0491460883114108
0.0491409147972055
0.0491348236467188
0.0491277894851671
0.0491197834745662
0.0491107734065447
0.0491007238258725
0.0490895961935558
0.0490773491001071
0.0490639385422177
0.0490493182798186
0.0490334402947775
0.0490162553787097
0.0489977138855513
0.0489777666963673
0.0489563664601153
0.0489334692004343
0.0489090364168930
0.0488830378760376
0.0488554554046662
0.0488262882255887
0.0487955608667787
0.0487633358788715
0.0487297370434820
0.0486950006097373
0.0487234977131529
0.0487601355001986
0.0487955608667789
0.0488295108541250
0.0488618498807903
0.0488925126523426
0.0489214767779994
0.0489487476548970
0.0489743492496312
0.0489983180473271
0.0490206988627155
0.0490415418289535
0.0490609001746526
0.0490788285527706
0.0490953817687528
0.0491106138048956
0.0491245770688600
0.0491373218140071
0.0491488956926898
0.0491593434132402
0.0491687064780470
0.0491770229849516
0.0491843274781451
0.0491906508376963
0.0491960201987149
0.0492004588932307
0.0492039864093009
0.0492066183629698
0.0492083664794485
0.0492092385812619
0.0492092385812619
0.0492083664794485
0.0492066183629698
0.0492039864093009
0.0492004588932305
0.0491960201987152
0.0491906508376963
0.0491843274781451
0.0491770229849516
0.0491687064780470
0.0491593434132403
0.0491488956926898
0.0491373218140071
0.0491245770688600
0.0491106138048956
0.0490953817687528
0.0490788285527706
0.0490609001746527
0.0490415418289535
0.0490206988627156
0.0489983180473271
0.0489743492496312
0.0489487476548972
0.0489214767779994
0.0488925126523426
0.0488618498807903
0.0488295108541250
0.0487955608667789
0.0487601355001986
0.0487234977131529
0.0487507889683124
0.0487891723255586
0.0488262882255887
0.0488618498807903
0.0488957077886950
0.0489277903539235
0.0489580739253823
0.0489865657194807
0.0490132933004262
0.0490382977086790
0.0490616287630524
0.0490833417351882
0.0491034949331985
0.0491221479127549
0.0491393601349239
0.0491551899505519
0.0491696938283427
0.0491829257668407
0.0491949368476833
0.0492057748970952
0.0492154842314158
0.0492241054675155
0.0492316753833647
0.0492382268171776
0.0492437885955459
0.0492483854839148
0.0492520381530646
0.0492547631573731
0.0492565729212219
0.0492574757310734
0.0492574757310734
0.0492565729212219
0.0492547631573734
0.0492520381530646
0.0492483854839148
0.0492437885955459
0.0492382268171776
0.0492316753833647
0.0492241054675154
0.0492154842314163
0.0492057748970951
0.0491949368476833
0.0491829257668407
0.0491696938283428
0.0491551899505519
0.0491393601349240
0.0491221479127549
0.0491034949331984
0.0490833417351882
0.0490616287630524
0.0490382977086790
0.0490132933004262
0.0489865657194807
0.0489580739253823
0.0489277903539235
0.0488957077886950
0.0488618498807903
0.0488262882255887
0.0487891723255587
0.0487507889683124
0.0487767985892759
0.0488167817610765
0.0488554554046662
0.0488925126523425
0.0489277903539235
0.0489612090497481
0.0489927416578287
0.0490223950602211
0.0490501985204582
0.0490761960443975
0.0491004411529196
0.0491229931991964
0.0491439147143616
0.0491632694614576
0.0491811209907018
0.0491975315580887
0.0492125613125193
0.0492262676837657
0.0492387049227356
0.0492499237577984
0.0492599711399108
0.0492688900560112
0.0492767193941514
0.0492834938483781
0.0492892438529218
0.0492939955386512
0.0492977707049630
0.0493005868029860
0.0493024569260384
0.0493033898047145
0.0493033898047145
0.0493024569260384
0.0493005868029860
0.0492977707049630
0.0492939955386512
0.0492892438529218
0.0492834938483782
0.0492767193941514
0.0492688900560112
0.0492599711399108
0.0492499237577984
0.0492387049227356
0.0492262676837660
0.0492125613125193
0.0491975315580884
0.0491811209907018
0.0491632694614576
0.0491439147143615
0.0491229931991971
0.0491004411529196
0.0490761960443975
0.0490501985204582
0.0490223950602211
0.0489927416578287
0.0489612090497481
0.0489277903539235
0.0488925126523426
0.0488554554046662
0.0488167817610765
0.0487767985892759
0.0488014850808123
0.0488429328019972
0.0488830378760376
0.0489214767779994
0.0489580739253823
0.0489927416578287
0.0490254483054977
0.0490561989574181
0.0490850231065132
0.0491119663772721
0.0491370848157054
0.0491604408532811
0.0491821003998515
0.0492021307197204
0.0492205988630980
0.0492375704997432
0.0492531090485565
0.0492672750276320
0.0492801255701943
0.0492917140664673
0.0493020899007753
0.0493112982616069
0.0493193800065748
0.0493263715687714
0.0493323048939684
0.0493372074001440
0.0493411019530165
0.0493440068523828
0.0493459358253916
0.0493468980239159
0.0493468980239158
0.0493459358253916
0.0493440068523828
0.0493411019530165
0.0493372074001440
0.0493323048939684
0.0493263715687714
0.0493193800065748
0.0493112982616069
0.0493020899007753
0.0492917140664673
0.0492801255701943
0.0492672750276320
0.0492531090485565
0.0492375704997432
0.0492205988630980
0.0492021307197204
0.0491821003998515
0.0491604408532811
0.0491370848157054
0.0491119663772721
0.0490850231065132
0.0490561989574181
0.0490254483054978
0.0489927416578287
0.0489580739253823
0.0489214767779994
0.0488830378760376
0.0488429328019972
0.0488014850808123
0.0488248313662006
0.0488676185477678
0.0489090364168930
0.0489487476548972
0.0489865657194806
0.0490223950602211
0.0490561989574181
0.0490879798281017
0.0491177663505200
0.0491456047100548
0.0491715524861407
0.0491956742973027
0.0492180386507646
0.0492387156370048
0.0492577752279670
0.0492752860143950
0.0492913142664720
0.0493059232354063
0.0493191726358081
0.0493311182649401
0.0493418117252632
0.0493513002253227
0.0493596264398156
0.0493668284136196
0.0493729394986130
0.0493779883139571
0.0493819987228504
0.0493849898206157
0.0493869759293864
0.0493879665969586
0.0493879665969584
0.0493869759293864
0.0493849898206156
0.0493819987228503
0.0493779883139571
0.0493729394986130
0.0493668284136196
0.0493596264398157
0.0493513002253227
0.0493418117252632
0.0493311182649402
0.0493191726358081
0.0493059232354063
0.0492913142664720
0.0492752860143950
0.0492577752279670
0.0492387156370048
0.0492180386507646
0.0491956742973027
0.0491715524861407
0.0491456047100548
0.0491177663505198
0.0490879798281016
0.0490561989574181
0.0490223950602211
0.0489865657194806
0.0489487476548972
0.0489090364168929
0.0488676185477678
0.0488248313662006
0.0488468380608158
0.0488908492115999
0.0489334692004344
0.0489743492496312
0.0490132933004262
0.0490501985204582
0.0490850231065138
0.0491177663505200
0.0491484554315613
0.0491771363154414
0.0492038673242348
0.0492287145115816
0.0492517482936472
0.0492730409712412
0.0492926648957113
0.0493106911057487
0.0493271883131287
0.0493422221489701
0.0493558546059728
0.0493681436287283
0.0493791428161439
0.0493889012084196
0.0493974631378905
0.0494048681273661
0.0494111508234024
0.0494163409549753
0.0494204633095577
0.0494235377211120
0.0494255790652490
0.0494265972584014
0.0494265972584014
0.0494255790652490
0.0494235377211120
0.0494204633095577
0.0494163409549753
0.0494111508234024
0.0494048681273661
0.0493974631378905
0.0493889012084196
0.0493791428161439
0.0493681436287283
0.0493558546059731
0.0493422221489701
0.0493271883131287
0.0493106911057487
0.0492926648957113
0.0492730409712419
0.0492517482936472
0.0492287145115822
0.0492038673242348
0.0491771363154414
0.0491484554315612
0.0491177663505200
0.0490850231065138
0.0490501985204582
0.0490132933004262
0.0489743492496312
0.0489334692004344
0.0488908492115999
0.0488468380608158
0.0488675186498176
0.0489126472133263
0.0489563664601153
0.0489983180473271
0.0490382977086790
0.0490761960443975
0.0491119663772720
0.0491456047100548
0.0491771363154412
0.0492066063961518
0.0492340734151713
0.0492596042531365
0.0492832706519698
0.0493051465821772
0.0493253062839859
0.0493438228058287
0.0493607669137983
0.0493762062792733
0.0493902048771028
0.0494028225427497
0.0494141146503248
0.0494241318819097
0.0494329200657466
0.0494405200656645
0.0494469677085916
0.0494522937390267
0.0494565237927580
0.0494596783834217
0.0494617728967562
0.0494628175894354
0.0494628175894352
0.0494617728967562
0.0494596783834218
0.0494565237927580
0.0494522937390267
0.0494469677085916
0.0494405200656645
0.0494329200657466
0.0494241318819097
0.0494141146503244
0.0494028225427497
0.0493902048771028
0.0493762062792733
0.0493607669137983
0.0493438228058287
0.0493253062839859
0.0493051465821772
0.0492832706519698
0.0492596042531365
0.0492340734151714
0.0492066063961518
0.0491771363154412
0.0491456047100547
0.0491119663772721
0.0490761960443975
0.0490382977086790
0.0489983180473271
0.0489563664601153
0.0489126472133263
0.0488675186498176
0.0488868959126281
0.0489330435905088
0.0489777666963673
0.0490206988627156
0.0490616287630524
0.0491004411529196
0.0491370848157053
0.0491715524861404
0.0492038673242348
0.0492340734151713
0.0492622289246770
0.0492884010861666
0.0493126624897132
0.0493350883154128
0.0493557542621212
0.0493747349938270
0.0493921029751168
0.0494079276001648
0.0494222745450096
0.0494352052892989
0.0494467767672684
0.0494570411165885
0.0494660455012839
0.0494738319899912
0.0494804374751622
0.0494858936218960
0.0494902268375661
0.0494934582555058
0.0494956037275881
0.0494966738217304
0.0494966738217304
0.0494956037275881
0.0494934582555058
0.0494902268375662
0.0494858936218960
0.0494804374751621
0.0494738319899912
0.0494660455012840
0.0494570411165885
0.0494467767672683
0.0494352052892989
0.0494222745450096
0.0494079276001648
0.0493921029751168
0.0493747349938269
0.0493557542621213
0.0493350883154128
0.0493126624897132
0.0492884010861666
0.0492622289246771
0.0492340734151713
0.0492038673242348
0.0491715524861404
0.0491370848157054
0.0491004411529196
0.0490616287630524
0.0490206988627156
0.0489777666963673
0.0489330435905088
0.0488868959126281
0.0489049992095217
0.0489520753018089
0.0489977138855513
0.0490415418289535
0.0490833417351882
0.0491229931991964
0.0491604408532811
0.0491956742973026
0.0492287145115822
0.0492596042531365
0.0492884010861667
0.0493151722395664
0.0493399907717549
0.0493629326915094
0.0493840747885018
0.0494034929965551
0.0494212611597362
0.0494374501050926
0.0494521269493369
0.0494653545845159
0.0494771913004525
0.0494876905115375
0.0494969005625422
0.0495048645938876
0.0495116204510038
0.0495172006258909
0.0495216322214111
0.0495249369310702
0.0495271310288848
0.0495282253651910
0.0495282253651910
0.0495271310288848
0.0495249369310700
0.0495216322214111
0.0495172006258909
0.0495116204510038
0.0495048645938876
0.0494969005625422
0.0494876905115375
0.0494771913004525
0.0494653545845159
0.0494521269493369
0.0494374501050926
0.0494212611597362
0.0494034929965551
0.0493840747885018
0.0493629326915094
0.0493399907717549
0.0493151722395666
0.0492884010861668
0.0492596042531365
0.0492287145115822
0.0491956742973026
0.0491604408532811
0.0491229931991964
0.0490833417351882
0.0490415418289535
0.0489977138855513
0.0489520753018089
0.0489049992095217
0.0489218623886518
0.0489697831639316
0.0490162553787097
0.0490609001746527
0.0491034949331984
0.0491439147143615
0.0491821003998514
0.0492180386507649
0.0492517482936472
0.0492832706519698
0.0493126624897130
0.0493399907717549
0.0493653287312059
0.0493887528977247
0.0494103408446387
0.0494301694787626
0.0494483137437881
0.0494648456403402
0.0494798334890480
0.0494933413808004
0.0495054287703917
0.0495161501804415
0.0495255549891677
0.0495336872814188
0.0495405857471867
0.0495462836146051
0.0495508086079574
0.0495541829227669
0.0495564232122684
0.0495575405807299
0.0495575405807299
0.0495564232122684
0.0495541829227670
0.0495508086079573
0.0495462836146054
0.0495405857471867
0.0495336872814188
0.0495255549891677
0.0495161501804415
0.0495054287703917
0.0494933413808004
0.0494798334890480
0.0494648456403402
0.0494483137437881
0.0494301694787626
0.0494103408446387
0.0493887528977247
0.0493653287312059
0.0493399907717549
0.0493126624897132
0.0492832706519698
0.0492517482936472
0.0492180386507649
0.0491821003998515
0.0491439147143615
0.0491034949331984
0.0490609001746527
0.0490162553787097
0.0489697831639316
0.0489218623886518
0.0489375221524928
0.0489862102533623
0.0490334402947774
0.0490788285527706
0.0491221479127549
0.0491632694614577
0.0492021307197204
0.0492387156370048
0.0492730409712412
0.0493051465821772
0.0493350883154128
0.0493629326915094
0.0493887528977246
0.0494126257419231
0.0494346293297048
0.0494548412911485
0.0494733374285299
0.0494901906884380
0.0495054703841860
0.0495192416121073
0.0495315648173135
0.0495424954747624
0.0495520838584674
0.0495603748779221
0.0495674079647656
0.0495732169968351
0.0495778302489642
0.0495812703628203
0.0495835543293814
0.0495846934794886
0.0495846934794886
0.0495835543293814
0.0495812703628203
0.0495778302489642
0.0495732169968351
0.0495674079647656
0.0495603748779221
0.0495520838584676
0.0495424954747624
0.0495315648173135
0.0495192416121065
0.0495054703841860
0.0494901906884380
0.0494733374285299
0.0494548412911485
0.0494346293297048
0.0494126257419231
0.0493887528977246
0.0493629326915094
0.0493350883154128
0.0493051465821772
0.0492730409712412
0.0492387156370048
0.0492021307197204
0.0491632694614576
0.0491221479127549
0.0490788285527706
0.0490334402947774
0.0489862102533623
0.0489375221524928
0.0489520167727670
0.0490014006575978
0.0490493182798186
0.0490953817687530
0.0491393601349239
0.0491811209907017
0.0492205988630972
0.0492577752279670
0.0492926648957113
0.0493253062839859
0.0493557542621213
0.0493840747885018
0.0494103408446386
0.0494346293297048
0.0494570186802309
0.0494775870432689
0.0494964108756678
0.0495135638734380
0.0495291161570511
0.0495431336561682
0.0495556776487123
0.0495668044197210
0.0495765650124547
0.0495850050498652
0.0495921646093684
0.0495980781372276
0.0496027743920537
0.0496062764086678
0.0496086014764343
0.0496097611267810
0.0496097611267810
0.0496086014764342
0.0496062764086678
0.0496027743920537
0.0495980781372276
0.0495921646093686
0.0495850050498652
0.0495765650124548
0.0495668044197210
0.0495556776487123
0.0495431336561682
0.0495291161570511
0.0495135638734379
0.0494964108756678
0.0494775870432690
0.0494570186802308
0.0494346293297048
0.0494103408446386
0.0493840747885018
0.0493557542621212
0.0493253062839859
0.0492926648957113
0.0492577752279670
0.0492205988630980
0.0491811209907017
0.0491393601349239
0.0490953817687530
0.0490493182798186
0.0490014006575979
0.0489520167727670
0.0489653850736986
0.0490153984941125
0.0490639385422177
0.0491106138048956
0.0491551899505520
0.0491975315580884
0.0492375704997432
0.0492752860143952
0.0493106911057487
0.0493438228058287
0.0493747349938271
0.0494034929965551
0.0494301694787626
0.0494548412911485
0.0494775870432684
0.0494984852318006
0.0495176127984514
0.0495350440215482
0.0495508496683525
0.0495650963506281
0.0495778460390839
0.0495891557011037
0.0495990770343711
0.0496076562736218
0.0496149340536539
0.0496209453139935
0.0496257192347222
0.0496292791944409
0.0496316427440529
0.0496328215910590
0.0496328215910590
0.0496316427440529
0.0496292791944411
0.0496257192347222
0.0496209453139935
0.0496149340536535
0.0496076562736223
0.0495990770343711
0.0495891557011037
0.0495778460390839
0.0495650963506281
0.0495508496683525
0.0495350440215482
0.0495176127984514
0.0494984852318006
0.0494775870432684
0.0494548412911485
0.0494301694787626
0.0494034929965551
0.0493747349938271
0.0493438228058291
0.0493106911057487
0.0492752860143952
0.0492375704997432
0.0491975315580887
0.0491551899505520
0.0491106138048956
0.0490639385422177
0.0490153984941125
0.0489653850736986
0.0489776656248318
0.0490282471373123
0.0490773491001071
0.0491245770688600
0.0491696938283428
0.0492125613125193
0.0492531090485566
0.0492913142664720
0.0493271883131289
0.0493607669137983
0.0493921029751167
0.0494212611597367
0.0494483137437876
0.0494733374285300
0.0494964108756677
0.0495176127984514
0.0495370204843828
0.0495547086543666
0.0495707485855835
0.0495852074411153
0.0495981477615860
0.0496096270834178
0.0496196976558118
0.0496284062335735
0.0496357939284613
0.0496418961044920
0.0496467423059997
0.0496503562097998
0.0496527555941262
0.0496539523198963
0.0496539523198963
0.0496527555941262
0.0496503562097998
0.0496467423059997
0.0496418961044920
0.0496357939284613
0.0496284062335735
0.0496196976558118
0.0496096270834178
0.0495981477615860
0.0495852074411153
0.0495707485855834
0.0495547086543666
0.0495370204843828
0.0495176127984513
0.0494964108756677
0.0494733374285300
0.0494483137437876
0.0494212611597362
0.0493921029751167
0.0493607669137983
0.0493271883131287
0.0492913142664720
0.0492531090485566
0.0492125613125193
0.0491696938283428
0.0491245770688600
0.0490773491001071
0.0490282471373123
0.0489776656248318
0.0489888960990352
0.0490399886084255
0.0490895961935558
0.0491373218140071
0.0491829257668407
0.0492262676837658
0.0492672750276320
0.0493059232354070
0.0493422221489701
0.0493762062792733
0.0494079276001651
0.0494374501050927
0.0494648456403396
0.0494901906884380
0.0495135638734385
0.0495350440215482
0.0495547086543665
0.0495726328200700
0.0495888881908066
0.0496035423691393
0.0496166583592325
0.0496282941673126
0.0496385025030269
0.0496473305593316
0.0496548198527502
0.0496610061095400
0.0496659191864013
0.0496695830166009
0.0496720155745814
0.0496732288537583
0.0496732288537583
0.0496720155745814
0.0496695830166009
0.0496659191864013
0.0496610061095401
0.0496548198527502
0.0496473305593316
0.0496385025030269
0.0496282941673126
0.0496166583592325
0.0496035423691393
0.0495888881908066
0.0495726328200700
0.0495547086543665
0.0495350440215482
0.0495135638734385
0.0494901906884380
0.0494648456403396
0.0494374501050927
0.0494079276001650
0.0493762062792733
0.0493422221489701
0.0493059232354070
0.0492672750276320
0.0492262676837658
0.0491829257668407
0.0491373218140072
0.0490895961935558
0.0490399886084255
0.0489888960990352
0.0489991127618651
0.0490506630943733
0.0491007238258725
0.0491488956926898
0.0491949368476844
0.0492387049227356
0.0492801255701942
0.0493191726358081
0.0493558546059728
0.0493902048771028
0.0494222745450096
0.0494521269493369
0.0494798334890480
0.0495054703841860
0.0495291161570511
0.0495508496683525
0.0495707485855835
0.0495888881908066
0.0496053404558335
0.0496201733284317
0.0496334501853293
0.0496452294165465
0.0496555641125851
0.0496645018322798
0.0496720844327022
0.0496783479467032
0.0496833224965197
0.0496870322343820
0.0496894953026005
0.0496907238082280
0.0496907238082280
0.0496894953026005
0.0496870322343818
0.0496833224965196
0.0496783479467032
0.0496720844327023
0.0496645018322798
0.0496555641125851
0.0496452294165465
0.0496334501853299
0.0496201733284318
0.0496053404558332
0.0495888881908066
0.0495707485855835
0.0495508496683525
0.0495291161570512
0.0495054703841860
0.0494798334890480
0.0494521269493369
0.0494222745450096
0.0493902048771028
0.0493558546059727
0.0493191726358081
0.0492801255701942
0.0492387049227355
0.0491949368476844
0.0491488956926898
0.0491007238258725
0.0490506630943733
0.0489991127618651
0.0490083500655795
0.0490603085688182
0.0491107734065447
0.0491593434132403
0.0492057748970951
0.0492499237577984
0.0492917140664672
0.0493311182649401
0.0493681436287284
0.0494028225427496
0.0494352052892989
0.0494653545845159
0.0494933413808003
0.0495192416121064
0.0495431336561682
0.0495650963506281
0.0495852074411153
0.0496035423691393
0.0496201733284317
0.0496351685335498
0.0496485916569370
0.0496605013987419
0.0496709511614844
0.0496799888067422
0.0496876564755636
0.0496939904581243
0.0496990211006445
0.0497027727406276
0.0497052636628732
0.0497065060711338
0.0497065060711338
0.0497052636628732
0.0497027727406277
0.0496990211006445
0.0496939904581243
0.0496876564755636
0.0496799888067417
0.0496709511614844
0.0496605013987419
0.0496485916569370
0.0496351685335499
0.0496201733284318
0.0496035423691393
0.0495852074411153
0.0495650963506281
0.0495431336561682
0.0495192416121073
0.0494933413808003
0.0494653545845159
0.0494352052892989
0.0494028225427496
0.0493681436287283
0.0493311182649401
0.0492917140664673
0.0492499237577984
0.0492057748970951
0.0491593434132403
0.0491107734065447
0.0490603085688182
0.0490083500655795
0.0490166403271920
0.0490689604948128
0.0491197834745658
0.0491687064780469
0.0492154842314158
0.0492599711399108
0.0493020899007753
0.0493418117252632
0.0493791428161439
0.0494141146503244
0.0494467767672683
0.0494771913004525
0.0495054287703917
0.0495315648173151
0.0495556776487123
0.0495778460390838
0.0495981477615861
0.0496166583592333
0.0496334501853299
0.0496485916569369
0.0496621466779776
0.0496741741964845
0.0496847278680045
0.0496938558022196
0.0497016003749531
0.0497079980904064
0.0497130794820516
0.0497168690428850
0.0497193851776339
0.0497206401715235
0.0497206401715235
0.0497193851776339
0.0497168690428850
0.0497130794820516
0.0497079980904064
0.0497016003749531
0.0496938558022196
0.0496847278680045
0.0496741741964845
0.0496621466779772
0.0496485916569369
0.0496334501853299
0.0496166583592326
0.0495981477615861
0.0495778460390838
0.0495556776487123
0.0495315648173135
0.0495054287703917
0.0494771913004525
0.0494467767672685
0.0494141146503244
0.0493791428161439
0.0493418117252632
0.0493020899007753
0.0492599711399112
0.0492154842314158
0.0491687064780469
0.0491197834745658
0.0490689604948127
0.0490166403271920
0.0490240134738622
0.0490766515923330
0.0491277894851671
0.0491770229849518
0.0492241054675155
0.0492688900560112
0.0493112982616069
0.0493513002253226
0.0493889012084196
0.0494241318819097
0.0494570411165885
0.0494876905115375
0.0495161501804415
0.0495424954747624
0.0495668044197210
0.0495891557011037
0.0496096270834178
0.0496282941673126
0.0496452294165465
0.0496605013987418
0.0496741741964845
0.0496863069536029
0.0496969535285334
0.0497061622323954
0.0497139756332188
0.0497204304114955
0.0497255572558378
0.0497293807885580
0.0497319195143167
0.0497331857864963
0.0497331857864963
0.0497319195143167
0.0497293807885580
0.0497255572558378
0.0497204304114955
0.0497139756332188
0.0497061622323954
0.0496969535285334
0.0496863069536029
0.0496741741964845
0.0496605013987419
0.0496452294165465
0.0496282941673126
0.0496096270834178
0.0495891557011039
0.0495668044197210
0.0495424954747624
0.0495161501804415
0.0494876905115376
0.0494570411165885
0.0494241318819097
0.0493889012084195
0.0493513002253226
0.0493112982616069
0.0492688900560112
0.0492241054675155
0.0491770229849518
0.0491277894851671
0.0490766515923330
0.0490240134738622
0.0490304968425573
0.0490834116577055
0.0491348236467188
0.0491843274781451
0.0492316753833648
0.0492767193941512
0.0493193800065748
0.0493596264398157
0.0493974631378906
0.0494329200657466
0.0494660455012840
0.0494969005625421
0.0495255549891678
0.0495520838584674
0.0495765650124548
0.0495990770343711
0.0496196976558118
0.0496385025030269
0.0496555641125850
0.0496709511614844
0.0496847278680047
0.0496969535285333
0.0497076821625158
0.0497169622427654
0.0497248364928873
0.0497313417372858
0.0497365087916518
0.0497403623847010
0.0497429211036592
0.0497441973581481
0.0497441973581481
0.0497429211036595
0.0497403623847010
0.0497365087916516
0.0497313417372858
0.0497248364928873
0.0497169622427654
0.0497076821625160
0.0496969535285333
0.0496847278680045
0.0496709511614842
0.0496555641125851
0.0496385025030270
0.0496196976558118
0.0495990770343711
0.0495765650124548
0.0495520838584673
0.0495255549891678
0.0494969005625422
0.0494660455012840
0.0494329200657467
0.0493974631378905
0.0493596264398157
0.0493193800065748
0.0492767193941512
0.0492316753833648
0.0491843274781451
0.0491348236467188
0.0490834116577055
0.0490304968425573
0.0490361150230480
0.0490892674241504
0.0491409147972055
0.0491906508376964
0.0492382268171776
0.0492834938483781
0.0493263715687714
0.0493668284136196
0.0494048681273662
0.0494405200656645
0.0494738319899913
0.0495048645938876
0.0495336872814185
0.0495603748779222
0.0495850050498652
0.0496076562736223
0.0496284062335735
0.0496473305593317
0.0496645018322799
0.0496799888067422
0.0496938558022195
0.0497061622323954
0.0497169622427654
0.0497263044342322
0.0497342316550092
0.0497407808453256
0.0497459829238258
0.0497498627056815
0.0497524388454350
0.0497537237986745
0.0497537237986745
0.0497524388454350
0.0497498627056815
0.0497459829238258
0.0497407808453256
0.0497342316550092
0.0497263044342322
0.0497169622427654
0.0497061622323954
0.0496938558022195
0.0496799888067422
0.0496645018322799
0.0496473305593317
0.0496284062335736
0.0496076562736223
0.0495850050498652
0.0495603748779222
0.0495336872814188
0.0495048645938876
0.0494738319899913
0.0494405200656645
0.0494048681273661
0.0493668284136196
0.0493263715687714
0.0492834938483781
0.0492382268171776
0.0491906508376964
0.0491409147972055
0.0490892674241504
0.0490361150230480
0.0490408897358296
0.0490942424551116
0.0491460883114108
0.0491960201987152
0.0492437885955456
0.0492892438529217
0.0493323048939685
0.0493729394986130
0.0494111508234023
0.0494469677085915
0.0494804374751621
0.0495116204510042
0.0495405857471867
0.0495674079647656
0.0495921646093684
0.0496149340536538
0.0496357939284612
0.0496548198527496
0.0496720844327022
0.0496876564755636
0.0497016003749531
0.0497139756332188
0.0497248364928872
0.0497342316550080
0.0497422040658654
0.0497487907576474
0.0497540227310203
0.0497579248703829
0.0497605158842473
0.0497618082651270
0.0497618082651270
0.0497605158842473
0.0497579248703829
0.0497540227310203
0.0497487907576474
0.0497422040658654
0.0497342316550080
0.0497248364928872
0.0497139756332188
0.0497016003749531
0.0496876564755636
0.0496720844327023
0.0496548198527503
0.0496357939284612
0.0496149340536538
0.0495921646093684
0.0495674079647656
0.0495405857471867
0.0495116204510042
0.0494804374751621
0.0494469677085915
0.0494111508234023
0.0493729394986130
0.0493323048939684
0.0492892438529218
0.0492437885955456
0.0491960201987149
0.0491460883114108
0.0490942424551116
0.0490408897358296
0.0490448397382241
0.0490983570635216
0.0491503660324392
0.0492004588932307
0.0492483854839144
0.0492939955386512
0.0493372074001440
0.0493779883139570
0.0494163409549752
0.0494522937390272
0.0494858936218960
0.0495172006258909
0.0495462836146054
0.0495732169968351
0.0495980781372276
0.0496209453139936
0.0496418961044920
0.0496610061095400
0.0496783479467027
0.0496939904581231
0.0497079980904065
0.0497204304114955
0.0497313417372858
0.0497407808453255
0.0497487907576474
0.0497554085777992
0.0497606653705051
0.0497645860743649
0.0497671894402479
0.0497684879897644
0.0497684879897644
0.0497671894402479
0.0497645860743651
0.0497606653705051
0.0497554085777992
0.0497487907576473
0.0497407808453255
0.0497313417372858
0.0497204304114954
0.0497079980904065
0.0496939904581243
0.0496783479467032
0.0496610061095401
0.0496418961044920
0.0496209453139936
0.0495980781372276
0.0495732169968351
0.0495462836146054
0.0495172006258909
0.0494858936218960
0.0494522937390272
0.0494163409549752
0.0493779883139571
0.0493372074001440
0.0492939955386512
0.0492483854839148
0.0492004588932307
0.0491503660324392
0.0490983570635216
0.0490448397382241
0.0490479807525548
0.0491016282512821
0.0491537662216006
0.0492039864093009
0.0492520381530645
0.0492977707049630
0.0493411019530165
0.0493819987228503
0.0494204633095576
0.0494565237927582
0.0494902268375661
0.0495216322214111
0.0495508086079573
0.0495778302489642
0.0496027743920538
0.0496257192347222
0.0496467423059997
0.0496659191864013
0.0496833224965196
0.0496990211006443
0.0497130794820516
0.0497255572558378
0.0497365087916519
0.0497459829238258
0.0497540227310203
0.0497606653705051
0.0497659419554038
0.0497698774653937
0.0497724906835221
0.0497737941535342
0.0497737941535342
0.0497724906835221
0.0497698774653937
0.0497659419554038
0.0497606653705051
0.0497540227310203
0.0497459829238258
0.0497365087916519
0.0497255572558378
0.0497130794820516
0.0496990211006443
0.0496833224965196
0.0496659191864013
0.0496467423059997
0.0496257192347222
0.0496027743920538
0.0495778302489642
0.0495508086079573
0.0495216322214111
0.0494902268375661
0.0494565237927582
0.0494204633095577
0.0493819987228504
0.0493411019530165
0.0492977707049630
0.0492520381530645
0.0492039864093009
0.0491537662216006
0.0491016282512821
0.0490479807525548
0.0490503254127397
0.0491040696649599
0.0491563035226773
0.0492066183629698
0.0492547631573731
0.0493005868029863
0.0493440068523829
0.0493849898206156
0.0494235377211120
0.0494596783834216
0.0494934582555058
0.0495249369310702
0.0495541829227670
0.0495812703628203
0.0496062764086678
0.0496292791944409
0.0496503562098001
0.0496695830166007
0.0496870322343821
0.0497027727406276
0.0497168690428850
0.0497293807885580
0.0497403623847010
0.0497498627056814
0.0497579248703833
0.0497645860743650
0.0497698774653938
0.0497738240526130
0.0497764446422621
0.0497777517939720
0.0497777517939720
0.0497764446422621
0.0497738240526130
0.0497698774653937
0.0497645860743650
0.0497579248703833
0.0497498627056814
0.0497403623847010
0.0497293807885580
0.0497168690428850
0.0497027727406276
0.0496870322343821
0.0496695830166007
0.0496503562098001
0.0496292791944409
0.0496062764086677
0.0495812703628203
0.0495541829227670
0.0495249369310700
0.0494934582555058
0.0494596783834216
0.0494235377211120
0.0493849898206156
0.0493440068523829
0.0493005868029860
0.0492547631573731
0.0492066183629698
0.0491563035226773
0.0491040696649598
0.0490503254127397
0.0490518832251092
0.0491056915640265
0.0491579889371605
0.0492083664794486
0.0492565729212219
0.0493024569260384
0.0493459358253915
0.0493869759293864
0.0494255790652490
0.0494617728967561
0.0494956037275881
0.0495271310288848
0.0495564232122684
0.0495835543293815
0.0496086014764343
0.0496316427440526
0.0496527555941262
0.0496720155745814
0.0496894953026002
0.0497052636628732
0.0497193851776339
0.0497319195143167
0.0497429211036592
0.0497524388454346
0.0497605158842473
0.0497671894402481
0.0497724906835219
0.0497764446422619
0.0497790701376225
0.0497803797395642
0.0497803797395642
0.0497790701376225
0.0497764446422619
0.0497724906835219
0.0497671894402479
0.0497605158842473
0.0497524388454346
0.0497429211036592
0.0497319195143167
0.0497193851776339
0.0497052636628732
0.0496894953026002
0.0496720155745814
0.0496527555941262
0.0496316427440529
0.0496086014764343
0.0495835543293814
0.0495564232122684
0.0495271310288848
0.0494956037275881
0.0494617728967561
0.0494255790652490
0.0493869759293864
0.0493459358253916
0.0493024569260384
0.0492565729212219
0.0492083664794486
0.0491579889371605
0.0491056915640266
0.0490518832251092
0.0490526605413163
0.0491065007992762
0.0491588298075683
0.0492092385812623
0.0492574757310734
0.0493033898047145
0.0493468980239159
0.0493879665969586
0.0494265972584011
0.0494628175894353
0.0494966738217304
0.0495282253651910
0.0495575405807299
0.0495846934794885
0.0496097611267810
0.0496328215910584
0.0496539523198961
0.0496732288537582
0.0496907238082280
0.0497065060711334
0.0497206401715235
0.0497331857864963
0.0497441973581481
0.0497537237986745
0.0497618082651278
0.0497684879897644
0.0497737941535342
0.0497777517939716
0.0497803797395641
0.0497816905653419
0.0497816905653419
0.0497803797395641
0.0497777517939716
0.0497737941535342
0.0497684879897644
0.0497618082651278
0.0497537237986745
0.0497441973581480
0.0497331857864968
0.0497206401715234
0.0497065060711334
0.0496907238082280
0.0496732288537582
0.0496539523198962
0.0496328215910584
0.0496097611267810
0.0495846934794885
0.0495575405807299
0.0495282253651910
0.0494966738217304
0.0494628175894353
0.0494265972584014
0.0493879665969586
0.0493468980239159
0.0493033898047145
0.0492574757310734
0.0492092385812623
0.0491588298075683
0.0491065007992762
0.0490526605413163
0.0490526605413163
0.0491065007992761
0.0491588298075683
0.0492092385812623
0.0492574757310734
0.0493033898047145
0.0493468980239159
0.0493879665969585
0.0494265972584011
0.0494628175894352
0.0494966738217304
0.0495282253651911
0.0495575405807301
0.0495846934794886
0.0496097611267802
0.0496328215910590
0.0496539523198961
0.0496732288537582
0.0496907238082280
0.0497065060711334
0.0497206401715235
0.0497331857864968
0.0497441973581480
0.0497537237986745
0.0497618082651278
0.0497684879897644
0.0497737941535342
0.0497777517939720
0.0497803797395641
0.0497816905653422
0.0497816905653419
0.0497803797395642
0.0497777517939720
0.0497737941535342
0.0497684879897644
0.0497618082651270
0.0497537237986745
0.0497441973581480
0.0497331857864968
0.0497206401715234
0.0497065060711334
0.0496907238082280
0.0496732288537582
0.0496539523198961
0.0496328215910590
0.0496097611267802
0.0495846934794886
0.0495575405807299
0.0495282253651910
0.0494966738217304
0.0494628175894352
0.0494265972584014
0.0493879665969585
0.0493468980239159
0.0493033898047145
0.0492574757310734
0.0492092385812623
0.0491588298075683
0.0491065007992761
0.0490526605413163
0.0490518832251092
0.0491056915640265
0.0491579889371605
0.0492083664794486
0.0492565729212219
0.0493024569260384
0.0493459358253916
0.0493869759293864
0.0494255790652490
0.0494617728967562
0.0494956037275881
0.0495271310288848
0.0495564232122684
0.0495835543293815
0.0496086014764343
0.0496316427440529
0.0496527555941262
0.0496720155745814
0.0496894953026005
0.0497052636628732
0.0497193851776339
0.0497319195143167
0.0497429211036595
0.0497524388454346
0.0497605158842473
0.0497671894402479
0.0497724906835221
0.0497764446422619
0.0497790701376226
0.0497803797395641
0.0497803797395642
0.0497790701376226
0.0497764446422619
0.0497724906835220
0.0497671894402481
0.0497605158842473
0.0497524388454346
0.0497429211036595
0.0497319195143167
0.0497193851776339
0.0497052636628732
0.0496894953026005
0.0496720155745814
0.0496527555941262
0.0496316427440529
0.0496086014764343
0.0495835543293815
0.0495564232122684
0.0495271310288848
0.0494956037275881
0.0494617728967562
0.0494255790652490
0.0493869759293864
0.0493459358253916
0.0493024569260384
0.0492565729212219
0.0492083664794486
0.0491579889371606
0.0491056915640265
0.0490518832251092
0.0490503254127397
0.0491040696649599
0.0491563035226773
0.0492066183629698
0.0492547631573731
0.0493005868029860
0.0493440068523828
0.0493849898206157
0.0494235377211120
0.0494596783834218
0.0494934582555058
0.0495249369310701
0.0495541829227670
0.0495812703628203
0.0496062764086678
0.0496292791944411
0.0496503562097998
0.0496695830166009
0.0496870322343821
0.0497027727406277
0.0497168690428850
0.0497293807885580
0.0497403623847009
0.0497498627056814
0.0497579248703832
0.0497645860743651
0.0497698774653937
0.0497738240526130
0.0497764446422619
0.0497777517939720
0.0497777517939720
0.0497764446422619
0.0497738240526130
0.0497698774653937
0.0497645860743651
0.0497579248703832
0.0497498627056814
0.0497403623847010
0.0497293807885581
0.0497168690428850
0.0497027727406277
0.0496870322343821
0.0496695830166009
0.0496503562097998
0.0496292791944411
0.0496062764086677
0.0495812703628203
0.0495541829227670
0.0495249369310702
0.0494934582555059
0.0494596783834218
0.0494235377211120
0.0493849898206156
0.0493440068523828
0.0493005868029860
0.0492547631573731
0.0492066183629698
0.0491563035226773
0.0491040696649599
0.0490503254127397
0.0490479807525548
0.0491016282512821
0.0491537662216001
0.0492039864093009
0.0492520381530645
0.0492977707049630
0.0493411019530165
0.0493819987228504
0.0494204633095577
0.0494565237927579
0.0494902268375661
0.0495216322214111
0.0495508086079573
0.0495778302489642
0.0496027743920537
0.0496257192347222
0.0496467423059996
0.0496659191864013
0.0496833224965196
0.0496990211006443
0.0497130794820516
0.0497255572558374
0.0497365087916519
0.0497459829238258
0.0497540227310203
0.0497606653705051
0.0497659419554038
0.0497698774653938
0.0497724906835220
0.0497737941535342
0.0497737941535342
0.0497724906835220
0.0497698774653938
0.0497659419554038
0.0497606653705042
0.0497540227310203
0.0497459829238258
0.0497365087916516
0.0497255572558374
0.0497130794820516
0.0496990211006445
0.0496833224965196
0.0496659191864013
0.0496467423059996
0.0496257192347222
0.0496027743920537
0.0495778302489642
0.0495508086079573
0.0495216322214111
0.0494902268375661
0.0494565237927579
0.0494204633095577
0.0493819987228503
0.0493411019530165
0.0492977707049630
0.0492520381530645
0.0492039864093009
0.0491537662216001
0.0491016282512819
0.0490479807525548
0.0490448397382241
0.0490983570635215
0.0491503660324392
0.0492004588932307
0.0492483854839148
0.0492939955386512
0.0493372074001440
0.0493779883139571
0.0494163409549753
0.0494522937390267
0.0494858936218960
0.0495172006258908
0.0495462836146051
0.0495732169968351
0.0495980781372276
0.0496209453139935
0.0496418961044920
0.0496610061095400
0.0496783479467032
0.0496939904581243
0.0497079980904064
0.0497204304114955
0.0497313417372858
0.0497407808453256
0.0497487907576474
0.0497554085777992
0.0497606653705051
0.0497645860743651
0.0497671894402478
0.0497684879897644
0.0497684879897644
0.0497671894402479
0.0497645860743651
0.0497606653705051
0.0497554085777992
0.0497487907576474
0.0497407808453256
0.0497313417372858
0.0497204304114955
0.0497079980904064
0.0496939904581243
0.0496783479467036
0.0496610061095400
0.0496418961044920
0.0496209453139936
0.0495980781372276
0.0495732169968351
0.0495462836146051
0.0495172006258909
0.0494858936218960
0.0494522937390267
0.0494163409549752
0.0493779883139571
0.0493372074001440
0.0492939955386512
0.0492483854839148
0.0492004588932307
0.0491503660324392
0.0490983570635215
0.0490448397382241
0.0490408897358294
0.0490942424551116
0.0491460883114108
0.0491960201987149
0.0492437885955456
0.0492892438529217
0.0493323048939684
0.0493729394986129
0.0494111508234024
0.0494469677085915
0.0494804374751621
0.0495116204510042
0.0495405857471867
0.0495674079647656
0.0495921646093684
0.0496149340536539
0.0496357939284613
0.0496548198527502
0.0496720844327022
0.0496876564755636
0.0497016003749531
0.0497139756332188
0.0497248364928875
0.0497342316550092
0.0497422040658652
0.0497487907576474
0.0497540227310203
0.0497579248703829
0.0497605158842473
0.0497618082651284
0.0497618082651277
0.0497605158842473
0.0497579248703833
0.0497540227310203
0.0497487907576473
0.0497422040658652
0.0497342316550092
0.0497248364928875
0.0497139756332188
0.0497016003749531
0.0496876564755636
0.0496720844327022
0.0496548198527502
0.0496357939284613
0.0496149340536539
0.0495921646093684
0.0495674079647656
0.0495405857471867
0.0495116204510042
0.0494804374751621
0.0494469677085915
0.0494111508234024
0.0493729394986131
0.0493323048939684
0.0492892438529217
0.0492437885955459
0.0491960201987149
0.0491460883114108
0.0490942424551116
0.0490408897358296
0.0490361150230480
0.0490892674241502
0.0491409147972055
0.0491906508376963
0.0492382268171777
0.0492834938483781
0.0493263715687714
0.0493668284136196
0.0494048681273661
0.0494405200656645
0.0494738319899913
0.0495048645938876
0.0495336872814185
0.0495603748779222
0.0495850050498652
0.0496076562736223
0.0496284062335735
0.0496473305593318
0.0496645018322799
0.0496799888067422
0.0496938558022196
0.0497061622323954
0.0497169622427654
0.0497263044342322
0.0497342316550080
0.0497407808453255
0.0497459829238258
0.0497498627056814
0.0497524388454346
0.0497537237986745
0.0497537237986745
0.0497524388454346
0.0497498627056812
0.0497459829238258
0.0497407808453256
0.0497342316550080
0.0497263044342322
0.0497169622427654
0.0497061622323954
0.0496938558022196
0.0496799888067422
0.0496645018322799
0.0496473305593317
0.0496284062335735
0.0496076562736227
0.0495850050498652
0.0495603748779222
0.0495336872814185
0.0495048645938873
0.0494738319899913
0.0494405200656645
0.0494048681273661
0.0493668284136198
0.0493263715687714
0.0492834938483781
0.0492382268171777
0.0491906508376963
0.0491409147972055
0.0490892674241504
0.0490361150230480
0.0490304968425573
0.0490834116577055
0.0491348236467188
0.0491843274781451
0.0492316753833647
0.0492767193941512
0.0493193800065748
0.0493596264398157
0.0493974631378905
0.0494329200657466
0.0494660455012839
0.0494969005625420
0.0495255549891678
0.0495520838584674
0.0495765650124547
0.0495990770343711
0.0496196976558118
0.0496385025030269
0.0496555641125851
0.0496709511614842
0.0496847278680045
0.0496969535285333
0.0497076821625161
0.0497169622427654
0.0497248364928872
0.0497313417372858
0.0497365087916516
0.0497403623847009
0.0497429211036595
0.0497441973581479
0.0497441973581479
0.0497429211036595
0.0497403623847009
0.0497365087916516
0.0497313417372858
0.0497248364928872
0.0497169622427654
0.0497076821625159
0.0496969535285333
0.0496847278680045
0.0496709511614842
0.0496555641125851
0.0496385025030269
0.0496196976558118
0.0495990770343711
0.0495765650124547
0.0495520838584676
0.0495255549891678
0.0494969005625420
0.0494660455012839
0.0494329200657466
0.0493974631378905
0.0493596264398157
0.0493193800065748
0.0492767193941514
0.0492316753833648
0.0491843274781451
0.0491348236467188
0.0490834116577055
0.0490304968425573
0.0490240134738622
0.0490766515923331
0.0491277894851671
0.0491770229849517
0.0492241054675155
0.0492688900560112
0.0493112982616069
0.0493513002253227
0.0493889012084196
0.0494241318819099
0.0494570411165885
0.0494876905115375
0.0495161501804415
0.0495424954747624
0.0495668044197209
0.0495891557011039
0.0496096270834178
0.0496282941673126
0.0496452294165465
0.0496605013987418
0.0496741741964845
0.0496863069536025
0.0496969535285333
0.0497061622323954
0.0497139756332188
0.0497204304114955
0.0497255572558375
0.0497293807885580
0.0497319195143167
0.0497331857864968
0.0497331857864968
0.0497319195143167
0.0497293807885580
0.0497255572558375
0.0497204304114955
0.0497139756332188
0.0497061622323954
0.0496969535285333
0.0496863069536025
0.0496741741964845
0.0496605013987418
0.0496452294165465
0.0496282941673126
0.0496096270834178
0.0495891557011039
0.0495668044197209
0.0495424954747624
0.0495161501804415
0.0494876905115376
0.0494570411165885
0.0494241318819099
0.0493889012084196
0.0493513002253229
0.0493112982616072
0.0492688900560112
0.0492241054675155
0.0491770229849517
0.0491277894851671
0.0490766515923331
0.0490240134738622
0.0490166403271920
0.0490689604948128
0.0491197834745662
0.0491687064780466
0.0492154842314158
0.0492599711399108
0.0493020899007753
0.0493418117252636
0.0493791428161440
0.0494141146503249
0.0494467767672685
0.0494771913004525
0.0495054287703917
0.0495315648173151
0.0495556776487123
0.0495778460390838
0.0495981477615861
0.0496166583592325
0.0496334501853299
0.0496485916569370
0.0496621466779776
0.0496741741964845
0.0496847278680047
0.0496938558022196
0.0497016003749531
0.0497079980904064
0.0497130794820516
0.0497168690428850
0.0497193851776339
0.0497206401715235
0.0497206401715235
0.0497193851776339
0.0497168690428850
0.0497130794820516
0.0497079980904065
0.0497016003749530
0.0496938558022196
0.0496847278680044
0.0496741741964845
0.0496621466779776
0.0496485916569370
0.0496334501853299
0.0496166583592325
0.0495981477615861
0.0495778460390838
0.0495556776487123
0.0495315648173151
0.0495054287703917
0.0494771913004528
0.0494467767672685
0.0494141146503248
0.0493791428161440
0.0493418117252636
0.0493020899007753
0.0492599711399108
0.0492154842314163
0.0491687064780466
0.0491197834745658
0.0490689604948128
0.0490166403271920
0.0490083500655795
0.0490603085688182
0.0491107734065447
0.0491593434132403
0.0492057748970951
0.0492499237577984
0.0492917140664673
0.0493311182649402
0.0493681436287280
0.0494028225427496
0.0494352052892989
0.0494653545845159
0.0494933413808003
0.0495192416121073
0.0495431336561682
0.0495650963506281
0.0495852074411153
0.0496035423691393
0.0496201733284317
0.0496351685335499
0.0496485916569369
0.0496605013987418
0.0496709511614842
0.0496799888067423
0.0496876564755636
0.0496939904581243
0.0496990211006445
0.0497027727406276
0.0497052636628732
0.0497065060711334
0.0497065060711338
0.0497052636628732
0.0497027727406276
0.0496990211006445
0.0496939904581243
0.0496876564755633
0.0496799888067423
0.0496709511614842
0.0496605013987418
0.0496485916569369
0.0496351685335499
0.0496201733284317
0.0496035423691393
0.0495852074411153
0.0495650963506281
0.0495431336561682
0.0495192416121073
0.0494933413808003
0.0494653545845159
0.0494352052892989
0.0494028225427503
0.0493681436287283
0.0493311182649401
0.0492917140664673
0.0492499237577984
0.0492057748970951
0.0491593434132402
0.0491107734065447
0.0490603085688182
0.0490083500655795
0.0489991127618651
0.0490506630943731
0.0491007238258725
0.0491488956926898
0.0491949368476834
0.0492387049227355
0.0492801255701942
0.0493191726358081
0.0493558546059731
0.0493902048771028
0.0494222745450095
0.0494521269493369
0.0494798334890480
0.0495054703841861
0.0495291161570512
0.0495508496683523
0.0495707485855834
0.0495888881908065
0.0496053404558332
0.0496201733284318
0.0496334501853299
0.0496452294165465
0.0496555641125849
0.0496645018322799
0.0496720844327022
0.0496783479467032
0.0496833224965196
0.0496870322343820
0.0496894953026005
0.0496907238082281
0.0496907238082281
0.0496894953026005
0.0496870322343820
0.0496833224965196
0.0496783479467032
0.0496720844327022
0.0496645018322799
0.0496555641125851
0.0496452294165465
0.0496334501853299
0.0496201733284318
0.0496053404558335
0.0495888881908065
0.0495707485855834
0.0495508496683523
0.0495291161570512
0.0495054703841861
0.0494798334890480
0.0494521269493369
0.0494222745450095
0.0493902048771028
0.0493558546059731
0.0493191726358081
0.0492801255701943
0.0492387049227355
0.0491949368476833
0.0491488956926898
0.0491007238258725
0.0490506630943731
0.0489991127618651
0.0489888960990352
0.0490399886084255
0.0490895961935559
0.0491373218140072
0.0491829257668407
0.0492262676837658
0.0492672750276320
0.0493059232354064
0.0493422221489701
0.0493762062792733
0.0494079276001648
0.0494374501050927
0.0494648456403396
0.0494901906884380
0.0495135638734380
0.0495350440215482
0.0495547086543665
0.0495726328200701
0.0495888881908066
0.0496035423691394
0.0496166583592325
0.0496282941673126
0.0496385025030270
0.0496473305593318
0.0496548198527502
0.0496610061095400
0.0496659191864013
0.0496695830166007
0.0496720155745814
0.0496732288537582
0.0496732288537582
0.0496720155745814
0.0496695830166007
0.0496659191864013
0.0496610061095400
0.0496548198527502
0.0496473305593318
0.0496385025030269
0.0496282941673126
0.0496166583592325
0.0496035423691394
0.0495888881908065
0.0495726328200701
0.0495547086543665
0.0495350440215482
0.0495135638734380
0.0494901906884379
0.0494648456403399
0.0494374501050927
0.0494079276001648
0.0493762062792733
0.0493422221489701
0.0493059232354070
0.0492672750276320
0.0492262676837658
0.0491829257668407
0.0491373218140072
0.0490895961935558
0.0490399886084255
0.0489888960990352
0.0489776656248318
0.0490282471373123
0.0490773491001071
0.0491245770688600
0.0491696938283428
0.0492125613125193
0.0492531090485565
0.0492913142664721
0.0493271883131287
0.0493607669137983
0.0493921029751168
0.0494212611597362
0.0494483137437881
0.0494733374285300
0.0494964108756677
0.0495176127984513
0.0495370204843830
0.0495547086543665
0.0495707485855834
0.0495852074411153
0.0495981477615863
0.0496096270834178
0.0496196976558118
0.0496284062335736
0.0496357939284613
0.0496418961044920
0.0496467423059996
0.0496503562097998
0.0496527555941262
0.0496539523198961
0.0496539523198962
0.0496527555941262
0.0496503562097998
0.0496467423059996
0.0496418961044920
0.0496357939284613
0.0496284062335736
0.0496196976558118
0.0496096270834178
0.0495981477615861
0.0495852074411153
0.0495707485855834
0.0495547086543665
0.0495370204843830
0.0495176127984514
0.0494964108756677
0.0494733374285300
0.0494483137437881
0.0494212611597362
0.0493921029751167
0.0493607669137982
0.0493271883131287
0.0492913142664721
0.0492531090485565
0.0492125613125193
0.0491696938283427
0.0491245770688600
0.0490773491001071
0.0490282471373123
0.0489776656248318
0.0489653850736986
0.0490153984941124
0.0490639385422177
0.0491106138048956
0.0491551899505520
0.0491975315580888
0.0492375704997432
0.0492752860143952
0.0493106911057487
0.0493438228058287
0.0493747349938272
0.0494034929965551
0.0494301694787626
0.0494548412911485
0.0494775870432689
0.0494984852318006
0.0495176127984514
0.0495350440215482
0.0495508496683525
0.0495650963506281
0.0495778460390838
0.0495891557011039
0.0495990770343711
0.0496076562736227
0.0496149340536535
0.0496209453139935
0.0496257192347222
0.0496292791944411
0.0496316427440529
0.0496328215910590
0.0496328215910590
0.0496316427440529
0.0496292791944411
0.0496257192347222
0.0496209453139936
0.0496149340536535
0.0496076562736227
0.0495990770343711
0.0495891557011037
0.0495778460390838
0.0495650963506281
0.0495508496683525
0.0495350440215482
0.0495176127984513
0.0494984852318004
0.0494775870432689
0.0494548412911485
0.0494301694787626
0.0494034929965551
0.0493747349938271
0.0493438228058288
0.0493106911057487
0.0492752860143950
0.0492375704997432
0.0491975315580888
0.0491551899505520
0.0491106138048956
0.0490639385422177
0.0490153984941124
0.0489653850736986
0.0489520167727681
0.0490014006575979
0.0490493182798186
0.0490953817687530
0.0491393601349239
0.0491811209907017
0.0492205988630980
0.0492577752279670
0.0492926648957113
0.0493253062839859
0.0493557542621214
0.0493840747885018
0.0494103408446387
0.0494346293297047
0.0494570186802308
0.0494775870432689
0.0494964108756678
0.0495135638734380
0.0495291161570511
0.0495431336561682
0.0495556776487123
0.0495668044197210
0.0495765650124547
0.0495850050498652
0.0495921646093684
0.0495980781372276
0.0496027743920537
0.0496062764086680
0.0496086014764342
0.0496097611267810
0.0496097611267810
0.0496086014764342
0.0496062764086678
0.0496027743920537
0.0495980781372276
0.0495921646093684
0.0495850050498652
0.0495765650124547
0.0495668044197210
0.0495556776487131
0.0495431336561682
0.0495291161570511
0.0495135638734379
0.0494964108756678
0.0494775870432689
0.0494570186802308
0.0494346293297048
0.0494103408446387
0.0493840747885018
0.0493557542621214
0.0493253062839860
0.0492926648957113
0.0492577752279670
0.0492205988630980
0.0491811209907017
0.0491393601349239
0.0490953817687530
0.0490493182798186
0.0490014006575979
0.0489520167727681
0.0489375221524929
0.0489862102533632
0.0490334402947774
0.0490788285527706
0.0491221479127549
0.0491632694614576
0.0492021307197199
0.0492387156370048
0.0492730409712412
0.0493051465821772
0.0493350883154128
0.0493629326915094
0.0493887528977246
0.0494126257419231
0.0494346293297048
0.0494548412911485
0.0494733374285300
0.0494901906884379
0.0495054703841860
0.0495192416121073
0.0495315648173135
0.0495424954747624
0.0495520838584674
0.0495603748779222
0.0495674079647656
0.0495732169968351
0.0495778302489642
0.0495812703628203
0.0495835543293815
0.0495846934794885
0.0495846934794885
0.0495835543293815
0.0495812703628204
0.0495778302489642
0.0495732169968351
0.0495674079647656
0.0495603748779222
0.0495520838584674
0.0495424954747624
0.0495315648173135
0.0495192416121073
0.0495054703841860
0.0494901906884379
0.0494733374285300
0.0494548412911485
0.0494346293297048
0.0494126257419231
0.0493887528977246
0.0493629326915093
0.0493350883154128
0.0493051465821772
0.0492730409712412
0.0492387156370048
0.0492021307197199
0.0491632694614577
0.0491221479127549
0.0490788285527706
0.0490334402947774
0.0489862102533632
0.0489375221524929
0.0489218623886518
0.0489697831639316
0.0490162553787096
0.0490609001746527
0.0491034949331984
0.0491439147143616
0.0491821003998514
0.0492180386507649
0.0492517482936472
0.0492832706519698
0.0493126624897132
0.0493399907717549
0.0493653287312060
0.0493887528977246
0.0494103408446386
0.0494301694787626
0.0494483137437881
0.0494648456403396
0.0494798334890480
0.0494933413808014
0.0495054287703914
0.0495161501804415
0.0495255549891678
0.0495336872814184
0.0495405857471868
0.0495462836146051
0.0495508086079573
0.0495541829227670
0.0495564232122682
0.0495575405807299
0.0495575405807299
0.0495564232122682
0.0495541829227670
0.0495508086079574
0.0495462836146051
0.0495405857471868
0.0495336872814185
0.0495255549891678
0.0495161501804415
0.0495054287703914
0.0494933413808004
0.0494798334890480
0.0494648456403396
0.0494483137437881
0.0494301694787626
0.0494103408446386
0.0493887528977246
0.0493653287312060
0.0493399907717549
0.0493126624897132
0.0492832706519698
0.0492517482936472
0.0492180386507649
0.0491821003998514
0.0491439147143616
0.0491034949331984
0.0490609001746526
0.0490162553787096
0.0489697831639316
0.0489218623886518
0.0489049992095217
0.0489520753018088
0.0489977138855513
0.0490415418289535
0.0490833417351882
0.0491229931991971
0.0491604408532811
0.0491956742973026
0.0492287145115816
0.0492596042531365
0.0492884010861668
0.0493151722395666
0.0493399907717549
0.0493629326915094
0.0493840747885018
0.0494034929965551
0.0494212611597362
0.0494374501050939
0.0494521269493369
0.0494653545845159
0.0494771913004524
0.0494876905115376
0.0494969005625419
0.0495048645938873
0.0495116204510038
0.0495172006258909
0.0495216322214111
0.0495249369310701
0.0495271310288848
0.0495282253651910
0.0495282253651910
0.0495271310288848
0.0495249369310701
0.0495216322214111
0.0495172006258909
0.0495116204510038
0.0495048645938873
0.0494969005625419
0.0494876905115375
0.0494771913004525
0.0494653545845159
0.0494521269493368
0.0494374501050939
0.0494212611597362
0.0494034929965551
0.0493840747885018
0.0493629326915094
0.0493399907717549
0.0493151722395666
0.0492884010861663
0.0492596042531365
0.0492287145115816
0.0491956742973026
0.0491604408532811
0.0491229931991964
0.0490833417351882
0.0490415418289535
0.0489977138855514
0.0489520753018089
0.0489049992095216
0.0488868959126281
0.0489330435905090
0.0489777666963673
0.0490206988627156
0.0490616287630524
0.0491004411529197
0.0491370848157054
0.0491715524861407
0.0492038673242348
0.0492340734151713
0.0492622289246771
0.0492884010861668
0.0493126624897130
0.0493350883154128
0.0493557542621214
0.0493747349938269
0.0493921029751168
0.0494079276001648
0.0494222745450095
0.0494352052892988
0.0494467767672685
0.0494570411165885
0.0494660455012839
0.0494738319899913
0.0494804374751622
0.0494858936218960
0.0494902268375662
0.0494934582555058
0.0494956037275880
0.0494966738217304
0.0494966738217304
0.0494956037275880
0.0494934582555059
0.0494902268375661
0.0494858936218960
0.0494804374751622
0.0494738319899912
0.0494660455012839
0.0494570411165885
0.0494467767672685
0.0494352052892988
0.0494222745450095
0.0494079276001648
0.0493921029751168
0.0493747349938272
0.0493557542621212
0.0493350883154128
0.0493126624897130
0.0492884010861668
0.0492622289246771
0.0492340734151713
0.0492038673242348
0.0491715524861407
0.0491370848157054
0.0491004411529202
0.0490616287630524
0.0490206988627156
0.0489777666963673
0.0489330435905090
0.0488868959126280
0.0488675186498176
0.0489126472133262
0.0489563664601153
0.0489983180473272
0.0490382977086790
0.0490761960443975
0.0491119663772721
0.0491456047100547
0.0491771363154411
0.0492066063961518
0.0492340734151714
0.0492596042531365
0.0492832706519698
0.0493051465821772
0.0493253062839859
0.0493438228058287
0.0493607669137982
0.0493762062792733
0.0493902048771028
0.0494028225427497
0.0494141146503248
0.0494241318819097
0.0494329200657466
0.0494405200656645
0.0494469677085915
0.0494522937390267
0.0494565237927579
0.0494596783834217
0.0494617728967561
0.0494628175894352
0.0494628175894352
0.0494617728967561
0.0494596783834218
0.0494565237927582
0.0494522937390267
0.0494469677085921
0.0494405200656645
0.0494329200657466
0.0494241318819097
0.0494141146503248
0.0494028225427497
0.0493902048771028
0.0493762062792733
0.0493607669137982
0.0493438228058287
0.0493253062839859
0.0493051465821772
0.0492832706519698
0.0492596042531365
0.0492340734151714
0.0492066063961518
0.0491771363154411
0.0491456047100548
0.0491119663772721
0.0490761960443975
0.0490382977086790
0.0489983180473272
0.0489563664601153
0.0489126472133263
0.0488675186498176
0.0488468380608157
0.0488908492115999
0.0489334692004344
0.0489743492496312
0.0490132933004262
0.0490501985204582
0.0490850231065131
0.0491177663505198
0.0491484554315612
0.0491771363154410
0.0492038673242348
0.0492287145115815
0.0492517482936472
0.0492730409712412
0.0492926648957113
0.0493106911057487
0.0493271883131287
0.0493422221489701
0.0493558546059731
0.0493681436287280
0.0493791428161439
0.0493889012084196
0.0493974631378905
0.0494048681273661
0.0494111508234024
0.0494163409549752
0.0494204633095577
0.0494235377211120
0.0494255790652490
0.0494265972584011
0.0494265972584011
0.0494255790652490
0.0494235377211120
0.0494204633095577
0.0494163409549752
0.0494111508234024
0.0494048681273661
0.0493974631378905
0.0493889012084196
0.0493791428161440
0.0493681436287280
0.0493558546059731
0.0493422221489701
0.0493271883131289
0.0493106911057487
0.0492926648957113
0.0492730409712419
0.0492517482936472
0.0492287145115815
0.0492038673242347
0.0491771363154412
0.0491484554315612
0.0491177663505198
0.0490850231065138
0.0490501985204582
0.0490132933004262
0.0489743492496312
0.0489334692004344
0.0488908492115999
0.0488468380608157
0.0488248313662005
0.0488676185477678
0.0489090364168933
0.0489487476548970
0.0489865657194806
0.0490223950602211
0.0490561989574180
0.0490879798281016
0.0491177663505198
0.0491456047100547
0.0491715524861407
0.0491956742973026
0.0492180386507649
0.0492387156370048
0.0492577752279670
0.0492752860143952
0.0492913142664720
0.0493059232354064
0.0493191726358081
0.0493311182649401
0.0493418117252632
0.0493513002253226
0.0493596264398156
0.0493668284136196
0.0493729394986130
0.0493779883139571
0.0493819987228503
0.0493849898206156
0.0493869759293864
0.0493879665969584
0.0493879665969585
0.0493869759293863
0.0493849898206156
0.0493819987228503
0.0493779883139571
0.0493729394986130
0.0493668284136196
0.0493596264398157
0.0493513002253226
0.0493418117252632
0.0493311182649401
0.0493191726358082
0.0493059232354070
0.0492913142664720
0.0492752860143950
0.0492577752279670
0.0492387156370048
0.0492180386507649
0.0491956742973026
0.0491715524861407
0.0491456047100547
0.0491177663505198
0.0490879798281016
0.0490561989574180
0.0490223950602211
0.0489865657194806
0.0489487476548970
0.0489090364168929
0.0488676185477678
0.0488248313662005
0.0488014850808123
0.0488429328019972
0.0488830378760376
0.0489214767779994
0.0489580739253823
0.0489927416578287
0.0490254483054977
0.0490561989574180
0.0490850231065132
0.0491119663772720
0.0491370848157054
0.0491604408532811
0.0491821003998514
0.0492021307197204
0.0492205988630980
0.0492375704997432
0.0492531090485565
0.0492672750276320
0.0492801255701942
0.0492917140664673
0.0493020899007753
0.0493112982616069
0.0493193800065748
0.0493263715687714
0.0493323048939685
0.0493372074001440
0.0493411019530165
0.0493440068523828
0.0493459358253909
0.0493468980239159
0.0493468980239159
0.0493459358253909
0.0493440068523828
0.0493411019530165
0.0493372074001440
0.0493323048939685
0.0493263715687714
0.0493193800065748
0.0493112982616069
0.0493020899007753
0.0492917140664673
0.0492801255701942
0.0492672750276320
0.0492531090485565
0.0492375704997432
0.0492205988630980
0.0492021307197204
0.0491821003998515
0.0491604408532811
0.0491370848157054
0.0491119663772720
0.0490850231065138
0.0490561989574181
0.0490254483054977
0.0489927416578287
0.0489580739253823
0.0489214767779994
0.0488830378760376
0.0488429328019972
0.0488014850808123
0.0487767985892751
0.0488167817610765
0.0488554554046662
0.0488925126523426
0.0489277903539235
0.0489612090497481
0.0489927416578287
0.0490223950602211
0.0490501985204582
0.0490761960443975
0.0491004411529196
0.0491229931991963
0.0491439147143616
0.0491632694614576
0.0491811209907018
0.0491975315580888
0.0492125613125193
0.0492262676837658
0.0492387049227356
0.0492499237577984
0.0492599711399108
0.0492688900560112
0.0492767193941512
0.0492834938483780
0.0492892438529217
0.0492939955386512
0.0492977707049630
0.0493005868029861
0.0493024569260384
0.0493033898047145
0.0493033898047145
0.0493024569260384
0.0493005868029860
0.0492977707049630
0.0492939955386512
0.0492892438529217
0.0492834938483780
0.0492767193941512
0.0492688900560112
0.0492599711399108
0.0492499237577984
0.0492387049227356
0.0492262676837658
0.0492125613125193
0.0491975315580885
0.0491811209907018
0.0491632694614576
0.0491439147143616
0.0491229931991971
0.0491004411529196
0.0490761960443975
0.0490501985204582
0.0490223950602210
0.0489927416578287
0.0489612090497481
0.0489277903539235
0.0488925126523426
0.0488554554046662
0.0488167817610765
0.0487767985892751
0.0487507889683123
0.0487891723255587
0.0488262882255887
0.0488618498807903
0.0488957077886946
0.0489277903539235
0.0489580739253823
0.0489865657194806
0.0490132933004262
0.0490382977086790
0.0490616287630524
0.0490833417351882
0.0491034949331984
0.0491221479127549
0.0491393601349239
0.0491551899505520
0.0491696938283427
0.0491829257668407
0.0491949368476833
0.0492057748970951
0.0492154842314163
0.0492241054675155
0.0492316753833648
0.0492382268171776
0.0492437885955459
0.0492483854839148
0.0492520381530646
0.0492547631573731
0.0492565729212219
0.0492574757310734
0.0492574757310734
0.0492565729212219
0.0492547631573731
0.0492520381530645
0.0492483854839148
0.0492437885955459
0.0492382268171775
0.0492316753833648
0.0492241054675155
0.0492154842314163
0.0492057748970951
0.0491949368476844
0.0491829257668407
0.0491696938283428
0.0491551899505520
0.0491393601349239
0.0491221479127548
0.0491034949331984
0.0490833417351882
0.0490616287630522
0.0490382977086790
0.0490132933004262
0.0489865657194806
0.0489580739253823
0.0489277903539235
0.0488957077886950
0.0488618498807903
0.0488262882255887
0.0487891723255587
0.0487507889683123
0.0487234977131529
0.0487601355001986
0.0487955608667789
0.0488295108541248
0.0488618498807907
0.0488925126523426
0.0489214767779994
0.0489487476548970
0.0489743492496311
0.0489983180473271
0.0490206988627156
0.0490415418289535
0.0490609001746527
0.0490788285527706
0.0490953817687528
0.0491106138048956
0.0491245770688600
0.0491373218140076
0.0491488956926893
0.0491593434132403
0.0491687064780466
0.0491770229849517
0.0491843274781451
0.0491906508376963
0.0491960201987149
0.0492004588932305
0.0492039864093009
0.0492066183629698
0.0492083664794485
0.0492092385812620
0.0492092385812620
0.0492083664794485
0.0492066183629698
0.0492039864093009
0.0492004588932305
0.0491960201987149
0.0491906508376963
0.0491843274781451
0.0491770229849517
0.0491687064780466
0.0491593434132403
0.0491488956926898
0.0491373218140076
0.0491245770688600
0.0491106138048956
0.0490953817687530
0.0490788285527706
0.0490609001746527
0.0490415418289535
0.0490206988627156
0.0489983180473271
0.0489743492496311
0.0489487476548970
0.0489214767779994
0.0488925126523426
0.0488618498807907
0.0488295108541248
0.0487955608667789
0.0487601355001986
0.0487234977131529
0.0486950006097373
0.0487297370434820
0.0487633358788715
0.0487955608667788
0.0488262882255889
0.0488554554046663
0.0488830378760376
0.0489090364168930
0.0489334692004344
0.0489563664601153
0.0489777666963673
0.0489977138855513
0.0490162553787096
0.0490334402947774
0.0490493182798186
0.0490639385422177
0.0490773491001071
0.0490895961935558
0.0491007238258725
0.0491107734065447
0.0491197834745663
0.0491277894851671
0.0491348236467188
0.0491409147972055
0.0491460883114108
0.0491503660324392
0.0491537662216001
0.0491563035226773
0.0491579889371605
0.0491588298075683
0.0491588298075683
0.0491579889371605
0.0491563035226773
0.0491537662216001
0.0491503660324392
0.0491460883114103
0.0491409147972055
0.0491348236467188
0.0491277894851674
0.0491197834745663
0.0491107734065447
0.0491007238258725
0.0490895961935558
0.0490773491001071
0.0490639385422177
0.0490493182798186
0.0490334402947774
0.0490162553787096
0.0489977138855513
0.0489777666963673
0.0489563664601153
0.0489334692004345
0.0489090364168930
0.0488830378760376
0.0488554554046663
0.0488262882255887
0.0487955608667788
0.0487633358788715
0.0487297370434820
0.0486950006097373
0.0486654234681078
0.0486980957688107
0.0487297370434820
0.0487601355001986
0.0487891723255586
0.0488167817610764
0.0488429328019972
0.0488676185477678
0.0488908492115999
0.0489126472133262
0.0489330435905088
0.0489520753018089
0.0489697831639315
0.0489862102533632
0.0490014006575979
0.0490153984941125
0.0490282471373123
0.0490399886084255
0.0490506630943731
0.0490603085688182
0.0490689604948127
0.0490766515923331
0.0490834116577055
0.0490892674241504
0.0490942424551116
0.0490983570635215
0.0491016282512821
0.0491040696649599
0.0491056915640266
0.0491065007992761
0.0491065007992761
0.0491056915640266
0.0491040696649597
0.0491016282512821
0.0490983570635216
0.0490942424551116
0.0490892674241504
0.0490834116577055
0.0490766515923330
0.0490689604948127
0.0490603085688182
0.0490506630943731
0.0490399886084255
0.0490282471373123
0.0490153984941124
0.0490014006575979
0.0489862102533632
0.0489697831639316
0.0489520753018089
0.0489330435905088
0.0489126472133262
0.0488908492115999
0.0488676185477678
0.0488429328019972
0.0488167817610764
0.0487891723255587
0.0487601355001986
0.0487297370434820
0.0486980957688107
0.0486654234681078
0.0486349712458982
0.0486654234681078
0.0486950006097373
0.0487234977131529
0.0487507889683123
0.0487767985892751
0.0488014850808123
0.0488248313662005
0.0488468380608157
0.0488675186498176
0.0488868959126281
0.0489049992095217
0.0489218623886519
0.0489375221524928
0.0489520167727681
0.0489653850736986
0.0489776656248318
0.0489888960990352
0.0489991127618651
0.0490083500655795
0.0490166403271920
0.0490240134738622
0.0490304968425573
0.0490361150230480
0.0490408897358296
0.0490448397382241
0.0490479807525548
0.0490503254127397
0.0490518832251092
0.0490526605413163
0.0490526605413163
0.0490518832251092
0.0490503254127397
0.0490479807525548
0.0490448397382241
0.0490408897358296
0.0490361150230480
0.0490304968425569
0.0490240134738622
0.0490166403271920
0.0490083500655795
0.0489991127618651
0.0489888960990352
0.0489776656248318
0.0489653850736986
0.0489520167727681
0.0489375221524928
0.0489218623886519
0.0489049992095217
0.0488868959126281
0.0488675186498176
0.0488468380608157
0.0488248313662005
0.0488014850808123
0.0487767985892751
0.0487507889683123
0.0487234977131529
0.0486950006097373
0.0486654234681078
0.0486349712458982
0.9727013661564167
0.9733104769049044
0.9739020787886242
0.9744720733195319
0.9750179450151968
0.9755381788904625
0.9760319457512922
0.9764989047235482
0.9769390687058248
0.9773527079155355
0.9777402783752280
0.9781023676475268
0.9784396529787114
0.9787528686361461
0.9790427802145489
0.9793101643078808
0.9795557923732741
0.9797804179013186
0.9799847662066644
0.9801695263173837
0.9803353445404515
0.9804828193750301
0.9806124975091259
0.9807248706838525
0.9808203732564649
0.9808993803217120
0.9809622062818016
0.9810091037758468
0.9810402629003813
0.9810558106685240
0.9810558106685240
0.9810402629003812
0.9810091037758469
0.9809622062818016
0.9808993803217120
0.9808203732564649
0.9807248706838525
0.9806124975091282
0.9804828193750301
0.9803353445404515
0.9801695263173837
0.9799847662066644
0.9797804179013186
0.9795557923732738
0.9793101643078808
0.9790427802145496
0.9787528686361461
0.9784396529787114
0.9781023676475268
0.9777402783752280
0.9773527079155355
0.9769390687058248
0.9764989047235482
0.9760319457512922
0.9755381788904625
0.9750179450151968
0.9744720733195319
0.9739020787886242
0.9733104769049044
0.9727013661564167
0.9733104769049044
0.9739639791997529
0.9745968526422458
0.9752048624453343
0.9757856333677660
0.9763378512276093
0.9768608968468698
0.9773546330390056
0.9778192647852706
0.9782552410927331
0.9786631832134903
0.9790438307236566
0.9793980002697088
0.9797265536137280
0.9800303726692374
0.9803103398914135
0.9805673228253723
0.9808021619150458
0.9810156608863156
0.9812085791779699
0.9813816259995625
0.9815354556885434
0.9816706641034431
0.9817877858385644
0.9818872920951496
0.9819695890681331
0.9820350167396086
0.9820838479934011
0.9821162879825227
0.9821324736975756
0.9821324736975756
0.9821162879825227
0.9820838479934011
0.9820350167396086
0.9819695890681331
0.9818872920951494
0.9817877858385644
0.9816706641034431
0.9815354556885434
0.9813816259995625
0.9812085791779699
0.9810156608863156
0.9808021619150458
0.9805673228253723
0.9803103398914135
0.9800303726692374
0.9797265536137280
0.9793980002697088
0.9790438307236566
0.9786631832134903
0.9782552410927331
0.9778192647852706
0.9773546330390056
0.9768608968468698
0.9763378512276085
0.9757856333677660
0.9752048624453343
0.9745968526422458
0.9739639791997529
0.9733104769049044
0.9739020787886242
0.9745968526422458
0.9752688650353701
0.9759133924952810
0.9765279607778458
0.9771113201427161
0.9776629811697541
0.9781829603963941
0.9786716221314834
0.9791295717437190
0.9795575798057715
0.9799565262866794
0.9803273585390050
0.9806710591822495
0.9809886212978551
0.9812810291487359
0.9815492431393633
0.9817941880708158
0.9820167439765130
0.9822177389902155
0.9823979438189724
0.9825580674839998
0.9826987540661600
0.9828205802363676
0.9829240534069198
0.9830096103616784
0.9830776162590763
0.9831283639182619
0.9831620733241913
0.9831788912985098
0.9831788912985090
0.9831620733241913
0.9831283639182619
0.9830776162590763
0.9830096103616784
0.9829240534069198
0.9828205802363676
0.9826987540661600
0.9825580674839998
0.9823979438189724
0.9822177389902155
0.9820167439765130
0.9817941880708158
0.9815492431393633
0.9812810291487359
0.9809886212978551
0.9806710591822495
0.9803273585390050
0.9799565262866805
0.9795575798057715
0.9791295717437190
0.9786716221314834
0.9781829603963943
0.9776629811697541
0.9771113201427161
0.9765279607778458
0.9759133924952810
0.9752688650353701
0.9745968526422458
0.9739020787886242
0.9744720733195319
0.9752048624453343
0.9759133924952810
0.9765924062717730
0.9772391939206485
0.9778524511297600
0.9784317314580611
0.9789771440179351
0.9794891691132542
0.9799685372342291
0.9804161452975525
0.9808329964407897
0.9812201555844978
0.9815787160290932
0.9819097740350078
0.9822144093285013
0.9824936700845918
0.9827485613472174
0.9829800361069191
0.9831889884499488
0.9833762483270125
0.9835425775891850
0.9836886670119899
0.9838151340895656
0.9839225214221459
0.9840112955581561
0.9840818461789294
0.9841344855372303
0.9841694480858327
0.9841868902404227
0.9841868902404227
0.9841694480858327
0.9841344855372303
0.9840818461789294
0.9840112955581561
0.9839225214221459
0.9838151340895656
0.9836886670119899
0.9835425775891850
0.9833762483270125
0.9831889884499485
0.9829800361069191
0.9827485613472174
0.9824936700845918
0.9822144093285013
0.9819097740350078
0.9815787160290932
0.9812201555844978
0.9808329964407897
0.9804161452975495
0.9799685372342291
0.9794891691132542
0.9789771440179351
0.9784317314580611
0.9778524511297600
0.9772391939206485
0.9765924062717730
0.9759133924952810
0.9752048624453343
0.9744720733195319
0.9750179450151922
0.9757856333677660
0.9765279607778458
0.9772391939206485
0.9779163449053559
0.9785579837119567
0.9791636389335807
0.9797334562452409
0.9802679880323021
0.9807680559781364
0.9812346571351190
0.9816688974404935
0.9820719434163711
0.9824449864150657
0.9827892157975087
0.9831057986417510
0.9833958643205986
0.9836604927573478
0.9839007055018526
0.9841174589711419
0.9843116393701919
0.9844840589072001
0.9846354530107831
0.9847664783170976
0.9848777112394322
0.9849696469786966
0.9850426988570921
0.9850971978842695
0.9851333924891972
0.9851514483603571
0.9851514483603571
0.9851333924891972
0.9850971978842695
0.9850426988570921
0.9849696469786966
0.9848777112394322
0.9847664783170976
0.9846354530107831
0.9844840589072001
0.9843116393701919
0.9841174589711419
0.9839007055018526
0.9836604927573478
0.9833958643205907
0.9831057986417510
0.9827892157975060
0.9824449864150657
0.9820719434163782
0.9816688974404935
0.9812346571351203
0.9807680559781364
0.9802679880323021
0.9797334562452409
0.9791636389335807
0.9785579837119569
0.9779163449053559
0.9772391939206485
0.9765279607778458
0.9757856333677657
0.9750179450151922
0.9755381788904625
0.9763378512276079
0.9771113201427133
0.9778524511297593
0.9785579837119569
0.9792263308869128
0.9798569528655418
0.9804499888137987
0.9810060252289108
0.9815259431870288
0.9820108138354918
0.9824618247690141
0.9828802269791380
0.9832672959606564
0.9836243028433886
0.9839524927883403
0.9842530687482992
0.9845271792433624
0.9847759091822944
0.9850002729981042
0.9852012095626231
0.9853795784603643
0.9855361572994871
0.9856716398123009
0.9857866345478965
0.9858816639995147
0.9859571640482344
0.9860134836296509
0.9860508845425827
0.9860695413534332
0.9860695413534332
0.9860508845425827
0.9860134836296509
0.9859571640482344
0.9858816639995147
0.9857866345478953
0.9856716398123009
0.9855361572994871
0.9853795784603643
0.9852012095626231
0.9850002729981042
0.9847759091822944
0.9845271792433630
0.9842530687482992
0.9839524927883403
0.9836243028433886
0.9832672959606564
0.9828802269791508
0.9824618247690139
0.9820108138354918
0.9815259431870288
0.9810060252289108
0.9804499888137987
0.9798569528655418
0.9792263308869128
0.9785579837119569
0.9778524511297584
0.9771113201427133
0.9763378512276079
0.9755381788904625
0.9760319457512922
0.9768608968468698
0.9776629811697541
0.9784317314580611
0.9791636389335807
0.9798569528655418
0.9805110419350422
0.9811260096186379
0.9817024471231494
0.9822412679805756
0.9827435938898332
0.9832106740382502
0.9836438269999137
0.9840443982886987
0.9844137290201328
0.9847531326088091
0.9850638773829726
0.9853471736029317
0.9856041637965668
0.9858359156065607
0.9860434165466969
0.9862275702089697
0.9863891935697008
0.9865290151238498
0.9866476736319160
0.9867457173150471
0.9868236033687804
0.9868816976910186
0.9869202747498074
0.9869395175323862
0.9869395175323862
0.9869202747498074
0.9868816976910186
0.9868236033687808
0.9867457173150471
0.9866476736319160
0.9865290151238498
0.9863891935697008
0.9862275702089697
0.9860434165466969
0.9858359156065604
0.9856041637965668
0.9853471736029320
0.9850638773829726
0.9847531326088091
0.9844137290201328
0.9840443982886987
0.9836438269999137
0.9832106740382502
0.9827435938898332
0.9822412679805756
0.9817024471231494
0.9811260096186379
0.9805110419350417
0.9798569528655418
0.9791636389335807
0.9784317314580611
0.9776629811697541
0.9768608968468691
0.9760319457512922
0.9764989047235482
0.9773546330390056
0.9781829603963943
0.9789771440179351
0.9797334562452534
0.9804499888137987
0.9811260096186394
0.9817615688578214
0.9823572415603961
0.9829139525552038
0.9834328542582402
0.9839152396222880
0.9843624791765583
0.9847759749519611
0.9851571264845967
0.9855073055886673
0.9858278375931403
0.9861199873951145
0.9863849491236321
0.9866238385371071
0.9868376874860088
0.9870274399406604
0.9871939491982107
0.9873379759696699
0.9874601871209481
0.9875611548822121
0.9876413563871683
0.9877011734333343
0.9877408923827572
0.9877607041348296
0.9877607041348350
0.9877408923827572
0.9877011734333343
0.9876413563871684
0.9875611548822121
0.9874601871209481
0.9873379759696697
0.9871939491982107
0.9870274399406604
0.9868376874860088
0.9866238385371077
0.9863849491236321
0.9861199873951145
0.9858278375931403
0.9855073055886668
0.9851571264845967
0.9847759749519611
0.9843624791765583
0.9839152396222880
0.9834328542582402
0.9829139525552038
0.9823572415603961
0.9817615688578242
0.9811260096186394
0.9804499888137987
0.9797334562452534
0.9789771440179351
0.9781829603963953
0.9773546330390056
0.9764989047235482
0.9769390687058248
0.9778192647852706
0.9786716221314842
0.9794891691132553
0.9802679880323023
0.9810060252289108
0.9817024471231494
0.9823572415603961
0.9829709536954417
0.9835445040389461
0.9840790599047088
0.9845759429730779
0.9850365619569441
0.9854623630910163
0.9858547934839418
0.9862152738903186
0.9865451784486341
0.9868458196288423
0.9871184370966927
0.9873641895332707
0.9875841486942648
0.9877792951608411
0.9879505153630325
0.9880985995518664
0.9882242404721328
0.9883280325357479
0.9884104713498550
0.9884719534768172
0.9885127763402624
0.9885331382084049
0.9885331382084049
0.9885127763402624
0.9884719534768172
0.9884104713498550
0.9883280325357479
0.9882242404721328
0.9880985995518664
0.9879505153630325
0.9877792951608378
0.9875841486942648
0.9873641895332707
0.9871184370966911
0.9868458196288423
0.9865451784486341
0.9862152738903186
0.9858547934839418
0.9854623630910163
0.9850365619569441
0.9845759429730779
0.9840790599047088
0.9835445040389461
0.9829709536954417
0.9823572415603961
0.9817024471231494
0.9810060252289108
0.9802679880323023
0.9794891691132542
0.9786716221314842
0.9778192647852706
0.9769390687058248
0.9773527079155355
0.9782552410927335
0.9791295717437190
0.9799685372342291
0.9807680559781364
0.9815259431870288
0.9822412679805774
0.9829139525552022
0.9835445040389451
0.9841338277482561
0.9846830938583028
0.9851936406115709
0.9856669032437579
0.9861043613780534
0.9865074998890472
0.9868777797079563
0.9872166160379912
0.9875253621330262
0.9878052972776706
0.9880576179476372
0.9882834313812165
0.9884837509762635
0.9886594930622725
0.9888114746951545
0.9889404122101424
0.9890469203180638
0.9891315115815241
0.9891945961476650
0.9892364816368407
0.9892573731177173
0.9892573731177173
0.9892364816368407
0.9891945961476650
0.9891315115815241
0.9890469203180638
0.9889404122101424
0.9888114746951545
0.9886594930622725
0.9884837509762635
0.9882834313812165
0.9880576179476372
0.9878052972776706
0.9875253621330262
0.9872166160379912
0.9868777797079563
0.9865074998890472
0.9861043613780534
0.9856669032437579
0.9851936406115709
0.9846830938583033
0.9841338277482561
0.9835445040389451
0.9829139525552038
0.9822412679805756
0.9815259431870288
0.9807680559781364
0.9799685372342291
0.9791295717437190
0.9782552410927335
0.9773527079155355
0.9777402783752280
0.9786631832134894
0.9795575798057715
0.9804161452975495
0.9812346571351200
0.9820108138354918
0.9827435938898332
0.9834328542582402
0.9840790599047091
0.9846830938583028
0.9852461203887137
0.9857694848136285
0.9862546393393508
0.9867030877774235
0.9871163441639382
0.9874959017253639
0.9878432096157984
0.9881596555236931
0.9884465527368230
0.9887051305938097
0.9889365275153786
0.9891417859927528
0.9893218490533555
0.9894775578328872
0.9896096499651709
0.9897187585604580
0.9898054116036584
0.9898700316282202
0.9899129355705741
0.9899343347208654
0.9899343347208654
0.9899129355705741
0.9898700316282202
0.9898054116036584
0.9897187585604550
0.9896096499651709
0.9894775578328872
0.9893218490533555
0.9891417859927525
0.9889365275153760
0.9887051305938097
0.9884465527368230
0.9881596555236931
0.9878432096157984
0.9874959017253669
0.9871163441639382
0.9867030877774293
0.9862546393393508
0.9857694848136285
0.9852461203887137
0.9846830938583028
0.9840790599047091
0.9834328542582402
0.9827435938898332
0.9820108138354918
0.9812346571351200
0.9804161452975495
0.9795575798057715
0.9786631832134894
0.9777402783752280
0.9781023676475269
0.9790438307236566
0.9799565262866805
0.9808329964407897
0.9816688974404928
0.9824618247690139
0.9832106740382499
0.9839152396222897
0.9845759429730806
0.9851936406115709
0.9857694848136237
0.9863048208266660
0.9868011102293873
0.9872598734048658
0.9876826461958402
0.9880709472108302
0.9884262531775462
0.9887499804233650
0.9890434710299917
0.9893079825653105
0.9895446805436209
0.9897546329741428
0.9899388064835084
0.9900980636291364
0.9902331610914414
0.9903447485093589
0.9904333677673653
0.9904994525957788
0.9905433283691243
0.9905652120212817
0.9905652120212817
0.9905433283691243
0.9904994525957802
0.9904333677673653
0.9903447485093589
0.9902331610914414
0.9900980636291364
0.9899388064835084
0.9897546329741428
0.9895446805436209
0.9893079825653101
0.9890434710299917
0.9887499804233650
0.9884262531775462
0.9880709472108302
0.9876826461958402
0.9872598734048658
0.9868011102293863
0.9863048208266660
0.9857694848136277
0.9851936406115709
0.9845759429730806
0.9839152396222897
0.9832106740382505
0.9824618247690139
0.9816688974404928
0.9808329964407897
0.9799565262866805
0.9790438307236566
0.9781023676475269
0.9784396529787114
0.9793980002697088
0.9803273585390058
0.9812201555844978
0.9820719434163757
0.9828802269791508
0.9836438269999137
0.9843624791765583
0.9850365619569441
0.9856669032437579
0.9862546393393508
0.9868011102293873
0.9873077809925422
0.9877761824277269
0.9882078660430349
0.9886043698939442
0.9889671926858095
0.9892977742012266
0.9895974805844372
0.9898675933620102
0.9901093013320552
0.9903236946535393
0.9905117606078021
0.9906743806287159
0.9908123282766422
0.9909262679030771
0.9910167538139194
0.9910842297732770
0.9911290287343144
0.9911513727076012
0.9911513727076012
0.9911290287343144
0.9910842297732770
0.9910167538139196
0.9909262679030771
0.9908123282766422
0.9906743806287159
0.9905117606078021
0.9903236946535393
0.9901093013320552
0.9898675933620102
0.9895974805844372
0.9892977742012266
0.9889671926858103
0.9886043698939442
0.9882078660430346
0.9877761824277269
0.9873077809925422
0.9868011102293873
0.9862546393393508
0.9856669032437579
0.9850365619569441
0.9843624791765583
0.9836438269999137
0.9828802269791508
0.9820719434163782
0.9812201555844978
0.9803273585390057
0.9793980002697088
0.9784396529787114
0.9787528686361485
0.9797265536137280
0.9806710591822495
0.9815787160290932
0.9824449864150657
0.9832672959606553
0.9840443982886987
0.9847759749519611
0.9854623630910173
0.9861043613780534
0.9867030877774229
0.9872598734048658
0.9877761824277269
0.9882535512076446
0.9886935418920505
0.9890977069910865
0.9894675623685374
0.9898045667117011
0.9901101060037695
0.9903854818665415
0.9906319028902053
0.9908504782655031
0.9910422131786831
0.9912080055450204
0.9913486437484129
0.9914648051256950
0.9915570549872372
0.9916258460133663
0.9916715179081971
0.9916942972120673
0.9916942972120673
0.9916715179081971
0.9916258460133663
0.9915570549872372
0.9914648051256950
0.9913486437484129
0.9912080055450195
0.9910422131786832
0.9908504782655031
0.9906319028902053
0.9903854818665433
0.9901101060037695
0.9898045667117011
0.9894675623685368
0.9890977069910869
0.9886935418920505
0.9882535512076446
0.9877761824277269
0.9872598734048658
0.9867030877774240
0.9861043613780534
0.9854623630910173
0.9847759749519611
0.9840443982886987
0.9832672959606553
0.9824449864150657
0.9815787160290932
0.9806710591822495
0.9797265536137280
0.9787528686361485
0.9790427802145496
0.9800303726692374
0.9809886212978547
0.9819097740350078
0.9827892157975087
0.9836243028433886
0.9844137290201328
0.9851571264845967
0.9858547934839418
0.9865074998890472
0.9871163441639382
0.9876826461958402
0.9882078660430349
0.9886935418920505
0.9891412425033075
0.9895525307177732
0.9899289354799605
0.9902719304530266
0.9905829177509071
0.9908632156483868
0.9911140493791614
0.9913365443254246
0.9915317210467922
0.9917004917182655
0.9918436576301557
0.9919619074811012
0.9920558162492790
0.9921258444749698
0.9921723378260101
0.9921955268510065
0.9921955268510060
0.9921723378260101
0.9921258444749698
0.9920558162492790
0.9919619074811012
0.9918436576301557
0.9917004917182655
0.9915317210467922
0.9913365443254246
0.9911140493791614
0.9908632156483868
0.9905829177509071
0.9902719304530272
0.9899289354799605
0.9895525307177732
0.9891412425033106
0.9886935418920505
0.9882078660430349
0.9876826461958402
0.9871163441639382
0.9865074998890475
0.9858547934839418
0.9851571264845967
0.9844137290201328
0.9836243028433886
0.9827892157975087
0.9819097740350078
0.9809886212978547
0.9800303726692374
0.9790427802145496
0.9793101643078808
0.9803103398914135
0.9812810291487359
0.9822144093285013
0.9831057986417510
0.9839524927883403
0.9847531326088097
0.9855073055886668
0.9862152738903184
0.9868777797079563
0.9874959017253669
0.9880709472108296
0.9886043698939442
0.9890977069910871
0.9895525307177732
0.9899704109012828
0.9903528861728433
0.9907014418319136
0.9910174929168485
0.9913023713337301
0.9915573161616773
0.9917834664195553
0.9919818557451316
0.9921534085419785
0.9922989372398567
0.9924191403964244
0.9925146014143714
0.9925857877046580
0.9926330501627616
0.9926566228564830
0.9926566228564830
0.9926330501627616
0.9925857877046580
0.9925146014143714
0.9924191403964244
0.9922989372398580
0.9921534085419780
0.9919818557451316
0.9917834664195553
0.9915573161616773
0.9913023713337301
0.9910174929168485
0.9907014418319136
0.9903528861728433
0.9899704109012828
0.9895525307177732
0.9890977069910871
0.9886043698939442
0.9880709472108302
0.9874959017253669
0.9868777797079563
0.9862152738903186
0.9855073055886673
0.9847531326088097
0.9839524927883403
0.9831057986417510
0.9822144093285013
0.9812810291487359
0.9803103398914135
0.9793101643078808
0.9795557923732738
0.9805673228253726
0.9815492431393633
0.9824936700845918
0.9833958643205909
0.9842530687482992
0.9850638773829726
0.9858278375931403
0.9865451784486341
0.9872166160379899
0.9878432096157984
0.9884262531775476
0.9889671926858095
0.9894675623685374
0.9899289354799605
0.9903528861728433
0.9907409599859991
0.9910946510624199
0.9914153846289305
0.9917045036084842
0.9919632584696766
0.9921927996033996
0.9923941716699896
0.9925683094664840
0.9927160349561952
0.9928380551805240
0.9929349608232754
0.9930072252548094
0.9930552039155606
0.9930791339388890
0.9930791339388890
0.9930552039155608
0.9930072252548094
0.9929349608232754
0.9928380551805240
0.9927160349561952
0.9925683094664840
0.9923941716699896
0.9921927996034035
0.9919632584696761
0.9917045036084848
0.9914153846289305
0.9910946510624199
0.9907409599859991
0.9903528861728443
0.9899289354799605
0.9894675623685374
0.9889671926858095
0.9884262531775471
0.9878432096157984
0.9872166160379902
0.9865451784486341
0.9858278375931403
0.9850638773829726
0.9842530687482992
0.9833958643205909
0.9824936700845918
0.9815492431393633
0.9805673228253726
0.9795557923732738
0.9797804179013186
0.9808021619150460
0.9817941880708152
0.9827485613472174
0.9836604927573477
0.9845271792433624
0.9853471736029320
0.9861199873951145
0.9868458196288424
0.9875253621330262
0.9881596555236933
0.9887499804233640
0.9892977742012266
0.9898045667117016
0.9902719304530272
0.9907014418319136
0.9910946510624199
0.9914530588257421
0.9917780982394319
0.9920711210087589
0.9923333868655937
0.9925660555885705
0.9927701810413099
0.9929467067771538
0.9930964628493790
0.9932201635398938
0.9933184057744943
0.9933916680509234
0.9934403097302028
0.9934645705952359
0.9934645705952359
0.9934403097302028
0.9933916680509234
0.9933184057744943
0.9932201635398924
0.9930964628493790
0.9929467067771538
0.9927701810413099
0.9925660555885705
0.9923333868655939
0.9920711210087589
0.9917780982394319
0.9914530588257421
0.9910946510624199
0.9907014418319136
0.9902719304530272
0.9898045667117011
0.9892977742012266
0.9887499804233640
0.9881596555236933
0.9875253621330262
0.9868458196288424
0.9861199873951145
0.9853471736029320
0.9845271792433624
0.9836604927573477
0.9827485613472174
0.9817941880708158
0.9808021619150460
0.9797804179013186
0.9799847662066644
0.9810156608863156
0.9820167439765130
0.9829800361069191
0.9839007055018526
0.9847759091822931
0.9856041637965668
0.9863849491236321
0.9871184370966927
0.9878052972776706
0.9884465527368230
0.9890434710299912
0.9895974805844382
0.9901101060037649
0.9905829177509071
0.9910174929168486
0.9914153846289303
0.9917780982394319
0.9921070728529039
0.9924036670719067
0.9926691480733358
0.9929046833050366
0.9931113342428067
0.9932900517518970
0.9934416726916963
0.9935669174716675
0.9936663883265440
0.9937405681291851
0.9937898195961755
0.9938143847820280
0.9938143847820280
0.9937898195961755
0.9937405681291851
0.9936663883265440
0.9935669174716675
0.9934416726916963
0.9932900517518970
0.9931113342428067
0.9929046833050366
0.9926691480733358
0.9924036670719067
0.9921070728529038
0.9917780982394319
0.9914153846289303
0.9910174929168486
0.9905829177509071
0.9901101060037649
0.9895974805844382
0.9890434710299912
0.9884465527368230
0.9878052972776706
0.9871184370966927
0.9863849491236321
0.9856041637965668
0.9847759091822934
0.9839007055018526
0.9829800361069191
0.9820167439765130
0.9810156608863156
0.9799847662066647
0.9801695263173837
0.9812085791779699
0.9822177389902155
0.9831889884499485
0.9841174589711419
0.9850002729981042
0.9858359156065615
0.9866238385371083
0.9873641895332703
0.9880576179476382
0.9887051305938097
0.9893079825653105
0.9898675933620138
0.9903854818665415
0.9908632156483868
0.9913023713337301
0.9917045036084842
0.9920711210087589
0.9924036670719066
0.9927035057313089
0.9929719100717305
0.9932100537395697
0.9934190044452713
0.9935997191049009
0.9937530402540485
0.9938796934448575
0.9939802853884508
0.9940553026615782
0.9941051108294124
0.9941299538775666
0.9941299538775666
0.9941051108294124
0.9940553026615777
0.9939802853884521
0.9938796934448575
0.9937530402540485
0.9935997191049009
0.9934190044452713
0.9932100537395692
0.9929719100717305
0.9927035057313064
0.9924036670718771
0.9920711210087589
0.9917045036084842
0.9913023713337301
0.9908632156483868
0.9903854818665415
0.9898675933620138
0.9893079825653105
0.9887051305938097
0.9880576179476382
0.9873641895332703
0.9866238385371083
0.9858359156065615
0.9850002729981042
0.9841174589711419
0.9831889884499485
0.9822177389902155
0.9812085791779699
0.9801695263173837
0.9803353445404515
0.9813816259995625
0.9823979438189724
0.9833762483270140
0.9843116393701919
0.9852012095626231
0.9860434165466969
0.9868376874860064
0.9875841486942648
0.9882834313812165
0.9889365275153756
0.9895446805436232
0.9901093013320560
0.9906319028902053
0.9911140493791614
0.9915573161616783
0.9919632584696761
0.9923333868655937
0.9926691480733358
0.9929719100717332
0.9932429505710938
0.9934834481714547
0.9936944756393001
0.9938769948495786
0.9940318530299098
0.9941597800104567
0.9942613862449760
0.9943371614178300
0.9943874734914545
0.9944125680807923
0.9944125680807923
0.9943874734914545
0.9943371614178300
0.9942613862449760
0.9941597800104567
0.9940318530299098
0.9938769948495786
0.9936944756393001
0.9934834481714547
0.9932429505710938
0.9929719100717332
0.9926691480733358
0.9923333868655937
0.9919632584696761
0.9915573161616797
0.9911140493791614
0.9906319028902053
0.9901093013320560
0.9895446805436232
0.9889365275153756
0.9882834313812165
0.9875841486942648
0.9868376874860064
0.9860434165466969
0.9852012095626231
0.9843116393701919
0.9833762483270140
0.9823979438189724
0.9813816259995625
0.9803353445404515
0.9804828193750301
0.9815354556885437
0.9825580674839999
0.9835425775891850
0.9844840589071998
0.9853795784603675
0.9862275702089697
0.9870274399406604
0.9877792951608383
0.9884837509762635
0.9891417859927528
0.9897546329741428
0.9903236946535393
0.9908504782655031
0.9913365443254243
0.9917834664195556
0.9921927996033996
0.9925660555885705
0.9929046833050366
0.9932100537395697
0.9934834481714552
0.9937260491129035
0.9939389333856133
0.9941230668901039
0.9942793006948225
0.9944083681549057
0.9945108828237245
0.9945873369709894
0.9946381005570988
0.9946634205581134
0.9946634205581134
0.9946381005570988
0.9945873369709894
0.9945108828237245
0.9944083681549057
0.9942793006948225
0.9941230668901039
0.9939389333856133
0.9937260491129035
0.9934834481714552
0.9932100537395697
0.9929046833050362
0.9925660555885705
0.9921927996033996
0.9917834664195553
0.9913365443254243
0.9908504782655031
0.9903236946535393
0.9897546329741428
0.9891417859927528
0.9884837509762635
0.9877792951608422
0.9870274399406604
0.9862275702089699
0.9853795784603675
0.9844840589071998
0.9835425775891850
0.9825580674839999
0.9815354556885437
0.9804828193750301
0.9806124975091282
0.9816706641034431
0.9826987540661600
0.9836886670119899
0.9846354530107831
0.9855361572994871
0.9863891935697010
0.9871939491982107
0.9879505153630325
0.9886594930622732
0.9893218490533556
0.9899388064835084
0.9905117606078013
0.9910422131786831
0.9915317210467924
0.9919818557451316
0.9923941716699896
0.9927701810413099
0.9931113342428103
0.9934190044452711
0.9936944756393001
0.9939389333856168
0.9941534577234378
0.9943390177841027
0.9944964677467334
0.9946265438414981
0.9947298621627455
0.9948069171066921
0.9948580802836484
0.9948835997951311
0.9948835997951299
0.9948580802836484
0.9948069171066921
0.9947298621627426
0.9946265438414977
0.9944964677467334
0.9943390177841027
0.9941534577234378
0.9939389333856168
0.9936944756393001
0.9934190044452713
0.9931113342428129
0.9927701810413099
0.9923941716699896
0.9919818557451316
0.9915317210467924
0.9910422131786831
0.9905117606078013
0.9899388064835062
0.9893218490533556
0.9886594930622725
0.9879505153630325
0.9871939491982107
0.9863891935697010
0.9855361572994871
0.9846354530107831
0.9836886670119899
0.9826987540661600
0.9816706641034431
0.9806124975091282
0.9807248706838539
0.9817877858385640
0.9828205802363676
0.9838151340895657
0.9847664783170945
0.9856716398123020
0.9865290151238498
0.9873379759696695
0.9880985995518624
0.9888114746951524
0.9894775578328872
0.9900980636291364
0.9906743806287150
0.9912080055450191
0.9917004917182655
0.9921534085419791
0.9925683094664840
0.9929467067771538
0.9932900517518970
0.9935997191049009
0.9938769948495794
0.9941230668901035
0.9943390177841034
0.9945258192240629
0.9946843278781459
0.9948152822923968
0.9949193006186713
0.9949968789817690
0.9950483903367129
0.9950740837040591
0.9950740837040591
0.9950483903367129
0.9949968789817696
0.9949193006186713
0.9948152822923968
0.9946843278781459
0.9945258192240629
0.9943390177841034
0.9941230668901035
0.9938769948495794
0.9935997191049009
0.9932900517518970
0.9929467067771538
0.9925683094664840
0.9921534085419791
0.9917004917182655
0.9912080055450191
0.9906743806287159
0.9900980636291364
0.9894775578328872
0.9888114746951524
0.9880985995518665
0.9873379759696695
0.9865290151238498
0.9856716398123009
0.9847664783170941
0.9838151340895656
0.9828205802363676
0.9817877858385640
0.9807248706838538
0.9808203732564649
0.9818872920951494
0.9829240534069198
0.9839225214221453
0.9848777112394322
0.9857866345478968
0.9866476736319160
0.9874601871209481
0.9882242404721340
0.9889404122101486
0.9896096499651709
0.9902331610914414
0.9908123282766419
0.9913486437484129
0.9918436576301557
0.9922989372398593
0.9927160349561955
0.9930964628493771
0.9934416726916963
0.9937530402540490
0.9940318530299098
0.9942793006948225
0.9944964677467364
0.9946843278781463
0.9948437397182891
0.9949754436504955
0.9950800594661473
0.9951580846742116
0.9952098933081490
0.9952357351269298
0.9952357351269298
0.9952098933081490
0.9951580846742116
0.9950800594661473
0.9949754436504955
0.9948437397182891
0.9946843278781463
0.9944964677467364
0.9942793006948225
0.9940318530299098
0.9937530402540490
0.9934416726916963
0.9930964628493771
0.9927160349561955
0.9922989372398593
0.9918436576301557
0.9913486437484129
0.9908123282766419
0.9902331610914413
0.9896096499651709
0.9889404122101486
0.9882242404721340
0.9874601871209481
0.9866476736319270
0.9857866345478963
0.9848777112394320
0.9839225214221453
0.9829240534069198
0.9818872920951498
0.9808203732564649
0.9808993803217120
0.9819695890681331
0.9830096103616784
0.9840112955581561
0.9849696469786973
0.9858816639995147
0.9867457173150475
0.9875611548822122
0.9883280325357479
0.9890469203180638
0.9897187585604550
0.9903447485093575
0.9909262679030771
0.9914648051256950
0.9919619074811012
0.9924191403964242
0.9928380551805240
0.9932201635398942
0.9935669174716674
0.9938796934448575
0.9941597800104567
0.9944083681549055
0.9946265438414981
0.9948152822923968
0.9949754436504955
0.9951077697250392
0.9952128815887130
0.9952912778331062
0.9953433333386441
0.9953692984457739
0.9953692984457739
0.9953433333386441
0.9952912778331097
0.9952128815887125
0.9951077697250392
0.9949754436504955
0.9948152822923968
0.9946265438414981
0.9944083681549055
0.9941597800104567
0.9938796934448575
0.9935669174716674
0.9932201635398912
0.9928380551805240
0.9924191403964242
0.9919619074811012
0.9914648051256950
0.9909262679030771
0.9903447485093589
0.9897187585604550
0.9890469203180638
0.9883280325357479
0.9875611548822122
0.9867457173150475
0.9858816639995147
0.9849696469786973
0.9840112955581561
0.9830096103616784
0.9819695890681333
0.9808993803217120
0.9809622062818012
0.9820350167396082
0.9830776162590763
0.9840818461789294
0.9850426988570937
0.9859571640482340
0.9868236033687804
0.9876413563871684
0.9884104713498550
0.9891315115815190
0.9898054116036584
0.9904333677673645
0.9910167538139194
0.9915570549872372
0.9920558162492780
0.9925146014143714
0.9929349608232754
0.9933184057744937
0.9936663883265440
0.9939802853884576
0.9942613862449760
0.9945108828237245
0.9947298621627426
0.9949193006186713
0.9950800594661473
0.9952128815887125
0.9953183890257742
0.9953970811900864
0.9954493336057475
0.9954753970557885
0.9954753970557885
0.9954493336057478
0.9953970811900864
0.9953183890257742
0.9952128815887125
0.9950800594661473
0.9949193006186713
0.9947298621627426
0.9945108828237245
0.9942613862449760
0.9939802853884576
0.9936663883265440
0.9933184057744937
0.9929349608232754
0.9925146014143714
0.9920558162492780
0.9915570549872372
0.9910167538139194
0.9904333677673645
0.9898054116036584
0.9891315115815190
0.9884104713498550
0.9876413563871684
0.9868236033687808
0.9859571640482347
0.9850426988570937
0.9840818461789294
0.9830776162590763
0.9820350167396086
0.9809622062818012
0.9810091037758469
0.9820838479934011
0.9831283639182619
0.9841344855372303
0.9850971978842695
0.9860134836296509
0.9868816976910194
0.9877011734333336
0.9884719534768172
0.9891945961476645
0.9898700316282202
0.9904994525957797
0.9910842297732770
0.9916258460133663
0.9921258444749693
0.9925857877046580
0.9930072252548094
0.9933916680509234
0.9937405681291822
0.9940553026615782
0.9943371614178300
0.9945873369709906
0.9948069171066921
0.9949968789817712
0.9951580846742116
0.9952912778331097
0.9953970811900864
0.9954759947477183
0.9955283944927592
0.9955545315262833
0.9955545315262833
0.9955283944927592
0.9954759947477183
0.9953970811900865
0.9952912778331097
0.9951580846742116
0.9949968789817712
0.9948069171066921
0.9945873369709906
0.9943371614178300
0.9940553026615782
0.9937405681291822
0.9933916680509234
0.9930072252548094
0.9925857877046580
0.9921258444749693
0.9916258460133663
0.9910842297732770
0.9904994525957797
0.9898700316282202
0.9891945961476645
0.9884719534768172
0.9877011734333336
0.9868816976910194
0.9860134836296509
0.9850971978842695
0.9841344855372303
0.9831283639182619
0.9820838479934011
0.9810091037758469
0.9810402629003813
0.9821162879825227
0.9831620733241913
0.9841694480858327
0.9851333924891973
0.9860508845425827
0.9869202747498089
0.9877408923827572
0.9885127763402624
0.9892364816368420
0.9899129355705725
0.9905433283691243
0.9911290287343144
0.9916715179081971
0.9921723378260101
0.9926330501627616
0.9930552039155608
0.9934403097302028
0.9937898195961755
0.9941051108294122
0.9943874734914545
0.9946381005570988
0.9948580802836484
0.9950483903367129
0.9952098933081490
0.9953433333386444
0.9954493336057548
0.9955283944927742
0.9955808922852161
0.9956070782897330
0.9956070782897330
0.9955808922852161
0.9955283944927742
0.9954493336057548
0.9953433333386441
0.9952098933081489
0.9950483903367129
0.9948580802836484
0.9946381005570988
0.9943874734914545
0.9941051108294122
0.9937898195961755
0.9934403097302028
0.9930552039155608
0.9926330501627616
0.9921723378260101
0.9916715179081971
0.9911290287343144
0.9905433283691243
0.9899129355705725
0.9892364816368420
0.9885127763402624
0.9877408923827572
0.9869202747498074
0.9860508845425827
0.9851333924891972
0.9841694480858327
0.9831620733241913
0.9821162879825227
0.9810402629003812
0.9810558106685240
0.9821324736975756
0.9831788912985083
0.9841868902404227
0.9851514483603571
0.9860695413534332
0.9869395175323874
0.9877607041348297
0.9885331382084062
0.9892573731177173
0.9899343347208667
0.9905652120212817
0.9911513727076012
0.9916942972120674
0.9921955268510065
0.9926566228564830
0.9930791339388930
0.9934645705952401
0.9938143847820280
0.9941299538775666
0.9944125680807923
0.9946634205581121
0.9948835997951299
0.9950740837040591
0.9952357351269284
0.9953692984457739
0.9954753970557885
0.9955545315262833
0.9956070782897342
0.9956332887542894
0.9956332887542894
0.9956070782897330
0.9955545315262833
0.9954753970557885
0.9953692984457739
0.9952357351269284
0.9950740837040591
0.9948835997951317
0.9946634205581124
0.9944125680807926
0.9941299538775666
0.9938143847820280
0.9934645705952401
0.9930791339388930
0.9926566228564830
0.9921955268510065
0.9916942972120674
0.9911513727076012
0.9905652120212817
0.9899343347208667
0.9892573731177173
0.9885331382084049
0.9877607041348296
0.9869395175323874
0.9860695413534328
0.9851514483603571
0.9841868902404227
0.9831788912985083
0.9821324736975756
0.9810558106685240
0.9810558106685240
0.9821324736975764
0.9831788912985090
0.9841868902404227
0.9851514483603578
0.9860695413534327
0.9869395175323874
0.9877607041348297
0.9885331382084049
0.9892573731177173
0.9899343347208653
0.9905652120212817
0.9911513727076012
0.9916942972120679
0.9921955268510060
0.9926566228564830
0.9930791339388930
0.9934645705952400
0.9938143847820280
0.9941299538775666
0.9944125680807926
0.9946634205581124
0.9948835997951303
0.9950740837040627
0.9952357351269284
0.9953692984457739
0.9954753970557885
0.9955545315262833
0.9956070782897330
0.9956332887542878
0.9956332887542878
0.9956070782897330
0.9955545315262833
0.9954753970557885
0.9953692984457740
0.9952357351269306
0.9950740837040627
0.9948835997951299
0.9946634205581123
0.9944125680807926
0.9941299538775666
0.9938143847820280
0.9934645705952400
0.9930791339388930
0.9926566228564830
0.9921955268510060
0.9916942972120679
0.9911513727076012
0.9905652120212817
0.9899343347208653
0.9892573731177173
0.9885331382084049
0.9877607041348297
0.9869395175323874
0.9860695413534327
0.9851514483603571
0.9841868902404227
0.9831788912985090
0.9821324736975764
0.9810558106685240
0.9810402629003799
0.9821162879825227
0.9831620733241913
0.9841694480858327
0.9851333924891985
0.9860508845425824
0.9869202747498074
0.9877408923827572
0.9885127763402626
0.9892364816368407
0.9899129355705741
0.9905433283691243
0.9911290287343144
0.9916715179081971
0.9921723378260101
0.9926330501627622
0.9930552039155608
0.9934403097302028
0.9937898195961755
0.9941051108294126
0.9943874734914545
0.9946381005570988
0.9948580802836484
0.9950483903367129
0.9952098933081489
0.9953433333386441
0.9954493336057483
0.9955283944927725
0.9955808922852161
0.9956070782897330
0.9956070782897330
0.9955808922852161
0.9955283944927725
0.9954493336057513
0.9953433333386444
0.9952098933081490
0.9950483903367129
0.9948580802836484
0.9946381005570988
0.9943874734914545
0.9941051108294126
0.9937898195961755
0.9934403097302028
0.9930552039155608
0.9926330501627622
0.9921723378260101
0.9916715179081971
0.9911290287343144
0.9905433283691243
0.9899129355705741
0.9892364816368407
0.9885127763402626
0.9877408923827572
0.9869202747498074
0.9860508845425827
0.9851333924891985
0.9841694480858327
0.9831620733241886
0.9821162879825227
0.9810402629003802
0.9810091037758469
0.9820838479933999
0.9831283639182619
0.9841344855372303
0.9850971978842695
0.9860134836296509
0.9868816976910194
0.9877011734333336
0.9884719534768172
0.9891945961476646
0.9898700316282204
0.9904994525957782
0.9910842297732770
0.9916258460133663
0.9921258444749693
0.9925857877046580
0.9930072252548088
0.9933916680509234
0.9937405681291822
0.9940553026615782
0.9943371614178300
0.9945873369709894
0.9948069171066934
0.9949968789817712
0.9951580846742116
0.9952912778331062
0.9953970811900864
0.9954759947477183
0.9955283944927735
0.9955545315262833
0.9955545315262833
0.9955283944927735
0.9954759947477183
0.9953970811900864
0.9952912778331062
0.9951580846742116
0.9949968789817712
0.9948069171066921
0.9945873369709894
0.9943371614178300
0.9940553026615782
0.9937405681291822
0.9933916680509234
0.9930072252548088
0.9925857877046580
0.9921258444749693
0.9916258460133663
0.9910842297732770
0.9904994525957802
0.9898700316282183
0.9891945961476646
0.9884719534768172
0.9877011734333336
0.9868816976910186
0.9860134836296509
0.9850971978842695
0.9841344855372303
0.9831283639182619
0.9820838479933999
0.9810091037758469
0.9809622062818012
0.9820350167396082
0.9830776162590763
0.9840818461789294
0.9850426988570937
0.9859571640482340
0.9868236033687804
0.9876413563871693
0.9884104713498550
0.9891315115815241
0.9898054116036584
0.9904333677673653
0.9910167538139194
0.9915570549872372
0.9920558162492786
0.9925146014143714
0.9929349608232760
0.9933184057744943
0.9936663883265440
0.9939802853884576
0.9942613862449760
0.9945108828237245
0.9947298621627426
0.9949193006186713
0.9950800594661473
0.9952128815887121
0.9953183890257742
0.9953970811900864
0.9954493336057513
0.9954753970557885
0.9954753970557885
0.9954493336057513
0.9953970811900864
0.9953183890257742
0.9952128815887130
0.9950800594661473
0.9949193006186713
0.9947298621627426
0.9945108828237245
0.9942613862449760
0.9939802853884508
0.9936663883265440
0.9933184057744943
0.9929349608232760
0.9925146014143714
0.9920558162492786
0.9915570549872372
0.9910167538139194
0.9904333677673653
0.9898054116036584
0.9891315115815241
0.9884104713498550
0.9876413563871693
0.9868236033687804
0.9859571640482340
0.9850426988570937
0.9840818461789294
0.9830776162590763
0.9820350167396082
0.9809622062818012
0.9808993803217120
0.9819695890681337
0.9830096103616774
0.9840112955581561
0.9849696469786962
0.9858816639995147
0.9867457173150471
0.9875611548822122
0.9883280325357479
0.9890469203180638
0.9897187585604550
0.9903447485093575
0.9909262679030787
0.9914648051256950
0.9919619074811012
0.9924191403964268
0.9928380551805240
0.9932201635398938
0.9935669174716674
0.9938796934448575
0.9941597800104567
0.9944083681549057
0.9946265438414981
0.9948152822923968
0.9949754436504955
0.9951077697250392
0.9952128815887125
0.9952912778331062
0.9953433333386444
0.9953692984457740
0.9953692984457740
0.9953433333386441
0.9952912778331062
0.9952128815887125
0.9951077697250392
0.9949754436504955
0.9948152822923968
0.9946265438414981
0.9944083681549057
0.9941597800104567
0.9938796934448575
0.9935669174716674
0.9932201635398938
0.9928380551805240
0.9924191403964242
0.9919619074811012
0.9914648051256950
0.9909262679030787
0.9903447485093575
0.9897187585604550
0.9890469203180638
0.9883280325357479
0.9875611548822119
0.9867457173150471
0.9858816639995147
0.9849696469786962
0.9840112955581561
0.9830096103616774
0.9819695890681337
0.9808993803217120
0.9808203732564644
0.9818872920951498
0.9829240534069198
0.9839225214221459
0.9848777112394316
0.9857866345478963
0.9866476736319160
0.9874601871209490
0.9882242404721328
0.9889404122101486
0.9896096499651709
0.9902331610914413
0.9908123282766419
0.9913486437484129
0.9918436576301557
0.9922989372398567
0.9927160349561952
0.9930964628493771
0.9934416726916977
0.9937530402540485
0.9940318530299098
0.9942793006948228
0.9944964677467364
0.9946843278781462
0.9948437397182923
0.9949754436504955
0.9950800594661473
0.9951580846742117
0.9952098933081489
0.9952357351269293
0.9952357351269293
0.9952098933081489
0.9951580846742117
0.9950800594661473
0.9949754436504955
0.9948437397182923
0.9946843278781462
0.9944964677467364
0.9942793006948228
0.9940318530299098
0.9937530402540483
0.9934416726916963
0.9930964628493771
0.9927160349561952
0.9922989372398567
0.9918436576301557
0.9913486437484129
0.9908123282766419
0.9902331610914413
0.9896096499651709
0.9889404122101442
0.9882242404721328
0.9874601871209490
0.9866476736319160
0.9857866345478963
0.9848777112394316
0.9839225214221459
0.9829240534069198
0.9818872920951498
0.9808203732564649
0.9807248706838525
0.9817877858385640
0.9828205802363676
0.9838151340895656
0.9847664783170941
0.9856716398123009
0.9865290151238498
0.9873379759696702
0.9880985995518664
0.9888114746951545
0.9894775578328872
0.9900980636291364
0.9906743806287113
0.9912080055450191
0.9917004917182655
0.9921534085419781
0.9925683094664840
0.9929467067771520
0.9932900517518970
0.9935997191049009
0.9938769948495786
0.9941230668901039
0.9943390177841034
0.9945258192240629
0.9946843278781463
0.9948152822923968
0.9949193006186713
0.9949968789817712
0.9950483903367129
0.9950740837040593
0.9950740837040593
0.9950483903367129
0.9949968789817712
0.9949193006186713
0.9948152822923968
0.9946843278781463
0.9945258192240629
0.9943390177841034
0.9941230668901039
0.9938769948495786
0.9935997191049009
0.9932900517518970
0.9929467067771520
0.9925683094664840
0.9921534085419780
0.9917004917182655
0.9912080055450191
0.9906743806287113
0.9900980636291364
0.9894775578328872
0.9888114746951545
0.9880985995518664
0.9873379759696700
0.9865290151238498
0.9856716398123009
0.9847664783170941
0.9838151340895656
0.9828205802363676
0.9817877858385644
0.9807248706838525
0.9806124975091282
0.9816706641034431
0.9826987540661605
0.9836886670119899
0.9846354530107831
0.9855361572994871
0.9863891935697008
0.9871939491982108
0.9879505153630325
0.9886594930622732
0.9893218490533562
0.9899388064835065
0.9905117606078013
0.9910422131786832
0.9915317210467922
0.9919818557451333
0.9923941716699896
0.9927701810413090
0.9931113342428067
0.9934190044452713
0.9936944756393001
0.9939389333856168
0.9941534577234402
0.9943390177841034
0.9944964677467364
0.9946265438414981
0.9947298621627426
0.9948069171066921
0.9948580802836484
0.9948835997951317
0.9948835997951317
0.9948580802836484
0.9948069171066921
0.9947298621627426
0.9946265438414981
0.9944964677467364
0.9943390177841034
0.9941534577234405
0.9939389333856169
0.9936944756393001
0.9934190044452713
0.9931113342428067
0.9927701810413090
0.9923941716699896
0.9919818557451333
0.9915317210467922
0.9910422131786832
0.9905117606078021
0.9899388064835065
0.9893218490533562
0.9886594930622732
0.9879505153630325
0.9871939491982108
0.9863891935697008
0.9855361572994871
0.9846354530107831
0.9836886670119899
0.9826987540661605
0.9816706641034431
0.9806124975091282
0.9804828193750301
0.9815354556885399
0.9825580674839999
0.9835425775891850
0.9844840589071998
0.9853795784603643
0.9862275702089691
0.9870274399406604
0.9877792951608395
0.9884837509762635
0.9891417859927517
0.9897546329741428
0.9903236946535402
0.9908504782655031
0.9913365443254243
0.9917834664195552
0.9921927996034033
0.9925660555885705
0.9929046833050366
0.9932100537395692
0.9934834481714547
0.9937260491129035
0.9939389333856169
0.9941230668901035
0.9942793006948225
0.9944083681549057
0.9945108828237245
0.9945873369709906
0.9946381005570988
0.9946634205581134
0.9946634205581133
0.9946381005570988
0.9945873369709906
0.9945108828237245
0.9944083681549057
0.9942793006948225
0.9941230668901035
0.9939389333856169
0.9937260491129035
0.9934834481714547
0.9932100537395692
0.9929046833050373
0.9925660555885705
0.9921927996034033
0.9917834664195552
0.9913365443254243
0.9908504782655031
0.9903236946535402
0.9897546329741439
0.9891417859927528
0.9884837509762635
0.9877792951608395
0.9870274399406604
0.9862275702089699
0.9853795784603643
0.9844840589071998
0.9835425775891850
0.9825580674839999
0.9815354556885399
0.9804828193750301
0.9803353445404515
0.9813816259995625
0.9823979438189724
0.9833762483270125
0.9843116393701919
0.9852012095626231
0.9860434165466969
0.9868376874860064
0.9875841486942648
0.9882834313812157
0.9889365275153756
0.9895446805436209
0.9901093013320552
0.9906319028902053
0.9911140493791614
0.9915573161616781
0.9919632584696766
0.9923333868655937
0.9926691480733358
0.9929719100717305
0.9932429505710944
0.9934834481714547
0.9936944756393004
0.9938769948495786
0.9940318530299098
0.9941597800104567
0.9942613862449760
0.9943371614178300
0.9943874734914545
0.9944125680807926
0.9944125680807926
0.9943874734914545
0.9943371614178300
0.9942613862449814
0.9941597800104567
0.9940318530299098
0.9938769948495786
0.9936944756393016
0.9934834481714547
0.9932429505710944
0.9929719100717305
0.9926691480733358
0.9923333868655937
0.9919632584696766
0.9915573161616781
0.9911140493791614
0.9906319028902053
0.9901093013320552
0.9895446805436209
0.9889365275153756
0.9882834313812165
0.9875841486942648
0.9868376874860064
0.9860434165466969
0.9852012095626231
0.9843116393701919
0.9833762483270125
0.9823979438189724
0.9813816259995625
0.9803353445404515
0.9801695263173837
0.9812085791779699
0.9822177389902155
0.9831889884499488
0.9841174589711428
0.9850002729981042
0.9858359156065604
0.9866238385371077
0.9873641895332703
0.9880576179476391
0.9887051305938096
0.9893079825653101
0.9898675933620138
0.9903854818665415
0.9908632156483868
0.9913023713337301
0.9917045036084842
0.9920711210087589
0.9924036670719066
0.9927035057313064
0.9929719100717332
0.9932100537395697
0.9934190044452711
0.9935997191049009
0.9937530402540485
0.9938796934448575
0.9939802853884508
0.9940553026615782
0.9941051108294126
0.9941299538775666
0.9941299538775666
0.9941051108294124
0.9940553026615782
0.9939802853884508
0.9938796934448575
0.9937530402540485
0.9935997191049009
0.9934190044452711
0.9932100537395692
0.9929719100717332
0.9927035057313064
0.9924036670719066
0.9920711210087589
0.9917045036084842
0.9913023713337301
0.9908632156483868
0.9903854818665415
0.9898675933620138
0.9893079825653101
0.9887051305938096
0.9880576179476372
0.9873641895332703
0.9866238385371069
0.9858359156065604
0.9850002729981042
0.9841174589711428
0.9831889884499488
0.9822177389902155
0.9812085791779699
0.9801695263173837
0.9799847662066647
0.9810156608863156
0.9820167439765123
0.9829800361069196
0.9839007055018512
0.9847759091822944
0.9856041637965668
0.9863849491236321
0.9871184370966911
0.9878052972776706
0.9884465527368242
0.9890434710299912
0.9895974805844360
0.9901101060037649
0.9905829177509065
0.9910174929168456
0.9914153846289306
0.9917780982394323
0.9921070728529038
0.9924036670719066
0.9926691480733358
0.9929046833050362
0.9931113342428131
0.9932900517518970
0.9934416726916963
0.9935669174716674
0.9936663883265440
0.9937405681291851
0.9937898195961755
0.9938143847820280
0.9938143847820280
0.9937898195961755
0.9937405681291851
0.9936663883265440
0.9935669174716674
0.9934416726916963
0.9932900517518970
0.9931113342428067
0.9929046833050373
0.9926691480733358
0.9924036670719066
0.9921070728529039
0.9917780982394323
0.9914153846289311
0.9910174929168456
0.9905829177509065
0.9901101060037649
0.9895974805844360
0.9890434710299912
0.9884465527368242
0.9878052972776706
0.9871184370966911
0.9863849491236321
0.9856041637965668
0.9847759091822944
0.9839007055018526
0.9829800361069196
0.9820167439765130
0.9810156608863156
0.9799847662066641
0.9797804179013186
0.9808021619150460
0.9817941880708142
0.9827485613472169
0.9836604927573477
0.9845271792433624
0.9853471736029320
0.9861199873951146
0.9868458196288423
0.9875253621330248
0.9881596555236924
0.9887499804233640
0.9892977742012266
0.9898045667117011
0.9902719304530272
0.9907014418319136
0.9910946510624199
0.9914530588257421
0.9917780982394319
0.9920711210087589
0.9923333868655937
0.9925660555885705
0.9927701810413090
0.9929467067771520
0.9930964628493899
0.9932201635398940
0.9933184057744937
0.9933916680509234
0.9934403097302028
0.9934645705952401
0.9934645705952401
0.9934403097302028
0.9933916680509234
0.9933184057744937
0.9932201635398940
0.9930964628493899
0.9929467067771520
0.9927701810413090
0.9925660555885705
0.9923333868655937
0.9920711210087589
0.9917780982394323
0.9914530588257421
0.9910946510624211
0.9907014418319136
0.9902719304530272
0.9898045667117011
0.9892977742012266
0.9887499804233640
0.9881596555236924
0.9875253621330262
0.9868458196288423
0.9861199873951145
0.9853471736029320
0.9845271792433624
0.9836604927573477
0.9827485613472154
0.9817941880708142
0.9808021619150460
0.9797804179013186
0.9795557923732738
0.9805673228253726
0.9815492431393633
0.9824936700845909
0.9833958643205976
0.9842530687482992
0.9850638773829726
0.9858278375931405
0.9865451784486341
0.9872166160379902
0.9878432096157984
0.9884262531775467
0.9889671926858103
0.9894675623685374
0.9899289354799605
0.9903528861728443
0.9907409599859991
0.9910946510624202
0.9914153846289308
0.9917045036084848
0.9919632584696766
0.9921927996034035
0.9923941716699896
0.9925683094664840
0.9927160349561952
0.9928380551805240
0.9929349608232754
0.9930072252548094
0.9930552039155608
0.9930791339388930
0.9930791339388916
0.9930552039155608
0.9930072252548088
0.9929349608232760
0.9928380551805240
0.9927160349561956
0.9925683094664840
0.9923941716699896
0.9921927996034033
0.9919632584696761
0.9917045036084848
0.9914153846289308
0.9910946510624202
0.9907409599859991
0.9903528861728443
0.9899289354799605
0.9894675623685374
0.9889671926858103
0.9884262531775467
0.9878432096157984
0.9872166160379912
0.9865451784486341
0.9858278375931405
0.9850638773829726
0.9842530687482992
0.9833958643205976
0.9824936700845909
0.9815492431393633
0.9805673228253726
0.9795557923732738
0.9793101643078808
0.9803103398914135
0.9812810291487359
0.9822144093285013
0.9831057986417510
0.9839524927883392
0.9847531326088091
0.9855073055886673
0.9862152738903190
0.9868777797079563
0.9874959017253639
0.9880709472108296
0.9886043698939442
0.9890977069910871
0.9895525307177732
0.9899704109012828
0.9903528861728443
0.9907014418319136
0.9910174929168486
0.9913023713337291
0.9915573161616797
0.9917834664195553
0.9919818557451336
0.9921534085419785
0.9922989372398593
0.9924191403964252
0.9925146014143714
0.9925857877046574
0.9926330501627622
0.9926566228564830
0.9926566228564830
0.9926330501627622
0.9925857877046574
0.9925146014143714
0.9924191403964242
0.9922989372398593
0.9921534085419785
0.9919818557451336
0.9917834664195553
0.9915573161616797
0.9913023713337291
0.9910174929168485
0.9907014418319136
0.9903528861728443
0.9899704109012828
0.9895525307177732
0.9890977069910871
0.9886043698939442
0.9880709472108296
0.9874959017253669
0.9868777797079563
0.9862152738903190
0.9855073055886673
0.9847531326088097
0.9839524927883392
0.9831057986417510
0.9822144093285013
0.9812810291487359
0.9803103398914135
0.9793101643078808
0.9790427802145489
0.9800303726692345
0.9809886212978547
0.9819097740350073
0.9827892157975054
0.9836243028433886
0.9844137290201328
0.9851571264845967
0.9858547934839418
0.9865074998890475
0.9871163441639380
0.9876826461958402
0.9882078660430349
0.9886935418920505
0.9891412425033106
0.9895525307177732
0.9899289354799605
0.9902719304530272
0.9905829177509083
0.9908632156483876
0.9911140493791614
0.9913365443254243
0.9915317210467922
0.9917004917182655
0.9918436576301557
0.9919619074811012
0.9920558162492790
0.9921258444749693
0.9921723378260101
0.9921955268510060
0.9921955268510060
0.9921723378260101
0.9921258444749693
0.9920558162492790
0.9919619074811012
0.9918436576301557
0.9917004917182655
0.9915317210467922
0.9913365443254243
0.9911140493791614
0.9908632156483876
0.9905829177509083
0.9902719304530266
0.9899289354799605
0.9895525307177732
0.9891412425033106
0.9886935418920505
0.9882078660430349
0.9876826461958401
0.9871163441639382
0.9865074998890475
0.9858547934839418
0.9851571264845967
0.9844137290201328
0.9836243028433886
0.9827892157975054
0.9819097740350073
0.9809886212978547
0.9800303726692345
0.9790427802145489
0.9787528686361485
0.9797265536137227
0.9806710591822495
0.9815787160290932
0.9824449864150657
0.9832672959606555
0.9840443982886987
0.9847759749519611
0.9854623630910173
0.9861043613780534
0.9867030877774240
0.9872598734048658
0.9877761824277269
0.9882535512076446
0.9886935418920505
0.9890977069910871
0.9894675623685374
0.9898045667117011
0.9901101060037648
0.9903854818665415
0.9906319028902053
0.9908504782655031
0.9910422131786831
0.9912080055450192
0.9913486437484129
0.9914648051256950
0.9915570549872372
0.9916258460133663
0.9916715179081971
0.9916942972120679
0.9916942972120679
0.9916715179081971
0.9916258460133663
0.9915570549872372
0.9914648051256950
0.9913486437484129
0.9912080055450192
0.9910422131786831
0.9908504782655031
0.9906319028902053
0.9903854818665415
0.9901101060037649
0.9898045667117011
0.9894675623685374
0.9890977069910871
0.9886935418920505
0.9882535512076446
0.9877761824277269
0.9872598734048658
0.9867030877774240
0.9861043613780534
0.9854623630910173
0.9847759749519611
0.9840443982886987
0.9832672959606555
0.9824449864150657
0.9815787160290932
0.9806710591822495
0.9797265536137227
0.9787528686361466
0.9784396529787092
0.9793980002697088
0.9803273585390058
0.9812201555844978
0.9820719434163713
0.9828802269791381
0.9836438269999137
0.9843624791765583
0.9850365619569438
0.9856669032437579
0.9862546393393505
0.9868011102293863
0.9873077809925422
0.9877761824277269
0.9882078660430349
0.9886043698939442
0.9889671926858095
0.9892977742012266
0.9895974805844372
0.9898675933620114
0.9901093013320552
0.9903236946535393
0.9905117606078013
0.9906743806287150
0.9908123282766419
0.9909262679030787
0.9910167538139194
0.9910842297732770
0.9911290287343144
0.9911513727076012
0.9911513727076012
0.9911290287343144
0.9910842297732770
0.9910167538139194
0.9909262679030787
0.9908123282766419
0.9906743806287113
0.9905117606078013
0.9903236946535393
0.9901093013320552
0.9898675933620114
0.9895974805844372
0.9892977742012266
0.9889671926858095
0.9886043698939442
0.9882078660430349
0.9877761824277269
0.9873077809925422
0.9868011102293863
0.9862546393393505
0.9856669032437579
0.9850365619569438
0.9843624791765583
0.9836438269999137
0.9828802269791381
0.9820719434163713
0.9812201555844978
0.9803273585390058
0.9793980002697088
0.9784396529787092
0.9781023676475268
0.9790438307236566
0.9799565262866805
0.9808329964407897
0.9816688974404928
0.9824618247690139
0.9832106740382506
0.9839152396222897
0.9845759429730779
0.9851936406115709
0.9857694848136285
0.9863048208266660
0.9868011102293863
0.9872598734048658
0.9876826461958402
0.9880709472108296
0.9884262531775476
0.9887499804233640
0.9890434710299912
0.9893079825653105
0.9895446805436253
0.9897546329741428
0.9899388064835084
0.9900980636291364
0.9902331610914413
0.9903447485093575
0.9904333677673653
0.9904994525957782
0.9905433283691243
0.9905652120212817
0.9905652120212817
0.9905433283691243
0.9904994525957782
0.9904333677673653
0.9903447485093575
0.9902331610914413
0.9900980636291364
0.9899388064835084
0.9897546329741428
0.9895446805436209
0.9893079825653105
0.9890434710299920
0.9887499804233640
0.9884262531775467
0.9880709472108296
0.9876826461958402
0.9872598734048658
0.9868011102293863
0.9863048208266660
0.9857694848136285
0.9851936406115709
0.9845759429730779
0.9839152396222897
0.9832106740382499
0.9824618247690139
0.9816688974404928
0.9808329964407897
0.9799565262866794
0.9790438307236566
0.9781023676475300
0.9777402783752280
0.9786631832134903
0.9795575798057715
0.9804161452975498
0.9812346571351190
0.9820108138354918
0.9827435938898332
0.9834328542582402
0.9840790599047088
0.9846830938583028
0.9852461203887137
0.9857694848136277
0.9862546393393508
0.9867030877774240
0.9871163441639380
0.9874959017253662
0.9878432096157984
0.9881596555236933
0.9884465527368242
0.9887051305938096
0.9889365275153756
0.9891417859927528
0.9893218490533562
0.9894775578328872
0.9896096499651709
0.9897187585604550
0.9898054116036583
0.9898700316282196
0.9899129355705754
0.9899343347208667
0.9899343347208667
0.9899129355705754
0.9898700316282183
0.9898054116036584
0.9897187585604550
0.9896096499651709
0.9894775578328872
0.9893218490533562
0.9891417859927528
0.9889365275153756
0.9887051305938096
0.9884465527368242
0.9881596555236933
0.9878432096157984
0.9874959017253645
0.9871163441639380
0.9867030877774240
0.9862546393393508
0.9857694848136277
0.9852461203887137
0.9846830938583028
0.9840790599047088
0.9834328542582402
0.9827435938898332
0.9820108138354918
0.9812346571351190
0.9804161452975503
0.9795575798057715
0.9786631832134903
0.9777402783752280
0.9773527079155363
0.9782552410927335
0.9791295717437190
0.9799685372342291
0.9807680559781364
0.9815259431870288
0.9822412679805756
0.9829139525552038
0.9835445040389461
0.9841338277482546
0.9846830938583033
0.9851936406115709
0.9856669032437579
0.9861043613780534
0.9865074998890475
0.9868777797079563
0.9872166160379912
0.9875253621330262
0.9878052972776706
0.9880576179476382
0.9882834313812165
0.9884837509762635
0.9886594930622732
0.9888114746951545
0.9889404122101435
0.9890469203180638
0.9891315115815241
0.9891945961476650
0.9892364816368420
0.9892573731177173
0.9892573731177173
0.9892364816368420
0.9891945961476650
0.9891315115815190
0.9890469203180638
0.9889404122101429
0.9888114746951545
0.9886594930622732
0.9884837509762635
0.9882834313812165
0.9880576179476378
0.9878052972776706
0.9875253621330262
0.9872166160379912
0.9868777797079563
0.9865074998890475
0.9861043613780534
0.9856669032437579
0.9851936406115709
0.9846830938583033
0.9841338277482549
0.9835445040389461
0.9829139525552038
0.9822412679805756
0.9815259431870288
0.9807680559781364
0.9799685372342291
0.9791295717437190
0.9782552410927331
0.9773527079155363
0.9769390687058239
0.9778192647852706
0.9786716221314842
0.9794891691132542
0.9802679880323023
0.9810060252289108
0.9817024471231494
0.9823572415603961
0.9829709536954417
0.9835445040389461
0.9840790599047072
0.9845759429730810
0.9850365619569438
0.9854623630910174
0.9858547934839418
0.9862152738903190
0.9865451784486341
0.9868458196288423
0.9871184370966911
0.9873641895332703
0.9875841486942648
0.9877792951608383
0.9879505153630325
0.9880985995518664
0.9882242404721328
0.9883280325357479
0.9884104713498550
0.9884719534768169
0.9885127763402624
0.9885331382084062
0.9885331382084062
0.9885127763402624
0.9884719534768169
0.9884104713498550
0.9883280325357479
0.9882242404721328
0.9880985995518664
0.9879505153630325
0.9877792951608383
0.9875841486942648
0.9873641895332703
0.9871184370966911
0.9868458196288423
0.9865451784486341
0.9862152738903190
0.9858547934839418
0.9854623630910173
0.9850365619569438
0.9845759429730810
0.9840790599047088
0.9835445040389451
0.9829709536954417
0.9823572415603961
0.9817024471231494
0.9810060252289108
0.9802679880323023
0.9794891691132546
0.9786716221314842
0.9778192647852706
0.9769390687058239
0.9764989047235482
0.9773546330390056
0.9781829603963941
0.9789771440179351
0.9797334562452545
0.9804499888137989
0.9811260096186387
0.9817615688578214
0.9823572415603961
0.9829139525552038
0.9834328542582402
0.9839152396222897
0.9843624791765583
0.9847759749519611
0.9851571264845967
0.9855073055886668
0.9858278375931405
0.9861199873951142
0.9863849491236321
0.9866238385371069
0.9868376874860064
0.9870274399406604
0.9871939491982107
0.9873379759696702
0.9874601871209481
0.9875611548822119
0.9876413563871684
0.9877011734333336
0.9877408923827572
0.9877607041348351
0.9877607041348297
0.9877408923827572
0.9877011734333336
0.9876413563871684
0.9875611548822119
0.9874601871209477
0.9873379759696684
0.9871939491982107
0.9870274399406604
0.9868376874860064
0.9866238385371069
0.9863849491236321
0.9861199873951147
0.9858278375931411
0.9855073055886668
0.9851571264845967
0.9847759749519611
0.9843624791765583
0.9839152396222897
0.9834328542582402
0.9829139525552038
0.9823572415603961
0.9817615688578214
0.9811260096186387
0.9804499888137989
0.9797334562452545
0.9789771440179351
0.9781829603963953
0.9773546330390056
0.9764989047235482
0.9760319457512922
0.9768608968468698
0.9776629811697541
0.9784317314580611
0.9791636389335807
0.9798569528655418
0.9805110419350422
0.9811260096186394
0.9817024471231494
0.9822412679805774
0.9827435938898332
0.9832106740382502
0.9836438269999137
0.9840443982886987
0.9844137290201328
0.9847531326088097
0.9850638773829726
0.9853471736029320
0.9856041637965668
0.9858359156065604
0.9860434165466969
0.9862275702089699
0.9863891935697008
0.9865290151238498
0.9866476736319160
0.9867457173150475
0.9868236033687804
0.9868816976910186
0.9869202747498074
0.9869395175323862
0.9869395175323862
0.9869202747498074
0.9868816976910186
0.9868236033687804
0.9867457173150471
0.9866476736319160
0.9865290151238498
0.9863891935697008
0.9862275702089699
0.9860434165466969
0.9858359156065604
0.9856041637965668
0.9853471736029320
0.9850638773829726
0.9847531326088097
0.9844137290201328
0.9840443982886987
0.9836438269999137
0.9832106740382502
0.9827435938898332
0.9822412679805774
0.9817024471231494
0.9811260096186394
0.9805110419350422
0.9798569528655418
0.9791636389335807
0.9784317314580615
0.9776629811697541
0.9768608968468698
0.9760319457512922
0.9755381788904625
0.9763378512276085
0.9771113201427133
0.9778524511297593
0.9785579837119562
0.9792263308869128
0.9798569528655418
0.9804499888137987
0.9810060252289108
0.9815259431870288
0.9820108138354918
0.9824618247690141
0.9828802269791381
0.9832672959606564
0.9836243028433886
0.9839524927883392
0.9842530687482992
0.9845271792433630
0.9847759091822944
0.9850002729981042
0.9852012095626231
0.9853795784603675
0.9855361572994871
0.9856716398123021
0.9857866345478968
0.9858816639995147
0.9859571640482345
0.9860134836296485
0.9860508845425824
0.9860695413534327
0.9860695413534327
0.9860508845425824
0.9860134836296509
0.9859571640482345
0.9858816639995147
0.9857866345478968
0.9856716398123021
0.9855361572994871
0.9853795784603675
0.9852012095626231
0.9850002729981042
0.9847759091822944
0.9845271792433630
0.9842530687482992
0.9839524927883392
0.9836243028433886
0.9832672959606553
0.9828802269791381
0.9824618247690141
0.9820108138354918
0.9815259431870288
0.9810060252289108
0.9804499888137992
0.9798569528655418
0.9792263308869128
0.9785579837119569
0.9778524511297593
0.9771113201427133
0.9763378512276085
0.9755381788904625
0.9750179450151968
0.9757856333677657
0.9765279607778458
0.9772391939206485
0.9779163449053591
0.9785579837119569
0.9791636389335807
0.9797334562452534
0.9802679880323023
0.9807680559781364
0.9812346571351190
0.9816688974404935
0.9820719434163713
0.9824449864150657
0.9827892157975081
0.9831057986417510
0.9833958643205986
0.9836604927573477
0.9839007055018538
0.9841174589711428
0.9843116393701922
0.9844840589071998
0.9846354530107831
0.9847664783170941
0.9848777112394322
0.9849696469786966
0.9850426988570921
0.9850971978842695
0.9851333924891972
0.9851514483603571
0.9851514483603578
0.9851333924891972
0.9850971978842695
0.9850426988570937
0.9849696469786975
0.9848777112394322
0.9847664783170976
0.9846354530107831
0.9844840589071998
0.9843116393701919
0.9841174589711428
0.9839007055018512
0.9836604927573477
0.9833958643205976
0.9831057986417510
0.9827892157975081
0.9824449864150657
0.9820719434163713
0.9816688974404935
0.9812346571351190
0.9807680559781364
0.9802679880323023
0.9797334562452545
0.9791636389335807
0.9785579837119569
0.9779163449053559
0.9772391939206485
0.9765279607778458
0.9757856333677657
0.9750179450151968
0.9744720733195319
0.9752048624453343
0.9759133924952805
0.9765924062717730
0.9772391939206485
0.9778524511297593
0.9784317314580611
0.9789771440179351
0.9794891691132542
0.9799685372342291
0.9804161452975503
0.9808329964407897
0.9812201555844978
0.9815787160290932
0.9819097740350081
0.9822144093285013
0.9824936700845918
0.9827485613472169
0.9829800361069196
0.9831889884499485
0.9833762483270140
0.9835425775891850
0.9836886670119899
0.9838151340895656
0.9839225214221459
0.9840112955581561
0.9840818461789294
0.9841344855372303
0.9841694480858327
0.9841868902404209
0.9841868902404209
0.9841694480858327
0.9841344855372303
0.9840818461789294
0.9840112955581561
0.9839225214221441
0.9838151340895656
0.9836886670119899
0.9835425775891850
0.9833762483270140
0.9831889884499485
0.9829800361069196
0.9827485613472169
0.9824936700845918
0.9822144093285013
0.9819097740350073
0.9815787160290932
0.9812201555844978
0.9808329964407897
0.9804161452975503
0.9799685372342291
0.9794891691132542
0.9789771440179351
0.9784317314580611
0.9778524511297593
0.9772391939206485
0.9765924062717730
0.9759133924952805
0.9752048624453343
0.9744720733195325
0.9739020787886242
0.9745968526422464
0.9752688650353702
0.9759133924952805
0.9765279607778410
0.9771113201427133
0.9776629811697541
0.9781829603963941
0.9786716221314842
0.9791295717437190
0.9795575798057715
0.9799565262866805
0.9803273585390050
0.9806710591822495
0.9809886212978547
0.9812810291487359
0.9815492431393633
0.9817941880708142
0.9820167439765123
0.9822177389902155
0.9823979438189724
0.9825580674839999
0.9826987540661600
0.9828205802363676
0.9829240534069198
0.9830096103616774
0.9830776162590763
0.9831283639182619
0.9831620733241913
0.9831788912985090
0.9831788912985090
0.9831620733241913
0.9831283639182619
0.9830776162590763
0.9830096103616774
0.9829240534069198
0.9828205802363676
0.9826987540661600
0.9825580674839998
0.9823979438189724
0.9822177389902155
0.9820167439765123
0.9817941880708142
0.9815492431393633
0.9812810291487359
0.9809886212978547
0.9806710591822495
0.9803273585390050
0.9799565262866805
0.9795575798057715
0.9791295717437190
0.9786716221314828
0.9781829603963941
0.9776629811697541
0.9771113201427133
0.9765279607778458
0.9759133924952805
0.9752688650353702
0.9745968526422464
0.9739020787886242
0.9733104769049044
0.9739639791997529
0.9745968526422458
0.9752048624453343
0.9757856333677660
0.9763378512276085
0.9768608968468698
0.9773546330390056
0.9778192647852706
0.9782552410927331
0.9786631832134903
0.9790438307236566
0.9793980002697088
0.9797265536137227
0.9800303726692374
0.9803103398914135
0.9805673228253726
0.9808021619150460
0.9810156608863164
0.9812085791779699
0.9813816259995625
0.9815354556885403
0.9816706641034431
0.9817877858385640
0.9818872920951498
0.9819695890681333
0.9820350167396082
0.9820838479933997
0.9821162879825227
0.9821324736975756
0.9821324736975756
0.9821162879825227
0.9820838479934022
0.9820350167396082
0.9819695890681333
0.9818872920951498
0.9817877858385640
0.9816706641034431
0.9815354556885434
0.9813816259995625
0.9812085791779699
0.9810156608863164
0.9808021619150458
0.9805673228253726
0.9803103398914135
0.9800303726692374
0.9797265536137227
0.9793980002697088
0.9790438307236566
0.9786631832134903
0.9782552410927331
0.9778192647852706
0.9773546330390056
0.9768608968468698
0.9763378512276085
0.9757856333677657
0.9752048624453343
0.9745968526422464
0.9739639791997529
0.9733104769049044
0.9727013661564184
0.9733104769049044
0.9739020787886242
0.9744720733195325
0.9750179450151968
0.9755381788904625
0.9760319457512922
0.9764989047235482
0.9769390687058239
0.9773527079155355
0.9777402783752280
0.9781023676475269
0.9784396529787092
0.9787528686361485
0.9790427802145496
0.9793101643078808
0.9795557923732738
0.9797804179013186
0.9799847662066644
0.9801695263173837
0.9803353445404515
0.9804828193750296
0.9806124975091259
0.9807248706838525
0.9808203732564649
0.9808993803217120
0.9809622062818012
0.9810091037758469
0.9810402629003812
0.9810558106685240
0.9810558106685240
0.9810402629003812
0.9810091037758469
0.9809622062818012
0.9808993803217120
0.9808203732564649
0.9807248706838525
0.9806124975091259
0.9804828193750296
0.9803353445404515
0.9801695263173837
0.9799847662066647
0.9797804179013186
0.9795557923732738
0.9793101643078808
0.9790427802145496
0.9787528686361485
0.9784396529787092
0.9781023676475269
0.9777402783752280
0.9773527079155355
0.9769390687058239
0.9764989047235482
0.9760319457512922
0.9755381788904625
0.9750179450151968
0.9744720733195315
0.9739020787886242
0.9733104769049044
0.9727013661564184
