RW,Z
0.0246132498916041,8.8132858350055105
0.0247892567582364
0.0249595528837949
0.0251237805924094
0.0252817779861001
0.0254335028680136
0.0255789914657963
0.0257183328994310
0.0258516522498756
0.0259790988507165
0.0261008379685617
0.0262170447824367
0.0263278999731938
0.0264335864672760
0.0265342870230904
0.0266301824410553
0.0267214502403726
0.0268082636880557
0.0268907910955880
0.0269691953199118
0.0270436334209086
0.0271142564389351
0.0271812092644310
0.0272446305779967
0.0273046528441603
0.0273614023457173
0.0274149992484059
0.0274655576878307
0.0275131858722819
0.0275579861964218
0.0276000553618645
0.0276394845014976
0.0276763593050491
0.0277107601439240
0.0277427621937436
0.0277724355533547
0.0277998453593316
0.0278250518952017
0.0278481106948085
0.0278690726393273
0.0278879840475894
0.0279048867594299
0.0279198182118512
0.0279328115078398
0.0279438954777295
0.0279530947330096
0.0279604297125308
0.0279659167210543
0.0279695679601198
0.0279713915512133
0.0279713915512133
0.0279695679601198
0.0279659167210543
0.0279604297125308
0.0279530947330096
0.0279438954777295
0.0279328115078398
0.0279198182118512
0.0279048867594299
0.0278879840475894
0.0278690726393273
0.0278481106948084
0.0278250518952017
0.0277998453593316
0.0277724355533548
0.0277427621937436
0.0277107601439240
0.0276763593050492
0.0276394845014976
0.0276000553618645
0.0275579861964218
0.0275131858722819
0.0274655576878307
0.0274149992484059
0.0273614023457173
0.0273046528441604
0.0272446305779967
0.0271812092644310
0.0271142564389351
0.0270436334209086
0.0269691953199118
0.0268907910955880
0.0268082636880557
0.0267214502403726
0.0266301824410553
0.0265342870230904
0.0264335864672761
0.0263278999731938
0.0262170447824367
0.0261008379685617
0.0259790988507165
0.0258516522498756
0.0257183328994310
0.0255789914657963
0.0254335028680136
0.0252817779861001
0.0251237805924094
0.0249595528837949
0.0247892567582364
0.0246132498916041
0.0247892567582364
0.0249700043341066
0.0251446018272125
0.0253127054541186
0.0254741917049266
0.0256290583944981
0.0257773787496658
0.0259192750090064
0.0260549015853742
0.0261844337096668
0.0263080595116856
0.0264259743808522
0.0265383768974428
0.0266454658750882
0.0267474382052934
0.0268444872895159
0.0269368019066141
0.0270245654057139
0.0271079551438486
0.0271871421085152
0.0272622906802364
0.0273335585011706
0.0274010964238558
0.0274650485202500
0.0275255521357381
0.0275827379762456
0.0276367302192464
0.0276876466414622
0.0277355987576547
0.0277806919660930
0.0278230256972845
0.0278626935632497
0.0278997835052510
0.0279343779383354
0.0279665538913967
0.0279963831417874
0.0280239323437055
0.0280492631497733
0.0280724323253794
0.0280934918554357
0.0281124890433256
0.0281294666018536
0.0281444627360816
0.0281575112179649
0.0281686414527376
0.0281778785370113
0.0281852433085747
0.0281907523878870
0.0281944182112640
0.0281962490557616
0.0281962490557617
0.0281944182112640
0.0281907523878871
0.0281852433085747
0.0281778785370113
0.0281686414527376
0.0281575112179649
0.0281444627360816
0.0281294666018536
0.0281124890433256
0.0280934918554357
0.0280724323253794
0.0280492631497733
0.0280239323437055
0.0279963831417874
0.0279665538913967
0.0279343779383354
0.0278997835052510
0.0278626935632497
0.0278230256972845
0.0277806919660930
0.0277355987576547
0.0276876466414622
0.0276367302192464
0.0275827379762456
0.0275255521357381
0.0274650485202500
0.0274010964238558
0.0273335585011707
0.0272622906802364
0.0271871421085152
0.0271079551438486
0.0270245654057139
0.0269368019066141
0.0268444872895159
0.0267474382052934
0.0266454658750882
0.0265383768974427
0.0264259743808522
0.0263080595116856
0.0261844337096668
0.0260549015853743
0.0259192750090064
0.0257773787496658
0.0256290583944981
0.0254741917049266
0.0253127054541186
0.0251446018272125
0.0249700043341066
0.0247892567582364
0.0249595528837949
0.0251446018272125
0.0253231896116769
0.0254949435502125
0.0256597492433475
0.0258176272979251
0.0259686773607118
0.0261130478683155
0.0262509177819346
0.0263824847739239
0.0265079572524820
0.0266275488308936
0.0267414744290567
0.0268499475019922
0.0269531780655602
0.0270513712962792
0.0271447265500989
0.0272334366898784
0.0273176876418641
0.0273976581227438
0.0274735194939319
0.0275454357106601
0.0276135633413786
0.0276780516388816
0.0277390426489524
0.0277966713456348
0.0278510657847523
0.0279023472692071
0.0279506305210713
0.0279960238566018
0.0280386293612149
0.0280785430621159
0.0281158550968161
0.0281506498762087
0.0281830062411582
0.0282129976118512
0.0282406921293284
0.0282661527887838
0.0282894375643310
0.0283105995250398
0.0283296869420895
0.0283467433869782
0.0283618078207298
0.0283749146740932
0.0283860939187346
0.0283953711294434
0.0284027675373798
0.0284083000743848
0.0284119814083929
0.0284138199699654
0.0284138199699654
0.0284119814083929
0.0284083000743848
0.0284027675373798
0.0283953711294434
0.0283860939187346
0.0283749146740932
0.0283618078207298
0.0283467433869782
0.0283296869420895
0.0283105995250398
0.0282894375643310
0.0282661527887837
0.0282406921293284
0.0282129976118512
0.0281830062411582
0.0281506498762087
0.0281158550968161
0.0280785430621159
0.0280386293612149
0.0279960238566018
0.0279506305210713
0.0279023472692071
0.0278510657847524
0.0277966713456348
0.0277390426489524
0.0276780516388816
0.0276135633413787
0.0275454357106601
0.0274735194939319
0.0273976581227438
0.0273176876418641
0.0272334366898784
0.0271447265500989
0.0270513712962792
0.0269531780655602
0.0268499475019922
0.0267414744290566
0.0266275488308936
0.0265079572524820
0.0263824847739239
0.0262509177819346
0.0261130478683155
0.0259686773607118
0.0258176272979251
0.0256597492433475
0.0254949435502125
0.0253231896116769
0.0251446018272125
0.0249595528837949
0.0251237805924094
0.0253127054541186
0.0254949435502125
0.0256700855051780
0.0258380085571519
0.0259987410961107
0.0261523981253178
0.0262991463262347
0.0264391834343529
0.0265727252899733
0.0266999973516203
0.0268212289717115
0.0269366494652923
0.0270464853852345
0.0271509586314392
0.0272502851483918
0.0273446740440856
0.0274343270140184
0.0275194379876817
0.0276001929379767
0.0276767698100088
0.0277493385370996
0.0278180611200683
0.0278830917517873
0.0279445769734550
0.0280026558523089
0.0280574601729598
0.0281091146364076
0.0281577370622061
0.0282034385903281
0.0282463238801238
0.0282864913043926
0.0283240331370820
0.0283590357335197
0.0283915797023681
0.0284217400687161
0.0284495864279075
0.0284751830898256
0.0284985892134683
0.0285198589317089
0.0285390414662142
0.0285561812325052
0.0285713179352041
0.0285844866535086
0.0285957179169480
0.0286050377714958
0.0286124678360926
0.0286180253496481
0.0286217232085692
0.0286235699948655
0.0286235699948655
0.0286217232085692
0.0286180253496482
0.0286124678360926
0.0286050377714958
0.0285957179169479
0.0285844866535085
0.0285713179352042
0.0285561812325052
0.0285390414662142
0.0285198589317090
0.0284985892134682
0.0284751830898256
0.0284495864279075
0.0284217400687161
0.0283915797023681
0.0283590357335197
0.0283240331370820
0.0282864913043926
0.0282463238801239
0.0282034385903281
0.0281577370622061
0.0281091146364076
0.0280574601729598
0.0280026558523089
0.0279445769734550
0.0278830917517874
0.0278180611200683
0.0277493385370996
0.0276767698100088
0.0276001929379767
0.0275194379876818
0.0274343270140184
0.0273446740440856
0.0272502851483918
0.0271509586314392
0.0270464853852345
0.0269366494652923
0.0268212289717115
0.0266999973516203
0.0265727252899733
0.0264391834343529
0.0262991463262347
0.0261523981253178
0.0259987410961108
0.0258380085571519
0.0256700855051780
0.0254949435502125
0.0253127054541186
0.0251237805924094
0.0252817779861001
0.0254741917049266
0.0256597492433475
0.0258380085571519
0.0260088317651074
0.0261722455484620
0.0263283714884938
0.0264773873160036
0.0266195038756546
0.0267549507605572
0.0268839670311310
0.0270067950661955
0.0271236764228988
0.0272348490274257
0.0273405452702694
0.0274409907288331
0.0275364033317941
0.0276269928380351
0.0277129605412110
0.0277944991367291
0.0278717927056293
0.0279450167821573
0.0280143384806551
0.0280799166636885
0.0281419021379676
0.0282004378679715
0.0282556591997585
0.0283076940892731
0.0283566633309236
0.0284026807832366
0.0284458535892375
0.0284862823898054
0.0285240615287352
0.0285592792485854
0.0285920178766806
0.0286223540008324
0.0286503586345043
0.0286760973712721
0.0286996305285021
0.0287210132802457
0.0287402957793996
0.0287575232691882
0.0287727361840728
0.0287859702401775
0.0287972565153529
0.0288066215189608
0.0288140872514960
0.0288196712541239
0.0288233866482123
0.0288252421649261
0.0288252421649261
0.0288233866482123
0.0288196712541239
0.0288140872514960
0.0288066215189608
0.0287972565153529
0.0287859702401775
0.0287727361840728
0.0287575232691882
0.0287402957793996
0.0287210132802457
0.0286996305285021
0.0286760973712721
0.0286503586345043
0.0286223540008324
0.0285920178766806
0.0285592792485854
0.0285240615287352
0.0284862823898054
0.0284458535892375
0.0284026807832366
0.0283566633309236
0.0283076940892731
0.0282556591997585
0.0282004378679715
0.0281419021379676
0.0280799166636885
0.0280143384806551
0.0279450167821573
0.0278717927056293
0.0277944991367291
0.0277129605412109
0.0276269928380351
0.0275364033317941
0.0274409907288331
0.0273405452702694
0.0272348490274257
0.0271236764228988
0.0270067950661955
0.0268839670311310
0.0267549507605572
0.0266195038756546
0.0264773873160036
0.0263283714884938
0.0261722455484620
0.0260088317651074
0.0258380085571519
0.0256597492433475
0.0254741917049266
0.0252817779861001
0.0254335028680136
0.0256290583944981
0.0258176272979251
0.0259987410961107
0.0261722455484620
0.0263381606957724
0.0264966087640004
0.0266477729000186
0.0267918721803174
0.0269291458949075
0.0270598433904849
0.0271842173773205
0.0273025194641366
0.0274149971646841
0.0275218918979922
0.0276234376714887
0.0277198602399201
0.0278113765991558
0.0278981947172140
0.0279805134337862
0.0280585224792417
0.0281324025777924
0.0282023256091214
0.0282684548096497
0.0283309449995830
0.0283899428254902
0.0284455870108279
0.0284980086087880
0.0285473312533178
0.0285936714052540
0.0286371385913513
0.0286778356345760
0.0287158588745509
0.0287512983773418
0.0287842381340831
0.0288147562481074
0.0288429251104146
0.0288688115634103
0.0288924770529310
0.0289139777686217
0.0289333647727746
0.0289506841177591
0.0289659769521805
0.0289792796159237
0.0289906237242149
0.0290000362408465
0.0290075395406922
0.0290131514616208
0.0290168853459026
0.0290187500712028
0.0290187500712028
0.0290168853459026
0.0290131514616208
0.0290075395406922
0.0290000362408466
0.0289906237242148
0.0289792796159237
0.0289659769521805
0.0289506841177591
0.0289333647727746
0.0289139777686217
0.0288924770529311
0.0288688115634103
0.0288429251104146
0.0288147562481074
0.0287842381340831
0.0287512983773418
0.0287158588745509
0.0286778356345760
0.0286371385913513
0.0285936714052540
0.0285473312533177
0.0284980086087880
0.0284455870108279
0.0283899428254903
0.0283309449995830
0.0282684548096497
0.0282023256091214
0.0281324025777924
0.0280585224792417
0.0279805134337862
0.0278981947172140
0.0278113765991558
0.0277198602399200
0.0276234376714887
0.0275218918979922
0.0274149971646840
0.0273025194641365
0.0271842173773205
0.0270598433904849
0.0269291458949075
0.0267918721803174
0.0266477729000186
0.0264966087640004
0.0263381606957725
0.0261722455484620
0.0259987410961107
0.0258176272979251
0.0256290583944981
0.0254335028680136
0.0255789914657963
0.0257773787496658
0.0259686773607118
0.0261523981253178
0.0263283714884938
0.0264966087640004
0.0266572292267201
0.0268104174295883
0.0269563968374076
0.0270954130054493
0.0272277226120036
0.0273535862020556
0.0274732633454198
0.0275870093996193
0.0276950733584776
0.0277976964460397
0.0278951112280591
0.0279875410859093
0.0280751999455794
0.0281582921864707
0.0282370126765737
0.0283115468957287
0.0283820711193235
0.0284487526422901
0.0285117500287099
0.0285712133762522
0.0286272845875254
0.0286800976425567
0.0287297788681542
0.0287764472010730
0.0288202144427792
0.0288611855042396
0.0288994586396588
0.0289351256684419
0.0289682721849286
0.0289989777556478
0.0290273161039855
0.0290533552822597
0.0290771578312818
0.0290987809275178
0.0291182765180168
0.0291356914432719
0.0291510675481996
0.0291644417814206
0.0291758462830182
0.0291853084609373
0.0291928510561739
0.0291984921968937
0.0292022454415840
0.0292041198113387
0.0292041198113387
0.0292022454415840
0.0291984921968937
0.0291928510561739
0.0291853084609373
0.0291758462830182
0.0291644417814206
0.0291510675481996
0.0291356914432719
0.0291182765180168
0.0290987809275178
0.0290771578312818
0.0290533552822598
0.0290273161039855
0.0289989777556478
0.0289682721849286
0.0289351256684419
0.0288994586396588
0.0288611855042396
0.0288202144427792
0.0287764472010730
0.0287297788681542
0.0286800976425567
0.0286272845875254
0.0285712133762522
0.0285117500287100
0.0284487526422901
0.0283820711193235
0.0283115468957287
0.0282370126765737
0.0281582921864707
0.0280751999455794
0.0279875410859093
0.0278951112280591
0.0277976964460397
0.0276950733584776
0.0275870093996194
0.0274732633454199
0.0273535862020556
0.0272277226120036
0.0270954130054493
0.0269563968374075
0.0268104174295883
0.0266572292267201
0.0264966087640004
0.0263283714884938
0.0261523981253178
0.0259686773607118
0.0257773787496658
0.0255789914657963
0.0257183328994310
0.0259192750090064
0.0261130478683156
0.0262991463262347
0.0264773873160036
0.0266477729000186
0.0268104174295881
0.0269655042005129
0.0271132582219339
0.0272539285792019
0.0273877767939598
0.0275150690527415
0.0276360709884490
0.0277510441769201
0.0278602438025856
0.0279639171305079
0.0280623025397636
0.0281556289501762
0.0282441155257067
0.0283279715724974
0.0284073965733551
0.0284825803169985
0.0285537030920226
0.0286209359237760
0.0286844408382886
0.0287443711416699
0.0288008717065107
0.0288540792591240
0.0289041226631492
0.0289511231962837
0.0289951948178449
0.0290364444255563
0.0290749721004559
0.0291108713392120
0.0291442292734204
0.0291751268756513
0.0292036391521710
0.0292298353223753
0.0292537789850397
0.0292755282715474
0.0292951359862742
0.0293126497343535
0.0293281120370152
0.0293415604347189
0.0293530275782755
0.0293625413081459
0.0293701247220830
0.0293757962312679
0.0293795696050632
0.0293814540044874
0.0293814540044874
0.0293795696050632
0.0293757962312679
0.0293701247220830
0.0293625413081459
0.0293530275782755
0.0293415604347189
0.0293281120370152
0.0293126497343535
0.0292951359862741
0.0292755282715474
0.0292537789850397
0.0292298353223753
0.0292036391521710
0.0291751268756513
0.0291442292734204
0.0291108713392120
0.0290749721004559
0.0290364444255563
0.0289951948178449
0.0289511231962836
0.0289041226631492
0.0288540792591240
0.0288008717065107
0.0287443711416699
0.0286844408382886
0.0286209359237760
0.0285537030920226
0.0284825803169985
0.0284073965733551
0.0283279715724974
0.0282441155257067
0.0281556289501762
0.0280623025397636
0.0279639171305079
0.0278602438025856
0.0277510441769201
0.0276360709884490
0.0275150690527415
0.0273877767939598
0.0272539285792019
0.0271132582219339
0.0269655042005129
0.0268104174295881
0.0266477729000186
0.0264773873160037
0.0262991463262347
0.0261130478683155
0.0259192750090064
0.0257183328994310
0.0258516522498756
0.0260549015853742
0.0262509177819345
0.0264391834343529
0.0266195038756546
0.0267918721803175
0.0269563968374075
0.0271132582219339
0.0272626808827593
0.0274049153513282
0.0275402259857940
0.0276688827658690
0.0277911557310146
0.0279073112159510
0.0280176093236427
0.0281223022586639
0.0282216332632689
0.0283158359778048
0.0284051341006596
0.0284897412595514
0.0285698610312783
0.0286456870648044
0.0287174032750608
0.0287851840838130
0.0288491946903312
0.0289095913593111
0.0289665217168459
0.0290201250477770
0.0290705325895705
0.0291178678192357
0.0291622467307975
0.0292037781016077
0.0292425637463076
0.0292786987576849
0.0293122717339670
0.0293433649923181
0.0293720547684593
0.0293984114024616
0.0294224995108253
0.0294443781450241
0.0294641009367218
0.0294817162298794
0.0294972671999896
0.0295107919606572
0.0295223236577461
0.0295318905512927
0.0295395160853626
0.0295452189460166
0.0295490131075171
0.0295509078668820
0.0295509078668820
0.0295490131075170
0.0295452189460166
0.0295395160853626
0.0295318905512927
0.0295223236577461
0.0295107919606572
0.0294972671999896
0.0294817162298794
0.0294641009367219
0.0294443781450241
0.0294224995108253
0.0293984114024617
0.0293720547684593
0.0293433649923181
0.0293122717339670
0.0292786987576849
0.0292425637463077
0.0292037781016077
0.0291622467307975
0.0291178678192357
0.0290705325895705
0.0290201250477769
0.0289665217168459
0.0289095913593111
0.0288491946903312
0.0287851840838130
0.0287174032750608
0.0286456870648044
0.0285698610312783
0.0284897412595514
0.0284051341006596
0.0283158359778048
0.0282216332632689
0.0281223022586639
0.0280176093236427
0.0279073112159510
0.0277911557310146
0.0276688827658689
0.0275402259857940
0.0274049153513282
0.0272626808827593
0.0271132582219339
0.0269563968374075
0.0267918721803174
0.0266195038756547
0.0264391834343529
0.0262509177819345
0.0260549015853742
0.0258516522498756
0.0259790988507165
0.0261844337096668
0.0263824847739239
0.0265727252899732
0.0267549507605573
0.0269291458949075
0.0270954130054493
0.0272539285792019
0.0274049153513282
0.0275486237683824
0.0276853194608666
0.0278152746943742
0.0279387625143786
0.0280560527435921
0.0281674092682240
0.0282730882287740
0.0283733368496437
0.0284683927217449
0.0285584834069017
0.0286438262706143
0.0287246284761616
0.0288010870916536
0.0288733892749319
0.0289417125107314
0.0290062248814208
0.0290670853576491
0.0291244440988842
0.0291784427565585
0.0292292147745000
0.0292768856828258
0.0293215733825753
0.0293633884191525
0.0294024342432915
0.0294388074586781
0.0294725980557043
0.0295038896310837
0.0295327595932241
0.0295592793533780
0.0295835145026938
0.0296055249753327
0.0296253651978644
0.0296430842251668
0.0296587258630766
0.0296723287780108
0.0296839265937894
0.0296935479758758
0.0297012167032072
0.0297069517277963
0.0297107672222362
0.0297126726152311
0.0297126726152311
0.0297107672222362
0.0297069517277962
0.0297012167032072
0.0296935479758759
0.0296839265937895
0.0296723287780108
0.0296587258630766
0.0296430842251667
0.0296253651978643
0.0296055249753328
0.0295835145026938
0.0295592793533780
0.0295327595932242
0.0295038896310837
0.0294725980557044
0.0294388074586781
0.0294024342432915
0.0293633884191525
0.0293215733825753
0.0292768856828258
0.0292292147744999
0.0291784427565585
0.0291244440988842
0.0290670853576491
0.0290062248814208
0.0289417125107314
0.0288733892749319
0.0288010870916536
0.0287246284761616
0.0286438262706143
0.0285584834069017
0.0284683927217449
0.0283733368496437
0.0282730882287740
0.0281674092682240
0.0280560527435920
0.0279387625143786
0.0278152746943742
0.0276853194608666
0.0275486237683824
0.0274049153513282
0.0272539285792019
0.0270954130054493
0.0269291458949075
0.0267549507605573
0.0265727252899733
0.0263824847739239
0.0261844337096668
0.0259790988507165
0.0261008379685617
0.0263080595116856
0.0265079572524821
0.0266999973516203
0.0268839670311310
0.0270598433904849
0.0272277226120036
0.0273877767939598
0.0275402259857940
0.0276853194608667
0.0278233229375162
0.0279545097709523
0.0280791548591366
0.0281975304337512
0.0283099031755759
0.0284165322680355
0.0285176681191298
0.0286135515612294
0.0287044133929642
0.0287904741657141
0.0288719441442182
0.0289490233900932
0.0290219019308612
0.0290907599870958
0.0291557682375645
0.0292170881075816
0.0292748720697006
0.0293292639487712
0.0293803992255372
0.0294284053345577
0.0294734019534072
0.0295155012810226
0.0295548083037127
0.0295914210478395
0.0296254308185590
0.0296569224242678
0.0296859743865995
0.0297126591359662
0.0297370431927265
0.0297591873341362
0.0297791467472889
0.0297969711682560
0.0298127050076700
0.0298263874629819
0.0298380526176177
0.0298477295272455
0.0298554422933412
0.0298612101242302
0.0298650473837408
0.0298669636275885
0.0298669636275885
0.0298650473837408
0.0298612101242302
0.0298554422933412
0.0298477295272455
0.0298380526176177
0.0298263874629819
0.0298127050076700
0.0297969711682560
0.0297791467472889
0.0297591873341362
0.0297370431927265
0.0297126591359662
0.0296859743865995
0.0296569224242677
0.0296254308185590
0.0295914210478395
0.0295548083037128
0.0295155012810227
0.0294734019534072
0.0294284053345577
0.0293803992255372
0.0293292639487712
0.0292748720697006
0.0292170881075816
0.0291557682375645
0.0290907599870958
0.0290219019308612
0.0289490233900932
0.0288719441442182
0.0287904741657142
0.0287044133929641
0.0286135515612294
0.0285176681191298
0.0284165322680355
0.0283099031755758
0.0281975304337512
0.0280791548591366
0.0279545097709523
0.0278233229375162
0.0276853194608667
0.0275402259857940
0.0273877767939598
0.0272277226120036
0.0270598433904849
0.0268839670311310
0.0266999973516203
0.0265079572524821
0.0263080595116856
0.0261008379685617
0.0262170447824367
0.0264259743808522
0.0266275488308936
0.0268212289717115
0.0270067950661955
0.0271842173773205
0.0273535862020556
0.0275150690527414
0.0276688827658689
0.0278152746943742
0.0279545097709523
0.0280868615132157
0.0282126057424815
0.0283320162027550
0.0284453615261449
0.0285529031603016
0.0286548939870763
0.0287515774395079
0.0288431869784823
0.0289299458286783
0.0290120669006631
0.0290897528455991
0.0291631962032005
0.0292325796139133
0.0292980760738776
0.0293598492168028
0.0294180536110365
0.0294728350631584
0.0295243309217524
0.0295726703766858
0.0296179747505471
0.0296603577798226
0.0296999258841355
0.0297367784223989
0.0297710079351390
0.0298027003725464
0.0298319353080275
0.0298587861371902
0.0298833202623097
0.0299055992624004
0.0299256790490680
0.0299436100083520
0.0299594371287741
0.0299732001158302
0.0299849334931282
0.0299946666904025
0.0300024241185703
0.0300082252320163
0.0300120845782428
0.0300140118350023
0.0300140118350024
0.0300120845782428
0.0300082252320163
0.0300024241185704
0.0299946666904025
0.0299849334931282
0.0299732001158301
0.0299594371287741
0.0299436100083520
0.0299256790490680
0.0299055992624004
0.0298833202623097
0.0298587861371902
0.0298319353080275
0.0298027003725464
0.0297710079351390
0.0297367784223988
0.0296999258841355
0.0296603577798226
0.0296179747505471
0.0295726703766857
0.0295243309217524
0.0294728350631584
0.0294180536110365
0.0293598492168028
0.0292980760738776
0.0292325796139133
0.0291631962032005
0.0290897528455991
0.0290120669006631
0.0289299458286783
0.0288431869784823
0.0287515774395079
0.0286548939870763
0.0285529031603016
0.0284453615261449
0.0283320162027550
0.0282126057424815
0.0280868615132157
0.0279545097709523
0.0278152746943743
0.0276688827658690
0.0275150690527414
0.0273535862020555
0.0271842173773205
0.0270067950661955
0.0268212289717114
0.0266275488308935
0.0264259743808522
0.0262170447824367
0.0263278999731938
0.0265383768974427
0.0267414744290566
0.0269366494652923
0.0271236764228988
0.0273025194641364
0.0274732633454199
0.0276360709884490
0.0277911557310146
0.0279387625143786
0.0280791548591366
0.0282126057424815
0.0283393911755261
0.0284597856834060
0.0285740591432645
0.0286824745997687
0.0287852867884811
0.0288827411735867
0.0289750733598593
0.0290625087766285
0.0291452625587393
0.0292235395691591
0.0292975345222794
0.0293674321775007
0.0294334075804731
0.0294956263351547
0.0295542448941456
0.0296094108579816
0.0296612632764887
0.0297099329471082
0.0297555427064813
0.0297982077126028
0.0298380357156370
0.0298751273160782
0.0299095762093574
0.0299414694163553
0.0299708874994938
0.0299979047642778
0.0300225894462743
0.0300450038836179
0.0300652046751763
0.0300832428245666
0.0300991638702206
0.0301130080017081
0.0301248101625371
0.0301346001396131
0.0301424026395652
0.0301482373520769
0.0301521190003815
0.0301540573790330
0.0301540573790330
0.0301521190003815
0.0301482373520769
0.0301424026395652
0.0301346001396131
0.0301248101625371
0.0301130080017081
0.0300991638702206
0.0300832428245666
0.0300652046751763
0.0300450038836179
0.0300225894462743
0.0299979047642777
0.0299708874994938
0.0299414694163553
0.0299095762093574
0.0298751273160782
0.0298380357156369
0.0297982077126028
0.0297555427064813
0.0297099329471082
0.0296612632764887
0.0296094108579816
0.0295542448941456
0.0294956263351547
0.0294334075804731
0.0293674321775007
0.0292975345222794
0.0292235395691591
0.0291452625587393
0.0290625087766285
0.0289750733598593
0.0288827411735867
0.0287852867884811
0.0286824745997687
0.0285740591432645
0.0284597856834060
0.0283393911755261
0.0282126057424815
0.0280791548591366
0.0279387625143786
0.0277911557310146
0.0276360709884490
0.0274732633454199
0.0273025194641364
0.0271236764228989
0.0269366494652923
0.0267414744290566
0.0265383768974428
0.0263278999731938
0.0264335864672760
0.0266454658750882
0.0268499475019922
0.0270464853852345
0.0272348490274257
0.0274149971646840
0.0275870093996192
0.0277510441769201
0.0279073112159509
0.0280560527435921
0.0281975304337512
0.0283320162027550
0.0284597856834060
0.0285811135959528
0.0286962704805376
0.0288055204160261
0.0289091194579767
0.0290073146029357
0.0291003431385356
0.0291884322762255
0.0292717989903902
0.0293506500072432
0.0294251819013129
0.0294955812679763
0.0295620249484233
0.0296246802893518
0.0296837054241155
0.0297392495654007
0.0297914533020131
0.0298404488942687
0.0298863605639227
0.0299293047756679
0.0299693905080589
0.0300067195123546
0.0300413865582350
0.0300734796657173
0.0301030803228545
0.0301302636890026
0.0301550987835790
0.0301776486603490
0.0301979705673394
0.0302161160925269
0.0302321312954813
0.0302460568251542
0.0302579280240021
0.0302677750186359
0.0302756227971701
0.0302814912734246
0.0302853953381190
0.0302873448971688
0.0302873448971688
0.0302853953381190
0.0302814912734246
0.0302756227971701
0.0302677750186359
0.0302579280240021
0.0302460568251541
0.0302321312954813
0.0302161160925269
0.0301979705673394
0.0301776486603490
0.0301550987835790
0.0301302636890026
0.0301030803228545
0.0300734796657174
0.0300413865582350
0.0300067195123547
0.0299693905080590
0.0299293047756679
0.0298863605639227
0.0298404488942687
0.0297914533020131
0.0297392495654007
0.0296837054241155
0.0296246802893518
0.0295620249484233
0.0294955812679762
0.0294251819013129
0.0293506500072432
0.0292717989903902
0.0291884322762255
0.0291003431385356
0.0290073146029357
0.0289091194579767
0.0288055204160261
0.0286962704805377
0.0285811135959528
0.0284597856834060
0.0283320162027550
0.0281975304337512
0.0280560527435921
0.0279073112159509
0.0277510441769201
0.0275870093996193
0.0274149971646840
0.0272348490274257
0.0270464853852345
0.0268499475019922
0.0266454658750882
0.0264335864672760
0.0265342870230904
0.0267474382052934
0.0269531780655602
0.0271509586314392
0.0273405452702694
0.0275218918979922
0.0276950733584776
0.0278602438025856
0.0280176093236427
0.0281674092682240
0.0283099031755759
0.0284453615261449
0.0285740591432645
0.0286962704805377
0.0288122662687644
0.0289223111530089
0.0290266620557575
0.0291255670748351
0.0292192647759651
0.0293079837765238
0.0293919425435827
0.0294713493488180
0.0295464023371874
0.0296172896769882
0.0296841897668545
0.0297472714812749
0.0298066944407144
0.0298626092958643
0.0299151580181287
0.0299644741904446
0.0300106832940398
0.0300539029878697
0.0300942433783712
0.0301318072778205
0.0301666904501060
0.0301989818431012
0.0302287638071150
0.0302561122991217
0.0302810970726217
0.0303037818531048
0.0303242244991776
0.0303424771494564
0.0303585863553773
0.0303725932000877
0.0303845334035941
0.0303944374143309
0.0304023304873198
0.0304082327490643
0.0304121592492982
0.0304141199997110
0.0304141199997111
0.0304121592492982
0.0304082327490643
0.0304023304873198
0.0303944374143309
0.0303845334035940
0.0303725932000877
0.0303585863553773
0.0303424771494563
0.0303242244991776
0.0303037818531048
0.0302810970726217
0.0302561122991217
0.0302287638071150
0.0301989818431012
0.0301666904501060
0.0301318072778205
0.0300942433783712
0.0300539029878697
0.0300106832940398
0.0299644741904446
0.0299151580181287
0.0298626092958643
0.0298066944407144
0.0297472714812748
0.0296841897668545
0.0296172896769881
0.0295464023371874
0.0294713493488180
0.0293919425435827
0.0293079837765237
0.0292192647759651
0.0291255670748352
0.0290266620557575
0.0289223111530089
0.0288122662687645
0.0286962704805377
0.0285740591432645
0.0284453615261449
0.0283099031755759
0.0281674092682240
0.0280176093236427
0.0278602438025856
0.0276950733584777
0.0275218918979922
0.0273405452702693
0.0271509586314392
0.0269531780655602
0.0267474382052934
0.0265342870230904
0.0266301824410553
0.0268444872895159
0.0270513712962792
0.0272502851483918
0.0274409907288331
0.0276234376714887
0.0277976964460397
0.0279639171305079
0.0281223022586640
0.0282730882287740
0.0284165322680355
0.0285529031603016
0.0286824745997686
0.0288055204160260
0.0289223111530089
0.0290331116381467
0.0291381792811519
0.0292377629131033
0.0293321020266219
0.0294214263138997
0.0295059554254923
0.0295858988919640
0.0296614561647219
0.0297328167430056
0.0298001603619764
0.0298636572228862
0.0299234682508828
0.0299797453694893
0.0300326317834525
0.0300822622636918
0.0301287634296324
0.0301722540254181
0.0302128451873989
0.0302506407010008
0.0302857372456295
0.0303182246266575
0.0303481859938661
0.0303756980459507
0.0304008312208636
0.0304236498719024
0.0304442124295588
0.0304625715491789
0.0304787742445595
0.0304928620076077
0.0305048709142219
0.0305148317165351
0.0305227699216819
0.0305287058572061
0.0305326547232433
0.0305346266315640
0.0305346266315640
0.0305326547232433
0.0305287058572062
0.0305227699216819
0.0305148317165351
0.0305048709142219
0.0304928620076077
0.0304787742445595
0.0304625715491789
0.0304442124295588
0.0304236498719024
0.0304008312208636
0.0303756980459507
0.0303481859938661
0.0303182246266575
0.0302857372456295
0.0302506407010008
0.0302128451873989
0.0301722540254181
0.0301287634296324
0.0300822622636918
0.0300326317834525
0.0299797453694893
0.0299234682508827
0.0298636572228862
0.0298001603619764
0.0297328167430056
0.0296614561647219
0.0295858988919640
0.0295059554254923
0.0294214263138997
0.0293321020266219
0.0292377629131033
0.0291381792811519
0.0290331116381466
0.0289223111530089
0.0288055204160260
0.0286824745997686
0.0285529031603016
0.0284165322680355
0.0282730882287740
0.0281223022586640
0.0279639171305079
0.0277976964460397
0.0276234376714887
0.0274409907288331
0.0272502851483918
0.0270513712962792
0.0268444872895159
0.0266301824410553
0.0267214502403726
0.0269368019066141
0.0271447265500989
0.0273446740440856
0.0275364033317941
0.0277198602399201
0.0278951112280591
0.0280623025397636
0.0282216332632689
0.0283733368496437
0.0285176681191298
0.0286548939870763
0.0287852867884811
0.0289091194579768
0.0290266620557575
0.0291381792811518
0.0292439287168510
0.0293441596166482
0.0294391120987114
0.0295290166417271
0.0296140938069306
0.0296945541279548
0.0297705981244865
0.0298424164062742
0.0299101898419725
0.0299740897733438
0.0300342782599327
0.0300909083428557
0.0301441243190254
0.0301940620192302
0.0302408490850679
0.0302846052409756
0.0303254425585472
0.0303634657110685
0.0303987722167566
0.0304314526696340
0.0304615909572892
0.0304892644650463
0.0305145442662359
0.0305374952984128
0.0305581765254738
0.0305766410856909
0.0305929364257382
0.0306071044208142
0.0306191814809823
0.0306291986438668
0.0306371816538233
0.0306431510277149
0.0306471221073900
0.0306491050989641
0.0306491050989641
0.0306471221073900
0.0306431510277149
0.0306371816538233
0.0306291986438667
0.0306191814809823
0.0306071044208142
0.0305929364257382
0.0305766410856909
0.0305581765254738
0.0305374952984128
0.0305145442662358
0.0304892644650463
0.0304615909572892
0.0304314526696340
0.0303987722167566
0.0303634657110685
0.0303254425585472
0.0302846052409756
0.0302408490850679
0.0301940620192302
0.0301441243190254
0.0300909083428557
0.0300342782599327
0.0299740897733438
0.0299101898419725
0.0298424164062742
0.0297705981244864
0.0296945541279548
0.0296140938069306
0.0295290166417271
0.0294391120987114
0.0293441596166482
0.0292439287168510
0.0291381792811518
0.0290266620557575
0.0289091194579768
0.0287852867884811
0.0286548939870763
0.0285176681191298
0.0283733368496437
0.0282216332632689
0.0280623025397636
0.0278951112280591
0.0277198602399201
0.0275364033317941
0.0273446740440856
0.0271447265500989
0.0269368019066141
0.0267214502403726
0.0268082636880557
0.0270245654057139
0.0272334366898784
0.0274343270140184
0.0276269928380351
0.0278113765991559
0.0279875410859092
0.0281556289501762
0.0283158359778047
0.0284683927217449
0.0286135515612294
0.0287515774395078
0.0288827411735867
0.0290073146029358
0.0291255670748351
0.0292377629131033
0.0293441596166482
0.0294450066029505
0.0295405443599154
0.0296310039042023
0.0297166064693925
0.0297975633659750
0.0298740759690132
0.0299463357997643
0.0300145246754298
0.0300788149072166
0.0301393695314797
0.0301963425622518
0.0302498792561896
0.0303001163830604
0.0303471824965303
0.0303911982012702
0.0304322764133764
0.0304705226118675
0.0305060350795996
0.0305389051324024
0.0305692173355841
0.0305970497072296
0.0306224739079120
0.0306455554165954
0.0306663536926210
0.0306849223237560
0.0307013091603275
0.0307155564355249
0.0307277008719618
0.0307377737746027
0.0307458011101687
0.0307518035731254
0.0307557966383525
0.0307577906005648
0.0307577906005648
0.0307557966383525
0.0307518035731254
0.0307458011101688
0.0307377737746027
0.0307277008719618
0.0307155564355248
0.0307013091603274
0.0306849223237560
0.0306663536926210
0.0306455554165954
0.0306224739079120
0.0305970497072296
0.0305692173355841
0.0305389051324024
0.0305060350795996
0.0304705226118675
0.0304322764133764
0.0303911982012703
0.0303471824965303
0.0303001163830604
0.0302498792561896
0.0301963425622518
0.0301393695314797
0.0300788149072166
0.0300145246754298
0.0299463357997643
0.0298740759690132
0.0297975633659750
0.0297166064693925
0.0296310039042023
0.0295405443599154
0.0294450066029505
0.0293441596166482
0.0292377629131033
0.0291255670748351
0.0290073146029357
0.0288827411735867
0.0287515774395078
0.0286135515612294
0.0284683927217449
0.0283158359778047
0.0281556289501762
0.0279875410859092
0.0278113765991559
0.0276269928380350
0.0274343270140184
0.0272334366898784
0.0270245654057139
0.0268082636880557
0.0268907910955880
0.0271079551438486
0.0273176876418641
0.0275194379876818
0.0277129605412109
0.0278981947172140
0.0280751999455794
0.0282441155257067
0.0284051341006596
0.0285584834069017
0.0287044133929642
0.0288431869784823
0.0289750733598593
0.0291003431385356
0.0292192647759651
0.0293321020266219
0.0294391120987113
0.0295405443599154
0.0296366394530538
0.0297276287206789
0.0298137338624551
0.0298951667675099
0.0299721294776294
0.0300448142474562
0.0301134036756715
0.0301780708870952
0.0302389797502230
0.0302962851182447
0.0303501330843185
0.0304006612439940
0.0304479989593239
0.0304922676204908
0.0305335809017669
0.0305720450094162
0.0306077589197435
0.0306408146059752
0.0306712972530217
0.0306992854594466
0.0307248514261985
0.0307480611318056
0.0307689744938857
0.0307876455168789
0.0308041224260134
0.0308184477875310
0.0308306586152432
0.0308407864635028
0.0308488575066788
0.0308548926052279
0.0308589073584380
0.0308609121439236
0.0308609121439237
0.0308589073584380
0.0308548926052279
0.0308488575066788
0.0308407864635028
0.0308306586152432
0.0308184477875311
0.0308041224260134
0.0307876455168790
0.0307689744938856
0.0307480611318056
0.0307248514261985
0.0306992854594466
0.0306712972530217
0.0306408146059752
0.0306077589197435
0.0305720450094162
0.0305335809017669
0.0304922676204908
0.0304479989593239
0.0304006612439941
0.0303501330843185
0.0302962851182447
0.0302389797502230
0.0301780708870951
0.0301134036756715
0.0300448142474562
0.0299721294776294
0.0298951667675099
0.0298137338624551
0.0297276287206789
0.0296366394530538
0.0295405443599154
0.0294391120987114
0.0293321020266219
0.0292192647759651
0.0291003431385356
0.0289750733598594
0.0288431869784823
0.0287044133929642
0.0285584834069017
0.0284051341006596
0.0282441155257067
0.0280751999455794
0.0278981947172140
0.0277129605412109
0.0275194379876817
0.0273176876418642
0.0271079551438486
0.0268907910955880
0.0269691953199118
0.0271871421085152
0.0273976581227438
0.0276001929379767
0.0277944991367291
0.0279805134337862
0.0281582921864707
0.0283279715724973
0.0284897412595515
0.0286438262706143
0.0287904741657141
0.0289299458286783
0.0290625087766285
0.0291884322762254
0.0293079837765237
0.0294214263138998
0.0295290166417271
0.0296310039042023
0.0297276287206788
0.0298191225804515
0.0299057074724356
0.0299875956922409
0.0300649897826268
0.0301380825734927
0.0302070572952786
0.0302720877455636
0.0303333384931912
0.0303909651077636
0.0304451144050914
0.0304959247012850
0.0305435260698546
0.0305880405974642
0.0306295826350211
0.0306682590415523
0.0307041694189618
0.0307374063362400
0.0307680555420779
0.0307961961651281
0.0308219009013957
0.0308452361883974
0.0308662623658781
0.0308850338229603
0.0309015991316793
0.0309160011669129
0.0309282772127319
0.0309384590552425
0.0309465730619896
0.0309526402479816
0.0309566763284242
0.0309586917582082
0.0309586917582082
0.0309566763284242
0.0309526402479816
0.0309465730619896
0.0309384590552425
0.0309282772127319
0.0309160011669130
0.0309015991316793
0.0308850338229603
0.0308662623658781
0.0308452361883974
0.0308219009013957
0.0307961961651281
0.0307680555420779
0.0307374063362400
0.0307041694189619
0.0306682590415522
0.0306295826350210
0.0305880405974642
0.0305435260698546
0.0304959247012851
0.0304451144050914
0.0303909651077636
0.0303333384931912
0.0302720877455637
0.0302070572952785
0.0301380825734927
0.0300649897826268
0.0299875956922409
0.0299057074724356
0.0298191225804515
0.0297276287206788
0.0296310039042023
0.0295290166417271
0.0294214263138997
0.0293079837765237
0.0291884322762255
0.0290625087766285
0.0289299458286783
0.0287904741657141
0.0286438262706143
0.0284897412595515
0.0283279715724974
0.0281582921864707
0.0279805134337862
0.0277944991367291
0.0276001929379767
0.0273976581227438
0.0271871421085152
0.0269691953199118
0.0270436334209086
0.0272622906802364
0.0274735194939319
0.0276767698100088
0.0278717927056293
0.0280585224792417
0.0282370126765737
0.0284073965733551
0.0285698610312783
0.0287246284761615
0.0288719441442182
0.0290120669006631
0.0291452625587393
0.0292717989903902
0.0293919425435826
0.0295059554254924
0.0296140938069306
0.0297166064693925
0.0298137338624552
0.0299057074724357
0.0299927494273598
0.0300750722811314
0.0301528789330778
0.0302263626490968
0.0302957071582523
0.0303610868045223
0.0304226667379068
0.0304806031325957
0.0305350434226186
0.0305861265475208
0.0306339832022699
0.0306787360869049
0.0307205001524621
0.0307593828405223
0.0307954843143542
0.0308288976801243
0.0308597091970406
0.0308879984755978
0.0309138386633264
0.0309372966176343
0.0309584330654763
0.0309773027496709
0.0309939545617959
0.0310084316616153
0.0310207715830573
0.0310310063267770
0.0310391624393491
0.0310452610791506
0.0310493180689892
0.0310513439355240
0.0310513439355239
0.0310493180689892
0.0310452610791506
0.0310391624393491
0.0310310063267770
0.0310207715830573
0.0310084316616153
0.0309939545617959
0.0309773027496709
0.0309584330654764
0.0309372966176343
0.0309138386633264
0.0308879984755978
0.0308597091970406
0.0308288976801243
0.0307954843143542
0.0307593828405223
0.0307205001524621
0.0306787360869049
0.0306339832022699
0.0305861265475208
0.0305350434226186
0.0304806031325958
0.0304226667379068
0.0303610868045224
0.0302957071582523
0.0302263626490969
0.0301528789330778
0.0300750722811314
0.0299927494273598
0.0299057074724356
0.0298137338624551
0.0297166064693925
0.0296140938069306
0.0295059554254924
0.0293919425435826
0.0292717989903902
0.0291452625587393
0.0290120669006631
0.0288719441442182
0.0287246284761615
0.0285698610312783
0.0284073965733551
0.0282370126765737
0.0280585224792417
0.0278717927056293
0.0276767698100088
0.0274735194939319
0.0272622906802364
0.0270436334209086
0.0271142564389351
0.0273335585011706
0.0275454357106601
0.0277493385370996
0.0279450167821573
0.0281324025777924
0.0283115468957287
0.0284825803169985
0.0286456870648043
0.0288010870916536
0.0289490233900933
0.0290897528455991
0.0292235395691592
0.0293506500072432
0.0294713493488180
0.0295858988919640
0.0296945541279549
0.0297975633659750
0.0298951667675099
0.0299875956922409
0.0300750722811314
0.0301578092200004
0.0302360096400081
0.0303098671213958
0.0303795657743665
0.0304452803767714
0.0305071765527469
0.0305654109798960
0.0306201316153248
0.0306714779329580
0.0307195811662090
0.0307645645514116
0.0308065435684140
0.0308456261755930
0.0308819130371513
0.0309154977410884
0.0309464670066283
0.0309749008801974
0.0310008729192955
0.0310244503637912
0.0310456942943210
0.0310646597775810
0.0310813959983844
0.0310959463784299
0.0311083486817497
0.0311186351068594
0.0311268323656322
0.0311329617489395
0.0311370391791030
0.0311390752491888
0.0311390752491888
0.0311370391791030
0.0311329617489395
0.0311268323656321
0.0311186351068594
0.0311083486817497
0.0310959463784299
0.0310813959983844
0.0310646597775810
0.0310456942943210
0.0310244503637912
0.0310008729192955
0.0309749008801974
0.0309464670066283
0.0309154977410884
0.0308819130371513
0.0308456261755929
0.0308065435684140
0.0307645645514116
0.0307195811662090
0.0306714779329580
0.0306201316153248
0.0305654109798960
0.0305071765527469
0.0304452803767714
0.0303795657743665
0.0303098671213958
0.0302360096400081
0.0301578092200004
0.0300750722811314
0.0299875956922409
0.0298951667675099
0.0297975633659750
0.0296945541279548
0.0295858988919640
0.0294713493488180
0.0293506500072432
0.0292235395691591
0.0290897528455991
0.0289490233900933
0.0288010870916535
0.0286456870648043
0.0284825803169985
0.0283115468957287
0.0281324025777924
0.0279450167821573
0.0277493385370996
0.0275454357106601
0.0273335585011706
0.0271142564389351
0.0271812092644310
0.0274010964238558
0.0276135633413787
0.0278180611200683
0.0280143384806551
0.0282023256091214
0.0283820711193235
0.0285537030920226
0.0287174032750608
0.0288733892749318
0.0290219019308612
0.0291631962032005
0.0292975345222794
0.0294251819013130
0.0295464023371874
0.0296614561647219
0.0297705981244864
0.0298740759690131
0.0299721294776294
0.0300649897826267
0.0301528789330778
0.0302360096400081
0.0303145851596276
0.0303887992811234
0.0304588363929644
0.0305248716074088
0.0305870709273115
0.0306455914427794
0.0307005815478917
0.0307521811698256
0.0308005220043649
0.0308457277530969
0.0308879143586143
0.0309271902348752
0.0309636564905137
0.0309974071434002
0.0310285293251755
0.0310571034747743
0.0310832035202310
0.0311068970482473
0.0311282454611452
0.0311473041209631
0.0311641224805286
0.0311787442014185
0.0311912072587548
0.0312015440328262
0.0312097813875482
0.0312159407357807
0.0312200380915353
0.0312220841090982
0.0312220841090983
0.0312200380915352
0.0312159407357807
0.0312097813875482
0.0312015440328262
0.0311912072587548
0.0311787442014185
0.0311641224805287
0.0311473041209631
0.0311282454611452
0.0311068970482472
0.0310832035202310
0.0310571034747743
0.0310285293251755
0.0309974071434002
0.0309636564905137
0.0309271902348752
0.0308879143586142
0.0308457277530969
0.0308005220043648
0.0307521811698255
0.0307005815478917
0.0306455914427794
0.0305870709273115
0.0305248716074088
0.0304588363929644
0.0303887992811234
0.0303145851596276
0.0302360096400081
0.0301528789330778
0.0300649897826268
0.0299721294776294
0.0298740759690131
0.0297705981244864
0.0296614561647219
0.0295464023371874
0.0294251819013130
0.0292975345222794
0.0291631962032005
0.0290219019308613
0.0288733892749319
0.0287174032750608
0.0285537030920226
0.0283820711193235
0.0282023256091214
0.0280143384806551
0.0278180611200683
0.0276135633413786
0.0274010964238558
0.0271812092644310
0.0272446305779967
0.0274650485202500
0.0276780516388816
0.0278830917517873
0.0280799166636885
0.0282684548096497
0.0284487526422901
0.0286209359237760
0.0287851840838130
0.0289417125107314
0.0290907599870958
0.0292325796139133
0.0293674321775007
0.0294955812679762
0.0296172896769881
0.0297328167430056
0.0298424164062742
0.0299463357997643
0.0300448142474562
0.0301380825734926
0.0302263626490968
0.0303098671213958
0.0303887992811235
0.0304633530358918
0.0305337129630846
0.0306000544221024
0.0306625437100559
0.0307213382484274
0.0307765867908603
0.0308284296443569
0.0308769988977835
0.0309224186529126
0.0309648052542429
0.0310042675146720
0.0310409069347415
0.0310748179136926
0.0311060879509771
0.0311347978372010
0.0311610218337289
0.0311848278403765
0.0312062775507860
0.0312254265951924
0.0312423246703871
0.0312570156567516
0.0312695377222969
0.0312799234136647
0.0312881997340890
0.0312943882083221
0.0312985049345424
0.0313005606232637
0.0313005606232637
0.0312985049345424
0.0312943882083221
0.0312881997340890
0.0312799234136647
0.0312695377222969
0.0312570156567516
0.0312423246703870
0.0312254265951924
0.0312062775507860
0.0311848278403765
0.0311610218337289
0.0311347978372010
0.0311060879509771
0.0310748179136926
0.0310409069347415
0.0310042675146720
0.0309648052542429
0.0309224186529126
0.0308769988977835
0.0308284296443569
0.0307765867908603
0.0307213382484274
0.0306625437100559
0.0306000544221024
0.0305337129630845
0.0304633530358918
0.0303887992811235
0.0303098671213958
0.0302263626490969
0.0301380825734926
0.0300448142474562
0.0299463357997643
0.0298424164062742
0.0297328167430056
0.0296172896769881
0.0294955812679762
0.0293674321775007
0.0292325796139132
0.0290907599870957
0.0289417125107313
0.0287851840838130
0.0286209359237759
0.0284487526422901
0.0282684548096497
0.0280799166636885
0.0278830917517873
0.0276780516388816
0.0274650485202500
0.0272446305779967
0.0273046528441603
0.0275255521357380
0.0277390426489524
0.0279445769734550
0.0281419021379677
0.0283309449995830
0.0285117500287100
0.0286844408382886
0.0288491946903312
0.0290062248814208
0.0291557682375644
0.0292980760738776
0.0294334075804731
0.0295620249484233
0.0296841897668545
0.0298001603619764
0.0299101898419725
0.0300145246754298
0.0301134036756715
0.0302070572952786
0.0302957071582523
0.0303795657743666
0.0304588363929644
0.0305337129630845
0.0306043801740826
0.0306710135565474
0.0307337796276290
0.0307928360682884
0.0308483319226077
0.0309004078113796
0.0309491961538448
0.0309948213927205
0.0310374002187245
0.0310770417915854
0.0311138479552129
0.0311479134452003
0.0311793260872507
0.0312081669854530
0.0312345106995880
0.0312584254108527
0.0312799730755505
0.0312992095664276
0.0313161848014296
0.0313309428597194
0.0313435220848705
0.0313539551751745
0.0313622692610358
0.0313684859694512
0.0313726214755711
0.0313746865413601
0.0313746865413601
0.0313726214755711
0.0313684859694513
0.0313622692610357
0.0313539551751745
0.0313435220848705
0.0313309428597194
0.0313161848014296
0.0312992095664276
0.0312799730755505
0.0312584254108527
0.0312345106995881
0.0312081669854530
0.0311793260872507
0.0311479134452003
0.0311138479552130
0.0310770417915854
0.0310374002187245
0.0309948213927205
0.0309491961538448
0.0309004078113796
0.0308483319226077
0.0307928360682884
0.0307337796276289
0.0306710135565473
0.0306043801740826
0.0305337129630846
0.0304588363929644
0.0303795657743665
0.0302957071582523
0.0302070572952786
0.0301134036756715
0.0300145246754298
0.0299101898419725
0.0298001603619764
0.0296841897668545
0.0295620249484233
0.0294334075804731
0.0292980760738776
0.0291557682375644
0.0290062248814208
0.0288491946903312
0.0286844408382886
0.0285117500287100
0.0283309449995830
0.0281419021379677
0.0279445769734550
0.0277390426489524
0.0275255521357379
0.0273046528441603
0.0273614023457173
0.0275827379762455
0.0277966713456348
0.0280026558523089
0.0282004378679715
0.0283899428254902
0.0285712133762523
0.0287443711416698
0.0289095913593111
0.0290670853576490
0.0292170881075816
0.0293598492168028
0.0294956263351548
0.0296246802893518
0.0297472714812748
0.0298636572228863
0.0299740897733438
0.0300788149072166
0.0301780708870951
0.0302720877455636
0.0303610868045224
0.0304452803767714
0.0305248716074089
0.0306000544221024
0.0306710135565474
0.0307379246469723
0.0308009543658625
0.0308602605904089
0.0309159925938204
0.0309682912516894
0.0310172892572281
0.0310631113404978
0.0311058744877612
0.0311456881579212
0.0311826544936507
0.0312168685253453
0.0312484183664465
0.0312773853990069
0.0313038444486439
0.0313278639482267
0.0313495060898162
0.0313688269644960
0.0313858766898482
0.0314006995248876
0.0314133339723441
0.0314238128682132
0.0314321634585345
0.0314384074633759
0.0314425611280131
0.0314446352613130
0.0314446352613130
0.0314425611280131
0.0314384074633759
0.0314321634585345
0.0314238128682132
0.0314133339723440
0.0314006995248875
0.0313858766898481
0.0313688269644960
0.0313495060898162
0.0313278639482267
0.0313038444486439
0.0312773853990069
0.0312484183664466
0.0312168685253453
0.0311826544936507
0.0311456881579212
0.0311058744877612
0.0310631113404978
0.0310172892572281
0.0309682912516894
0.0309159925938204
0.0308602605904089
0.0308009543658625
0.0307379246469723
0.0306710135565474
0.0306000544221025
0.0305248716074089
0.0304452803767714
0.0303610868045224
0.0302720877455636
0.0301780708870951
0.0300788149072166
0.0299740897733438
0.0298636572228863
0.0297472714812748
0.0296246802893518
0.0294956263351548
0.0293598492168028
0.0292170881075816
0.0290670853576490
0.0289095913593111
0.0287443711416698
0.0285712133762523
0.0283899428254902
0.0282004378679715
0.0280026558523089
0.0277966713456348
0.0275827379762455
0.0273614023457173
0.0274149992484059
0.0276367302192464
0.0278510657847524
0.0280574601729598
0.0282556591997585
0.0284455870108279
0.0286272845875253
0.0288008717065107
0.0289665217168459
0.0291244440988842
0.0292748720697006
0.0294180536110364
0.0295542448941455
0.0296837054241154
0.0298066944407144
0.0299234682508828
0.0300342782599327
0.0301393695314797
0.0302389797502230
0.0303333384931912
0.0304226667379068
0.0305071765527469
0.0305870709273115
0.0306625437100559
0.0307337796276290
0.0308009543658624
0.0308642346966404
0.0309237786381730
0.0309797356388134
0.0310322467766035
0.0310814449683328
0.0311274551832013
0.0311703946571872
0.0312103731050317
0.0312474929274133
0.0312818494113964
0.0313135309226666
0.0313426190883823
0.0313691889697524
0.0313933092236551
0.0314150422527822
0.0314344443439200
0.0314515657940939
0.0314664510243674
0.0314791386811696
0.0314896617250410
0.0314980475067561
0.0315043178307767
0.0315084890060233
0.0315105718839551
0.0315105718839551
0.0315084890060233
0.0315043178307767
0.0314980475067561
0.0314896617250410
0.0314791386811696
0.0314664510243674
0.0314515657940939
0.0314344443439200
0.0314150422527823
0.0313933092236551
0.0313691889697524
0.0313426190883823
0.0313135309226666
0.0312818494113964
0.0312474929274133
0.0312103731050317
0.0311703946571872
0.0311274551832013
0.0310814449683328
0.0310322467766035
0.0309797356388134
0.0309237786381731
0.0308642346966404
0.0308009543658624
0.0307337796276290
0.0306625437100560
0.0305870709273115
0.0305071765527469
0.0304226667379068
0.0303333384931912
0.0302389797502230
0.0301393695314797
0.0300342782599327
0.0299234682508828
0.0298066944407144
0.0296837054241154
0.0295542448941455
0.0294180536110364
0.0292748720697006
0.0291244440988842
0.0289665217168458
0.0288008717065107
0.0286272845875253
0.0284455870108278
0.0282556591997585
0.0280574601729598
0.0278510657847523
0.0276367302192463
0.0274149992484059
0.0274655576878308
0.0276876466414622
0.0279023472692071
0.0281091146364076
0.0283076940892731
0.0284980086087880
0.0286800976425568
0.0288540792591240
0.0290201250477770
0.0291784427565585
0.0293292639487712
0.0294728350631584
0.0296094108579816
0.0297392495654008
0.0298626092958643
0.0299797453694893
0.0300909083428557
0.0301963425622518
0.0302962851182448
0.0303909651077636
0.0304806031325957
0.0305654109798960
0.0306455914427794
0.0307213382484274
0.0307928360682884
0.0308602605904089
0.0309237786381730
0.0309835483230202
0.0310397192212874
0.0310924325673473
0.0311418214568385
0.0311880110550316
0.0312311188064211
0.0312712546424152
0.0313085211846689
0.0313430139421118
0.0313748215001412
0.0314040257007852
0.0314307018129180
0.0314549186917995
0.0314767389274073
0.0314962189811437
0.0315134093106210
0.0315283544822963
0.0315410932718034
0.0315516587518733
0.0315600783677650
0.0315663740001697
0.0315705620155453
0.0315726533038827
0.0315726533038828
0.0315705620155453
0.0315663740001697
0.0315600783677650
0.0315516587518732
0.0315410932718034
0.0315283544822962
0.0315134093106211
0.0314962189811437
0.0314767389274073
0.0314549186917995
0.0314307018129180
0.0314040257007852
0.0313748215001412
0.0313430139421118
0.0313085211846689
0.0312712546424152
0.0312311188064211
0.0311880110550316
0.0311418214568385
0.0310924325673472
0.0310397192212874
0.0309835483230202
0.0309237786381731
0.0308602605904089
0.0307928360682884
0.0307213382484274
0.0306455914427794
0.0305654109798960
0.0304806031325957
0.0303909651077636
0.0302962851182448
0.0301963425622518
0.0300909083428556
0.0299797453694893
0.0298626092958642
0.0297392495654008
0.0296094108579816
0.0294728350631584
0.0293292639487712
0.0291784427565585
0.0290201250477769
0.0288540792591240
0.0286800976425568
0.0284980086087880
0.0283076940892731
0.0281091146364076
0.0279023472692071
0.0276876466414622
0.0274655576878307
0.0275131858722819
0.0277355987576546
0.0279506305210713
0.0281577370622061
0.0283566633309236
0.0285473312533177
0.0287297788681542
0.0289041226631492
0.0290705325895704
0.0292292147745000
0.0293803992255372
0.0295243309217524
0.0296612632764888
0.0297914533020131
0.0299151580181287
0.0300326317834525
0.0301441243190254
0.0302498792561896
0.0303501330843186
0.0304451144050914
0.0305350434226186
0.0306201316153248
0.0307005815478916
0.0307765867908602
0.0308483319226076
0.0309159925938204
0.0309797356388134
0.0310397192212875
0.0310960930047048
0.0311489983394625
0.0311985684606348
0.0312449286913426
0.0312881966477968
0.0313284824428828
0.0313658888857911
0.0314005116757280
0.0314324395881469
0.0314617546522796
0.0314885323190097
0.0315128416183623
0.0315347453060204
0.0315542999984594
0.0315715562963590
0.0315865588960566
0.0315993466888744
0.0316099528481874
0.0316184049041522
0.0316247248060362
0.0316289289721121
0.0316310283270926
0.0316310283270926
0.0316289289721121
0.0316247248060362
0.0316184049041522
0.0316099528481874
0.0315993466888744
0.0315865588960567
0.0315715562963590
0.0315542999984594
0.0315347453060203
0.0315128416183623
0.0314885323190097
0.0314617546522795
0.0314324395881469
0.0314005116757280
0.0313658888857911
0.0313284824428828
0.0312881966477968
0.0312449286913426
0.0311985684606348
0.0311489983394625
0.0310960930047049
0.0310397192212875
0.0309797356388134
0.0309159925938204
0.0308483319226076
0.0307765867908602
0.0307005815478916
0.0306201316153248
0.0305350434226187
0.0304451144050914
0.0303501330843186
0.0302498792561896
0.0301441243190254
0.0300326317834525
0.0299151580181287
0.0297914533020131
0.0296612632764887
0.0295243309217524
0.0293803992255372
0.0292292147745000
0.0290705325895704
0.0289041226631492
0.0287297788681542
0.0285473312533177
0.0283566633309236
0.0281577370622061
0.0279506305210712
0.0277355987576547
0.0275131858722819
0.0275579861964218
0.0277806919660930
0.0279960238566018
0.0282034385903281
0.0284026807832366
0.0285936714052540
0.0287764472010729
0.0289511231962837
0.0291178678192357
0.0292768856828258
0.0294284053345577
0.0295726703766858
0.0297099329471082
0.0298404488942687
0.0299644741904446
0.0300822622636918
0.0301940620192302
0.0303001163830605
0.0304006612439941
0.0304959247012851
0.0305861265475208
0.0306714779329580
0.0307521811698255
0.0308284296443569
0.0309004078113796
0.0309682912516894
0.0310322467766035
0.0310924325673473
0.0311489983394625
0.0312020855244355
0.0312518274623249
0.0312983496004285
0.0313417696940299
0.0313821980060769
0.0314197375032760
0.0314544840466128
0.0314865265747189
0.0315159472788417
0.0315428217684411
0.0315672192266496
0.0315892025550141
0.0316088285070573
0.0316261478103285
0.0316412052766742
0.0316540399005548
0.0316646849452523
0.0316731680168911
0.0316795111261848
0.0316837307378784
0.0316858378078494
0.0316858378078494
0.0316837307378784
0.0316795111261848
0.0316731680168911
0.0316646849452523
0.0316540399005548
0.0316412052766743
0.0316261478103285
0.0316088285070573
0.0315892025550141
0.0315672192266496
0.0315428217684410
0.0315159472788418
0.0314865265747190
0.0314544840466127
0.0314197375032761
0.0313821980060769
0.0313417696940299
0.0312983496004284
0.0312518274623249
0.0312020855244355
0.0311489983394625
0.0310924325673473
0.0310322467766035
0.0309682912516894
0.0309004078113796
0.0308284296443569
0.0307521811698255
0.0306714779329580
0.0305861265475208
0.0304959247012851
0.0304006612439941
0.0303001163830605
0.0301940620192302
0.0300822622636918
0.0299644741904446
0.0298404488942687
0.0297099329471082
0.0295726703766857
0.0294284053345576
0.0292768856828258
0.0291178678192357
0.0289511231962837
0.0287764472010729
0.0285936714052540
0.0284026807832366
0.0282034385903281
0.0279960238566018
0.0277806919660930
0.0275579861964218
0.0276000553618645
0.0278230256972845
0.0280386293612149
0.0282463238801239
0.0284458535892375
0.0286371385913513
0.0288202144427792
0.0289951948178449
0.0291622467307975
0.0293215733825753
0.0294734019534072
0.0296179747505471
0.0297555427064813
0.0298863605639227
0.0300106832940399
0.0301287634296325
0.0302408490850679
0.0303471824965302
0.0304479989593239
0.0305435260698546
0.0306339832022699
0.0307195811662089
0.0308005220043649
0.0308769988977835
0.0309491961538448
0.0310172892572281
0.0310814449683328
0.0311418214568385
0.0311985684606348
0.0312518274623249
0.0313017318770973
0.0313484072469937
0.0313919714376248
0.0314325348341509
0.0314702005340206
0.0315050645344425
0.0315372159130073
0.0315667370001832
0.0315937035427077
0.0316181848570758
0.0316402439725392
0.0316599377631303
0.0316773170683661
0.0316924268023511
0.0317053060510876
0.0317159881578317
0.0317245007963966
0.0317308660323252
0.0317351003718745
0.0317372147987813
0.0317372147987813
0.0317351003718745
0.0317308660323252
0.0317245007963965
0.0317159881578317
0.0317053060510876
0.0316924268023511
0.0316773170683660
0.0316599377631303
0.0316402439725391
0.0316181848570758
0.0315937035427077
0.0315667370001832
0.0315372159130073
0.0315050645344425
0.0314702005340206
0.0314325348341510
0.0313919714376248
0.0313484072469937
0.0313017318770973
0.0312518274623250
0.0311985684606348
0.0311418214568385
0.0310814449683327
0.0310172892572281
0.0309491961538448
0.0308769988977835
0.0308005220043649
0.0307195811662089
0.0306339832022699
0.0305435260698546
0.0304479989593239
0.0303471824965303
0.0302408490850678
0.0301287634296324
0.0300106832940399
0.0298863605639226
0.0297555427064813
0.0296179747505471
0.0294734019534072
0.0293215733825753
0.0291622467307975
0.0289951948178449
0.0288202144427791
0.0286371385913513
0.0284458535892375
0.0282463238801239
0.0280386293612149
0.0278230256972845
0.0276000553618645
0.0276394845014976
0.0278626935632497
0.0280785430621159
0.0282864913043927
0.0284862823898053
0.0286778356345760
0.0288611855042396
0.0290364444255563
0.0292037781016077
0.0293633884191525
0.0295155012810227
0.0296603577798227
0.0297982077126028
0.0299293047756679
0.0300539029878697
0.0301722540254181
0.0302846052409756
0.0303911982012703
0.0304922676204908
0.0305880405974643
0.0306787360869049
0.0307645645514116
0.0308457277530970
0.0309224186529126
0.0309948213927204
0.0310631113404978
0.0311274551832013
0.0311880110550316
0.0312449286913426
0.0312983496004285
0.0313484072469937
0.0313952272423338
0.0314389275372725
0.0314796186146779
0.0315174036790230
0.0315523788409734
0.0315846332953848
0.0316142494914381
0.0316413032939013
0.0316658641347216
0.0316879951543296
0.0317077533321687
0.0317251896060841
0.0317403489802800
0.0317532706216379
0.0317639879442356
0.0317725286819429
0.0317789149490193
0.0317831632886482
0.0317852847093669
0.0317852847093668
0.0317831632886483
0.0317789149490193
0.0317725286819429
0.0317639879442356
0.0317532706216379
0.0317403489802800
0.0317251896060842
0.0317077533321688
0.0316879951543295
0.0316658641347216
0.0316413032939013
0.0316142494914381
0.0315846332953848
0.0315523788409735
0.0315174036790229
0.0314796186146780
0.0314389275372725
0.0313952272423339
0.0313484072469937
0.0312983496004285
0.0312449286913426
0.0311880110550316
0.0311274551832013
0.0310631113404978
0.0309948213927204
0.0309224186529126
0.0308457277530969
0.0307645645514116
0.0306787360869049
0.0305880405974643
0.0304922676204908
0.0303911982012702
0.0302846052409756
0.0301722540254181
0.0300539029878697
0.0299293047756680
0.0297982077126029
0.0296603577798226
0.0295155012810227
0.0293633884191525
0.0292037781016077
0.0290364444255562
0.0288611855042396
0.0286778356345760
0.0284862823898054
0.0282864913043927
0.0280785430621159
0.0278626935632497
0.0276394845014977
0.0276763593050491
0.0278997835052510
0.0281158550968160
0.0283240331370821
0.0285240615287351
0.0287158588745509
0.0288994586396588
0.0290749721004559
0.0292425637463076
0.0294024342432915
0.0295548083037128
0.0296999258841354
0.0298380357156370
0.0299693905080590
0.0300942433783712
0.0302128451873989
0.0303254425585472
0.0304322764133765
0.0305335809017669
0.0306295826350211
0.0307205001524621
0.0308065435684140
0.0308879143586142
0.0309648052542429
0.0310374002187245
0.0311058744877612
0.0311703946571872
0.0312311188064211
0.0312881966477968
0.0313417696940299
0.0313919714376249
0.0314389275372726
0.0314827560072761
0.0315235674068190
0.0315614650265540
0.0315965450704573
0.0316288968313492
0.0316586028587801
0.0316857391182603
0.0317103751410324
0.0317325741637463
0.0317523932575453
0.0317698834461790
0.0317850898128497
0.0317980515955640
0.0318088022708309
0.0318173696255674
0.0318237758171317
0.0318280374214139
0.0318301654689358
0.0318301654689358
0.0318280374214139
0.0318237758171317
0.0318173696255674
0.0318088022708309
0.0317980515955640
0.0317850898128497
0.0317698834461789
0.0317523932575454
0.0317325741637463
0.0317103751410324
0.0316857391182603
0.0316586028587800
0.0316288968313492
0.0315965450704573
0.0315614650265540
0.0315235674068190
0.0314827560072761
0.0314389275372726
0.0313919714376249
0.0313417696940299
0.0312881966477968
0.0312311188064211
0.0311703946571873
0.0311058744877612
0.0310374002187245
0.0309648052542429
0.0308879143586142
0.0308065435684140
0.0307205001524621
0.0306295826350210
0.0305335809017669
0.0304322764133765
0.0303254425585472
0.0302128451873989
0.0300942433783713
0.0299693905080590
0.0298380357156370
0.0296999258841354
0.0295548083037128
0.0294024342432915
0.0292425637463076
0.0290749721004559
0.0288994586396588
0.0287158588745509
0.0285240615287352
0.0283240331370821
0.0281158550968160
0.0278997835052510
0.0276763593050491
0.0277107601439240
0.0279343779383354
0.0281506498762087
0.0283590357335197
0.0285592792485854
0.0287512983773419
0.0289351256684419
0.0291108713392120
0.0292786987576849
0.0294388074586782
0.0295914210478395
0.0297367784223988
0.0298751273160782
0.0300067195123547
0.0301318072778205
0.0302506407010008
0.0303634657110685
0.0304705226118674
0.0305720450094162
0.0306682590415523
0.0307593828405223
0.0308456261755930
0.0309271902348752
0.0310042675146720
0.0310770417915854
0.0311456881579212
0.0312103731050317
0.0312712546424152
0.0313284824428829
0.0313821980060770
0.0314325348341510
0.0314796186146780
0.0315235674068189
0.0315644918275826
0.0316024952356211
0.0316376739105359
0.0316701172260579
0.0316999078158093
0.0317271217306077
0.0317518285865017
0.0317740917028943
0.0317939682302410
0.0318115092669412
0.0318267599651082
0.0318397596249927
0.0318505417778803
0.0318591342573301
0.0318655592586581
0.0318698333865945
0.0318719676910665
0.0318719676910665
0.0318698333865945
0.0318655592586581
0.0318591342573301
0.0318505417778803
0.0318397596249927
0.0318267599651082
0.0318115092669412
0.0317939682302409
0.0317740917028943
0.0317518285865017
0.0317271217306077
0.0316999078158093
0.0316701172260580
0.0316376739105359
0.0316024952356211
0.0315644918275826
0.0315235674068189
0.0314796186146780
0.0314325348341510
0.0313821980060770
0.0313284824428828
0.0312712546424152
0.0312103731050317
0.0311456881579212
0.0310770417915855
0.0310042675146720
0.0309271902348752
0.0308456261755930
0.0307593828405223
0.0306682590415523
0.0305720450094162
0.0304705226118674
0.0303634657110685
0.0302506407010008
0.0301318072778205
0.0300067195123547
0.0298751273160782
0.0297367784223988
0.0295914210478395
0.0294388074586782
0.0292786987576850
0.0291108713392120
0.0289351256684419
0.0287512983773418
0.0285592792485854
0.0283590357335197
0.0281506498762087
0.0279343779383354
0.0277107601439240
0.0277427621937436
0.0279665538913966
0.0281830062411582
0.0283915797023681
0.0285920178766806
0.0287842381340832
0.0289682721849286
0.0291442292734204
0.0293122717339670
0.0294725980557043
0.0296254308185590
0.0297710079351390
0.0299095762093574
0.0300413865582350
0.0301666904501060
0.0302857372456295
0.0303987722167567
0.0305060350795996
0.0306077589197435
0.0307041694189618
0.0307954843143542
0.0308819130371513
0.0309636564905137
0.0310409069347415
0.0311138479552129
0.0311826544936507
0.0312474929274133
0.0313085211846688
0.0313658888857912
0.0314197375032760
0.0314702005340206
0.0315174036790230
0.0315614650265540
0.0316024952356211
0.0316405977171817
0.0316758688110615
0.0317083979569511
0.0317382678581649
0.0317655546371354
0.0317903279818054
0.0318126512822760
0.0318325817571891
0.0318501705694475
0.0318654629309612
0.0318784981961762
0.0318893099442045
0.0318979260494222
0.0319043687404195
0.0319086546472451
0.0319107948368738
0.0319107948368738
0.0319086546472451
0.0319043687404195
0.0318979260494222
0.0318893099442045
0.0318784981961762
0.0318654629309613
0.0318501705694475
0.0318325817571890
0.0318126512822759
0.0317903279818054
0.0317655546371354
0.0317382678581649
0.0317083979569510
0.0316758688110615
0.0316405977171817
0.0316024952356211
0.0315614650265540
0.0315174036790230
0.0314702005340206
0.0314197375032760
0.0313658888857911
0.0313085211846689
0.0312474929274133
0.0311826544936507
0.0311138479552129
0.0310409069347415
0.0309636564905136
0.0308819130371513
0.0307954843143542
0.0307041694189618
0.0306077589197435
0.0305060350795996
0.0303987722167567
0.0302857372456295
0.0301666904501060
0.0300413865582350
0.0299095762093574
0.0297710079351390
0.0296254308185590
0.0294725980557044
0.0293122717339670
0.0291442292734204
0.0289682721849286
0.0287842381340832
0.0285920178766806
0.0283915797023681
0.0281830062411582
0.0279665538913966
0.0277427621937436
0.0277724355533547
0.0279963831417874
0.0282129976118512
0.0284217400687162
0.0286223540008324
0.0288147562481074
0.0289989777556479
0.0291751268756513
0.0293433649923181
0.0295038896310837
0.0296569224242678
0.0298027003725463
0.0299414694163553
0.0300734796657174
0.0301989818431012
0.0303182246266576
0.0304314526696340
0.0305389051324024
0.0306408146059752
0.0307374063362400
0.0308288976801243
0.0309154977410885
0.0309974071434002
0.0310748179136927
0.0311479134452003
0.0312168685253453
0.0312818494113964
0.0313430139421118
0.0314005116757281
0.0314544840466127
0.0315050645344425
0.0315523788409734
0.0315965450704574
0.0316376739105359
0.0316758688110615
0.0317112261588061
0.0317438354464184
0.0317737794343192
0.0318011343044948
0.0318259698053481
0.0318483493869549
0.0318683303262042
0.0318859638414093
0.0319012951960799
0.0319143637916002
0.0319252032486323
0.0319338414770926
0.0319403007346035
0.0319445976733302
0.0319467433751577
0.0319467433751577
0.0319445976733302
0.0319403007346035
0.0319338414770926
0.0319252032486324
0.0319143637916002
0.0319012951960800
0.0318859638414093
0.0318683303262042
0.0318483493869549
0.0318259698053481
0.0318011343044948
0.0317737794343191
0.0317438354464184
0.0317112261588061
0.0316758688110615
0.0316376739105359
0.0315965450704574
0.0315523788409735
0.0315050645344425
0.0314544840466127
0.0314005116757281
0.0313430139421118
0.0312818494113964
0.0312168685253453
0.0311479134452003
0.0310748179136926
0.0309974071434002
0.0309154977410885
0.0308288976801243
0.0307374063362400
0.0306408146059752
0.0305389051324024
0.0304314526696340
0.0303182246266576
0.0301989818431012
0.0300734796657174
0.0299414694163553
0.0298027003725463
0.0296569224242678
0.0295038896310837
0.0293433649923181
0.0291751268756513
0.0289989777556478
0.0288147562481074
0.0286223540008324
0.0284217400687161
0.0282129976118512
0.0279963831417874
0.0277724355533547
0.0277998453593316
0.0280239323437055
0.0282406921293284
0.0284495864279076
0.0286503586345043
0.0288429251104147
0.0290273161039855
0.0292036391521710
0.0293720547684593
0.0295327595932242
0.0296859743865995
0.0298319353080275
0.0299708874994938
0.0301030803228545
0.0302287638071150
0.0303481859938661
0.0304615909572892
0.0305692173355841
0.0306712972530217
0.0307680555420779
0.0308597091970406
0.0309464670066283
0.0310285293251755
0.0311060879509771
0.0311793260872508
0.0312484183664466
0.0313135309226666
0.0313748215001413
0.0314324395881470
0.0314865265747191
0.0315372159130073
0.0315846332953849
0.0316288968313491
0.0316701172260579
0.0317083979569510
0.0317438354464184
0.0317765192288736
0.0318065321109182
0.0318339503235511
0.0318588436655798
0.0318812756375776
0.0319013035658549
0.0319189787160293
0.0319343463958788
0.0319474460472196
0.0319583113266153
0.0319669701747742
0.0319734448745168
0.0319777520972375
0.0319799029377949
0.0319799029377949
0.0319777520972375
0.0319734448745169
0.0319669701747742
0.0319583113266153
0.0319474460472195
0.0319343463958789
0.0319189787160293
0.0319013035658549
0.0318812756375776
0.0318588436655798
0.0318339503235510
0.0318065321109183
0.0317765192288736
0.0317438354464184
0.0317083979569510
0.0316701172260579
0.0316288968313492
0.0315846332953849
0.0315372159130073
0.0314865265747191
0.0314324395881470
0.0313748215001413
0.0313135309226666
0.0312484183664465
0.0311793260872508
0.0311060879509771
0.0310285293251755
0.0309464670066283
0.0308597091970406
0.0307680555420779
0.0306712972530217
0.0305692173355841
0.0304615909572892
0.0303481859938661
0.0302287638071149
0.0301030803228545
0.0299708874994938
0.0298319353080275
0.0296859743865995
0.0295327595932242
0.0293720547684593
0.0292036391521710
0.0290273161039855
0.0288429251104147
0.0286503586345043
0.0284495864279076
0.0282406921293284
0.0280239323437055
0.0277998453593316
0.0278250518952017
0.0280492631497733
0.0282661527887838
0.0284751830898256
0.0286760973712721
0.0288688115634104
0.0290533552822598
0.0292298353223753
0.0293984114024617
0.0295592793533780
0.0297126591359662
0.0298587861371903
0.0299979047642777
0.0301302636890026
0.0302561122991217
0.0303756980459508
0.0304892644650462
0.0305970497072296
0.0306992854594467
0.0307961961651281
0.0308879984755977
0.0309749008801974
0.0310571034747742
0.0311347978372010
0.0312081669854530
0.0312773853990069
0.0313426190883823
0.0314040257007852
0.0314617546522795
0.0315159472788417
0.0315667370001833
0.0316142494914381
0.0316586028587801
0.0316999078158094
0.0317382678581649
0.0317737794343192
0.0318065321109182
0.0318366087313503
0.0318640855664888
0.0318890324567722
0.0319115129449503
0.0319315843989668
0.0319492981245609
0.0319646994672581
0.0319778279034976
0.0319887171206936
0.0319973950860843
0.0320038841042485
0.0320082008632083
0.0320103564690555
0.0320103564690555
0.0320082008632083
0.0320038841042485
0.0319973950860843
0.0319887171206935
0.0319778279034976
0.0319646994672582
0.0319492981245609
0.0319315843989668
0.0319115129449503
0.0318890324567722
0.0318640855664888
0.0318366087313504
0.0318065321109183
0.0317737794343192
0.0317382678581649
0.0316999078158093
0.0316586028587801
0.0316142494914381
0.0315667370001832
0.0315159472788418
0.0314617546522795
0.0314040257007852
0.0313426190883823
0.0312773853990069
0.0312081669854530
0.0311347978372010
0.0310571034747742
0.0309749008801974
0.0308879984755978
0.0307961961651281
0.0306992854594466
0.0305970497072297
0.0304892644650462
0.0303756980459507
0.0302561122991217
0.0301302636890026
0.0299979047642777
0.0298587861371903
0.0297126591359662
0.0295592793533780
0.0293984114024617
0.0292298353223753
0.0290533552822597
0.0288688115634104
0.0286760973712721
0.0284751830898256
0.0282661527887838
0.0280492631497733
0.0278250518952018
0.0278481106948084
0.0280724323253795
0.0282894375643310
0.0284985892134683
0.0286996305285021
0.0288924770529311
0.0290771578312817
0.0292537789850397
0.0294224995108253
0.0295835145026938
0.0297370431927265
0.0298833202623097
0.0300225894462743
0.0301550987835790
0.0302810970726217
0.0304008312208636
0.0305145442662359
0.0306224739079120
0.0307248514261984
0.0308219009013957
0.0309138386633265
0.0310008729192954
0.0310832035202309
0.0311610218337289
0.0312345106995881
0.0313038444486439
0.0313691889697523
0.0314307018129181
0.0314885323190097
0.0315428217684410
0.0315937035427077
0.0316413032939012
0.0316857391182603
0.0317271217306076
0.0317655546371354
0.0318011343044948
0.0318339503235511
0.0318640855664888
0.0318916163362118
0.0319166125071928
0.0319391376571061
0.0319592491887028
0.0319769984415142
0.0319924307930451
0.0320055857492016
0.0320164970237506
0.0320251926066559
0.0320316948211774
0.0320360203696360
0.0320381803677945
0.0320381803677945
0.0320360203696360
0.0320316948211774
0.0320251926066559
0.0320164970237506
0.0320055857492016
0.0319924307930451
0.0319769984415143
0.0319592491887028
0.0319391376571060
0.0319166125071928
0.0318916163362118
0.0318640855664887
0.0318339503235511
0.0318011343044948
0.0317655546371354
0.0317271217306077
0.0316857391182603
0.0316413032939012
0.0315937035427077
0.0315428217684410
0.0314885323190097
0.0314307018129180
0.0313691889697523
0.0313038444486439
0.0312345106995880
0.0311610218337289
0.0310832035202309
0.0310008729192954
0.0309138386633265
0.0308219009013957
0.0307248514261984
0.0306224739079120
0.0305145442662359
0.0304008312208636
0.0302810970726216
0.0301550987835789
0.0300225894462743
0.0298833202623097
0.0297370431927265
0.0295835145026938
0.0294224995108253
0.0292537789850397
0.0290771578312817
0.0288924770529311
0.0286996305285021
0.0284985892134683
0.0282894375643310
0.0280724323253795
0.0278481106948084
0.0278690726393273
0.0280934918554357
0.0283105995250398
0.0285198589317090
0.0287210132802457
0.0289139777686217
0.0290987809275178
0.0292755282715474
0.0294443781450241
0.0296055249753327
0.0297591873341362
0.0299055992624004
0.0300450038836179
0.0301776486603490
0.0303037818531048
0.0304236498719024
0.0305374952984128
0.0306455554165954
0.0307480611318057
0.0308452361883974
0.0309372966176343
0.0310244503637912
0.0311068970482473
0.0311848278403764
0.0312584254108527
0.0313278639482267
0.0313933092236551
0.0314549186917995
0.0315128416183622
0.0315672192266495
0.0316181848570758
0.0316658641347216
0.0317103751410324
0.0317518285865017
0.0317903279818055
0.0318259698053480
0.0318588436655798
0.0318890324567722
0.0319166125071928
0.0319416537188322
0.0319642196980172
0.0319843678763641
0.0320021496216543
0.0320176103382959
0.0320307895571081
0.0320417210142221
0.0320504327189498
0.0320569470104896
0.0320612806033852
0.0320634446216740
0.0320634446216740
0.0320612806033851
0.0320569470104896
0.0320504327189498
0.0320417210142221
0.0320307895571080
0.0320176103382959
0.0320021496216542
0.0319843678763642
0.0319642196980172
0.0319416537188322
0.0319166125071928
0.0318890324567722
0.0318588436655798
0.0318259698053481
0.0317903279818054
0.0317518285865016
0.0317103751410324
0.0316658641347216
0.0316181848570758
0.0315672192266495
0.0315128416183622
0.0314549186917996
0.0313933092236551
0.0313278639482267
0.0312584254108527
0.0311848278403764
0.0311068970482473
0.0310244503637912
0.0309372966176343
0.0308452361883974
0.0307480611318057
0.0306455554165954
0.0305374952984128
0.0304236498719024
0.0303037818531048
0.0301776486603491
0.0300450038836179
0.0299055992624004
0.0297591873341362
0.0296055249753327
0.0294443781450241
0.0292755282715474
0.0290987809275178
0.0289139777686217
0.0287210132802457
0.0285198589317090
0.0283105995250398
0.0280934918554357
0.0278690726393273
0.0278879840475893
0.0281124890433256
0.0283296869420895
0.0285390414662142
0.0287402957793995
0.0289333647727746
0.0291182765180169
0.0292951359862742
0.0294641009367218
0.0296253651978644
0.0297791467472890
0.0299256790490680
0.0300652046751763
0.0301979705673394
0.0303242244991775
0.0304442124295588
0.0305581765254737
0.0306663536926209
0.0307689744938856
0.0308662623658781
0.0309584330654764
0.0310456942943210
0.0311282454611452
0.0312062775507860
0.0312799730755505
0.0313495060898161
0.0314150422527822
0.0314767389274072
0.0315347453060203
0.0315892025550141
0.0316402439725392
0.0316879951543296
0.0317325741637463
0.0317740917028943
0.0318126512822760
0.0318483493869549
0.0318812756375776
0.0319115129449502
0.0319391376571061
0.0319642196980171
0.0319868226972841
0.0320070041102491
0.0320248153281219
0.0320403017777728
0.0320535030109292
0.0320644527825713
0.0320731791183663
0.0320797043710189
0.0320840452654502
0.0320862129327308
0.0320862129327308
0.0320840452654502
0.0320797043710189
0.0320731791183663
0.0320644527825713
0.0320535030109292
0.0320403017777728
0.0320248153281219
0.0320070041102490
0.0319868226972841
0.0319642196980172
0.0319391376571061
0.0319115129449503
0.0318812756375776
0.0318483493869549
0.0318126512822759
0.0317740917028943
0.0317325741637463
0.0316879951543295
0.0316402439725392
0.0315892025550141
0.0315347453060203
0.0314767389274073
0.0314150422527822
0.0313495060898162
0.0312799730755505
0.0312062775507860
0.0311282454611452
0.0310456942943210
0.0309584330654763
0.0308662623658781
0.0307689744938856
0.0306663536926209
0.0305581765254737
0.0304442124295588
0.0303242244991776
0.0301979705673394
0.0300652046751763
0.0299256790490680
0.0297791467472890
0.0296253651978644
0.0294641009367218
0.0292951359862742
0.0291182765180169
0.0289333647727746
0.0287402957793996
0.0285390414662142
0.0283296869420894
0.0281124890433256
0.0278879840475894
0.0279048867594299
0.0281294666018536
0.0283467433869782
0.0285561812325052
0.0287575232691882
0.0289506841177591
0.0291356914432720
0.0293126497343534
0.0294817162298795
0.0296430842251667
0.0297969711682560
0.0299436100083520
0.0300832428245667
0.0302161160925269
0.0303424771494564
0.0304625715491789
0.0305766410856909
0.0306849223237560
0.0307876455168790
0.0308850338229603
0.0309773027496710
0.0310646597775809
0.0311473041209631
0.0312254265951924
0.0312992095664275
0.0313688269644960
0.0314344443439200
0.0314962189811437
0.0315542999984594
0.0316088285070573
0.0316599377631303
0.0317077533321688
0.0317523932575453
0.0317939682302409
0.0318325817571891
0.0318683303262042
0.0319013035658549
0.0319315843989668
0.0319592491887028
0.0319843678763641
0.0320070041102491
0.0320272153650154
0.0320450530511305
0.0320605626140592
0.0320737836229344
0.0320847498484929
0.0320934893301186
0.0321000244318739
0.0321043718874195
0.0321065428337582
0.0321065428337582
0.0321043718874195
0.0321000244318739
0.0320934893301186
0.0320847498484929
0.0320737836229344
0.0320605626140592
0.0320450530511305
0.0320272153650154
0.0320070041102491
0.0319843678763641
0.0319592491887028
0.0319315843989667
0.0319013035658549
0.0318683303262041
0.0318325817571891
0.0317939682302410
0.0317523932575454
0.0317077533321688
0.0316599377631304
0.0316088285070574
0.0315542999984594
0.0314962189811437
0.0314344443439200
0.0313688269644960
0.0312992095664275
0.0312254265951924
0.0311473041209631
0.0310646597775810
0.0309773027496710
0.0308850338229603
0.0307876455168790
0.0306849223237560
0.0305766410856909
0.0304625715491789
0.0303424771494564
0.0302161160925269
0.0300832428245667
0.0299436100083520
0.0297969711682560
0.0296430842251667
0.0294817162298795
0.0293126497343534
0.0291356914432720
0.0289506841177591
0.0287575232691882
0.0285561812325052
0.0283467433869782
0.0281294666018536
0.0279048867594299
0.0279198182118512
0.0281444627360816
0.0283618078207298
0.0285713179352042
0.0287727361840728
0.0289659769521805
0.0291510675481996
0.0293281120370152
0.0294972671999896
0.0296587258630766
0.0298127050076701
0.0299594371287741
0.0300991638702205
0.0302321312954813
0.0303585863553773
0.0304787742445594
0.0305929364257382
0.0307013091603274
0.0308041224260134
0.0309015991316793
0.0309939545617959
0.0310813959983844
0.0311641224805287
0.0312423246703870
0.0313161848014296
0.0313858766898481
0.0314515657940939
0.0315134093106211
0.0315715562963590
0.0316261478103285
0.0316773170683661
0.0317251896060842
0.0317698834461789
0.0318115092669412
0.0318501705694476
0.0318859638414094
0.0319189787160292
0.0319492981245609
0.0319769984415142
0.0320021496216543
0.0320248153281219
0.0320450530511305
0.0320629142168141
0.0320784442858837
0.0320916828418215
0.0321026636684109
0.0321114148164342
0.0321179586594131
0.0321223119383005
0.0321244857950574
0.0321244857950574
0.0321223119383005
0.0321179586594131
0.0321114148164342
0.0321026636684109
0.0320916828418215
0.0320784442858837
0.0320629142168142
0.0320450530511305
0.0320248153281219
0.0320021496216543
0.0319769984415142
0.0319492981245609
0.0319189787160292
0.0318859638414093
0.0318501705694476
0.0318115092669413
0.0317698834461790
0.0317251896060842
0.0316773170683660
0.0316261478103285
0.0315715562963590
0.0315134093106211
0.0314515657940939
0.0313858766898482
0.0313161848014296
0.0312423246703870
0.0311641224805287
0.0310813959983844
0.0309939545617959
0.0309015991316793
0.0308041224260134
0.0307013091603274
0.0305929364257382
0.0304787742445594
0.0303585863553773
0.0302321312954813
0.0300991638702205
0.0299594371287741
0.0298127050076701
0.0296587258630766
0.0294972671999896
0.0293281120370152
0.0291510675481996
0.0289659769521805
0.0287727361840728
0.0285713179352042
0.0283618078207298
0.0281444627360816
0.0279198182118512
0.0279328115078398
0.0281575112179649
0.0283749146740932
0.0285844866535085
0.0287859702401775
0.0289792796159237
0.0291644417814206
0.0293415604347189
0.0295107919606572
0.0296723287780108
0.0298263874629819
0.0299732001158301
0.0301130080017081
0.0302460568251541
0.0303725932000877
0.0304928620076077
0.0306071044208142
0.0307155564355249
0.0308184477875310
0.0309160011669130
0.0310084316616153
0.0310959463784299
0.0311787442014185
0.0312570156567516
0.0313309428597194
0.0314006995248876
0.0314664510243674
0.0315283544822962
0.0315865588960567
0.0316412052766742
0.0316924268023511
0.0317403489802800
0.0317850898128497
0.0318267599651082
0.0318654629309613
0.0319012951960800
0.0319343463958789
0.0319646994672581
0.0319924307930450
0.0320176103382960
0.0320403017777727
0.0320605626140592
0.0320784442858837
0.0320939922663057
0.0321072461505018
0.0321182397329330
0.0321270010737397
0.0321335525542312
0.0321379109213745
0.0321400873212235
0.0321400873212235
0.0321379109213745
0.0321335525542312
0.0321270010737397
0.0321182397329330
0.0321072461505019
0.0320939922663057
0.0320784442858837
0.0320605626140592
0.0320403017777727
0.0320176103382959
0.0319924307930450
0.0319646994672581
0.0319343463958789
0.0319012951960800
0.0318654629309613
0.0318267599651082
0.0317850898128497
0.0317403489802800
0.0316924268023512
0.0316412052766742
0.0315865588960567
0.0315283544822962
0.0314664510243674
0.0314006995248876
0.0313309428597193
0.0312570156567516
0.0311787442014185
0.0310959463784299
0.0310084316616153
0.0309160011669130
0.0308184477875310
0.0307155564355249
0.0306071044208142
0.0304928620076077
0.0303725932000877
0.0302460568251541
0.0301130080017081
0.0299732001158300
0.0298263874629819
0.0296723287780108
0.0295107919606572
0.0293415604347189
0.0291644417814206
0.0289792796159237
0.0287859702401775
0.0285844866535085
0.0283749146740932
0.0281575112179649
0.0279328115078398
0.0279438954777296
0.0281686414527376
0.0283860939187346
0.0285957179169479
0.0287972565153529
0.0289906237242148
0.0291758462830182
0.0293530275782755
0.0295223236577461
0.0296839265937895
0.0298380526176177
0.0299849334931282
0.0301248101625370
0.0302579280240021
0.0303845334035941
0.0305048709142219
0.0306191814809822
0.0307277008719619
0.0308306586152432
0.0309282772127318
0.0310207715830573
0.0311083486817497
0.0311912072587548
0.0312695377222969
0.0313435220848705
0.0314133339723440
0.0314791386811696
0.0315410932718035
0.0315993466888745
0.0316540399005548
0.0317053060510876
0.0317532706216379
0.0317980515955640
0.0318397596249927
0.0318784981961762
0.0319143637916002
0.0319474460472195
0.0319778279034976
0.0320055857492016
0.0320307895571080
0.0320535030109292
0.0320737836229343
0.0320916828418215
0.0321072461505018
0.0321205131535342
0.0321315176539854
0.0321402877195619
0.0321468457378837
0.0321512084608013
0.0321533870376954
0.0321533870376953
0.0321512084608013
0.0321468457378837
0.0321402877195620
0.0321315176539854
0.0321205131535342
0.0321072461505018
0.0320916828418215
0.0320737836229344
0.0320535030109292
0.0320307895571080
0.0320055857492016
0.0319778279034976
0.0319474460472195
0.0319143637916002
0.0318784981961762
0.0318397596249927
0.0317980515955640
0.0317532706216380
0.0317053060510876
0.0316540399005548
0.0315993466888745
0.0315410932718035
0.0314791386811696
0.0314133339723440
0.0313435220848704
0.0312695377222970
0.0311912072587548
0.0311083486817497
0.0310207715830573
0.0309282772127318
0.0308306586152432
0.0307277008719619
0.0306191814809822
0.0305048709142219
0.0303845334035940
0.0302579280240021
0.0301248101625371
0.0299849334931282
0.0298380526176177
0.0296839265937895
0.0295223236577461
0.0293530275782755
0.0291758462830182
0.0289906237242149
0.0287972565153529
0.0285957179169479
0.0283860939187346
0.0281686414527376
0.0279438954777296
0.0279530947330095
0.0281778785370113
0.0283953711294434
0.0286050377714958
0.0288066215189608
0.0290000362408465
0.0291853084609373
0.0293625413081459
0.0295318905512927
0.0296935479758759
0.0298477295272455
0.0299946666904026
0.0301346001396131
0.0302677750186359
0.0303944374143308
0.0305148317165352
0.0306291986438667
0.0307377737746027
0.0308407864635028
0.0309384590552425
0.0310310063267769
0.0311186351068594
0.0312015440328262
0.0312799234136647
0.0313539551751745
0.0314238128682131
0.0314896617250410
0.0315516587518732
0.0316099528481874
0.0316646849452522
0.0317159881578317
0.0317639879442356
0.0318088022708309
0.0318505417778804
0.0318893099442044
0.0319252032486324
0.0319583113266153
0.0319887171206935
0.0320164970237506
0.0320417210142221
0.0320644527825715
0.0320847498484929
0.0321026636684110
0.0321182397329330
0.0321315176539854
0.0321425312414204
0.0321513085689298
0.0321578720291351
0.0321622383777658
0.0321644187668457
0.0321644187668458
0.0321622383777658
0.0321578720291351
0.0321513085689298
0.0321425312414203
0.0321315176539855
0.0321182397329330
0.0321026636684110
0.0320847498484929
0.0320644527825714
0.0320417210142221
0.0320164970237506
0.0319887171206935
0.0319583113266153
0.0319252032486324
0.0318893099442045
0.0318505417778804
0.0318088022708310
0.0317639879442356
0.0317159881578317
0.0316646849452522
0.0316099528481874
0.0315516587518732
0.0314896617250410
0.0314238128682132
0.0313539551751745
0.0312799234136647
0.0312015440328262
0.0311186351068594
0.0310310063267770
0.0309384590552425
0.0308407864635028
0.0307377737746027
0.0306291986438667
0.0305148317165352
0.0303944374143308
0.0302677750186359
0.0301346001396131
0.0299946666904026
0.0298477295272455
0.0296935479758759
0.0295318905512928
0.0293625413081459
0.0291853084609372
0.0290000362408465
0.0288066215189608
0.0286050377714958
0.0283953711294434
0.0281778785370113
0.0279530947330095
0.0279604297125308
0.0281852433085747
0.0284027675373797
0.0286124678360926
0.0288140872514960
0.0290075395406922
0.0291928510561739
0.0293701247220830
0.0295395160853626
0.0297012167032071
0.0298554422933411
0.0300024241185704
0.0301424026395652
0.0302756227971701
0.0304023304873198
0.0305227699216819
0.0306371816538233
0.0307458011101687
0.0308488575066787
0.0309465730619896
0.0310391624393491
0.0311268323656321
0.0312097813875482
0.0312881997340890
0.0313622692610357
0.0314321634585345
0.0314980475067561
0.0315600783677650
0.0316184049041522
0.0316731680168912
0.0317245007963966
0.0317725286819429
0.0318173696255674
0.0318591342573301
0.0318979260494222
0.0319338414770926
0.0319669701747742
0.0319973950860843
0.0320251926066559
0.0320504327189497
0.0320731791183663
0.0320934893301186
0.0321114148164341
0.0321270010737398
0.0321402877195619
0.0321513085689298
0.0321600917001118
0.0321666595095658
0.0321710287559979
0.0321732105934635
0.0321732105934635
0.0321710287559979
0.0321666595095658
0.0321600917001118
0.0321513085689298
0.0321402877195620
0.0321270010737397
0.0321114148164341
0.0320934893301185
0.0320731791183663
0.0320504327189498
0.0320251926066559
0.0319973950860843
0.0319669701747742
0.0319338414770926
0.0318979260494223
0.0318591342573302
0.0318173696255674
0.0317725286819429
0.0317245007963966
0.0316731680168912
0.0316184049041522
0.0315600783677650
0.0314980475067561
0.0314321634585345
0.0313622692610358
0.0312881997340890
0.0312097813875482
0.0311268323656321
0.0310391624393491
0.0309465730619896
0.0308488575066787
0.0307458011101687
0.0306371816538233
0.0305227699216819
0.0304023304873198
0.0302756227971701
0.0301424026395652
0.0300024241185704
0.0298554422933411
0.0297012167032071
0.0295395160853626
0.0293701247220829
0.0291928510561739
0.0290075395406922
0.0288140872514960
0.0286124678360926
0.0284027675373797
0.0281852433085747
0.0279604297125308
0.0279659167210543
0.0281907523878871
0.0284083000743848
0.0286180253496482
0.0288196712541239
0.0290131514616208
0.0291984921968937
0.0293757962312679
0.0295452189460166
0.0297069517277962
0.0298612101242302
0.0300082252320162
0.0301482373520770
0.0302814912734246
0.0304082327490642
0.0305287058572061
0.0306431510277149
0.0307518035731254
0.0308548926052279
0.0309526402479817
0.0310452610791506
0.0311329617489395
0.0312159407357807
0.0312943882083221
0.0313684859694512
0.0314384074633760
0.0315043178307767
0.0315663740001697
0.0316247248060361
0.0316795111261848
0.0317308660323252
0.0317789149490193
0.0318237758171317
0.0318655592586582
0.0319043687404195
0.0319403007346035
0.0319734448745169
0.0320038841042485
0.0320316948211775
0.0320569470104895
0.0320797043710189
0.0321000244318740
0.0321179586594131
0.0321335525542312
0.0321468457378836
0.0321578720291351
0.0321666595095658
0.0321732305784127
0.0321776019965393
0.0321797849194784
0.0321797849194784
0.0321776019965392
0.0321732305784127
0.0321666595095658
0.0321578720291350
0.0321468457378836
0.0321335525542312
0.0321179586594131
0.0321000244318740
0.0320797043710190
0.0320569470104896
0.0320316948211774
0.0320038841042485
0.0319734448745169
0.0319403007346035
0.0319043687404195
0.0318655592586582
0.0318237758171317
0.0317789149490192
0.0317308660323252
0.0316795111261848
0.0316247248060362
0.0315663740001696
0.0315043178307766
0.0314384074633759
0.0313684859694512
0.0312943882083221
0.0312159407357807
0.0311329617489395
0.0310452610791506
0.0309526402479817
0.0308548926052279
0.0307518035731254
0.0306431510277149
0.0305287058572061
0.0304082327490642
0.0302814912734246
0.0301482373520770
0.0300082252320163
0.0298612101242302
0.0297069517277962
0.0295452189460166
0.0293757962312679
0.0291984921968937
0.0290131514616207
0.0288196712541239
0.0286180253496482
0.0284083000743847
0.0281907523878871
0.0279659167210543
0.0279695679601198
0.0281944182112640
0.0284119814083928
0.0286217232085692
0.0288233866482123
0.0290168853459026
0.0292022454415840
0.0293795696050632
0.0295490131075170
0.0297107672222362
0.0298650473837408
0.0300120845782428
0.0301521190003815
0.0302853953381190
0.0304121592492982
0.0305326547232433
0.0306471221073900
0.0307557966383525
0.0308589073584380
0.0309566763284242
0.0310493180689892
0.0311370391791030
0.0312200380915353
0.0312985049345424
0.0313726214755711
0.0314425611280131
0.0315084890060232
0.0315705620155453
0.0316289289721122
0.0316837307378784
0.0317351003718745
0.0317831632886482
0.0318280374214139
0.0318698333865945
0.0319086546472450
0.0319445976733301
0.0319777520972375
0.0320082008632083
0.0320360203696360
0.0320612806033852
0.0320840452654502
0.0321043718874195
0.0321223119383005
0.0321379109213745
0.0321512084608012
0.0321622383777657
0.0321710287559979
0.0321776019965393
0.0321819748616605
0.0321841585078529
0.0321841585078528
0.0321819748616605
0.0321776019965393
0.0321710287559979
0.0321622383777658
0.0321512084608013
0.0321379109213745
0.0321223119383006
0.0321043718874195
0.0320840452654502
0.0320612806033852
0.0320360203696360
0.0320082008632083
0.0319777520972375
0.0319445976733301
0.0319086546472450
0.0318698333865945
0.0318280374214139
0.0317831632886482
0.0317351003718745
0.0316837307378784
0.0316289289721121
0.0315705620155453
0.0315084890060232
0.0314425611280131
0.0313726214755711
0.0312985049345424
0.0312200380915353
0.0311370391791030
0.0310493180689892
0.0309566763284242
0.0308589073584380
0.0307557966383525
0.0306471221073900
0.0305326547232432
0.0304121592492982
0.0302853953381189
0.0301521190003814
0.0300120845782428
0.0298650473837408
0.0297107672222362
0.0295490131075170
0.0293795696050632
0.0292022454415840
0.0290168853459026
0.0288233866482123
0.0286217232085692
0.0284119814083928
0.0281944182112639
0.0279695679601198
0.0279713915512133
0.0281962490557616
0.0284138199699653
0.0286235699948655
0.0288252421649260
0.0290187500712028
0.0292041198113387
0.0293814540044875
0.0295509078668820
0.0297126726152311
0.0298669636275885
0.0300140118350023
0.0301540573790330
0.0302873448971687
0.0304141199997111
0.0305346266315640
0.0306491050989642
0.0307577906005648
0.0308609121439236
0.0309586917582082
0.0310513439355240
0.0311390752491888
0.0312220841090982
0.0313005606232637
0.0313746865413601
0.0314446352613130
0.0315105718839551
0.0315726533038828
0.0316310283270926
0.0316858378078493
0.0317372147987812
0.0317852847093668
0.0318301654689359
0.0318719676910665
0.0319107948368738
0.0319467433751577
0.0319799029377949
0.0320103564690555
0.0320381803677945
0.0320634446216740
0.0320862129327307
0.0321065428337582
0.0321244857950574
0.0321400873212234
0.0321533870376953
0.0321644187668457
0.0321732105934636
0.0321797849194784
0.0321841585078529
0.0321863425155518
0.0321863425155517
0.0321841585078529
0.0321797849194784
0.0321732105934636
0.0321644187668458
0.0321533870376953
0.0321400873212235
0.0321244857950574
0.0321065428337582
0.0320862129327307
0.0320634446216740
0.0320381803677945
0.0320103564690555
0.0319799029377948
0.0319467433751577
0.0319107948368737
0.0318719676910665
0.0318301654689359
0.0317852847093669
0.0317372147987812
0.0316858378078493
0.0316310283270926
0.0315726533038827
0.0315105718839550
0.0314446352613131
0.0313746865413601
0.0313005606232637
0.0312220841090982
0.0311390752491888
0.0310513439355240
0.0309586917582082
0.0308609121439236
0.0307577906005648
0.0306491050989642
0.0305346266315640
0.0304141199997111
0.0302873448971687
0.0301540573790330
0.0300140118350023
0.0298669636275885
0.0297126726152311
0.0295509078668820
0.0293814540044874
0.0292041198113387
0.0290187500712028
0.0288252421649260
0.0286235699948655
0.0284138199699653
0.0281962490557616
0.0279713915512133
0.0279713915512133
0.0281962490557617
0.0284138199699653
0.0286235699948655
0.0288252421649261
0.0290187500712028
0.0292041198113387
0.0293814540044874
0.0295509078668820
0.0297126726152311
0.0298669636275885
0.0300140118350023
0.0301540573790330
0.0302873448971688
0.0304141199997111
0.0305346266315640
0.0306491050989641
0.0307577906005648
0.0308609121439236
0.0309586917582082
0.0310513439355240
0.0311390752491888
0.0312220841090983
0.0313005606232636
0.0313746865413601
0.0314446352613130
0.0315105718839551
0.0315726533038827
0.0316310283270926
0.0316858378078494
0.0317372147987813
0.0317852847093669
0.0318301654689358
0.0318719676910664
0.0319107948368738
0.0319467433751577
0.0319799029377949
0.0320103564690555
0.0320381803677945
0.0320634446216740
0.0320862129327307
0.0321065428337583
0.0321244857950574
0.0321400873212235
0.0321533870376953
0.0321644187668458
0.0321732105934635
0.0321797849194784
0.0321841585078528
0.0321863425155517
0.0321863425155517
0.0321841585078529
0.0321797849194784
0.0321732105934635
0.0321644187668458
0.0321533870376953
0.0321400873212235
0.0321244857950574
0.0321065428337582
0.0320862129327307
0.0320634446216740
0.0320381803677945
0.0320103564690555
0.0319799029377949
0.0319467433751576
0.0319107948368738
0.0318719676910664
0.0318301654689358
0.0317852847093669
0.0317372147987812
0.0316858378078494
0.0316310283270926
0.0315726533038827
0.0315105718839551
0.0314446352613130
0.0313746865413601
0.0313005606232636
0.0312220841090983
0.0311390752491888
0.0310513439355240
0.0309586917582082
0.0308609121439237
0.0307577906005648
0.0306491050989641
0.0305346266315640
0.0304141199997110
0.0302873448971688
0.0301540573790330
0.0300140118350023
0.0298669636275885
0.0297126726152312
0.0295509078668820
0.0293814540044874
0.0292041198113387
0.0290187500712028
0.0288252421649261
0.0286235699948655
0.0284138199699653
0.0281962490557617
0.0279713915512133
0.0279695679601198
0.0281944182112639
0.0284119814083928
0.0286217232085692
0.0288233866482123
0.0290168853459026
0.0292022454415840
0.0293795696050633
0.0295490131075170
0.0297107672222361
0.0298650473837409
0.0300120845782428
0.0301521190003815
0.0302853953381190
0.0304121592492983
0.0305326547232433
0.0306471221073899
0.0307557966383525
0.0308589073584380
0.0309566763284242
0.0310493180689892
0.0311370391791031
0.0312200380915353
0.0312985049345424
0.0313726214755711
0.0314425611280131
0.0315084890060232
0.0315705620155453
0.0316289289721121
0.0316837307378784
0.0317351003718745
0.0317831632886482
0.0318280374214140
0.0318698333865945
0.0319086546472451
0.0319445976733301
0.0319777520972375
0.0320082008632082
0.0320360203696360
0.0320612806033851
0.0320840452654502
0.0321043718874195
0.0321223119383006
0.0321379109213744
0.0321512084608013
0.0321622383777658
0.0321710287559979
0.0321776019965393
0.0321819748616605
0.0321841585078528
0.0321841585078529
0.0321819748616606
0.0321776019965393
0.0321710287559979
0.0321622383777658
0.0321512084608013
0.0321379109213744
0.0321223119383006
0.0321043718874195
0.0320840452654502
0.0320612806033851
0.0320360203696361
0.0320082008632082
0.0319777520972376
0.0319445976733301
0.0319086546472451
0.0318698333865945
0.0318280374214139
0.0317831632886482
0.0317351003718745
0.0316837307378784
0.0316289289721121
0.0315705620155453
0.0315084890060233
0.0314425611280131
0.0313726214755711
0.0312985049345424
0.0312200380915352
0.0311370391791031
0.0310493180689892
0.0309566763284242
0.0308589073584380
0.0307557966383525
0.0306471221073900
0.0305326547232433
0.0304121592492982
0.0302853953381190
0.0301521190003814
0.0300120845782428
0.0298650473837409
0.0297107672222361
0.0295490131075170
0.0293795696050633
0.0292022454415840
0.0290168853459026
0.0288233866482123
0.0286217232085692
0.0284119814083929
0.0281944182112640
0.0279695679601198
0.0279659167210543
0.0281907523878871
0.0284083000743847
0.0286180253496482
0.0288196712541239
0.0290131514616208
0.0291984921968937
0.0293757962312679
0.0295452189460166
0.0297069517277962
0.0298612101242302
0.0300082252320163
0.0301482373520769
0.0302814912734246
0.0304082327490643
0.0305287058572061
0.0306431510277150
0.0307518035731255
0.0308548926052279
0.0309526402479816
0.0310452610791506
0.0311329617489395
0.0312159407357807
0.0312943882083221
0.0313684859694513
0.0314384074633759
0.0315043178307767
0.0315663740001697
0.0316247248060361
0.0316795111261848
0.0317308660323252
0.0317789149490193
0.0318237758171318
0.0318655592586581
0.0319043687404196
0.0319403007346035
0.0319734448745169
0.0320038841042485
0.0320316948211775
0.0320569470104896
0.0320797043710190
0.0321000244318740
0.0321179586594131
0.0321335525542312
0.0321468457378836
0.0321578720291351
0.0321666595095658
0.0321732305784127
0.0321776019965393
0.0321797849194784
0.0321797849194784
0.0321776019965393
0.0321732305784127
0.0321666595095658
0.0321578720291350
0.0321468457378837
0.0321335525542312
0.0321179586594131
0.0321000244318740
0.0320797043710189
0.0320569470104896
0.0320316948211775
0.0320038841042485
0.0319734448745169
0.0319403007346035
0.0319043687404195
0.0318655592586581
0.0318237758171318
0.0317789149490193
0.0317308660323252
0.0316795111261848
0.0316247248060361
0.0315663740001697
0.0315043178307767
0.0314384074633759
0.0313684859694513
0.0312943882083221
0.0312159407357807
0.0311329617489395
0.0310452610791506
0.0309526402479816
0.0308548926052280
0.0307518035731255
0.0306431510277150
0.0305287058572061
0.0304082327490642
0.0302814912734246
0.0301482373520769
0.0300082252320163
0.0298612101242302
0.0297069517277962
0.0295452189460166
0.0293757962312679
0.0291984921968937
0.0290131514616208
0.0288196712541239
0.0286180253496481
0.0284083000743847
0.0281907523878871
0.0279659167210543
0.0279604297125308
0.0281852433085747
0.0284027675373798
0.0286124678360927
0.0288140872514960
0.0290075395406922
0.0291928510561739
0.0293701247220830
0.0295395160853625
0.0297012167032072
0.0298554422933411
0.0300024241185704
0.0301424026395653
0.0302756227971701
0.0304023304873198
0.0305227699216819
0.0306371816538233
0.0307458011101687
0.0308488575066787
0.0309465730619896
0.0310391624393491
0.0311268323656322
0.0312097813875482
0.0312881997340891
0.0313622692610358
0.0314321634585345
0.0314980475067561
0.0315600783677650
0.0316184049041522
0.0316731680168911
0.0317245007963966
0.0317725286819429
0.0318173696255674
0.0318591342573301
0.0318979260494222
0.0319338414770926
0.0319669701747742
0.0319973950860842
0.0320251926066559
0.0320504327189498
0.0320731791183664
0.0320934893301185
0.0321114148164341
0.0321270010737398
0.0321402877195620
0.0321513085689297
0.0321600917001118
0.0321666595095658
0.0321710287559979
0.0321732105934635
0.0321732105934636
0.0321710287559979
0.0321666595095658
0.0321600917001118
0.0321513085689297
0.0321402877195620
0.0321270010737398
0.0321114148164341
0.0320934893301186
0.0320731791183664
0.0320504327189497
0.0320251926066559
0.0319973950860843
0.0319669701747742
0.0319338414770926
0.0318979260494223
0.0318591342573301
0.0318173696255674
0.0317725286819429
0.0317245007963966
0.0316731680168911
0.0316184049041522
0.0315600783677650
0.0314980475067561
0.0314321634585345
0.0313622692610358
0.0312881997340891
0.0312097813875482
0.0311268323656321
0.0310391624393491
0.0309465730619896
0.0308488575066788
0.0307458011101688
0.0306371816538232
0.0305227699216819
0.0304023304873198
0.0302756227971701
0.0301424026395653
0.0300024241185704
0.0298554422933411
0.0297012167032072
0.0295395160853625
0.0293701247220830
0.0291928510561739
0.0290075395406922
0.0288140872514960
0.0286124678360926
0.0284027675373798
0.0281852433085747
0.0279604297125308
0.0279530947330096
0.0281778785370113
0.0283953711294434
0.0286050377714958
0.0288066215189607
0.0290000362408465
0.0291853084609372
0.0293625413081459
0.0295318905512928
0.0296935479758759
0.0298477295272455
0.0299946666904026
0.0301346001396131
0.0302677750186359
0.0303944374143308
0.0305148317165351
0.0306291986438668
0.0307377737746027
0.0308407864635028
0.0309384590552425
0.0310310063267770
0.0311186351068594
0.0312015440328262
0.0312799234136647
0.0313539551751744
0.0314238128682132
0.0314896617250410
0.0315516587518733
0.0316099528481874
0.0316646849452522
0.0317159881578317
0.0317639879442356
0.0318088022708310
0.0318505417778804
0.0318893099442045
0.0319252032486324
0.0319583113266154
0.0319887171206935
0.0320164970237507
0.0320417210142221
0.0320644527825713
0.0320847498484929
0.0321026636684110
0.0321182397329330
0.0321315176539854
0.0321425312414204
0.0321513085689298
0.0321578720291351
0.0321622383777658
0.0321644187668458
0.0321644187668457
0.0321622383777658
0.0321578720291350
0.0321513085689298
0.0321425312414203
0.0321315176539854
0.0321182397329330
0.0321026636684109
0.0320847498484929
0.0320644527825713
0.0320417210142221
0.0320164970237507
0.0319887171206935
0.0319583113266153
0.0319252032486324
0.0318893099442045
0.0318505417778804
0.0318088022708309
0.0317639879442356
0.0317159881578318
0.0316646849452522
0.0316099528481874
0.0315516587518733
0.0314896617250410
0.0314238128682132
0.0313539551751744
0.0312799234136647
0.0312015440328262
0.0311186351068594
0.0310310063267770
0.0309384590552425
0.0308407864635028
0.0307377737746027
0.0306291986438668
0.0305148317165351
0.0303944374143309
0.0302677750186359
0.0301346001396131
0.0299946666904026
0.0298477295272455
0.0296935479758759
0.0295318905512928
0.0293625413081459
0.0291853084609373
0.0290000362408465
0.0288066215189607
0.0286050377714958
0.0283953711294434
0.0281778785370113
0.0279530947330096
0.0279438954777295
0.0281686414527376
0.0283860939187346
0.0285957179169479
0.0287972565153529
0.0289906237242148
0.0291758462830181
0.0293530275782755
0.0295223236577461
0.0296839265937894
0.0298380526176177
0.0299849334931282
0.0301248101625371
0.0302579280240021
0.0303845334035941
0.0305048709142219
0.0306191814809823
0.0307277008719618
0.0308306586152432
0.0309282772127318
0.0310207715830573
0.0311083486817497
0.0311912072587548
0.0312695377222969
0.0313435220848705
0.0314133339723440
0.0314791386811696
0.0315410932718035
0.0315993466888745
0.0316540399005548
0.0317053060510876
0.0317532706216380
0.0317980515955640
0.0318397596249928
0.0318784981961762
0.0319143637916002
0.0319474460472195
0.0319778279034976
0.0320055857492017
0.0320307895571080
0.0320535030109292
0.0320737836229343
0.0320916828418215
0.0321072461505019
0.0321205131535343
0.0321315176539854
0.0321402877195620
0.0321468457378836
0.0321512084608012
0.0321533870376953
0.0321533870376953
0.0321512084608013
0.0321468457378836
0.0321402877195620
0.0321315176539854
0.0321205131535342
0.0321072461505018
0.0320916828418215
0.0320737836229343
0.0320535030109292
0.0320307895571080
0.0320055857492016
0.0319778279034975
0.0319474460472195
0.0319143637916002
0.0318784981961761
0.0318397596249928
0.0317980515955641
0.0317532706216380
0.0317053060510877
0.0316540399005548
0.0315993466888744
0.0315410932718035
0.0314791386811696
0.0314133339723440
0.0313435220848705
0.0312695377222969
0.0311912072587548
0.0311083486817497
0.0310207715830573
0.0309282772127318
0.0308306586152432
0.0307277008719618
0.0306191814809823
0.0305048709142219
0.0303845334035941
0.0302579280240021
0.0301248101625370
0.0299849334931282
0.0298380526176177
0.0296839265937894
0.0295223236577462
0.0293530275782755
0.0291758462830182
0.0289906237242148
0.0287972565153529
0.0285957179169479
0.0283860939187346
0.0281686414527376
0.0279438954777295
0.0279328115078398
0.0281575112179649
0.0283749146740931
0.0285844866535086
0.0287859702401774
0.0289792796159237
0.0291644417814206
0.0293415604347189
0.0295107919606572
0.0296723287780108
0.0298263874629820
0.0299732001158301
0.0301130080017081
0.0302460568251541
0.0303725932000877
0.0304928620076077
0.0306071044208142
0.0307155564355249
0.0308184477875310
0.0309160011669130
0.0310084316616153
0.0310959463784299
0.0311787442014185
0.0312570156567516
0.0313309428597194
0.0314006995248875
0.0314664510243675
0.0315283544822962
0.0315865588960566
0.0316412052766742
0.0316924268023511
0.0317403489802800
0.0317850898128497
0.0318267599651082
0.0318654629309613
0.0319012951960800
0.0319343463958789
0.0319646994672581
0.0319924307930451
0.0320176103382960
0.0320403017777728
0.0320605626140591
0.0320784442858837
0.0320939922663058
0.0321072461505018
0.0321182397329330
0.0321270010737398
0.0321335525542312
0.0321379109213745
0.0321400873212235
0.0321400873212235
0.0321379109213745
0.0321335525542312
0.0321270010737398
0.0321182397329330
0.0321072461505018
0.0320939922663057
0.0320784442858837
0.0320605626140591
0.0320403017777728
0.0320176103382960
0.0319924307930451
0.0319646994672581
0.0319343463958789
0.0319012951960799
0.0318654629309612
0.0318267599651082
0.0317850898128498
0.0317403489802800
0.0316924268023511
0.0316412052766742
0.0315865588960567
0.0315283544822962
0.0314664510243674
0.0314006995248875
0.0313309428597194
0.0312570156567516
0.0311787442014185
0.0310959463784299
0.0310084316616153
0.0309160011669130
0.0308184477875310
0.0307155564355249
0.0306071044208141
0.0304928620076077
0.0303725932000877
0.0302460568251541
0.0301130080017081
0.0299732001158301
0.0298263874629819
0.0296723287780108
0.0295107919606572
0.0293415604347189
0.0291644417814206
0.0289792796159237
0.0287859702401774
0.0285844866535086
0.0283749146740931
0.0281575112179649
0.0279328115078398
0.0279198182118512
0.0281444627360816
0.0283618078207298
0.0285713179352041
0.0287727361840728
0.0289659769521805
0.0291510675481996
0.0293281120370152
0.0294972671999896
0.0296587258630766
0.0298127050076701
0.0299594371287741
0.0300991638702206
0.0302321312954814
0.0303585863553773
0.0304787742445595
0.0305929364257382
0.0307013091603274
0.0308041224260134
0.0309015991316793
0.0309939545617959
0.0310813959983844
0.0311641224805287
0.0312423246703870
0.0313161848014296
0.0313858766898482
0.0314515657940939
0.0315134093106211
0.0315715562963590
0.0316261478103285
0.0316773170683661
0.0317251896060842
0.0317698834461789
0.0318115092669412
0.0318501705694475
0.0318859638414094
0.0319189787160293
0.0319492981245608
0.0319769984415142
0.0320021496216543
0.0320248153281219
0.0320450530511304
0.0320629142168141
0.0320784442858838
0.0320916828418214
0.0321026636684109
0.0321114148164342
0.0321179586594131
0.0321223119383006
0.0321244857950574
0.0321244857950574
0.0321223119383005
0.0321179586594131
0.0321114148164342
0.0321026636684109
0.0320916828418215
0.0320784442858837
0.0320629142168141
0.0320450530511304
0.0320248153281219
0.0320021496216542
0.0319769984415142
0.0319492981245609
0.0319189787160293
0.0318859638414093
0.0318501705694475
0.0318115092669412
0.0317698834461790
0.0317251896060842
0.0316773170683660
0.0316261478103285
0.0315715562963591
0.0315134093106211
0.0314515657940939
0.0313858766898481
0.0313161848014295
0.0312423246703870
0.0311641224805287
0.0310813959983844
0.0309939545617959
0.0309015991316793
0.0308041224260134
0.0307013091603275
0.0305929364257382
0.0304787742445595
0.0303585863553773
0.0302321312954814
0.0300991638702206
0.0299594371287741
0.0298127050076701
0.0296587258630766
0.0294972671999896
0.0293281120370152
0.0291510675481996
0.0289659769521805
0.0287727361840728
0.0285713179352041
0.0283618078207298
0.0281444627360816
0.0279198182118512
0.0279048867594299
0.0281294666018536
0.0283467433869782
0.0285561812325052
0.0287575232691882
0.0289506841177591
0.0291356914432720
0.0293126497343534
0.0294817162298795
0.0296430842251668
0.0297969711682560
0.0299436100083520
0.0300832428245666
0.0302161160925269
0.0303424771494564
0.0304625715491789
0.0305766410856909
0.0306849223237560
0.0307876455168790
0.0308850338229603
0.0309773027496709
0.0310646597775809
0.0311473041209631
0.0312254265951924
0.0312992095664275
0.0313688269644959
0.0314344443439200
0.0314962189811437
0.0315542999984594
0.0316088285070573
0.0316599377631303
0.0317077533321687
0.0317523932575454
0.0317939682302409
0.0318325817571890
0.0318683303262042
0.0319013035658549
0.0319315843989668
0.0319592491887028
0.0319843678763641
0.0320070041102490
0.0320272153650155
0.0320450530511304
0.0320605626140592
0.0320737836229343
0.0320847498484929
0.0320934893301185
0.0321000244318739
0.0321043718874195
0.0321065428337582
0.0321065428337583
0.0321043718874195
0.0321000244318739
0.0320934893301186
0.0320847498484929
0.0320737836229343
0.0320605626140592
0.0320450530511304
0.0320272153650155
0.0320070041102491
0.0319843678763641
0.0319592491887028
0.0319315843989668
0.0319013035658549
0.0318683303262042
0.0318325817571891
0.0317939682302409
0.0317523932575454
0.0317077533321687
0.0316599377631303
0.0316088285070573
0.0315542999984594
0.0314962189811437
0.0314344443439200
0.0313688269644959
0.0312992095664275
0.0312254265951924
0.0311473041209631
0.0310646597775809
0.0309773027496709
0.0308850338229603
0.0307876455168790
0.0306849223237560
0.0305766410856909
0.0304625715491789
0.0303424771494564
0.0302161160925269
0.0300832428245667
0.0299436100083520
0.0297969711682560
0.0296430842251668
0.0294817162298795
0.0293126497343534
0.0291356914432720
0.0289506841177591
0.0287575232691882
0.0285561812325052
0.0283467433869782
0.0281294666018536
0.0279048867594299
0.0278879840475894
0.0281124890433256
0.0283296869420895
0.0285390414662142
0.0287402957793996
0.0289333647727746
0.0291182765180168
0.0292951359862742
0.0294641009367218
0.0296253651978644
0.0297791467472889
0.0299256790490680
0.0300652046751763
0.0301979705673394
0.0303242244991775
0.0304442124295588
0.0305581765254737
0.0306663536926209
0.0307689744938857
0.0308662623658781
0.0309584330654763
0.0310456942943210
0.0311282454611452
0.0312062775507860
0.0312799730755505
0.0313495060898162
0.0314150422527822
0.0314767389274073
0.0315347453060203
0.0315892025550141
0.0316402439725392
0.0316879951543295
0.0317325741637463
0.0317740917028943
0.0318126512822759
0.0318483493869549
0.0318812756375776
0.0319115129449503
0.0319391376571061
0.0319642196980172
0.0319868226972841
0.0320070041102491
0.0320248153281219
0.0320403017777728
0.0320535030109292
0.0320644527825715
0.0320731791183664
0.0320797043710190
0.0320840452654502
0.0320862129327307
0.0320862129327307
0.0320840452654502
0.0320797043710190
0.0320731791183663
0.0320644527825714
0.0320535030109292
0.0320403017777728
0.0320248153281219
0.0320070041102490
0.0319868226972840
0.0319642196980171
0.0319391376571060
0.0319115129449503
0.0318812756375776
0.0318483493869549
0.0318126512822760
0.0317740917028943
0.0317325741637463
0.0316879951543295
0.0316402439725392
0.0315892025550141
0.0315347453060203
0.0314767389274072
0.0314150422527823
0.0313495060898162
0.0312799730755504
0.0312062775507860
0.0311282454611452
0.0310456942943210
0.0309584330654763
0.0308662623658781
0.0307689744938857
0.0306663536926209
0.0305581765254737
0.0304442124295588
0.0303242244991775
0.0301979705673394
0.0300652046751762
0.0299256790490680
0.0297791467472889
0.0296253651978644
0.0294641009367218
0.0292951359862742
0.0291182765180168
0.0289333647727746
0.0287402957793995
0.0285390414662142
0.0283296869420895
0.0281124890433256
0.0278879840475894
0.0278690726393273
0.0280934918554357
0.0283105995250398
0.0285198589317090
0.0287210132802457
0.0289139777686217
0.0290987809275177
0.0292755282715474
0.0294443781450241
0.0296055249753327
0.0297591873341362
0.0299055992624004
0.0300450038836179
0.0301776486603490
0.0303037818531048
0.0304236498719024
0.0305374952984128
0.0306455554165954
0.0307480611318056
0.0308452361883973
0.0309372966176343
0.0310244503637912
0.0311068970482472
0.0311848278403765
0.0312584254108527
0.0313278639482267
0.0313933092236551
0.0314549186917996
0.0315128416183623
0.0315672192266495
0.0316181848570758
0.0316658641347216
0.0317103751410323
0.0317518285865017
0.0317903279818054
0.0318259698053481
0.0318588436655798
0.0318890324567722
0.0319166125071928
0.0319416537188321
0.0319642196980171
0.0319843678763641
0.0320021496216543
0.0320176103382960
0.0320307895571080
0.0320417210142221
0.0320504327189498
0.0320569470104895
0.0320612806033852
0.0320634446216740
0.0320634446216740
0.0320612806033852
0.0320569470104895
0.0320504327189498
0.0320417210142221
0.0320307895571080
0.0320176103382959
0.0320021496216542
0.0319843678763641
0.0319642196980171
0.0319416537188322
0.0319166125071928
0.0318890324567722
0.0318588436655798
0.0318259698053481
0.0317903279818054
0.0317518285865017
0.0317103751410324
0.0316658641347216
0.0316181848570758
0.0315672192266495
0.0315128416183622
0.0314549186917995
0.0313933092236551
0.0313278639482266
0.0312584254108527
0.0311848278403765
0.0311068970482472
0.0310244503637912
0.0309372966176343
0.0308452361883973
0.0307480611318056
0.0306455554165954
0.0305374952984128
0.0304236498719025
0.0303037818531048
0.0301776486603490
0.0300450038836179
0.0299055992624004
0.0297591873341362
0.0296055249753327
0.0294443781450241
0.0292755282715474
0.0290987809275177
0.0289139777686217
0.0287210132802457
0.0285198589317090
0.0283105995250398
0.0280934918554357
0.0278690726393274
0.0278481106948084
0.0280724323253794
0.0282894375643310
0.0284985892134683
0.0286996305285021
0.0288924770529311
0.0290771578312817
0.0292537789850398
0.0294224995108253
0.0295835145026938
0.0297370431927265
0.0298833202623097
0.0300225894462743
0.0301550987835790
0.0302810970726217
0.0304008312208636
0.0305145442662358
0.0306224739079120
0.0307248514261985
0.0308219009013957
0.0309138386633265
0.0310008729192954
0.0310832035202310
0.0311610218337289
0.0312345106995880
0.0313038444486439
0.0313691889697524
0.0314307018129180
0.0314885323190097
0.0315428217684410
0.0315937035427077
0.0316413032939012
0.0316857391182603
0.0317271217306077
0.0317655546371354
0.0318011343044948
0.0318339503235510
0.0318640855664888
0.0318916163362117
0.0319166125071929
0.0319391376571061
0.0319592491887028
0.0319769984415142
0.0319924307930451
0.0320055857492016
0.0320164970237507
0.0320251926066558
0.0320316948211775
0.0320360203696360
0.0320381803677945
0.0320381803677945
0.0320360203696360
0.0320316948211775
0.0320251926066559
0.0320164970237507
0.0320055857492016
0.0319924307930451
0.0319769984415142
0.0319592491887028
0.0319391376571061
0.0319166125071928
0.0318916163362117
0.0318640855664888
0.0318339503235510
0.0318011343044948
0.0317655546371354
0.0317271217306077
0.0316857391182603
0.0316413032939012
0.0315937035427077
0.0315428217684411
0.0314885323190097
0.0314307018129180
0.0313691889697524
0.0313038444486439
0.0312345106995880
0.0311610218337289
0.0310832035202310
0.0310008729192954
0.0309138386633264
0.0308219009013957
0.0307248514261985
0.0306224739079120
0.0305145442662358
0.0304008312208636
0.0302810970726217
0.0301550987835790
0.0300225894462743
0.0298833202623097
0.0297370431927265
0.0295835145026938
0.0294224995108253
0.0292537789850398
0.0290771578312817
0.0288924770529311
0.0286996305285020
0.0284985892134682
0.0282894375643310
0.0280724323253794
0.0278481106948084
0.0278250518952017
0.0280492631497734
0.0282661527887837
0.0284751830898256
0.0286760973712721
0.0288688115634104
0.0290533552822597
0.0292298353223753
0.0293984114024617
0.0295592793533780
0.0297126591359662
0.0298587861371903
0.0299979047642777
0.0301302636890026
0.0302561122991217
0.0303756980459507
0.0304892644650464
0.0305970497072296
0.0306992854594467
0.0307961961651281
0.0308879984755978
0.0309749008801974
0.0310571034747742
0.0311347978372010
0.0312081669854530
0.0312773853990068
0.0313426190883823
0.0314040257007852
0.0314617546522795
0.0315159472788417
0.0315667370001832
0.0316142494914380
0.0316586028587801
0.0316999078158094
0.0317382678581649
0.0317737794343192
0.0318065321109182
0.0318366087313503
0.0318640855664888
0.0318890324567723
0.0319115129449503
0.0319315843989668
0.0319492981245608
0.0319646994672582
0.0319778279034976
0.0319887171206936
0.0319973950860843
0.0320038841042485
0.0320082008632082
0.0320103564690555
0.0320103564690555
0.0320082008632083
0.0320038841042486
0.0319973950860844
0.0319887171206936
0.0319778279034976
0.0319646994672582
0.0319492981245608
0.0319315843989668
0.0319115129449502
0.0318890324567722
0.0318640855664888
0.0318366087313503
0.0318065321109182
0.0317737794343192
0.0317382678581649
0.0316999078158093
0.0316586028587801
0.0316142494914380
0.0315667370001832
0.0315159472788418
0.0314617546522795
0.0314040257007852
0.0313426190883822
0.0312773853990069
0.0312081669854530
0.0311347978372010
0.0310571034747742
0.0309749008801974
0.0308879984755978
0.0307961961651281
0.0306992854594466
0.0305970497072296
0.0304892644650463
0.0303756980459507
0.0302561122991217
0.0301302636890026
0.0299979047642777
0.0298587861371903
0.0297126591359662
0.0295592793533779
0.0293984114024617
0.0292298353223753
0.0290533552822597
0.0288688115634104
0.0286760973712721
0.0284751830898256
0.0282661527887837
0.0280492631497734
0.0278250518952018
0.0277998453593315
0.0280239323437055
0.0282406921293284
0.0284495864279076
0.0286503586345043
0.0288429251104147
0.0290273161039855
0.0292036391521710
0.0293720547684593
0.0295327595932242
0.0296859743865995
0.0298319353080275
0.0299708874994938
0.0301030803228544
0.0302287638071150
0.0303481859938661
0.0304615909572893
0.0305692173355841
0.0306712972530217
0.0307680555420779
0.0308597091970406
0.0309464670066284
0.0310285293251754
0.0311060879509771
0.0311793260872507
0.0312484183664465
0.0313135309226666
0.0313748215001412
0.0314324395881469
0.0314865265747190
0.0315372159130073
0.0315846332953848
0.0316288968313492
0.0316701172260579
0.0317083979569510
0.0317438354464184
0.0317765192288736
0.0318065321109183
0.0318339503235510
0.0318588436655798
0.0318812756375776
0.0319013035658549
0.0319189787160292
0.0319343463958788
0.0319474460472196
0.0319583113266154
0.0319669701747742
0.0319734448745169
0.0319777520972375
0.0319799029377949
0.0319799029377949
0.0319777520972375
0.0319734448745169
0.0319669701747742
0.0319583113266154
0.0319474460472195
0.0319343463958788
0.0319189787160292
0.0319013035658549
0.0318812756375776
0.0318588436655798
0.0318339503235510
0.0318065321109183
0.0317765192288735
0.0317438354464184
0.0317083979569510
0.0316701172260579
0.0316288968313492
0.0315846332953848
0.0315372159130074
0.0314865265747190
0.0314324395881469
0.0313748215001412
0.0313135309226666
0.0312484183664466
0.0311793260872507
0.0311060879509771
0.0310285293251754
0.0309464670066283
0.0308597091970406
0.0307680555420779
0.0306712972530217
0.0305692173355841
0.0304615909572892
0.0303481859938661
0.0302287638071149
0.0301030803228545
0.0299708874994938
0.0298319353080275
0.0296859743865995
0.0295327595932242
0.0293720547684593
0.0292036391521710
0.0290273161039854
0.0288429251104147
0.0286503586345043
0.0284495864279076
0.0282406921293284
0.0280239323437055
0.0277998453593316
0.0277724355533547
0.0279963831417874
0.0282129976118512
0.0284217400687161
0.0286223540008323
0.0288147562481074
0.0289989777556478
0.0291751268756513
0.0293433649923181
0.0295038896310837
0.0296569224242678
0.0298027003725464
0.0299414694163553
0.0300734796657174
0.0301989818431012
0.0303182246266576
0.0304314526696340
0.0305389051324024
0.0306408146059751
0.0307374063362400
0.0308288976801243
0.0309154977410884
0.0309974071434002
0.0310748179136926
0.0311479134452004
0.0312168685253452
0.0312818494113964
0.0313430139421118
0.0314005116757281
0.0314544840466128
0.0315050645344425
0.0315523788409735
0.0315965450704573
0.0316376739105359
0.0316758688110615
0.0317112261588061
0.0317438354464183
0.0317737794343192
0.0318011343044947
0.0318259698053481
0.0318483493869549
0.0318683303262042
0.0318859638414094
0.0319012951960800
0.0319143637916002
0.0319252032486324
0.0319338414770926
0.0319403007346035
0.0319445976733302
0.0319467433751577
0.0319467433751577
0.0319445976733302
0.0319403007346035
0.0319338414770926
0.0319252032486324
0.0319143637916002
0.0319012951960800
0.0318859638414093
0.0318683303262042
0.0318483493869549
0.0318259698053481
0.0318011343044948
0.0317737794343192
0.0317438354464183
0.0317112261588061
0.0316758688110615
0.0316376739105359
0.0315965450704573
0.0315523788409735
0.0315050645344425
0.0314544840466128
0.0314005116757281
0.0313430139421118
0.0312818494113964
0.0312168685253452
0.0311479134452004
0.0310748179136926
0.0309974071434002
0.0309154977410885
0.0308288976801242
0.0307374063362400
0.0306408146059751
0.0305389051324024
0.0304314526696340
0.0303182246266575
0.0301989818431012
0.0300734796657174
0.0299414694163553
0.0298027003725464
0.0296569224242678
0.0295038896310837
0.0293433649923181
0.0291751268756513
0.0289989777556478
0.0288147562481074
0.0286223540008323
0.0284217400687161
0.0282129976118513
0.0279963831417874
0.0277724355533547
0.0277427621937436
0.0279665538913967
0.0281830062411582
0.0283915797023681
0.0285920178766807
0.0287842381340832
0.0289682721849285
0.0291442292734204
0.0293122717339670
0.0294725980557043
0.0296254308185590
0.0297710079351389
0.0299095762093574
0.0300413865582350
0.0301666904501060
0.0302857372456295
0.0303987722167566
0.0305060350795996
0.0306077589197435
0.0307041694189619
0.0307954843143542
0.0308819130371513
0.0309636564905137
0.0310409069347415
0.0311138479552130
0.0311826544936507
0.0312474929274133
0.0313085211846688
0.0313658888857911
0.0314197375032760
0.0314702005340205
0.0315174036790230
0.0315614650265541
0.0316024952356210
0.0316405977171817
0.0316758688110614
0.0317083979569510
0.0317382678581649
0.0317655546371354
0.0317903279818055
0.0318126512822760
0.0318325817571891
0.0318501705694476
0.0318654629309612
0.0318784981961762
0.0318893099442045
0.0318979260494222
0.0319043687404196
0.0319086546472451
0.0319107948368737
0.0319107948368737
0.0319086546472451
0.0319043687404196
0.0318979260494222
0.0318893099442045
0.0318784981961762
0.0318654629309613
0.0318501705694475
0.0318325817571890
0.0318126512822760
0.0317903279818054
0.0317655546371354
0.0317382678581649
0.0317083979569510
0.0316758688110615
0.0316405977171817
0.0316024952356210
0.0315614650265540
0.0315174036790230
0.0314702005340205
0.0314197375032760
0.0313658888857911
0.0313085211846689
0.0312474929274133
0.0311826544936507
0.0311138479552130
0.0310409069347415
0.0309636564905137
0.0308819130371513
0.0307954843143542
0.0307041694189619
0.0306077589197435
0.0305060350795996
0.0303987722167567
0.0302857372456295
0.0301666904501060
0.0300413865582350
0.0299095762093574
0.0297710079351389
0.0296254308185590
0.0294725980557043
0.0293122717339670
0.0291442292734204
0.0289682721849286
0.0287842381340832
0.0285920178766807
0.0283915797023681
0.0281830062411582
0.0279665538913967
0.0277427621937436
0.0277107601439240
0.0279343779383354
0.0281506498762086
0.0283590357335197
0.0285592792485854
0.0287512983773418
0.0289351256684419
0.0291108713392120
0.0292786987576849
0.0294388074586782
0.0295914210478395
0.0297367784223988
0.0298751273160782
0.0300067195123547
0.0301318072778205
0.0302506407010008
0.0303634657110685
0.0304705226118675
0.0305720450094162
0.0306682590415523
0.0307593828405222
0.0308456261755929
0.0309271902348752
0.0310042675146720
0.0310770417915854
0.0311456881579212
0.0312103731050317
0.0312712546424152
0.0313284824428828
0.0313821980060769
0.0314325348341510
0.0314796186146779
0.0315235674068190
0.0315644918275826
0.0316024952356211
0.0316376739105359
0.0316701172260579
0.0316999078158093
0.0317271217306077
0.0317518285865017
0.0317740917028942
0.0317939682302409
0.0318115092669412
0.0318267599651083
0.0318397596249928
0.0318505417778803
0.0318591342573302
0.0318655592586581
0.0318698333865945
0.0318719676910664
0.0318719676910664
0.0318698333865945
0.0318655592586581
0.0318591342573302
0.0318505417778803
0.0318397596249928
0.0318267599651082
0.0318115092669412
0.0317939682302409
0.0317740917028942
0.0317518285865017
0.0317271217306077
0.0316999078158093
0.0316701172260579
0.0316376739105358
0.0316024952356211
0.0315644918275826
0.0315235674068190
0.0314796186146779
0.0314325348341510
0.0313821980060769
0.0313284824428828
0.0312712546424152
0.0312103731050317
0.0311456881579212
0.0310770417915854
0.0310042675146720
0.0309271902348752
0.0308456261755929
0.0307593828405222
0.0306682590415523
0.0305720450094162
0.0304705226118675
0.0303634657110685
0.0302506407010008
0.0301318072778205
0.0300067195123546
0.0298751273160782
0.0297367784223988
0.0295914210478395
0.0294388074586782
0.0292786987576849
0.0291108713392120
0.0289351256684419
0.0287512983773418
0.0285592792485854
0.0283590357335197
0.0281506498762087
0.0279343779383354
0.0277107601439239
0.0276763593050491
0.0278997835052510
0.0281158550968161
0.0283240331370821
0.0285240615287352
0.0287158588745509
0.0288994586396588
0.0290749721004560
0.0292425637463076
0.0294024342432915
0.0295548083037128
0.0296999258841354
0.0298380357156370
0.0299693905080590
0.0300942433783712
0.0302128451873989
0.0303254425585472
0.0304322764133764
0.0305335809017669
0.0306295826350211
0.0307205001524621
0.0308065435684140
0.0308879143586143
0.0309648052542429
0.0310374002187245
0.0311058744877612
0.0311703946571873
0.0312311188064210
0.0312881966477968
0.0313417696940299
0.0313919714376248
0.0314389275372726
0.0314827560072761
0.0315235674068189
0.0315614650265541
0.0315965450704572
0.0316288968313492
0.0316586028587801
0.0316857391182603
0.0317103751410324
0.0317325741637463
0.0317523932575454
0.0317698834461789
0.0317850898128497
0.0317980515955641
0.0318088022708309
0.0318173696255674
0.0318237758171317
0.0318280374214140
0.0318301654689358
0.0318301654689358
0.0318280374214140
0.0318237758171318
0.0318173696255674
0.0318088022708309
0.0317980515955641
0.0317850898128497
0.0317698834461789
0.0317523932575454
0.0317325741637463
0.0317103751410324
0.0316857391182603
0.0316586028587801
0.0316288968313492
0.0315965450704572
0.0315614650265540
0.0315235674068189
0.0314827560072761
0.0314389275372726
0.0313919714376248
0.0313417696940299
0.0312881966477968
0.0312311188064210
0.0311703946571873
0.0311058744877613
0.0310374002187245
0.0309648052542429
0.0308879143586143
0.0308065435684140
0.0307205001524621
0.0306295826350211
0.0305335809017669
0.0304322764133765
0.0303254425585472
0.0302128451873989
0.0300942433783712
0.0299693905080590
0.0298380357156370
0.0296999258841355
0.0295548083037128
0.0294024342432915
0.0292425637463076
0.0290749721004560
0.0288994586396588
0.0287158588745509
0.0285240615287351
0.0283240331370821
0.0281158550968161
0.0278997835052510
0.0276763593050492
0.0276394845014976
0.0278626935632497
0.0280785430621159
0.0282864913043926
0.0284862823898054
0.0286778356345760
0.0288611855042396
0.0290364444255562
0.0292037781016077
0.0293633884191525
0.0295155012810227
0.0296603577798226
0.0297982077126029
0.0299293047756679
0.0300539029878697
0.0301722540254181
0.0302846052409756
0.0303911982012702
0.0304922676204908
0.0305880405974642
0.0306787360869049
0.0307645645514116
0.0308457277530969
0.0309224186529126
0.0309948213927205
0.0310631113404979
0.0311274551832013
0.0311880110550316
0.0312449286913426
0.0312983496004285
0.0313484072469938
0.0313952272423339
0.0314389275372726
0.0314796186146780
0.0315174036790230
0.0315523788409735
0.0315846332953848
0.0316142494914380
0.0316413032939012
0.0316658641347216
0.0316879951543296
0.0317077533321688
0.0317251896060842
0.0317403489802800
0.0317532706216379
0.0317639879442356
0.0317725286819429
0.0317789149490193
0.0317831632886482
0.0317852847093669
0.0317852847093669
0.0317831632886482
0.0317789149490193
0.0317725286819429
0.0317639879442356
0.0317532706216380
0.0317403489802800
0.0317251896060842
0.0317077533321688
0.0316879951543296
0.0316658641347216
0.0316413032939012
0.0316142494914381
0.0315846332953848
0.0315523788409735
0.0315174036790230
0.0314796186146779
0.0314389275372726
0.0313952272423339
0.0313484072469938
0.0312983496004285
0.0312449286913426
0.0311880110550316
0.0311274551832013
0.0310631113404978
0.0309948213927204
0.0309224186529125
0.0308457277530969
0.0307645645514116
0.0306787360869049
0.0305880405974642
0.0304922676204908
0.0303911982012702
0.0302846052409756
0.0301722540254181
0.0300539029878697
0.0299293047756679
0.0297982077126029
0.0296603577798226
0.0295155012810227
0.0293633884191525
0.0292037781016077
0.0290364444255563
0.0288611855042396
0.0286778356345760
0.0284862823898054
0.0282864913043926
0.0280785430621159
0.0278626935632497
0.0276394845014976
0.0276000553618645
0.0278230256972844
0.0280386293612149
0.0282463238801238
0.0284458535892375
0.0286371385913513
0.0288202144427791
0.0289951948178449
0.0291622467307975
0.0293215733825753
0.0294734019534072
0.0296179747505471
0.0297555427064813
0.0298863605639227
0.0300106832940398
0.0301287634296324
0.0302408490850679
0.0303471824965303
0.0304479989593238
0.0305435260698547
0.0306339832022699
0.0307195811662090
0.0308005220043649
0.0308769988977835
0.0309491961538448
0.0310172892572281
0.0310814449683328
0.0311418214568384
0.0311985684606349
0.0312518274623249
0.0313017318770973
0.0313484072469938
0.0313919714376248
0.0314325348341510
0.0314702005340206
0.0315050645344425
0.0315372159130073
0.0315667370001832
0.0315937035427077
0.0316181848570758
0.0316402439725391
0.0316599377631304
0.0316773170683661
0.0316924268023511
0.0317053060510876
0.0317159881578318
0.0317245007963966
0.0317308660323252
0.0317351003718745
0.0317372147987812
0.0317372147987812
0.0317351003718745
0.0317308660323252
0.0317245007963966
0.0317159881578317
0.0317053060510875
0.0316924268023511
0.0316773170683661
0.0316599377631304
0.0316402439725392
0.0316181848570758
0.0315937035427077
0.0315667370001832
0.0315372159130073
0.0315050645344425
0.0314702005340206
0.0314325348341509
0.0313919714376248
0.0313484072469937
0.0313017318770973
0.0312518274623249
0.0311985684606348
0.0311418214568385
0.0310814449683328
0.0310172892572281
0.0309491961538448
0.0308769988977835
0.0308005220043649
0.0307195811662090
0.0306339832022699
0.0305435260698547
0.0304479989593239
0.0303471824965303
0.0302408490850679
0.0301287634296324
0.0300106832940398
0.0298863605639227
0.0297555427064813
0.0296179747505471
0.0294734019534072
0.0293215733825753
0.0291622467307975
0.0289951948178449
0.0288202144427791
0.0286371385913513
0.0284458535892375
0.0282463238801238
0.0280386293612149
0.0278230256972844
0.0276000553618645
0.0275579861964218
0.0277806919660930
0.0279960238566018
0.0282034385903281
0.0284026807832366
0.0285936714052540
0.0287764472010730
0.0289511231962837
0.0291178678192357
0.0292768856828258
0.0294284053345576
0.0295726703766857
0.0297099329471082
0.0298404488942686
0.0299644741904446
0.0300822622636918
0.0301940620192301
0.0303001163830604
0.0304006612439941
0.0304959247012850
0.0305861265475208
0.0306714779329579
0.0307521811698256
0.0308284296443569
0.0309004078113796
0.0309682912516894
0.0310322467766035
0.0310924325673473
0.0311489983394625
0.0312020855244355
0.0312518274623249
0.0312983496004285
0.0313417696940299
0.0313821980060769
0.0314197375032760
0.0314544840466127
0.0314865265747191
0.0315159472788418
0.0315428217684411
0.0315672192266495
0.0315892025550141
0.0316088285070573
0.0316261478103285
0.0316412052766742
0.0316540399005548
0.0316646849452522
0.0316731680168911
0.0316795111261847
0.0316837307378784
0.0316858378078494
0.0316858378078494
0.0316837307378784
0.0316795111261847
0.0316731680168911
0.0316646849452522
0.0316540399005548
0.0316412052766742
0.0316261478103285
0.0316088285070573
0.0315892025550141
0.0315672192266495
0.0315428217684410
0.0315159472788417
0.0314865265747190
0.0314544840466127
0.0314197375032760
0.0313821980060769
0.0313417696940300
0.0312983496004284
0.0312518274623249
0.0312020855244355
0.0311489983394625
0.0310924325673473
0.0310322467766035
0.0309682912516894
0.0309004078113796
0.0308284296443569
0.0307521811698256
0.0306714779329579
0.0305861265475208
0.0304959247012850
0.0304006612439941
0.0303001163830604
0.0301940620192302
0.0300822622636918
0.0299644741904446
0.0298404488942686
0.0297099329471082
0.0295726703766857
0.0294284053345576
0.0292768856828258
0.0291178678192357
0.0289511231962837
0.0287764472010730
0.0285936714052540
0.0284026807832366
0.0282034385903281
0.0279960238566018
0.0277806919660930
0.0275579861964219
0.0275131858722819
0.0277355987576547
0.0279506305210713
0.0281577370622061
0.0283566633309236
0.0285473312533177
0.0287297788681542
0.0289041226631492
0.0290705325895705
0.0292292147745000
0.0293803992255372
0.0295243309217523
0.0296612632764888
0.0297914533020131
0.0299151580181287
0.0300326317834525
0.0301441243190254
0.0302498792561897
0.0303501330843186
0.0304451144050914
0.0305350434226186
0.0306201316153248
0.0307005815478916
0.0307765867908602
0.0308483319226076
0.0309159925938204
0.0309797356388134
0.0310397192212875
0.0310960930047048
0.0311489983394625
0.0311985684606348
0.0312449286913426
0.0312881966477968
0.0313284824428828
0.0313658888857911
0.0314005116757280
0.0314324395881469
0.0314617546522795
0.0314885323190097
0.0315128416183623
0.0315347453060203
0.0315542999984594
0.0315715562963590
0.0315865588960567
0.0315993466888745
0.0316099528481874
0.0316184049041523
0.0316247248060361
0.0316289289721121
0.0316310283270926
0.0316310283270926
0.0316289289721121
0.0316247248060361
0.0316184049041522
0.0316099528481874
0.0315993466888744
0.0315865588960567
0.0315715562963590
0.0315542999984594
0.0315347453060203
0.0315128416183623
0.0314885323190097
0.0314617546522795
0.0314324395881469
0.0314005116757281
0.0313658888857911
0.0313284824428829
0.0312881966477968
0.0312449286913426
0.0311985684606348
0.0311489983394625
0.0310960930047048
0.0310397192212875
0.0309797356388134
0.0309159925938204
0.0308483319226077
0.0307765867908602
0.0307005815478916
0.0306201316153248
0.0305350434226186
0.0304451144050914
0.0303501330843185
0.0302498792561896
0.0301441243190254
0.0300326317834525
0.0299151580181287
0.0297914533020131
0.0296612632764887
0.0295243309217523
0.0293803992255372
0.0292292147745000
0.0290705325895705
0.0289041226631492
0.0287297788681542
0.0285473312533177
0.0283566633309236
0.0281577370622061
0.0279506305210713
0.0277355987576547
0.0275131858722819
0.0274655576878308
0.0276876466414622
0.0279023472692071
0.0281091146364076
0.0283076940892731
0.0284980086087880
0.0286800976425567
0.0288540792591239
0.0290201250477770
0.0291784427565585
0.0293292639487712
0.0294728350631584
0.0296094108579816
0.0297392495654007
0.0298626092958643
0.0299797453694893
0.0300909083428557
0.0301963425622518
0.0302962851182447
0.0303909651077636
0.0304806031325958
0.0305654109798960
0.0306455914427794
0.0307213382484274
0.0307928360682884
0.0308602605904089
0.0309237786381730
0.0309835483230203
0.0310397192212875
0.0310924325673473
0.0311418214568385
0.0311880110550316
0.0312311188064210
0.0312712546424152
0.0313085211846689
0.0313430139421117
0.0313748215001412
0.0314040257007852
0.0314307018129180
0.0314549186917996
0.0314767389274073
0.0314962189811437
0.0315134093106210
0.0315283544822962
0.0315410932718035
0.0315516587518733
0.0315600783677650
0.0315663740001697
0.0315705620155454
0.0315726533038827
0.0315726533038827
0.0315705620155454
0.0315663740001696
0.0315600783677650
0.0315516587518732
0.0315410932718034
0.0315283544822962
0.0315134093106211
0.0314962189811438
0.0314767389274073
0.0314549186917995
0.0314307018129180
0.0314040257007852
0.0313748215001412
0.0313430139421118
0.0313085211846688
0.0312712546424152
0.0312311188064210
0.0311880110550316
0.0311418214568385
0.0310924325673473
0.0310397192212874
0.0309835483230203
0.0309237786381730
0.0308602605904089
0.0307928360682884
0.0307213382484274
0.0306455914427794
0.0305654109798960
0.0304806031325958
0.0303909651077636
0.0302962851182447
0.0301963425622518
0.0300909083428557
0.0299797453694893
0.0298626092958643
0.0297392495654007
0.0296094108579816
0.0294728350631584
0.0293292639487712
0.0291784427565585
0.0290201250477769
0.0288540792591239
0.0286800976425567
0.0284980086087880
0.0283076940892731
0.0281091146364076
0.0279023472692071
0.0276876466414622
0.0274655576878308
0.0274149992484058
0.0276367302192463
0.0278510657847524
0.0280574601729598
0.0282556591997585
0.0284455870108279
0.0286272845875254
0.0288008717065107
0.0289665217168458
0.0291244440988842
0.0292748720697007
0.0294180536110365
0.0295542448941456
0.0296837054241154
0.0298066944407144
0.0299234682508828
0.0300342782599327
0.0301393695314797
0.0302389797502230
0.0303333384931912
0.0304226667379069
0.0305071765527469
0.0305870709273115
0.0306625437100559
0.0307337796276290
0.0308009543658624
0.0308642346966404
0.0309237786381731
0.0309797356388134
0.0310322467766035
0.0310814449683327
0.0311274551832013
0.0311703946571873
0.0312103731050317
0.0312474929274133
0.0312818494113964
0.0313135309226666
0.0313426190883823
0.0313691889697524
0.0313933092236551
0.0314150422527822
0.0314344443439200
0.0314515657940938
0.0314664510243674
0.0314791386811696
0.0314896617250410
0.0314980475067561
0.0315043178307767
0.0315084890060233
0.0315105718839551
0.0315105718839551
0.0315084890060232
0.0315043178307767
0.0314980475067561
0.0314896617250410
0.0314791386811696
0.0314664510243675
0.0314515657940938
0.0314344443439200
0.0314150422527822
0.0313933092236551
0.0313691889697524
0.0313426190883823
0.0313135309226666
0.0312818494113964
0.0312474929274133
0.0312103731050317
0.0311703946571873
0.0311274551832013
0.0310814449683328
0.0310322467766035
0.0309797356388134
0.0309237786381730
0.0308642346966404
0.0308009543658624
0.0307337796276289
0.0306625437100560
0.0305870709273115
0.0305071765527469
0.0304226667379069
0.0303333384931912
0.0302389797502230
0.0301393695314797
0.0300342782599327
0.0299234682508828
0.0298066944407144
0.0296837054241155
0.0295542448941456
0.0294180536110365
0.0292748720697007
0.0291244440988842
0.0289665217168458
0.0288008717065107
0.0286272845875254
0.0284455870108279
0.0282556591997585
0.0280574601729598
0.0278510657847523
0.0276367302192464
0.0274149992484058
0.0273614023457173
0.0275827379762456
0.0277966713456349
0.0280026558523089
0.0282004378679716
0.0283899428254903
0.0285712133762522
0.0287443711416698
0.0289095913593111
0.0290670853576490
0.0292170881075815
0.0293598492168028
0.0294956263351548
0.0296246802893518
0.0297472714812748
0.0298636572228863
0.0299740897733438
0.0300788149072166
0.0301780708870951
0.0302720877455637
0.0303610868045223
0.0304452803767714
0.0305248716074089
0.0306000544221025
0.0306710135565475
0.0307379246469723
0.0308009543658624
0.0308602605904089
0.0309159925938204
0.0309682912516894
0.0310172892572281
0.0310631113404978
0.0311058744877613
0.0311456881579212
0.0311826544936507
0.0312168685253453
0.0312484183664466
0.0312773853990068
0.0313038444486439
0.0313278639482267
0.0313495060898162
0.0313688269644960
0.0313858766898482
0.0314006995248875
0.0314133339723440
0.0314238128682132
0.0314321634585345
0.0314384074633759
0.0314425611280130
0.0314446352613130
0.0314446352613131
0.0314425611280131
0.0314384074633759
0.0314321634585345
0.0314238128682132
0.0314133339723440
0.0314006995248876
0.0313858766898482
0.0313688269644960
0.0313495060898162
0.0313278639482267
0.0313038444486439
0.0312773853990069
0.0312484183664466
0.0312168685253453
0.0311826544936507
0.0311456881579212
0.0311058744877612
0.0310631113404978
0.0310172892572281
0.0309682912516893
0.0309159925938204
0.0308602605904090
0.0308009543658625
0.0307379246469723
0.0306710135565474
0.0306000544221024
0.0305248716074089
0.0304452803767714
0.0303610868045224
0.0302720877455637
0.0301780708870951
0.0300788149072166
0.0299740897733438
0.0298636572228863
0.0297472714812748
0.0296246802893518
0.0294956263351548
0.0293598492168027
0.0292170881075816
0.0290670853576490
0.0289095913593111
0.0287443711416698
0.0285712133762523
0.0283899428254903
0.0282004378679716
0.0280026558523089
0.0277966713456349
0.0275827379762456
0.0273614023457173
0.0273046528441604
0.0275255521357381
0.0277390426489524
0.0279445769734551
0.0281419021379677
0.0283309449995829
0.0285117500287099
0.0286844408382886
0.0288491946903312
0.0290062248814208
0.0291557682375644
0.0292980760738777
0.0294334075804731
0.0295620249484233
0.0296841897668545
0.0298001603619763
0.0299101898419725
0.0300145246754298
0.0301134036756714
0.0302070572952786
0.0302957071582523
0.0303795657743665
0.0304588363929644
0.0305337129630846
0.0306043801740826
0.0306710135565474
0.0307337796276290
0.0307928360682884
0.0308483319226077
0.0309004078113796
0.0309491961538447
0.0309948213927204
0.0310374002187245
0.0310770417915854
0.0311138479552130
0.0311479134452004
0.0311793260872507
0.0312081669854530
0.0312345106995880
0.0312584254108528
0.0312799730755504
0.0312992095664275
0.0313161848014296
0.0313309428597194
0.0313435220848704
0.0313539551751745
0.0313622692610358
0.0313684859694513
0.0313726214755712
0.0313746865413601
0.0313746865413602
0.0313726214755711
0.0313684859694513
0.0313622692610358
0.0313539551751745
0.0313435220848705
0.0313309428597193
0.0313161848014296
0.0312992095664275
0.0312799730755504
0.0312584254108527
0.0312345106995880
0.0312081669854529
0.0311793260872507
0.0311479134452004
0.0311138479552130
0.0310770417915854
0.0310374002187245
0.0309948213927204
0.0309491961538447
0.0309004078113796
0.0308483319226077
0.0307928360682884
0.0307337796276290
0.0306710135565474
0.0306043801740826
0.0305337129630846
0.0304588363929644
0.0303795657743665
0.0302957071582523
0.0302070572952786
0.0301134036756714
0.0300145246754298
0.0299101898419725
0.0298001603619763
0.0296841897668545
0.0295620249484233
0.0294334075804730
0.0292980760738776
0.0291557682375644
0.0290062248814208
0.0288491946903312
0.0286844408382886
0.0285117500287099
0.0283309449995829
0.0281419021379677
0.0279445769734551
0.0277390426489524
0.0275255521357381
0.0273046528441604
0.0272446305779967
0.0274650485202500
0.0276780516388816
0.0278830917517873
0.0280799166636885
0.0282684548096497
0.0284487526422901
0.0286209359237760
0.0287851840838130
0.0289417125107314
0.0290907599870957
0.0292325796139132
0.0293674321775007
0.0294955812679763
0.0296172896769882
0.0297328167430056
0.0298424164062742
0.0299463357997644
0.0300448142474562
0.0301380825734927
0.0302263626490969
0.0303098671213958
0.0303887992811235
0.0304633530358918
0.0305337129630846
0.0306000544221024
0.0306625437100560
0.0307213382484274
0.0307765867908602
0.0308284296443569
0.0308769988977834
0.0309224186529126
0.0309648052542429
0.0310042675146720
0.0310409069347415
0.0310748179136926
0.0311060879509771
0.0311347978372010
0.0311610218337289
0.0311848278403764
0.0312062775507860
0.0312254265951924
0.0312423246703870
0.0312570156567517
0.0312695377222970
0.0312799234136647
0.0312881997340891
0.0312943882083221
0.0312985049345424
0.0313005606232636
0.0313005606232637
0.0312985049345424
0.0312943882083221
0.0312881997340891
0.0312799234136647
0.0312695377222970
0.0312570156567517
0.0312423246703870
0.0312254265951924
0.0312062775507860
0.0311848278403765
0.0311610218337290
0.0311347978372011
0.0311060879509771
0.0310748179136926
0.0310409069347415
0.0310042675146720
0.0309648052542428
0.0309224186529126
0.0308769988977835
0.0308284296443569
0.0307765867908602
0.0307213382484274
0.0306625437100559
0.0306000544221025
0.0305337129630846
0.0304633530358917
0.0303887992811235
0.0303098671213958
0.0302263626490969
0.0301380825734927
0.0300448142474562
0.0299463357997644
0.0298424164062742
0.0297328167430056
0.0296172896769882
0.0294955812679761
0.0293674321775007
0.0292325796139132
0.0290907599870957
0.0289417125107314
0.0287851840838131
0.0286209359237760
0.0284487526422901
0.0282684548096497
0.0280799166636885
0.0278830917517873
0.0276780516388816
0.0274650485202500
0.0272446305779967
0.0271812092644310
0.0274010964238559
0.0276135633413787
0.0278180611200683
0.0280143384806551
0.0282023256091214
0.0283820711193235
0.0285537030920226
0.0287174032750608
0.0288733892749319
0.0290219019308612
0.0291631962032005
0.0292975345222794
0.0294251819013129
0.0295464023371874
0.0296614561647219
0.0297705981244864
0.0298740759690132
0.0299721294776294
0.0300649897826268
0.0301528789330778
0.0302360096400081
0.0303145851596276
0.0303887992811234
0.0304588363929644
0.0305248716074089
0.0305870709273115
0.0306455914427794
0.0307005815478916
0.0307521811698255
0.0308005220043648
0.0308457277530969
0.0308879143586143
0.0309271902348752
0.0309636564905137
0.0309974071434002
0.0310285293251755
0.0310571034747742
0.0310832035202310
0.0311068970482472
0.0311282454611452
0.0311473041209631
0.0311641224805287
0.0311787442014185
0.0311912072587548
0.0312015440328262
0.0312097813875482
0.0312159407357807
0.0312200380915353
0.0312220841090983
0.0312220841090982
0.0312200380915353
0.0312159407357807
0.0312097813875482
0.0312015440328262
0.0311912072587548
0.0311787442014185
0.0311641224805287
0.0311473041209631
0.0311282454611452
0.0311068970482472
0.0310832035202310
0.0310571034747742
0.0310285293251754
0.0309974071434002
0.0309636564905137
0.0309271902348752
0.0308879143586142
0.0308457277530969
0.0308005220043649
0.0307521811698255
0.0307005815478916
0.0306455914427794
0.0305870709273115
0.0305248716074089
0.0304588363929644
0.0303887992811235
0.0303145851596277
0.0302360096400081
0.0301528789330779
0.0300649897826268
0.0299721294776294
0.0298740759690132
0.0297705981244864
0.0296614561647219
0.0295464023371874
0.0294251819013129
0.0292975345222794
0.0291631962032005
0.0290219019308612
0.0288733892749318
0.0287174032750608
0.0285537030920226
0.0283820711193235
0.0282023256091214
0.0280143384806551
0.0278180611200683
0.0276135633413787
0.0274010964238559
0.0271812092644310
0.0271142564389351
0.0273335585011707
0.0275454357106601
0.0277493385370997
0.0279450167821573
0.0281324025777925
0.0283115468957288
0.0284825803169985
0.0286456870648044
0.0288010870916536
0.0289490233900933
0.0290897528455991
0.0292235395691591
0.0293506500072433
0.0294713493488180
0.0295858988919640
0.0296945541279548
0.0297975633659750
0.0298951667675099
0.0299875956922409
0.0300750722811314
0.0301578092200004
0.0302360096400081
0.0303098671213958
0.0303795657743666
0.0304452803767714
0.0305071765527469
0.0305654109798960
0.0306201316153248
0.0306714779329580
0.0307195811662090
0.0307645645514116
0.0308065435684140
0.0308456261755929
0.0308819130371513
0.0309154977410884
0.0309464670066283
0.0309749008801974
0.0310008729192954
0.0310244503637912
0.0310456942943210
0.0310646597775809
0.0310813959983844
0.0310959463784299
0.0311083486817497
0.0311186351068594
0.0311268323656321
0.0311329617489395
0.0311370391791030
0.0311390752491888
0.0311390752491888
0.0311370391791031
0.0311329617489395
0.0311268323656321
0.0311186351068594
0.0311083486817497
0.0310959463784299
0.0310813959983844
0.0310646597775809
0.0310456942943210
0.0310244503637912
0.0310008729192954
0.0309749008801975
0.0309464670066283
0.0309154977410884
0.0308819130371513
0.0308456261755929
0.0308065435684140
0.0307645645514115
0.0307195811662090
0.0306714779329579
0.0306201316153248
0.0305654109798960
0.0305071765527469
0.0304452803767714
0.0303795657743666
0.0303098671213958
0.0302360096400081
0.0301578092200004
0.0300750722811314
0.0299875956922409
0.0298951667675099
0.0297975633659750
0.0296945541279548
0.0295858988919640
0.0294713493488180
0.0293506500072432
0.0292235395691592
0.0290897528455991
0.0289490233900933
0.0288010870916535
0.0286456870648044
0.0284825803169985
0.0283115468957288
0.0281324025777925
0.0279450167821573
0.0277493385370997
0.0275454357106601
0.0273335585011707
0.0271142564389351
0.0270436334209086
0.0272622906802364
0.0274735194939319
0.0276767698100088
0.0278717927056293
0.0280585224792417
0.0282370126765737
0.0284073965733551
0.0285698610312783
0.0287246284761615
0.0288719441442182
0.0290120669006631
0.0291452625587393
0.0292717989903902
0.0293919425435827
0.0295059554254923
0.0296140938069306
0.0297166064693925
0.0298137338624551
0.0299057074724357
0.0299927494273598
0.0300750722811314
0.0301528789330779
0.0302263626490969
0.0302957071582523
0.0303610868045223
0.0304226667379069
0.0304806031325957
0.0305350434226186
0.0305861265475209
0.0306339832022699
0.0306787360869049
0.0307205001524621
0.0307593828405222
0.0307954843143542
0.0308288976801242
0.0308597091970406
0.0308879984755978
0.0309138386633264
0.0309372966176343
0.0309584330654763
0.0309773027496710
0.0309939545617959
0.0310084316616153
0.0310207715830573
0.0310310063267770
0.0310391624393491
0.0310452610791506
0.0310493180689892
0.0310513439355240
0.0310513439355240
0.0310493180689892
0.0310452610791506
0.0310391624393492
0.0310310063267770
0.0310207715830573
0.0310084316616153
0.0309939545617959
0.0309773027496710
0.0309584330654763
0.0309372966176343
0.0309138386633265
0.0308879984755978
0.0308597091970406
0.0308288976801242
0.0307954843143542
0.0307593828405223
0.0307205001524621
0.0306787360869049
0.0306339832022699
0.0305861265475209
0.0305350434226186
0.0304806031325957
0.0304226667379068
0.0303610868045223
0.0302957071582523
0.0302263626490969
0.0301528789330779
0.0300750722811314
0.0299927494273598
0.0299057074724357
0.0298137338624551
0.0297166064693925
0.0296140938069306
0.0295059554254923
0.0293919425435827
0.0292717989903902
0.0291452625587393
0.0290120669006631
0.0288719441442182
0.0287246284761615
0.0285698610312783
0.0284073965733550
0.0282370126765737
0.0280585224792417
0.0278717927056293
0.0276767698100088
0.0274735194939319
0.0272622906802364
0.0270436334209086
0.0269691953199118
0.0271871421085152
0.0273976581227438
0.0276001929379767
0.0277944991367291
0.0279805134337862
0.0281582921864707
0.0283279715724974
0.0284897412595514
0.0286438262706143
0.0287904741657142
0.0289299458286783
0.0290625087766285
0.0291884322762255
0.0293079837765237
0.0294214263138997
0.0295290166417271
0.0296310039042023
0.0297276287206789
0.0298191225804515
0.0299057074724356
0.0299875956922408
0.0300649897826268
0.0301380825734927
0.0302070572952785
0.0302720877455636
0.0303333384931912
0.0303909651077636
0.0304451144050914
0.0304959247012851
0.0305435260698546
0.0305880405974643
0.0306295826350210
0.0306682590415523
0.0307041694189619
0.0307374063362400
0.0307680555420779
0.0307961961651281
0.0308219009013957
0.0308452361883974
0.0308662623658782
0.0308850338229603
0.0309015991316793
0.0309160011669130
0.0309282772127318
0.0309384590552425
0.0309465730619896
0.0309526402479817
0.0309566763284242
0.0309586917582082
0.0309586917582082
0.0309566763284242
0.0309526402479817
0.0309465730619896
0.0309384590552425
0.0309282772127318
0.0309160011669130
0.0309015991316793
0.0308850338229603
0.0308662623658781
0.0308452361883974
0.0308219009013957
0.0307961961651281
0.0307680555420779
0.0307374063362400
0.0307041694189619
0.0306682590415523
0.0306295826350210
0.0305880405974643
0.0305435260698546
0.0304959247012851
0.0304451144050914
0.0303909651077636
0.0303333384931912
0.0302720877455636
0.0302070572952786
0.0301380825734926
0.0300649897826268
0.0299875956922409
0.0299057074724356
0.0298191225804515
0.0297276287206789
0.0296310039042023
0.0295290166417271
0.0294214263138997
0.0293079837765238
0.0291884322762255
0.0290625087766285
0.0289299458286783
0.0287904741657141
0.0286438262706143
0.0284897412595515
0.0283279715724974
0.0281582921864707
0.0279805134337862
0.0277944991367291
0.0276001929379767
0.0273976581227439
0.0271871421085152
0.0269691953199118
0.0268907910955880
0.0271079551438486
0.0273176876418641
0.0275194379876817
0.0277129605412109
0.0278981947172140
0.0280751999455794
0.0282441155257067
0.0284051341006596
0.0285584834069017
0.0287044133929642
0.0288431869784823
0.0289750733598593
0.0291003431385357
0.0292192647759651
0.0293321020266218
0.0294391120987114
0.0295405443599154
0.0296366394530538
0.0297276287206789
0.0298137338624551
0.0298951667675099
0.0299721294776294
0.0300448142474562
0.0301134036756714
0.0301780708870951
0.0302389797502230
0.0302962851182447
0.0303501330843186
0.0304006612439941
0.0304479989593239
0.0304922676204908
0.0305335809017669
0.0305720450094162
0.0306077589197435
0.0306408146059752
0.0306712972530217
0.0306992854594466
0.0307248514261984
0.0307480611318057
0.0307689744938856
0.0307876455168790
0.0308041224260134
0.0308184477875310
0.0308306586152431
0.0308407864635028
0.0308488575066788
0.0308548926052280
0.0308589073584380
0.0308609121439237
0.0308609121439236
0.0308589073584380
0.0308548926052280
0.0308488575066788
0.0308407864635028
0.0308306586152432
0.0308184477875311
0.0308041224260134
0.0307876455168790
0.0307689744938856
0.0307480611318057
0.0307248514261985
0.0306992854594467
0.0306712972530217
0.0306408146059752
0.0306077589197435
0.0305720450094162
0.0305335809017669
0.0304922676204908
0.0304479989593239
0.0304006612439940
0.0303501330843186
0.0302962851182447
0.0302389797502230
0.0301780708870951
0.0301134036756714
0.0300448142474562
0.0299721294776294
0.0298951667675099
0.0298137338624551
0.0297276287206789
0.0296366394530538
0.0295405443599154
0.0294391120987113
0.0293321020266218
0.0292192647759651
0.0291003431385356
0.0289750733598593
0.0288431869784822
0.0287044133929642
0.0285584834069017
0.0284051341006596
0.0282441155257067
0.0280751999455794
0.0278981947172140
0.0277129605412109
0.0275194379876817
0.0273176876418641
0.0271079551438486
0.0268907910955880
0.0268082636880557
0.0270245654057139
0.0272334366898784
0.0274343270140184
0.0276269928380351
0.0278113765991559
0.0279875410859093
0.0281556289501762
0.0283158359778048
0.0284683927217449
0.0286135515612294
0.0287515774395079
0.0288827411735867
0.0290073146029357
0.0291255670748351
0.0292377629131033
0.0293441596166482
0.0294450066029505
0.0295405443599154
0.0296310039042023
0.0297166064693925
0.0297975633659750
0.0298740759690132
0.0299463357997643
0.0300145246754298
0.0300788149072166
0.0301393695314797
0.0301963425622518
0.0302498792561897
0.0303001163830604
0.0303471824965303
0.0303911982012702
0.0304322764133764
0.0304705226118674
0.0305060350795996
0.0305389051324024
0.0305692173355841
0.0305970497072297
0.0306224739079120
0.0306455554165954
0.0306663536926209
0.0306849223237560
0.0307013091603274
0.0307155564355249
0.0307277008719618
0.0307377737746027
0.0307458011101687
0.0307518035731255
0.0307557966383525
0.0307577906005648
0.0307577906005648
0.0307557966383525
0.0307518035731255
0.0307458011101687
0.0307377737746027
0.0307277008719618
0.0307155564355249
0.0307013091603275
0.0306849223237560
0.0306663536926209
0.0306455554165954
0.0306224739079120
0.0305970497072297
0.0305692173355841
0.0305389051324024
0.0305060350795996
0.0304705226118675
0.0304322764133764
0.0303911982012702
0.0303471824965303
0.0303001163830604
0.0302498792561896
0.0301963425622518
0.0301393695314797
0.0300788149072166
0.0300145246754298
0.0299463357997643
0.0298740759690132
0.0297975633659750
0.0297166064693925
0.0296310039042023
0.0295405443599154
0.0294450066029504
0.0293441596166482
0.0292377629131033
0.0291255670748351
0.0290073146029357
0.0288827411735867
0.0287515774395079
0.0286135515612294
0.0284683927217449
0.0283158359778048
0.0281556289501762
0.0279875410859093
0.0278113765991559
0.0276269928380351
0.0274343270140184
0.0272334366898784
0.0270245654057139
0.0268082636880557
0.0267214502403725
0.0269368019066141
0.0271447265500989
0.0273446740440857
0.0275364033317941
0.0277198602399201
0.0278951112280590
0.0280623025397636
0.0282216332632689
0.0283733368496437
0.0285176681191298
0.0286548939870763
0.0287852867884810
0.0289091194579767
0.0290266620557575
0.0291381792811519
0.0292439287168511
0.0293441596166482
0.0294391120987114
0.0295290166417271
0.0296140938069306
0.0296945541279549
0.0297705981244864
0.0298424164062742
0.0299101898419725
0.0299740897733438
0.0300342782599327
0.0300909083428556
0.0301441243190254
0.0301940620192302
0.0302408490850679
0.0302846052409756
0.0303254425585472
0.0303634657110685
0.0303987722167567
0.0304314526696340
0.0304615909572893
0.0304892644650463
0.0305145442662358
0.0305374952984128
0.0305581765254737
0.0305766410856909
0.0305929364257382
0.0306071044208141
0.0306191814809822
0.0306291986438667
0.0306371816538233
0.0306431510277149
0.0306471221073900
0.0306491050989641
0.0306491050989641
0.0306471221073900
0.0306431510277150
0.0306371816538233
0.0306291986438668
0.0306191814809823
0.0306071044208141
0.0305929364257381
0.0305766410856909
0.0305581765254737
0.0305374952984128
0.0305145442662358
0.0304892644650463
0.0304615909572892
0.0304314526696340
0.0303987722167567
0.0303634657110685
0.0303254425585472
0.0302846052409756
0.0302408490850679
0.0301940620192302
0.0301441243190254
0.0300909083428556
0.0300342782599327
0.0299740897733438
0.0299101898419725
0.0298424164062742
0.0297705981244864
0.0296945541279548
0.0296140938069306
0.0295290166417271
0.0294391120987114
0.0293441596166482
0.0292439287168510
0.0291381792811519
0.0290266620557575
0.0289091194579767
0.0287852867884810
0.0286548939870763
0.0285176681191298
0.0283733368496437
0.0282216332632689
0.0280623025397636
0.0278951112280590
0.0277198602399201
0.0275364033317941
0.0273446740440856
0.0271447265500989
0.0269368019066141
0.0267214502403725
0.0266301824410553
0.0268444872895159
0.0270513712962792
0.0272502851483918
0.0274409907288331
0.0276234376714888
0.0277976964460397
0.0279639171305080
0.0281223022586640
0.0282730882287741
0.0284165322680355
0.0285529031603017
0.0286824745997687
0.0288055204160260
0.0289223111530089
0.0290331116381466
0.0291381792811518
0.0292377629131033
0.0293321020266219
0.0294214263138997
0.0295059554254924
0.0295858988919640
0.0296614561647219
0.0297328167430056
0.0298001603619763
0.0298636572228862
0.0299234682508828
0.0299797453694893
0.0300326317834525
0.0300822622636918
0.0301287634296324
0.0301722540254181
0.0302128451873989
0.0302506407010008
0.0302857372456295
0.0303182246266576
0.0303481859938661
0.0303756980459507
0.0304008312208636
0.0304236498719025
0.0304442124295588
0.0304625715491788
0.0304787742445594
0.0304928620076077
0.0305048709142219
0.0305148317165351
0.0305227699216820
0.0305287058572062
0.0305326547232433
0.0305346266315640
0.0305346266315640
0.0305326547232433
0.0305287058572061
0.0305227699216819
0.0305148317165351
0.0305048709142219
0.0304928620076077
0.0304787742445594
0.0304625715491788
0.0304442124295588
0.0304236498719024
0.0304008312208636
0.0303756980459508
0.0303481859938661
0.0303182246266576
0.0302857372456295
0.0302506407010008
0.0302128451873989
0.0301722540254181
0.0301287634296324
0.0300822622636918
0.0300326317834525
0.0299797453694893
0.0299234682508827
0.0298636572228862
0.0298001603619763
0.0297328167430056
0.0296614561647219
0.0295858988919640
0.0295059554254923
0.0294214263138997
0.0293321020266219
0.0292377629131033
0.0291381792811518
0.0290331116381466
0.0289223111530089
0.0288055204160260
0.0286824745997686
0.0285529031603017
0.0284165322680355
0.0282730882287741
0.0281223022586640
0.0279639171305080
0.0277976964460397
0.0276234376714888
0.0274409907288331
0.0272502851483918
0.0270513712962792
0.0268444872895159
0.0266301824410552
0.0265342870230904
0.0267474382052934
0.0269531780655602
0.0271509586314392
0.0273405452702693
0.0275218918979922
0.0276950733584776
0.0278602438025856
0.0280176093236427
0.0281674092682240
0.0283099031755759
0.0284453615261449
0.0285740591432645
0.0286962704805377
0.0288122662687645
0.0289223111530089
0.0290266620557575
0.0291255670748351
0.0292192647759651
0.0293079837765237
0.0293919425435827
0.0294713493488180
0.0295464023371874
0.0296172896769882
0.0296841897668545
0.0297472714812748
0.0298066944407144
0.0298626092958643
0.0299151580181287
0.0299644741904446
0.0300106832940399
0.0300539029878697
0.0300942433783713
0.0301318072778205
0.0301666904501060
0.0301989818431012
0.0302287638071150
0.0302561122991217
0.0302810970726217
0.0303037818531048
0.0303242244991775
0.0303424771494564
0.0303585863553773
0.0303725932000877
0.0303845334035940
0.0303944374143308
0.0304023304873198
0.0304082327490643
0.0304121592492982
0.0304141199997111
0.0304141199997110
0.0304121592492983
0.0304082327490643
0.0304023304873198
0.0303944374143308
0.0303845334035940
0.0303725932000877
0.0303585863553773
0.0303424771494564
0.0303242244991776
0.0303037818531048
0.0302810970726217
0.0302561122991217
0.0302287638071150
0.0301989818431012
0.0301666904501060
0.0301318072778205
0.0300942433783713
0.0300539029878697
0.0300106832940399
0.0299644741904446
0.0299151580181287
0.0298626092958643
0.0298066944407144
0.0297472714812748
0.0296841897668545
0.0296172896769882
0.0295464023371874
0.0294713493488180
0.0293919425435827
0.0293079837765237
0.0292192647759651
0.0291255670748351
0.0290266620557575
0.0289223111530089
0.0288122662687645
0.0286962704805377
0.0285740591432645
0.0284453615261449
0.0283099031755758
0.0281674092682240
0.0280176093236427
0.0278602438025856
0.0276950733584776
0.0275218918979922
0.0273405452702694
0.0271509586314392
0.0269531780655602
0.0267474382052934
0.0265342870230903
0.0264335864672761
0.0266454658750882
0.0268499475019922
0.0270464853852345
0.0272348490274257
0.0274149971646841
0.0275870093996193
0.0277510441769201
0.0279073112159509
0.0280560527435921
0.0281975304337512
0.0283320162027550
0.0284597856834060
0.0285811135959528
0.0286962704805377
0.0288055204160260
0.0289091194579767
0.0290073146029357
0.0291003431385356
0.0291884322762255
0.0292717989903902
0.0293506500072432
0.0294251819013130
0.0294955812679762
0.0295620249484233
0.0296246802893519
0.0296837054241155
0.0297392495654008
0.0297914533020132
0.0298404488942686
0.0298863605639227
0.0299293047756680
0.0299693905080590
0.0300067195123547
0.0300413865582350
0.0300734796657174
0.0301030803228545
0.0301302636890026
0.0301550987835790
0.0301776486603490
0.0301979705673395
0.0302161160925269
0.0302321312954813
0.0302460568251541
0.0302579280240021
0.0302677750186359
0.0302756227971701
0.0302814912734246
0.0302853953381190
0.0302873448971687
0.0302873448971687
0.0302853953381190
0.0302814912734246
0.0302756227971701
0.0302677750186359
0.0302579280240021
0.0302460568251541
0.0302321312954813
0.0302161160925269
0.0301979705673395
0.0301776486603490
0.0301550987835790
0.0301302636890026
0.0301030803228545
0.0300734796657174
0.0300413865582350
0.0300067195123547
0.0299693905080590
0.0299293047756680
0.0298863605639227
0.0298404488942686
0.0297914533020132
0.0297392495654008
0.0296837054241155
0.0296246802893518
0.0295620249484233
0.0294955812679762
0.0294251819013130
0.0293506500072432
0.0292717989903901
0.0291884322762255
0.0291003431385356
0.0290073146029357
0.0289091194579767
0.0288055204160260
0.0286962704805377
0.0285811135959527
0.0284597856834060
0.0283320162027550
0.0281975304337512
0.0280560527435921
0.0279073112159509
0.0277510441769201
0.0275870093996193
0.0274149971646840
0.0272348490274257
0.0270464853852345
0.0268499475019922
0.0266454658750882
0.0264335864672761
0.0263278999731938
0.0265383768974428
0.0267414744290566
0.0269366494652923
0.0271236764228988
0.0273025194641365
0.0274732633454199
0.0276360709884490
0.0277911557310146
0.0279387625143786
0.0280791548591366
0.0282126057424814
0.0283393911755261
0.0284597856834060
0.0285740591432645
0.0286824745997687
0.0287852867884811
0.0288827411735867
0.0289750733598593
0.0290625087766285
0.0291452625587393
0.0292235395691591
0.0292975345222794
0.0293674321775007
0.0294334075804731
0.0294956263351548
0.0295542448941456
0.0296094108579816
0.0296612632764887
0.0297099329471082
0.0297555427064813
0.0297982077126029
0.0298380357156370
0.0298751273160782
0.0299095762093573
0.0299414694163553
0.0299708874994938
0.0299979047642778
0.0300225894462743
0.0300450038836179
0.0300652046751763
0.0300832428245667
0.0300991638702206
0.0301130080017081
0.0301248101625370
0.0301346001396131
0.0301424026395652
0.0301482373520770
0.0301521190003815
0.0301540573790330
0.0301540573790330
0.0301521190003815
0.0301482373520770
0.0301424026395653
0.0301346001396131
0.0301248101625370
0.0301130080017081
0.0300991638702206
0.0300832428245667
0.0300652046751763
0.0300450038836179
0.0300225894462743
0.0299979047642778
0.0299708874994938
0.0299414694163553
0.0299095762093574
0.0298751273160782
0.0298380357156370
0.0297982077126029
0.0297555427064813
0.0297099329471082
0.0296612632764887
0.0296094108579816
0.0295542448941456
0.0294956263351548
0.0294334075804730
0.0293674321775007
0.0292975345222794
0.0292235395691592
0.0291452625587393
0.0290625087766285
0.0289750733598593
0.0288827411735867
0.0287852867884811
0.0286824745997687
0.0285740591432645
0.0284597856834060
0.0283393911755261
0.0282126057424814
0.0280791548591366
0.0279387625143786
0.0277911557310146
0.0276360709884490
0.0274732633454199
0.0273025194641366
0.0271236764228988
0.0269366494652923
0.0267414744290566
0.0265383768974428
0.0263278999731938
0.0262170447824367
0.0264259743808522
0.0266275488308936
0.0268212289717115
0.0270067950661955
0.0271842173773205
0.0273535862020556
0.0275150690527415
0.0276688827658689
0.0278152746943742
0.0279545097709523
0.0280868615132157
0.0282126057424815
0.0283320162027550
0.0284453615261449
0.0285529031603017
0.0286548939870763
0.0287515774395078
0.0288431869784823
0.0289299458286783
0.0290120669006631
0.0290897528455991
0.0291631962032005
0.0292325796139132
0.0292980760738777
0.0293598492168028
0.0294180536110365
0.0294728350631583
0.0295243309217524
0.0295726703766857
0.0296179747505471
0.0296603577798227
0.0296999258841355
0.0297367784223989
0.0297710079351390
0.0298027003725464
0.0298319353080275
0.0298587861371903
0.0298833202623097
0.0299055992624005
0.0299256790490680
0.0299436100083520
0.0299594371287741
0.0299732001158301
0.0299849334931282
0.0299946666904025
0.0300024241185704
0.0300082252320163
0.0300120845782428
0.0300140118350023
0.0300140118350023
0.0300120845782428
0.0300082252320163
0.0300024241185704
0.0299946666904025
0.0299849334931282
0.0299732001158301
0.0299594371287741
0.0299436100083520
0.0299256790490680
0.0299055992624005
0.0298833202623097
0.0298587861371903
0.0298319353080276
0.0298027003725464
0.0297710079351389
0.0297367784223989
0.0296999258841355
0.0296603577798226
0.0296179747505471
0.0295726703766857
0.0295243309217524
0.0294728350631583
0.0294180536110365
0.0293598492168028
0.0292980760738777
0.0292325796139132
0.0291631962032005
0.0290897528455991
0.0290120669006631
0.0289299458286783
0.0288431869784823
0.0287515774395078
0.0286548939870763
0.0285529031603017
0.0284453615261449
0.0283320162027550
0.0282126057424815
0.0280868615132157
0.0279545097709523
0.0278152746943742
0.0276688827658689
0.0275150690527414
0.0273535862020556
0.0271842173773205
0.0270067950661955
0.0268212289717115
0.0266275488308936
0.0264259743808522
0.0262170447824367
0.0261008379685617
0.0263080595116856
0.0265079572524820
0.0266999973516203
0.0268839670311310
0.0270598433904848
0.0272277226120036
0.0273877767939598
0.0275402259857940
0.0276853194608666
0.0278233229375163
0.0279545097709524
0.0280791548591366
0.0281975304337512
0.0283099031755759
0.0284165322680355
0.0285176681191298
0.0286135515612294
0.0287044133929642
0.0287904741657141
0.0288719441442182
0.0289490233900932
0.0290219019308612
0.0290907599870957
0.0291557682375644
0.0292170881075816
0.0292748720697007
0.0293292639487712
0.0293803992255372
0.0294284053345576
0.0294734019534072
0.0295155012810227
0.0295548083037128
0.0295914210478395
0.0296254308185590
0.0296569224242678
0.0296859743865995
0.0297126591359662
0.0297370431927265
0.0297591873341362
0.0297791467472890
0.0297969711682560
0.0298127050076701
0.0298263874629819
0.0298380526176177
0.0298477295272455
0.0298554422933411
0.0298612101242302
0.0298650473837409
0.0298669636275885
0.0298669636275885
0.0298650473837409
0.0298612101242302
0.0298554422933411
0.0298477295272455
0.0298380526176177
0.0298263874629819
0.0298127050076701
0.0297969711682560
0.0297791467472890
0.0297591873341362
0.0297370431927264
0.0297126591359662
0.0296859743865995
0.0296569224242678
0.0296254308185590
0.0295914210478395
0.0295548083037128
0.0295155012810227
0.0294734019534072
0.0294284053345576
0.0293803992255372
0.0293292639487712
0.0292748720697007
0.0292170881075816
0.0291557682375644
0.0290907599870957
0.0290219019308612
0.0289490233900932
0.0288719441442182
0.0287904741657141
0.0287044133929642
0.0286135515612294
0.0285176681191298
0.0284165322680355
0.0283099031755758
0.0281975304337512
0.0280791548591366
0.0279545097709524
0.0278233229375163
0.0276853194608667
0.0275402259857940
0.0273877767939598
0.0272277226120036
0.0270598433904848
0.0268839670311310
0.0266999973516203
0.0265079572524820
0.0263080595116856
0.0261008379685617
0.0259790988507164
0.0261844337096668
0.0263824847739239
0.0265727252899733
0.0267549507605573
0.0269291458949075
0.0270954130054493
0.0272539285792019
0.0274049153513282
0.0275486237683824
0.0276853194608666
0.0278152746943742
0.0279387625143786
0.0280560527435921
0.0281674092682240
0.0282730882287740
0.0283733368496437
0.0284683927217449
0.0285584834069017
0.0286438262706143
0.0287246284761615
0.0288010870916535
0.0288733892749319
0.0289417125107314
0.0290062248814208
0.0290670853576490
0.0291244440988842
0.0291784427565586
0.0292292147745000
0.0292768856828258
0.0293215733825754
0.0293633884191525
0.0294024342432916
0.0294388074586782
0.0294725980557043
0.0295038896310837
0.0295327595932242
0.0295592793533780
0.0295835145026938
0.0296055249753327
0.0296253651978644
0.0296430842251667
0.0296587258630766
0.0296723287780108
0.0296839265937894
0.0296935479758758
0.0297012167032072
0.0297069517277962
0.0297107672222361
0.0297126726152312
0.0297126726152312
0.0297107672222361
0.0297069517277962
0.0297012167032072
0.0296935479758758
0.0296839265937894
0.0296723287780108
0.0296587258630766
0.0296430842251668
0.0296253651978644
0.0296055249753328
0.0295835145026938
0.0295592793533779
0.0295327595932242
0.0295038896310837
0.0294725980557043
0.0294388074586782
0.0294024342432916
0.0293633884191524
0.0293215733825753
0.0292768856828258
0.0292292147745000
0.0291784427565585
0.0291244440988842
0.0290670853576490
0.0290062248814208
0.0289417125107314
0.0288733892749319
0.0288010870916536
0.0287246284761615
0.0286438262706143
0.0285584834069017
0.0284683927217449
0.0283733368496437
0.0282730882287740
0.0281674092682240
0.0280560527435921
0.0279387625143786
0.0278152746943742
0.0276853194608666
0.0275486237683824
0.0274049153513282
0.0272539285792019
0.0270954130054493
0.0269291458949075
0.0267549507605573
0.0265727252899733
0.0263824847739239
0.0261844337096668
0.0259790988507164
0.0258516522498756
0.0260549015853742
0.0262509177819346
0.0264391834343529
0.0266195038756547
0.0267918721803174
0.0269563968374075
0.0271132582219339
0.0272626808827593
0.0274049153513282
0.0275402259857940
0.0276688827658690
0.0277911557310146
0.0279073112159509
0.0280176093236427
0.0281223022586640
0.0282216332632689
0.0283158359778047
0.0284051341006596
0.0284897412595514
0.0285698610312784
0.0286456870648044
0.0287174032750609
0.0287851840838130
0.0288491946903312
0.0289095913593111
0.0289665217168458
0.0290201250477770
0.0290705325895705
0.0291178678192357
0.0291622467307975
0.0292037781016077
0.0292425637463076
0.0292786987576850
0.0293122717339670
0.0293433649923181
0.0293720547684593
0.0293984114024617
0.0294224995108253
0.0294443781450241
0.0294641009367218
0.0294817162298795
0.0294972671999896
0.0295107919606571
0.0295223236577461
0.0295318905512928
0.0295395160853626
0.0295452189460167
0.0295490131075170
0.0295509078668820
0.0295509078668820
0.0295490131075170
0.0295452189460167
0.0295395160853626
0.0295318905512928
0.0295223236577461
0.0295107919606571
0.0294972671999896
0.0294817162298795
0.0294641009367218
0.0294443781450241
0.0294224995108254
0.0293984114024617
0.0293720547684593
0.0293433649923181
0.0293122717339671
0.0292786987576850
0.0292425637463076
0.0292037781016077
0.0291622467307975
0.0291178678192357
0.0290705325895704
0.0290201250477770
0.0289665217168459
0.0289095913593111
0.0288491946903312
0.0287851840838130
0.0287174032750609
0.0286456870648044
0.0285698610312783
0.0284897412595515
0.0284051341006596
0.0283158359778047
0.0282216332632689
0.0281223022586640
0.0280176093236427
0.0279073112159509
0.0277911557310146
0.0276688827658690
0.0275402259857940
0.0274049153513282
0.0272626808827593
0.0271132582219339
0.0269563968374075
0.0267918721803174
0.0266195038756547
0.0264391834343529
0.0262509177819346
0.0260549015853742
0.0258516522498756
0.0257183328994310
0.0259192750090064
0.0261130478683155
0.0262991463262347
0.0264773873160037
0.0266477729000186
0.0268104174295881
0.0269655042005129
0.0271132582219339
0.0272539285792019
0.0273877767939599
0.0275150690527414
0.0276360709884490
0.0277510441769201
0.0278602438025856
0.0279639171305080
0.0280623025397636
0.0281556289501762
0.0282441155257067
0.0283279715724974
0.0284073965733551
0.0284825803169985
0.0285537030920226
0.0286209359237760
0.0286844408382886
0.0287443711416698
0.0288008717065107
0.0288540792591240
0.0289041226631492
0.0289511231962837
0.0289951948178449
0.0290364444255563
0.0290749721004560
0.0291108713392120
0.0291442292734204
0.0291751268756513
0.0292036391521710
0.0292298353223753
0.0292537789850397
0.0292755282715474
0.0292951359862742
0.0293126497343534
0.0293281120370152
0.0293415604347189
0.0293530275782755
0.0293625413081459
0.0293701247220829
0.0293757962312679
0.0293795696050632
0.0293814540044874
0.0293814540044874
0.0293795696050632
0.0293757962312679
0.0293701247220829
0.0293625413081459
0.0293530275782755
0.0293415604347189
0.0293281120370152
0.0293126497343534
0.0292951359862741
0.0292755282715474
0.0292537789850397
0.0292298353223753
0.0292036391521710
0.0291751268756513
0.0291442292734204
0.0291108713392120
0.0290749721004560
0.0290364444255563
0.0289951948178449
0.0289511231962837
0.0289041226631492
0.0288540792591239
0.0288008717065107
0.0287443711416698
0.0286844408382886
0.0286209359237760
0.0285537030920226
0.0284825803169985
0.0284073965733551
0.0283279715724974
0.0282441155257067
0.0281556289501762
0.0280623025397636
0.0279639171305079
0.0278602438025856
0.0277510441769201
0.0276360709884490
0.0275150690527415
0.0273877767939598
0.0272539285792019
0.0271132582219339
0.0269655042005129
0.0268104174295881
0.0266477729000186
0.0264773873160037
0.0262991463262347
0.0261130478683155
0.0259192750090064
0.0257183328994310
0.0255789914657963
0.0257773787496658
0.0259686773607119
0.0261523981253178
0.0263283714884938
0.0264966087640004
0.0266572292267201
0.0268104174295881
0.0269563968374075
0.0270954130054493
0.0272277226120036
0.0273535862020556
0.0274732633454199
0.0275870093996193
0.0276950733584776
0.0277976964460397
0.0278951112280590
0.0279875410859093
0.0280751999455794
0.0281582921864707
0.0282370126765737
0.0283115468957288
0.0283820711193235
0.0284487526422901
0.0285117500287099
0.0285712133762523
0.0286272845875254
0.0286800976425567
0.0287297788681542
0.0287764472010730
0.0288202144427792
0.0288611855042396
0.0288994586396589
0.0289351256684419
0.0289682721849286
0.0289989777556478
0.0290273161039855
0.0290533552822597
0.0290771578312818
0.0290987809275178
0.0291182765180168
0.0291356914432720
0.0291510675481996
0.0291644417814207
0.0291758462830182
0.0291853084609373
0.0291928510561739
0.0291984921968937
0.0292022454415840
0.0292041198113387
0.0292041198113387
0.0292022454415840
0.0291984921968937
0.0291928510561739
0.0291853084609373
0.0291758462830181
0.0291644417814206
0.0291510675481996
0.0291356914432720
0.0291182765180169
0.0290987809275178
0.0290771578312818
0.0290533552822597
0.0290273161039855
0.0289989777556478
0.0289682721849286
0.0289351256684419
0.0288994586396588
0.0288611855042396
0.0288202144427791
0.0287764472010730
0.0287297788681542
0.0286800976425567
0.0286272845875254
0.0285712133762523
0.0285117500287099
0.0284487526422901
0.0283820711193235
0.0283115468957288
0.0282370126765737
0.0281582921864707
0.0280751999455794
0.0279875410859093
0.0278951112280590
0.0277976964460397
0.0276950733584777
0.0275870093996193
0.0274732633454199
0.0273535862020555
0.0272277226120036
0.0270954130054493
0.0269563968374075
0.0268104174295881
0.0266572292267201
0.0264966087640004
0.0263283714884938
0.0261523981253178
0.0259686773607118
0.0257773787496658
0.0255789914657963
0.0254335028680137
0.0256290583944980
0.0258176272979251
0.0259987410961107
0.0261722455484620
0.0263381606957725
0.0264966087640004
0.0266477729000186
0.0267918721803174
0.0269291458949075
0.0270598433904848
0.0271842173773205
0.0273025194641365
0.0274149971646841
0.0275218918979922
0.0276234376714888
0.0277198602399201
0.0278113765991559
0.0278981947172140
0.0279805134337862
0.0280585224792417
0.0281324025777925
0.0282023256091215
0.0282684548096497
0.0283309449995830
0.0283899428254903
0.0284455870108279
0.0284980086087880
0.0285473312533177
0.0285936714052540
0.0286371385913513
0.0286778356345760
0.0287158588745509
0.0287512983773419
0.0287842381340832
0.0288147562481074
0.0288429251104147
0.0288688115634104
0.0288924770529311
0.0289139777686216
0.0289333647727746
0.0289506841177591
0.0289659769521805
0.0289792796159237
0.0289906237242148
0.0290000362408465
0.0290075395406922
0.0290131514616208
0.0290168853459026
0.0290187500712028
0.0290187500712028
0.0290168853459026
0.0290131514616208
0.0290075395406922
0.0290000362408465
0.0289906237242148
0.0289792796159237
0.0289659769521805
0.0289506841177591
0.0289333647727746
0.0289139777686216
0.0288924770529311
0.0288688115634104
0.0288429251104147
0.0288147562481074
0.0287842381340832
0.0287512983773419
0.0287158588745509
0.0286778356345760
0.0286371385913513
0.0285936714052540
0.0285473312533177
0.0284980086087880
0.0284455870108279
0.0283899428254903
0.0283309449995830
0.0282684548096497
0.0282023256091214
0.0281324025777925
0.0280585224792417
0.0279805134337862
0.0278981947172140
0.0278113765991559
0.0277198602399201
0.0276234376714888
0.0275218918979922
0.0274149971646840
0.0273025194641366
0.0271842173773205
0.0270598433904848
0.0269291458949075
0.0267918721803174
0.0266477729000186
0.0264966087640004
0.0263381606957725
0.0261722455484620
0.0259987410961107
0.0258176272979251
0.0256290583944980
0.0254335028680137
0.0252817779861001
0.0254741917049266
0.0256597492433475
0.0258380085571519
0.0260088317651073
0.0261722455484620
0.0263283714884938
0.0264773873160036
0.0266195038756546
0.0267549507605573
0.0268839670311310
0.0270067950661955
0.0271236764228988
0.0272348490274257
0.0273405452702693
0.0274409907288331
0.0275364033317940
0.0276269928380351
0.0277129605412109
0.0277944991367291
0.0278717927056293
0.0279450167821573
0.0280143384806551
0.0280799166636885
0.0281419021379676
0.0282004378679716
0.0282556591997585
0.0283076940892731
0.0283566633309236
0.0284026807832366
0.0284458535892375
0.0284862823898054
0.0285240615287352
0.0285592792485854
0.0285920178766807
0.0286223540008323
0.0286503586345043
0.0286760973712721
0.0286996305285021
0.0287210132802457
0.0287402957793996
0.0287575232691882
0.0287727361840728
0.0287859702401775
0.0287972565153529
0.0288066215189607
0.0288140872514960
0.0288196712541239
0.0288233866482123
0.0288252421649261
0.0288252421649260
0.0288233866482123
0.0288196712541239
0.0288140872514960
0.0288066215189607
0.0287972565153529
0.0287859702401775
0.0287727361840727
0.0287575232691882
0.0287402957793995
0.0287210132802457
0.0286996305285021
0.0286760973712721
0.0286503586345043
0.0286223540008323
0.0285920178766807
0.0285592792485854
0.0285240615287351
0.0284862823898054
0.0284458535892375
0.0284026807832366
0.0283566633309236
0.0283076940892731
0.0282556591997585
0.0282004378679716
0.0281419021379676
0.0280799166636885
0.0280143384806551
0.0279450167821573
0.0278717927056293
0.0277944991367291
0.0277129605412109
0.0276269928380351
0.0275364033317941
0.0274409907288331
0.0273405452702693
0.0272348490274257
0.0271236764228988
0.0270067950661955
0.0268839670311310
0.0267549507605573
0.0266195038756546
0.0264773873160036
0.0263283714884938
0.0261722455484620
0.0260088317651074
0.0258380085571519
0.0256597492433475
0.0254741917049266
0.0252817779861001
0.0251237805924094
0.0253127054541186
0.0254949435502125
0.0256700855051780
0.0258380085571519
0.0259987410961107
0.0261523981253179
0.0262991463262347
0.0264391834343529
0.0265727252899733
0.0266999973516203
0.0268212289717115
0.0269366494652924
0.0270464853852346
0.0271509586314392
0.0272502851483918
0.0273446740440856
0.0274343270140184
0.0275194379876818
0.0276001929379767
0.0276767698100088
0.0277493385370996
0.0278180611200683
0.0278830917517873
0.0279445769734551
0.0280026558523089
0.0280574601729598
0.0281091146364076
0.0281577370622061
0.0282034385903281
0.0282463238801238
0.0282864913043926
0.0283240331370821
0.0283590357335197
0.0283915797023681
0.0284217400687161
0.0284495864279076
0.0284751830898256
0.0284985892134683
0.0285198589317090
0.0285390414662142
0.0285561812325052
0.0285713179352041
0.0285844866535086
0.0285957179169479
0.0286050377714959
0.0286124678360927
0.0286180253496481
0.0286217232085692
0.0286235699948655
0.0286235699948655
0.0286217232085692
0.0286180253496481
0.0286124678360926
0.0286050377714959
0.0285957179169479
0.0285844866535085
0.0285713179352042
0.0285561812325052
0.0285390414662142
0.0285198589317090
0.0284985892134683
0.0284751830898256
0.0284495864279076
0.0284217400687161
0.0283915797023681
0.0283590357335197
0.0283240331370821
0.0282864913043926
0.0282463238801238
0.0282034385903281
0.0281577370622061
0.0281091146364076
0.0280574601729598
0.0280026558523089
0.0279445769734551
0.0278830917517873
0.0278180611200683
0.0277493385370996
0.0276767698100088
0.0276001929379767
0.0275194379876818
0.0274343270140184
0.0273446740440856
0.0272502851483918
0.0271509586314392
0.0270464853852345
0.0269366494652923
0.0268212289717115
0.0266999973516203
0.0265727252899733
0.0264391834343529
0.0262991463262348
0.0261523981253178
0.0259987410961106
0.0258380085571519
0.0256700855051781
0.0254949435502125
0.0253127054541186
0.0251237805924094
0.0249595528837949
0.0251446018272125
0.0253231896116769
0.0254949435502125
0.0256597492433475
0.0258176272979251
0.0259686773607118
0.0261130478683155
0.0262509177819345
0.0263824847739239
0.0265079572524821
0.0266275488308936
0.0267414744290566
0.0268499475019922
0.0269531780655602
0.0270513712962792
0.0271447265500989
0.0272334366898784
0.0273176876418641
0.0273976581227438
0.0274735194939319
0.0275454357106601
0.0276135633413787
0.0276780516388816
0.0277390426489523
0.0277966713456349
0.0278510657847524
0.0279023472692071
0.0279506305210713
0.0279960238566018
0.0280386293612149
0.0280785430621159
0.0281158550968160
0.0281506498762086
0.0281830062411583
0.0282129976118512
0.0282406921293284
0.0282661527887838
0.0282894375643310
0.0283105995250399
0.0283296869420895
0.0283467433869782
0.0283618078207298
0.0283749146740931
0.0283860939187346
0.0283953711294434
0.0284027675373797
0.0284083000743847
0.0284119814083929
0.0284138199699653
0.0284138199699653
0.0284119814083929
0.0284083000743847
0.0284027675373798
0.0283953711294434
0.0283860939187346
0.0283749146740931
0.0283618078207298
0.0283467433869782
0.0283296869420895
0.0283105995250399
0.0282894375643310
0.0282661527887838
0.0282406921293284
0.0282129976118512
0.0281830062411583
0.0281506498762086
0.0281158550968160
0.0280785430621159
0.0280386293612149
0.0279960238566018
0.0279506305210713
0.0279023472692071
0.0278510657847524
0.0277966713456349
0.0277390426489523
0.0276780516388816
0.0276135633413787
0.0275454357106601
0.0274735194939319
0.0273976581227438
0.0273176876418641
0.0272334366898784
0.0271447265500989
0.0270513712962792
0.0269531780655602
0.0268499475019922
0.0267414744290566
0.0266275488308936
0.0265079572524821
0.0263824847739239
0.0262509177819345
0.0261130478683155
0.0259686773607118
0.0258176272979251
0.0256597492433475
0.0254949435502125
0.0253231896116769
0.0251446018272125
0.0249595528837948
0.0247892567582364
0.0249700043341066
0.0251446018272125
0.0253127054541186
0.0254741917049266
0.0256290583944981
0.0257773787496658
0.0259192750090064
0.0260549015853743
0.0261844337096668
0.0263080595116856
0.0264259743808522
0.0265383768974428
0.0266454658750882
0.0267474382052934
0.0268444872895159
0.0269368019066141
0.0270245654057139
0.0271079551438486
0.0271871421085152
0.0272622906802364
0.0273335585011706
0.0274010964238558
0.0274650485202500
0.0275255521357381
0.0275827379762456
0.0276367302192464
0.0276876466414621
0.0277355987576546
0.0277806919660930
0.0278230256972844
0.0278626935632497
0.0278997835052510
0.0279343779383354
0.0279665538913967
0.0279963831417875
0.0280239323437055
0.0280492631497734
0.0280724323253794
0.0280934918554357
0.0281124890433256
0.0281294666018536
0.0281444627360816
0.0281575112179649
0.0281686414527376
0.0281778785370113
0.0281852433085747
0.0281907523878871
0.0281944182112639
0.0281962490557616
0.0281962490557616
0.0281944182112639
0.0281907523878871
0.0281852433085748
0.0281778785370113
0.0281686414527376
0.0281575112179649
0.0281444627360816
0.0281294666018536
0.0281124890433256
0.0280934918554357
0.0280724323253795
0.0280492631497733
0.0280239323437056
0.0279963831417874
0.0279665538913967
0.0279343779383354
0.0278997835052510
0.0278626935632497
0.0278230256972844
0.0277806919660930
0.0277355987576546
0.0276876466414622
0.0276367302192464
0.0275827379762456
0.0275255521357381
0.0274650485202500
0.0274010964238558
0.0273335585011706
0.0272622906802364
0.0271871421085152
0.0271079551438486
0.0270245654057139
0.0269368019066141
0.0268444872895159
0.0267474382052934
0.0266454658750882
0.0265383768974428
0.0264259743808522
0.0263080595116856
0.0261844337096668
0.0260549015853742
0.0259192750090064
0.0257773787496658
0.0256290583944981
0.0254741917049266
0.0253127054541186
0.0251446018272126
0.0249700043341066
0.0247892567582364
0.0246132498916041
0.0247892567582364
0.0249595528837949
0.0251237805924094
0.0252817779861001
0.0254335028680136
0.0255789914657963
0.0257183328994310
0.0258516522498756
0.0259790988507165
0.0261008379685617
0.0262170447824367
0.0263278999731938
0.0264335864672760
0.0265342870230903
0.0266301824410553
0.0267214502403726
0.0268082636880557
0.0268907910955880
0.0269691953199118
0.0270436334209087
0.0271142564389351
0.0271812092644310
0.0272446305779967
0.0273046528441603
0.0273614023457173
0.0274149992484058
0.0274655576878308
0.0275131858722819
0.0275579861964219
0.0276000553618645
0.0276394845014976
0.0276763593050492
0.0277107601439240
0.0277427621937437
0.0277724355533547
0.0277998453593315
0.0278250518952018
0.0278481106948084
0.0278690726393273
0.0278879840475894
0.0279048867594299
0.0279198182118512
0.0279328115078398
0.0279438954777295
0.0279530947330096
0.0279604297125308
0.0279659167210543
0.0279695679601197
0.0279713915512133
0.0279713915512133
0.0279695679601198
0.0279659167210543
0.0279604297125308
0.0279530947330096
0.0279438954777295
0.0279328115078398
0.0279198182118512
0.0279048867594299
0.0278879840475894
0.0278690726393274
0.0278481106948084
0.0278250518952018
0.0277998453593315
0.0277724355533547
0.0277427621937437
0.0277107601439240
0.0276763593050492
0.0276394845014976
0.0276000553618645
0.0275579861964219
0.0275131858722819
0.0274655576878308
0.0274149992484058
0.0273614023457173
0.0273046528441603
0.0272446305779967
0.0271812092644310
0.0271142564389351
0.0270436334209086
0.0269691953199118
0.0268907910955880
0.0268082636880557
0.0267214502403726
0.0266301824410553
0.0265342870230903
0.0264335864672760
0.0263278999731938
0.0262170447824367
0.0261008379685617
0.0259790988507165
0.0258516522498756
0.0257183328994310
0.0255789914657963
0.0254335028680136
0.0252817779861001
0.0251237805924094
0.0249595528837949
0.0247892567582364
0.0246132498916041
0.7572980387519803
0.7586444658167760
0.7599876413907330
0.7613185675033499
0.7626303505826773
0.7639175832301598
0.7651760051110130
0.7664022793436519
0.7675938290504816
0.7687487103325296
0.7698655097552461
0.7709432596239946
0.7719813668843046
0.7729795528553747
0.7739378018071063
0.7748563168902052
0.7757354822558741
0.7765758304352043
0.7773780142154992
0.7781427823786425
0.7788709587684629
0.7795634242330723
0.7802211010559615
0.7808449395426499
0.7814359064761855
0.7819949751958258
0.7825231170816499
0.7830212942610792
0.7834904533745037
0.7839315202593135
0.7843453954295018
0.7847329502436663
0.7850950236681025
0.7854324195530801
0.7857459043511704
0.7860362052150330
0.7863040084201265
0.7865499580653634
0.7867746550087172
0.7869786560031856
0.7871624730003626
0.7873265725942390
0.7874713755818951
0.7875972566205255
0.7877045439621425
0.7877935192526424
0.7878644173809533
0.7879174263690285
0.7879526872935144
0.7879702942323062
0.7879702942323062
0.7879526872935144
0.7879174263690285
0.7878644173809533
0.7877935192526424
0.7877045439621425
0.7875972566205255
0.7874713755818951
0.7873265725942390
0.7871624730003626
0.7869786560031856
0.7867746550087172
0.7865499580653634
0.7863040084201265
0.7860362052150330
0.7857459043511704
0.7854324195530801
0.7850950236681025
0.7847329502436663
0.7843453954295018
0.7839315202593135
0.7834904533745037
0.7830212942610792
0.7825231170816499
0.7819949751958258
0.7814359064761855
0.7808449395426499
0.7802211010559615
0.7795634242330723
0.7788709587684629
0.7781427823786425
0.7773780142154992
0.7765758304352043
0.7757354822558741
0.7748563168902052
0.7739378018071063
0.7729795528553747
0.7719813668843046
0.7709432596239946
0.7698655097552461
0.7687487103325316
0.7675938290504816
0.7664022793436519
0.7651760051110125
0.7639175832301598
0.7626303505826773
0.7613185675033499
0.7599876413907330
0.7586444658167760
0.7572980387519803
0.7586444658167760
0.7600867575192587
0.7615214323926305
0.7629390406331600
0.7643326509212385
0.7656969515738542
0.7670278362909726
0.7683221518063214
0.7695775201905898
0.7707922035009399
0.7719649959201839
0.7730951354308168
0.7741822302405790
0.7752261968203157
0.7762272073438177
0.7771856448876285
0.7781020651242446
0.7789771634988208
0.7798117470693394
0.7806067103310169
0.7813630144583780
0.7820816694845920
0.7827637190131181
0.7834102271116604
0.7840222670919841
0.7846009119188589
0.7851472260261003
0.7856622583499246
0.7861470364120495
0.7866025613117059
0.7870298034985324
0.7874296992209652
0.7878031475543352
0.7881510079259313
0.7884740980675657
0.7887731923309910
0.7890490203133076
0.7893022657448554
0.7895335655972189
0.7897435093773452
0.7899326385745016
0.7901014462346427
0.7902503766379397
0.7903798250595191
0.7904901375960375
0.7905816110437344
0.7906544928152461
0.7907089808850761
0.7907452237556165
0.7907633204371293
0.7907633204371293
0.7907452237556165
0.7907089808850728
0.7906544928152461
0.7905816110437344
0.7904901375960375
0.7903798250595191
0.7902503766379397
0.7901014462346427
0.7899326385745016
0.7897435093773452
0.7895335655972189
0.7893022657448554
0.7890490203133076
0.7887731923309910
0.7884740980675657
0.7881510079259313
0.7878031475543352
0.7874296992209652
0.7870298034985324
0.7866025613117059
0.7861470364120505
0.7856622583499246
0.7851472260261003
0.7846009119188589
0.7840222670919841
0.7834102271116604
0.7827637190131181
0.7820816694845920
0.7813630144583779
0.7806067103310169
0.7798117470693394
0.7789771634988208
0.7781020651242478
0.7771856448876285
0.7762272073438177
0.7752261968203157
0.7741822302405790
0.7730951354308168
0.7719649959201839
0.7707922035009399
0.7695775201905898
0.7683221518063214
0.7670278362909726
0.7656969515738542
0.7643326509212385
0.7629390406331600
0.7615214323926305
0.7600867575192587
0.7586444658167760
0.7599876413907330
0.7615214323926294
0.7630444081867207
0.7645462520773557
0.7660197107300083
0.7674594086249562
0.7688613019075526
0.7702223655738701
0.7715403854338652
0.7728138060365736
0.7740416128680654
0.7752232377900040
0.7763584814223593
0.7774474485185285
0.7784904936534577
0.7794881752958158
0.7804412168094660
0.7813504732489251
0.7822169030403647
0.7830415438059609
0.7838254917196643
0.7845698838798564
0.7852758832683742
0.7859446659284436
0.7865774100495204
0.7871752866926225
0.7877394519263791
0.7882710401772065
0.7887711586233195
0.7892408824868605
0.7896812510957989
0.7900932646067234
0.7904778812938346
0.7908360153193010
0.7911685349158006
0.7914762609169310
0.7917599655821793
0.7920203716691252
0.7922581517121519
0.7924739274710952
0.7926682695211908
0.7928416969550587
0.7929946771758063
0.7931276257600736
0.7932409063750407
0.7933348307344492
0.7934096585817472
0.7934655976908945
0.7935028038758862
0.7935213810032808
0.7935213810032808
0.7935028038758862
0.7934655976908945
0.7934096585817472
0.7933348307344492
0.7932409063750407
0.7931276257600736
0.7929946771758063
0.7928416969550587
0.7926682695211908
0.7924739274710952
0.7922581517121519
0.7920203716691252
0.7917599655821793
0.7914762609169310
0.7911685349158006
0.7908360153193010
0.7904778812938346
0.7900932646067234
0.7896812510957989
0.7892408824868605
0.7887711586233195
0.7882710401772065
0.7877394519263695
0.7871752866926225
0.7865774100495204
0.7859446659284436
0.7852758832683742
0.7845698838798564
0.7838254917196643
0.7830415438059609
0.7822169030403647
0.7813504732489251
0.7804412168094660
0.7794881752958158
0.7784904936534577
0.7774474485185285
0.7763584814223602
0.7752232377900040
0.7740416128680654
0.7728138060365736
0.7715403854338652
0.7702223655738701
0.7688613019075526
0.7674594086249562
0.7660197107300083
0.7645462520773557
0.7630444081867207
0.7615214323926294
0.7599876413907330
0.7613185675033499
0.7629390406331600
0.7645462520773557
0.7661289937951338
0.7676795364108946
0.7691923009486877
0.7706632030485733
0.7720892730983234
0.7734684088197967
0.7747991996712411
0.7760807945361859
0.7773127979300727
0.7784951863648187
0.7796282397406986
0.7807124843848425
0.7817486453729318
0.7827376063993191
0.7836803758755082
0.7845780582214416
0.7854318295188421
0.7862429168508928
0.7870125807701847
0.7877421004279931
0.7884327609756612
0.7890858429069385
0.7897026130604525
0.7902843170440691
0.7908321728759147
0.7913473656670753
0.7918310431956551
0.7922843122417094
0.7927082355714568
0.7931038294748505
0.7934720617719284
0.7938138502159945
0.7941300612315414
0.7944215089317698
0.7946889543696850
0.7949331049809814
0.7951546141847287
0.7953540811098361
0.7955320504226748
0.7956890122317932
0.7958254020507718
0.7959416008032225
0.7960379348547683
0.7961146760612818
0.7961720418226274
0.7962101951352253
0.7962292446363618
0.7962292446363618
0.7962101951352253
0.7961720418226274
0.7961146760612818
0.7960379348547683
0.7959416008032225
0.7958254020507718
0.7956890122317932
0.7955320504226748
0.7953540811098361
0.7951546141847287
0.7949331049809814
0.7946889543696850
0.7944215089317698
0.7941300612315414
0.7938138502159945
0.7934720617719284
0.7931038294748505
0.7927082355714568
0.7922843122417034
0.7918310431956551
0.7913473656670753
0.7908321728759147
0.7902843170440691
0.7897026130604525
0.7890858429069385
0.7884327609756612
0.7877421004279931
0.7870125807701847
0.7862429168508928
0.7854318295188421
0.7845780582214416
0.7836803758755082
0.7827376063993191
0.7817486453729318
0.7807124843848425
0.7796282397406986
0.7784951863648187
0.7773127979300727
0.7760807945361859
0.7747991996712411
0.7734684088197967
0.7720892730983234
0.7706632030485733
0.7691923009486877
0.7676795364108946
0.7661289937951338
0.7645462520773557
0.7629390406331600
0.7613185675033499
0.7626303505826773
0.7643326509212385
0.7660197107300083
0.7676795364108946
0.7693038898143224
0.7708869102767415
0.7724243931280986
0.7739133561990298
0.7753517545850336
0.7767382796116548
0.7780722095737117
0.7793532945889881
0.7805816652898786
0.7817577589894373
0.7828822591481497
0.7839560452601317
0.7849801510813719
0.7859557296458064
0.7868840238729153
0.7877663418250909
0.7886040358551690
0.7893984850304490
0.7901510803233169
0.7908632121475018
0.7915362598849174
0.7921715831079990
0.7927705142426424
0.7933343524603322
0.7938643586150537
0.7943617510707442
0.7948277022846451
0.7952633360324344
0.7956697251760573
0.7960478898902338
0.7963987962734767
0.7967233552811347
0.7970224219258749
0.7972967946978822
0.7975472151650501
0.7977743677177137
0.7979788794267803
0.7981613199908139
0.7983222017481784
0.7984619797363632
0.7985810517803784
0.7986797585988837
0.7987583839141398
0.7988171545578048
0.7988562405644444
0.7988757552463867
0.7988757552463867
0.7988562405644444
0.7988171545578048
0.7987583839141398
0.7986797585988837
0.7985810517803784
0.7984619797363632
0.7983222017481784
0.7981613199908139
0.7979788794267803
0.7977743677177137
0.7975472151650501
0.7972967946978822
0.7970224219258749
0.7967233552811347
0.7963987962734767
0.7960478898902338
0.7956697251760573
0.7952633360324344
0.7948277022846451
0.7943617510707442
0.7938643586150537
0.7933343524603322
0.7927705142426424
0.7921715831079990
0.7915362598849128
0.7908632121475018
0.7901510803233169
0.7893984850304490
0.7886040358551690
0.7877663418250909
0.7868840238729153
0.7859557296458064
0.7849801510813719
0.7839560452601317
0.7828822591481497
0.7817577589894373
0.7805816652898798
0.7793532945889881
0.7780722095737117
0.7767382796116548
0.7753517545850336
0.7739133561990298
0.7724243931280986
0.7708869102767415
0.7693038898143224
0.7676795364108946
0.7660197107300083
0.7643326509212385
0.7626303505826773
0.7639175832301598
0.7656969515738542
0.7674594086249580
0.7691923009486877
0.7708869102767415
0.7725370678038860
0.7741384004582981
0.7756878618044687
0.7771834165858295
0.7786238165960637
0.7800084345670918
0.7813371369608825
0.7826101840906214
0.7838281502114044
0.7849918586867204
0.7861023288419485
0.7871607320691641
0.7881683553762139
0.7891265710046567
0.7900368110430003
0.7909005461863058
0.7917192679555877
0.7924944738192021
0.7932276547568033
0.7939202848840150
0.7945738128196047
0.7951896545271532
0.7957691874057889
0.7963137454386542
0.7968246152366276
0.7973030328379538
0.7977501811475295
0.7981671879118758
0.7985551241454140
0.7989150029316553
0.7992477785365525
0.7995543457779020
0.7998355396041821
0.8000921348411870
0.8003248460719640
0.8005343276194162
0.8007211736057497
0.8008859180668129
0.8010290351014322
0.8011509390409605
0.8012519846243842
0.8013324671678329
0.8013926227192825
0.8014326281916901
0.8014526014666431
0.8014526014666431
0.8014326281916901
0.8013926227192825
0.8013324671678329
0.8012519846243842
0.8011509390409605
0.8010290351014322
0.8008859180668129
0.8007211736057497
0.8005343276194162
0.8003248460719640
0.8000921348411870
0.7998355396041831
0.7995543457779020
0.7992477785365525
0.7989150029316553
0.7985551241454142
0.7981671879118758
0.7977501811475295
0.7973030328379538
0.7968246152366276
0.7963137454386542
0.7957691874057889
0.7951896545271532
0.7945738128196047
0.7939202848840150
0.7932276547568033
0.7924944738192015
0.7917192679555877
0.7909005461863058
0.7900368110430003
0.7891265710046567
0.7881683553762139
0.7871607320691641
0.7861023288419485
0.7849918586867204
0.7838281502114044
0.7826101840906214
0.7813371369608825
0.7800084345670918
0.7786238165960637
0.7771834165858295
0.7756878618044687
0.7741384004582981
0.7725370678038860
0.7708869102767415
0.7691923009486877
0.7674594086249580
0.7656969515738542
0.7639175832301598
0.7651760051110125
0.7670278362909726
0.7688613019075526
0.7706632030485733
0.7724243931281002
0.7741384004582977
0.7758006620127419
0.7774080335293927
0.7789584526390800
0.7804506961179449
0.7818841988383838
0.7832589150745908
0.7845752099889047
0.7858337733159103
0.7870355498152504
0.7881816826805824
0.7892734671460055
0.7903123122421862
0.7912997091458620
0.7922372049167233
0.7931263806711432
0.7939688334344390
0.7947661610552990
0.7955199496829373
0.7962317633923982
0.7969031356152141
0.7975355620907586
0.7981304950970761
0.7986893387601285
0.7992134452710157
0.7997041118657999
0.8001625784458816
0.8005900257335387
0.8009875738734378
0.8013562814038182
0.8016971445316960
0.8020110966558709
0.8022990080900675
0.8025616859442952
0.8027998741299049
0.8030142534568570
0.8032054417981246
0.8033739942987078
0.8035204036102100
0.8036451001351359
0.8037484522673218
0.8038307666175958
0.8038922882145784
0.8039332006742421
0.8039536263316818
0.8039536263316818
0.8039332006742421
0.8038922882145784
0.8038307666175958
0.8037484522673218
0.8036451001351359
0.8035204036102100
0.8033739942987078
0.8032054417981246
0.8030142534568570
0.8027998741299049
0.8025616859442952
0.8022990080900675
0.8020110966558709
0.8016971445316960
0.8013562814038182
0.8009875738734378
0.8005900257335387
0.8001625784458816
0.7997041118657999
0.7992134452710157
0.7986893387601285
0.7981304950970761
0.7975355620907586
0.7969031356152141
0.7962317633923982
0.7955199496829373
0.7947661610552990
0.7939688334344390
0.7931263806711432
0.7922372049167233
0.7912997091458620
0.7903123122421862
0.7892734671460055
0.7881816826805824
0.7870355498152504
0.7858337733159003
0.7845752099889047
0.7832589150745908
0.7818841988383838
0.7804506961179449
0.7789584526390836
0.7774080335293927
0.7758006620127419
0.7741384004582977
0.7724243931281002
0.7706632030485733
0.7688613019075526
0.7670278362909726
0.7651760051110142
0.7664022793436519
0.7683221518063214
0.7702223655738701
0.7720892730983234
0.7739133561990298
0.7756878618044687
0.7774080335294049
0.7790706110751150
0.7806734794882684
0.7822154126196530
0.7836958798996466
0.7851148975634679
0.7864729121045599
0.7877707077040697
0.7890093318904016
0.7901900353154998
0.7913142226357227
0.7923834122433259
0.7933992031296673
0.7943632475477262
0.7952772284266095
0.7961428407033785
0.7969617758995602
0.7977357093975244
0.7984662899687093
0.7991551311842884
0.7998038044029385
0.8004138330800759
0.8009866881839086
0.8015237845396228
0.8020264779490358
0.8024960629573238
0.8029337711580360
0.8033407699443376
0.8037181616261877
0.8040669828473157
0.8043882042445236
0.8046827302994823
0.8049513993415717
0.8051949836653756
0.8054141897334167
0.8056096584358061
0.8057819653865695
0.8059316212363884
0.8060590719862742
0.8061646992884998
0.8062488207238598
0.8063116900455266
0.8063534973829368
0.8063743693993631
0.8063743693993631
0.8063534973829368
0.8063116900455266
0.8062488207238598
0.8061646992884998
0.8060590719862742
0.8059316212363892
0.8057819653865695
0.8056096584358061
0.8054141897334167
0.8051949836653756
0.8049513993415717
0.8046827302994823
0.8043882042445236
0.8040669828473157
0.8037181616261877
0.8033407699443376
0.8029337711580360
0.8024960629573238
0.8020264779490358
0.8015237845396228
0.8009866881839086
0.8004138330800759
0.7998038044029385
0.7991551311842884
0.7984662899687093
0.7977357093975244
0.7969617758995602
0.7961428407033785
0.7952772284266095
0.7943632475477262
0.7933992031296673
0.7923834122433259
0.7913142226357227
0.7901900353154998
0.7890093318904016
0.7877707077040697
0.7864729121045599
0.7851148975634679
0.7836958798996466
0.7822154126196530
0.7806734794882684
0.7790706110751150
0.7774080335294073
0.7756878618044687
0.7739133561990298
0.7720892730983234
0.7702223655738701
0.7683221518063214
0.7664022793436519
0.7675938290504816
0.7695775201905898
0.7715403854338688
0.7734684088197967
0.7753517545850336
0.7771834165858270
0.7789584526390836
0.7806734794882648
0.7823263138110114
0.7839157061278239
0.7854411382624995
0.7869026662624984
0.7883007968260806
0.7896363889888292
0.7909105751920463
0.7921246974520336
0.7932802554412878
0.7943788640725102
0.7954222187334974
0.7964120667297361
0.7973501838003119
0.7982383548000874
0.7990783578223560
0.7998719511693934
0.8006208626917135
0.8013267810971425
0.8019913489043700
0.8026161567673064
0.8032027389440514
0.8037525697196015
0.8042670606238053
0.8047475583076694
0.8051953429661745
0.8056116272101808
0.8059975553058950
0.8063542027117222
0.8066825758545162
0.8069836120934292
0.8072581798295918
0.8075070787241424
0.8077310399935687
0.8079307267562965
0.8081067344070414
0.8082595910007135
0.8083897576291291
0.8084976287770743
0.8085835326469276
0.8086477314419708
0.8086904216016055
0.8087117339828571
0.8087117339828571
0.8086904216016055
0.8086477314419708
0.8085835326469276
0.8084976287770743
0.8083897576291291
0.8082595910007135
0.8081067344070414
0.8079307267562965
0.8077310399935687
0.8075070787241424
0.8072581798295918
0.8069836120934292
0.8066825758545162
0.8063542027117222
0.8059975553058950
0.8056116272101808
0.8051953429661745
0.8047475583076694
0.8042670606238053
0.8037525697196015
0.8032027389440514
0.8026161567673064
0.8019913489043700
0.8013267810971425
0.8006208626917135
0.7998719511693934
0.7990783578223560
0.7982383548000874
0.7973501838003119
0.7964120667297400
0.7954222187334974
0.7943788640725102
0.7932802554412878
0.7921246974520336
0.7909105751920463
0.7896363889888292
0.7883007968260806
0.7869026662624984
0.7854411382624995
0.7839157061278239
0.7823263138110114
0.7806734794882648
0.7789584526390836
0.7771834165858295
0.7753517545850336
0.7734684088197967
0.7715403854338688
0.7695775201905898
0.7675938290504816
0.7687487103325258
0.7707922035009399
0.7728138060365731
0.7747991996712411
0.7767382796116463
0.7786238165960637
0.7804506961179453
0.7822154126196530
0.7839157061278239
0.7855502899565460
0.7871186414143947
0.7886208382152115
0.7900574290593037
0.7914293302957692
0.7927377428057063
0.7939840847580010
0.7951699369535046
0.7962969982434509
0.7973670490715447
0.7983819216101552
0.7993434752793404
0.8002535766819927
0.8011140831756259
0.8019268294498471
0.8026936165936467
0.8034162032290685
0.8040962983637442
0.8047355556708772
0.8053355689577752
0.8058978686210543
0.8064239189195089
0.8069151159249278
0.8073727860291053
0.8077981849080759
0.8081924968580360
0.8085568344302420
0.8088922383038171
0.8091996773451587
0.8094800488082040
0.8097341786395656
0.8099628218554541
0.8101666629641852
0.8103463164098258
0.8105023270193993
0.8106351704362608
0.8107452535252344
0.8108329147402047
0.8108984244428316
0.8109419851665839
0.8109637318189077
0.8109637318189077
0.8109419851665839
0.8108984244428351
0.8108329147402047
0.8107452535252344
0.8106351704362608
0.8105023270193993
0.8103463164098250
0.8101666629641852
0.8099628218554541
0.8097341786395567
0.8094800488082040
0.8091996773451587
0.8088922383038171
0.8085568344302420
0.8081924968580360
0.8077981849080759
0.8073727860291053
0.8069151159249278
0.8064239189195089
0.8058978686210543
0.8053355689577752
0.8047355556708772
0.8040962983637442
0.8034162032290685
0.8026936165936467
0.8019268294498436
0.8011140831756259
0.8002535766819927
0.7993434752793404
0.7983819216101552
0.7973670490715447
0.7962969982434509
0.7951699369535046
0.7939840847580010
0.7927377428057063
0.7914293302957692
0.7900574290593037
0.7886208382152115
0.7871186414143947
0.7855502899565460
0.7839157061278239
0.7822154126196530
0.7804506961179453
0.7786238165960637
0.7767382796116463
0.7747991996712411
0.7728138060365731
0.7707922035009399
0.7687487103325258
0.7698655097552461
0.7719649959201839
0.7740416128680654
0.7760807945361859
0.7780722095737117
0.7800084345670918
0.7818841988383838
0.7836958798996466
0.7854411382624995
0.7871186414143891
0.7887278498710188
0.7902688487060172
0.7917422134616229
0.7931489025928670
0.7944901706837425
0.7957674981004852
0.7969825337659299
0.7981370484824658
0.7992328967893105
0.8002719857598700
0.8012562494711855
0.8021876281255890
0.8030680510024295
0.8038994225707398
0.8046836112172288
0.8054224401407235
0.8061176800433771
0.8067710433127800
0.8073841794406175
0.8079586714649483
0.8084960332600745
0.8089977075238897
0.8094650643381220
0.8098994001966965
0.8103019374123551
0.8106738238268492
0.8110161327612682
0.8113298631519208
0.8116159398267471
0.8118752138835047
0.8121084631357247
0.8123163926003727
0.8124996350023511
0.8126587512764758
0.8127942310500447
0.8129064930922140
0.8129958857190611
0.8130626871438827
0.8131071057664007
0.8131292803947069
0.8131292803947069
0.8131071057664067
0.8130626871438827
0.8129958857190619
0.8129064930922140
0.8127942310500447
0.8126587512764785
0.8124996350023511
0.8123163926003727
0.8121084631357247
0.8118752138835047
0.8116159398267471
0.8113298631519208
0.8110161327612682
0.8106738238268492
0.8103019374123551
0.8098994001966965
0.8094650643381220
0.8089977075238897
0.8084960332600745
0.8079586714649483
0.8073841794406175
0.8067710433127800
0.8061176800433771
0.8054224401407235
0.8046836112172288
0.8038994225707398
0.8030680510024295
0.8021876281255890
0.8012562494711855
0.8002719857598637
0.7992328967893105
0.7981370484824658
0.7969825337659299
0.7957674981004852
0.7944901706837425
0.7931489025928670
0.7917422134616229
0.7902688487060172
0.7887278498710188
0.7871186414143891
0.7854411382624995
0.7836958798996466
0.7818841988383838
0.7800084345670918
0.7780722095737117
0.7760807945361859
0.7740416128680654
0.7719649959201839
0.7698655097552461
0.7709432596239946
0.7730951354308168
0.7752232377900040
0.7773127979300727
0.7793532945889895
0.7813371369608825
0.7832589150745936
0.7851148975634679
0.7869026662624984
0.7886208382152109
0.7902688487060172
0.7918467792799029
0.7933552200599545
0.7947951587691217
0.7961678908409848
0.7974749463475066
0.7987180304406245
0.7998989747162684
0.8010196974523458
0.8020821710859153
0.8030883956188781
0.8040403768934173
0.8049401088785016
0.8057895592679951
0.8065906578162892
0.8073452869413710
0.8080552742048375
0.8087223863488865
0.8093483246200880
0.8099347211597292
0.8104831362717879
0.8109950564145344
0.8114718927833470
0.8119149803751653
0.8123255774418449
0.8127048652535489
0.8130539481063283
0.8133738535177468
0.8136655325634197
0.8139298603139479
0.8141676363387552
0.8143795852475806
0.8145663572463633
0.8147285286855086
0.8148666025858509
0.8149810091249042
0.8150721060750031
0.8151401791813000
0.8151854424728631
0.8152080385011075
0.8152080385011075
0.8151854424728678
0.8151401791813000
0.8150721060750031
0.8149810091249042
0.8148666025858509
0.8147285286855167
0.8145663572463633
0.8143795852475806
0.8141676363387552
0.8139298603139479
0.8136655325634197
0.8133738535177468
0.8130539481063283
0.8127048652535489
0.8123255774418449
0.8119149803751653
0.8114718927833470
0.8109950564145344
0.8104831362717879
0.8099347211597292
0.8093483246200880
0.8087223863488865
0.8080552742048375
0.8073452869413710
0.8065906578162892
0.8057895592679951
0.8049401088785016
0.8040403768934173
0.8030883956188781
0.8020821710859153
0.8010196974523458
0.7998989747162684
0.7987180304406245
0.7974749463475066
0.7961678908409848
0.7947951587691217
0.7933552200599545
0.7918467792799029
0.7902688487060172
0.7886208382152109
0.7869026662624984
0.7851148975634679
0.7832589150745936
0.7813371369608825
0.7793532945889895
0.7773127979300727
0.7752232377900040
0.7730951354308168
0.7709432596239929
0.7719813668843046
0.7741822302405790
0.7763584814223660
0.7784951863648187
0.7805816652898786
0.7826101840906365
0.7845752099889047
0.7864729121045599
0.7883007968260806
0.7900574290593037
0.7917422134616237
0.7933552200599545
0.7948970439010097
0.7963686913847831
0.7977714878222821
0.7991070020380817
0.8003769847543373
0.8015833181767591
0.8027279747218773
0.8038129832319252
0.8048404013371077
0.8058122928809316
0.8067307095214326
0.8075976757831106
0.8084151769645649
0.8091851494097857
0.8099094727380254
0.8105899636948882
0.8112283713450681
0.8118263733734529
0.8123855732991938
0.8129074984401244
0.8133935984903212
0.8138452445947318
0.8142637288262786
0.8146502639809495
0.8150059836240973
0.8153319423285731
0.8156291160561798
0.8158984026400032
0.8161406223335609
0.8163565183961955
0.8165467576901073
0.8167119312682364
0.8168525549344254
0.8169690697630387
0.8170618425632181
0.8171311662811667
0.8171772603301886
0.8172002708430081
0.8172002708430081
0.8171772603301886
0.8171311662811667
0.8170618425632181
0.8169690697630387
0.8168525549344254
0.8167119312682364
0.8165467576901073
0.8163565183961955
0.8161406223335609
0.8158984026400032
0.8156291160561798
0.8153319423285731
0.8150059836240973
0.8146502639809495
0.8142637288262786
0.8138452445947332
0.8133935984903212
0.8129074984401244
0.8123855732991938
0.8118263733734529
0.8112283713450681
0.8105899636948882
0.8099094727380254
0.8091851494097857
0.8084151769645649
0.8075976757831106
0.8067307095214326
0.8058122928809316
0.8048404013371077
0.8038129832319252
0.8027279747218773
0.8015833181767591
0.8003769847543373
0.7991070020380817
0.7977714878222821
0.7963686913847831
0.7948970439010097
0.7933552200599545
0.7917422134616237
0.7900574290593037
0.7883007968260806
0.7864729121045599
0.7845752099889047
0.7826101840906365
0.7805816652898786
0.7784951863648187
0.7763584814223660
0.7741822302405790
0.7719813668843046
0.7729795528553747
0.7752261968203157
0.7774474485185310
0.7796282397406981
0.7817577589894373
0.7838281502114044
0.7858337733159103
0.7877707077040697
0.7896363889888292
0.7914293302957692
0.7931489025928670
0.7947951587691208
0.7963686913847831
0.7978705169588205
0.7993019814869343
0.8006646831100738
0.8019604087304056
0.8031910820223812
0.8043587207879626
0.8054654019938117
0.8065132331391123
0.8075043288509558
0.8084407918005517
0.8093246971970598
0.8101580802451542
0.8109429260583368
0.8116811616082193
0.8123746493593335
0.8130251822993633
0.8136344801210786
0.8142041863536273
0.8147358662726538
0.8152310054466912
0.8156910087995535
0.8161172000884750
0.8165108217121300
0.8168730347774674
0.8172049193639656
0.8175074749355808
0.8177816208556525
0.8180281969693827
0.8182479642228268
0.8184416052925078
0.8186097252036617
0.8187528519195738
0.8188714368864208
0.8189658555208416
0.8190364076311425
0.8190833177631395
0.8191067354647315
0.8191067354647315
0.8190833177631395
0.8190364076311425
0.8189658555208416
0.8188714368864208
0.8187528519195738
0.8186097252036617
0.8184416052925078
0.8182479642228268
0.8180281969693827
0.8177816208556525
0.8175074749355808
0.8172049193639656
0.8168730347774722
0.8165108217121300
0.8161172000884750
0.8156910087995535
0.8152310054466912
0.8147358662726538
0.8142041863536273
0.8136344801210786
0.8130251822993633
0.8123746493593335
0.8116811616082193
0.8109429260583368
0.8101580802451542
0.8093246971970598
0.8084407918005517
0.8075043288509558
0.8065132331391123
0.8054654019938100
0.8043587207879626
0.8031910820223812
0.8019604087304056
0.8006646831100738
0.7993019814869343
0.7978705169588205
0.7963686913847831
0.7947951587691208
0.7931489025928670
0.7914293302957692
0.7896363889888292
0.7877707077040697
0.7858337733159103
0.7838281502114044
0.7817577589894373
0.7796282397406981
0.7774474485185310
0.7752261968203157
0.7729795528553747
0.7739378018071063
0.7762272073438177
0.7784904936534577
0.7807124843848435
0.7828822591481552
0.7849918586867204
0.7870355498152504
0.7890093318904016
0.7909105751920463
0.7927377428057063
0.7944901706837425
0.7961678908409848
0.7977714878222824
0.7993019814869301
0.8007607309412184
0.8021493556385833
0.8034696705100991
0.8047236326130229
0.8059132972655050
0.8070407820111128
0.8081082370605346
0.8091178210950554
0.8100716815173411
0.8109719383893635
0.8118206714325058
0.8126199095677712
0.8133716225644383
0.8140777144361295
0.8147400182840677
0.8153602923360910
0.8159402169701858
0.8164813925475933
0.8169853379055892
0.8174534893868579
0.8178872002992805
0.8182877407185332
0.8186562975591499
0.8189939748502632
0.8193017941636560
0.8195806951494288
0.8198315361405017
0.8200550947952554
0.8202520687509199
0.8204230762651009
0.8205686568266143
0.8206892717206832
0.8207853045346185
0.8208570615938455
0.8209047723209821
0.8209285895094455
0.8209285895094455
0.8209047723209821
0.8208570615938455
0.8207853045346185
0.8206892717206832
0.8205686568266143
0.8204230762651009
0.8202520687509199
0.8200550947952554
0.8198315361405017
0.8195806951494288
0.8193017941636560
0.8189939748502632
0.8186562975591499
0.8182877407185332
0.8178872002992805
0.8174534893868579
0.8169853379055892
0.8164813925475933
0.8159402169701858
0.8153602923360910
0.8147400182840677
0.8140777144361295
0.8133716225644383
0.8126199095677712
0.8118206714325058
0.8109719383893635
0.8100716815173411
0.8091178210950554
0.8081082370605346
0.8070407820111128
0.8059132972655050
0.8047236326130229
0.8034696705100991
0.8021493556385833
0.8007607309412184
0.7993019814869301
0.7977714878222824
0.7961678908409848
0.7944901706837425
0.7927377428057063
0.7909105751920463
0.7890093318904016
0.7870355498152504
0.7849918586867204
0.7828822591481552
0.7807124843848435
0.7784904936534577
0.7762272073438177
0.7739378018071063
0.7748563168902052
0.7771856448876248
0.7794881752958158
0.7817486453729318
0.7839560452601317
0.7861023288419485
0.7881816826805831
0.7901900353155029
0.7921246974520344
0.7939840847580010
0.7957674981004852
0.7974749463475066
0.7991070020380817
0.8006646831100800
0.8021493556385816
0.8035626536948406
0.8049064132568130
0.8061826177020323
0.8073933528781616
0.8085407701110529
0.8096270557988257
0.8106544064784139
0.8116250084413662
0.8125410211327810
0.8134045636970144
0.8142177041404038
0.8149824506686463
0.8157007448291418
0.8163744561501389
0.8170053780171945
0.8175952245710375
0.8181456284430363
0.8186581391763008
0.8191342222033435
0.8195752582707557
0.8199825432205012
0.8203572880500525
0.8207006191854734
0.8210135789135747
0.8212971259264997
0.8215521359379869
0.8217794023406413
0.8219796368743323
0.8221534702838715
0.8223014529451583
0.8224240554452645
0.8225216691008093
0.8225946064064883
0.8226431014027816
0.8226673099579146
0.8226673099579146
0.8226431014027816
0.8225946064064874
0.8225216691008093
0.8224240554452645
0.8223014529451583
0.8221534702838715
0.8219796368743323
0.8217794023406413
0.8215521359379869
0.8212971259264997
0.8210135789135747
0.8207006191854734
0.8203572880500525
0.8199825432205012
0.8195752582707588
0.8191342222033435
0.8186581391763008
0.8181456284430363
0.8175952245710375
0.8170053780171945
0.8163744561501389
0.8157007448291418
0.8149824506686463
0.8142177041404038
0.8134045636970144
0.8125410211327810
0.8116250084413662
0.8106544064784139
0.8096270557988275
0.8085407701110529
0.8073933528781616
0.8061826177020323
0.8049064132568130
0.8035626536948406
0.8021493556385816
0.8006646831100800
0.7991070020380817
0.7974749463475066
0.7957674981004852
0.7939840847580010
0.7921246974520344
0.7901900353155029
0.7881816826805831
0.7861023288419485
0.7839560452601317
0.7817486453729318
0.7794881752958158
0.7771856448876248
0.7748563168902052
0.7757354822558741
0.7781020651242478
0.7804412168094660
0.7827376063993191
0.7849801510813719
0.7871607320691641
0.7892734671460058
0.7913142226357297
0.7932802554412878
0.7951699369535046
0.7969825337659299
0.7987180304406245
0.8003769847543373
0.8019604087304065
0.8034696705100991
0.8049064132568130
0.8062724880859048
0.8075698985963145
0.8088007550317641
0.8099672364487712
0.8110715595515389
0.8121159530824096
0.8131026368450752
0.8140338045897160
0.8149116101185324
0.8157381560743394
0.8165154849641312
0.8172455720397244
0.8179303197218767
0.8185715533013385
0.8191710176948019
0.8197303750687757
0.8202512031732494
0.8207349942520156
0.8211831544179864
0.8215970033986497
0.8219777745722922
0.8223266152264446
0.8226445869823983
0.8229326663378597
0.8231917452863379
0.8234226319795148
0.8236260514037289
0.8238026460461956
0.8239529765314482
0.8240775222098139
0.8241766816858676
0.8242507732738533
0.8243000353731466
0.8243246267544961
0.8243246267544961
0.8243000353731466
0.8242507732738533
0.8241766816858676
0.8240775222098139
0.8239529765314482
0.8238026460461956
0.8236260514037289
0.8234226319795148
0.8231917452863385
0.8229326663378597
0.8226445869823983
0.8223266152264446
0.8219777745722922
0.8215970033986497
0.8211831544179864
0.8207349942520156
0.8202512031732494
0.8197303750687757
0.8191710176948019
0.8185715533013385
0.8179303197218767
0.8172455720397230
0.8165154849641312
0.8157381560743394
0.8149116101185324
0.8140338045897160
0.8131026368450752
0.8121159530824096
0.8110715595515389
0.8099672364487712
0.8088007550317641
0.8075698985963145
0.8062724880859048
0.8049064132568130
0.8034696705100991
0.8019604087304065
0.8003769847543373
0.7987180304406245
0.7969825337659313
0.7951699369535046
0.7932802554412878
0.7913142226357288
0.7892734671460058
0.7871607320691641
0.7849801510813719
0.7827376063993191
0.7804412168094660
0.7781020651242478
0.7757354822558741
0.7765758304352043
0.7789771634988208
0.7813504732489251
0.7836803758755082
0.7859557296458046
0.7881683553762139
0.7903123122421862
0.7923834122433259
0.7943788640725112
0.7962969982434509
0.7981370484824658
0.7998989747162684
0.8015833181767591
0.8031910820223812
0.8047236326130229
0.8061826177020323
0.8075698985963145
0.8088874939054863
0.8101375329382374
0.8113222171458550
0.8124437882865899
0.8135045022077110
0.8145066073232450
0.8154523270186437
0.8163438453366157
0.8171832954031837
0.8179727501406334
0.8187142148859086
0.8194096215930976
0.8200608243509233
0.8206695959870401
0.8212376255680272
0.8217665166334980
0.8222577860271265
0.8227128632099523
0.8231330899584108
0.8235197203648427
0.8238739210704963
0.8241967716725668
0.8244892652554260
0.8247523090043443
0.8249867248650545
0.8251932502216027
0.8253725385650290
0.8255251601332994
0.8256516025051475
0.8257522711327535
0.8258274898025486
0.8258775010135535
0.8259024662682714
0.8259024662682714
0.8258775010135535
0.8258274898025486
0.8257522711327535
0.8256516025051475
0.8255251601332994
0.8253725385650290
0.8251932502216027
0.8249867248650545
0.8247523090043443
0.8244892652554260
0.8241967716725668
0.8238739210704963
0.8235197203648427
0.8231330899584108
0.8227128632099523
0.8222577860271265
0.8217665166334980
0.8212376255680272
0.8206695959870401
0.8200608243509233
0.8194096215930976
0.8187142148859086
0.8179727501406334
0.8171832954031837
0.8163438453366157
0.8154523270186459
0.8145066073232450
0.8135045022077110
0.8124437882865899
0.8113222171458550
0.8101375329382374
0.8088874939054863
0.8075698985963145
0.8061826177020323
0.8047236326130229
0.8031910820223812
0.8015833181767591
0.7998989747162684
0.7981370484824658
0.7962969982434509
0.7943788640725112
0.7923834122433259
0.7903123122421862
0.7881683553762139
0.7859557296458064
0.7836803758755082
0.7813504732489251
0.7789771634988208
0.7765758304352043
0.7773780142154992
0.7798117470693382
0.7822169030403647
0.7845780582214416
0.7868840238729138
0.7891265710046567
0.7912997091458619
0.7933992031296673
0.7954222187334974
0.7973670490715447
0.7992328967893105
0.8010196974523458
0.8027279747218768
0.8043587207879626
0.8059132972655050
0.8073933528781616
0.8088007550317641
0.8101375329382374
0.8114058303809814
0.8126078665433044
0.8137459035898401
0.8148222199077605
0.8158390880913314
0.8167987569032839
0.8177034365665314
0.8185552868446996
0.8193564074543109
0.8201088304234371
0.8208145140726643
0.8214753383444272
0.8220931012495166
0.8226695162351699
0.8232062103104938
0.8237047227884489
0.8241665045274151
0.8245929175719106
0.8249852351075122
0.8253446416594561
0.8256722334729270
0.8259690190254213
0.8262359196258260
0.8264737700659368
0.8266833192916436
0.8268652310688646
0.8270200846227134
0.8271483752311118
0.8272505147590049
0.8273268321199451
0.8273775736571622
0.8274029034346905
0.8274029034346905
0.8273775736571622
0.8273268321199496
0.8272505147590049
0.8271483752311118
0.8270200846227134
0.8268652310688646
0.8266833192916436
0.8264737700659368
0.8262359196258260
0.8259690190254213
0.8256722334729270
0.8253446416594561
0.8249852351075122
0.8245929175719106
0.8241665045274151
0.8237047227884440
0.8232062103104938
0.8226695162351699
0.8220931012495166
0.8214753383444272
0.8208145140726643
0.8201088304234371
0.8193564074543109
0.8185552868447102
0.8177034365665314
0.8167987569032839
0.8158390880913314
0.8148222199077605
0.8137459035898401
0.8126078665433010
0.8114058303809814
0.8101375329382374
0.8088007550317641
0.8073933528781616
0.8059132972655050
0.8043587207879626
0.8027279747218768
0.8010196974523458
0.7992328967893105
0.7973670490715447
0.7954222187334974
0.7933992031296673
0.7912997091458619
0.7891265710046567
0.7868840238729138
0.7845780582214456
0.7822169030403611
0.7798117470693382
0.7773780142154992
0.7781427823786425
0.7806067103310169
0.7830415438059609
0.7854318295188421
0.7877663418250909
0.7900368110429995
0.7922372049167233
0.7943632475477262
0.7964120667297400
0.7983819216101552
0.8002719857598700
0.8020821710859153
0.8038129832319252
0.8054654019938117
0.8070407820111128
0.8085407701110513
0.8099672364487712
0.8113222171458589
0.8126078665433041
0.8138264175164819
0.8149801485570460
0.8160713565398794
0.8171023342672603
0.8180753520266100
0.8189926425182636
0.8198563886105839
0.8206687134645860
0.8214316726414334
0.8221472478644312
0.8228173421603769
0.8234437761447688
0.8240282852540112
0.8245725177550816
0.8250780333919381
0.8255463025475774
0.8259787058192261
0.8263765339203156
0.8267409878365128
0.8270731791720988
0.8273741306355452
0.8276447766187659
0.8278859638326989
0.8280984519674971
0.8282829143498984
0.8284399385771878
0.8285700271070522
0.8286735977888781
0.8287509843250633
0.8288024366503125
0.8288281212231233
0.8288281212231233
0.8288024366503125
0.8287509843250633
0.8286735977888829
0.8285700271070522
0.8284399385771878
0.8282829143498984
0.8280984519674971
0.8278859638326989
0.8276447766187659
0.8273741306355452
0.8270731791720988
0.8267409878365128
0.8263765339203156
0.8259787058192261
0.8255463025475774
0.8250780333919381
0.8245725177550816
0.8240282852540112
0.8234437761447688
0.8228173421603769
0.8221472478644312
0.8214316726414334
0.8206687134645860
0.8198563886105839
0.8189926425182636
0.8180753520266100
0.8171023342672603
0.8160713565398794
0.8149801485570460
0.8138264175164819
0.8126078665433041
0.8113222171458589
0.8099672364487712
0.8085407701110513
0.8070407820111128
0.8054654019938117
0.8038129832319252
0.8020821710859153
0.8002719857598700
0.7983819216101552
0.7964120667297400
0.7943632475477262
0.7922372049167233
0.7900368110429995
0.7877663418250909
0.7854318295188421
0.7830415438059609
0.7806067103310169
0.7781427823786425
0.7788709587684629
0.7813630144583780
0.7838254917196630
0.7862429168508928
0.7886040358551690
0.7909005461863057
0.7931263806711439
0.7952772284266095
0.7973501838003119
0.7993434752793404
0.8012562494711855
0.8030883956188781
0.8048404013371077
0.8065132331391123
0.8081082370605350
0.8096270557988257
0.8110715595515389
0.8124437882865899
0.8137459035898401
0.8149801485570460
0.8161488144540464
0.8172542130736414
0.8182986538909464
0.8192844252584645
0.8202137790009512
0.8210889178687759
0.8219119853916992
0.8226850577452947
0.8234101373014266
0.8240891475838075
0.8247239293926465
0.8253162378977349
0.8258677405301567
0.8263800155276345
0.8268545510112073
0.8272927444894668
0.8276959027013484
0.8280652417226559
0.8284018872728233
0.8287068751681269
0.8289811518741425
0.8292255751214542
0.8294409145486409
0.8296278523480343
0.8297869838893107
0.8299188183020956
0.8300237790024344
0.8301022041496277
0.8301543470231378
0.8301803763123137
0.8301803763123137
0.8301543470231378
0.8301022041496277
0.8300237790024344
0.8299188183020956
0.8297869838893107
0.8296278523480343
0.8294409145486409
0.8292255751214542
0.8289811518741425
0.8287068751681269
0.8284018872728233
0.8280652417226559
0.8276959027013484
0.8272927444894668
0.8268545510112073
0.8263800155276307
0.8258677405301567
0.8253162378977349
0.8247239293926465
0.8240891475838075
0.8234101373014266
0.8226850577452947
0.8219119853916992
0.8210889178687759
0.8202137790009512
0.8192844252584645
0.8182986538909464
0.8172542130736414
0.8161488144540464
0.8149801485570460
0.8137459035898401
0.8124437882865899
0.8110715595515389
0.8096270557988257
0.8081082370605350
0.8065132331391123
0.8048404013371077
0.8030883956188781
0.8012562494711855
0.7993434752793404
0.7973501838003119
0.7952772284266095
0.7931263806711427
0.7909005461863042
0.7886040358551690
0.7862429168508928
0.7838254917196630
0.7813630144583780
0.7788709587684629
0.7795634242330725
0.7820816694845920
0.7845698838798564
0.7870125807701847
0.7893984850304490
0.7917192679555877
0.7939688334344362
0.7961428407033797
0.7982383548000859
0.8002535766819927
0.8021876281255890
0.8040403768934173
0.8058122928809316
0.8075043288509558
0.8091178210950554
0.8106544064784139
0.8121159530824096
0.8135045022077110
0.8148222199077557
0.8160713565398805
0.8172542130736397
0.8183731130978326
0.8194303796364442
0.8204283160215901
0.8213691901873689
0.8222552218464091
0.8230885720909397
0.8238713350320469
0.8246055311470538
0.8252931020548557
0.8259359064828913
0.8265357172211111
0.8270942188944166
0.8276130064040464
0.8280935839157756
0.8285373642884724
0.8289456688527527
0.8293197274638061
0.8296606787632074
0.8299695705942695
0.8302473605244624
0.8304949164348001
0.8307130171435763
0.8309023530345828
0.8310635266679933
0.8311970533527203
0.8313033616646841
0.8313827938976337
0.8314356064353807
0.8314619700386205
0.8314619700386205
0.8314356064353807
0.8313827938976337
0.8313033616646841
0.8311970533527203
0.8310635266679933
0.8309023530345828
0.8307130171435763
0.8304949164348001
0.8302473605244624
0.8299695705942695
0.8296606787632074
0.8293197274638061
0.8289456688527527
0.8285373642884724
0.8280935839157756
0.8276130064040464
0.8270942188944157
0.8265357172211111
0.8259359064828913
0.8252931020548557
0.8246055311470525
0.8238713350320469
0.8230885720909397
0.8222552218464091
0.8213691901873689
0.8204283160215901
0.8194303796364442
0.8183731130978324
0.8172542130736397
0.8160713565398805
0.8148222199077557
0.8135045022077110
0.8121159530824096
0.8106544064784139
0.8091178210950554
0.8075043288509558
0.8058122928809316
0.8040403768934173
0.8021876281255890
0.8002535766819927
0.7982383548000859
0.7961428407033797
0.7939688334344362
0.7917192679555877
0.7893984850304486
0.7870125807701847
0.7845698838798564
0.7820816694845920
0.7795634242330725
0.7802211010559617
0.7827637190131181
0.7852758832683804
0.7877421004279931
0.7901510803233169
0.7924944738192015
0.7947661610552990
0.7969617758995617
0.7990783578223560
0.8011140831756259
0.8030680510024295
0.8049401088785016
0.8067307095214326
0.8084407918005474
0.8100716815173400
0.8116250084413662
0.8131026368450764
0.8145066073232594
0.8158390880913314
0.8171023342672687
0.8182986538909464
0.8194303796364433
0.8204998453352170
0.8215093665655480
0.8224612246775591
0.8233576537173625
0.8242008297962656
0.8249928625168612
0.8257357881284391
0.8264315641297352
0.8270820650820032
0.8276890794274540
0.8282543071416325
0.8287793580708714
0.8292657508294738
0.8297149121503247
0.8301281765957185
0.8305067865531166
0.8308518924481483
0.8311645531182821
0.8314457363008669
0.8316963191936479
0.8319170890542410
0.8321087438088971
0.8322718926469109
0.8324070565804311
0.8325146689521334
0.8325950758779269
0.8326485366134314
0.8326752238359689
0.8326752238359689
0.8326485366134314
0.8325950758779269
0.8325146689521334
0.8324070565804311
0.8322718926469109
0.8321087438088971
0.8319170890542410
0.8316963191936479
0.8314457363008669
0.8311645531182821
0.8308518924481483
0.8305067865531166
0.8301281765957185
0.8297149121503247
0.8292657508294738
0.8287793580708714
0.8282543071416325
0.8276890794274540
0.8270820650820032
0.8264315641297433
0.8257357881284391
0.8249928625168612
0.8242008297962673
0.8233576537173625
0.8224612246775591
0.8215093665655480
0.8204998453352170
0.8194303796364433
0.8182986538909464
0.8171023342672611
0.8158390880913314
0.8145066073232594
0.8131026368450764
0.8116250084413662
0.8100716815173400
0.8084407918005474
0.8067307095214326
0.8049401088785016
0.8030680510024295
0.8011140831756259
0.7990783578223560
0.7969617758995617
0.7947661610552990
0.7924944738192015
0.7901510803233169
0.7877421004279931
0.7852758832683804
0.7827637190131181
0.7802211010559630
0.7808449395426548
0.7834102271116604
0.7859446659284436
0.7884327609756612
0.7908632121475018
0.7932276547568033
0.7955199496829372
0.7977357093975247
0.7998719511693934
0.8019268294498436
0.8038994225707401
0.8057895592679951
0.8075976757831106
0.8093246971970598
0.8109719383893644
0.8125410211327810
0.8140338045897160
0.8154523270186458
0.8167987569032839
0.8180753520266100
0.8192844252584657
0.8204283160215901
0.8215093665655480
0.8225299023095151
0.8234922156285449
0.8243985525510307
0.8252511019155520
0.8260519866002231
0.8268032564979924
0.8275068829554992
0.8281647544386890
0.8287786732191852
0.8293503529092150
0.8298814166953730
0.8303733961448316
0.8308277304755882
0.8312457661989782
0.8316287570548704
0.8319778641727666
0.8322941564020282
0.8325786107618098
0.8328321129698764
0.8330554580149517
0.8332493507435612
0.8334144064356036
0.8335511513487693
0.8336600232141984
0.8337413716695500
0.8337954586179319
0.8338224585046171
0.8338224585046171
0.8337954586179319
0.8337413716695500
0.8336600232141984
0.8335511513487693
0.8334144064356036
0.8332493507435612
0.8330554580149517
0.8328321129698764
0.8325786107618098
0.8322941564020282
0.8319778641727666
0.8316287570548704
0.8312457661989825
0.8308277304755882
0.8303733961448316
0.8298814166953730
0.8293503529092150
0.8287786732191852
0.8281647544386890
0.8275068829554992
0.8268032564979924
0.8260519866002231
0.8252511019155520
0.8243985525510307
0.8234922156285449
0.8225299023095151
0.8215093665655480
0.8204283160215901
0.8192844252584657
0.8180753520266100
0.8167987569032839
0.8154523270186458
0.8140338045897160
0.8125410211327810
0.8109719383893644
0.8093246971970598
0.8075976757831106
0.8057895592679951
0.8038994225707401
0.8019268294498518
0.7998719511693934
0.7977357093975247
0.7955199496829372
0.7932276547568023
0.7908632121475011
0.7884327609756612
0.7859446659284436
0.7834102271116604
0.7808449395426527
0.7814359064761855
0.7840222670919949
0.7865774100495204
0.7890858429069385
0.7915362598849128
0.7939202848840150
0.7962317633923982
0.7984662899687093
0.8006208626917135
0.8026936165936468
0.8046836112172288
0.8065906578162892
0.8084151769645649
0.8101580802451542
0.8118206714325058
0.8134045636970144
0.8149116101185324
0.8163438453366152
0.8177034365665314
0.8189926425182636
0.8202137790009469
0.8213691901873689
0.8224612246775591
0.8234922156285449
0.8244644643314366
0.8253802267063942
0.8262417022670389
0.8270510251696747
0.8278102570205232
0.8285213811615656
0.8291862981948478
0.8298068225430887
0.8303846798696600
0.8309215052112466
0.8314188416932297
0.8318781397201787
0.8323007565481624
0.8326879561586483
0.8330409093662409
0.8333606941024704
0.8336482958260775
0.8339046080178082
0.8341304327233693
0.8343264811161517
0.8344933740520915
0.8346316425970497
0.8347417285087927
0.8348239846585822
0.8348786753821246
0.8349059767495368
0.8349059767495368
0.8348786753821246
0.8348239846585822
0.8347417285087927
0.8346316425970497
0.8344933740520915
0.8343264811161517
0.8341304327233693
0.8339046080178082
0.8336482958260775
0.8333606941024704
0.8330409093662409
0.8326879561586483
0.8323007565481624
0.8318781397201787
0.8314188416932256
0.8309215052112466
0.8303846798696600
0.8298068225430887
0.8291862981948478
0.8285213811615656
0.8278102570205232
0.8270510251696747
0.8262417022670389
0.8253802267063942
0.8244644643314366
0.8234922156285449
0.8224612246775591
0.8213691901873689
0.8202137790009469
0.8189926425182636
0.8177034365665314
0.8163438453366152
0.8149116101185324
0.8134045636970144
0.8118206714325058
0.8101580802451542
0.8084151769645649
0.8065906578162892
0.8046836112172288
0.8026936165936468
0.8006208626917135
0.7984662899687093
0.7962317633923982
0.7939202848840150
0.7915362598849128
0.7890858429069385
0.7865774100495204
0.7840222670919949
0.7814359064761855
0.7819949751958258
0.7846009119188589
0.7871752866926225
0.7897026130604525
0.7921715831080011
0.7945738128196047
0.7969031356152072
0.7991551311843035
0.8013267810971425
0.8034162032290699
0.8054224401407256
0.8073452869413646
0.8091851494097813
0.8109429260583368
0.8126199095677732
0.8142177041404028
0.8157381560743411
0.8171832954031822
0.8185552868447121
0.8198563886105886
0.8210889178687759
0.8222552218464091
0.8233576537173553
0.8243985525510307
0.8253802267063941
0.8263049401482572
0.8271749012384659
0.8279922536213252
0.8287590688763171
0.8294773406600171
0.8301489800992224
0.8307758122299325
0.8313595733085102
0.8319019088446752
0.8324043722287958
0.8328684238434788
0.8332954305653032
0.8336866655772834
0.8340433084219100
0.8343664452379613
0.8346570691289200
0.8349160806224960
0.8351442881829384
0.8353424087473124
0.8355110682586281
0.8356508021747088
0.8357620559349650
0.8358451853698841
0.8359004570426120
0.8359280485118649
0.8359280485118649
0.8359004570426120
0.8358451853698841
0.8357620559349650
0.8356508021747088
0.8355110682586281
0.8353424087473124
0.8351442881829384
0.8349160806224960
0.8346570691289200
0.8343664452379613
0.8340433084219100
0.8336866655772842
0.8332954305653032
0.8328684238434788
0.8324043722287958
0.8319019088446752
0.8313595733085102
0.8307758122299325
0.8301489800992224
0.8294773406600171
0.8287590688763171
0.8279922536213252
0.8271749012384659
0.8263049401482572
0.8253802267063941
0.8243985525510307
0.8233576537173553
0.8222552218464091
0.8210889178687759
0.8198563886105886
0.8185552868447121
0.8171832954031822
0.8157381560743411
0.8142177041404038
0.8126199095677732
0.8109429260583368
0.8091851494097783
0.8073452869413646
0.8054224401407256
0.8034162032290699
0.8013267810971425
0.7991551311843035
0.7969031356152072
0.7945738128196047
0.7921715831080011
0.7897026130604525
0.7871752866926225
0.7846009119188589
0.7819949751958258
0.7825231170816499
0.7851472260261003
0.7877394519263695
0.7902843170440691
0.7927705142426407
0.7951896545271635
0.7975355620907586
0.7998038044029385
0.8019913489043700
0.8040962983637442
0.8061176800433771
0.8080552742048375
0.8099094727380254
0.8116811616082208
0.8133716225644383
0.8149824506686463
0.8165154849641312
0.8179727501406334
0.8193564074543074
0.8206687134645860
0.8219119853916992
0.8230885720909397
0.8242008297962674
0.8252511019155520
0.8262417022670379
0.8271749012384725
0.8280529144239502
0.8288778933606518
0.8296519180409534
0.8303769909211272
0.8310550321911588
0.8316878760999209
0.8322772681615792
0.8328248630937967
0.8333322233588275
0.8338008181980482
0.8342320230643538
0.8346271193728215
0.8349872944998236
0.8353136419712558
0.8356071617891699
0.8358687608544354
0.8360992534475271
0.8362993617377065
0.8364697162923144
0.8366108565669530
0.8367232313556126
0.8368071991876085
0.8368630286586179
0.8368908986866532
0.8368908986866532
0.8368630286586179
0.8368071991876085
0.8367232313556126
0.8366108565669530
0.8364697162923144
0.8362993617377065
0.8360992534475271
0.8358687608544354
0.8356071617891699
0.8353136419712558
0.8349872944998236
0.8346271193728215
0.8342320230643538
0.8338008181980482
0.8333322233588275
0.8328248630937967
0.8322772681615792
0.8316878760999176
0.8310550321911588
0.8303769909211272
0.8296519180409534
0.8288778933606518
0.8280529144239502
0.8271749012384725
0.8262417022670379
0.8252511019155520
0.8242008297962674
0.8230885720909397
0.8219119853916992
0.8206687134645860
0.8193564074543074
0.8179727501406334
0.8165154849641312
0.8149824506686463
0.8133716225644401
0.8116811616082208
0.8099094727380254
0.8080552742048375
0.8061176800433771
0.8040962983637442
0.8019913489043700
0.7998038044029385
0.7975355620907586
0.7951896545271635
0.7927705142426407
0.7902843170440691
0.7877394519263695
0.7851472260261150
0.7825231170816499
0.7830212942610792
0.7856622583499246
0.7882710401772065
0.7908321728759147
0.7933343524603322
0.7957691874057889
0.7981304950970761
0.8004138330800759
0.8026161567673055
0.8047355556708765
0.8067710433127800
0.8087223863488865
0.8105899636948916
0.8123746493593301
0.8140777144361295
0.8157007448291418
0.8172455720397230
0.8187142148859086
0.8201088304234370
0.8214316726414334
0.8226850577452945
0.8238713350320469
0.8249928625168612
0.8260519866002231
0.8270510251696755
0.8279922536213252
0.8288778933606518
0.8297101024056744
0.8304909677702272
0.8312224993519882
0.8319066250864541
0.8325451871660736
0.8331399391474720
0.8336925437993076
0.8342045715607960
0.8346774995006599
0.8351127106825156
0.8355114938551493
0.8358750433967955
0.8362044594559849
0.8365007482358162
0.8367648223793867
0.8369975014182442
0.8371995122534692
0.8373714896417027
0.8375139766644401
0.8376274251618957
0.8377121961157953
0.8377685599704469
0.8377966968805534
0.8377966968805534
0.8377685599704469
0.8377121961157953
0.8376274251618957
0.8375139766644401
0.8373714896417027
0.8371995122534692
0.8369975014182442
0.8367648223793867
0.8365007482358162
0.8362044594559849
0.8358750433967955
0.8355114938551461
0.8351127106825156
0.8346774995006599
0.8342045715607960
0.8336925437993076
0.8331399391474720
0.8325451871660691
0.8319066250864541
0.8312224993519876
0.8304909677702272
0.8297101024056744
0.8288778933606518
0.8279922536213252
0.8270510251696755
0.8260519866002231
0.8249928625168612
0.8238713350320469
0.8226850577452945
0.8214316726414334
0.8201088304234370
0.8187142148859086
0.8172455720397230
0.8157007448291418
0.8140777144361295
0.8123746493593301
0.8105899636948882
0.8087223863488865
0.8067710433127800
0.8047355556708772
0.8026161567673064
0.8004138330800759
0.7981304950970761
0.7957691874057889
0.7933343524603322
0.7908321728759147
0.7882710401772065
0.7856622583499246
0.7830212942610792
0.7834904533745037
0.7861470364120505
0.7887711586233195
0.7913473656670753
0.7938643586150537
0.7963137454386542
0.7986893387601285
0.8009866881839086
0.8032027389440604
0.8053355689577720
0.8073841794406175
0.8093483246200880
0.8112283713450681
0.8130251822993633
0.8147400182840677
0.8163744561501389
0.8179303197218767
0.8194096215930976
0.8208145140726643
0.8221472478644312
0.8234101373014266
0.8246055311470527
0.8257357881284391
0.8268032564979924
0.8278102570205385
0.8287590688763171
0.8296519180409534
0.8304909677702272
0.8312783108676345
0.8320159634601817
0.8327058600479045
0.8333498496225232
0.8339496926827227
0.8345070589956033
0.8350235259767328
0.8355005775771915
0.8359396035832581
0.8363418992473306
0.8367086651801863
0.8370410074432237
0.8373399377918042
0.8376063740226660
0.8378411403904513
0.8380449680604641
0.8382184955702306
0.8383622692783127
0.8384767437809281
0.8385622822812361
0.8386191568986412
0.8386475489091142
0.8386475489091142
0.8386191568986412
0.8385622822812361
0.8384767437809281
0.8383622692783127
0.8382184955702306
0.8380449680604641
0.8378411403904513
0.8376063740226660
0.8373399377918042
0.8370410074432152
0.8367086651801863
0.8363418992473358
0.8359396035832591
0.8355005775771915
0.8350235259767328
0.8345070589956033
0.8339496926827227
0.8333498496225232
0.8327058600479045
0.8320159634601817
0.8312783108676345
0.8304909677702276
0.8296519180409534
0.8287590688763171
0.8278102570205385
0.8268032564979924
0.8257357881284391
0.8246055311470527
0.8234101373014266
0.8221472478644312
0.8208145140726643
0.8194096215930976
0.8179303197218767
0.8163744561501389
0.8147400182840677
0.8130251822993633
0.8112283713450681
0.8093483246200880
0.8073841794406175
0.8053355689577720
0.8032027389440604
0.8009866881839086
0.7986893387601285
0.7963137454386542
0.7938643586150537
0.7913473656670753
0.7887711586233195
0.7861470364120495
0.7834904533745037
0.7839315202593135
0.7866025613117037
0.7892408824868605
0.7918310431956551
0.7943617510707442
0.7968246152366276
0.7992134452710157
0.8015237845396228
0.8037525697196015
0.8058978686210515
0.8079586714649483
0.8099347211597294
0.8118263733734529
0.8136344801210786
0.8153602923360842
0.8170053780171955
0.8185715533013385
0.8200608243509233
0.8214753383444228
0.8228173421603769
0.8240891475838075
0.8252931020548601
0.8264315641297435
0.8275068829554962
0.8285213811615658
0.8294773406600171
0.8303769909211275
0.8312224993519876
0.8320159634601856
0.8327594045290174
0.8334547625693813
0.8341038923468155
0.8347085603103681
0.8352704422734564
0.8357911217189209
0.8362720886175502
0.8367147386650551
0.8371203728560175
0.8374901973239149
0.8378253233882056
0.8381267677549048
0.8383954528286126
0.8386322070958910
0.8388377655503056
0.8390127701292486
0.8391577701426557
0.8392732226713729
0.8393594929230245
0.8394168545299321
0.8394454897812076
0.8394454897812076
0.8394168545299321
0.8393594929230245
0.8392732226713729
0.8391577701426557
0.8390127701292486
0.8388377655503056
0.8386322070958910
0.8383954528286126
0.8381267677549048
0.8378253233882056
0.8374901973239149
0.8371203728560167
0.8367147386650551
0.8362720886175502
0.8357911217189210
0.8352704422734564
0.8347085603103681
0.8341038923468155
0.8334547625693813
0.8327594045290174
0.8320159634601856
0.8312224993519876
0.8303769909211275
0.8294773406600171
0.8285213811615656
0.8275068829554962
0.8264315641297435
0.8252931020548557
0.8240891475838075
0.8228173421603769
0.8214753383444228
0.8200608243509233
0.8185715533013385
0.8170053780171955
0.8153602923360842
0.8136344801210786
0.8118263733734529
0.8099347211597294
0.8079586714649483
0.8058978686210515
0.8037525697196015
0.8015237845396228
0.7992134452710157
0.7968246152366276
0.7943617510707442
0.7918310431956551
0.7892408824868605
0.7866025613117037
0.7839315202593135
0.7843453954295018
0.7870298034985324
0.7896812510957989
0.7922843122417094
0.7948277022846451
0.7973030328379538
0.7997041118657999
0.8020264779490425
0.8042670606238045
0.8064239189195089
0.8084960332600745
0.8104831362717879
0.8123855732991938
0.8142041863536273
0.8159402169701790
0.8175952245710375
0.8191710176948048
0.8206695959870403
0.8220931012495213
0.8234437761447688
0.8247239293926444
0.8259359064828942
0.8270820650820032
0.8281647544386890
0.8291862981948478
0.8301489800992224
0.8310550321911588
0.8319066250864541
0.8327058600479045
0.8334547625693813
0.8341552772391025
0.8348092636826925
0.8354184934110312
0.8359846474265104
0.8365093144573126
0.8369939897111862
0.8374400740522787
0.8378488735207997
0.8382215991227950
0.8385593668326962
0.8388631977535104
0.8391340183927187
0.8393726610143339
0.8395798640356394
0.8397562724401616
0.8399024381853606
0.8400188205845901
0.8401057866476523
0.8401636113683127
0.8401924779477110
0.8401924779477110
0.8401636113683127
0.8401057866476512
0.8400188205845901
0.8399024381853597
0.8397562724401616
0.8395798640356396
0.8393726610143339
0.8391340183927187
0.8388631977535104
0.8385593668326962
0.8382215991227950
0.8378488735207997
0.8374400740522787
0.8369939897111862
0.8365093144573126
0.8359846474265104
0.8354184934110312
0.8348092636826925
0.8341552772391025
0.8334547625693813
0.8327058600479045
0.8319066250864541
0.8310550321911588
0.8301489800992224
0.8291862981948478
0.8281647544386890
0.8270820650820032
0.8259359064828942
0.8247239293926444
0.8234437761447688
0.8220931012495213
0.8206695959870403
0.8191710176948048
0.8175952245710375
0.8159402169701790
0.8142041863536316
0.8123855732991938
0.8104831362717879
0.8084960332600745
0.8064239189195089
0.8042670606238045
0.8020264779490425
0.7997041118657999
0.7973030328379538
0.7948277022846451
0.7922843122417034
0.7896812510957989
0.7870298034985324
0.7843453954295018
0.7847329502436663
0.7874296992209652
0.7900932646067234
0.7927082355714568
0.7952633360324344
0.7977501811475295
0.8001625784458816
0.8024960629573238
0.8047475583076694
0.8069151159249278
0.8089977075238896
0.8109950564145344
0.8129074984401244
0.8147358662726538
0.8164813925475933
0.8181456284430388
0.8197303750687757
0.8212376255680272
0.8226695162351717
0.8240282852540106
0.8253162378977349
0.8265357172211111
0.8276890794274540
0.8287786732191852
0.8298068225430887
0.8307758122299325
0.8316878760999176
0.8325451871660741
0.8333498496225232
0.8341038923468126
0.8348092636826925
0.8354678273057325
0.8360813589976106
0.8366515441818407
0.8371799760930108
0.8376681544685729
0.8381174846696968
0.8385292771481837
0.8389047471893780
0.8392450148708176
0.8395511051839928
0.8398239482751533
0.8400643797663782
0.8402731411250722
0.8404508800536258
0.8405981508761309
0.8407154149036224
0.8408030407607395
0.8408613046617212
0.8408903906260947
0.8408903906260947
0.8408613046617212
0.8408030407607395
0.8407154149036224
0.8405981508761309
0.8404508800536258
0.8402731411250722
0.8400643797663782
0.8398239482751533
0.8395511051839928
0.8392450148708176
0.8389047471893780
0.8385292771481841
0.8381174846696968
0.8376681544685654
0.8371799760930108
0.8366515441818407
0.8360813589976106
0.8354678273057325
0.8348092636826925
0.8341038923468126
0.8333498496225232
0.8325451871660741
0.8316878760999176
0.8307758122299325
0.8298068225430887
0.8287786732191852
0.8276890794274540
0.8265357172211111
0.8253162378977349
0.8240282852540106
0.8226695162351699
0.8212376255680272
0.8197303750687757
0.8181456284430388
0.8164813925475933
0.8147358662726538
0.8129074984401244
0.8109950564145344
0.8089977075238896
0.8069151159249278
0.8047475583076694
0.8024960629573238
0.8001625784458816
0.7977501811475295
0.7952633360324344
0.7927082355714568
0.7900932646067234
0.7874296992209652
0.7847329502436663
0.7850950236681025
0.7878031475543352
0.7904778812938372
0.7931038294748463
0.7956697251760573
0.7981671879118758
0.8005900257335387
0.8029337711580361
0.8051953429661745
0.8073727860291094
0.8094650643381220
0.8114718927833504
0.8133935984903179
0.8152310054466911
0.8169853379055939
0.8186581391763044
0.8202512031732494
0.8217665166334980
0.8232062103104938
0.8245725177550807
0.8258677405301567
0.8270942188944166
0.8282543071416325
0.8293503529092150
0.8303846798696600
0.8313595733085102
0.8322772681615788
0.8331399391474720
0.8339496926827212
0.8347085603103683
0.8354184934110312
0.8360813589976106
0.8366989364215928
0.8372729148448823
0.8378048913465783
0.8382963695590262
0.8387487587344067
0.8391633731624283
0.8395414318684848
0.8398840585306215
0.8401922815641752
0.8404670343288340
0.8407091554201339
0.8409193890119093
0.8410983852237005
0.8412467004870560
0.8413647978941836
0.8414530475108791
0.8415117266416743
0.8415410200374703
0.8415410200374703
0.8415117266416743
0.8414530475108791
0.8413647978941836
0.8412467004870560
0.8410983852237007
0.8409193890119078
0.8407091554201339
0.8404670343288340
0.8401922815641752
0.8398840585306215
0.8395414318684848
0.8391633731624283
0.8387487587344067
0.8382963695590262
0.8378048913465783
0.8372729148448823
0.8366989364215928
0.8360813589976106
0.8354184934110312
0.8347085603103683
0.8339496926827212
0.8331399391474720
0.8322772681615788
0.8313595733085102
0.8303846798696600
0.8293503529092150
0.8282543071416325
0.8270942188944157
0.8258677405301567
0.8245725177550807
0.8232062103104938
0.8217665166334980
0.8202512031732494
0.8186581391763044
0.8169853379055858
0.8152310054466911
0.8133935984903179
0.8114718927833504
0.8094650643381220
0.8073727860291094
0.8051953429661745
0.8029337711580361
0.8005900257335387
0.7981671879118758
0.7956697251760573
0.7931038294748463
0.7904778812938372
0.7878031475543352
0.7850950236681025
0.7854324195530796
0.7881510079259313
0.7908360153193010
0.7934720617719284
0.7960478898902338
0.7985551241454140
0.8009875738734378
0.8033407699443376
0.8056116272101808
0.8077981849080759
0.8098994001966965
0.8119149803751706
0.8138452445947325
0.8156910087995535
0.8174534893868579
0.8191342222033428
0.8207349942520142
0.8222577860271265
0.8237047227884450
0.8250780333919381
0.8263800155276307
0.8276130064040432
0.8287793580708714
0.8298814166953725
0.8309215052112466
0.8319019088446767
0.8328248630937967
0.8336925437993085
0.8345070589955959
0.8352704422734564
0.8359846474265104
0.8366515441818400
0.8372729148448823
0.8378504517105642
0.8383857551152650
0.8388803320181528
0.8393355950187579
0.8397528617279957
0.8401333544236173
0.8404781999284190
0.8407884296588863
0.8410649798006300
0.8413086915705730
0.8415203115348842
0.8417004919530288
0.8418497911258388
0.8419686737274570
0.8420575111050480
0.8421165815334933
0.8421460704146315
0.8421460704146315
0.8421165815334933
0.8420575111050393
0.8419686737274570
0.8418497911258388
0.8417004919530288
0.8415203115348842
0.8413086915705730
0.8410649798006320
0.8407884296588863
0.8404781999284190
0.8401333544236173
0.8397528617279970
0.8393355950187579
0.8388803320181528
0.8383857551152650
0.8378504517105584
0.8372729148448823
0.8366515441818414
0.8359846474265136
0.8352704422734564
0.8345070589955988
0.8336925437993085
0.8328248630937946
0.8319019088446767
0.8309215052112425
0.8298814166953725
0.8287793580708714
0.8276130064040432
0.8263800155276307
0.8250780333919381
0.8237047227884450
0.8222577860271265
0.8207349942520142
0.8191342222033428
0.8174534893868579
0.8156910087995535
0.8138452445947325
0.8119149803751706
0.8098994001966965
0.8077981849080759
0.8056116272101808
0.8033407699443376
0.8009875738734378
0.7985551241454140
0.7960478898902338
0.7934720617719284
0.7908360153193010
0.7881510079259313
0.7854324195530796
0.7857459043511704
0.7884740980675657
0.7911685349157997
0.7938138502159945
0.7963987962734773
0.7989150029316553
0.8013562814038182
0.8037181616261877
0.8059975553058900
0.8081924968580360
0.8103019374123551
0.8123255774418426
0.8142637288262786
0.8161172000884750
0.8178872002992802
0.8195752582707535
0.8211831544179864
0.8227128632099523
0.8241665045274167
0.8255463025475774
0.8268545510112073
0.8280935839157765
0.8292657508294771
0.8303733961448316
0.8314188416932297
0.8324043722287878
0.8333322233588275
0.8342045715607960
0.8350235259767311
0.8357911217189209
0.8365093144573126
0.8371799760930108
0.8378048913465754
0.8383857551152634
0.8389241704723485
0.8394216471998275
0.8398796007588977
0.8402993516186672
0.8406821248707760
0.8410290500710719
0.8413411612547336
0.8416193970809599
0.8418646010684251
0.8420775218881871
0.8422588136869981
0.8424090364170060
0.8425286561515392
0.8426180453727582
0.8426774832152212
0.8427071556583674
0.8427071556583674
0.8426774832152212
0.8426180453727582
0.8425286561515392
0.8424090364170060
0.8422588136869997
0.8420775218881871
0.8418646010684251
0.8416193970809599
0.8413411612547336
0.8410290500710719
0.8406821248707760
0.8402993516186672
0.8398796007588977
0.8394216471998275
0.8389241704723485
0.8383857551152619
0.8378048913465754
0.8371799760930108
0.8365093144573126
0.8357911217189209
0.8350235259767311
0.8342045715607960
0.8333322233588275
0.8324043722287878
0.8314188416932297
0.8303733961448316
0.8292657508294771
0.8280935839157754
0.8268545510112073
0.8255463025475774
0.8241665045274167
0.8227128632099523
0.8211831544179864
0.8195752582707535
0.8178872002992802
0.8161172000884750
0.8142637288262786
0.8123255774418426
0.8103019374123551
0.8081924968580360
0.8059975553058900
0.8037181616261877
0.8013562814038182
0.7989150029316553
0.7963987962734773
0.7938138502159945
0.7911685349158006
0.7884740980675657
0.7857459043511704
0.7860362052150330
0.7887731923309900
0.7914762609169310
0.7941300612315414
0.7967233552811341
0.7992477785365525
0.8016971445316960
0.8040669828473151
0.8063542027117222
0.8085568344302420
0.8106738238268492
0.8127048652535571
0.8146502639809495
0.8165108217121300
0.8182877407185353
0.8199825432205000
0.8215970033986516
0.8231330899584073
0.8245929175719111
0.8259787058192303
0.8272927444894668
0.8285373642884731
0.8297149121503247
0.8308277304755882
0.8318781397201795
0.8328684238434788
0.8338008181980482
0.8346774995006599
0.8355005775771915
0.8362720886175556
0.8369939897111826
0.8376681544685654
0.8382963695590262
0.8388803320181534
0.8394216471998275
0.8399218272630790
0.8403822901003525
0.8408043586257224
0.8411892603522441
0.8415381271990722
0.8418519954752869
0.8421318059955060
0.8423784042898564
0.8425925408737992
0.8427748715513902
0.8429259577268691
0.8430462667066707
0.8431361719732766
0.8431959534206264
0.8432257975380838
0.8432257975380838
0.8431959534206264
0.8431361719732754
0.8430462667066707
0.8429259577268691
0.8427748715513902
0.8425925408737992
0.8423784042898564
0.8421318059955060
0.8418519954752869
0.8415381271990722
0.8411892603522441
0.8408043586257224
0.8403822901003525
0.8399218272630790
0.8394216471998275
0.8388803320181534
0.8382963695590275
0.8376681544685654
0.8369939897111826
0.8362720886175556
0.8355005775771915
0.8346774995006599
0.8338008181980482
0.8328684238434788
0.8318781397201795
0.8308277304755896
0.8297149121503247
0.8285373642884731
0.8272927444894668
0.8259787058192303
0.8245929175719064
0.8231330899584093
0.8215970033986516
0.8199825432205000
0.8182877407185353
0.8165108217121300
0.8146502639809495
0.8127048652535571
0.8106738238268492
0.8085568344302420
0.8063542027117222
0.8040669828473151
0.8016971445316960
0.7992477785365525
0.7967233552811341
0.7941300612315414
0.7914762609169310
0.7887731923309900
0.7860362052150330
0.7863040084201259
0.7890490203133076
0.7917599655821793
0.7944215089317698
0.7970224219258772
0.7995543457779020
0.8020110966558711
0.8043882042445236
0.8066825758545162
0.8088922383038170
0.8110161327612682
0.8130539481063217
0.8150059836240955
0.8168730347774698
0.8186562975591550
0.8203572880500525
0.8219777745722922
0.8235197203648451
0.8249852351075122
0.8263765339203156
0.8276959027013453
0.8289456688527527
0.8301281765957185
0.8312457661989825
0.8323007565481624
0.8332954305653032
0.8342320230643566
0.8351127106825156
0.8359396035832581
0.8367147386650551
0.8374400740522787
0.8381174846696968
0.8387487587344138
0.8393355950187579
0.8398796007588977
0.8403822901003525
0.8408450829866652
0.8412693044105575
0.8416561839568623
0.8420068555775878
0.8423223575461426
0.8426036325463099
0.8428515278578955
0.8430667956050566
0.8432500930402588
0.8434019828397051
0.8435229333907716
0.8436133190549316
0.8436734203930458
0.8437034243432128
0.8437034243432201
0.8436734203930455
0.8436133190549316
0.8435229333907714
0.8434019828397051
0.8432500930402588
0.8430667956050566
0.8428515278578955
0.8426036325463099
0.8423223575461426
0.8420068555775878
0.8416561839568623
0.8412693044105575
0.8408450829866652
0.8403822901003525
0.8398796007588977
0.8393355950187579
0.8387487587344138
0.8381174846696968
0.8374400740522787
0.8367147386650551
0.8359396035832581
0.8351127106825156
0.8342320230643566
0.8332954305653032
0.8323007565481617
0.8312457661989825
0.8301281765957185
0.8289456688527527
0.8276959027013473
0.8263765339203156
0.8249852351075122
0.8235197203648451
0.8219777745722922
0.8203572880500525
0.8186562975591550
0.8168730347774698
0.8150059836240955
0.8130539481063217
0.8110161327612682
0.8088922383038170
0.8066825758545162
0.8043882042445236
0.8020110966558711
0.7995543457779020
0.7970224219258772
0.7944215089317698
0.7917599655821793
0.7890490203133076
0.7863040084201259
0.7865499580653630
0.7893022657448554
0.7920203716691252
0.7946889543696829
0.7972967946978822
0.7998355396041821
0.8022990080900675
0.8046827302994823
0.8069836120934292
0.8091996773451590
0.8113298631519203
0.8133738535177468
0.8153319423285731
0.8172049193639656
0.8189939748502632
0.8207006191854734
0.8223266152264543
0.8238739210704951
0.8253446416594561
0.8267409878365167
0.8280652417226559
0.8293197274638092
0.8305067865531166
0.8316287570548704
0.8326879561586482
0.8336866655772842
0.8346271193728215
0.8355114938551499
0.8363418992473358
0.8371203728560169
0.8378488735207998
0.8385292771481837
0.8391633731624283
0.8397528617279957
0.8402993516186668
0.8408043586257224
0.8412693044105528
0.8416955157216459
0.8420842239059551
0.8424365646541392
0.8427535779275754
0.8430362080226526
0.8432853037334758
0.8435016185804208
0.8436858110760109
0.8438384450051175
0.8439599896987298
0.8440508202863728
0.8441112179125942
0.8441413699080458
0.8441413699080452
0.8441112179125942
0.8440508202863728
0.8439599896987252
0.8438384450051175
0.8436858110760109
0.8435016185804208
0.8432853037334758
0.8430362080226524
0.8427535779275754
0.8424365646541392
0.8420842239059554
0.8416955157216459
0.8412693044105528
0.8408043586257224
0.8402993516186668
0.8397528617279957
0.8391633731624283
0.8385292771481859
0.8378488735207993
0.8371203728560169
0.8363418992473358
0.8355114938551499
0.8346271193728215
0.8336866655772842
0.8326879561586483
0.8316287570548704
0.8305067865531166
0.8293197274638061
0.8280652417226559
0.8267409878365167
0.8253446416594561
0.8238739210704951
0.8223266152264543
0.8207006191854734
0.8189939748502632
0.8172049193639656
0.8153319423285731
0.8133738535177468
0.8113298631519203
0.8091996773451590
0.8069836120934292
0.8046827302994823
0.8022990080900675
0.7998355396041821
0.7972967946978822
0.7946889543696829
0.7920203716691252
0.7893022657448554
0.7865499580653630
0.7867746550087172
0.7895335655972189
0.7922581517121519
0.7949331049809814
0.7975472151650501
0.8000921348411815
0.8025616859442952
0.8049513993415717
0.8072581798295918
0.8094800488082070
0.8116159398267471
0.8136655325634197
0.8156291160561798
0.8175074749355830
0.8193017941636560
0.8210135789135755
0.8226445869823921
0.8241967716725586
0.8256722334729301
0.8270731791720988
0.8284018872728233
0.8296606787632086
0.8308518924481497
0.8319778641727666
0.8330409093662413
0.8340433084219100
0.8349872944998236
0.8358750433967955
0.8367086651801863
0.8374901973239167
0.8382215991227935
0.8389047471893780
0.8395414318684848
0.8401333544236173
0.8406821248707760
0.8411892603522441
0.8416561839568617
0.8420842239059551
0.8424746130355302
0.8428284885144957
0.8431468917465250
0.8434307684115637
0.8436809686074749
0.8438982470599988
0.8440832633721650
0.8442365822899631
0.8443586739643436
0.8444499141924626
0.8445105846270312
0.8445408729406484
0.8445408729406484
0.8445105846270312
0.8444499141924626
0.8443586739643436
0.8442365822899631
0.8440832633721650
0.8438982470599988
0.8436809686074749
0.8434307684115637
0.8431468917465286
0.8428284885144957
0.8424746130355302
0.8420842239059551
0.8416561839568617
0.8411892603522441
0.8406821248707760
0.8401333544236173
0.8395414318684848
0.8389047471893780
0.8382215991227935
0.8374901973239167
0.8367086651801863
0.8358750433967955
0.8349872944998237
0.8340433084219100
0.8330409093662470
0.8319778641727666
0.8308518924481486
0.8296606787632086
0.8284018872728233
0.8270731791720988
0.8256722334729301
0.8241967716725586
0.8226445869823921
0.8210135789135755
0.8193017941636560
0.8175074749355830
0.8156291160561798
0.8136655325634197
0.8116159398267471
0.8094800488082070
0.8072581798295918
0.8049513993415717
0.8025616859442952
0.8000921348411815
0.7975472151650501
0.7949331049809814
0.7922581517121513
0.7895335655972189
0.7867746550087172
0.7869786560031856
0.7897435093773452
0.7924739274710952
0.7951546141847287
0.7977743677177098
0.8003248460719640
0.8027998741299047
0.8051949836653756
0.8075070787241424
0.8097341786395656
0.8118752138835047
0.8139298603139479
0.8158984026400032
0.8177816208556554
0.8195806951494286
0.8212971259264955
0.8229326663378597
0.8244892652554241
0.8259690190254140
0.8273741306355452
0.8287068751681269
0.8299695705942695
0.8311645531182821
0.8322941564020282
0.8333606941024704
0.8343664452379588
0.8353136419712558
0.8362044594559842
0.8370410074432237
0.8378253233882152
0.8385593668326986
0.8392450148708176
0.8398840585306259
0.8404781999284242
0.8410290500710746
0.8415381271990773
0.8420068555775878
0.8424365646541392
0.8428284885144967
0.8431837655763668
0.8435034384682252
0.8437884540497472
0.8440396635348468
0.8442578226838990
0.8444435920383222
0.8445975371730606
0.8447201289467469
0.8448117437342075
0.8448726636277535
0.8449030765963622
0.8449030765963622
0.8448726636277535
0.8448117437342075
0.8447201289467469
0.8445975371730606
0.8444435920383222
0.8442578226838990
0.8440396635348468
0.8437884540497472
0.8435034384682252
0.8431837655763668
0.8428284885144967
0.8424365646541392
0.8420068555775923
0.8415381271990773
0.8410290500710746
0.8404781999284242
0.8398840585306259
0.8392450148708176
0.8385593668326964
0.8378253233882152
0.8370410074432237
0.8362044594559842
0.8353136419712558
0.8343664452379588
0.8333606941024704
0.8322941564020282
0.8311645531182821
0.8299695705942695
0.8287068751681269
0.8273741306355452
0.8259690190254140
0.8244892652554241
0.8229326663378597
0.8212971259264968
0.8195806951494286
0.8177816208556530
0.8158984026400032
0.8139298603139479
0.8118752138835047
0.8097341786395656
0.8075070787241424
0.8051949836653756
0.8027998741299047
0.8003248460719640
0.7977743677177098
0.7951546141847287
0.7924739274710952
0.7897435093773452
0.7869786560031856
0.7871624730003626
0.7899326385745016
0.7926682695211908
0.7953540811098361
0.7979788794267803
0.8005343276194179
0.8030142534568570
0.8054141897334167
0.8077310399935687
0.8099628218554541
0.8121084631357247
0.8141676363387558
0.8161406223335609
0.8180281969693861
0.8198315361405017
0.8215521359379843
0.8231917452863448
0.8247523090043443
0.8262359196258264
0.8276447766187659
0.8289811518741408
0.8302473605244629
0.8314457363008669
0.8325786107618057
0.8336482958260754
0.8346570691289200
0.8356071617891699
0.8365007482358162
0.8373399377918018
0.8381267677549048
0.8388631977535104
0.8395511051839930
0.8401922815641752
0.8407884296588863
0.8413411612547336
0.8418519954752869
0.8423223575461426
0.8427535779275835
0.8431468917465286
0.8435034384682252
0.8438242617539451
0.8441103094630195
0.8443624337580714
0.8445813912819924
0.8447678433785187
0.8449223563324854
0.8450454016099607
0.8451373560822009
0.8451985022194508
0.8452290282457700
0.8452290282457700
0.8451985022194508
0.8451373560822004
0.8450454016099607
0.8449223563324854
0.8447678433785187
0.8445813912819924
0.8443624337580714
0.8441103094630195
0.8438242617539451
0.8435034384682252
0.8431468917465286
0.8427535779275835
0.8423223575461426
0.8418519954752869
0.8413411612547336
0.8407884296588863
0.8401922815641752
0.8395511051839930
0.8388631977535104
0.8381267677549048
0.8373399377918040
0.8365007482358162
0.8356071617891699
0.8346570691289200
0.8336482958260754
0.8325786107618057
0.8314457363008669
0.8302473605244624
0.8289811518741408
0.8276447766187659
0.8262359196258264
0.8247523090043443
0.8231917452863448
0.8215521359379869
0.8198315361405017
0.8180281969693861
0.8161406223335609
0.8141676363387558
0.8121084631357247
0.8099628218554541
0.8077310399935687
0.8054141897334167
0.8030142534568570
0.8005343276194179
0.7979788794267801
0.7953540811098361
0.7926682695211908
0.7899326385745016
0.7871624730003626
0.7873265725942390
0.7901014462346427
0.7928416969550584
0.7955320504226748
0.7981613199908139
0.8007211736057493
0.8032054417981246
0.8056096584358061
0.8079307267562965
0.8101666629641852
0.8123163926003727
0.8143795852475766
0.8163565183961845
0.8182479642228268
0.8200550947952554
0.8217794023406413
0.8234226319795148
0.8249867248650530
0.8264737700659368
0.8278859638326986
0.8292255751214460
0.8304949164348001
0.8316963191936445
0.8328321129698764
0.8339046080178082
0.8349160806224978
0.8358687608544354
0.8367648223793867
0.8376063740226660
0.8383954528286126
0.8391340183927201
0.8398239482751533
0.8404670343288340
0.8410649798006261
0.8416193970809575
0.8421318059955060
0.8426036325463099
0.8430362080226526
0.8434307684115637
0.8437884540497491
0.8441103094630177
0.8443972833509706
0.8446502286766390
0.8448699028299318
0.8450569678353013
0.8452119905811569
0.8453354430510348
0.8454277025391289
0.8454890518385489
0.8455196793911487
0.8455196793911487
0.8454890518385489
0.8454277025391289
0.8453354430510348
0.8452119905811569
0.8450569678353013
0.8448699028299317
0.8446502286766390
0.8443972833509706
0.8441103094630177
0.8437884540497491
0.8434307684115637
0.8430362080226526
0.8426036325463099
0.8421318059955060
0.8416193970809575
0.8410649798006261
0.8404670343288340
0.8398239482751533
0.8391340183927185
0.8383954528286126
0.8376063740226660
0.8367648223793867
0.8358687608544354
0.8349160806224978
0.8339046080178082
0.8328321129698764
0.8316963191936445
0.8304949164348001
0.8292255751214460
0.8278859638326986
0.8264737700659368
0.8249867248650530
0.8234226319795148
0.8217794023406413
0.8200550947952554
0.8182479642228268
0.8163565183961845
0.8143795852475766
0.8123163926003727
0.8101666629641852
0.8079307267562965
0.8056096584358061
0.8032054417981246
0.8007211736057493
0.7981613199908139
0.7955320504226748
0.7928416969550584
0.7901014462346427
0.7873265725942390
0.7874713755818951
0.7902503766379407
0.7929946771758063
0.7956890122317932
0.7983222017481784
0.8008859180668112
0.8033739942987078
0.8057819653865695
0.8081067344070414
0.8103463164098250
0.8124996350023511
0.8145663572463611
0.8165467576901073
0.8184416052925078
0.8202520687509199
0.8219796368743389
0.8236260514037289
0.8251932502216027
0.8266833192916445
0.8280984519674971
0.8294409145486413
0.8307130171435763
0.8319170890542406
0.8330554580149517
0.8341304327233685
0.8351442881829384
0.8360992534475283
0.8369975014182442
0.8378411403904513
0.8386322070958910
0.8393726610143339
0.8400643797663782
0.8407091554201339
0.8413086915705730
0.8418646010684251
0.8423784042898512
0.8428515278578955
0.8432853037334758
0.8436809686074763
0.8440396635348468
0.8443624337580714
0.8446502286766390
0.8449039019230016
0.8451242115131589
0.8453118200439623
0.8454672949124711
0.8455911085384340
0.8456836385735028
0.8457451680839004
0.8457758856955060
0.8457758856955060
0.8457451680839004
0.8456836385735028
0.8455911085384340
0.8454672949124711
0.8453118200439623
0.8451242115131589
0.8449039019230016
0.8446502286766390
0.8443624337580714
0.8440396635348468
0.8436809686074763
0.8432853037334758
0.8428515278578955
0.8423784042898564
0.8418646010684220
0.8413086915705730
0.8407091554201339
0.8400643797663782
0.8393726610143339
0.8386322070958910
0.8378411403904513
0.8369975014182442
0.8360992534475283
0.8351442881829384
0.8341304327233685
0.8330554580149517
0.8319170890542406
0.8307130171435763
0.8294409145486413
0.8280984519674970
0.8266833192916436
0.8251932502216027
0.8236260514037289
0.8219796368743389
0.8202520687509199
0.8184416052925078
0.8165467576901073
0.8145663572463633
0.8124996350023511
0.8103463164098250
0.8081067344070414
0.8057819653865695
0.8033739942987078
0.8008859180668112
0.7983222017481784
0.7956890122317932
0.7929946771758063
0.7902503766379407
0.7874713755818951
0.7875972566205255
0.7903798250595191
0.7931276257600736
0.7958254020507718
0.7984619797363594
0.8010290351014293
0.8035204036102083
0.8059316212363892
0.8082595910007135
0.8105023270193935
0.8126587512764808
0.8147285286855167
0.8167119312682364
0.8186097252036617
0.8204230762650968
0.8221534702838715
0.8238026460461956
0.8253725385650290
0.8268652310688646
0.8282829143498963
0.8296278523480343
0.8309023530345828
0.8321087438088971
0.8332493507435612
0.8343264811161517
0.8353424087473124
0.8362993617377065
0.8371995122534682
0.8380449680604641
0.8388377655503039
0.8395798640356394
0.8402731411250711
0.8409193890119093
0.8415203115348842
0.8420775218881871
0.8425925408738005
0.8430667956050553
0.8435016185804206
0.8438982470599982
0.8442578226838990
0.8445813912819924
0.8448699028299317
0.8451242115131613
0.8453450758669904
0.8455331589634096
0.8456890286228466
0.8458131576289359
0.8459059239316563
0.8459676108253210
0.8459984070897604
0.8459984070897604
0.8459676108253180
0.8459059239316563
0.8458131576289359
0.8456890286228466
0.8455331589634096
0.8453450758669904
0.8451242115131613
0.8448699028299317
0.8445813912819947
0.8442578226838990
0.8438982470599982
0.8435016185804206
0.8430667956050553
0.8425925408738005
0.8420775218881871
0.8415203115348842
0.8409193890119093
0.8402731411250722
0.8395798640356394
0.8388377655503056
0.8380449680604641
0.8371995122534682
0.8362993617377065
0.8353424087473124
0.8343264811161517
0.8332493507435612
0.8321087438088971
0.8309023530345828
0.8296278523480343
0.8282829143498963
0.8268652310688646
0.8253725385650290
0.8238026460461956
0.8221534702838715
0.8204230762650968
0.8186097252036617
0.8167119312682364
0.8147285286855167
0.8126587512764808
0.8105023270193935
0.8082595910007135
0.8059316212363892
0.8035204036102083
0.8010290351014293
0.7984619797363594
0.7958254020507718
0.7931276257600736
0.7903798250595191
0.7875972566205255
0.7877045439621425
0.7904901375960375
0.7932409063750407
0.7959416008032248
0.7985810517803784
0.8011509390409605
0.8036451001351359
0.8060590719862750
0.8083897576291291
0.8106351704362565
0.8127942310500447
0.8148666025858509
0.8168525549344254
0.8187528519195738
0.8205686568266143
0.8223014529451583
0.8239529765314504
0.8255251601332994
0.8270200846227134
0.8284399385771878
0.8297869838893107
0.8310635266679933
0.8322718926469109
0.8334144064356006
0.8344933740520915
0.8355110682586281
0.8364697162923125
0.8373714896417009
0.8382184955702291
0.8390127701292504
0.8397562724401638
0.8404508800536258
0.8410983852237043
0.8417004919530288
0.8422588136869984
0.8427748715513896
0.8432500930402588
0.8436858110760149
0.8440832633721650
0.8444435920383293
0.8447678433785187
0.8450569678353013
0.8453118200439623
0.8455331589634102
0.8457216480543740
0.8458778554838783
0.8460022543340818
0.8460952228000426
0.8461570443634133
0.8461879079307338
0.8461879079307338
0.8461570443634133
0.8460952228000426
0.8460022543340818
0.8458778554838783
0.8457216480543740
0.8455331589634102
0.8453118200439623
0.8450569678353013
0.8447678433785187
0.8444435920383293
0.8440832633721650
0.8436858110760149
0.8432500930402588
0.8427748715513896
0.8422588136869984
0.8417004919530288
0.8410983852237043
0.8404508800536188
0.8397562724401638
0.8390127701292504
0.8382184955702291
0.8373714896417009
0.8364697162923125
0.8355110682586281
0.8344933740520915
0.8334144064356006
0.8322718926469109
0.8310635266679933
0.8297869838893108
0.8284399385771878
0.8270200846227134
0.8255251601332994
0.8239529765314504
0.8223014529451583
0.8205686568266143
0.8187528519195738
0.8168525549344254
0.8148666025858509
0.8127942310500447
0.8106351704362565
0.8083897576291291
0.8060590719862742
0.8036451001351359
0.8011509390409605
0.7985810517803784
0.7959416008032225
0.7932409063750407
0.7904901375960375
0.7877045439621425
0.7877935192526424
0.7905816110437344
0.7933348307344492
0.7960379348547661
0.7986797585988837
0.8012519846243842
0.8037484522673226
0.8061646992885044
0.8084976287770781
0.8107452535252344
0.8129064930922101
0.8149810091249043
0.8169690697630387
0.8188714368864233
0.8206892717206832
0.8224240554452645
0.8240775222098139
0.8256516025051475
0.8271483752311118
0.8285700271070521
0.8299188183020956
0.8311970533527203
0.8324070565804311
0.8335511513487693
0.8346316425970497
0.8356508021747088
0.8366108565669530
0.8375139766644401
0.8383622692783127
0.8391577701426556
0.8399024381853597
0.8405981508761285
0.8412467004870560
0.8418497911258390
0.8424090364170096
0.8429259577268691
0.8434019828397051
0.8438384450051145
0.8442365822899631
0.8445975371730606
0.8449223563324604
0.8452119905811569
0.8454672949124711
0.8456890286228477
0.8458778554838864
0.8460343439402032
0.8461589673131060
0.8462521039945857
0.8463140376165715
0.8463449571876063
0.8463449571876063
0.8463140376165715
0.8462521039945856
0.8461589673131060
0.8460343439402032
0.8458778554838783
0.8456890286228477
0.8454672949124711
0.8452119905811569
0.8449223563324644
0.8445975371730606
0.8442365822899631
0.8438384450051145
0.8434019828397051
0.8429259577268691
0.8424090364170096
0.8418497911258390
0.8412467004870560
0.8405981508761285
0.8399024381853597
0.8391577701426556
0.8383622692783127
0.8375139766644401
0.8366108565669530
0.8356508021747088
0.8346316425970497
0.8335511513487693
0.8324070565804311
0.8311970533527203
0.8299188183020956
0.8285700271070521
0.8271483752311118
0.8256516025051475
0.8240775222098139
0.8224240554452645
0.8206892717206832
0.8188714368864248
0.8169690697630378
0.8149810091249043
0.8129064930922101
0.8107452535252344
0.8084976287770781
0.8061646992884998
0.8037484522673226
0.8012519846243842
0.7986797585988837
0.7960379348547661
0.7933348307344492
0.7905816110437344
0.7877935192526458
0.7878644173809536
0.7906544928152461
0.7934096585817472
0.7961146760612818
0.7987583839141386
0.8013324671678329
0.8038307666175958
0.8062488207238598
0.8085835326469276
0.8108329147402047
0.8129958857190619
0.8150721060750031
0.8170618425632181
0.8189658555208441
0.8207853045346185
0.8225216691008093
0.8241766816858676
0.8257522711327535
0.8272505147590062
0.8286735977888829
0.8300237790024344
0.8313033616646841
0.8325146689521334
0.8336600232142073
0.8347417285087927
0.8357620559349644
0.8367232313556133
0.8376274251618951
0.8384767437809308
0.8392732226713729
0.8400188205845901
0.8407154149036224
0.8413647978941836
0.8419686737274570
0.8425286561515392
0.8430462667066707
0.8435229333907716
0.8439599896987248
0.8443586739643436
0.8447201289467469
0.8450454016099607
0.8453354430510333
0.8455911085384384
0.8458131576289347
0.8460022543340818
0.8461589673131060
0.8462837700728595
0.8463770411573951
0.8464390643154054
0.8464700286345480
0.8464700286345480
0.8464390643154054
0.8463770411573951
0.8462837700728595
0.8461589673131060
0.8460022543340818
0.8458131576289347
0.8455911085384384
0.8453354430510348
0.8450454016099607
0.8447201289467469
0.8443586739643436
0.8439599896987248
0.8435229333907714
0.8430462667066707
0.8425286561515392
0.8419686737274570
0.8413647978941836
0.8407154149036224
0.8400188205845901
0.8392732226713729
0.8384767437809308
0.8376274251618951
0.8367232313556133
0.8357620559349644
0.8347417285087927
0.8336600232142073
0.8325146689521334
0.8313033616646841
0.8300237790024344
0.8286735977888829
0.8272505147590062
0.8257522711327528
0.8241766816858676
0.8225216691008093
0.8207853045346185
0.8189658555208441
0.8170618425632181
0.8150721060750031
0.8129958857190619
0.8108329147402047
0.8085835326469276
0.8062488207238598
0.8038307666175958
0.8013324671678329
0.7987583839141386
0.7961146760612818
0.7934096585817472
0.7906544928152461
0.7878644173809536
0.7879174263690285
0.7907089808850761
0.7934655976908945
0.7961720418226274
0.7988171545578048
0.8013926227192825
0.8038922882145784
0.8063116900455266
0.8086477314419708
0.8108984244428351
0.8130626871438827
0.8151401791813000
0.8171311662811667
0.8190364076311425
0.8208570615938457
0.8225946064064872
0.8242507732738554
0.8258274898025486
0.8273268321199477
0.8287509843250629
0.8301022041496277
0.8313827938976319
0.8325950758779269
0.8337413716695500
0.8348239846585822
0.8358451853698845
0.8368071991876055
0.8377121961157953
0.8385622822812361
0.8393594929230245
0.8401057866476512
0.8408030407607410
0.8414530475108791
0.8420575111050392
0.8426180453727584
0.8431361719732766
0.8436133190549316
0.8440508202863730
0.8444499141924626
0.8448117437342075
0.8451373560822009
0.8454277025391289
0.8456836385735028
0.8459059239316563
0.8460952228000426
0.8462521039945856
0.8463770411573953
0.8464704129438846
0.8465325031884930
0.8465635010362458
0.8465635010362458
0.8465325031884930
0.8464704129438846
0.8463770411573953
0.8462521039945858
0.8460952228000426
0.8459059239316571
0.8456836385735028
0.8454277025391289
0.8451373560822009
0.8448117437342075
0.8444499141924626
0.8440508202863730
0.8436133190549316
0.8431361719732778
0.8426180453727572
0.8420575111050392
0.8414530475108791
0.8408030407607405
0.8401057866476512
0.8393594929230245
0.8385622822812361
0.8377121961157953
0.8368071991876106
0.8358451853698845
0.8348239846585822
0.8337413716695500
0.8325950758779269
0.8313827938976297
0.8301022041496277
0.8287509843250629
0.8273268321199477
0.8258274898025486
0.8242507732738554
0.8225946064064872
0.8208570615938457
0.8190364076311425
0.8171311662811667
0.8151401791813000
0.8130626871438827
0.8108984244428351
0.8086477314419659
0.8063116900455266
0.8038922882145784
0.8013926227192825
0.7988171545578048
0.7961720418226274
0.7934655976908945
0.7907089808850761
0.7879174263690285
0.7879526872935154
0.7907452237556165
0.7935028038758862
0.7962101951352253
0.7988562405644463
0.8014326281916901
0.8039332006742421
0.8063534973829338
0.8086904216016053
0.8109419851665839
0.8131071057664071
0.8151854424728645
0.8171772603301886
0.8190833177631395
0.8209047723209821
0.8226431014027816
0.8243000353731456
0.8258775010135522
0.8273775736571629
0.8288024366503125
0.8301543470231378
0.8314356064353809
0.8326485366134242
0.8337954586179298
0.8348786753821196
0.8359004570426120
0.8368630286586134
0.8377685599704469
0.8386191568986412
0.8394168545299321
0.8401636113683127
0.8408613046617212
0.8415117266416743
0.8421165815334933
0.8426774832152307
0.8431959534206264
0.8436734203930455
0.8441112179125942
0.8445105846270312
0.8448726636277535
0.8451985022194508
0.8454890518385475
0.8457451680839004
0.8459676108253210
0.8461570443634133
0.8463140376165715
0.8464390643154054
0.8465325031884930
0.8465946381256901
0.8466256583103067
0.8466256583103067
0.8465946381256901
0.8465325031884930
0.8464390643154054
0.8463140376165715
0.8461570443634133
0.8459676108253210
0.8457451680838994
0.8454890518385475
0.8451985022194508
0.8448726636277535
0.8445105846270312
0.8441112179125942
0.8436734203930458
0.8431959534206264
0.8426774832152307
0.8421165815334933
0.8415117266416743
0.8408613046617212
0.8401636113683127
0.8394168545299321
0.8386191568986412
0.8377685599704469
0.8368630286586179
0.8359004570426120
0.8348786753821196
0.8337954586179298
0.8326485366134242
0.8314356064353809
0.8301543470231378
0.8288024366503125
0.8273775736571629
0.8258775010135522
0.8243000353731456
0.8226431014027816
0.8209047723209821
0.8190833177631395
0.8171772603301886
0.8151854424728645
0.8131071057664071
0.8109419851665839
0.8086904216016053
0.8063534973829338
0.8039332006742421
0.8014326281916901
0.7988562405644463
0.7962101951352253
0.7935028038758862
0.7907452237556171
0.7879526872935144
0.7879702942323062
0.7907633204371293
0.7935213810032808
0.7962292446363618
0.7988757552463870
0.8014526014666431
0.8039536263316809
0.8063743693993631
0.8087117339828571
0.8109637318189077
0.8131292803947069
0.8152080385011132
0.8172002708430081
0.8191067354647383
0.8209285895094469
0.8226673099579156
0.8243246267544950
0.8259024662682714
0.8274029034346905
0.8288281212231233
0.8301803763123137
0.8314619700386208
0.8326752238359689
0.8338224585046171
0.8349059767495355
0.8359280485118648
0.8368908986866532
0.8377966968805582
0.8386475489091142
0.8394454897812076
0.8401924779477129
0.8408903906260947
0.8415410200374646
0.8421460704146336
0.8427071556583702
0.8432257975380855
0.8437034243432161
0.8441413699080506
0.8445408729406491
0.8449030765963578
0.8452290282457740
0.8455196793911487
0.8457758856955060
0.8459984070897604
0.8461879079307337
0.8463449571876063
0.8464700286345480
0.8465635010362458
0.8466256583103067
0.8466566896585848
0.8466566896585848
0.8466256583103067
0.8465635010362458
0.8464700286345480
0.8463449571876063
0.8461879079307337
0.8459984070897604
0.8457758856955060
0.8455196793911487
0.8452290282457740
0.8449030765963578
0.8445408729406491
0.8441413699080506
0.8437034243432161
0.8432257975380855
0.8427071556583683
0.8421460704146314
0.8415410200374646
0.8408903906260947
0.8401924779477129
0.8394454897812076
0.8386475489091142
0.8377966968805582
0.8368908986866532
0.8359280485118648
0.8349059767495355
0.8338224585046171
0.8326752238359689
0.8314619700386208
0.8301803763123137
0.8288281212231233
0.8274029034346905
0.8259024662682714
0.8243246267544950
0.8226673099579156
0.8209285895094469
0.8191067354647383
0.8172002708430081
0.8152080385011132
0.8131292803947069
0.8109637318189077
0.8087117339828571
0.8063743693993631
0.8039536263316809
0.8014526014666431
0.7988757552463870
0.7962292446363618
0.7935213810032808
0.7907633204371326
0.7879702942323062
0.7879702942323062
0.7907633204371293
0.7935213810032808
0.7962292446363618
0.7988757552463867
0.8014526014666431
0.8039536263316818
0.8063743693993631
0.8087117339828571
0.8109637318189077
0.8131292803947069
0.8152080385011132
0.8172002708430081
0.8191067354647315
0.8209285895094423
0.8226673099579156
0.8243246267544961
0.8259024662682714
0.8274029034346905
0.8288281212231233
0.8301803763123137
0.8314619700386205
0.8326752238359700
0.8338224585046171
0.8349059767495355
0.8359280485118640
0.8368908986866532
0.8377966968805569
0.8386475489091142
0.8394454897812104
0.8401924779477080
0.8408903906260947
0.8415410200374703
0.8421460704146315
0.8427071556583673
0.8432257975380855
0.8437034243432128
0.8441413699080452
0.8445408729406491
0.8449030765963622
0.8452290282457740
0.8455196793911487
0.8457758856955060
0.8459984070897604
0.8461879079307338
0.8463449571876084
0.8464700286345491
0.8465635010362458
0.8466256583103067
0.8466566896585848
0.8466566896585848
0.8466256583103067
0.8465635010362458
0.8464700286345491
0.8463449571876084
0.8461879079307338
0.8459984070897604
0.8457758856955060
0.8455196793911487
0.8452290282457740
0.8449030765963622
0.8445408729406491
0.8441413699080452
0.8437034243432128
0.8432257975380855
0.8427071556583673
0.8421460704146337
0.8415410200374703
0.8408903906260947
0.8401924779477080
0.8394454897812104
0.8386475489091142
0.8377966968805569
0.8368908986866532
0.8359280485118640
0.8349059767495355
0.8338224585046171
0.8326752238359700
0.8314619700386205
0.8301803763123137
0.8288281212231233
0.8274029034346905
0.8259024662682714
0.8243246267544950
0.8226673099579156
0.8209285895094498
0.8191067354647315
0.8172002708430081
0.8152080385011132
0.8131292803947069
0.8109637318189077
0.8087117339828571
0.8063743693993631
0.8039536263316818
0.8014526014666431
0.7988757552463867
0.7962292446363618
0.7935213810032808
0.7907633204371293
0.7879702942323062
0.7879526872935144
0.7907452237556165
0.7935028038758862
0.7962101951352253
0.7988562405644463
0.8014326281916901
0.8039332006742421
0.8063534973829329
0.8086904216016053
0.8109419851665839
0.8131071057664007
0.8151854424728667
0.8171772603301886
0.8190833177631395
0.8209047723209792
0.8226431014027816
0.8243000353731466
0.8258775010135535
0.8273775736571622
0.8288024366503121
0.8301543470231378
0.8314356064353809
0.8326485366134314
0.8337954586179298
0.8348786753821172
0.8359004570426177
0.8368630286586134
0.8377685599704455
0.8386191568986412
0.8394168545299321
0.8401636113683127
0.8408613046617213
0.8415117266416683
0.8421165815334933
0.8426774832152183
0.8431959534206264
0.8436734203930455
0.8441112179126021
0.8445105846270312
0.8448726636277535
0.8451985022194509
0.8454890518385475
0.8457451680839004
0.8459676108253210
0.8461570443634133
0.8463140376165715
0.8464390643154054
0.8465325031884914
0.8465946381256948
0.8466256583103067
0.8466256583103067
0.8465946381256946
0.8465325031884914
0.8464390643154054
0.8463140376165715
0.8461570443634133
0.8459676108253210
0.8457451680839004
0.8454890518385475
0.8451985022194509
0.8448726636277535
0.8445105846270312
0.8441112179126021
0.8436734203930455
0.8431959534206264
0.8426774832152183
0.8421165815334933
0.8415117266416720
0.8408613046617216
0.8401636113683127
0.8394168545299321
0.8386191568986412
0.8377685599704455
0.8368630286586134
0.8359004570426177
0.8348786753821250
0.8337954586179298
0.8326485366134314
0.8314356064353809
0.8301543470231378
0.8288024366503121
0.8273775736571622
0.8258775010135535
0.8243000353731466
0.8226431014027816
0.8209047723209792
0.8190833177631395
0.8171772603301886
0.8151854424728667
0.8131071057664007
0.8109419851665839
0.8086904216016053
0.8063534973829329
0.8039332006742421
0.8014326281916901
0.7988562405644463
0.7962101951352253
0.7935028038758862
0.7907452237556171
0.7879526872935144
0.7879174263690285
0.7907089808850728
0.7934655976908945
0.7961720418226274
0.7988171545578048
0.8013926227192825
0.8038922882145784
0.8063116900455266
0.8086477314419708
0.8108984244428351
0.8130626871438827
0.8151401791813000
0.8171311662811667
0.8190364076311425
0.8208570615938455
0.8225946064064883
0.8242507732738554
0.8258274898025399
0.8273268321199485
0.8287509843250633
0.8301022041496277
0.8313827938976315
0.8325950758779275
0.8337413716695500
0.8348239846585822
0.8358451853698841
0.8368071991876055
0.8377121961157953
0.8385622822812361
0.8393594929230245
0.8401057866476476
0.8408030407607412
0.8414530475108791
0.8420575111050392
0.8426180453727582
0.8431361719732773
0.8436133190549316
0.8440508202863728
0.8444499141924626
0.8448117437342075
0.8451373560822004
0.8454277025391289
0.8456836385735028
0.8459059239316563
0.8460952228000426
0.8462521039945859
0.8463770411573951
0.8464704129438846
0.8465325031884930
0.8465635010362458
0.8465635010362458
0.8465325031884930
0.8464704129438846
0.8463770411573951
0.8462521039945859
0.8460952228000426
0.8459059239316563
0.8456836385735028
0.8454277025391289
0.8451373560822004
0.8448117437342075
0.8444499141924626
0.8440508202863728
0.8436133190549316
0.8431361719732773
0.8426180453727582
0.8420575111050470
0.8414530475108791
0.8408030407607410
0.8401057866476476
0.8393594929230245
0.8385622822812361
0.8377121961157953
0.8368071991876055
0.8358451853698841
0.8348239846585822
0.8337413716695500
0.8325950758779259
0.8313827938976315
0.8301022041496277
0.8287509843250629
0.8273268321199485
0.8258274898025399
0.8242507732738554
0.8225946064064883
0.8208570615938455
0.8190364076311425
0.8171311662811667
0.8151401791813000
0.8130626871438827
0.8108984244428351
0.8086477314419708
0.8063116900455266
0.8038922882145784
0.8013926227192825
0.7988171545578048
0.7961720418226274
0.7934655976908945
0.7907089808850728
0.7879174263690285
0.7878644173809533
0.7906544928152461
0.7934096585817472
0.7961146760612818
0.7987583839141386
0.8013324671678330
0.8038307666175963
0.8062488207238603
0.8085835326469276
0.8108329147402047
0.8129958857190619
0.8150721060750031
0.8170618425632181
0.8189658555208447
0.8207853045346157
0.8225216691008093
0.8241766816858676
0.8257522711327535
0.8272505147590081
0.8286735977888829
0.8300237790024312
0.8313033616646839
0.8325146689521334
0.8336600232141984
0.8347417285087927
0.8357620559349644
0.8367232313556133
0.8376274251618957
0.8384767437809281
0.8392732226713729
0.8400188205845895
0.8407154149036224
0.8413647978941836
0.8419686737274608
0.8425286561515392
0.8430462667066707
0.8435229333907716
0.8439599896987309
0.8443586739643436
0.8447201289467469
0.8450454016099607
0.8453354430510348
0.8455911085384340
0.8458131576289337
0.8460022543340818
0.8461589673131060
0.8462837700728635
0.8463770411573951
0.8464390643154054
0.8464700286345480
0.8464700286345480
0.8464390643154054
0.8463770411573951
0.8462837700728595
0.8461589673131060
0.8460022543340818
0.8458131576289337
0.8455911085384340
0.8453354430510348
0.8450454016099607
0.8447201289467469
0.8443586739643436
0.8439599896987309
0.8435229333907716
0.8430462667066707
0.8425286561515392
0.8419686737274608
0.8413647978941836
0.8407154149036224
0.8400188205845901
0.8392732226713729
0.8384767437809281
0.8376274251618957
0.8367232313556130
0.8357620559349644
0.8347417285087927
0.8336600232141984
0.8325146689521334
0.8313033616646839
0.8300237790024312
0.8286735977888829
0.8272505147590062
0.8257522711327535
0.8241766816858676
0.8225216691008093
0.8207853045346157
0.8189658555208447
0.8170618425632181
0.8150721060750031
0.8129958857190619
0.8108329147402047
0.8085835326469276
0.8062488207238603
0.8038307666175963
0.8013324671678330
0.7987583839141386
0.7961146760612827
0.7934096585817472
0.7906544928152461
0.7878644173809533
0.7877935192526424
0.7905816110437344
0.7933348307344492
0.7960379348547661
0.7986797585988837
0.8012519846243842
0.8037484522673242
0.8061646992884998
0.8084976287770743
0.8107452535252344
0.8129064930922101
0.8149810091249043
0.8169690697630387
0.8188714368864222
0.8206892717206832
0.8224240554452653
0.8240775222098139
0.8256516025051475
0.8271483752311118
0.8285700271070552
0.8299188183020958
0.8311970533527203
0.8324070565804311
0.8335511513487693
0.8346316425970497
0.8356508021747088
0.8366108565669530
0.8375139766644411
0.8383622692783127
0.8391577701426557
0.8399024381853597
0.8405981508761309
0.8412467004870560
0.8418497911258388
0.8424090364170060
0.8429259577268682
0.8434019828397010
0.8438384450051171
0.8442365822899631
0.8445975371730606
0.8449223563324854
0.8452119905811569
0.8454672949124711
0.8456890286228477
0.8458778554838783
0.8460343439402026
0.8461589673131060
0.8462521039945858
0.8463140376165715
0.8463449571876063
0.8463449571876115
0.8463140376165715
0.8462521039945856
0.8461589673131060
0.8460343439402026
0.8458778554838783
0.8456890286228473
0.8454672949124711
0.8452119905811569
0.8449223563324854
0.8445975371730606
0.8442365822899631
0.8438384450051171
0.8434019828397010
0.8429259577268682
0.8424090364170060
0.8418497911258388
0.8412467004870560
0.8405981508761309
0.8399024381853597
0.8391577701426557
0.8383622692783127
0.8375139766644411
0.8366108565669530
0.8356508021747088
0.8346316425970497
0.8335511513487693
0.8324070565804311
0.8311970533527203
0.8299188183020958
0.8285700271070552
0.8271483752311146
0.8256516025051475
0.8240775222098139
0.8224240554452653
0.8206892717206832
0.8188714368864222
0.8169690697630387
0.8149810091249043
0.8129064930922101
0.8107452535252344
0.8084976287770743
0.8061646992884998
0.8037484522673242
0.8012519846243842
0.7986797585988837
0.7960379348547661
0.7933348307344492
0.7905816110437344
0.7877935192526424
0.7877045439621425
0.7904901375960375
0.7932409063750401
0.7959416008032248
0.7985810517803784
0.8011509390409605
0.8036451001351400
0.8060590719862750
0.8083897576291291
0.8106351704362608
0.8127942310500447
0.8148666025858509
0.8168525549344254
0.8187528519195754
0.8205686568266143
0.8223014529451583
0.8239529765314482
0.8255251601333080
0.8270200846227134
0.8284399385771878
0.8297869838893107
0.8310635266679933
0.8322718926469109
0.8334144064355996
0.8344933740520915
0.8355110682586281
0.8364697162923125
0.8373714896417009
0.8382184955702312
0.8390127701292510
0.8397562724401616
0.8404508800536188
0.8410983852237043
0.8417004919530288
0.8422588136870002
0.8427748715513896
0.8432500930402588
0.8436858110760109
0.8440832633721602
0.8444435920383255
0.8447678433785187
0.8450569678353083
0.8453118200439621
0.8455331589634100
0.8457216480543691
0.8458778554838783
0.8460022543340818
0.8460952228000426
0.8461570443634133
0.8461879079307338
0.8461879079307338
0.8461570443634133
0.8460952228000426
0.8460022543340818
0.8458778554838783
0.8457216480543691
0.8455331589634100
0.8453118200439633
0.8450569678353083
0.8447678433785187
0.8444435920383255
0.8440832633721602
0.8436858110760109
0.8432500930402588
0.8427748715513896
0.8422588136870002
0.8417004919530288
0.8410983852237043
0.8404508800536188
0.8397562724401616
0.8390127701292510
0.8382184955702312
0.8373714896417009
0.8364697162923125
0.8355110682586289
0.8344933740520915
0.8334144064355996
0.8322718926469109
0.8310635266679933
0.8297869838893107
0.8284399385771878
0.8270200846227134
0.8255251601333080
0.8239529765314482
0.8223014529451583
0.8205686568266143
0.8187528519195754
0.8168525549344254
0.8148666025858509
0.8127942310500447
0.8106351704362608
0.8083897576291291
0.8060590719862750
0.8036451001351400
0.8011509390409605
0.7985810517803791
0.7959416008032248
0.7932409063750407
0.7904901375960375
0.7877045439621425
0.7875972566205256
0.7903798250595191
0.7931276257600903
0.7958254020507718
0.7984619797363669
0.8010290351014322
0.8035204036102093
0.8059316212363884
0.8082595910007135
0.8105023270193993
0.8126587512764758
0.8147285286855086
0.8167119312682364
0.8186097252036608
0.8204230762650985
0.8221534702838734
0.8238026460461956
0.8253725385650243
0.8268652310688646
0.8282829143498963
0.8296278523480343
0.8309023530345828
0.8321087438088971
0.8332493507435674
0.8343264811161517
0.8353424087473160
0.8362993617377066
0.8371995122534682
0.8380449680604641
0.8388377655503050
0.8395798640356394
0.8402731411250722
0.8409193890119074
0.8415203115348842
0.8420775218881871
0.8425925408737992
0.8430667956050572
0.8435016185804208
0.8438982470599979
0.8442578226838993
0.8445813912819947
0.8448699028299318
0.8451242115131589
0.8453450758669904
0.8455331589634102
0.8456890286228481
0.8458131576289368
0.8459059239316563
0.8459676108253210
0.8459984070897604
0.8459984070897604
0.8459676108253210
0.8459059239316563
0.8458131576289368
0.8456890286228481
0.8455331589634102
0.8453450758669904
0.8451242115131589
0.8448699028299318
0.8445813912819947
0.8442578226838993
0.8438982470599979
0.8435016185804208
0.8430667956050572
0.8425925408737992
0.8420775218881871
0.8415203115348842
0.8409193890119074
0.8402731411250722
0.8395798640356394
0.8388377655503050
0.8380449680604641
0.8371995122534692
0.8362993617377066
0.8353424087473160
0.8343264811161517
0.8332493507435674
0.8321087438088971
0.8309023530345828
0.8296278523480343
0.8282829143498963
0.8268652310688646
0.8253725385650243
0.8238026460461956
0.8221534702838734
0.8204230762650934
0.8186097252036617
0.8167119312682364
0.8147285286855086
0.8126587512764808
0.8105023270193993
0.8082595910007135
0.8059316212363884
0.8035204036102093
0.8010290351014322
0.7984619797363669
0.7958254020507718
0.7931276257600903
0.7903798250595191
0.7875972566205255
0.7874713755818951
0.7902503766379397
0.7929946771758063
0.7956890122317932
0.7983222017481727
0.8008859180668129
0.8033739942987078
0.8057819653865695
0.8081067344070414
0.8103463164098250
0.8124996350023511
0.8145663572463633
0.8165467576901073
0.8184416052925012
0.8202520687509199
0.8219796368743323
0.8236260514037289
0.8251932502216027
0.8266833192916458
0.8280984519674971
0.8294409145486465
0.8307130171435763
0.8319170890542412
0.8330554580149517
0.8341304327233693
0.8351442881829384
0.8360992534475271
0.8369975014182442
0.8378411403904504
0.8386322070958910
0.8393726610143339
0.8400643797663782
0.8407091554201339
0.8413086915705730
0.8418646010684251
0.8423784042898520
0.8428515278578955
0.8432853037334758
0.8436809686074749
0.8440396635348468
0.8443624337580714
0.8446502286766390
0.8449039019229996
0.8451242115131589
0.8453118200439640
0.8454672949124711
0.8455911085384384
0.8456836385735028
0.8457451680838999
0.8457758856955084
0.8457758856955084
0.8457451680838999
0.8456836385735028
0.8455911085384384
0.8454672949124711
0.8453118200439640
0.8451242115131589
0.8449039019229996
0.8446502286766390
0.8443624337580714
0.8440396635348468
0.8436809686074749
0.8432853037334758
0.8428515278578955
0.8423784042898564
0.8418646010684251
0.8413086915705730
0.8407091554201339
0.8400643797663782
0.8393726610143339
0.8386322070958910
0.8378411403904504
0.8369975014182442
0.8360992534475271
0.8351442881829384
0.8341304327233693
0.8330554580149517
0.8319170890542412
0.8307130171435763
0.8294409145486465
0.8280984519674971
0.8266833192916458
0.8251932502216027
0.8236260514037289
0.8219796368743323
0.8202520687509199
0.8184416052925012
0.8165467576901073
0.8145663572463633
0.8124996350023511
0.8103463164098250
0.8081067344070414
0.8057819653865695
0.8033739942987078
0.8008859180668129
0.7983222017481727
0.7956890122317932
0.7929946771758063
0.7902503766379397
0.7874713755818951
0.7873265725942390
0.7901014462346427
0.7928416969550587
0.7955320504226748
0.7981613199908139
0.8007211736057493
0.8032054417981246
0.8056096584358061
0.8079307267562965
0.8101666629641852
0.8123163926003727
0.8143795852475806
0.8163565183961955
0.8182479642228268
0.8200550947952554
0.8217794023406413
0.8234226319795148
0.8249867248650530
0.8264737700659368
0.8278859638326989
0.8292255751214515
0.8304949164348001
0.8316963191936445
0.8328321129698764
0.8339046080178029
0.8349160806224953
0.8358687608544354
0.8367648223793858
0.8376063740226660
0.8383954528286126
0.8391340183927185
0.8398239482751533
0.8404670343288205
0.8410649798006320
0.8416193970809599
0.8421318059955060
0.8426036325463120
0.8430362080226527
0.8434307684115637
0.8437884540497472
0.8441103094630195
0.8443972833509706
0.8446502286766390
0.8448699028299318
0.8450569678353013
0.8452119905811569
0.8453354430510333
0.8454277025391289
0.8454890518385499
0.8455196793911487
0.8455196793911487
0.8454890518385499
0.8454277025391289
0.8453354430510333
0.8452119905811569
0.8450569678353013
0.8448699028299318
0.8446502286766390
0.8443972833509706
0.8441103094630195
0.8437884540497472
0.8434307684115637
0.8430362080226527
0.8426036325463118
0.8421318059955057
0.8416193970809599
0.8410649798006320
0.8404670343288335
0.8398239482751533
0.8391340183927185
0.8383954528286126
0.8376063740226660
0.8367648223793858
0.8358687608544354
0.8349160806224953
0.8339046080178082
0.8328321129698764
0.8316963191936445
0.8304949164348001
0.8292255751214515
0.8278859638326989
0.8264737700659368
0.8249867248650530
0.8234226319795148
0.8217794023406413
0.8200550947952554
0.8182479642228268
0.8163565183961955
0.8143795852475806
0.8123163926003727
0.8101666629641852
0.8079307267562965
0.8056096584358061
0.8032054417981246
0.8007211736057493
0.7981613199908139
0.7955320504226748
0.7928416969550587
0.7901014462346427
0.7873265725942390
0.7871624730003626
0.7899326385745016
0.7926682695211908
0.7953540811098361
0.7979788794267814
0.8005343276194162
0.8030142534568587
0.8054141897334167
0.8077310399935687
0.8099628218554541
0.8121084631357247
0.8141676363387558
0.8161406223335609
0.8180281969693860
0.8198315361405019
0.8215521359379843
0.8231917452863448
0.8247523090043443
0.8262359196258264
0.8276447766187659
0.8289811518741441
0.8302473605244624
0.8314457363008687
0.8325786107618059
0.8336482958260759
0.8346570691289200
0.8356071617891699
0.8365007482358162
0.8373399377918018
0.8381267677549099
0.8388631977535043
0.8395511051839928
0.8401922815641752
0.8407884296588863
0.8413411612547336
0.8418519954752869
0.8423223575461426
0.8427535779275835
0.8431468917465250
0.8435034384682252
0.8438242617539451
0.8441103094630210
0.8443624337580714
0.8445813912819955
0.8447678433785187
0.8449223563324604
0.8450454016099607
0.8451373560821982
0.8451985022194508
0.8452290282457740
0.8452290282457740
0.8451985022194508
0.8451373560821982
0.8450454016099607
0.8449223563324604
0.8447678433785187
0.8445813912819947
0.8443624337580714
0.8441103094630210
0.8438242617539451
0.8435034384682252
0.8431468917465260
0.8427535779275837
0.8423223575461426
0.8418519954752869
0.8413411612547336
0.8407884296588863
0.8401922815641752
0.8395511051839925
0.8388631977535043
0.8381267677549099
0.8373399377918018
0.8365007482358162
0.8356071617891699
0.8346570691289200
0.8336482958260759
0.8325786107618059
0.8314457363008687
0.8302473605244629
0.8289811518741412
0.8276447766187659
0.8262359196258264
0.8247523090043443
0.8231917452863448
0.8215521359379894
0.8198315361405019
0.8180281969693860
0.8161406223335609
0.8141676363387558
0.8121084631357247
0.8099628218554541
0.8077310399935687
0.8054141897334167
0.8030142534568587
0.8005343276194162
0.7979788794267814
0.7953540811098361
0.7926682695211908
0.7899326385745016
0.7871624730003626
0.7869786560031856
0.7897435093773453
0.7924739274710952
0.7951546141847287
0.7977743677177137
0.8003248460719640
0.8027998741299136
0.8051949836653756
0.8075070787241424
0.8097341786395656
0.8118752138835047
0.8139298603139479
0.8158984026400032
0.8177816208556554
0.8195806951494286
0.8212971259264955
0.8229326663378597
0.8244892652554241
0.8259690190254213
0.8273741306355452
0.8287068751681269
0.8299695705942695
0.8311645531182844
0.8322941564020282
0.8333606941024704
0.8343664452379613
0.8353136419712558
0.8362044594559842
0.8370410074432237
0.8378253233882056
0.8385593668326962
0.8392450148708173
0.8398840585306258
0.8404781999284190
0.8410290500710746
0.8415381271990727
0.8420068555775878
0.8424365646541392
0.8428284885144931
0.8431837655763668
0.8435034384682252
0.8437884540497491
0.8440396635348475
0.8442578226838990
0.8444435920383255
0.8445975371730606
0.8447201289467469
0.8448117437342144
0.8448726636277535
0.8449030765963622
0.8449030765963622
0.8448726636277535
0.8448117437342144
0.8447201289467469
0.8445975371730606
0.8444435920383255
0.8442578226838990
0.8440396635348475
0.8437884540497491
0.8435034384682252
0.8431837655763668
0.8428284885144931
0.8424365646541392
0.8420068555775878
0.8415381271990727
0.8410290500710746
0.8404781999284190
0.8398840585306258
0.8392450148708173
0.8385593668326964
0.8378253233882057
0.8370410074432237
0.8362044594559842
0.8353136419712558
0.8343664452379613
0.8333606941024704
0.8322941564020282
0.8311645531182844
0.8299695705942695
0.8287068751681269
0.8273741306355452
0.8259690190254213
0.8244892652554241
0.8229326663378597
0.8212971259264955
0.8195806951494286
0.8177816208556554
0.8158984026400032
0.8139298603139479
0.8118752138835047
0.8097341786395656
0.8075070787241424
0.8051949836653756
0.8027998741299046
0.8003248460719640
0.7977743677177137
0.7951546141847287
0.7924739274710952
0.7897435093773453
0.7869786560031856
0.7867746550087172
0.7895335655972189
0.7922581517121516
0.7949331049809814
0.7975472151650501
0.8000921348411815
0.8025616859442967
0.8049513993415717
0.8072581798295918
0.8094800488082040
0.8116159398267471
0.8136655325634197
0.8156291160561798
0.8175074749355808
0.8193017941636560
0.8210135789135747
0.8226445869823980
0.8241967716725603
0.8256722334729245
0.8270731791720978
0.8284018872728233
0.8296606787632074
0.8308518924481486
0.8319778641727681
0.8330409093662465
0.8340433084219100
0.8349872944998236
0.8358750433967955
0.8367086651801863
0.8374901973239167
0.8382215991227935
0.8389047471893780
0.8395414318684848
0.8401333544236159
0.8406821248707709
0.8411892603522441
0.8416561839568623
0.8420842239059531
0.8424746130355302
0.8428284885144852
0.8431468917465286
0.8434307684115637
0.8436809686074749
0.8438982470599982
0.8440832633721602
0.8442365822899631
0.8443586739643436
0.8444499141924626
0.8445105846270311
0.8445408729406491
0.8445408729406491
0.8445105846270311
0.8444499141924626
0.8443586739643436
0.8442365822899631
0.8440832633721602
0.8438982470599947
0.8436809686074749
0.8434307684115637
0.8431468917465286
0.8428284885144852
0.8424746130355302
0.8420842239059531
0.8416561839568623
0.8411892603522441
0.8406821248707709
0.8401333544236159
0.8395414318684848
0.8389047471893780
0.8382215991227935
0.8374901973239167
0.8367086651801785
0.8358750433967955
0.8349872944998236
0.8340433084219100
0.8330409093662465
0.8319778641727681
0.8308518924481486
0.8296606787632074
0.8284018872728233
0.8270731791720978
0.8256722334729245
0.8241967716725668
0.8226445869823980
0.8210135789135747
0.8193017941636560
0.8175074749355808
0.8156291160561798
0.8136655325634197
0.8116159398267471
0.8094800488082040
0.8072581798295918
0.8049513993415717
0.8025616859442967
0.8000921348411824
0.7975472151650501
0.7949331049809814
0.7922581517121516
0.7895335655972189
0.7867746550087172
0.7865499580653630
0.7893022657448463
0.7920203716691252
0.7946889543696850
0.7972967946978822
0.7998355396041821
0.8022990080900675
0.8046827302994823
0.8069836120934292
0.8091996773451587
0.8113298631519228
0.8133738535177369
0.8153319423285731
0.8172049193639656
0.8189939748502632
0.8207006191854734
0.8223266152264446
0.8238739210704952
0.8253446416594561
0.8267409878365167
0.8280652417226466
0.8293197274638061
0.8305067865531166
0.8316287570548704
0.8326879561586482
0.8336866655772842
0.8346271193728215
0.8355114938551461
0.8363418992473358
0.8371203728560169
0.8378488735207997
0.8385292771481850
0.8391633731624283
0.8397528617279957
0.8402993516186696
0.8408043586257224
0.8412693044105575
0.8416955157216575
0.8420842239059554
0.8424365646541376
0.8427535779275802
0.8430362080226526
0.8432853037334758
0.8435016185804206
0.8436858110760109
0.8438384450051146
0.8439599896987248
0.8440508202863730
0.8441112179125942
0.8441413699080453
0.8441413699080453
0.8441112179125942
0.8440508202863656
0.8439599896987248
0.8438384450051146
0.8436858110760109
0.8435016185804206
0.8432853037334758
0.8430362080226526
0.8427535779275802
0.8424365646541376
0.8420842239059554
0.8416955157216575
0.8412693044105575
0.8408043586257224
0.8402993516186672
0.8397528617279957
0.8391633731624283
0.8385292771481850
0.8378488735207992
0.8371203728560169
0.8363418992473358
0.8355114938551461
0.8346271193728215
0.8336866655772842
0.8326879561586482
0.8316287570548704
0.8305067865531166
0.8293197274638061
0.8280652417226466
0.8267409878365167
0.8253446416594561
0.8238739210704952
0.8223266152264446
0.8207006191854734
0.8189939748502632
0.8172049193639656
0.8153319423285731
0.8133738535177369
0.8113298631519228
0.8091996773451590
0.8069836120934292
0.8046827302994823
0.8022990080900675
0.7998355396041821
0.7972967946978822
0.7946889543696850
0.7920203716691252
0.7893022657448463
0.7865499580653630
0.7863040084201296
0.7890490203133076
0.7917599655821796
0.7944215089317704
0.7970224219258749
0.7995543457779020
0.8020110966558711
0.8043882042445236
0.8066825758545162
0.8088922383038170
0.8110161327612682
0.8130539481063217
0.8150059836240955
0.8168730347774722
0.8186562975591550
0.8203572880500525
0.8219777745722922
0.8235197203648451
0.8249852351075122
0.8263765339203141
0.8276959027013508
0.8289456688527527
0.8301281765957185
0.8312457661989825
0.8323007565481624
0.8332954305653033
0.8342320230643553
0.8351127106825156
0.8359396035832583
0.8367147386650551
0.8374400740522787
0.8381174846696968
0.8387487587344067
0.8393355950187639
0.8398796007588998
0.8403822901003525
0.8408450829866652
0.8412693044105528
0.8416561839568617
0.8420068555775878
0.8423223575461426
0.8426036325463099
0.8428515278578996
0.8430667956050553
0.8432500930402588
0.8434019828396980
0.8435229333907716
0.8436133190549316
0.8436734203930455
0.8437034243432162
0.8437034243432162
0.8436734203930455
0.8436133190549316
0.8435229333907716
0.8434019828396980
0.8432500930402588
0.8430667956050553
0.8428515278578996
0.8426036325463099
0.8423223575461426
0.8420068555775923
0.8416561839568617
0.8412693044105528
0.8408450829866724
0.8403822901003525
0.8398796007588977
0.8393355950187639
0.8387487587344067
0.8381174846696968
0.8374400740522787
0.8367147386650551
0.8359396035832589
0.8351127106825156
0.8342320230643553
0.8332954305653033
0.8323007565481624
0.8312457661989825
0.8301281765957185
0.8289456688527527
0.8276959027013510
0.8263765339203141
0.8249852351075122
0.8235197203648451
0.8219777745722922
0.8203572880500525
0.8186562975591550
0.8168730347774722
0.8150059836240955
0.8130539481063217
0.8110161327612682
0.8088922383038170
0.8066825758545162
0.8043882042445286
0.8020110966558711
0.7995543457779020
0.7970224219258749
0.7944215089317698
0.7917599655821796
0.7890490203133076
0.7863040084201265
0.7860362052150330
0.7887731923309910
0.7914762609169310
0.7941300612315410
0.7967233552811341
0.7992477785365525
0.8016971445316960
0.8040669828473157
0.8063542027117222
0.8085568344302420
0.8106738238268492
0.8127048652535489
0.8146502639809449
0.8165108217121306
0.8182877407185332
0.8199825432205003
0.8215970033986516
0.8231330899584101
0.8245929175719106
0.8259787058192307
0.8272927444894668
0.8285373642884731
0.8297149121503247
0.8308277304755882
0.8318781397201789
0.8328684238434780
0.8338008181980482
0.8346774995006599
0.8355005775771867
0.8362720886175502
0.8369939897111875
0.8376681544685608
0.8382963695590262
0.8388803320181529
0.8394216471998275
0.8399218272630821
0.8403822901003525
0.8408043586257224
0.8411892603522441
0.8415381271990851
0.8418519954752869
0.8421318059955057
0.8423784042898520
0.8425925408737992
0.8427748715513905
0.8429259577268682
0.8430462667066707
0.8431361719732773
0.8431959534206291
0.8432257975380855
0.8432257975380855
0.8431959534206291
0.8431361719732773
0.8430462667066707
0.8429259577268682
0.8427748715513905
0.8425925408737998
0.8423784042898512
0.8421318059955057
0.8418519954752869
0.8415381271990851
0.8411892603522441
0.8408043586257224
0.8403822901003525
0.8399218272630821
0.8394216471998275
0.8388803320181529
0.8382963695590262
0.8376681544685608
0.8369939897111875
0.8362720886175502
0.8355005775771867
0.8346774995006599
0.8338008181980482
0.8328684238434788
0.8318781397201789
0.8308277304755882
0.8297149121503247
0.8285373642884731
0.8272927444894668
0.8259787058192307
0.8245929175719106
0.8231330899584095
0.8215970033986516
0.8199825432205003
0.8182877407185332
0.8165108217121306
0.8146502639809449
0.8127048652535489
0.8106738238268492
0.8085568344302420
0.8063542027117222
0.8040669828473157
0.8016971445316960
0.7992477785365525
0.7967233552811341
0.7941300612315410
0.7914762609169310
0.7887731923309910
0.7860362052150330
0.7857459043511704
0.7884740980675657
0.7911685349157997
0.7938138502159945
0.7963987962734767
0.7989150029316554
0.8013562814038182
0.8037181616261877
0.8059975553058900
0.8081924968580360
0.8103019374123551
0.8123255774418453
0.8142637288262740
0.8161172000884750
0.8178872002992805
0.8195752582707535
0.8211831544179864
0.8227128632099523
0.8241665045274167
0.8255463025475774
0.8268545510112073
0.8280935839157765
0.8292657508294771
0.8303733961448316
0.8314188416932256
0.8324043722287846
0.8333322233588275
0.8342045715607959
0.8350235259767360
0.8357911217189203
0.8365093144573089
0.8371799760930108
0.8378048913465754
0.8383857551152650
0.8389241704723485
0.8394216471998275
0.8398796007588977
0.8402993516186672
0.8406821248707712
0.8410290500710746
0.8413411612547336
0.8416193970809609
0.8418646010684220
0.8420775218881871
0.8422588136870001
0.8424090364170096
0.8425286561515392
0.8426180453727582
0.8426774832152183
0.8427071556583673
0.8427071556583673
0.8426774832152183
0.8426180453727582
0.8425286561515392
0.8424090364170060
0.8422588136870002
0.8420775218881871
0.8418646010684220
0.8416193970809609
0.8413411612547336
0.8410290500710746
0.8406821248707712
0.8402993516186672
0.8398796007588977
0.8394216471998275
0.8389241704723485
0.8383857551152650
0.8378048913465754
0.8371799760930108
0.8365093144573152
0.8357911217189203
0.8350235259767360
0.8342045715607959
0.8333322233588275
0.8324043722287958
0.8314188416932256
0.8303733961448317
0.8292657508294771
0.8280935839157765
0.8268545510112073
0.8255463025475774
0.8241665045274167
0.8227128632099523
0.8211831544179864
0.8195752582707588
0.8178872002992802
0.8161172000884750
0.8142637288262740
0.8123255774418453
0.8103019374123551
0.8081924968580360
0.8059975553058900
0.8037181616261877
0.8013562814038182
0.7989150029316554
0.7963987962734767
0.7938138502159945
0.7911685349157997
0.7884740980675657
0.7857459043511704
0.7854324195530784
0.7881510079259313
0.7908360153193010
0.7934720617719284
0.7960478898902338
0.7985551241454140
0.8009875738734378
0.8033407699443376
0.8056116272101808
0.8077981849080759
0.8098994001966915
0.8119149803751629
0.8138452445947327
0.8156910087995535
0.8174534893868579
0.8191342222033395
0.8207349942520157
0.8222577860271265
0.8237047227884450
0.8250780333919381
0.8263800155276403
0.8276130064040464
0.8287793580708714
0.8298814166953725
0.8309215052112459
0.8319019088446767
0.8328248630937967
0.8336925437993076
0.8345070589956033
0.8352704422734564
0.8359846474265104
0.8366515441818407
0.8372729148448801
0.8378504517105594
0.8383857551152646
0.8388803320181529
0.8393355950187639
0.8397528617279957
0.8401333544236173
0.8404781999284242
0.8407884296588863
0.8410649798006300
0.8413086915705710
0.8415203115348842
0.8417004919530288
0.8418497911258390
0.8419686737274570
0.8420575111050393
0.8421165815334933
0.8421460704146336
0.8421460704146336
0.8421165815334933
0.8420575111050393
0.8419686737274570
0.8418497911258390
0.8417004919530288
0.8415203115348842
0.8413086915705710
0.8410649798006300
0.8407884296588863
0.8404781999284242
0.8401333544236173
0.8397528617279957
0.8393355950187558
0.8388803320181529
0.8383857551152646
0.8378504517105583
0.8372729148448801
0.8366515441818407
0.8359846474265104
0.8352704422734564
0.8345070589955959
0.8336925437993076
0.8328248630937967
0.8319019088446767
0.8309215052112459
0.8298814166953725
0.8287793580708714
0.8276130064040464
0.8263800155276403
0.8250780333919381
0.8237047227884450
0.8222577860271265
0.8207349942520157
0.8191342222033395
0.8174534893868579
0.8156910087995535
0.8138452445947325
0.8119149803751629
0.8098994001966915
0.8077981849080759
0.8056116272101808
0.8033407699443376
0.8009875738734378
0.7985551241454122
0.7960478898902338
0.7934720617719284
0.7908360153193010
0.7881510079259313
0.7854324195530784
0.7850950236681025
0.7878031475543352
0.7904778812938346
0.7931038294748463
0.7956697251760573
0.7981671879118758
0.8005900257335387
0.8029337711580325
0.8051953429661739
0.8073727860291094
0.8094650643381220
0.8114718927833504
0.8133935984903212
0.8152310054466911
0.8169853379055935
0.8186581391763008
0.8202512031732516
0.8217665166334980
0.8232062103104938
0.8245725177550807
0.8258677405301567
0.8270942188944157
0.8282543071416325
0.8293503529092143
0.8303846798696600
0.8313595733085101
0.8322772681615792
0.8331399391474720
0.8339496926827212
0.8347085603103681
0.8354184934110312
0.8360813589976106
0.8366989364215928
0.8372729148448823
0.8378048913465754
0.8382963695590275
0.8387487587344067
0.8391633731624283
0.8395414318684848
0.8398840585306259
0.8401922815641752
0.8404670343288205
0.8407091554201360
0.8409193890119093
0.8410983852237007
0.8412467004870560
0.8413647978941836
0.8414530475108791
0.8415117266416640
0.8415410200374700
0.8415410200374700
0.8415117266416640
0.8414530475108791
0.8413647978941836
0.8412467004870560
0.8410983852237007
0.8409193890119093
0.8407091554201339
0.8404670343288205
0.8401922815641752
0.8398840585306259
0.8395414318684848
0.8391633731624283
0.8387487587344067
0.8382963695590275
0.8378048913465754
0.8372729148448823
0.8366989364215961
0.8360813589976106
0.8354184934110312
0.8347085603103681
0.8339496926827227
0.8331399391474720
0.8322772681615792
0.8313595733085101
0.8303846798696600
0.8293503529092143
0.8282543071416325
0.8270942188944157
0.8258677405301567
0.8245725177550807
0.8232062103104938
0.8217665166334980
0.8202512031732525
0.8186581391763008
0.8169853379055935
0.8152310054466911
0.8133935984903212
0.8114718927833495
0.8094650643381220
0.8073727860291094
0.8051953429661739
0.8029337711580325
0.8005900257335387
0.7981671879118758
0.7956697251760573
0.7931038294748463
0.7904778812938346
0.7878031475543352
0.7850950236681025
0.7847329502436663
0.7874296992209652
0.7900932646067234
0.7927082355714565
0.7952633360324344
0.7977501811475295
0.8001625784458816
0.8024960629573208
0.8047475583076714
0.8069151159249278
0.8089977075238896
0.8109950564145344
0.8129074984401244
0.8147358662726538
0.8164813925475931
0.8181456284430372
0.8197303750687757
0.8212376255680276
0.8226695162351699
0.8240282852540106
0.8253162378977349
0.8265357172211097
0.8276890794274540
0.8287786732191852
0.8298068225430887
0.8307758122299325
0.8316878760999176
0.8325451871660715
0.8333498496225232
0.8341038923468145
0.8348092636826894
0.8354678273057308
0.8360813589976106
0.8366515441818400
0.8371799760930100
0.8376681544685654
0.8381174846696968
0.8385292771481829
0.8389047471893780
0.8392450148708173
0.8395511051839930
0.8398239482751533
0.8400643797663782
0.8402731411250789
0.8404508800536258
0.8405981508761285
0.8407154149036224
0.8408030407607410
0.8408613046617212
0.8408903906260947
0.8408903906260947
0.8408613046617212
0.8408030407607410
0.8407154149036224
0.8405981508761285
0.8404508800536188
0.8402731411250789
0.8400643797663782
0.8398239482751533
0.8395511051839930
0.8392450148708173
0.8389047471893780
0.8385292771481798
0.8381174846696968
0.8376681544685654
0.8371799760930108
0.8366515441818400
0.8360813589976106
0.8354678273057308
0.8348092636826894
0.8341038923468145
0.8333498496225232
0.8325451871660715
0.8316878760999176
0.8307758122299325
0.8298068225430887
0.8287786732191852
0.8276890794274540
0.8265357172211111
0.8253162378977349
0.8240282852540112
0.8226695162351699
0.8212376255680276
0.8197303750687757
0.8181456284430372
0.8164813925475931
0.8147358662726538
0.8129074984401244
0.8109950564145344
0.8089977075238896
0.8069151159249278
0.8047475583076714
0.8024960629573208
0.8001625784458816
0.7977501811475295
0.7952633360324344
0.7927082355714565
0.7900932646067234
0.7874296992209652
0.7847329502436663
0.7843453954295027
0.7870298034985324
0.7896812510957989
0.7922843122417094
0.7948277022846451
0.7973030328379538
0.7997041118657999
0.8020264779490368
0.8042670606238045
0.8064239189195089
0.8084960332600745
0.8104831362717879
0.8123855732991881
0.8142041863536316
0.8159402169701859
0.8175952245710375
0.8191710176948048
0.8206695959870404
0.8220931012495231
0.8234437761447688
0.8247239293926444
0.8259359064828913
0.8270820650820032
0.8281647544386890
0.8291862981948478
0.8301489800992224
0.8310550321911588
0.8319066250864541
0.8327058600479045
0.8334547625693813
0.8341552772391025
0.8348092636826894
0.8354184934110312
0.8359846474265104
0.8365093144573126
0.8369939897111869
0.8374400740522787
0.8378488735207993
0.8382215991227935
0.8385593668326964
0.8388631977535043
0.8391340183927185
0.8393726610143339
0.8395798640356394
0.8397562724401616
0.8399024381853597
0.8400188205845901
0.8401057866476523
0.8401636113683127
0.8401924779477110
0.8401924779477110
0.8401636113683127
0.8401057866476523
0.8400188205845901
0.8399024381853597
0.8397562724401638
0.8395798640356394
0.8393726610143339
0.8391340183927140
0.8388631977535043
0.8385593668326964
0.8382215991227935
0.8378488735207992
0.8374400740522787
0.8369939897111875
0.8365093144573126
0.8359846474265136
0.8354184934110312
0.8348092636826894
0.8341552772391025
0.8334547625693813
0.8327058600479045
0.8319066250864541
0.8310550321911588
0.8301489800992224
0.8291862981948478
0.8281647544386890
0.8270820650820032
0.8259359064828888
0.8247239293926444
0.8234437761447688
0.8220931012495166
0.8206695959870404
0.8191710176948048
0.8175952245710375
0.8159402169701859
0.8142041863536316
0.8123855732991881
0.8104831362717879
0.8084960332600745
0.8064239189195089
0.8042670606238045
0.8020264779490368
0.7997041118657999
0.7973030328379538
0.7948277022846451
0.7922843122417094
0.7896812510957989
0.7870298034985324
0.7843453954295027
0.7839315202593135
0.7866025613117037
0.7892408824868605
0.7918310431956551
0.7943617510707442
0.7968246152366276
0.7992134452710157
0.8015237845396228
0.8037525697196015
0.8058978686210538
0.8079586714649483
0.8099347211597292
0.8118263733734529
0.8136344801210786
0.8153602923360842
0.8170053780171946
0.8185715533013475
0.8200608243509233
0.8214753383444272
0.8228173421603769
0.8240891475838075
0.8252931020548601
0.8264315641297350
0.8275068829554962
0.8285213811615640
0.8294773406600171
0.8303769909211257
0.8312224993519876
0.8320159634601837
0.8327594045290174
0.8334547625693813
0.8341038923468145
0.8347085603103683
0.8352704422734564
0.8357911217189197
0.8362720886175502
0.8367147386650551
0.8371203728560166
0.8374901973239167
0.8378253233882149
0.8381267677549099
0.8383954528286126
0.8386322070958910
0.8388377655503050
0.8390127701292512
0.8391577701426557
0.8392732226713729
0.8393594929230245
0.8394168545299321
0.8394454897812076
0.8394454897812076
0.8394168545299321
0.8393594929230245
0.8392732226713729
0.8391577701426557
0.8390127701292508
0.8388377655503050
0.8386322070958910
0.8383954528286126
0.8381267677549099
0.8378253233882149
0.8374901973239167
0.8371203728560164
0.8367147386650551
0.8362720886175502
0.8357911217189209
0.8352704422734564
0.8347085603103683
0.8341038923468145
0.8334547625693813
0.8327594045290174
0.8320159634601837
0.8312224993519876
0.8303769909211272
0.8294773406600171
0.8285213811615640
0.8275068829554962
0.8264315641297350
0.8252931020548601
0.8240891475838075
0.8228173421603769
0.8214753383444272
0.8200608243509233
0.8185715533013385
0.8170053780171946
0.8153602923360842
0.8136344801210786
0.8118263733734529
0.8099347211597292
0.8079586714649483
0.8058978686210538
0.8037525697196015
0.8015237845396228
0.7992134452710157
0.7968246152366276
0.7943617510707442
0.7918310431956551
0.7892408824868605
0.7866025613117037
0.7839315202593135
0.7834904533745073
0.7861470364120505
0.7887711586233195
0.7913473656670753
0.7938643586150537
0.7963137454386542
0.7986893387601285
0.8009866881839086
0.8032027389440495
0.8053355689577720
0.8073841794406175
0.8093483246200880
0.8112283713450681
0.8130251822993633
0.8147400182840677
0.8163744561501389
0.8179303197218767
0.8194096215930976
0.8208145140726631
0.8221472478644312
0.8234101373014266
0.8246055311470527
0.8257357881284391
0.8268032564979924
0.8278102570205232
0.8287590688763171
0.8296519180409534
0.8304909677702288
0.8312783108676345
0.8320159634601890
0.8327058600479045
0.8333498496225232
0.8339496926827227
0.8345070589955959
0.8350235259767328
0.8355005775771914
0.8359396035832581
0.8363418992473358
0.8367086651801863
0.8370410074432153
0.8373399377918040
0.8376063740226660
0.8378411403904517
0.8380449680604641
0.8382184955702291
0.8383622692783127
0.8384767437809281
0.8385622822812361
0.8386191568986412
0.8386475489091142
0.8386475489091119
0.8386191568986412
0.8385622822812361
0.8384767437809281
0.8383622692783127
0.8382184955702291
0.8380449680604641
0.8378411403904517
0.8376063740226660
0.8373399377918040
0.8370410074432153
0.8367086651801863
0.8363418992473358
0.8359396035832581
0.8355005775771914
0.8350235259767328
0.8345070589955988
0.8339496926827227
0.8333498496225232
0.8327058600479045
0.8320159634601890
0.8312783108676345
0.8304909677702288
0.8296519180409534
0.8287590688763171
0.8278102570205232
0.8268032564979924
0.8257357881284391
0.8246055311470527
0.8234101373014266
0.8221472478644312
0.8208145140726643
0.8194096215930976
0.8179303197218767
0.8163744561501389
0.8147400182840677
0.8130251822993633
0.8112283713450681
0.8093483246200880
0.8073841794406175
0.8053355689577720
0.8032027389440514
0.8009866881839086
0.7986893387601285
0.7963137454386542
0.7938643586150537
0.7913473656670753
0.7887711586233195
0.7861470364120505
0.7834904533745073
0.7830212942610792
0.7856622583499246
0.7882710401772065
0.7908321728759147
0.7933343524603322
0.7957691874057896
0.7981304950970761
0.8004138330800784
0.8026161567673064
0.8047355556708772
0.8067710433127800
0.8087223863488865
0.8105899636948912
0.8123746493593389
0.8140777144361278
0.8157007448291418
0.8172455720397230
0.8187142148859086
0.8201088304234371
0.8214316726414334
0.8226850577452924
0.8238713350320469
0.8249928625168612
0.8260519866002231
0.8270510251696769
0.8279922536213252
0.8288778933606518
0.8297101024056744
0.8304909677702272
0.8312224993519891
0.8319066250864541
0.8325451871660741
0.8331399391474720
0.8336925437993076
0.8342045715607959
0.8346774995006599
0.8351127106825156
0.8355114938551499
0.8358750433967955
0.8362044594559849
0.8365007482358162
0.8367648223793852
0.8369975014182442
0.8371995122534682
0.8373714896417027
0.8375139766644401
0.8376274251618957
0.8377121961157953
0.8377685599704449
0.8377966968805582
0.8377966968805582
0.8377685599704449
0.8377121961157953
0.8376274251618957
0.8375139766644401
0.8373714896417027
0.8371995122534682
0.8369975014182442
0.8367648223793852
0.8365007482358162
0.8362044594559849
0.8358750433967955
0.8355114938551499
0.8351127106825156
0.8346774995006599
0.8342045715607959
0.8336925437993076
0.8331399391474720
0.8325451871660741
0.8319066250864541
0.8312224993519891
0.8304909677702272
0.8297101024056744
0.8288778933606518
0.8279922536213252
0.8270510251696769
0.8260519866002231
0.8249928625168612
0.8238713350320469
0.8226850577452924
0.8214316726414334
0.8201088304234371
0.8187142148859086
0.8172455720397230
0.8157007448291413
0.8140777144361278
0.8123746493593389
0.8105899636948912
0.8087223863488865
0.8067710433127800
0.8047355556708772
0.8026161567673064
0.8004138330800784
0.7981304950970761
0.7957691874057889
0.7933343524603322
0.7908321728759147
0.7882710401772065
0.7856622583499246
0.7830212942610792
0.7825231170816499
0.7851472260261150
0.7877394519263695
0.7902843170440691
0.7927705142426424
0.7951896545271532
0.7975355620907586
0.7998038044029385
0.8019913489043700
0.8040962983637442
0.8061176800433771
0.8080552742048375
0.8099094727380254
0.8116811616082208
0.8133716225644383
0.8149824506686463
0.8165154849641312
0.8179727501406334
0.8193564074543074
0.8206687134645860
0.8219119853916977
0.8230885720909397
0.8242008297962673
0.8252511019155520
0.8262417022670389
0.8271749012384710
0.8280529144239502
0.8288778933606518
0.8296519180409534
0.8303769909211275
0.8310550321911597
0.8316878760999209
0.8322772681615788
0.8328248630937967
0.8333322233588275
0.8338008181980482
0.8342320230643553
0.8346271193728215
0.8349872944998236
0.8353136419712558
0.8356071617891699
0.8358687608544354
0.8360992534475283
0.8362993617377066
0.8364697162923125
0.8366108565669530
0.8367232313556133
0.8368071991876054
0.8368630286586179
0.8368908986866532
0.8368908986866532
0.8368630286586179
0.8368071991876054
0.8367232313556133
0.8366108565669530
0.8364697162923125
0.8362993617377066
0.8360992534475283
0.8358687608544354
0.8356071617891699
0.8353136419712558
0.8349872944998236
0.8346271193728215
0.8342320230643553
0.8338008181980482
0.8333322233588275
0.8328248630937967
0.8322772681615788
0.8316878760999176
0.8310550321911588
0.8303769909211275
0.8296519180409534
0.8288778933606518
0.8280529144239502
0.8271749012384710
0.8262417022670389
0.8252511019155520
0.8242008297962673
0.8230885720909397
0.8219119853916977
0.8206687134645860
0.8193564074543074
0.8179727501406334
0.8165154849641312
0.8149824506686463
0.8133716225644383
0.8116811616082208
0.8099094727380254
0.8080552742048375
0.8061176800433771
0.8040962983637442
0.8019913489043700
0.7998038044029385
0.7975355620907586
0.7951896545271532
0.7927705142426424
0.7902843170440691
0.7877394519263695
0.7851472260261003
0.7825231170816499
0.7819949751958258
0.7846009119188589
0.7871752866926185
0.7897026130604525
0.7921715831079985
0.7945738128196047
0.7969031356152072
0.7991551311843023
0.8013267810971425
0.8034162032290685
0.8054224401407235
0.8073452869413710
0.8091851494097793
0.8109429260583368
0.8126199095677712
0.8142177041404028
0.8157381560743412
0.8171832954031837
0.8185552868447121
0.8198563886105839
0.8210889178687825
0.8222552218464100
0.8233576537173579
0.8243985525510250
0.8253802267063830
0.8263049401482572
0.8271749012384725
0.8279922536213252
0.8287590688763172
0.8294773406600164
0.8301489800992224
0.8307758122299325
0.8313595733085102
0.8319019088446752
0.8324043722287958
0.8328684238434788
0.8332954305653033
0.8336866655772842
0.8340433084219100
0.8343664452379588
0.8346570691289200
0.8349160806224953
0.8351442881829384
0.8353424087473160
0.8355110682586289
0.8356508021747088
0.8357620559349644
0.8358451853698841
0.8359004570426177
0.8359280485118640
0.8359280485118640
0.8359004570426177
0.8358451853698841
0.8357620559349644
0.8356508021747088
0.8355110682586289
0.8353424087473124
0.8351442881829384
0.8349160806224953
0.8346570691289200
0.8343664452379588
0.8340433084219100
0.8336866655772842
0.8332954305653033
0.8328684238434788
0.8324043722287958
0.8319019088446752
0.8313595733085102
0.8307758122299325
0.8301489800992224
0.8294773406600164
0.8287590688763172
0.8279922536213252
0.8271749012384725
0.8263049401482588
0.8253802267063942
0.8243985525510250
0.8233576537173579
0.8222552218464100
0.8210889178687825
0.8198563886105839
0.8185552868447121
0.8171832954031837
0.8157381560743411
0.8142177041404028
0.8126199095677712
0.8109429260583368
0.8091851494097793
0.8073452869413710
0.8054224401407235
0.8034162032290685
0.8013267810971425
0.7991551311843023
0.7969031356152072
0.7945738128196047
0.7921715831080011
0.7897026130604525
0.7871752866926185
0.7846009119188589
0.7819949751958258
0.7814359064761855
0.7840222670919841
0.7865774100495204
0.7890858429069385
0.7915362598849139
0.7939202848840241
0.7962317633923982
0.7984662899687093
0.8006208626917135
0.8026936165936470
0.8046836112172288
0.8065906578162843
0.8084151769645649
0.8101580802451542
0.8118206714325058
0.8134045636970156
0.8149116101185324
0.8163438453366160
0.8177034365665314
0.8189926425182636
0.8202137790009469
0.8213691901873689
0.8224612246775580
0.8234922156285449
0.8244644643314366
0.8253802267063830
0.8262417022670349
0.8270510251696764
0.8278102570205232
0.8285213811615656
0.8291862981948479
0.8298068225430887
0.8303846798696600
0.8309215052112455
0.8314188416932267
0.8318781397201760
0.8323007565481624
0.8326879561586482
0.8330409093662479
0.8333606941024704
0.8336482958260759
0.8339046080178082
0.8341304327233693
0.8343264811161517
0.8344933740520915
0.8346316425970497
0.8347417285087927
0.8348239846585822
0.8348786753821168
0.8349059767495355
0.8349059767495355
0.8348786753821168
0.8348239846585822
0.8347417285087927
0.8346316425970497
0.8344933740520915
0.8343264811161517
0.8341304327233693
0.8339046080178082
0.8336482958260775
0.8333606941024704
0.8330409093662479
0.8326879561586482
0.8323007565481624
0.8318781397201760
0.8314188416932267
0.8309215052112466
0.8303846798696600
0.8298068225430887
0.8291862981948479
0.8285213811615656
0.8278102570205232
0.8270510251696764
0.8262417022670349
0.8253802267063830
0.8244644643314366
0.8234922156285449
0.8224612246775580
0.8213691901873689
0.8202137790009469
0.8189926425182636
0.8177034365665314
0.8163438453366160
0.8149116101185324
0.8134045636970144
0.8118206714325058
0.8101580802451542
0.8084151769645649
0.8065906578162892
0.8046836112172288
0.8026936165936470
0.8006208626917135
0.7984662899687093
0.7962317633923982
0.7939202848840241
0.7915362598849128
0.7890858429069385
0.7865774100495204
0.7840222670919841
0.7814359064761855
0.7808449395426527
0.7834102271116604
0.7859446659284436
0.7884327609756612
0.7908632121475018
0.7932276547568033
0.7955199496829372
0.7977357093975244
0.7998719511693934
0.8019268294498471
0.8038994225707401
0.8057895592679951
0.8075976757831106
0.8093246971970598
0.8109719383893635
0.8125410211327810
0.8140338045897160
0.8154523270186425
0.8167987569032839
0.8180753520266111
0.8192844252584648
0.8204283160215901
0.8215093665655476
0.8225299023095151
0.8234922156285449
0.8243985525510307
0.8252511019155520
0.8260519866002231
0.8268032564979924
0.8275068829554962
0.8281647544386890
0.8287786732191852
0.8293503529092150
0.8298814166953725
0.8303733961448316
0.8308277304755882
0.8312457661989782
0.8316287570548704
0.8319778641727681
0.8322941564020282
0.8325786107618057
0.8328321129698769
0.8330554580149517
0.8332493507435612
0.8334144064355988
0.8335511513487693
0.8336600232142076
0.8337413716695500
0.8337954586179319
0.8338224585046171
0.8338224585046171
0.8337954586179298
0.8337413716695500
0.8336600232141965
0.8335511513487693
0.8334144064355988
0.8332493507435612
0.8330554580149517
0.8328321129698769
0.8325786107618057
0.8322941564020282
0.8319778641727681
0.8316287570548704
0.8312457661989825
0.8308277304755882
0.8303733961448316
0.8298814166953725
0.8293503529092150
0.8287786732191852
0.8281647544386890
0.8275068829554962
0.8268032564979924
0.8260519866002231
0.8252511019155520
0.8243985525510307
0.8234922156285449
0.8225299023095151
0.8215093665655476
0.8204283160215901
0.8192844252584657
0.8180753520266111
0.8167987569032839
0.8154523270186425
0.8140338045897160
0.8125410211327810
0.8109719383893635
0.8093246971970766
0.8075976757831106
0.8057895592679951
0.8038994225707401
0.8019268294498471
0.7998719511693934
0.7977357093975244
0.7955199496829366
0.7932276547568033
0.7908632121475018
0.7884327609756612
0.7859446659284436
0.7834102271116604
0.7808449395426527
0.7802211010559615
0.7827637190131067
0.7852758832683742
0.7877421004279931
0.7901510803233169
0.7924944738192015
0.7947661610552990
0.7969617758995635
0.7990783578223560
0.8011140831756275
0.8030680510024295
0.8049401088785016
0.8067307095214326
0.8084407918005517
0.8100716815173402
0.8116250084413662
0.8131026368450752
0.8145066073232450
0.8158390880913314
0.8171023342672603
0.8182986538909464
0.8194303796364433
0.8204998453352170
0.8215093665655476
0.8224612246775591
0.8233576537173553
0.8242008297962673
0.8249928625168612
0.8257357881284391
0.8264315641297433
0.8270820650820032
0.8276890794274540
0.8282543071416325
0.8287793580708714
0.8292657508294771
0.8297149121503247
0.8301281765957185
0.8305067865531166
0.8308518924481486
0.8311645531182821
0.8314457363008687
0.8316963191936445
0.8319170890542410
0.8321087438088971
0.8322718926469109
0.8324070565804301
0.8325146689521334
0.8325950758779259
0.8326485366134314
0.8326752238359689
0.8326752238359689
0.8326485366134314
0.8325950758779259
0.8325146689521334
0.8324070565804301
0.8322718926469109
0.8321087438088971
0.8319170890542406
0.8316963191936445
0.8314457363008687
0.8311645531182821
0.8308518924481486
0.8305067865531166
0.8301281765957185
0.8297149121503247
0.8292657508294771
0.8287793580708714
0.8282543071416351
0.8276890794274540
0.8270820650820032
0.8264315641297433
0.8257357881284391
0.8249928625168612
0.8242008297962673
0.8233576537173579
0.8224612246775591
0.8215093665655476
0.8204998453352170
0.8194303796364433
0.8182986538909464
0.8171023342672603
0.8158390880913314
0.8145066073232448
0.8131026368450752
0.8116250084413662
0.8100716815173402
0.8084407918005517
0.8067307095214326
0.8049401088785016
0.8030680510024295
0.8011140831756275
0.7990783578223560
0.7969617758995635
0.7947661610552990
0.7924944738192015
0.7901510803233169
0.7877421004279964
0.7852758832683742
0.7827637190131067
0.7802211010559615
0.7795634242330723
0.7820816694845920
0.7845698838798564
0.7870125807701847
0.7893984850304486
0.7917192679555777
0.7939688334344315
0.7961428407033785
0.7982383548000874
0.8002535766819927
0.8021876281255890
0.8040403768934173
0.8058122928809316
0.8075043288509558
0.8091178210950546
0.8106544064784139
0.8121159530824096
0.8135045022077110
0.8148222199077605
0.8160713565398799
0.8172542130736397
0.8183731130978344
0.8194303796364433
0.8204283160215901
0.8213691901873689
0.8222552218464091
0.8230885720909397
0.8238713350320469
0.8246055311470527
0.8252931020548601
0.8259359064828888
0.8265357172211111
0.8270942188944157
0.8276130064040464
0.8280935839157765
0.8285373642884801
0.8289456688527527
0.8293197274638092
0.8296606787632086
0.8299695705942695
0.8302473605244624
0.8304949164348001
0.8307130171435763
0.8309023530345828
0.8310635266679933
0.8311970533527203
0.8313033616646859
0.8313827938976303
0.8314356064353807
0.8314619700386205
0.8314619700386205
0.8314356064353807
0.8313827938976303
0.8313033616646859
0.8311970533527203
0.8310635266679933
0.8309023530345828
0.8307130171435763
0.8304949164348001
0.8302473605244624
0.8299695705942695
0.8296606787632074
0.8293197274638092
0.8289456688527527
0.8285373642884801
0.8280935839157765
0.8276130064040464
0.8270942188944180
0.8265357172211111
0.8259359064828888
0.8252931020548601
0.8246055311470527
0.8238713350320469
0.8230885720909397
0.8222552218464091
0.8213691901873689
0.8204283160215901
0.8194303796364433
0.8183731130978344
0.8172542130736397
0.8160713565398799
0.8148222199077605
0.8135045022077110
0.8121159530824096
0.8106544064784139
0.8091178210950546
0.8075043288509558
0.8058122928809316
0.8040403768934173
0.8021876281255890
0.8002535766819927
0.7982383548000874
0.7961428407033785
0.7939688334344315
0.7917192679555777
0.7893984850304486
0.7870125807701847
0.7845698838798564
0.7820816694845920
0.7795634242330723
0.7788709587684629
0.7813630144583779
0.7838254917196643
0.7862429168508928
0.7886040358551690
0.7909005461863058
0.7931263806711439
0.7952772284266095
0.7973501838003119
0.7993434752793404
0.8012562494711898
0.8030883956188781
0.8048404013371049
0.8065132331391123
0.8081082370605353
0.8096270557988275
0.8110715595515431
0.8124437882865899
0.8137459035898401
0.8149801485570460
0.8161488144540463
0.8172542130736397
0.8182986538909464
0.8192844252584657
0.8202137790009469
0.8210889178687825
0.8219119853916992
0.8226850577452929
0.8234101373014266
0.8240891475838075
0.8247239293926444
0.8253162378977349
0.8258677405301567
0.8263800155276440
0.8268545510112073
0.8272927444894668
0.8276959027013447
0.8280652417226466
0.8284018872728233
0.8287068751681269
0.8289811518741412
0.8292255751214456
0.8294409145486484
0.8296278523480343
0.8297869838893107
0.8299188183020956
0.8300237790024312
0.8301022041496277
0.8301543470231378
0.8301803763123137
0.8301803763123137
0.8301543470231378
0.8301022041496277
0.8300237790024312
0.8299188183020956
0.8297869838893107
0.8296278523480343
0.8294409145486484
0.8292255751214456
0.8289811518741409
0.8287068751681269
0.8284018872728233
0.8280652417226466
0.8276959027013493
0.8272927444894668
0.8268545510112073
0.8263800155276307
0.8258677405301567
0.8253162378977349
0.8247239293926444
0.8240891475838075
0.8234101373014266
0.8226850577452947
0.8219119853916992
0.8210889178687825
0.8202137790009469
0.8192844252584657
0.8182986538909464
0.8172542130736397
0.8161488144540463
0.8149801485570460
0.8137459035898401
0.8124437882865899
0.8110715595515431
0.8096270557988275
0.8081082370605353
0.8065132331391123
0.8048404013371049
0.8030883956188781
0.8012562494711898
0.7993434752793404
0.7973501838003119
0.7952772284266095
0.7931263806711439
0.7909005461863058
0.7886040358551690
0.7862429168508928
0.7838254917196643
0.7813630144583779
0.7788709587684629
0.7781427823786427
0.7806067103310169
0.7830415438059609
0.7854318295188421
0.7877663418250909
0.7900368110430003
0.7922372049167233
0.7943632475477262
0.7964120667297400
0.7983819216101564
0.8002719857598637
0.8020821710859153
0.8038129832319252
0.8054654019938100
0.8070407820111128
0.8085407701110529
0.8099672364487712
0.8113222171458550
0.8126078665433041
0.8138264175164819
0.8149801485570460
0.8160713565398794
0.8171023342672603
0.8180753520266111
0.8189926425182629
0.8198563886105886
0.8206687134645860
0.8214316726414334
0.8221472478644312
0.8228173421603716
0.8234437761447688
0.8240282852540106
0.8245725177550807
0.8250780333919381
0.8255463025475774
0.8259787058192303
0.8263765339203156
0.8267409878365167
0.8270731791720988
0.8273741306355452
0.8276447766187659
0.8278859638326989
0.8280984519674971
0.8282829143498963
0.8284399385771902
0.8285700271070552
0.8286735977888829
0.8287509843250633
0.8288024366503121
0.8288281212231221
0.8288281212231221
0.8288024366503121
0.8287509843250633
0.8286735977888829
0.8285700271070552
0.8284399385771902
0.8282829143498963
0.8280984519674971
0.8278859638326989
0.8276447766187659
0.8273741306355452
0.8270731791720988
0.8267409878365167
0.8263765339203156
0.8259787058192303
0.8255463025475774
0.8250780333919381
0.8245725177550807
0.8240282852540106
0.8234437761447688
0.8228173421603716
0.8221472478644312
0.8214316726414334
0.8206687134645860
0.8198563886105886
0.8189926425182629
0.8180753520266111
0.8171023342672603
0.8160713565398794
0.8149801485570460
0.8138264175164819
0.8126078665433041
0.8113222171458589
0.8099672364487712
0.8085407701110529
0.8070407820111128
0.8054654019938100
0.8038129832319252
0.8020821710859153
0.8002719857598686
0.7983819216101564
0.7964120667297400
0.7943632475477262
0.7922372049167233
0.7900368110430003
0.7877663418250909
0.7854318295188421
0.7830415438059609
0.7806067103310169
0.7781427823786425
0.7773780142154992
0.7798117470693394
0.7822169030403647
0.7845780582214416
0.7868840238729153
0.7891265710046567
0.7912997091458621
0.7933992031296673
0.7954222187334974
0.7973670490715449
0.7992328967893105
0.8010196974523458
0.8027279747218768
0.8043587207879626
0.8059132972655050
0.8073933528781616
0.8088007550317641
0.8101375329382374
0.8114058303809814
0.8126078665433041
0.8137459035898401
0.8148222199077605
0.8158390880913318
0.8167987569032839
0.8177034365665314
0.8185552868447121
0.8193564074543074
0.8201088304234371
0.8208145140726643
0.8214753383444272
0.8220931012495213
0.8226695162351699
0.8232062103104938
0.8237047227884450
0.8241665045274151
0.8245929175719109
0.8249852351075122
0.8253446416594571
0.8256722334729301
0.8259690190254139
0.8262359196258260
0.8264737700659368
0.8266833192916458
0.8268652310688646
0.8270200846227134
0.8271483752311118
0.8272505147590062
0.8273268321199456
0.8273775736571629
0.8274029034346905
0.8274029034346905
0.8273775736571629
0.8273268321199456
0.8272505147590062
0.8271483752311118
0.8270200846227134
0.8268652310688646
0.8266833192916458
0.8264737700659368
0.8262359196258260
0.8259690190254139
0.8256722334729301
0.8253446416594561
0.8249852351075122
0.8245929175719109
0.8241665045274167
0.8237047227884450
0.8232062103104938
0.8226695162351699
0.8220931012495213
0.8214753383444272
0.8208145140726631
0.8201088304234371
0.8193564074543074
0.8185552868447121
0.8177034365665314
0.8167987569032839
0.8158390880913318
0.8148222199077605
0.8137459035898401
0.8126078665433041
0.8114058303809814
0.8101375329382374
0.8088007550317641
0.8073933528781616
0.8059132972655050
0.8043587207879626
0.8027279747218768
0.8010196974523458
0.7992328967893105
0.7973670490715449
0.7954222187334974
0.7933992031296673
0.7912997091458621
0.7891265710046587
0.7868840238729153
0.7845780582214416
0.7822169030403647
0.7798117470693394
0.7773780142154992
0.7765758304352042
0.7789771634988208
0.7813504732489251
0.7836803758755082
0.7859557296458046
0.7881683553762117
0.7903123122421830
0.7923834122433259
0.7943788640725112
0.7962969982434509
0.7981370484824658
0.7998989747162684
0.8015833181767594
0.8031910820223812
0.8047236326130229
0.8061826177020323
0.8075698985963145
0.8088874939054863
0.8101375329382373
0.8113222171458589
0.8124437882865899
0.8135045022077110
0.8145066073232450
0.8154523270186459
0.8163438453366152
0.8171832954031822
0.8179727501406336
0.8187142148859086
0.8194096215930976
0.8200608243509233
0.8206695959870403
0.8212376255680276
0.8217665166334980
0.8222577860271265
0.8227128632099523
0.8231330899584093
0.8235197203648451
0.8238739210704934
0.8241967716725586
0.8244892652554260
0.8247523090043443
0.8249867248650525
0.8251932502216027
0.8253725385650290
0.8255251601333080
0.8256516025051475
0.8257522711327535
0.8258274898025432
0.8258775010135538
0.8259024662682714
0.8259024662682714
0.8258775010135538
0.8258274898025432
0.8257522711327535
0.8256516025051475
0.8255251601333080
0.8253725385650290
0.8251932502216027
0.8249867248650525
0.8247523090043443
0.8244892652554260
0.8241967716725586
0.8238739210704934
0.8235197203648451
0.8231330899584093
0.8227128632099523
0.8222577860271265
0.8217665166334980
0.8212376255680276
0.8206695959870403
0.8200608243509233
0.8194096215930976
0.8187142148859086
0.8179727501406336
0.8171832954031822
0.8163438453366152
0.8154523270186459
0.8145066073232450
0.8135045022077110
0.8124437882865899
0.8113222171458589
0.8101375329382373
0.8088874939054863
0.8075698985963145
0.8061826177020323
0.8047236326130229
0.8031910820223812
0.8015833181767594
0.7998989747162684
0.7981370484824658
0.7962969982434509
0.7943788640725112
0.7923834122433259
0.7903123122421830
0.7881683553762117
0.7859557296458046
0.7836803758755082
0.7813504732489251
0.7789771634988208
0.7765758304352042
0.7757354822558811
0.7781020651242478
0.7804412168094670
0.7827376063993191
0.7849801510813702
0.7871607320691641
0.7892734671460058
0.7913142226357227
0.7932802554412878
0.7951699369535046
0.7969825337659279
0.7987180304406283
0.8003769847543384
0.8019604087304065
0.8034696705100991
0.8049064132568130
0.8062724880859028
0.8075698985963145
0.8088007550317641
0.8099672364487712
0.8110715595515406
0.8121159530824096
0.8131026368450752
0.8140338045897160
0.8149116101185324
0.8157381560743412
0.8165154849641312
0.8172455720397230
0.8179303197218767
0.8185715533013385
0.8191710176948019
0.8197303750687757
0.8202512031732550
0.8207349942520149
0.8211831544179864
0.8215970033986516
0.8219777745722922
0.8223266152264543
0.8226445869823960
0.8229326663378628
0.8231917452863448
0.8234226319795148
0.8236260514037289
0.8238026460461956
0.8239529765314482
0.8240775222098139
0.8241766816858676
0.8242507732738554
0.8243000353731456
0.8243246267544961
0.8243246267544961
0.8243000353731456
0.8242507732738544
0.8241766816858676
0.8240775222098139
0.8239529765314482
0.8238026460461956
0.8236260514037289
0.8234226319795148
0.8231917452863448
0.8229326663378628
0.8226445869823960
0.8223266152264543
0.8219777745722922
0.8215970033986516
0.8211831544179864
0.8207349942520156
0.8202512031732494
0.8197303750687757
0.8191710176948019
0.8185715533013385
0.8179303197218767
0.8172455720397230
0.8165154849641312
0.8157381560743412
0.8149116101185324
0.8140338045897160
0.8131026368450752
0.8121159530824096
0.8110715595515406
0.8099672364487712
0.8088007550317641
0.8075698985963145
0.8062724880859028
0.8049064132568130
0.8034696705100991
0.8019604087304065
0.8003769847543384
0.7987180304406283
0.7969825337659279
0.7951699369535046
0.7932802554412878
0.7913142226357227
0.7892734671460058
0.7871607320691641
0.7849801510813702
0.7827376063993191
0.7804412168094670
0.7781020651242478
0.7757354822558811
0.7748563168902052
0.7771856448876248
0.7794881752958158
0.7817486453729318
0.7839560452601394
0.7861023288419496
0.7881816826805824
0.7901900353154998
0.7921246974520336
0.7939840847580010
0.7957674981004852
0.7974749463475066
0.7991070020380795
0.8006646831100800
0.8021493556385836
0.8035626536948420
0.8049064132568130
0.8061826177020323
0.8073933528781616
0.8085407701110513
0.8096270557988275
0.8106544064784139
0.8116250084413662
0.8125410211327810
0.8134045636970156
0.8142177041404085
0.8149824506686463
0.8157007448291418
0.8163744561501389
0.8170053780171945
0.8175952245710375
0.8181456284430363
0.8186581391763008
0.8191342222033416
0.8195752582707535
0.8199825432204968
0.8203572880500525
0.8207006191854734
0.8210135789135760
0.8212971259264955
0.8215521359379894
0.8217794023406483
0.8219796368743389
0.8221534702838734
0.8223014529451583
0.8224240554452653
0.8225216691008093
0.8225946064064883
0.8226431014027816
0.8226673099579146
0.8226673099579156
0.8226431014027816
0.8225946064064883
0.8225216691008093
0.8224240554452653
0.8223014529451583
0.8221534702838734
0.8219796368743389
0.8217794023406483
0.8215521359379894
0.8212971259264955
0.8210135789135760
0.8207006191854734
0.8203572880500525
0.8199825432205007
0.8195752582707535
0.8191342222033416
0.8186581391763008
0.8181456284430415
0.8175952245710375
0.8170053780171955
0.8163744561501389
0.8157007448291417
0.8149824506686463
0.8142177041404085
0.8134045636970156
0.8125410211327810
0.8116250084413662
0.8106544064784139
0.8096270557988275
0.8085407701110513
0.8073933528781616
0.8061826177020323
0.8049064132568130
0.8035626536948420
0.8021493556385836
0.8006646831100800
0.7991070020380795
0.7974749463475066
0.7957674981004852
0.7939840847580010
0.7921246974520336
0.7901900353154998
0.7881816826805824
0.7861023288419496
0.7839560452601394
0.7817486453729318
0.7794881752958158
0.7771856448876248
0.7748563168902052
0.7739378018071105
0.7762272073438177
0.7784904936534577
0.7807124843848435
0.7828822591481552
0.7849918586867204
0.7870355498152504
0.7890093318904016
0.7909105751920463
0.7927377428057063
0.7944901706837425
0.7961678908409848
0.7977714878222821
0.7993019814869301
0.8007607309412170
0.8021493556385830
0.8034696705100991
0.8047236326130229
0.8059132972655050
0.8070407820111128
0.8081082370605350
0.8091178210950560
0.8100716815173402
0.8109719383893644
0.8118206714325058
0.8126199095677712
0.8133716225644383
0.8140777144361295
0.8147400182840677
0.8153602923360910
0.8159402169701789
0.8164813925475931
0.8169853379055861
0.8174534893868579
0.8178872002992802
0.8182877407185353
0.8186562975591550
0.8189939748502632
0.8193017941636560
0.8195806951494277
0.8198315361405019
0.8200550947952554
0.8202520687509199
0.8204230762650985
0.8205686568266143
0.8206892717206832
0.8207853045346177
0.8208570615938457
0.8209047723209792
0.8209285895094460
0.8209285895094486
0.8209047723209792
0.8208570615938457
0.8207853045346177
0.8206892717206832
0.8205686568266143
0.8204230762650985
0.8202520687509199
0.8200550947952554
0.8198315361405019
0.8195806951494277
0.8193017941636560
0.8189939748502632
0.8186562975591550
0.8182877407185353
0.8178872002992802
0.8174534893868579
0.8169853379055861
0.8164813925475931
0.8159402169701789
0.8153602923360910
0.8147400182840677
0.8140777144361295
0.8133716225644383
0.8126199095677712
0.8118206714325058
0.8109719383893572
0.8100716815173402
0.8091178210950560
0.8081082370605357
0.8070407820111128
0.8059132972655050
0.8047236326130229
0.8034696705100991
0.8021493556385830
0.8007607309412170
0.7993019814869301
0.7977714878222821
0.7961678908409848
0.7944901706837425
0.7927377428057063
0.7909105751920463
0.7890093318904016
0.7870355498152504
0.7849918586867204
0.7828822591481552
0.7807124843848435
0.7784904936534577
0.7762272073438177
0.7739378018071105
0.7729795528553699
0.7752261968203157
0.7774474485185285
0.7796282397407009
0.7817577589894373
0.7838281502114034
0.7858337733159082
0.7877707077040697
0.7896363889888292
0.7914293302957692
0.7931489025928670
0.7947951587691215
0.7963686913847831
0.7978705169588205
0.7993019814869301
0.8006646831100800
0.8019604087304065
0.8031910820223812
0.8043587207879626
0.8054654019938100
0.8065132331391123
0.8075043288509558
0.8084407918005475
0.8093246971970598
0.8101580802451542
0.8109429260583368
0.8116811616082208
0.8123746493593335
0.8130251822993633
0.8136344801210786
0.8142041863536273
0.8147358662726538
0.8152310054466911
0.8156910087995535
0.8161172000884750
0.8165108217121347
0.8168730347774674
0.8172049193639656
0.8175074749355821
0.8177816208556525
0.8180281969693727
0.8182479642228268
0.8184416052925078
0.8186097252036617
0.8187528519195754
0.8188714368864222
0.8189658555208441
0.8190364076311425
0.8190833177631395
0.8191067354647383
0.8191067354647383
0.8190833177631395
0.8190364076311425
0.8189658555208441
0.8188714368864222
0.8187528519195754
0.8186097252036617
0.8184416052925078
0.8182479642228268
0.8180281969693727
0.8177816208556525
0.8175074749355821
0.8172049193639656
0.8168730347774674
0.8165108217121347
0.8161172000884750
0.8156910087995535
0.8152310054466911
0.8147358662726538
0.8142041863536273
0.8136344801210786
0.8130251822993633
0.8123746493593335
0.8116811616082193
0.8109429260583368
0.8101580802451542
0.8093246971970598
0.8084407918005475
0.8075043288509558
0.8065132331391169
0.8054654019938100
0.8043587207879626
0.8031910820223812
0.8019604087304065
0.8006646831100800
0.7993019814869301
0.7978705169588205
0.7963686913847831
0.7947951587691215
0.7931489025928670
0.7914293302957692
0.7896363889888292
0.7877707077040697
0.7858337733159082
0.7838281502114044
0.7817577589894373
0.7796282397407009
0.7774474485185285
0.7752261968203157
0.7729795528553699
0.7719813668843046
0.7741822302405790
0.7763584814223606
0.7784951863648187
0.7805816652898798
0.7826101840906214
0.7845752099889047
0.7864729121045599
0.7883007968260806
0.7900574290593037
0.7917422134616237
0.7933552200599545
0.7948970439010097
0.7963686913847831
0.7977714878222821
0.7991070020380795
0.8003769847543373
0.8015833181767591
0.8027279747218768
0.8038129832319252
0.8048404013371029
0.8058122928809316
0.8067307095214326
0.8075976757831106
0.8084151769645649
0.8091851494097783
0.8099094727380254
0.8105899636948912
0.8112283713450681
0.8118263733734529
0.8123855732991938
0.8129074984401244
0.8133935984903212
0.8138452445947325
0.8142637288262786
0.8146502639809495
0.8150059836240949
0.8153319423285731
0.8156291160561798
0.8158984026400032
0.8161406223335609
0.8163565183961845
0.8165467576901073
0.8167119312682364
0.8168525549344254
0.8169690697630385
0.8170618425632181
0.8171311662811667
0.8171772603301886
0.8172002708430081
0.8172002708430081
0.8171772603301886
0.8171311662811667
0.8170618425632181
0.8169690697630387
0.8168525549344254
0.8167119312682364
0.8165467576901073
0.8163565183961845
0.8161406223335586
0.8158984026400032
0.8156291160561798
0.8153319423285731
0.8150059836240949
0.8146502639809495
0.8142637288262786
0.8138452445947325
0.8133935984903212
0.8129074984401244
0.8123855732991938
0.8118263733734529
0.8112283713450681
0.8105899636948912
0.8099094727380254
0.8091851494097783
0.8084151769645649
0.8075976757831106
0.8067307095214326
0.8058122928809316
0.8048404013371029
0.8038129832319252
0.8027279747218768
0.8015833181767591
0.8003769847543373
0.7991070020380795
0.7977714878222821
0.7963686913847831
0.7948970439010097
0.7933552200599545
0.7917422134616229
0.7900574290593037
0.7883007968260806
0.7864729121045599
0.7845752099889047
0.7826101840906214
0.7805816652898798
0.7784951863648187
0.7763584814223604
0.7741822302405790
0.7719813668843046
0.7709432596239946
0.7730951354308168
0.7752232377900040
0.7773127979300727
0.7793532945889895
0.7813371369608825
0.7832589150745908
0.7851148975634679
0.7869026662624984
0.7886208382152115
0.7902688487060172
0.7918467792798989
0.7933552200599545
0.7947951587691217
0.7961678908409848
0.7974749463475066
0.7987180304406257
0.7998989747162684
0.8010196974523458
0.8020821710859153
0.8030883956188781
0.8040403768934173
0.8049401088785016
0.8057895592679951
0.8065906578162843
0.8073452869413710
0.8080552742048375
0.8087223863488865
0.8093483246200880
0.8099347211597292
0.8104831362717879
0.8109950564145344
0.8114718927833504
0.8119149803751629
0.8123255774418453
0.8127048652535489
0.8130539481063217
0.8133738535177369
0.8136655325634197
0.8139298603139479
0.8141676363387591
0.8143795852475806
0.8145663572463633
0.8147285286855167
0.8148666025858509
0.8149810091249043
0.8150721060750031
0.8151401791813000
0.8151854424728667
0.8152080385011132
0.8152080385011132
0.8151854424728631
0.8151401791813000
0.8150721060750031
0.8149810091249043
0.8148666025858509
0.8147285286855167
0.8145663572463633
0.8143795852475806
0.8141676363387591
0.8139298603139479
0.8136655325634197
0.8133738535177369
0.8130539481063217
0.8127048652535489
0.8123255774418453
0.8119149803751629
0.8114718927833479
0.8109950564145344
0.8104831362717879
0.8099347211597294
0.8093483246200880
0.8087223863488865
0.8080552742048375
0.8073452869413710
0.8065906578162843
0.8057895592679951
0.8049401088785016
0.8040403768934173
0.8030883956188781
0.8020821710859153
0.8010196974523458
0.7998989747162684
0.7987180304406257
0.7974749463475066
0.7961678908409848
0.7947951587691217
0.7933552200599545
0.7918467792798989
0.7902688487060172
0.7886208382152115
0.7869026662624984
0.7851148975634679
0.7832589150745908
0.7813371369608825
0.7793532945889895
0.7773127979300727
0.7752232377900040
0.7730951354308168
0.7709432596239946
0.7698655097552468
0.7719649959201842
0.7740416128680654
0.7760807945361859
0.7780722095737117
0.7800084345670918
0.7818841988383838
0.7836958798996466
0.7854411382624995
0.7871186414143947
0.7887278498710188
0.7902688487060172
0.7917422134616237
0.7931489025928670
0.7944901706837425
0.7957674981004852
0.7969825337659279
0.7981370484824658
0.7992328967893105
0.8002719857598700
0.8012562494711898
0.8021876281255890
0.8030680510024295
0.8038994225707401
0.8046836112172303
0.8054224401407256
0.8061176800433771
0.8067710433127800
0.8073841794406175
0.8079586714649483
0.8084960332600745
0.8089977075238897
0.8094650643381220
0.8098994001966965
0.8103019374123551
0.8106738238268492
0.8110161327612682
0.8113298631519228
0.8116159398267471
0.8118752138835047
0.8121084631357247
0.8123163926003727
0.8124996350023511
0.8126587512764807
0.8127942310500447
0.8129064930922101
0.8129958857190602
0.8130626871438827
0.8131071057664011
0.8131292803947069
0.8131292803947069
0.8131071057664011
0.8130626871438827
0.8129958857190602
0.8129064930922101
0.8127942310500447
0.8126587512764807
0.8124996350023511
0.8123163926003727
0.8121084631357247
0.8118752138835047
0.8116159398267471
0.8113298631519228
0.8110161327612682
0.8106738238268492
0.8103019374123551
0.8098994001966965
0.8094650643381220
0.8089977075238897
0.8084960332600745
0.8079586714649483
0.8073841794406175
0.8067710433127800
0.8061176800433771
0.8054224401407256
0.8046836112172303
0.8038994225707401
0.8030680510024295
0.8021876281255890
0.8012562494711898
0.8002719857598700
0.7992328967893105
0.7981370484824658
0.7969825337659279
0.7957674981004852
0.7944901706837425
0.7931489025928670
0.7917422134616237
0.7902688487060172
0.7887278498710178
0.7871186414143891
0.7854411382624995
0.7836958798996466
0.7818841988383838
0.7800084345670918
0.7780722095737117
0.7760807945361859
0.7740416128680654
0.7719649959201850
0.7698655097552468
0.7687487103325316
0.7707922035009399
0.7728138060365736
0.7747991996712411
0.7767382796116463
0.7786238165960637
0.7804506961179449
0.7822154126196548
0.7839157061278239
0.7855502899565460
0.7871186414143947
0.7886208382152142
0.7900574290593037
0.7914293302957692
0.7927377428057063
0.7939840847580010
0.7951699369535046
0.7962969982434509
0.7973670490715449
0.7983819216101552
0.7993434752793404
0.8002535766819927
0.8011140831756252
0.8019268294498436
0.8026936165936468
0.8034162032290685
0.8040962983637442
0.8047355556708772
0.8053355689577720
0.8058978686210538
0.8064239189195089
0.8069151159249278
0.8073727860291053
0.8077981849080759
0.8081924968580360
0.8085568344302420
0.8088922383038170
0.8091996773451590
0.8094800488082040
0.8097341786395656
0.8099628218554541
0.8101666629641852
0.8103463164098250
0.8105023270193993
0.8106351704362565
0.8107452535252344
0.8108329147402047
0.8108984244428351
0.8109419851665839
0.8109637318189077
0.8109637318189077
0.8109419851665839
0.8108984244428351
0.8108329147402047
0.8107452535252344
0.8106351704362565
0.8105023270193993
0.8103463164098250
0.8101666629641852
0.8099628218554541
0.8097341786395656
0.8094800488082040
0.8091996773451590
0.8088922383038170
0.8085568344302420
0.8081924968580360
0.8077981849080730
0.8073727860291053
0.8069151159249278
0.8064239189195089
0.8058978686210538
0.8053355689577720
0.8047355556708765
0.8040962983637442
0.8034162032290685
0.8026936165936468
0.8019268294498471
0.8011140831756252
0.8002535766819927
0.7993434752793404
0.7983819216101552
0.7973670490715449
0.7962969982434509
0.7951699369535046
0.7939840847580010
0.7927377428057063
0.7914293302957692
0.7900574290593037
0.7886208382152115
0.7871186414143947
0.7855502899565460
0.7839157061278239
0.7822154126196530
0.7804506961179449
0.7786238165960637
0.7767382796116463
0.7747991996712411
0.7728138060365736
0.7707922035009399
0.7687487103325316
0.7675938290504816
0.7695775201905898
0.7715403854338652
0.7734684088197967
0.7753517545850336
0.7771834165858313
0.7789584526390836
0.7806734794882684
0.7823263138110114
0.7839157061278239
0.7854411382624995
0.7869026662624984
0.7883007968260806
0.7896363889888321
0.7909105751920463
0.7921246974520344
0.7932802554412878
0.7943788640725112
0.7954222187334974
0.7964120667297400
0.7973501838003106
0.7982383548000874
0.7990783578223560
0.7998719511693934
0.8006208626917135
0.8013267810971425
0.8019913489043700
0.8026161567673064
0.8032027389440495
0.8037525697196015
0.8042670606238045
0.8047475583076694
0.8051953429661745
0.8056116272101808
0.8059975553058900
0.8063542027117222
0.8066825758545162
0.8069836120934292
0.8072581798295918
0.8075070787241433
0.8077310399935687
0.8079307267562965
0.8081067344070414
0.8082595910007135
0.8083897576291291
0.8084976287770743
0.8085835326469276
0.8086477314419659
0.8086904216016053
0.8087117339828579
0.8087117339828579
0.8086904216016053
0.8086477314419659
0.8085835326469276
0.8084976287770743
0.8083897576291291
0.8082595910007135
0.8081067344070414
0.8079307267562965
0.8077310399935687
0.8075070787241433
0.8072581798295918
0.8069836120934292
0.8066825758545162
0.8063542027117222
0.8059975553058900
0.8056116272101808
0.8051953429661745
0.8047475583076694
0.8042670606238045
0.8037525697196015
0.8032027389440581
0.8026161567673064
0.8019913489043700
0.8013267810971425
0.8006208626917135
0.7998719511693934
0.7990783578223560
0.7982383548000874
0.7973501838003106
0.7964120667297400
0.7954222187334974
0.7943788640725112
0.7932802554412878
0.7921246974520344
0.7909105751920463
0.7896363889888292
0.7883007968260806
0.7869026662624984
0.7854411382624995
0.7839157061278239
0.7823263138110114
0.7806734794882684
0.7789584526390836
0.7771834165858313
0.7753517545850336
0.7734684088197967
0.7715403854338652
0.7695775201905898
0.7675938290504816
0.7664022793436519
0.7683221518063214
0.7702223655738701
0.7720892730983234
0.7739133561990298
0.7756878618044687
0.7774080335294073
0.7790706110751150
0.7806734794882684
0.7822154126196530
0.7836958798996466
0.7851148975634679
0.7864729121045599
0.7877707077040697
0.7890093318904016
0.7901900353155029
0.7913142226357288
0.7923834122433259
0.7933992031296673
0.7943632475477262
0.7952772284266095
0.7961428407033797
0.7969617758995635
0.7977357093975244
0.7984662899687093
0.7991551311843023
0.7998038044029357
0.8004138330800747
0.8009866881839086
0.8015237845396228
0.8020264779490368
0.8024960629573208
0.8029337711580325
0.8033407699443376
0.8037181616261877
0.8040669828473151
0.8043882042445236
0.8046827302994823
0.8049513993415717
0.8051949836653772
0.8054141897334167
0.8056096584358061
0.8057819653865695
0.8059316212363892
0.8060590719862741
0.8061646992885044
0.8062488207238598
0.8063116900455266
0.8063534973829329
0.8063743693993631
0.8063743693993631
0.8063534973829330
0.8063116900455266
0.8062488207238603
0.8061646992885044
0.8060590719862741
0.8059316212363892
0.8057819653865695
0.8056096584358061
0.8054141897334167
0.8051949836653772
0.8049513993415717
0.8046827302994823
0.8043882042445236
0.8040669828473157
0.8037181616261877
0.8033407699443376
0.8029337711580325
0.8024960629573208
0.8020264779490368
0.8015237845396228
0.8009866881839086
0.8004138330800747
0.7998038044029383
0.7991551311843023
0.7984662899687093
0.7977357093975244
0.7969617758995635
0.7961428407033797
0.7952772284266095
0.7943632475477262
0.7933992031296673
0.7923834122433259
0.7913142226357225
0.7901900353155029
0.7890093318904016
0.7877707077040697
0.7864729121045599
0.7851148975634679
0.7836958798996466
0.7822154126196530
0.7806734794882684
0.7790706110751150
0.7774080335294073
0.7756878618044687
0.7739133561990298
0.7720892730983234
0.7702223655738701
0.7683221518063214
0.7664022793436519
0.7651760051110125
0.7670278362909726
0.7688613019075523
0.7706632030485733
0.7724243931280997
0.7741384004582981
0.7758006620127419
0.7774080335294073
0.7789584526390836
0.7804506961179453
0.7818841988383838
0.7832589150745908
0.7845752099889047
0.7858337733159003
0.7870355498152504
0.7881816826805824
0.7892734671460058
0.7903123122421830
0.7912997091458621
0.7922372049167233
0.7931263806711439
0.7939688334344315
0.7947661610552990
0.7955199496829372
0.7962317633923982
0.7969031356152072
0.7975355620907586
0.7981304950970761
0.7986893387601285
0.7992134452710157
0.7997041118657999
0.8001625784458816
0.8005900257335387
0.8009875738734378
0.8013562814038182
0.8016971445316960
0.8020110966558711
0.8022990080900675
0.8025616859442967
0.8027998741299049
0.8030142534568570
0.8032054417981246
0.8033739942987073
0.8035204036102093
0.8036451001351400
0.8037484522673242
0.8038307666175958
0.8038922882145784
0.8039332006742421
0.8039536263316793
0.8039536263316793
0.8039332006742421
0.8038922882145784
0.8038307666175958
0.8037484522673242
0.8036451001351400
0.8035204036102075
0.8033739942987073
0.8032054417981246
0.8030142534568570
0.8027998741299049
0.8025616859442967
0.8022990080900675
0.8020110966558711
0.8016971445316960
0.8013562814038182
0.8009875738734378
0.8005900257335387
0.8001625784458816
0.7997041118657999
0.7992134452710157
0.7986893387601285
0.7981304950970761
0.7975355620907586
0.7969031356152072
0.7962317633923982
0.7955199496829372
0.7947661610552990
0.7939688334344315
0.7931263806711439
0.7922372049167233
0.7912997091458621
0.7903123122421830
0.7892734671460058
0.7881816826805824
0.7870355498152504
0.7858337733159003
0.7845752099889047
0.7832589150745908
0.7818841988383838
0.7804506961179453
0.7789584526390836
0.7774080335294073
0.7758006620127419
0.7741384004582981
0.7724243931280997
0.7706632030485733
0.7688613019075523
0.7670278362909726
0.7651760051110125
0.7639175832301598
0.7656969515738592
0.7674594086249562
0.7691923009486877
0.7708869102767415
0.7725370678038862
0.7741384004582977
0.7756878618044687
0.7771834165858293
0.7786238165960637
0.7800084345670919
0.7813371369608826
0.7826101840906214
0.7838281502114034
0.7849918586867204
0.7861023288419496
0.7871607320691641
0.7881683553762139
0.7891265710046587
0.7900368110430003
0.7909005461863043
0.7917192679555777
0.7924944738192015
0.7932276547568033
0.7939202848840129
0.7945738128196047
0.7951896545271532
0.7957691874057896
0.7963137454386542
0.7968246152366254
0.7973030328379538
0.7977501811475295
0.7981671879118758
0.7985551241454124
0.7989150029316554
0.7992477785365525
0.7995543457779020
0.7998355396041821
0.8000921348411815
0.8003248460719640
0.8005343276194166
0.8007211736057493
0.8008859180668112
0.8010290351014281
0.8011509390409605
0.8012519846243842
0.8013324671678329
0.8013926227192825
0.8014326281916926
0.8014526014666435
0.8014526014666435
0.8014326281916926
0.8013926227192825
0.8013324671678329
0.8012519846243842
0.8011509390409605
0.8010290351014281
0.8008859180668112
0.8007211736057493
0.8005343276194166
0.8003248460719640
0.8000921348411815
0.7998355396041821
0.7995543457779020
0.7992477785365525
0.7989150029316554
0.7985551241454124
0.7981671879118758
0.7977501811475295
0.7973030328379538
0.7968246152366254
0.7963137454386542
0.7957691874057896
0.7951896545271532
0.7945738128196047
0.7939202848840129
0.7932276547568033
0.7924944738192015
0.7917192679555777
0.7909005461863043
0.7900368110430003
0.7891265710046567
0.7881683553762139
0.7871607320691641
0.7861023288419496
0.7849918586867204
0.7838281502114034
0.7826101840906214
0.7813371369608825
0.7800084345670919
0.7786238165960641
0.7771834165858293
0.7756878618044687
0.7741384004582977
0.7725370678038862
0.7708869102767415
0.7691923009486877
0.7674594086249562
0.7656969515738592
0.7639175832301598
0.7626303505826773
0.7643326509212385
0.7660197107300083
0.7676795364108946
0.7693038898143224
0.7708869102767415
0.7724243931281002
0.7739133561990298
0.7753517545850336
0.7767382796116463
0.7780722095737117
0.7793532945889895
0.7805816652898786
0.7817577589894373
0.7828822591481552
0.7839560452601394
0.7849801510813732
0.7859557296458064
0.7868840238729153
0.7877663418250909
0.7886040358551690
0.7893984850304486
0.7901510803233169
0.7908632121475018
0.7915362598849128
0.7921715831079990
0.7927705142426424
0.7933343524603322
0.7938643586150537
0.7943617510707466
0.7948277022846451
0.7952633360324344
0.7956697251760573
0.7960478898902338
0.7963987962734767
0.7967233552811389
0.7970224219258749
0.7972967946978822
0.7975472151650501
0.7977743677177098
0.7979788794267801
0.7981613199908139
0.7983222017481727
0.7984619797363594
0.7985810517803791
0.7986797585988837
0.7987583839141386
0.7988171545578048
0.7988562405644463
0.7988757552463867
0.7988757552463867
0.7988562405644463
0.7988171545578048
0.7987583839141386
0.7986797585988846
0.7985810517803791
0.7984619797363594
0.7983222017481727
0.7981613199908139
0.7979788794267803
0.7977743677177098
0.7975472151650501
0.7972967946978822
0.7970224219258749
0.7967233552811389
0.7963987962734767
0.7960478898902338
0.7956697251760573
0.7952633360324344
0.7948277022846451
0.7943617510707442
0.7938643586150537
0.7933343524603322
0.7927705142426407
0.7921715831079985
0.7915362598849128
0.7908632121475018
0.7901510803233169
0.7893984850304486
0.7886040358551690
0.7877663418250909
0.7868840238729153
0.7859557296458064
0.7849801510813702
0.7839560452601394
0.7828822591481552
0.7817577589894373
0.7805816652898786
0.7793532945889895
0.7780722095737117
0.7767382796116463
0.7753517545850336
0.7739133561990298
0.7724243931281002
0.7708869102767415
0.7693038898143224
0.7676795364108946
0.7660197107300083
0.7643326509212385
0.7626303505826773
0.7613185675033509
0.7629390406331600
0.7645462520773557
0.7661289937951338
0.7676795364108946
0.7691923009486877
0.7706632030485733
0.7720892730983234
0.7734684088197967
0.7747991996712411
0.7760807945361859
0.7773127979300727
0.7784951863648187
0.7796282397406981
0.7807124843848435
0.7817486453729318
0.7827376063993191
0.7836803758755082
0.7845780582214416
0.7854318295188421
0.7862429168508928
0.7870125807701847
0.7877421004279964
0.7884327609756612
0.7890858429069385
0.7897026130604525
0.7902843170440694
0.7908321728759147
0.7913473656670753
0.7918310431956551
0.7922843122417094
0.7927082355714565
0.7931038294748463
0.7934720617719284
0.7938138502159945
0.7941300612315410
0.7944215089317662
0.7946889543696829
0.7949331049809814
0.7951546141847287
0.7953540811098361
0.7955320504226748
0.7956890122317958
0.7958254020507718
0.7959416008032248
0.7960379348547661
0.7961146760612818
0.7961720418226274
0.7962101951352253
0.7962292446363618
0.7962292446363618
0.7962101951352253
0.7961720418226274
0.7961146760612818
0.7960379348547661
0.7959416008032225
0.7958254020507718
0.7956890122317958
0.7955320504226748
0.7953540811098361
0.7951546141847274
0.7949331049809814
0.7946889543696829
0.7944215089317662
0.7941300612315414
0.7938138502159945
0.7934720617719284
0.7931038294748463
0.7927082355714565
0.7922843122417094
0.7918310431956551
0.7913473656670753
0.7908321728759147
0.7902843170440694
0.7897026130604525
0.7890858429069385
0.7884327609756612
0.7877421004279964
0.7870125807701847
0.7862429168508928
0.7854318295188421
0.7845780582214416
0.7836803758755082
0.7827376063993191
0.7817486453729313
0.7807124843848435
0.7796282397407009
0.7784951863648187
0.7773127979300727
0.7760807945361859
0.7747991996712411
0.7734684088197967
0.7720892730983234
0.7706632030485733
0.7691923009486877
0.7676795364108946
0.7661289937951338
0.7645462520773557
0.7629390406331600
0.7613185675033509
0.7599876413907330
0.7615214323926305
0.7630444081867207
0.7645462520773557
0.7660197107300083
0.7674594086249547
0.7688613019075523
0.7702223655738701
0.7715403854338652
0.7728138060365727
0.7740416128680654
0.7752232377900040
0.7763584814223606
0.7774474485185285
0.7784904936534577
0.7794881752958158
0.7804412168094660
0.7813504732489251
0.7822169030403647
0.7830415438059609
0.7838254917196630
0.7845698838798564
0.7852758832683742
0.7859446659284386
0.7865774100495204
0.7871752866926185
0.7877394519263695
0.7882710401772065
0.7887711586233195
0.7892408824868605
0.7896812510957989
0.7900932646067234
0.7904778812938372
0.7908360153193010
0.7911685349157986
0.7914762609169310
0.7917599655821796
0.7920203716691252
0.7922581517121454
0.7924739274710952
0.7926682695211908
0.7928416969550587
0.7929946771758063
0.7931276257600903
0.7932409063750407
0.7933348307344492
0.7934096585817472
0.7934655976908945
0.7935028038758862
0.7935213810032808
0.7935213810032808
0.7935028038758862
0.7934655976908945
0.7934096585817472
0.7933348307344492
0.7932409063750407
0.7931276257600903
0.7929946771758063
0.7928416969550587
0.7926682695211908
0.7924739274710952
0.7922581517121519
0.7920203716691252
0.7917599655821796
0.7914762609169310
0.7911685349157986
0.7908360153193010
0.7904778812938372
0.7900932646067234
0.7896812510957989
0.7892408824868605
0.7887711586233195
0.7882710401772050
0.7877394519263695
0.7871752866926185
0.7865774100495204
0.7859446659284386
0.7852758832683742
0.7845698838798564
0.7838254917196643
0.7830415438059609
0.7822169030403647
0.7813504732489251
0.7804412168094660
0.7794881752958158
0.7784904936534577
0.7774474485185285
0.7763584814223606
0.7752232377900040
0.7740416128680654
0.7728138060365727
0.7715403854338652
0.7702223655738701
0.7688613019075523
0.7674594086249525
0.7660197107300083
0.7645462520773557
0.7630444081867207
0.7615214323926294
0.7599876413907330
0.7586444658167760
0.7600867575192587
0.7615214323926294
0.7629390406331600
0.7643326509212385
0.7656969515738542
0.7670278362909726
0.7683221518063214
0.7695775201905898
0.7707922035009399
0.7719649959201842
0.7730951354308168
0.7741822302405790
0.7752261968203157
0.7762272073438177
0.7771856448876248
0.7781020651242478
0.7789771634988208
0.7798117470693394
0.7806067103310168
0.7813630144583779
0.7820816694845920
0.7827637190131181
0.7834102271116604
0.7840222670919841
0.7846009119188589
0.7851472260261003
0.7856622583499246
0.7861470364120505
0.7866025613117037
0.7870298034985324
0.7874296992209652
0.7878031475543352
0.7881510079259313
0.7884740980675657
0.7887731923309910
0.7890490203133076
0.7893022657448463
0.7895335655972189
0.7897435093773452
0.7899326385745016
0.7901014462346427
0.7902503766379407
0.7903798250595191
0.7904901375960375
0.7905816110437344
0.7906544928152461
0.7907089808850728
0.7907452237556171
0.7907633204371293
0.7907633204371293
0.7907452237556171
0.7907089808850728
0.7906544928152461
0.7905816110437344
0.7904901375960375
0.7903798250595191
0.7902503766379407
0.7901014462346427
0.7899326385745016
0.7897435093773452
0.7895335655972189
0.7893022657448554
0.7890490203133076
0.7887731923309910
0.7884740980675657
0.7881510079259313
0.7878031475543352
0.7874296992209652
0.7870298034985324
0.7866025613117037
0.7861470364120505
0.7856622583499246
0.7851472260261003
0.7846009119188589
0.7840222670919841
0.7834102271116604
0.7827637190131181
0.7820816694845920
0.7813630144583779
0.7806067103310168
0.7798117470693394
0.7789771634988208
0.7781020651242478
0.7771856448876248
0.7762272073438177
0.7752261968203157
0.7741822302405790
0.7730951354308168
0.7719649959201842
0.7707922035009399
0.7695775201905898
0.7683221518063214
0.7670278362909726
0.7656969515738542
0.7643326509212385
0.7629390406331600
0.7615214323926294
0.7600867575192587
0.7586444658167760
0.7572980387519791
0.7586444658167760
0.7599876413907330
0.7613185675033499
0.7626303505826773
0.7639175832301653
0.7651760051110142
0.7664022793436519
0.7675938290504816
0.7687487103325258
0.7698655097552468
0.7709432596239946
0.7719813668843046
0.7729795528553747
0.7739378018071105
0.7748563168902052
0.7757354822558741
0.7765758304352042
0.7773780142154992
0.7781427823786425
0.7788709587684561
0.7795634242330725
0.7802211010559617
0.7808449395426527
0.7814359064761855
0.7819949751958258
0.7825231170816499
0.7830212942610792
0.7834904533745073
0.7839315202593135
0.7843453954295018
0.7847329502436663
0.7850950236681025
0.7854324195530784
0.7857459043511622
0.7860362052150330
0.7863040084201259
0.7865499580653632
0.7867746550087172
0.7869786560031856
0.7871624730003626
0.7873265725942390
0.7874713755818951
0.7875972566205255
0.7877045439621425
0.7877935192526424
0.7878644173809536
0.7879174263690285
0.7879526872935154
0.7879702942323062
0.7879702942323062
0.7879526872935154
0.7879174263690285
0.7878644173809536
0.7877935192526424
0.7877045439621425
0.7875972566205256
0.7874713755818951
0.7873265725942390
0.7871624730003626
0.7869786560031856
0.7867746550087172
0.7865499580653632
0.7863040084201259
0.7860362052150330
0.7857459043511622
0.7854324195530784
0.7850950236681025
0.7847329502436663
0.7843453954295018
0.7839315202593135
0.7834904533745073
0.7830212942610792
0.7825231170816499
0.7819949751958258
0.7814359064761855
0.7808449395426527
0.7802211010559617
0.7795634242330725
0.7788709587684629
0.7781427823786425
0.7773780142154992
0.7765758304352042
0.7757354822558741
0.7748563168902052
0.7739378018071105
0.7729795528553747
0.7719813668843046
0.7709432596239946
0.7698655097552468
0.7687487103325258
0.7675938290504816
0.7664022793436519
0.7651760051110142
0.7639175832301653
0.7626303505826773
0.7613185675033499
0.7599876413907330
0.7586444658167760
0.7572980387519791
