RW,Z
0.0750892662955257,16.0621686957111720
0.0754810395542112
0.0758599316124398
0.0762252625832912
0.0765767537499567
0.0769143705061830
0.0772382368014850
0.0775485821638189
0.0778457066160917
0.0781299565006690
0.0784017073962703
0.0786613518492683
0.0789092904732262
0.0791459254574941
0.0793716558272767
0.0795868739932587
0.0797919632595581
0.0799872960490391
0.0801732326681512
0.0803501204789049
0.0805182933783904
0.0806780715104802
0.0808297611521429
0.0809736547305377
0.0811100309369005
0.0812391549111459
0.0813612784770054
0.0814766404119687
0.0815854667399265
0.0816879710370002
0.0817843547432982
0.0818748074749346
0.0819595073318286
0.0820386211980261
0.0821123050319061
0.0821807041443076
0.0822439534631170
0.0823021777832230
0.0823554920010163
0.0824040013328756
0.0824478015172549
0.0824869790001095
0.0825216111034036
0.0825517661768201
0.0825775037324182
0.0825988745623669
0.0826159208397673
0.0826286762025455
0.0826371658205328
0.0826414064457200
0.0826414064457200
0.0826371658205323
0.0826286762025463
0.0826159208397673
0.0825988745623669
0.0825775037324182
0.0825517661768201
0.0825216111034036
0.0824869790001099
0.0824478015172549
0.0824040013328755
0.0823554920010161
0.0823021777832231
0.0822439534631170
0.0821807041443076
0.0821123050319061
0.0820386211980262
0.0819595073318286
0.0818748074749349
0.0817843547432982
0.0816879710369998
0.0815854667399265
0.0814766404119687
0.0813612784770054
0.0812391549111459
0.0811100309369006
0.0809736547305381
0.0808297611521429
0.0806780715104803
0.0805182933783904
0.0803501204789056
0.0801732326681512
0.0799872960490395
0.0797919632595578
0.0795868739932587
0.0793716558272766
0.0791459254574945
0.0789092904732262
0.0786613518492684
0.0784017073962704
0.0781299565006690
0.0778457066160917
0.0775485821638187
0.0772382368014849
0.0769143705061830
0.0765767537499567
0.0762252625832912
0.0758599316124398
0.0754810395542112
0.0750892662955257
0.0754810395542095
0.0758821179028905
0.0762694083826955
0.0766422669801098
0.0770004986876853
0.0773441546198120
0.0776734373137028
0.0779886461720824
0.0782901427171827
0.0785783272537892
0.0788536227040787
0.0791164632018136
0.0793672859603734
0.0796065254500172
0.0798346092336908
0.0800519550098876
0.0802589685426276
0.0804560422477534
0.0806435542670578
0.0808218679055562
0.0809913313391821
0.0811522775230834
0.0813050242478932
0.0814498743039398
0.0815871157229459
0.0817170220738950
0.0818398527952436
0.0819558535497942
0.0820652565917713
0.0821682811380863
0.0822651337376627
0.0823560086341598
0.0824410881186600
0.0825205428695895
0.0825945322780015
0.0826632047567681
0.0827266980326981
0.0827851394208518
0.0828386460806158
0.0828873252532621
0.0829312744808451
0.0829705818063636
0.0830053259552726
0.0830355764983663
0.0830613939961334
0.0830828301247624
0.0830999277838118
0.0831127211857933
0.0831212359276479
0.0831254890443008
0.0831254890443009
0.0831212359276478
0.0831127211857933
0.0830999277838112
0.0830828301247625
0.0830613939961334
0.0830355764983663
0.0830053259552726
0.0829705818063636
0.0829312744808454
0.0828873252532621
0.0828386460806158
0.0827851394208522
0.0827266980326981
0.0826632047567681
0.0825945322780014
0.0825205428695894
0.0824410881186599
0.0823560086341595
0.0822651337376627
0.0821682811380863
0.0820652565917713
0.0819558535497942
0.0818398527952436
0.0817170220738950
0.0815871157229459
0.0814498743039399
0.0813050242478932
0.0811522775230835
0.0809913313391821
0.0808218679055562
0.0806435542670575
0.0804560422477534
0.0802589685426276
0.0800519550098876
0.0798346092336908
0.0796065254500171
0.0793672859603728
0.0791164632018132
0.0788536227040787
0.0785783272537888
0.0782901427171827
0.0779886461720824
0.0776734373137028
0.0773441546198120
0.0770004986876858
0.0766422669801083
0.0762694083826956
0.0758821179028904
0.0754810395542108
0.0758599316124445
0.0762694083826941
0.0766644513417339
0.0770443660450833
0.0774089821978023
0.0777584018485293
0.0780928846559153
0.0784127857743573
0.0787185183996333
0.0790105296515494
0.0792892844132095
0.0795552542417896
0.0798089096608422
0.0800507147794287
0.0802811235480493
0.0805005771846291
0.0807095024461206
0.0809083105158221
0.0810973963409392
0.0812771382997659
0.0814478981095254
0.0816100209090296
0.0817638354668916
0.0819096544782446
0.0820477749222887
0.0821784784594447
0.0823020318524416
0.0824186873992179
0.0825286833686489
0.0826322444323388
0.0827295820873544
0.0828208950662135
0.0829063697313738
0.0829861804522316
0.0830604899632616
0.0831294497024039
0.0831932001290706
0.0832518710214212
0.0833055817528315
0.0833544415474653
0.0833985497150709
0.0834379958651973
0.0834728601009320
0.0835032131924802
0.0835291167307322
0.0835506232611115
0.0835677763978063
0.0835806109187438
0.0835891528412769
0.0835934194788885
0.0835934194788885
0.0835891528412767
0.0835806109187440
0.0835677763978065
0.0835506232611118
0.0835291167307324
0.0835032131924790
0.0834728601009320
0.0834379958651976
0.0833985497150709
0.0833544415474652
0.0833055817528319
0.0832518710214212
0.0831932001290706
0.0831294497024039
0.0830604899632616
0.0829861804522315
0.0829063697313738
0.0828208950662135
0.0827295820873541
0.0826322444323388
0.0825286833686489
0.0824186873992179
0.0823020318524416
0.0821784784594448
0.0820477749222887
0.0819096544782446
0.0817638354668919
0.0816100209090293
0.0814478981095250
0.0812771382997659
0.0810973963409392
0.0809083105158221
0.0807095024461201
0.0805005771846291
0.0802811235480489
0.0800507147794288
0.0798089096608421
0.0795552542417896
0.0792892844132094
0.0790105296515494
0.0787185183996333
0.0784127857743567
0.0780928846559153
0.0777584018485294
0.0774089821978024
0.0770443660450833
0.0766644513417339
0.0762694083826942
0.0758599316124439
0.0762252625832879
0.0766422669801104
0.0770443660450820
0.0774307985954247
0.0778013836330092
0.0781562438044735
0.0784956735134824
0.0788200675454897
0.0791298790306048
0.0794255931845079
0.0797077102402795
0.0799767340705115
0.0802331644968196
0.0804774920710640
0.0807101945549317
0.0809317345877665
0.0811425581962566
0.0813430939054585
0.0815337522810757
0.0817149257812038
0.0818869888290046
0.0820502980418033
0.0822051925688757
0.0823519945027944
0.0824910093381076
0.0826225264579441
0.0827468196340855
0.0828641475297120
0.0829747541970667
0.0830788695640008
0.0831767099054064
0.0832684782964059
0.0833543650452065
0.0834345481043040
0.0835091934590136
0.0835784554929022
0.0836424773299101
0.0837013911530404
0.0837553184998778
0.0838043705350182
0.0838486482998676
0.0838882429399704
0.0839232359103440
0.0839536991591075
0.0839796952897804
0.0840012777024792
0.0840184907144715
0.0840313696601348
0.0840399409707408
0.0840442222340556
0.0840442222340544
0.0840399409707408
0.0840313696601348
0.0840184907144715
0.0840012777024793
0.0839796952897802
0.0839536991591075
0.0839232359103437
0.0838882429399705
0.0838486482998676
0.0838043705350183
0.0837553184998778
0.0837013911530404
0.0836424773299101
0.0835784554929016
0.0835091934590136
0.0834345481043047
0.0833543650452065
0.0832684782964059
0.0831767099054065
0.0830788695640010
0.0829747541970667
0.0828641475297120
0.0827468196340855
0.0826225264579441
0.0824910093381068
0.0823519945027944
0.0822051925688757
0.0820502980418029
0.0818869888290046
0.0817149257812038
0.0815337522810758
0.0813430939054585
0.0811425581962564
0.0809317345877665
0.0807101945549302
0.0804774920710641
0.0802331644968196
0.0799767340705101
0.0797077102402795
0.0794255931845079
0.0791298790306048
0.0788200675454894
0.0784956735134824
0.0781562438044737
0.0778013836330092
0.0774307985954247
0.0770443660450820
0.0766422669801104
0.0762252625832879
0.0765767537499612
0.0770004986876853
0.0774089821978002
0.0778013836330087
0.0781774972292984
0.0785374468880129
0.0788815439553560
0.0792102082745866
0.0795239214343175
0.0798231977937742
0.0801085659342435
0.0803805565270559
0.0806396943062613
0.0808864927481301
0.0811214505784173
0.0813450495356273
0.0815577530085057
0.0817600052866957
0.0819522312431511
0.0821348363201082
0.0823082067271736
0.0824727097854747
0.0826286943700704
0.0827764914157092
0.0829164144603205
0.0830487602076539
0.0831738090953250
0.0832918258584166
0.0834030600813729
0.0835077467331295
0.0836061066818894
0.0836983471870511
0.0837846623667308
0.0838652336399283
0.0839402301427402
0.0840098091186022
0.0840741162824562
0.0841332861592503
0.0841874423970119
0.0842366980549748
0.0842811558672287
0.0843209084823398
0.0843560386794628
0.0843866195614129
0.0844127147250713
0.0844343784095953
0.0844516556227488
0.0844645822457211
0.0844731851166082
0.0844774820928745
0.0844774820928745
0.0844731851166075
0.0844645822457211
0.0844516556227481
0.0844343784095953
0.0844127147250713
0.0843866195614129
0.0843560386794628
0.0843209084823399
0.0842811558672287
0.0842366980549751
0.0841874423970119
0.0841332861592503
0.0840741162824576
0.0840098091186022
0.0839402301427402
0.0838652336399281
0.0837846623667313
0.0836983471870513
0.0836061066818894
0.0835077467331295
0.0834030600813729
0.0832918258584169
0.0831738090953248
0.0830487602076539
0.0829164144603205
0.0827764914157092
0.0826286943700705
0.0824727097854747
0.0823082067271736
0.0821348363201082
0.0819522312431512
0.0817600052866957
0.0815577530085057
0.0813450495356273
0.0811214505784173
0.0808864927481301
0.0806396943062613
0.0803805565270558
0.0801085659342435
0.0798231977937742
0.0795239214343175
0.0792102082745866
0.0788815439553560
0.0785374468880130
0.0781774972292984
0.0778013836330087
0.0774089821978009
0.0770004986876853
0.0765767537499612
0.0769143705061829
0.0773441546198120
0.0777584018485267
0.0781562438044746
0.0785374468880118
0.0789021259812336
0.0792505972330263
0.0795832940944913
0.0799007167302594
0.0802034004381965
0.0804918954457959
0.0807667537777532
0.0810285206549841
0.0812777288705160
0.0815148951604423
0.0817405179324237
0.0819550759281812
0.0821590275330100
0.0823528105344420
0.0825368421919426
0.0827115195200216
0.0828772197151934
0.0830343006769343
0.0831831015866945
0.0833239435190101
0.0834571300659803
0.0835829479617033
0.0837016676969820
0.0838135441175031
0.0839188170007810
0.0840177116086571
0.0841104392132175
0.0841971975949718
0.0842781715125851
0.0843535331439063
0.0844234424984985
0.0844880478018451
0.0845474858517782
0.0846018823476261
0.0846513521926933
0.0846959997706527
0.0847359191965065
0.0847711945426487
0.0848019000406517
0.0848281002592514
0.0848498502590351
0.0848671957242008
0.0848801730718276
0.0848888095388898
0.0848931232473388
0.0848931232473388
0.0848888095388897
0.0848801730718277
0.0848671957242008
0.0848498502590356
0.0848281002592514
0.0848019000406517
0.0847711945426486
0.0847359191965065
0.0846959997706527
0.0846513521926934
0.0846018823476266
0.0845474858517782
0.0844880478018451
0.0844234424984985
0.0843535331439064
0.0842781715125851
0.0841971975949733
0.0841104392132175
0.0840177116086571
0.0839188170007810
0.0838135441175031
0.0837016676969805
0.0835829479617029
0.0834571300659803
0.0833239435190101
0.0831831015866946
0.0830343006769348
0.0828772197151934
0.0827115195200217
0.0825368421919426
0.0823528105344420
0.0821590275330102
0.0819550759281818
0.0817405179324236
0.0815148951604423
0.0812777288705161
0.0810285206549841
0.0807667537777534
0.0804918954457960
0.0802034004381967
0.0799007167302594
0.0795832940944913
0.0792505972330263
0.0789021259812335
0.0785374468880118
0.0781562438044746
0.0777584018485279
0.0773441546198121
0.0769143705061829
0.0772382368014850
0.0776734373137044
0.0780928846559159
0.0784956735134810
0.0788815439553550
0.0792505972330264
0.0796031468042451
0.0799396315081728
0.0802605622692227
0.0805664883778755
0.0808579757459130
0.0811355927249939
0.0813999008218468
0.0816514486471839
0.0818907680342503
0.0821183716312719
0.0823347515037894
0.0825403784326094
0.0827357016911516
0.0829211491518976
0.0830971276163018
0.0832640232933355
0.0834222023734938
0.0835720116600877
0.0837137792307410
0.0838478151094913
0.0839744119357437
0.0840938456202482
0.0842063759813500
0.0843122473568139
0.0844116891882273
0.0845049165760395
0.0845921308042166
0.0846735198339750
0.0847492587667016
0.0848195102761219
0.0848844250103902
0.0849441419645960
0.0849987888243529
0.0850484822812448
0.0850933283208196
0.0851334224838303
0.0851688501014385
0.0851996865049756
0.0852259972108796
0.0852478380813333
0.0852652554610699
0.0852782862907197
0.0852869581971212
0.0852912895607974
0.0852912895607974
0.0852869581971210
0.0852782862907197
0.0852652554610699
0.0852478380813332
0.0852259972108787
0.0851996865049770
0.0851688501014386
0.0851334224838303
0.0850933283208196
0.0850484822812448
0.0849987888243529
0.0849441419645961
0.0848844250103898
0.0848195102761219
0.0847492587667016
0.0846735198339752
0.0845921308042164
0.0845049165760395
0.0844116891882273
0.0843122473568137
0.0842063759813500
0.0840938456202488
0.0839744119357437
0.0838478151094913
0.0837137792307410
0.0835720116600873
0.0834222023734943
0.0832640232933355
0.0830971276163016
0.0829211491518976
0.0827357016911511
0.0825403784326094
0.0823347515037895
0.0821183716312713
0.0818907680342503
0.0816514486471839
0.0813999008218469
0.0811355927249940
0.0808579757459124
0.0805664883778755
0.0802605622692227
0.0799396315081728
0.0796031468042451
0.0792505972330262
0.0788815439553556
0.0784956735134808
0.0780928846559159
0.0776734373137037
0.0772382368014853
0.0775485821638192
0.0779886461720806
0.0784127857743586
0.0788200675454897
0.0792102082745900
0.0795832940944908
0.0799396315081737
0.0802796592001874
0.0806038930279242
0.0809128907201336
0.0812072288498045
0.0814874876873869
0.0817542412237697
0.0820080506410158
0.0822494601121650
0.0824789941895601
0.0826971562840204
0.0829044278954760
0.0831012683611263
0.0832881149580873
0.0834653832460669
0.0836334675690632
0.0837927416587202
0.0839435592981638
0.0840862550173770
0.0842211447991291
0.0843485267809353
0.0844686819426182
0.0845818747724445
0.0846883539069581
0.0847883527414907
0.0848820900093429
0.0849697703287259
0.0850515847169695
0.0851277110721449
0.0851983146224242
0.0852635483437037
0.0853235533462740
0.0853784592312387
0.0854283844174985
0.0854734364401060
0.0855137122207965
0.0855492983113861
0.0855802711108008
0.0856066970563005
0.0856286327895667
0.0856461252980382
0.0856592120320932
0.0856679209982868
0.0856722708290572
0.0856722708290572
0.0856679209982869
0.0856592120320932
0.0856461252980382
0.0856286327895660
0.0856066970563005
0.0855802711108008
0.0855492983113861
0.0855137122207968
0.0854734364401060
0.0854283844174986
0.0853784592312388
0.0853235533462739
0.0852635483437037
0.0851983146224241
0.0851277110721450
0.0850515847169695
0.0849697703287259
0.0848820900093424
0.0847883527414920
0.0846883539069581
0.0845818747724434
0.0844686819426182
0.0843485267809353
0.0842211447991281
0.0840862550173767
0.0839435592981638
0.0837927416587202
0.0836334675690632
0.0834653832460669
0.0832881149580875
0.0831012683611263
0.0829044278954760
0.0826971562840210
0.0824789941895614
0.0822494601121650
0.0820080506410158
0.0817542412237697
0.0814874876873877
0.0812072288498045
0.0809128907201340
0.0806038930279247
0.0802796592001875
0.0799396315081741
0.0795832940944908
0.0792102082745900
0.0788200675454891
0.0784127857743588
0.0779886461720806
0.0775485821638195
0.0778457066160918
0.0782901427171824
0.0787185183996327
0.0791298790306078
0.0795239214343173
0.0799007167302585
0.0802605622692227
0.0806038930279241
0.0809312256387430
0.0812431220105011
0.0815401653155907
0.0818229440276469
0.0820920413092984
0.0823480280084659
0.0825914581149348
0.0828228659077751
0.0830427642705927
0.0832516438150972
0.0834499725633515
0.0836381960140172
0.0838167374692914
0.0839859985352743
0.0841463597336675
0.0842981811803596
0.0844418032995518
0.0845775475506954
0.0847057171525457
0.0848265977931320
0.0849404583178925
0.0850475513909000
0.0851481141257750
0.0852423686841657
0.0853305228408219
0.0854127705147364
0.0854892922664600
0.0855602557619537
0.0856258162035769
0.0856861167289776
0.0857412887786152
0.0857914524329204
0.0858367167197443
0.0858771798931228
0.0859129296839882
0.0859440435236366
0.0859705887406785
0.0859926227319240
0.0860101931079236
0.0860233378134853
0.0860320852236728
0.0860364542154603
0.0860364542154604
0.0860320852236734
0.0860233378134852
0.0860101931079236
0.0859926227319240
0.0859705887406784
0.0859440435236357
0.0859129296839868
0.0858771798931228
0.0858367167197443
0.0857914524329204
0.0857412887786148
0.0856861167289779
0.0856258162035774
0.0855602557619537
0.0854892922664600
0.0854127705147364
0.0853305228408219
0.0852423686841658
0.0851481141257750
0.0850475513909000
0.0849404583178925
0.0848265977931320
0.0847057171525449
0.0845775475506956
0.0844418032995518
0.0842981811803600
0.0841463597336675
0.0839859985352743
0.0838167374692914
0.0836381960140172
0.0834499725633515
0.0832516438150983
0.0830427642705927
0.0828228659077751
0.0825914581149348
0.0823480280084659
0.0820920413092984
0.0818229440276469
0.0815401653155909
0.0812431220105011
0.0809312256387429
0.0806038930279232
0.0802605622692227
0.0799007167302585
0.0795239214343173
0.0791298790306076
0.0787185183996325
0.0782901427171819
0.0778457066160918
0.0781299565006685
0.0785783272537894
0.0790105296515460
0.0794255931845065
0.0798231977937739
0.0802034004381965
0.0805664883778756
0.0809128907201329
0.0812431220105002
0.0815577451789242
0.0818573468160249
0.0821425205630968
0.0824138559548790
0.0826719309796908
0.0829173071994087
0.0831505266442038
0.0833721099428435
0.0835825553143389
0.0837823381588288
0.0839719110629934
0.0841517040889427
0.0843221252531993
0.0844835611290548
0.0846363775245868
0.0847809202020617
0.0849175156144475
0.0850464716416395
0.0851680783142738
0.0852826085166195
0.0853903186628420
0.0854914493429417
0.0855862259358969
0.0856748591888639
0.0857575457617928
0.0858344687374839
0.0859057980973744
0.0859716911636492
0.0860322930084282
0.0860877368308192
0.0861381443027030
0.0861836258841716
0.0862242811093635
0.0862601988436442
0.0862914575127406
0.0863181253046825
0.0863402603450423
0.0863579108461353
0.0863711152305817
0.0863799022296946
0.0863842909569763
0.0863842909569763
0.0863799022296948
0.0863711152305818
0.0863579108461358
0.0863402603450425
0.0863181253046825
0.0862914575127406
0.0862601988436442
0.0862242811093631
0.0861836258841708
0.0861381443027034
0.0860877368308192
0.0860322930084282
0.0859716911636492
0.0859057980973744
0.0858344687374845
0.0857575457617928
0.0856748591888639
0.0855862259358969
0.0854914493429417
0.0853903186628420
0.0852826085166192
0.0851680783142738
0.0850464716416396
0.0849175156144475
0.0847809202020631
0.0846363775245868
0.0844835611290548
0.0843221252531993
0.0841517040889427
0.0839719110629922
0.0837823381588288
0.0835825553143389
0.0833721099428433
0.0831505266442053
0.0829173071994086
0.0826719309796908
0.0824138559548785
0.0821425205630968
0.0818573468160249
0.0815577451789241
0.0812431220105002
0.0809128907201336
0.0805664883778756
0.0802034004381959
0.0798231977937738
0.0794255931845064
0.0790105296515459
0.0785783272537897
0.0781299565006685
0.0784017073962694
0.0788536227040788
0.0792892844132094
0.0797077102402795
0.0801085659342413
0.0804918954457956
0.0808579757459144
0.0812072288498046
0.0815401653155909
0.0818573468160254
0.0821593609327163
0.0824468040569266
0.0827202697872295
0.0829803411098848
0.0832275852081875
0.0834625501109922
0.0836857626325973
0.0838977272202288
0.0840989254380748
0.0842898158953747
0.0844708344808547
0.0846423948049024
0.0848048887784806
0.0849586872777004
0.0851041408573061
0.0852415804867127
0.0853713182896577
0.0854936482742076
0.0856088470437864
0.0857171744826891
0.0858188744120134
0.0859141752131381
0.0860032904172540
0.0860864192601816
0.0861637472023365
0.0862354464139299
0.0863016762261165
0.0863625835486139
0.0864183032546007
0.0864689585338382
0.0865146612147563
0.0865555120564348
0.0865916010112642
0.0866230074590318
0.0866498004131687
0.0866720386998268
0.0866897711102325
0.0867030365269708
0.0867118640244793
0.0867162729441205
0.0867162729441176
0.0867118640244796
0.0867030365269715
0.0866897711102328
0.0866720386998268
0.0866498004131681
0.0866230074590318
0.0865916010112641
0.0865555120564348
0.0865146612147561
0.0864689585338382
0.0864183032546007
0.0863625835486139
0.0863016762261165
0.0862354464139299
0.0861637472023364
0.0860864192601807
0.0860032904172544
0.0859141752131381
0.0858188744120134
0.0857171744826891
0.0856088470437853
0.0854936482742076
0.0853713182896579
0.0852415804867120
0.0851041408573061
0.0849586872777002
0.0848048887784806
0.0846423948049024
0.0844708344808547
0.0842898158953747
0.0840989254380748
0.0838977272202288
0.0836857626325985
0.0834625501109922
0.0832275852081876
0.0829803411098849
0.0827202697872295
0.0824468040569266
0.0821593609327163
0.0818573468160254
0.0815401653155917
0.0812072288498046
0.0808579757459154
0.0804918954457958
0.0801085659342410
0.0797077102402795
0.0792892844132094
0.0788536227040789
0.0784017073962692
0.0786613518492663
0.0791164632018148
0.0795552542417896
0.0799767340705101
0.0803805565270553
0.0807667537777541
0.0811355927249953
0.0814874876873869
0.0818229440276466
0.0821425205630978
0.0824468040569266
0.0827363917659540
0.0830118794889651
0.0832738534292577
0.0835228847298272
0.0837595258936657
0.0839843085388189
0.0841977420992758
0.0844003131950733
0.0845924854732289
0.0847746997769002
0.0849473745396514
0.0851109063301724
0.0852656704933771
0.0854120218487393
0.0855502954174508
0.0856808071580402
0.0858038546959919
0.0859197180369037
0.0860286602561872
0.0861309281603796
0.0862267529169531
0.0863163506507461
0.0863999230058651
0.0864776576728806
0.0865497288811686
0.0866162978569782
0.0866775132477132
0.0867335115131672
0.0867844172845783
0.0868303436922211
0.0868713926624868
0.0869076551851560
0.0869392115516754
0.0869661315651228
0.0869884747224391
0.0870062903696859
0.0870196178305245
0.0870284865085827
0.0870329159639399
0.0870329159639400
0.0870284865085830
0.0870196178305245
0.0870062903696867
0.0869884747224389
0.0869661315651209
0.0869392115516756
0.0869076551851562
0.0868713926624869
0.0868303436922211
0.0867844172845783
0.0867335115131683
0.0866775132477132
0.0866162978569783
0.0865497288811686
0.0864776576728806
0.0863999230058651
0.0863163506507450
0.0862267529169531
0.0861309281603800
0.0860286602561872
0.0859197180369037
0.0858038546959919
0.0856808071580413
0.0855502954174504
0.0854120218487393
0.0852656704933771
0.0851109063301723
0.0849473745396507
0.0847746997769002
0.0845924854732297
0.0844003131950733
0.0841977420992758
0.0839843085388189
0.0837595258936655
0.0835228847298272
0.0832738534292574
0.0830118794889651
0.0827363917659540
0.0824468040569266
0.0821425205630978
0.0818229440276462
0.0814874876873860
0.0811355927249953
0.0807667537777541
0.0803805565270558
0.0799767340705115
0.0795552542417891
0.0791164632018148
0.0786613518492664
0.0789092904732278
0.0793672859603713
0.0798089096608441
0.0802331644968176
0.0806396943062613
0.0810285206549841
0.0813999008218489
0.0817542412237670
0.0820920413092984
0.0824138559548764
0.0827202697872296
0.0830118794889650
0.0832892815819505
0.0835530640323307
0.0838038005514622
0.0840420468123008
0.0842683380322826
0.0844831875323343
0.0846870859921744
0.0848805011999808
0.0850638781500089
0.0852376393817340
0.0854021854827983
0.0855578956991709
0.0857051286110283
0.0858442228444044
0.0859754977965884
0.0860992543596627
0.0862157756308448
0.0863253276017253
0.0864281598210033
0.0865245060270689
0.0866145847480320
0.0866985998680746
0.0867767411592715
0.0868491847789654
0.0869160937328212
0.0869776183040925
0.0870338964497238
0.0870850541639940
0.0871312058105949
0.0871724544237371
0.0872088919792313
0.0872405996362097
0.0872676479501438
0.0872900970578589
0.0873079968350279
0.0873213870266739
0.0873302973510827
0.0873347475774299
0.0873347475774299
0.0873302973510827
0.0873213870266739
0.0873079968350279
0.0872900970578589
0.0872676479501438
0.0872405996362099
0.0872088919792313
0.0871724544237371
0.0871312058105949
0.0870850541639940
0.0870338964497239
0.0869776183040927
0.0869160937328212
0.0868491847789654
0.0867767411592714
0.0866985998680747
0.0866145847480320
0.0865245060270689
0.0864281598210033
0.0863253276017256
0.0862157756308449
0.0860992543596621
0.0859754977965883
0.0858442228444058
0.0857051286110285
0.0855578956991699
0.0854021854827983
0.0852376393817336
0.0850638781500096
0.0848805011999808
0.0846870859921745
0.0844831875323343
0.0842683380322826
0.0840420468123008
0.0838038005514619
0.0835530640323303
0.0832892815819504
0.0830118794889650
0.0827202697872296
0.0824138559548764
0.0820920413092985
0.0817542412237670
0.0813999008218489
0.0810285206549841
0.0806396943062613
0.0802331644968176
0.0798089096608443
0.0793672859603719
0.0789092904732277
0.0791459254574956
0.0796065254500170
0.0800507147794289
0.0804774920710661
0.0808864927481299
0.0812777288705173
0.0816514486471809
0.0820080506410169
0.0823480280084661
0.0826719309796905
0.0829803411098863
0.0832738534292577
0.0835530640323297
0.0838185614797210
0.0840709209040855
0.0843107000492005
0.0845384366973734
0.0847546470957416
0.0849598251005728
0.0851544418356708
0.0853389457160413
0.0855137627279638
0.0856792968853299
0.0858359308035914
0.0859840263479616
0.0861239253243194
0.0862559501895100
0.0863804047641787
0.0864975749360643
0.0866077293449554
0.0867111200433481
0.0868079831285655
0.0868985393437460
0.0869829946459103
0.0870615407403646
0.0871343555809652
0.0872016038364907
0.0872634373232774
0.0873199954048241
0.0873714053588591
0.0874177827127373
0.0874592315477469
0.0874958447731265
0.0875277043705681
0.0875548816096893
0.0875774372352611
0.0875954216266194
0.0876088749297592
0.0876178271625580
0.0876222982933917
0.0876222982933917
0.0876178271625569
0.0876088749297592
0.0875954216266189
0.0875774372352610
0.0875548816096896
0.0875277043705681
0.0874958447731260
0.0874592315477472
0.0874177827127361
0.0873714053588591
0.0873199954048240
0.0872634373232771
0.0872016038364907
0.0871343555809648
0.0870615407403660
0.0869829946459103
0.0868985393437460
0.0868079831285655
0.0867111200433479
0.0866077293449554
0.0864975749360644
0.0863804047641802
0.0862559501895105
0.0861239253243194
0.0859840263479613
0.0858359308035904
0.0856792968853298
0.0855137627279638
0.0853389457160421
0.0851544418356709
0.0849598251005729
0.0847546470957414
0.0845384366973734
0.0843107000492000
0.0840709209040855
0.0838185614797210
0.0835530640323298
0.0832738534292577
0.0829803411098863
0.0826719309796905
0.0823480280084662
0.0820080506410171
0.0816514486471809
0.0812777288705173
0.0808864927481299
0.0804774920710661
0.0800507147794303
0.0796065254500172
0.0791459254574956
0.0793716558272766
0.0798346092336915
0.0802811235480454
0.0807101945549317
0.0811214505784173
0.0815148951604423
0.0818907680342520
0.0822494601121643
0.0825914581149348
0.0829173071994100
0.0832275852081875
0.0835228847298258
0.0838038005514626
0.0840709209040841
0.0843248214095390
0.0845660609687189
0.0847951790517874
0.0850126940035510
0.0852191020835319
0.0854148770361773
0.0856004700411021
0.0857763099326301
0.0859428036070583
0.0861003365571212
0.0862492734889267
0.0863899589883015
0.0865227182122730
0.0866478575875960
0.0867656655035670
0.0868764129894887
0.0869803543702903
0.0870777278955601
0.0871687563388912
0.0872536475656332
0.0873325950676951
0.0874057784650496
0.0874733639737164
0.0875355048404268
0.0875923417443810
0.0876440031666737
0.0876906057279886
0.0877322544952393
0.0877690432577824
0.0878010547739960
0.0878283609886891
0.0878510232220405
0.0878690923305163
0.0878826088402564
0.0878916030533183
0.0878960951270946
0.0878960951270946
0.0878916030533176
0.0878826088402564
0.0878690923305145
0.0878510232220405
0.0878283609886882
0.0878010547739960
0.0877690432577821
0.0877322544952388
0.0876906057279885
0.0876440031666737
0.0875923417443809
0.0875355048404268
0.0874733639737166
0.0874057784650497
0.0873325950676958
0.0872536475656332
0.0871687563388912
0.0870777278955601
0.0869803543702888
0.0868764129894887
0.0867656655035663
0.0866478575875960
0.0865227182122729
0.0863899589883014
0.0862492734889257
0.0861003365571216
0.0859428036070583
0.0857763099326296
0.0856004700411026
0.0854148770361773
0.0852191020835318
0.0850126940035510
0.0847951790517869
0.0845660609687196
0.0843248214095382
0.0840709209040839
0.0838038005514626
0.0835228847298258
0.0832275852081876
0.0829173071994095
0.0825914581149351
0.0822494601121637
0.0818907680342520
0.0815148951604423
0.0811214505784173
0.0807101945549317
0.0802811235480455
0.0798346092336915
0.0793716558272766
0.0795868739932585
0.0800519550098885
0.0805005771846291
0.0809317345877652
0.0813450495356273
0.0817405179324231
0.0821183716312726
0.0824789941895614
0.0828228659077751
0.0831505266442052
0.0834625501109922
0.0837595258936673
0.0840420468122999
0.0843107000492021
0.0845660609687196
0.0848086888791972
0.0850391242043220
0.0852578866804111
0.0854654743008090
0.0856623628030585
0.0858490055481501
0.0860258336802683
0.0861932564842538
0.0863516618789415
0.0865014170006810
0.0866428688426257
0.0867763449246360
0.0869021539748635
0.0870205866093596
0.0871319159995039
0.0872363985201705
0.0873342743733835
0.0874257681840089
0.0875110895651244
0.0875904336516430
0.0876639816013565
0.0877319010631584
0.0877943466123986
0.0878514601537108
0.0879033712916907
0.0879501976700444
0.0879920452797007
0.0880290087365699
0.0880611715295426
0.0880886062393193
0.0881113747285968
0.0881295283041232
0.0881431078510648
0.0881521439400571
0.0881566569071689
0.0881566569071689
0.0881521439400571
0.0881431078510646
0.0881295283041232
0.0881113747285961
0.0880886062393193
0.0880611715295426
0.0880290087365701
0.0879920452797003
0.0879501976700444
0.0879033712916937
0.0878514601537123
0.0877943466123993
0.0877319010631584
0.0876639816013565
0.0875904336516430
0.0875110895651244
0.0874257681840089
0.0873342743733835
0.0872363985201692
0.0871319159995039
0.0870205866093596
0.0869021539748635
0.0867763449246360
0.0866428688426257
0.0865014170006811
0.0863516618789415
0.0861932564842538
0.0860258336802683
0.0858490055481502
0.0856623628030579
0.0854654743008090
0.0852578866804111
0.0850391242043220
0.0848086888791974
0.0845660609687196
0.0843107000492020
0.0840420468123004
0.0837595258936659
0.0834625501109913
0.0831505266442054
0.0828228659077751
0.0824789941895614
0.0821183716312719
0.0817405179324231
0.0813450495356273
0.0809317345877652
0.0805005771846291
0.0800519550098876
0.0795868739932585
0.0797919632595582
0.0802589685426269
0.0807095024461210
0.0811425581962562
0.0815577530085059
0.0819550759281809
0.0823347515037900
0.0826971562840212
0.0830427642705926
0.0833721099428456
0.0836857626325972
0.0839843085388208
0.0842683380322814
0.0845384366973713
0.0847951790517880
0.0850391242043220
0.0852708129246395
0.0854907657454820
0.0856994818207514
0.0858974383358826
0.0860850903200814
0.0862628707483458
0.0864311908497983
0.0865904405596844
0.0867409890683768
0.0868831854322226
0.0870173592200660
0.0871438211759891
0.0872628638836946
0.0873747624219884
0.0874797750034808
0.0875781435910894
0.0876700944882928
0.0877558389005646
0.0878355734662393
0.0879094807557751
0.0879777297389173
0.0880404762196444
0.0880978632390022
0.0881500214461465
0.0881970694380643
0.0882391140684829
0.0882762507264738
0.0883085635853407
0.0883361258223474
0.0883589998097604
0.0883772372776865
0.0883908794491165
0.0883999571475197
0.0884044908773026
0.0884044908773026
0.0883999571475196
0.0883908794491165
0.0883772372776860
0.0883589998097604
0.0883361258223474
0.0883085635853404
0.0882762507264738
0.0882391140684829
0.0881970694380643
0.0881500214461477
0.0880978632390022
0.0880404762196445
0.0879777297389167
0.0879094807557751
0.0878355734662393
0.0877558389005646
0.0876700944882930
0.0875781435910894
0.0874797750034811
0.0873747624219877
0.0872628638836947
0.0871438211759891
0.0870173592200656
0.0868831854322223
0.0867409890683768
0.0865904405596848
0.0864311908497983
0.0862628707483463
0.0860850903200814
0.0858974383358826
0.0856994818207513
0.0854907657454820
0.0852708129246394
0.0850391242043220
0.0847951790517880
0.0845384366973713
0.0842683380322814
0.0839843085388216
0.0836857626325972
0.0833721099428456
0.0830427642705926
0.0826971562840212
0.0823347515037897
0.0819550759281808
0.0815577530085058
0.0811425581962562
0.0807095024461211
0.0802589685426269
0.0797919632595582
0.0799872960490394
0.0804560422477534
0.0809083105158219
0.0813430939054594
0.0817600052866957
0.0821590275330102
0.0825403784326093
0.0829044278954780
0.0832516438150959
0.0835825553143390
0.0838977272202301
0.0841977420992764
0.0844831875323351
0.0847546470957416
0.0850126940035504
0.0852578866804103
0.0854907657454823
0.0857118520320750
0.0859216453687671
0.0861206239199468
0.0863092439357709
0.0864879397995670
0.0866571242886970
0.0868171889859951
0.0869685047941675
0.0871114225175764
0.0872462734844605
0.0873733701895600
0.0874930069419289
0.0876054605069597
0.0877109907342375
0.0878098411653668
0.0879022396174105
0.0879883987390624
0.0880685165374697
0.0881427768745787
0.0882113499321337
0.0882743926452347
0.0883320491042514
0.0883844509253943
0.0884317175903525
0.0884739567552322
0.0885112645294830
0.0885437257251445
0.0885714140770203
0.0885943924341880
0.0886127129233044
0.0886264170840248
0.0886355359770070
0.0886400902646156
0.0886400902646157
0.0886355359770070
0.0886264170840250
0.0886127129233043
0.0885943924341885
0.0885714140770203
0.0885437257251444
0.0885112645294830
0.0884739567552322
0.0884317175903525
0.0883844509253943
0.0883320491042514
0.0882743926452350
0.0882113499321338
0.0881427768745784
0.0880685165374698
0.0879883987390626
0.0879022396174105
0.0878098411653673
0.0877109907342374
0.0876054605069597
0.0874930069419289
0.0873733701895608
0.0872462734844605
0.0871114225175764
0.0869685047941673
0.0868171889859952
0.0866571242886977
0.0864879397995669
0.0863092439357708
0.0861206239199468
0.0859216453687670
0.0857118520320743
0.0854907657454822
0.0852578866804103
0.0850126940035504
0.0847546470957416
0.0844831875323351
0.0841977420992764
0.0838977272202309
0.0835825553143390
0.0832516438150960
0.0829044278954780
0.0825403784326093
0.0821590275330102
0.0817600052866972
0.0813430939054594
0.0809083105158221
0.0804560422477537
0.0799872960490394
0.0801732326681534
0.0806435542670589
0.0810973963409388
0.0815337522810754
0.0819522312431509
0.0823528105344410
0.0827357016911503
0.0831012683611263
0.0834499725633518
0.0837823381588289
0.0840989254380740
0.0844003131950727
0.0846870859921728
0.0849598251005736
0.0852191020835305
0.0854654743008105
0.0856994818207552
0.0859216453687682
0.0861324650406537
0.0863324195803251
0.0865219660726814
0.0867015399399948
0.0868715551578741
0.0870324046274321
0.0871844606558623
0.0873280755092089
0.0874635820099611
0.0875912941588859
0.0877115077654786
0.0878245010754884
0.0879305353868954
0.0880298556479366
0.0881226910326662
0.0882092554907594
0.0882897482693334
0.0883643544053066
0.0884332451874099
0.0884965785874253
0.0885544996604419
0.0886071409142689
0.0886546226482417
0.0886970532617006
0.0887345295326441
0.0887671368669151
0.0887949495184030
0.0888180307806781
0.0888364331504226
0.0888501984630670
0.0888593580009347
0.0888639325740676
0.0888639325740673
0.0888593580009347
0.0888501984630670
0.0888364331504221
0.0888180307806777
0.0887949495184049
0.0887671368669153
0.0887345295326441
0.0886970532617006
0.0886546226482417
0.0886071409142689
0.0885544996604419
0.0884965785874253
0.0884332451874099
0.0883643544053066
0.0882897482693333
0.0882092554907594
0.0881226910326662
0.0880298556479366
0.0879305353868951
0.0878245010754889
0.0877115077654777
0.0875912941588866
0.0874635820099610
0.0873280755092089
0.0871844606558625
0.0870324046274321
0.0868715551578741
0.0867015399399948
0.0865219660726814
0.0863324195803251
0.0861324650406537
0.0859216453687682
0.0856994818207552
0.0854654743008107
0.0852191020835296
0.0849598251005736
0.0846870859921739
0.0844003131950728
0.0840989254380740
0.0837823381588289
0.0834499725633518
0.0831012683611263
0.0827357016911503
0.0823528105344417
0.0819522312431509
0.0815337522810754
0.0810973963409388
0.0806435542670583
0.0801732326681534
0.0803501204789041
0.0808218679055556
0.0812771382997654
0.0817149257812021
0.0821348363201098
0.0825368421919410
0.0829211491518981
0.0832881149580876
0.0836381960140187
0.0839719110629934
0.0842898158953735
0.0845924854732289
0.0848805011999808
0.0851544418356699
0.0854148770361799
0.0856623628030586
0.0858974383358826
0.0861206239199435
0.0863324195803279
0.0865333043036028
0.0867237356789671
0.0869041498475785
0.0870749616764502
0.0872365650933608
0.0873893335347612
0.0875336204701903
0.0876697599754315
0.0877980673333530
0.0879188396465915
0.0880323564500217
0.0881388803141098
0.0882386574323916
0.0883319181883339
0.0884188776979297
0.0884997363257081
0.0885746801723333
0.0886438815328523
0.0887074993249142
0.0887656794867232
0.0888185553446070
0.0888662479505058
0.0889088663894438
0.0889465080574493
0.0889792589102694
0.0890071936832425
0.0890303760827184
0.0890488589494124
0.0890626843939802
0.0890718839051313
0.0890764784305209
0.0890764784305209
0.0890718839051313
0.0890626843939803
0.0890488589494125
0.0890303760827183
0.0890071936832425
0.0889792589102695
0.0889465080574488
0.0889088663894430
0.0888662479505058
0.0888185553446071
0.0887656794867231
0.0887074993249144
0.0886438815328523
0.0885746801723333
0.0884997363257089
0.0884188776979297
0.0883319181883341
0.0882386574323916
0.0881388803141098
0.0880323564500227
0.0879188396465915
0.0877980673333530
0.0876697599754315
0.0875336204701904
0.0873893335347612
0.0872365650933608
0.0870749616764501
0.0869041498475784
0.0867237356789671
0.0865333043036028
0.0863324195803277
0.0861206239199434
0.0858974383358826
0.0856623628030587
0.0854148770361799
0.0851544418356696
0.0848805011999808
0.0845924854732289
0.0842898158953734
0.0839719110629949
0.0836381960140186
0.0832881149580875
0.0829211491518981
0.0825368421919415
0.0821348363201100
0.0817149257812021
0.0812771382997653
0.0808218679055556
0.0803501204789027
0.0805182933783899
0.0809913313391821
0.0814478981095249
0.0818869888290045
0.0823082067271737
0.0827115195200217
0.0830971276163017
0.0834653832460657
0.0838167374692917
0.0841517040889414
0.0844708344808534
0.0847746997769004
0.0850638781500096
0.0853389457160436
0.0856004700411042
0.0858490055481461
0.0860850903200814
0.0863092439357732
0.0865219660726803
0.0867237356789671
0.0869150105680513
0.0870962273250600
0.0872678014416708
0.0874301276160686
0.0875835801698018
0.0877285135448092
0.0878652628527054
0.0879941444549220
0.0881154565575009
0.0882294798083127
0.0883364778873008
0.0884366980830294
0.0885303718501741
0.0886177153443864
0.0886989299317977
0.0887742026712951
0.0888437067683745
0.0889076019997739
0.0889660351085374
0.0890191401692825
0.0890670389238232
0.0891098410872139
0.0891476446245894
0.0891805359989749
0.0892085903905396
0.0892318718875601
0.0892504336494129
0.0892643180419076
0.0892735567452509
0.0892781708347952
0.0892781708347950
0.0892735567452510
0.0892643180419078
0.0892504336494128
0.0892318718875601
0.0892085903905395
0.0891805359989749
0.0891476446245895
0.0891098410872139
0.0890670389238232
0.0890191401692825
0.0889660351085374
0.0889076019997738
0.0888437067683733
0.0887742026712945
0.0886989299317977
0.0886177153443866
0.0885303718501741
0.0884366980830291
0.0883364778873008
0.0882294798083126
0.0881154565575009
0.0879941444549221
0.0878652628527049
0.0877285135448093
0.0875835801698018
0.0874301276160686
0.0872678014416708
0.0870962273250600
0.0869150105680513
0.0867237356789663
0.0865219660726803
0.0863092439357731
0.0860850903200815
0.0858490055481473
0.0856004700411028
0.0853389457160437
0.0850638781500096
0.0847746997769004
0.0844708344808534
0.0841517040889414
0.0838167374692917
0.0834653832460664
0.0830971276163017
0.0827115195200217
0.0823082067271737
0.0818869888290045
0.0814478981095242
0.0809913313391816
0.0805182933783894
0.0806780715104795
0.0811522775230835
0.0816100209090298
0.0820502980418029
0.0824727097854739
0.0828772197151919
0.0832640232933356
0.0836334675690633
0.0839859985352749
0.0843221252531975
0.0846423948049037
0.0849473745396506
0.0852376393817354
0.0855137627279636
0.0857763099326302
0.0860258336802680
0.0862628707483457
0.0864879397995647
0.0867015399399945
0.0869041498475781
0.0870962273250611
0.0872782091675004
0.0874505112613427
0.0876135288518137
0.0877676369305056
0.0879131907064225
0.0880505261321840
0.0881799604639840
0.0883017928387804
0.0884163048562179
0.0885237611557243
0.0886244099817399
0.0887184837315813
0.0888061994821144
0.0888877594923444
0.0889633516798861
0.0890331500699312
0.0890973152158809
0.0891559945910354
0.0892093229511492
0.0892574226677966
0.0893004040326254
0.0893383655327091
0.0893713940972395
0.0893995653158406
0.0894229436288223
0.0894415824896193
0.0894555244997467
0.0894648015163979
0.0894694347330554
0.0894694347330550
0.0894648015163979
0.0894555244997469
0.0894415824896189
0.0894229436288223
0.0893995653158406
0.0893713940972398
0.0893383655327091
0.0893004040326254
0.0892574226677965
0.0892093229511490
0.0891559945910354
0.0890973152158809
0.0890331500699314
0.0889633516798861
0.0888877594923440
0.0888061994821144
0.0887184837315817
0.0886244099817391
0.0885237611557243
0.0884163048562174
0.0883017928387804
0.0881799604639840
0.0880505261321840
0.0879131907064225
0.0877676369305056
0.0876135288518139
0.0874505112613432
0.0872782091674998
0.0870962273250611
0.0869041498475785
0.0867015399399945
0.0864879397995647
0.0862628707483458
0.0860258336802680
0.0857763099326302
0.0855137627279636
0.0852376393817351
0.0849473745396506
0.0846423948049037
0.0843221252531975
0.0839859985352749
0.0836334675690633
0.0832640232933356
0.0828772197151920
0.0824727097854739
0.0820502980418029
0.0816100209090298
0.0811522775230838
0.0806780715104795
0.0808297611521435
0.0813050242478928
0.0817638354668919
0.0822051925688753
0.0826286943700690
0.0830343006769351
0.0834222023734939
0.0837927416587189
0.0841463597336669
0.0844835611290548
0.0848048887784819
0.0851109063301701
0.0854021854827971
0.0856792968853345
0.0859428036070572
0.0861932564842521
0.0864311908497979
0.0866571242886949
0.0868715551578732
0.0870749616764534
0.0872678014416682
0.0874505112613427
0.0876235072202574
0.0877871849175337
0.0879419198269618
0.0880880677434069
0.0882259652871529
0.0883559304443331
0.0884782631269896
0.0885932457399766
0.0887011437449539
0.0888022062142391
0.0888966663688671
0.0889847420968702
0.0890666364486232
0.0891425381071747
0.0892126218320585
0.0892770488754581
0.0893359673702967
0.0893895126896326
0.0894378077775294
0.0894809634511437
0.0895190786743721
0.0895522408031068
0.0895805258024217
0.0896039984358897
0.0896227124273127
0.0896367105951028
0.0896460249594811
0.0896506768227688
0.0896506768227687
0.0896460249594811
0.0896367105951013
0.0896227124273127
0.0896039984358897
0.0895805258024217
0.0895522408031069
0.0895190786743721
0.0894809634511438
0.0894378077775294
0.0893895126896325
0.0893359673702967
0.0892770488754581
0.0892126218320584
0.0891425381071748
0.0890666364486233
0.0889847420968698
0.0888966663688671
0.0888022062142391
0.0887011437449536
0.0885932457399766
0.0884782631269896
0.0883559304443330
0.0882259652871529
0.0880880677434069
0.0879419198269624
0.0877871849175337
0.0876235072202588
0.0874505112613426
0.0872678014416682
0.0870749616764534
0.0868715551578732
0.0866571242886949
0.0864311908497968
0.0861932564842521
0.0859428036070572
0.0856792968853345
0.0854021854827971
0.0851109063301699
0.0848048887784819
0.0844835611290548
0.0841463597336669
0.0837927416587189
0.0834222023734937
0.0830343006769351
0.0826286943700690
0.0822051925688753
0.0817638354668919
0.0813050242478928
0.0808297611521435
0.0809736547305386
0.0814498743039425
0.0819096544782443
0.0823519945027943
0.0827764914157095
0.0831831015866946
0.0835720116600886
0.0839435592981653
0.0842981811803595
0.0846363775245878
0.0849586872777004
0.0852656704933736
0.0855578956991710
0.0858359308035897
0.0861003365571201
0.0863516618789416
0.0865904405596867
0.0868171889859955
0.0870324046274343
0.0872365650933574
0.0874301276160722
0.0876135288518130
0.0877871849175353
0.0879514916007456
0.0881068246945403
0.0882535404210714
0.0883919759150670
0.0885224497458031
0.0886452624605750
0.0887606971369963
0.0888690199341607
0.0889704806352100
0.0890653131755996
0.0891537361528078
0.0892359533143833
0.0893121540218802
0.0893825136892510
0.0894471941944007
0.0895063442632610
0.0895600998259203
0.0896085843446122
0.0896519091135086
0.0896901735303414
0.0897234653400680
0.0897518608506936
0.0897754251215191
0.0897942121239962
0.0898082648754085
0.0898176155455813
0.0898222855367501
0.0898222855367502
0.0898176155455813
0.0898082648754088
0.0897942121239962
0.0897754251215188
0.0897518608506933
0.0897234653400679
0.0896901735303419
0.0896519091135090
0.0896085843446122
0.0895600998259203
0.0895063442632610
0.0894471941944006
0.0893825136892523
0.0893121540218802
0.0892359533143833
0.0891537361528078
0.0890653131755996
0.0889704806352104
0.0888690199341606
0.0887606971369963
0.0886452624605750
0.0885224497458021
0.0883919759150677
0.0882535404210710
0.0881068246945403
0.0879514916007452
0.0877871849175354
0.0876135288518131
0.0874301276160722
0.0872365650933575
0.0870324046274340
0.0868171889859956
0.0865904405596867
0.0863516618789416
0.0861003365571201
0.0858359308035897
0.0855578956991710
0.0852656704933738
0.0849586872777004
0.0846363775245879
0.0842981811803595
0.0839435592981653
0.0835720116600877
0.0831831015866946
0.0827764914157095
0.0823519945027940
0.0819096544782436
0.0814498743039404
0.0809736547305384
0.0811100309369004
0.0815871157229457
0.0820477749222882
0.0824910093381064
0.0829164144603211
0.0833239435190126
0.0837137792307410
0.0840862550173769
0.0844418032995515
0.0847809202020617
0.0851041408573070
0.0854120218487413
0.0857051286110281
0.0859840263479632
0.0862492734889239
0.0865014170006826
0.0867409890683768
0.0869685047941681
0.0871844606558622
0.0873893335347587
0.0875835801698030
0.0877676369305048
0.0879419198269547
0.0881068246945402
0.0882627275057110
0.0884099847720870
0.0885489340085444
0.0886798942375778
0.0888031665170948
0.0889190344785487
0.0890277648657055
0.0891296080661236
0.0892247986297360
0.0893135557701009
0.0893960838449441
0.0894725728137780
0.0895431986706208
0.0896081238508155
0.0896674976109159
0.0897214563813576
0.0897701240913808
0.0898136124663095
0.0898520212970229
0.0898854386817943
0.0899139412406729
0.0899375943024661
0.0899564520645928
0.0899705577260267
0.0899799435933485
0.0899846311601987
0.0899846311601987
0.0899799435933488
0.0899705577260267
0.0899564520645928
0.0899375943024662
0.0899139412406720
0.0898854386817942
0.0898520212970229
0.0898136124663095
0.0897701240913808
0.0897214563813576
0.0896674976109159
0.0896081238508155
0.0895431986706208
0.0894725728137780
0.0893960838449441
0.0893135557701009
0.0892247986297360
0.0891296080661238
0.0890277648657041
0.0889190344785487
0.0888031665170955
0.0886798942375778
0.0885489340085440
0.0884099847720870
0.0882627275057110
0.0881068246945402
0.0879419198269550
0.0877676369305051
0.0875835801698030
0.0873893335347588
0.0871844606558622
0.0869685047941678
0.0867409890683767
0.0865014170006825
0.0862492734889246
0.0859840263479632
0.0857051286110282
0.0854120218487418
0.0851041408573070
0.0847809202020617
0.0844418032995515
0.0840862550173778
0.0837137792307410
0.0833239435190126
0.0829164144603211
0.0824910093381064
0.0820477749222882
0.0815871157229452
0.0811100309369002
0.0812391549111447
0.0817170220738934
0.0821784784594457
0.0826225264579442
0.0830487602076537
0.0834571300659813
0.0838478151094927
0.0842211447991281
0.0845775475506957
0.0849175156144493
0.0852415804867141
0.0855502954174503
0.0858442228444059
0.0861239253243217
0.0863899589883017
0.0866428688426253
0.0868831854322227
0.0871114225175728
0.0873280755092108
0.0875336204701895
0.0877285135448085
0.0879131907064222
0.0880880677434081
0.0882535404210688
0.0884099847720891
0.0885577574788715
0.0886971963195114
0.0888286206557143
0.0889523319455536
0.0890686142683097
0.0891777348511144
0.0892799445898072
0.0893754785580141
0.0894645565000062
0.0895473833039422
0.0896241494529797
0.0896950314524119
0.0897601922315697
0.0898197815195146
0.0898739361939920
0.0899227806032810
0.0899664268607501
0.0900049751120596
0.0900385137750959
0.0900671197526942
0.0900908586183206
0.0901097847748384
0.0901239415865516
0.0901333614846044
0.0901380660459547
0.0901380660459546
0.0901333614846044
0.0901239415865515
0.0901097847748380
0.0900908586183206
0.0900671197526939
0.0900385137750959
0.0900049751120600
0.0899664268607501
0.0899227806032815
0.0898739361939920
0.0898197815195151
0.0897601922315697
0.0896950314524115
0.0896241494529802
0.0895473833039422
0.0894645565000062
0.0893754785580141
0.0892799445898068
0.0891777348511144
0.0890686142683111
0.0889523319455536
0.0888286206557144
0.0886971963195119
0.0885577574788714
0.0884099847720891
0.0882535404210688
0.0880880677434081
0.0879131907064223
0.0877285135448085
0.0875336204701895
0.0873280755092108
0.0871114225175728
0.0868831854322232
0.0866428688426252
0.0863899589883017
0.0861239253243211
0.0858442228444044
0.0855502954174503
0.0852415804867141
0.0849175156144493
0.0845775475506958
0.0842211447991281
0.0838478151094931
0.0834571300659813
0.0830487602076537
0.0826225264579442
0.0821784784594457
0.0817170220738934
0.0812391549111448
0.0813612784770059
0.0818398527952433
0.0823020318524413
0.0827468196340852
0.0831738090953251
0.0835829479617029
0.0839744119357437
0.0843485267809353
0.0847057171525448
0.0850464716416398
0.0853713182896578
0.0856808071580385
0.0859754977965899
0.0862559501895123
0.0865227182122708
0.0867763449246355
0.0870173592200688
0.0872462734844677
0.0874635820099614
0.0876697599754311
0.0878652628527057
0.0880505261321845
0.0882259652871527
0.0883919759150678
0.0885489340085439
0.0886971963195132
0.0888371007884587
0.0889689670168467
0.0890930967659364
0.0892097744688179
0.0893192677456596
0.0894218279142149
0.0895176904897859
0.0896070756698724
0.0896901888002434
0.0897672208195991
0.0898383486811676
0.0899037357496573
0.0899635321727004
0.0900178752260660
0.0900668896322984
0.0901106878524946
0.0901493703511434
0.0901830258340336
0.0902117314592901
0.0902355530216147
0.0902545451099090
0.0902687512383789
0.0902782039512024
0.0902829249009872
0.0902829249009866
0.0902782039512029
0.0902687512383791
0.0902545451099095
0.0902355530216141
0.0902117314592901
0.0901830258340336
0.0901493703511434
0.0901106878524946
0.0900668896322984
0.0900178752260660
0.0899635321727004
0.0899037357496578
0.0898383486811676
0.0897672208195992
0.0896901888002438
0.0896070756698724
0.0895176904897859
0.0894218279142149
0.0893192677456594
0.0892097744688179
0.0890930967659363
0.0889689670168467
0.0888371007884588
0.0886971963195132
0.0885489340085439
0.0883919759150678
0.0882259652871513
0.0880505261321845
0.0878652628527054
0.0876697599754311
0.0874635820099617
0.0872462734844678
0.0870173592200687
0.0867763449246356
0.0865227182122709
0.0862559501895123
0.0859754977965909
0.0856808071580385
0.0853713182896577
0.0850464716416406
0.0847057171525449
0.0843485267809353
0.0839744119357437
0.0835829479617029
0.0831738090953251
0.0827468196340855
0.0823020318524412
0.0818398527952433
0.0813612784770059
0.0814766404119699
0.0819558535497939
0.0824186873992201
0.0828641475297131
0.0832918258584175
0.0837016676969827
0.0840938456202499
0.0844686819426182
0.0848265977931323
0.0851680783142755
0.0854936482742104
0.0858038546959911
0.0860992543596664
0.0863804047641814
0.0866478575875967
0.0869021539748669
0.0871438211759896
0.0873733701895600
0.0875912941588860
0.0877980673333515
0.0879941444549209
0.0881799604639867
0.0883559304443331
0.0885224497458050
0.0886798942375796
0.0888286206557128
0.0889689670168472
0.0891012530763714
0.0892257808140732
0.0893428349342016
0.0894526833698443
0.0895555777836537
0.0896517540589634
0.0897414327765461
0.0898248196736621
0.0899021060824895
0.0899734693461909
0.0900390732109748
0.0900990681932954
0.0901535919213173
0.0902027694502942
0.0902467135515279
0.0902855249747899
0.0903192926841540
0.0903480940672487
0.0903719951180536
0.0903910505932904
0.0904053041425337
0.0904147884121552
0.0904195251231902
0.0904195251231913
0.0904147884121552
0.0904053041425338
0.0903910505932904
0.0903719951180536
0.0903480940672487
0.0903192926841539
0.0902855249747899
0.0902467135515279
0.0902027694502943
0.0901535919213173
0.0900990681932954
0.0900390732109748
0.0899734693461895
0.0899021060824895
0.0898248196736606
0.0897414327765461
0.0896517540589629
0.0895555777836537
0.0894526833698444
0.0893428349342016
0.0892257808140740
0.0891012530763731
0.0889689670168468
0.0888286206557128
0.0886798942375795
0.0885224497458050
0.0883559304443331
0.0881799604639867
0.0879941444549209
0.0877980673333515
0.0875912941588868
0.0873733701895599
0.0871438211759895
0.0869021539748658
0.0866478575875967
0.0863804047641814
0.0860992543596664
0.0858038546959914
0.0854936482742105
0.0851680783142749
0.0848265977931326
0.0844686819426183
0.0840938456202499
0.0837016676969827
0.0832918258584175
0.0828641475297131
0.0824186873992201
0.0819558535497939
0.0814766404119717
0.0815854667399286
0.0820652565917716
0.0825286833686487
0.0829747541970668
0.0834030600813716
0.0838135441175033
0.0842063759813492
0.0845818747724434
0.0849404583178930
0.0852826085166192
0.0856088470437835
0.0859197180369039
0.0862157756308420
0.0864975749360661
0.0867656655035659
0.0870205866093591
0.0872628638836965
0.0874930069419298
0.0877115077654782
0.0879188396465903
0.0881154565575027
0.0883017928387850
0.0884782631269926
0.0886452624605746
0.0888031665170898
0.0889523319455535
0.0890930967659354
0.0892257808140718
0.0893506862150749
0.0894680978722321
0.0895782839610859
0.0896814964208775
0.0897779714372711
0.0898679299115545
0.0899515779128281
0.0900291071104792
0.0901006951847654
0.0901665062141426
0.0902266910382395
0.0902813875955871
0.0903307212357702
0.0903748050055568
0.0904137399088597
0.0904476151404549
0.0904765082934747
0.0905004855406566
0.0905196017894938
0.0905339008113704
0.0905434153446676
0.0905481671720695
0.0905481671720704
0.0905434153446676
0.0905339008113704
0.0905196017894938
0.0905004855406570
0.0904765082934747
0.0904476151404549
0.0904137399088593
0.0903748050055568
0.0903307212357706
0.0902813875955871
0.0902266910382394
0.0901665062141426
0.0901006951847654
0.0900291071104806
0.0899515779128281
0.0898679299115545
0.0897779714372713
0.0896814964208774
0.0895782839610858
0.0894680978722324
0.0893506862150749
0.0892257808140718
0.0890930967659356
0.0889523319455535
0.0888031665170898
0.0886452624605748
0.0884782631269935
0.0883017928387850
0.0881154565575027
0.0879188396465906
0.0877115077654776
0.0874930069419305
0.0872628638836966
0.0870205866093587
0.0867656655035659
0.0864975749360661
0.0862157756308417
0.0859197180369039
0.0856088470437835
0.0852826085166194
0.0849404583178926
0.0845818747724433
0.0842063759813500
0.0838135441175033
0.0834030600813717
0.0829747541970668
0.0825286833686487
0.0820652565917716
0.0815854667399286
0.0816879710369980
0.0821682811380863
0.0826322444323396
0.0830788695639987
0.0835077467331295
0.0839188170007813
0.0843122473568138
0.0846883539069583
0.0850475513908998
0.0853903186628439
0.0857171744826875
0.0860286602561865
0.0863253276017215
0.0866077293449562
0.0868764129894892
0.0871319159995042
0.0873747624219895
0.0876054605069581
0.0878245010754881
0.0880323564500214
0.0882294798083108
0.0884163048562159
0.0885932457399772
0.0887606971369964
0.0889190344785465
0.0890686142683087
0.0892097744688213
0.0893428349342016
0.0894680978722328
0.0895858483228079
0.0896963546424035
0.0897998689867971
0.0898966277857448
0.0899868522050407
0.0900707485922067
0.0901485089030600
0.0902203111071278
0.0902863195703317
0.0903466854137624
0.0904015468478497
0.0904510294812365
0.0904952466041353
0.0905342994458239
0.0905682774062650
0.0905972582617983
0.0906213083448595
0.0906404826978866
0.0906548252013797
0.0906643686762690
0.0906691349605792
0.0906691349605792
0.0906643686762688
0.0906548252013797
0.0906404826978866
0.0906213083448595
0.0905972582617983
0.0905682774062650
0.0905342994458239
0.0904952466041353
0.0904510294812365
0.0904015468478497
0.0903466854137624
0.0902863195703317
0.0902203111071264
0.0901485089030593
0.0900707485922061
0.0899868522050407
0.0898966277857449
0.0897998689867971
0.0896963546424035
0.0895858483228078
0.0894680978722328
0.0893428349342015
0.0892097744688213
0.0890686142683087
0.0889190344785457
0.0887606971369954
0.0885932457399770
0.0884163048562144
0.0882294798083109
0.0880323564500216
0.0878245010754878
0.0876054605069566
0.0873747624219897
0.0871319159995042
0.0868764129894894
0.0866077293449566
0.0863253276017218
0.0860286602561855
0.0857171744826872
0.0853903186628439
0.0850475513908998
0.0846883539069581
0.0843122473568138
0.0839188170007813
0.0835077467331295
0.0830788695639986
0.0826322444323396
0.0821682811380865
0.0816879710369980
0.0817843547432981
0.0822651337376620
0.0827295820873530
0.0831767099054064
0.0836061066818882
0.0840177116086572
0.0844116891882263
0.0847883527414906
0.0851481141257758
0.0854914493429423
0.0858188744120150
0.0861309281603800
0.0864281598210002
0.0867111200433476
0.0869803543702911
0.0872363985201704
0.0874797750034806
0.0877109907342378
0.0879305353868955
0.0881388803141112
0.0883364778873013
0.0885237611557240
0.0887011437449561
0.0888690199341616
0.0890277648657039
0.0891777348511149
0.0893192677456599
0.0894526833698450
0.0895782839610858
0.0896963546424042
0.0898071638980099
0.0899109640477212
0.0900079917142326
0.0900984682782537
0.0901826003180536
0.0902605800304363
0.0903325856311298
0.0903987817329844
0.0904593197007417
0.0905143379816261
0.0905639624110986
0.0906083064934375
0.0906474716568451
0.0906815474829584
0.0907106119107352
0.0907347314146958
0.0907539611575138
0.0907683451171024
0.0907779161881084
0.0907826962580723
0.0907826962580723
0.0907779161881080
0.0907683451171024
0.0907539611575138
0.0907347314146963
0.0907106119107337
0.0906815474829585
0.0906474716568451
0.0906083064934375
0.0905639624110971
0.0905143379816261
0.0904593197007414
0.0903987817329847
0.0903325856311313
0.0902605800304363
0.0901826003180536
0.0900984682782537
0.0900079917142325
0.0899109640477212
0.0898071638980099
0.0896963546424039
0.0895782839610858
0.0894526833698449
0.0893192677456604
0.0891777348511149
0.0890277648657039
0.0888690199341613
0.0887011437449546
0.0885237611557237
0.0883364778873013
0.0881388803141112
0.0879305353868955
0.0877109907342378
0.0874797750034806
0.0872363985201705
0.0869803543702909
0.0867111200433466
0.0864281598210002
0.0861309281603805
0.0858188744120148
0.0854914493429423
0.0851481141257758
0.0847883527414906
0.0844116891882263
0.0840177116086572
0.0836061066818887
0.0831767099054064
0.0827295820873530
0.0822651337376620
0.0817843547432979
0.0818748074749350
0.0823560086341593
0.0828208950662135
0.0832684782964060
0.0836983471870504
0.0841104392132160
0.0845049165760395
0.0848820900093437
0.0852423686841660
0.0855862259358976
0.0859141752131386
0.0862267529169515
0.0865245060270664
0.0868079831285643
0.0870777278955563
0.0873342743733834
0.0875781435910894
0.0878098411653700
0.0880298556479348
0.0882386574323938
0.0884366980830329
0.0886244099817398
0.0888022062142397
0.0889704806352102
0.0891296080661204
0.0892799445898068
0.0894218279142145
0.0895555777836536
0.0896814964208785
0.0897998689867946
0.0899109640477245
0.0900150340422016
0.0901123157411433
0.0902030306966133
0.0902873856754522
0.0903655730749858
0.0904377713186031
0.0905041452296395
0.0905648463822983
0.0906200134288110
0.0906697724021276
0.0907142369938092
0.0907535088067614
0.0907876775827233
0.0908168214043855
0.0908410068721028
0.0908602892552646
0.0908747126183356
0.0908843099215860
0.0908891030965993
0.0908891030965993
0.0908843099215863
0.0908747126183359
0.0908602892552646
0.0908410068721041
0.0908168214043855
0.0907876775827233
0.0907535088067618
0.0907142369938098
0.0906697724021276
0.0906200134288110
0.0905648463822981
0.0905041452296395
0.0904377713186031
0.0903655730749858
0.0902873856754522
0.0902030306966132
0.0901123157411433
0.0900150340422010
0.0899109640477244
0.0897998689867950
0.0896814964208784
0.0895555777836536
0.0894218279142146
0.0892799445898072
0.0891296080661213
0.0889704806352102
0.0888022062142398
0.0886244099817400
0.0884366980830321
0.0882386574323937
0.0880298556479347
0.0878098411653700
0.0875781435910894
0.0873342743733836
0.0870777278955575
0.0868079831285643
0.0865245060270655
0.0862267529169517
0.0859141752131386
0.0855862259358976
0.0852423686841658
0.0848820900093439
0.0845049165760396
0.0841104392132156
0.0836983471870504
0.0832684782964060
0.0828208950662133
0.0823560086341593
0.0818748074749350
0.0819595073318281
0.0824410881186600
0.0829063697313732
0.0833543650452065
0.0837846623667313
0.0841971975949706
0.0845921308042149
0.0849697703287260
0.0853305228408217
0.0856748591888596
0.0860032904172524
0.0863163506507445
0.0866145847480280
0.0868985393437463
0.0871687563388941
0.0874257681840081
0.0876700944882961
0.0879022396174118
0.0881226910326645
0.0883319181883325
0.0885303718501742
0.0887184837315813
0.0888966663688679
0.0890653131755975
0.0892247986297361
0.0893754785580102
0.0895176904897837
0.0896517540589626
0.0897779714372738
0.0898966277857408
0.0900079917142322
0.0901123157411440
0.0902098367470141
0.0903007764172334
0.0903853416701933
0.0904637250679527
0.0905361052072900
0.0906026470894666
0.0906635024674682
0.0907188101698532
0.0907686964005213
0.0908132750139838
0.0908526477658347
0.0908869045382318
0.0909161235402899
0.0909403714833283
0.0909597037310399
0.0909741644244769
0.0909837865820462
0.0909885921744039
0.0909885921744039
0.0909837865820459
0.0909741644244769
0.0909597037310399
0.0909403714833283
0.0909161235402897
0.0908869045382318
0.0908526477658356
0.0908132750139838
0.0907686964005213
0.0907188101698530
0.0906635024674669
0.0906026470894666
0.0905361052072885
0.0904637250679525
0.0903853416701942
0.0903007764172334
0.0902098367470141
0.0901123157411440
0.0900079917142322
0.0898966277857408
0.0897779714372739
0.0896517540589626
0.0895176904897837
0.0893754785580102
0.0892247986297366
0.0890653131755975
0.0888966663688679
0.0887184837315814
0.0885303718501742
0.0883319181883325
0.0881226910326645
0.0879022396174118
0.0876700944882961
0.0874257681840080
0.0871687563388941
0.0868985393437463
0.0866145847480280
0.0863163506507445
0.0860032904172525
0.0856748591888597
0.0853305228408216
0.0849697703287260
0.0845921308042149
0.0841971975949706
0.0837846623667313
0.0833543650452065
0.0829063697313733
0.0824410881186600
0.0819595073318281
0.0820386211980260
0.0825205428695880
0.0829861804522341
0.0834345481043036
0.0838652336399259
0.0842781715125854
0.0846735198339759
0.0850515847169695
0.0854127705147383
0.0857575457617928
0.0860864192601825
0.0863999230058652
0.0866985998680748
0.0869829946459142
0.0872536475656352
0.0875110895651244
0.0877558389005641
0.0879883987390624
0.0882092554907576
0.0884188776979346
0.0886177153443875
0.0888061994821126
0.0889847420968716
0.0891537361528077
0.0893135557700998
0.0894645565000062
0.0896070756698724
0.0897414327765461
0.0898679299115564
0.0899868522050412
0.0900984682782549
0.0902030306966124
0.0903007764172342
0.0903919272260188
0.0904766901606351
0.0905552579164980
0.0906278092335054
0.0906945092619307
0.0907555099061466
0.0908109501453513
0.0908609563305048
0.0909056424571093
0.0909451104134925
0.0909794502043456
0.0910087401494617
0.0910330470575821
0.0910524263753185
0.0910669223112330
0.0910765679350023
0.0910813852517859
0.0910813852517859
0.0910765679350024
0.0910669223112329
0.0910524263753185
0.0910330470575806
0.0910087401494609
0.0909794502043456
0.0909451104134925
0.0909056424571091
0.0908609563305048
0.0908109501453512
0.0907555099061466
0.0906945092619307
0.0906278092335054
0.0905552579164980
0.0904766901606351
0.0903919272260182
0.0903007764172343
0.0902030306966124
0.0900984682782549
0.0899868522050411
0.0898679299115564
0.0897414327765461
0.0896070756698739
0.0894645565000062
0.0893135557700998
0.0891537361528077
0.0889847420968716
0.0888061994821125
0.0886177153443873
0.0884188776979331
0.0882092554907576
0.0879883987390624
0.0877558389005641
0.0875110895651243
0.0872536475656352
0.0869829946459142
0.0866985998680748
0.0863999230058648
0.0860864192601825
0.0857575457617931
0.0854127705147383
0.0850515847169698
0.0846735198339759
0.0842781715125851
0.0838652336399259
0.0834345481043039
0.0829861804522345
0.0825205428695880
0.0820386211980260
0.0821123050319063
0.0825945322779998
0.0830604899632610
0.0835091934590112
0.0839402301427402
0.0843535331439059
0.0847492587667019
0.0851277110721464
0.0854892922664610
0.0858344687374825
0.0861637472023342
0.0864776576728758
0.0867767411592717
0.0870615407403634
0.0873325950676960
0.0875904336516390
0.0878355734662385
0.0880685165374701
0.0882897482693340
0.0884997363257089
0.0886989299317950
0.0888877594923469
0.0890666364486260
0.0892359533143824
0.0893960838449442
0.0895473833039408
0.0896901888002425
0.0898248196736606
0.0899515779128297
0.0900707485922056
0.0901826003180510
0.0902873856754527
0.0903853416701944
0.0904766901606342
0.0905616382759027
0.0906403788174441
0.0907130906417603
0.0907799390226294
0.0908410759915551
0.0908966406554474
0.0909467594909662
0.0909915466148803
0.0910311040302646
0.0910655218481920
0.0910948784848825
0.0911192408341611
0.0911386644152616
0.0911531934959406
0.0911628611909193
0.0911676895356807
0.0911676895356809
0.0911628611909193
0.0911531934959406
0.0911386644152606
0.0911192408341611
0.0910948784848825
0.0910655218481920
0.0910311040302643
0.0909915466148806
0.0909467594909662
0.0908966406554475
0.0908410759915548
0.0907799390226292
0.0907130906417603
0.0906403788174441
0.0905616382759030
0.0904766901606342
0.0903853416701943
0.0902873856754524
0.0901826003180509
0.0900707485922057
0.0899515779128304
0.0898248196736596
0.0896901888002425
0.0895473833039408
0.0893960838449442
0.0892359533143824
0.0890666364486259
0.0888877594923469
0.0886989299317953
0.0884997363257089
0.0882897482693337
0.0880685165374701
0.0878355734662383
0.0875904336516389
0.0873325950676958
0.0870615407403634
0.0867767411592717
0.0864776576728758
0.0861637472023342
0.0858344687374828
0.0854892922664606
0.0851277110721464
0.0847492587667019
0.0843535331439059
0.0839402301427402
0.0835091934590113
0.0830604899632609
0.0825945322779998
0.0821123050319063
0.0821807041443069
0.0826632047567677
0.0831294497024041
0.0835784554929017
0.0840098091186022
0.0844234424984985
0.0848195102761219
0.0851983146224242
0.0855602557619530
0.0859057980973745
0.0862354464139252
0.0865497288811679
0.0868491847789653
0.0871343555809694
0.0874057784650474
0.0876639816013551
0.0879094807557722
0.0881427768745773
0.0883643544053079
0.0885746801723348
0.0887742026712962
0.0889633516798849
0.0891425381071752
0.0893121540218786
0.0894725728137763
0.0896241494529807
0.0897672208195994
0.0899021060824894
0.0900291071104826
0.0901485089030600
0.0902605800304333
0.0903655730749861
0.0904637250679526
0.0905552579165017
0.0906403788174447
0.0907192806547449
0.0907921423784509
0.0908591293635453
0.0909203937472494
0.0909760747439545
0.0910262989369905
0.0910711805467874
0.0911108216750367
0.0911453125246757
0.0911747315954829
0.0911991458552551
0.0912186108865021
0.0912331710086518
0.0912428593757945
0.0912476980499633
0.0912476980499632
0.0912428593757945
0.0912331710086527
0.0912186108865021
0.0911991458552551
0.0911747315954829
0.0911453125246757
0.0911108216750364
0.0910711805467878
0.0910262989369902
0.0909760747439545
0.0909203937472494
0.0908591293635452
0.0907921423784509
0.0907192806547434
0.0906403788174441
0.0905552579165016
0.0904637250679528
0.0903655730749861
0.0902605800304333
0.0901485089030600
0.0900291071104826
0.0899021060824894
0.0897672208195994
0.0896241494529805
0.0894725728137764
0.0893121540218781
0.0891425381071752
0.0889633516798849
0.0887742026712962
0.0885746801723350
0.0883643544053077
0.0881427768745772
0.0879094807557722
0.0876639816013549
0.0874057784650474
0.0871343555809694
0.0868491847789654
0.0865497288811674
0.0862354464139252
0.0859057980973744
0.0855602557619531
0.0851983146224242
0.0848195102761219
0.0844234424984985
0.0840098091186022
0.0835784554929016
0.0831294497024039
0.0826632047567678
0.0821807041443069
0.0822439534631178
0.0827266980326981
0.0831932001290704
0.0836424773299087
0.0840741162824576
0.0844880478018436
0.0848844250103897
0.0852635483437024
0.0856258162035774
0.0859716911636501
0.0863016762261165
0.0866162978569783
0.0869160937328210
0.0872016038364907
0.0874733639737198
0.0877319010631595
0.0879777297389193
0.0882113499321339
0.0884332451874140
0.0886438815328505
0.0888437067683745
0.0890331500699314
0.0892126218320563
0.0893825136892525
0.0895431986706228
0.0896950314524135
0.0898383486811662
0.0899734693461884
0.0901006951847643
0.0902203111071311
0.0903325856311292
0.0904377713186036
0.0905361052072909
0.0906278092335066
0.0907130906417603
0.0907921423784512
0.0908651434673582
0.0909322593652998
0.0909936422965385
0.0910494315651102
0.0910997538442295
0.0911447234423226
0.0911844425453542
0.0912190014351226
0.0912484786834375
0.0912729413220569
0.0912924449883429
0.0913070340466211
0.0913167416852327
0.0913215899893145
0.0913215899893145
0.0913167416852327
0.0913070340466210
0.0912924449883429
0.0912729413220565
0.0912484786834370
0.0912190014351231
0.0911844425453541
0.0911447234423222
0.0910997538442294
0.0910494315651102
0.0909936422965385
0.0909322593652996
0.0908651434673583
0.0907921423784512
0.0907130906417603
0.0906278092335066
0.0905361052072905
0.0904377713186036
0.0903325856311292
0.0902203111071313
0.0901006951847639
0.0899734693461892
0.0898383486811676
0.0896950314524136
0.0895431986706228
0.0893825136892539
0.0892126218320563
0.0890331500699324
0.0888437067683745
0.0886438815328507
0.0884332451874140
0.0882113499321339
0.0879777297389187
0.0877319010631595
0.0874733639737198
0.0872016038364907
0.0869160937328210
0.0866162978569788
0.0863016762261165
0.0859716911636501
0.0856258162035773
0.0852635483437024
0.0848844250103897
0.0844880478018451
0.0840741162824562
0.0836424773299089
0.0831932001290703
0.0827266980326976
0.0822439534631178
0.0823021777832199
0.0827851394208517
0.0832518710214209
0.0837013911530404
0.0841332861592507
0.0845474858517768
0.0849441419645961
0.0853235533462738
0.0856861167289776
0.0860322930084248
0.0863625835486140
0.0866775132477090
0.0869776183040917
0.0872634373232787
0.0875355048404268
0.0877943466124008
0.0880404762196445
0.0882743926452381
0.0884965785874236
0.0887074993249141
0.0889076019997763
0.0890973152158798
0.0892770488754589
0.0894471941944025
0.0896081238508122
0.0897601922315712
0.0899037357496577
0.0900390732109738
0.0901665062141429
0.0902863195703291
0.0903987817329862
0.0905041452296367
0.0906026470894649
0.0906945092619307
0.0907799390226308
0.0908591293635452
0.0909322593652995
0.0909994945498909
0.0910609872124525
0.0911168767311054
0.0911672898541866
0.0912123409643359
0.0912521323190382
0.0912867542673967
0.0913162854429564
0.0913407929324923
0.0913603324206631
0.0913749483105859
0.0913846738202456
0.0913895310548033
0.0913895310548039
0.0913846738202456
0.0913749483105859
0.0913603324206631
0.0913407929324923
0.0913162854429564
0.0912867542673967
0.0912521323190382
0.0912123409643359
0.0911672898541866
0.0911168767311054
0.0910609872124525
0.0909994945498910
0.0909322593652995
0.0908591293635441
0.0907799390226303
0.0906945092619307
0.0906026470894649
0.0905041452296372
0.0903987817329862
0.0902863195703291
0.0901665062141428
0.0900390732109746
0.0899037357496577
0.0897601922315712
0.0896081238508137
0.0894471941944025
0.0892770488754589
0.0890973152158798
0.0889076019997749
0.0887074993249141
0.0884965785874236
0.0882743926452379
0.0880404762196460
0.0877943466123993
0.0875355048404268
0.0872634373232791
0.0869776183040917
0.0866775132477091
0.0863625835486140
0.0860322930084248
0.0856861167289776
0.0853235533462739
0.0849441419645961
0.0845474858517768
0.0841332861592507
0.0837013911530404
0.0832518710214205
0.0827851394208517
0.0823021777832202
0.0823554920010146
0.0828386460806167
0.0833055817528317
0.0837553184998775
0.0841874423970119
0.0846018823476259
0.0849987888243512
0.0853784592312398
0.0857412887786162
0.0860877368308175
0.0864183032545998
0.0867335115131688
0.0870338964497168
0.0873199954048228
0.0875923417443799
0.0878514601537073
0.0880978632390026
0.0883320491042498
0.0885544996604394
0.0887656794867220
0.0889660351085385
0.0891559945910322
0.0893359673702952
0.0895063442632609
0.0896674976109164
0.0898197815195136
0.0899635321726979
0.0900990681932954
0.0902266910382397
0.0903466854137623
0.0904593197007416
0.0905648463822984
0.0906635024674654
0.0907555099061482
0.0908410759915568
0.0909203937472473
0.0909936422965361
0.0910609872124536
0.0911225808470803
0.0911785626391589
0.0912290593993069
0.0912741855722501
0.0913140434757868
0.0913487235160963
0.0913783043793152
0.0914028531992497
0.0914224257011202
0.0914370663213784
0.0914468083035230
0.0914516737699773
0.0914516737699773
0.0914468083035230
0.0914370663213791
0.0914224257011202
0.0914028531992491
0.0913783043793150
0.0913487235160964
0.0913140434757867
0.0912741855722501
0.0912290593993069
0.0911785626391589
0.0911225808470807
0.0910609872124543
0.0909936422965361
0.0909203937472473
0.0908410759915568
0.0907555099061483
0.0906635024674653
0.0905648463822984
0.0904593197007421
0.0903466854137623
0.0902266910382395
0.0900990681932954
0.0899635321726977
0.0898197815195135
0.0896674976109165
0.0895063442632609
0.0893359673702952
0.0891559945910322
0.0889660351085386
0.0887656794867220
0.0885544996604394
0.0883320491042499
0.0880978632390024
0.0878514601537073
0.0875923417443799
0.0873199954048235
0.0870338964497167
0.0867335115131688
0.0864183032545998
0.0860877368308175
0.0857412887786162
0.0853784592312395
0.0849987888243512
0.0846018823476261
0.0841874423970119
0.0837553184998773
0.0833055817528317
0.0828386460806161
0.0823554920010153
0.0824040013328751
0.0828873252532621
0.0833544415474640
0.0838043705350182
0.0842366980549752
0.0846513521926933
0.0850484822812453
0.0854283844174952
0.0857914524329199
0.0861381443027018
0.0864689585338382
0.0867844172845790
0.0870850541639948
0.0873714053588592
0.0876440031666723
0.0879033712916937
0.0881500214461458
0.0883844509253948
0.0886071409142694
0.0888185553446086
0.0890191401692831
0.0892093229511487
0.0893895126896316
0.0895600998259177
0.0897214563813573
0.0898739361939914
0.0900178752260659
0.0901535919213167
0.0902813875955869
0.0904015468478497
0.0905143379816262
0.0906200134288111
0.0907188101698546
0.0908109501453527
0.0908966406554494
0.0909760747439547
0.0910494315651103
0.0911168767311057
0.0911785626391589
0.0912346287770860
0.0912852020066395
0.0913303968241181
0.0913703155977756
0.0914050487818718
0.0914346751070566
0.0914592617470940
0.0914788644617595
0.0914935277159900
0.0915032847751104
0.0915081577763206
0.0915081577763207
0.0915032847751090
0.0914935277159900
0.0914788644617595
0.0914592617470935
0.0914346751070564
0.0914050487818720
0.0913703155977756
0.0913303968241179
0.0912852020066399
0.0912346287770859
0.0911785626391589
0.0911168767311057
0.0910494315651109
0.0909760747439548
0.0908966406554494
0.0908109501453533
0.0907188101698550
0.0906200134288115
0.0905143379816262
0.0904015468478498
0.0902813875955869
0.0901535919213157
0.0900178752260660
0.0898739361939914
0.0897214563813574
0.0895600998259177
0.0893895126896318
0.0892093229511487
0.0890191401692831
0.0888185553446084
0.0886071409142690
0.0883844509253948
0.0881500214461458
0.0879033712916937
0.0876440031666723
0.0873714053588593
0.0870850541639948
0.0867844172845784
0.0864689585338382
0.0861381443027019
0.0857914524329200
0.0854283844174950
0.0850484822812448
0.0846513521926934
0.0842366980549751
0.0838043705350181
0.0833544415474644
0.0828873252532621
0.0824040013328751
0.0824478015172597
0.0829312744808451
0.0833985497150701
0.0838486482998671
0.0842811558672291
0.0846959997706499
0.0850933283208191
0.0854734364401058
0.0858367167197455
0.0861836258841695
0.0865146612147546
0.0868303436922198
0.0871312058105961
0.0874177827127383
0.0876906057279898
0.0879501976700439
0.0881970694380637
0.0884317175903526
0.0886546226482422
0.0888662479505064
0.0890670389238223
0.0892574226677965
0.0894378077775295
0.0896085843446156
0.0897701240913806
0.0899227806032833
0.0900668896322993
0.0902027694502924
0.0903307212357702
0.0904510294812365
0.0905639624110985
0.0906697724021278
0.0907686964005201
0.0908609563305068
0.0909467594909669
0.0910262989369913
0.0910997538442294
0.0911672898541871
0.0912290593993040
0.0912852020066383
0.0913358445795536
0.0913811016567651
0.0914210756484553
0.0914558570490546
0.0914855246266298
0.0915101455886449
0.0915297757241484
0.0915444595222048
0.0915542302667138
0.0915591101074446
0.0915591101074451
0.0915542302667142
0.0915444595222049
0.0915297757241478
0.0915101455886444
0.0914855246266298
0.0914558570490546
0.0914210756484551
0.0913811016567650
0.0913358445795536
0.0912852020066383
0.0912290593993036
0.0911672898541871
0.0910997538442294
0.0910262989369913
0.0909467594909672
0.0908609563305071
0.0907686964005187
0.0906697724021280
0.0905639624110971
0.0904510294812364
0.0903307212357701
0.0902027694502924
0.0900668896322993
0.0899227806032835
0.0897701240913805
0.0896085843446160
0.0894378077775295
0.0892574226677965
0.0890670389238223
0.0888662479505078
0.0886546226482422
0.0884317175903526
0.0881970694380637
0.0879501976700438
0.0876906057279897
0.0874177827127383
0.0871312058105961
0.0868303436922206
0.0865146612147558
0.0861836258841697
0.0858367167197451
0.0854734364401057
0.0850933283208191
0.0846959997706499
0.0842811558672305
0.0838486482998677
0.0833985497150701
0.0829312744808454
0.0824478015172597
0.0824869790001095
0.0829705818063636
0.0834379958651972
0.0838882429399706
0.0843209084823396
0.0847359191965078
0.0851334224838290
0.0855137122207951
0.0858771798931225
0.0862242811093634
0.0865555120564340
0.0868713926624857
0.0871724544237364
0.0874592315477471
0.0877322544952388
0.0879920452797007
0.0882391140684850
0.0884739567552343
0.0886970532616993
0.0889088663894469
0.0891098410872163
0.0893004040326237
0.0894809634511455
0.0896519091135090
0.0898136124663109
0.0899664268607527
0.0901106878524948
0.0902467135515308
0.0903748050055566
0.0904952466041366
0.0906083064934394
0.0907142369938070
0.0908132750139810
0.0909056424571097
0.0909915466148812
0.0910711805467875
0.0911447234423215
0.0912123409643359
0.0912741855722501
0.0913303968241181
0.0913811016567651
0.0914264146435198
0.0914664382290565
0.0915012629411196
0.0915309675789438
0.0915556193782210
0.0915752741525556
0.0915899764113539
0.0915997594541555
0.0916046454413522
0.0916046454413522
0.0915997594541555
0.0915899764113542
0.0915752741525556
0.0915556193782210
0.0915309675789438
0.0915012629411204
0.0914664382290567
0.0914264146435198
0.0913811016567668
0.0913303968241187
0.0912741855722501
0.0912123409643359
0.0911447234423215
0.0910711805467875
0.0909915466148812
0.0909056424571097
0.0908132750139809
0.0907142369938073
0.0906083064934394
0.0904952466041368
0.0903748050055566
0.0902467135515308
0.0901106878524948
0.0899664268607527
0.0898136124663109
0.0896519091135090
0.0894809634511455
0.0893004040326237
0.0891098410872163
0.0889088663894469
0.0886970532616985
0.0884739567552345
0.0882391140684850
0.0879920452797007
0.0877322544952393
0.0874592315477471
0.0871724544237364
0.0868713926624857
0.0865555120564340
0.0862242811093634
0.0858771798931225
0.0855137122207951
0.0851334224838289
0.0847359191965077
0.0843209084823396
0.0838882429399707
0.0834379958651972
0.0829705818063632
0.0824869790001095
0.0825216111034045
0.0830053259552736
0.0834728601009303
0.0839232359103423
0.0843560386794616
0.0847711945426479
0.0851688501014383
0.0855492983113845
0.0859129296839867
0.0862601988436442
0.0865916010112649
0.0869076551851555
0.0872088919792328
0.0874958447731261
0.0877690432577808
0.0880290087365702
0.0882762507264750
0.0885112645294823
0.0887345295326427
0.0889465080574502
0.0891476446245894
0.0893383655327119
0.0895190786743705
0.0896901735303434
0.0898520212970225
0.0900049751120599
0.0901493703511431
0.0902855249747894
0.0904137399088587
0.0905342994458216
0.0906474716568456
0.0907535088067617
0.0908526477658337
0.0909451104134932
0.0910311040302643
0.0911108216750361
0.0911844425453530
0.0912521323190343
0.0913140434757868
0.0913703155977720
0.0914210756484553
0.0914664382290575
0.0915065058123640
0.0915413689534716
0.0915711064773582
0.0915957856431105
0.0916154622847627
0.0916301809286851
0.0916399748874802
0.0916448663304292
0.0916448663304292
0.0916399748874802
0.0916301809286850
0.0916154622847627
0.0915957856431105
0.0915711064773581
0.0915413689534709
0.0915065058123637
0.0914664382290575
0.0914210756484553
0.0913703155977718
0.0913140434757867
0.0912521323190343
0.0911844425453530
0.0911108216750364
0.0910311040302643
0.0909451104134932
0.0908526477658334
0.0907535088067617
0.0906474716568458
0.0905342994458216
0.0904137399088587
0.0902855249747894
0.0901493703511432
0.0900049751120601
0.0898520212970225
0.0896901735303430
0.0895190786743705
0.0893383655327120
0.0891476446245892
0.0889465080574501
0.0887345295326413
0.0885112645294823
0.0882762507264750
0.0880290087365701
0.0877690432577808
0.0874958447731261
0.0872088919792335
0.0869076551851546
0.0865916010112644
0.0862601988436442
0.0859129296839868
0.0855492983113846
0.0851688501014384
0.0847711945426479
0.0843560386794616
0.0839232359103432
0.0834728601009303
0.0830053259552729
0.0825216111034036
0.0825517661768204
0.0830355764983662
0.0835032131924803
0.0839536991591089
0.0843866195614151
0.0848019000406517
0.0851996865049738
0.0855802711108008
0.0859440435236365
0.0862914575127420
0.0866230074590321
0.0869392115516767
0.0872405996362053
0.0875277043705698
0.0878010547739918
0.0880611715295413
0.0883085635853389
0.0885437257251443
0.0887671368669130
0.0889792589102678
0.0891805359989749
0.0893713940972371
0.0895522408031093
0.0897234653400698
0.0898854386817935
0.0900385137750978
0.0901830258340342
0.0903192926841546
0.0904476151404556
0.0905682774062649
0.0906815474829584
0.0907876775827226
0.0908869045382323
0.0909794502043471
0.0910655218481917
0.0911453125246770
0.0912190014351216
0.0912867542673966
0.0913487235160964
0.0914050487818695
0.0914558570490550
0.0915012629411206
0.0915413689534717
0.0915762656634019
0.0916060319168864
0.0916307349921916
0.0916504307401528
0.0916651637011105
0.0916749671984628
0.0916798634088268
0.0916798634088257
0.0916749671984624
0.0916651637011105
0.0916504307401528
0.0916307349921916
0.0916060319168864
0.0915762656634019
0.0915413689534717
0.0915012629411213
0.0914558570490566
0.0914050487818695
0.0913487235160964
0.0912867542673966
0.0912190014351212
0.0911453125246772
0.0910655218481917
0.0909794502043473
0.0908869045382323
0.0907876775827228
0.0906815474829584
0.0905682774062646
0.0904476151404556
0.0903192926841541
0.0901830258340342
0.0900385137750981
0.0898854386817935
0.0897234653400698
0.0895522408031093
0.0893713940972371
0.0891805359989749
0.0889792589102678
0.0887671368669130
0.0885437257251443
0.0883085635853403
0.0880611715295413
0.0878010547739918
0.0875277043705683
0.0872405996362053
0.0869392115516772
0.0866230074590321
0.0862914575127417
0.0859440435236370
0.0855802711108008
0.0851996865049738
0.0848019000406517
0.0843866195614142
0.0839536991591089
0.0835032131924811
0.0830355764983663
0.0825517661768204
0.0825775037324166
0.0830613939961347
0.0835291167307322
0.0839796952897818
0.0844127147250710
0.0848281002592520
0.0852259972108778
0.0856066970563006
0.0859705887406760
0.0863181253046801
0.0866498004131730
0.0869661315651189
0.0872676479501415
0.0875548816096892
0.0878283609886899
0.0880886062393199
0.0883361258223434
0.0885714140770196
0.0887949495184022
0.0890071936832425
0.0892085903905401
0.0893995653158403
0.0895805258024234
0.0897518608506936
0.0899139412406720
0.0900671197526950
0.0902117314592885
0.0903480940672476
0.0904765082934762
0.0905972582617984
0.0907106119107337
0.0908168214043880
0.0909161235402905
0.0910087401494618
0.0910948784848833
0.0911747315954827
0.0912484786834365
0.0913162854429577
0.0913783043793134
0.0914346751070582
0.0914855246266292
0.0915309675789426
0.0915711064773593
0.0916060319168875
0.0916358227603889
0.0916605463015964
0.0916802584049519
0.0916950036221279
0.0917048152853017
0.0917097155770693
0.0917097155770694
0.0917048152853017
0.0916950036221277
0.0916802584049508
0.0916605463015964
0.0916358227603889
0.0916060319168875
0.0915711064773592
0.0915309675789428
0.0914855246266292
0.0914346751070581
0.0913783043793134
0.0913162854429580
0.0912484786834358
0.0911747315954828
0.0910948784848832
0.0910087401494618
0.0909161235402903
0.0908168214043880
0.0907106119107337
0.0905972582617984
0.0904765082934761
0.0903480940672476
0.0902117314592889
0.0900671197526950
0.0899139412406720
0.0897518608506933
0.0895805258024237
0.0893995653158399
0.0892085903905401
0.0890071936832425
0.0887949495184022
0.0885714140770196
0.0883361258223437
0.0880886062393206
0.0878283609886894
0.0875548816096892
0.0872676479501420
0.0869661315651190
0.0866498004131733
0.0863181253046804
0.0859705887406765
0.0856066970563006
0.0852259972108778
0.0848281002592520
0.0844127147250705
0.0839796952897818
0.0835291167307324
0.0830613939961347
0.0825775037324164
0.0825988745623648
0.0830828301247636
0.0835506232611093
0.0840012777024792
0.0844343784095939
0.0848498502590384
0.0852478380813332
0.0856286327895661
0.0859926227319269
0.0863402603450426
0.0866720386998250
0.0869884747224404
0.0872900970578590
0.0875774372352626
0.0878510232220411
0.0881113747285967
0.0883589998097605
0.0885943924341895
0.0888180307806786
0.0890303760827173
0.0892318718875625
0.0894229436288223
0.0896039984358899
0.0897754251215172
0.0899375943024652
0.0900908586183206
0.0902355530216147
0.0903719951180535
0.0905004855406560
0.0906213083448585
0.0907347314146944
0.0908410068721026
0.0909403714833288
0.0910330470575828
0.0911192408341599
0.0911991458552550
0.0912729413220563
0.0913407929324922
0.0914028531992511
0.0914592617470919
0.0915101455886449
0.0915556193782186
0.0915957856431088
0.0916307349921920
0.0916605463015981
0.0916852868772820
0.0917050125944407
0.0917197680137675
0.0917295864743979
0.0917344901636897
0.0917344901636891
0.0917295864743979
0.0917197680137675
0.0917050125944407
0.0916852868772822
0.0916605463015966
0.0916307349921920
0.0915957856431088
0.0915556193782186
0.0915101455886444
0.0914592617470919
0.0914028531992507
0.0913407929324923
0.0912729413220555
0.0911991458552541
0.0911192408341599
0.0910330470575829
0.0909403714833288
0.0908410068721026
0.0907347314146944
0.0906213083448585
0.0905004855406546
0.0903719951180536
0.0902355530216141
0.0900908586183205
0.0899375943024652
0.0897754251215172
0.0896039984358901
0.0894229436288223
0.0892318718875625
0.0890303760827178
0.0888180307806789
0.0885943924341895
0.0883589998097605
0.0881113747285968
0.0878510232220411
0.0875774372352626
0.0872900970578590
0.0869884747224398
0.0866720386998250
0.0863402603450426
0.0859926227319269
0.0856286327895661
0.0852478380813332
0.0848498502590383
0.0844343784095939
0.0840012777024778
0.0835506232611093
0.0830828301247630
0.0825988745623662
0.0826159208397670
0.0830999277838118
0.0835677763978065
0.0840184907144695
0.0844516556227495
0.0848671957242008
0.0852652554610701
0.0856461252980380
0.0860101931079194
0.0863579108461349
0.0866897711102324
0.0870062903696851
0.0873079968350268
0.0875954216266177
0.0878690923305170
0.0881295283041229
0.0883772372776852
0.0886127129233045
0.0888364331504190
0.0890488589494140
0.0892504336494123
0.0894415824896183
0.0896227124273128
0.0897942121239979
0.0899564520645931
0.0901097847748391
0.0902545451099096
0.0903910505932904
0.0905196017894970
0.0906404826978871
0.0907539611575173
0.0908602892552639
0.0909597037310411
0.0910524263753198
0.0911386644152652
0.0912186108864995
0.0912924449883430
0.0913603324206631
0.0914224257011212
0.0914788644617594
0.0915297757241472
0.0915752741525547
0.0916154622847625
0.0916504307401521
0.0916802584049518
0.0917050125944415
0.0917247491920794
0.0917395127654443
0.0917493366590499
0.0917542430639004
0.0917542430639004
0.0917493366590486
0.0917395127654450
0.0917247491920791
0.0917050125944410
0.0916802584049518
0.0916504307401536
0.0916154622847627
0.0915752741525547
0.0915297757241472
0.0914788644617594
0.0914224257011212
0.0913603324206633
0.0912924449883430
0.0912186108865010
0.0911386644152651
0.0910524263753198
0.0909597037310406
0.0908602892552639
0.0907539611575175
0.0906404826978869
0.0905196017894968
0.0903910505932904
0.0902545451099095
0.0901097847748391
0.0899564520645931
0.0897942121239975
0.0896227124273126
0.0894415824896188
0.0892504336494123
0.0890488589494139
0.0888364331504188
0.0886127129233045
0.0883772372776847
0.0881295283041216
0.0878690923305171
0.0875954216266175
0.0873079968350268
0.0870062903696851
0.0866897711102324
0.0863579108461351
0.0860101931079194
0.0856461252980368
0.0852652554610701
0.0848671957242011
0.0844516556227495
0.0840184907144695
0.0835677763978065
0.0830999277838118
0.0826159208397670
0.0826286762025455
0.0831127211857932
0.0835806109187440
0.0840313696601348
0.0844645822457211
0.0848801730718277
0.0852782862907183
0.0856592120320932
0.0860233378134851
0.0863711152305832
0.0867030365269706
0.0870196178305227
0.0873213870266757
0.0876088749297592
0.0878826088402540
0.0881431078510679
0.0883908794491175
0.0886264170840250
0.0888501984630675
0.0890626843939806
0.0892643180419058
0.0894555244997443
0.0896367105950973
0.0898082648754085
0.0899705577260268
0.0901239415865512
0.0902687512383788
0.0904053041425345
0.0905339008113711
0.0906548252013797
0.0907683451171013
0.0908747126183362
0.0909741644244769
0.0910669223112330
0.0911531934959407
0.0912331710086530
0.0913070340466213
0.0913749483105868
0.0914370663213783
0.0914935277159865
0.0915444595222055
0.0915899764113545
0.0916301809286835
0.0916651637011101
0.0916950036221283
0.0917197680137672
0.0917395127654437
0.0917542824497635
0.0917641104151136
0.0917690188551601
0.0917690188551601
0.0917641104151136
0.0917542824497635
0.0917395127654437
0.0917197680137658
0.0916950036221284
0.0916651637011101
0.0916301809286828
0.0915899764113542
0.0915444595222056
0.0914935277159856
0.0914370663213783
0.0913749483105868
0.0913070340466213
0.0912331710086530
0.0911531934959411
0.0910669223112330
0.0909741644244769
0.0908747126183368
0.0907683451171013
0.0906548252013797
0.0905339008113714
0.0904053041425345
0.0902687512383789
0.0901239415865512
0.0899705577260268
0.0898082648754082
0.0896367105950973
0.0894555244997447
0.0892643180419071
0.0890626843939802
0.0888501984630670
0.0886264170840250
0.0883908794491175
0.0881431078510679
0.0878826088402539
0.0876088749297597
0.0873213870266758
0.0870196178305229
0.0867030365269708
0.0863711152305833
0.0860233378134847
0.0856592120320933
0.0852782862907183
0.0848801730718278
0.0844645822457214
0.0840313696601348
0.0835806109187437
0.0831127211857932
0.0826286762025455
0.0826371658205334
0.0831212359276479
0.0835891528412769
0.0840399409707392
0.0844731851166090
0.0848888095388917
0.0852869581971213
0.0856679209982865
0.0860320852236692
0.0863799022296977
0.0867118640244774
0.0870284865085827
0.0873302973510827
0.0876178271625599
0.0878916030533183
0.0881521439400568
0.0883999571475196
0.0886355359770069
0.0888593580009347
0.0890718839051320
0.0892735567452506
0.0894648015163978
0.0896460249594810
0.0898176155455815
0.0899799435933478
0.0901333614846027
0.0902782039512012
0.0904147884121600
0.0905434153446654
0.0906643686762676
0.0907779161881067
0.0908843099215857
0.0909837865820476
0.0910765679350010
0.0911628611909201
0.0912428593757946
0.0913167416852328
0.0913846738202444
0.0914468083035250
0.0915032847751089
0.0915542302667136
0.0915997594541590
0.0916399748874786
0.0916749671984621
0.0917048152853025
0.0917295864743975
0.0917493366590465
0.0917641104151129
0.0917739410935140
0.0917788508896474
0.0917788508896475
0.0917739410935140
0.0917641104151133
0.0917493366590465
0.0917295864743975
0.0917048152853026
0.0916749671984621
0.0916399748874786
0.0915997594541590
0.0915542302667137
0.0915032847751089
0.0914468083035250
0.0913846738202444
0.0913167416852328
0.0912428593757947
0.0911628611909196
0.0910765679350010
0.0909837865820462
0.0908843099215857
0.0907779161881067
0.0906643686762676
0.0905434153446653
0.0904147884121600
0.0902782039512012
0.0901333614846027
0.0899799435933478
0.0898176155455815
0.0896460249594811
0.0894648015163978
0.0892735567452506
0.0890718839051334
0.0888593580009347
0.0886355359770069
0.0883999571475196
0.0881521439400569
0.0878916030533183
0.0876178271625599
0.0873302973510821
0.0870284865085827
0.0867118640244774
0.0863799022296971
0.0860320852236694
0.0856679209982863
0.0852869581971212
0.0848888095388917
0.0844731851166083
0.0840399409707392
0.0835891528412779
0.0831212359276479
0.0826371658205334
0.0826414064457183
0.0831254890443006
0.0835934194788851
0.0840442222340544
0.0844774820928723
0.0848931232473389
0.0852912895607987
0.0856722708290564
0.0860364542154619
0.0863842909569750
0.0867162729441174
0.0870329159639371
0.0873347475774308
0.0876222982933917
0.0878960951270956
0.0881566569071688
0.0884044908773028
0.0886400902646142
0.0888639325740699
0.0890764784305214
0.0892781708347961
0.0894694347330534
0.0896506768227687
0.0898222855367498
0.0899846311601990
0.0901380660459553
0.0902829249009872
0.0904195251231899
0.0905481671720704
0.0906691349605789
0.0907826962580718
0.0908891030965993
0.0909885921744029
0.0910813852517879
0.0911676895356782
0.0912476980499634
0.0913215899893122
0.0913895310548049
0.0914516737699791
0.0915081577763200
0.0915591101074445
0.0916046454413537
0.0916448663304307
0.0916798634088257
0.0917097155770692
0.0917344901636873
0.0917542430639010
0.0917690188551601
0.0917788508896474
0.0917837613636092
0.0917837613636092
0.0917788508896474
0.0917690188551601
0.0917542430639010
0.0917344901636873
0.0917097155770692
0.0916798634088257
0.0916448663304299
0.0916046454413543
0.0915591101074445
0.0915081577763202
0.0914516737699794
0.0913895310548050
0.0913215899893120
0.0912476980499634
0.0911676895356782
0.0910813852517877
0.0909885921744028
0.0908891030965992
0.0907826962580718
0.0906691349605790
0.0905481671720705
0.0904195251231899
0.0902829249009872
0.0901380660459553
0.0899846311601991
0.0898222855367496
0.0896506768227688
0.0894694347330534
0.0892781708347958
0.0890764784305210
0.0888639325740699
0.0886400902646142
0.0884044908773028
0.0881566569071682
0.0878960951270956
0.0876222982933917
0.0873347475774306
0.0870329159639371
0.0867162729441174
0.0863842909569738
0.0860364542154619
0.0856722708290564
0.0852912895607980
0.0848931232473389
0.0844774820928723
0.0840442222340533
0.0835934194788851
0.0831254890443008
0.0826414064457183
0.0826414064457200
0.0831254890442998
0.0835934194788885
0.0840442222340520
0.0844774820928740
0.0848931232473389
0.0852912895607962
0.0856722708290565
0.0860364542154628
0.0863842909569764
0.0867162729441192
0.0870329159639401
0.0873347475774287
0.0876222982933897
0.0878960951270903
0.0881566569071667
0.0884044908773026
0.0886400902646141
0.0888639325740677
0.0890764784305204
0.0892781708347953
0.0894694347330551
0.0896506768227689
0.0898222855367501
0.0899846311601981
0.0901380660459542
0.0902829249009858
0.0904195251231929
0.0905481671720705
0.0906691349605782
0.0907826962580713
0.0908891030965992
0.0909885921744031
0.0910813852517878
0.0911676895356811
0.0912476980499660
0.0913215899893145
0.0913895310548050
0.0914516737699783
0.0915081577763206
0.0915591101074437
0.0916046454413525
0.0916448663304292
0.0916798634088294
0.0917097155770698
0.0917344901636887
0.0917542430638997
0.0917690188551601
0.0917788508896486
0.0917837613636102
0.0917837613636102
0.0917788508896494
0.0917690188551600
0.0917542430638986
0.0917344901636887
0.0917097155770703
0.0916798634088293
0.0916448663304293
0.0916046454413522
0.0915591101074437
0.0915081577763213
0.0914516737699783
0.0913895310548049
0.0913215899893139
0.0912476980499652
0.0911676895356811
0.0910813852517880
0.0909885921744031
0.0908891030965993
0.0907826962580713
0.0906691349605779
0.0905481671720704
0.0904195251231929
0.0902829249009858
0.0901380660459546
0.0899846311601982
0.0898222855367501
0.0896506768227688
0.0894694347330551
0.0892781708347953
0.0890764784305197
0.0888639325740677
0.0886400902646141
0.0884044908773026
0.0881566569071667
0.0878960951270903
0.0876222982933897
0.0873347475774288
0.0870329159639401
0.0867162729441191
0.0863842909569764
0.0860364542154628
0.0856722708290565
0.0852912895607961
0.0848931232473389
0.0844774820928740
0.0840442222340524
0.0835934194788885
0.0831254890442998
0.0826414064457203
0.0826371658205331
0.0831212359276472
0.0835891528412768
0.0840399409707394
0.0844731851166089
0.0848888095388888
0.0852869581971195
0.0856679209982864
0.0860320852236688
0.0863799022296975
0.0867118640244778
0.0870284865085823
0.0873302973510809
0.0876178271625592
0.0878916030533161
0.0881521439400571
0.0883999571475196
0.0886355359770072
0.0888593580009358
0.0890718839051313
0.0892735567452511
0.0894648015163979
0.0896460249594818
0.0898176155455821
0.0899799435933478
0.0901333614846021
0.0902782039512020
0.0904147884121553
0.0905434153446671
0.0906643686762641
0.0907779161881079
0.0908843099215865
0.0909837865820459
0.0910765679350025
0.0911628611909193
0.0912428593757926
0.0913167416852306
0.0913846738202445
0.0914468083035248
0.0915032847751087
0.0915542302667137
0.0915997594541554
0.0916399748874788
0.0916749671984624
0.0917048152853027
0.0917295864743965
0.0917493366590486
0.0917641104151136
0.0917739410935145
0.0917788508896473
0.0917788508896473
0.0917739410935145
0.0917641104151136
0.0917493366590473
0.0917295864743965
0.0917048152853027
0.0916749671984624
0.0916399748874788
0.0915997594541553
0.0915542302667129
0.0915032847751089
0.0914468083035248
0.0913846738202445
0.0913167416852306
0.0912428593757925
0.0911628611909193
0.0910765679350024
0.0909837865820462
0.0908843099215863
0.0907779161881079
0.0906643686762641
0.0905434153446671
0.0904147884121552
0.0902782039512020
0.0901333614846020
0.0899799435933478
0.0898176155455821
0.0896460249594818
0.0894648015163979
0.0892735567452511
0.0890718839051311
0.0888593580009353
0.0886355359770071
0.0883999571475196
0.0881521439400569
0.0878916030533175
0.0876178271625592
0.0873302973510809
0.0870284865085826
0.0867118640244778
0.0863799022296971
0.0860320852236688
0.0856679209982862
0.0852869581971196
0.0848888095388896
0.0844731851166089
0.0840399409707394
0.0835891528412770
0.0831212359276472
0.0826371658205331
0.0826286762025455
0.0831127211857914
0.0835806109187440
0.0840313696601366
0.0844645822457211
0.0848801730718255
0.0852782862907183
0.0856592120320931
0.0860233378134852
0.0863711152305829
0.0867030365269740
0.0870196178305246
0.0873213870266752
0.0876088749297578
0.0878826088402571
0.0881431078510675
0.0883908794491192
0.0886264170840248
0.0888501984630669
0.0890626843939803
0.0892643180419075
0.0894555244997447
0.0896367105951013
0.0898082648754083
0.0899705577260265
0.0901239415865524
0.0902687512383790
0.0904053041425343
0.0905339008113707
0.0906548252013796
0.0907683451171024
0.0908747126183362
0.0909741644244782
0.0910669223112324
0.0911531934959407
0.0912331710086518
0.0913070340466213
0.0913749483105828
0.0914370663213779
0.0914935277159857
0.0915444595222050
0.0915899764113562
0.0916301809286836
0.0916651637011101
0.0916950036221276
0.0917197680137675
0.0917395127654419
0.0917542824497653
0.0917641104151130
0.0917690188551617
0.0917690188551621
0.0917641104151134
0.0917542824497653
0.0917395127654432
0.0917197680137675
0.0916950036221277
0.0916651637011101
0.0916301809286837
0.0915899764113562
0.0915444595222049
0.0914935277159865
0.0914370663213779
0.0913749483105828
0.0913070340466212
0.0912331710086518
0.0911531934959408
0.0910669223112324
0.0909741644244783
0.0908747126183362
0.0907683451171024
0.0906548252013795
0.0905339008113704
0.0904053041425343
0.0902687512383790
0.0901239415865521
0.0899705577260267
0.0898082648754083
0.0896367105951028
0.0894555244997456
0.0892643180419079
0.0890626843939803
0.0888501984630669
0.0886264170840248
0.0883908794491191
0.0881431078510675
0.0878826088402571
0.0876088749297577
0.0873213870266755
0.0870196178305245
0.0867030365269739
0.0863711152305817
0.0860233378134852
0.0856592120320929
0.0852782862907183
0.0848801730718257
0.0844645822457211
0.0840313696601366
0.0835806109187441
0.0831127211857907
0.0826286762025464
0.0826159208397667
0.0830999277838111
0.0835677763978063
0.0840184907144695
0.0844516556227480
0.0848671957242007
0.0852652554610683
0.0856461252980401
0.0860101931079204
0.0863579108461345
0.0866897711102331
0.0870062903696870
0.0873079968350279
0.0875954216266218
0.0878690923305168
0.0881295283041247
0.0883772372776868
0.0886127129233034
0.0888364331504221
0.0890488589494102
0.0892504336494141
0.0894415824896224
0.0896227124273124
0.0897942121239969
0.0899564520645939
0.0901097847748380
0.0902545451099109
0.0903910505932894
0.0905196017894971
0.0906404826978857
0.0907539611575138
0.0908602892552638
0.0909597037310406
0.0910524263753198
0.0911386644152629
0.0912186108864990
0.0912924449883427
0.0913603324206645
0.0914224257011193
0.0914788644617594
0.0915297757241473
0.0915752741525575
0.0916154622847622
0.0916504307401548
0.0916802584049506
0.0917050125944409
0.0917247491920740
0.0917395127654443
0.0917493366590501
0.0917542430639002
0.0917542430639002
0.0917493366590500
0.0917395127654443
0.0917247491920745
0.0917050125944408
0.0916802584049507
0.0916504307401548
0.0916154622847622
0.0915752741525575
0.0915297757241473
0.0914788644617594
0.0914224257011187
0.0913603324206645
0.0912924449883427
0.0912186108864990
0.0911386644152637
0.0910524263753198
0.0909597037310411
0.0908602892552638
0.0907539611575140
0.0906404826978857
0.0905196017894971
0.0903910505932894
0.0902545451099114
0.0901097847748379
0.0899564520645939
0.0897942121239969
0.0896227124273124
0.0894415824896213
0.0892504336494136
0.0890488589494102
0.0888364331504218
0.0886127129233034
0.0883772372776869
0.0881295283041247
0.0878690923305168
0.0875954216266218
0.0873079968350279
0.0870062903696870
0.0866897711102329
0.0863579108461345
0.0860101931079197
0.0856461252980400
0.0852652554610683
0.0848671957242007
0.0844516556227480
0.0840184907144695
0.0835677763978055
0.0830999277838111
0.0826159208397667
0.0825988745623647
0.0830828301247608
0.0835506232611105
0.0840012777024793
0.0844343784095940
0.0848498502590327
0.0852478380813325
0.0856286327895645
0.0859926227319257
0.0863402603450425
0.0866720386998258
0.0869884747224399
0.0872900970578599
0.0875774372352622
0.0878510232220430
0.0881113747285954
0.0883589998097610
0.0885943924341908
0.0888180307806745
0.0890303760827183
0.0892318718875602
0.0894229436288220
0.0896039984358897
0.0897754251215196
0.0899375943024634
0.0900908586183210
0.0902355530216127
0.0903719951180532
0.0905004855406566
0.0906213083448593
0.0907347314146963
0.0908410068721014
0.0909403714833289
0.0910330470575821
0.0911192408341599
0.0911991458552561
0.0912729413220564
0.0913407929324905
0.0914028531992504
0.0914592617470919
0.0915101455886459
0.0915556193782192
0.0915957856431093
0.0916307349921916
0.0916605463015982
0.0916852868772777
0.0917050125944409
0.0917197680137672
0.0917295864743963
0.0917344901636862
0.0917344901636862
0.0917295864743963
0.0917197680137672
0.0917050125944414
0.0916852868772776
0.0916605463015981
0.0916307349921916
0.0915957856431091
0.0915556193782192
0.0915101455886458
0.0914592617470919
0.0914028531992504
0.0913407929324897
0.0912729413220564
0.0911991458552561
0.0911192408341599
0.0910330470575826
0.0909403714833291
0.0908410068721013
0.0907347314146959
0.0906213083448595
0.0905004855406566
0.0903719951180535
0.0902355530216129
0.0900908586183206
0.0899375943024634
0.0897754251215194
0.0896039984358897
0.0894229436288220
0.0892318718875602
0.0890303760827183
0.0888180307806745
0.0885943924341907
0.0883589998097610
0.0881113747285954
0.0878510232220429
0.0875774372352622
0.0872900970578596
0.0869884747224399
0.0866720386998259
0.0863402603450426
0.0859926227319257
0.0856286327895641
0.0852478380813325
0.0848498502590338
0.0844343784095945
0.0840012777024793
0.0835506232611105
0.0830828301247608
0.0825988745623662
0.0825775037324195
0.0830613939961331
0.0835291167307357
0.0839796952897774
0.0844127147250715
0.0848281002592513
0.0852259972108781
0.0856066970563022
0.0859705887406765
0.0863181253046808
0.0866498004131690
0.0869661315651190
0.0872676479501412
0.0875548816096897
0.0878283609886881
0.0880886062393199
0.0883361258223470
0.0885714140770195
0.0887949495184025
0.0890071936832424
0.0892085903905396
0.0893995653158403
0.0895805258024238
0.0897518608506938
0.0899139412406730
0.0900671197526939
0.0902117314592867
0.0903480940672487
0.0904765082934769
0.0905972582617971
0.0907106119107322
0.0908168214043826
0.0909161235402896
0.0910087401494630
0.0910948784848827
0.0911747315954820
0.0912484786834375
0.0913162854429563
0.0913783043793149
0.0914346751070565
0.0914855246266290
0.0915309675789424
0.0915711064773582
0.0916060319168865
0.0916358227603905
0.0916605463015947
0.0916802584049534
0.0916950036221278
0.0917048152853017
0.0917097155770703
0.0917097155770703
0.0917048152853024
0.0916950036221280
0.0916802584049534
0.0916605463015947
0.0916358227603905
0.0916060319168869
0.0915711064773582
0.0915309675789424
0.0914855246266291
0.0914346751070565
0.0913783043793150
0.0913162854429563
0.0912484786834375
0.0911747315954817
0.0910948784848827
0.0910087401494628
0.0909161235402896
0.0908168214043826
0.0907106119107322
0.0905972582617971
0.0904765082934768
0.0903480940672487
0.0902117314592871
0.0900671197526942
0.0899139412406730
0.0897518608506938
0.0895805258024240
0.0893995653158403
0.0892085903905395
0.0890071936832425
0.0887949495184025
0.0885714140770194
0.0883361258223463
0.0880886062393194
0.0878283609886881
0.0875548816096897
0.0872676479501416
0.0869661315651190
0.0866498004131687
0.0863181253046807
0.0859705887406765
0.0856066970563018
0.0852259972108781
0.0848281002592514
0.0844127147250719
0.0839796952897774
0.0835291167307342
0.0830613939961331
0.0825775037324195
0.0825517661768193
0.0830355764983669
0.0835032131924790
0.0839536991591087
0.0843866195614141
0.0848019000406516
0.0851996865049723
0.0855802711108014
0.0859440435236404
0.0862914575127420
0.0866230074590330
0.0869392115516793
0.0872405996362054
0.0875277043705665
0.0878010547739931
0.0880611715295442
0.0883085635853408
0.0885437257251442
0.0887671368669133
0.0889792589102673
0.0891805359989755
0.0893713940972389
0.0895522408031086
0.0897234653400695
0.0898854386817942
0.0900385137750956
0.0901830258340341
0.0903192926841514
0.0904476151404549
0.0905682774062670
0.0906815474829581
0.0907876775827242
0.0908869045382304
0.0909794502043416
0.0910655218481918
0.0911453125246771
0.0912190014351226
0.0912867542673949
0.0913487235160941
0.0914050487818726
0.0914558570490587
0.0915012629411217
0.0915413689534701
0.0915762656634017
0.0916060319168896
0.0916307349921920
0.0916504307401540
0.0916651637011100
0.0916749671984621
0.0916798634088294
0.0916798634088294
0.0916749671984621
0.0916651637011100
0.0916504307401535
0.0916307349921920
0.0916060319168896
0.0915762656634009
0.0915413689534701
0.0915012629411218
0.0914558570490587
0.0914050487818726
0.0913487235160940
0.0912867542673949
0.0912190014351226
0.0911453125246771
0.0910655218481919
0.0909794502043424
0.0908869045382306
0.0907876775827242
0.0906815474829580
0.0905682774062671
0.0904476151404549
0.0903192926841515
0.0901830258340340
0.0900385137750956
0.0898854386817942
0.0897234653400680
0.0895522408031086
0.0893713940972379
0.0891805359989755
0.0889792589102673
0.0887671368669134
0.0885437257251438
0.0883085635853390
0.0880611715295435
0.0878010547739931
0.0875277043705679
0.0872405996362053
0.0869392115516793
0.0866230074590326
0.0862914575127417
0.0859440435236404
0.0855802711108011
0.0851996865049723
0.0848019000406516
0.0843866195614141
0.0839536991591086
0.0835032131924787
0.0830355764983674
0.0825517661768192
0.0825216111034048
0.0830053259552722
0.0834728601009321
0.0839232359103437
0.0843560386794628
0.0847711945426486
0.0851688501014392
0.0855492983113873
0.0859129296839863
0.0862601988436411
0.0865916010112641
0.0869076551851572
0.0872088919792313
0.0874958447731268
0.0877690432577784
0.0880290087365709
0.0882762507264751
0.0885112645294826
0.0887345295326437
0.0889465080574494
0.0891476446245893
0.0893383655327084
0.0895190786743723
0.0896901735303429
0.0898520212970205
0.0900049751120624
0.0901493703511440
0.0902855249747907
0.0904137399088587
0.0905342994458234
0.0906474716568448
0.0907535088067618
0.0908526477658338
0.0909451104134917
0.0910311040302636
0.0911108216750342
0.0911844425453540
0.0912521323190345
0.0913140434757889
0.0913703155977772
0.0914210756484543
0.0914664382290551
0.0915065058123637
0.0915413689534718
0.0915711064773582
0.0915957856431091
0.0916154622847638
0.0916301809286827
0.0916399748874806
0.0916448663304292
0.0916448663304296
0.0916399748874804
0.0916301809286827
0.0916154622847638
0.0915957856431093
0.0915711064773576
0.0915413689534717
0.0915065058123637
0.0914664382290543
0.0914210756484543
0.0913703155977768
0.0913140434757889
0.0912521323190345
0.0911844425453532
0.0911108216750342
0.0910311040302636
0.0909451104134916
0.0908526477658348
0.0907535088067615
0.0906474716568450
0.0905342994458234
0.0904137399088586
0.0902855249747907
0.0901493703511440
0.0900049751120621
0.0898520212970205
0.0896901735303423
0.0895190786743723
0.0893383655327084
0.0891476446245894
0.0889465080574494
0.0887345295326429
0.0885112645294829
0.0882762507264751
0.0880290087365709
0.0877690432577784
0.0874958447731271
0.0872088919792327
0.0869076551851563
0.0865916010112641
0.0862601988436410
0.0859129296839863
0.0855492983113879
0.0851688501014392
0.0847711945426486
0.0843560386794628
0.0839232359103437
0.0834728601009321
0.0830053259552726
0.0825216111034045
0.0824869790001087
0.0829705818063632
0.0834379958651957
0.0838882429399694
0.0843209084823388
0.0847359191965063
0.0851334224838323
0.0855137122207971
0.0858771798931229
0.0862242811093652
0.0865555120564359
0.0868713926624850
0.0871724544237354
0.0874592315477454
0.0877322544952384
0.0879920452796992
0.0882391140684835
0.0884739567552318
0.0886970532617035
0.0889088663894470
0.0891098410872165
0.0893004040326240
0.0894809634511419
0.0896519091135076
0.0898136124663108
0.0899664268607502
0.0901106878524929
0.0902467135515262
0.0903748050055567
0.0904952466041338
0.0906083064934374
0.0907142369938079
0.0908132750139799
0.0909056424571089
0.0909915466148806
0.0910711805467892
0.0911447234423226
0.0912123409643359
0.0912741855722508
0.0913303968241145
0.0913811016567639
0.0914264146435187
0.0914664382290579
0.0915012629411213
0.0915309675789436
0.0915556193782186
0.0915752741525556
0.0915899764113563
0.0915997594541543
0.0916046454413494
0.0916046454413496
0.0915997594541543
0.0915899764113562
0.0915752741525556
0.0915556193782186
0.0915309675789436
0.0915012629411218
0.0914664382290579
0.0914264146435187
0.0913811016567640
0.0913303968241145
0.0912741855722511
0.0912123409643359
0.0911447234423226
0.0910711805467884
0.0909915466148803
0.0909056424571089
0.0908132750139798
0.0907142369938079
0.0906083064934371
0.0904952466041338
0.0903748050055565
0.0902467135515264
0.0901106878524929
0.0899664268607501
0.0898136124663108
0.0896519091135080
0.0894809634511422
0.0893004040326242
0.0891098410872165
0.0889088663894470
0.0886970532617035
0.0884739567552313
0.0882391140684835
0.0879920452796992
0.0877322544952385
0.0874592315477454
0.0871724544237354
0.0868713926624856
0.0865555120564359
0.0862242811093650
0.0858771798931228
0.0855137122207974
0.0851334224838324
0.0847359191965065
0.0843209084823388
0.0838882429399694
0.0834379958651971
0.0829705818063632
0.0824869790001086
0.0824478015172582
0.0829312744808479
0.0833985497150709
0.0838486482998665
0.0842811558672288
0.0846959997706555
0.0850933283208196
0.0854734364401070
0.0858367167197451
0.0861836258841702
0.0865146612147563
0.0868303436922212
0.0871312058105966
0.0874177827127382
0.0876906057279893
0.0879501976700435
0.0881970694380647
0.0884317175903547
0.0886546226482450
0.0888662479505059
0.0890670389238221
0.0892574226677955
0.0894378077775265
0.0896085843446133
0.0897701240913810
0.0899227806032820
0.0900668896322984
0.0902027694502919
0.0903307212357687
0.0904510294812365
0.0905639624110968
0.0906697724021256
0.0907686964005181
0.0908609563305049
0.0909467594909639
0.0910262989369899
0.0910997538442287
0.0911672898541888
0.0912290593993036
0.0912852020066392
0.0913358445795506
0.0913811016567627
0.0914210756484533
0.0914558570490581
0.0914855246266285
0.0915101455886462
0.0915297757241473
0.0915444595222055
0.0915542302667121
0.0915591101074454
0.0915591101074454
0.0915542302667121
0.0915444595222055
0.0915297757241474
0.0915101455886460
0.0914855246266284
0.0914558570490587
0.0914210756484533
0.0913811016567627
0.0913358445795508
0.0912852020066394
0.0912290593993031
0.0911672898541888
0.0910997538442289
0.0910262989369899
0.0909467594909624
0.0908609563305051
0.0907686964005181
0.0906697724021256
0.0905639624110967
0.0904510294812366
0.0903307212357687
0.0902027694502924
0.0900668896322984
0.0899227806032817
0.0897701240913809
0.0896085843446133
0.0894378077775277
0.0892574226677955
0.0890670389238210
0.0888662479505063
0.0886546226482451
0.0884317175903532
0.0881970694380644
0.0879501976700435
0.0876906057279893
0.0874177827127382
0.0871312058105966
0.0868303436922211
0.0865146612147567
0.0861836258841702
0.0858367167197451
0.0854734364401070
0.0850933283208192
0.0846959997706546
0.0842811558672287
0.0838486482998665
0.0833985497150709
0.0829312744808479
0.0824478015172585
0.0824040013328735
0.0828873252532623
0.0833544415474629
0.0838043705350190
0.0842366980549752
0.0846513521926928
0.0850484822812440
0.0854283844174980
0.0857914524329208
0.0861381443027035
0.0864689585338369
0.0867844172845769
0.0870850541639917
0.0873714053588616
0.0876440031666720
0.0879033712916905
0.0881500214461444
0.0883844509253941
0.0886071409142690
0.0888185553446071
0.0890191401692832
0.0892093229511493
0.0893895126896327
0.0895600998259177
0.0897214563813562
0.0898739361939909
0.0900178752260640
0.0901535919213166
0.0902813875955851
0.0904015468478496
0.0905143379816270
0.0906200134288111
0.0907188101698511
0.0908109501453520
0.0908966406554459
0.0909760747439544
0.0910494315651070
0.0911168767311057
0.0911785626391580
0.0912346287770854
0.0912852020066390
0.0913303968241145
0.0913703155977756
0.0914050487818707
0.0914346751070567
0.0914592617470924
0.0914788644617603
0.0914935277159880
0.0915032847751083
0.0915081577763207
0.0915081577763207
0.0915032847751083
0.0914935277159880
0.0914788644617617
0.0914592617470925
0.0914346751070567
0.0914050487818707
0.0913703155977749
0.0913303968241145
0.0912852020066388
0.0912346287770854
0.0911785626391587
0.0911168767311058
0.0910494315651070
0.0909760747439544
0.0908966406554459
0.0908109501453522
0.0907188101698523
0.0906200134288111
0.0905143379816270
0.0904015468478496
0.0902813875955851
0.0901535919213171
0.0900178752260639
0.0898739361939911
0.0897214563813559
0.0895600998259177
0.0893895126896325
0.0892093229511492
0.0890191401692829
0.0888185553446071
0.0886071409142689
0.0883844509253943
0.0881500214461444
0.0879033712916907
0.0876440031666720
0.0873714053588616
0.0870850541639917
0.0867844172845767
0.0864689585338369
0.0861381443027034
0.0857914524329208
0.0854283844174980
0.0850484822812439
0.0846513521926928
0.0842366980549752
0.0838043705350190
0.0833544415474629
0.0828873252532623
0.0824040013328727
0.0823554920010153
0.0828386460806159
0.0833055817528315
0.0837553184998777
0.0841874423970136
0.0846018823476255
0.0849987888243531
0.0853784592312401
0.0857412887786174
0.0860877368308174
0.0864183032546010
0.0867335115131672
0.0870338964497219
0.0873199954048196
0.0875923417443800
0.0878514601537096
0.0880978632390013
0.0883320491042499
0.0885544996604381
0.0887656794867221
0.0889660351085387
0.0891559945910347
0.0893359673702957
0.0895063442632612
0.0896674976109164
0.0898197815195136
0.0899635321726990
0.0900990681932951
0.0902266910382396
0.0903466854137622
0.0904593197007422
0.0905648463822986
0.0906635024674655
0.0907555099061486
0.0908410759915554
0.0909203937472470
0.0909936422965384
0.0910609872124542
0.0911225808470819
0.0911785626391587
0.0912290593993040
0.0912741855722520
0.0913140434757889
0.0913487235160969
0.0913783043793134
0.0914028531992508
0.0914224257011202
0.0914370663213777
0.0914468083035250
0.0914516737699809
0.0914516737699809
0.0914468083035249
0.0914370663213777
0.0914224257011202
0.0914028531992510
0.0913783043793133
0.0913487235160969
0.0913140434757887
0.0912741855722520
0.0912290593993040
0.0911785626391587
0.0911225808470819
0.0910609872124548
0.0909936422965384
0.0909203937472473
0.0908410759915550
0.0907555099061485
0.0906635024674655
0.0905648463822995
0.0904593197007422
0.0903466854137623
0.0902266910382402
0.0900990681932951
0.0899635321726990
0.0898197815195138
0.0896674976109158
0.0895063442632612
0.0893359673702957
0.0891559945910347
0.0889660351085387
0.0887656794867221
0.0885544996604381
0.0883320491042499
0.0880978632390013
0.0878514601537092
0.0875923417443809
0.0873199954048196
0.0870338964497216
0.0867335115131672
0.0864183032546010
0.0860877368308173
0.0857412887786173
0.0853784592312401
0.0849987888243533
0.0846018823476254
0.0841874423970136
0.0837553184998789
0.0833055817528315
0.0828386460806147
0.0823554920010153
0.0823021777832231
0.0827851394208540
0.0832518710214210
0.0837013911530422
0.0841332861592497
0.0845474858517773
0.0849441419645960
0.0853235533462738
0.0856861167289730
0.0860322930084287
0.0863625835486142
0.0866775132477094
0.0869776183040945
0.0872634373232773
0.0875355048404269
0.0877943466123993
0.0880404762196465
0.0882743926452370
0.0884965785874278
0.0887074993249137
0.0889076019997743
0.0890973152158811
0.0892770488754591
0.0894471941944050
0.0896081238508108
0.0897601922315703
0.0899037357496554
0.0900390732109739
0.0901665062141471
0.0902863195703283
0.0903987817329856
0.0905041452296379
0.0906026470894658
0.0906945092619307
0.0907799390226303
0.0908591293635441
0.0909322593652991
0.0909994945498924
0.0910609872124534
0.0911168767311057
0.0911672898541873
0.0912123409643360
0.0912521323190352
0.0912867542673964
0.0913162854429579
0.0913407929324892
0.0913603324206644
0.0913749483105859
0.0913846738202438
0.0913895310548066
0.0913895310548066
0.0913846738202446
0.0913749483105858
0.0913603324206644
0.0913407929324893
0.0913162854429579
0.0912867542673964
0.0912521323190366
0.0912123409643361
0.0911672898541872
0.0911168767311072
0.0910609872124532
0.0909994945498926
0.0909322593652991
0.0908591293635435
0.0907799390226303
0.0906945092619305
0.0906026470894658
0.0905041452296378
0.0903987817329856
0.0902863195703283
0.0901665062141464
0.0900390732109739
0.0899037357496554
0.0897601922315711
0.0896081238508111
0.0894471941944047
0.0892770488754591
0.0890973152158813
0.0889076019997743
0.0887074993249137
0.0884965785874278
0.0882743926452370
0.0880404762196482
0.0877943466124022
0.0875355048404269
0.0872634373232773
0.0869776183040959
0.0866775132477108
0.0863625835486142
0.0860322930084289
0.0856861167289744
0.0853235533462739
0.0849441419645960
0.0845474858517773
0.0841332861592493
0.0837013911530423
0.0832518710214210
0.0827851394208540
0.0823021777832236
0.0822439534631163
0.0827266980326990
0.0831932001290676
0.0836424773299089
0.0840741162824544
0.0844880478018436
0.0848844250103902
0.0852635483437007
0.0856258162035797
0.0859716911636499
0.0863016762261183
0.0866162978569770
0.0869160937328225
0.0872016038364909
0.0874733639737156
0.0877319010631605
0.0879777297389166
0.0882113499321338
0.0884332451874112
0.0886438815328542
0.0888437067683721
0.0890331500699303
0.0892126218320549
0.0893825136892540
0.0895431986706246
0.0896950314524099
0.0898383486811640
0.0899734693461892
0.0901006951847611
0.0902203111071289
0.0903325856311293
0.0904377713186034
0.0905361052072905
0.0906278092335073
0.0907130906417613
0.0907921423784505
0.0908651434673582
0.0909322593652992
0.0909936422965384
0.0910494315651091
0.0910997538442285
0.0911447234423227
0.0911844425453529
0.0912190014351217
0.0912484786834367
0.0912729413220570
0.0912924449883429
0.0913070340466210
0.0913167416852327
0.0913215899893147
0.0913215899893144
0.0913167416852327
0.0913070340466212
0.0912924449883430
0.0912729413220570
0.0912484786834367
0.0912190014351217
0.0911844425453528
0.0911447234423226
0.0910997538442284
0.0910494315651091
0.0909936422965384
0.0909322593652995
0.0908651434673596
0.0907921423784506
0.0907130906417613
0.0906278092335073
0.0905361052072905
0.0904377713186032
0.0903325856311288
0.0902203111071289
0.0901006951847611
0.0899734693461892
0.0898383486811635
0.0896950314524099
0.0895431986706247
0.0893825136892546
0.0892126218320549
0.0890331500699303
0.0888437067683722
0.0886438815328534
0.0884332451874112
0.0882113499321338
0.0879777297389166
0.0877319010631605
0.0874733639737156
0.0872016038364911
0.0869160937328228
0.0866162978569770
0.0863016762261170
0.0859716911636498
0.0856258162035805
0.0852635483437006
0.0848844250103898
0.0844880478018451
0.0840741162824544
0.0836424773299089
0.0831932001290676
0.0827266980326994
0.0822439534631168
0.0821807041443091
0.0826632047567692
0.0831294497024022
0.0835784554929023
0.0840098091186022
0.0844234424984981
0.0848195102761232
0.0851983146224237
0.0855602557619515
0.0859057980973751
0.0862354464139269
0.0865497288811671
0.0868491847789627
0.0871343555809691
0.0874057784650506
0.0876639816013564
0.0879094807557735
0.0881427768745773
0.0883643544053064
0.0885746801723349
0.0887742026712932
0.0889633516798836
0.0891425381071750
0.0893121540218786
0.0894725728137764
0.0896241494529794
0.0897672208195971
0.0899021060824894
0.0900291071104807
0.0901485089030600
0.0902605800304340
0.0903655730749880
0.0904637250679546
0.0905552579164973
0.0906403788174448
0.0907192806547448
0.0907921423784527
0.0908591293635441
0.0909203937472470
0.0909760747439550
0.0910262989369898
0.0910711805467878
0.0911108216750367
0.0911453125246771
0.0911747315954828
0.0911991458552537
0.0912186108865020
0.0912331710086533
0.0912428593757947
0.0912476980499634
0.0912476980499634
0.0912428593757945
0.0912331710086533
0.0912186108865020
0.0911991458552533
0.0911747315954826
0.0911453125246770
0.0911108216750364
0.0910711805467878
0.0910262989369898
0.0909760747439550
0.0909203937472470
0.0908591293635451
0.0907921423784525
0.0907192806547448
0.0906403788174447
0.0905552579164973
0.0904637250679558
0.0903655730749879
0.0902605800304339
0.0901485089030600
0.0900291071104811
0.0899021060824894
0.0897672208195971
0.0896241494529791
0.0894725728137764
0.0893121540218781
0.0891425381071750
0.0889633516798836
0.0887742026712930
0.0885746801723350
0.0883643544053065
0.0881427768745773
0.0879094807557740
0.0876639816013565
0.0874057784650507
0.0871343555809680
0.0868491847789627
0.0865497288811671
0.0862354464139268
0.0859057980973754
0.0855602557619529
0.0851983146224237
0.0848195102761232
0.0844234424984981
0.0840098091186022
0.0835784554929023
0.0831294497024022
0.0826632047567692
0.0821807041443091
0.0821123050319065
0.0825945322780019
0.0830604899632622
0.0835091934590137
0.0839402301427402
0.0843535331439068
0.0847492587667008
0.0851277110721457
0.0854892922664616
0.0858344687374811
0.0861637472023343
0.0864776576728782
0.0867767411592707
0.0870615407403632
0.0873325950676947
0.0875904336516391
0.0878355734662405
0.0880685165374708
0.0882897482693326
0.0884997363257093
0.0886989299317952
0.0888877594923470
0.0890666364486249
0.0892359533143843
0.0893960838449442
0.0895473833039402
0.0896901888002445
0.0898248196736596
0.0899515779128312
0.0900707485922053
0.0901826003180529
0.0902873856754523
0.0903853416701919
0.0904766901606359
0.0905616382759034
0.0906403788174442
0.0907130906417618
0.0907799390226298
0.0908410759915550
0.0908966406554471
0.0909467594909643
0.0909915466148789
0.0910311040302643
0.0910655218481913
0.0910948784848839
0.0911192408341600
0.0911386644152639
0.0911531934959412
0.0911628611909179
0.0911676895356793
0.0911676895356806
0.0911628611909179
0.0911531934959411
0.0911386644152639
0.0911192408341599
0.0910948784848839
0.0910655218481913
0.0910311040302643
0.0909915466148803
0.0909467594909643
0.0908966406554471
0.0908410759915550
0.0907799390226303
0.0907130906417618
0.0906403788174448
0.0905616382759034
0.0904766901606366
0.0903853416701924
0.0902873856754526
0.0901826003180525
0.0900707485922053
0.0899515779128312
0.0898248196736596
0.0896901888002445
0.0895473833039407
0.0893960838449442
0.0892359533143843
0.0890666364486249
0.0888877594923473
0.0886989299317952
0.0884997363257093
0.0882897482693327
0.0880685165374716
0.0878355734662405
0.0875904336516391
0.0873325950676949
0.0870615407403635
0.0867767411592701
0.0864776576728782
0.0861637472023353
0.0858344687374825
0.0854892922664616
0.0851277110721464
0.0847492587667005
0.0843535331439068
0.0839402301427403
0.0835091934590137
0.0830604899632622
0.0825945322780015
0.0821123050319063
0.0820386211980256
0.0825205428695908
0.0829861804522301
0.0834345481043036
0.0838652336399267
0.0842781715125851
0.0846735198339760
0.0850515847169679
0.0854127705147382
0.0857575457617901
0.0860864192601828
0.0863999230058652
0.0866985998680748
0.0869829946459131
0.0872536475656335
0.0875110895651243
0.0877558389005645
0.0879883987390638
0.0882092554907593
0.0884188776979325
0.0886177153443868
0.0888061994821128
0.0889847420968708
0.0891537361528078
0.0893135557700968
0.0894645565000061
0.0896070756698748
0.0897414327765461
0.0898679299115544
0.0899868522050417
0.0900984682782538
0.0902030306966132
0.0903007764172342
0.0903919272260158
0.0904766901606342
0.0905552579164997
0.0906278092335073
0.0906945092619293
0.0907555099061482
0.0908109501453521
0.0908609563305050
0.0909056424571092
0.0909451104134917
0.0909794502043437
0.0910087401494618
0.0910330470575826
0.0910524263753186
0.0910669223112334
0.0910765679350017
0.0910813852517900
0.0910813852517892
0.0910765679350017
0.0910669223112332
0.0910524263753186
0.0910330470575826
0.0910087401494618
0.0909794502043434
0.0909451104134918
0.0909056424571091
0.0908609563305051
0.0908109501453519
0.0907555099061481
0.0906945092619298
0.0906278092335077
0.0905552579164995
0.0904766901606343
0.0903919272260158
0.0903007764172341
0.0902030306966134
0.0900984682782538
0.0899868522050415
0.0898679299115544
0.0897414327765461
0.0896070756698748
0.0894645565000061
0.0893135557700968
0.0891537361528079
0.0889847420968708
0.0888061994821128
0.0886177153443868
0.0884188776979325
0.0882092554907587
0.0879883987390638
0.0877558389005645
0.0875110895651243
0.0872536475656342
0.0869829946459134
0.0866985998680749
0.0863999230058651
0.0860864192601825
0.0857575457617929
0.0854127705147382
0.0850515847169679
0.0846735198339760
0.0842781715125851
0.0838652336399279
0.0834345481043036
0.0829861804522304
0.0825205428695908
0.0820386211980256
0.0819595073318275
0.0824410881186599
0.0829063697313757
0.0833543650452066
0.0837846623667328
0.0841971975949752
0.0845921308042149
0.0849697703287261
0.0853305228408220
0.0856748591888608
0.0860032904172525
0.0863163506507437
0.0866145847480325
0.0868985393437474
0.0871687563388931
0.0874257681840083
0.0876700944882962
0.0879022396174123
0.0881226910326644
0.0883319181883334
0.0885303718501742
0.0887184837315810
0.0888966663688671
0.0890653131755977
0.0892247986297362
0.0893754785580162
0.0895176904897839
0.0896517540589608
0.0897779714372753
0.0898966277857407
0.0900079917142284
0.0901123157411425
0.0902098367470122
0.0903007764172341
0.0903853416701944
0.0904637250679558
0.0905361052072902
0.0906026470894688
0.0906635024674651
0.0907188101698524
0.0907686964005188
0.0908132750139803
0.0908526477658328
0.0908869045382323
0.0909161235402896
0.0909403714833283
0.0909597037310412
0.0909741644244769
0.0909837865820477
0.0909885921744029
0.0909885921744031
0.0909837865820477
0.0909741644244769
0.0909597037310412
0.0909403714833282
0.0909161235402879
0.0908869045382323
0.0908526477658328
0.0908132750139803
0.0907686964005188
0.0907188101698533
0.0906635024674653
0.0906026470894695
0.0905361052072898
0.0904637250679558
0.0903853416701944
0.0903007764172341
0.0902098367470121
0.0901123157411417
0.0900079917142282
0.0898966277857407
0.0897779714372752
0.0896517540589608
0.0895176904897839
0.0893754785580161
0.0892247986297363
0.0890653131755977
0.0888966663688664
0.0887184837315809
0.0885303718501743
0.0883319181883339
0.0881226910326643
0.0879022396174125
0.0876700944882961
0.0874257681840080
0.0871687563388931
0.0868985393437474
0.0866145847480325
0.0863163506507438
0.0860032904172524
0.0856748591888608
0.0853305228408220
0.0849697703287260
0.0845921308042163
0.0841971975949743
0.0837846623667316
0.0833543650452066
0.0829063697313756
0.0824410881186599
0.0819595073318275
0.0818748074749354
0.0823560086341599
0.0828208950662117
0.0832684782964058
0.0836983471870511
0.0841104392132179
0.0845049165760389
0.0848820900093423
0.0852423686841660
0.0855862259358961
0.0859141752131379
0.0862267529169528
0.0865245060270670
0.0868079831285642
0.0870777278955552
0.0873342743733854
0.0875781435910876
0.0878098411653677
0.0880298556479367
0.0882386574323930
0.0884366980830300
0.0886244099817416
0.0888022062142392
0.0889704806352107
0.0891296080661220
0.0892799445898073
0.0894218279142148
0.0895555777836542
0.0896814964208783
0.0897998689867966
0.0899109640477212
0.0900150340421995
0.0901123157411417
0.0902030306966127
0.0902873856754521
0.0903655730749879
0.0904377713186041
0.0905041452296372
0.0905648463822983
0.0906200134288111
0.0906697724021278
0.0907142369938080
0.0907535088067617
0.0907876775827242
0.0908168214043826
0.0908410068721036
0.0908602892552609
0.0908747126183379
0.0908843099215865
0.0908891030965987
0.0908891030965985
0.0908843099215865
0.0908747126183378
0.0908602892552609
0.0908410068721036
0.0908168214043826
0.0907876775827242
0.0907535088067617
0.0907142369938079
0.0906697724021278
0.0906200134288111
0.0905648463822981
0.0905041452296372
0.0904377713186041
0.0903655730749879
0.0902873856754522
0.0902030306966134
0.0901123157411417
0.0900150340421994
0.0899109640477212
0.0897998689867966
0.0896814964208783
0.0895555777836542
0.0894218279142147
0.0892799445898074
0.0891296080661219
0.0889704806352107
0.0888022062142391
0.0886244099817416
0.0884366980830299
0.0882386574323926
0.0880298556479367
0.0878098411653674
0.0875781435910884
0.0873342743733854
0.0870777278955551
0.0868079831285641
0.0865245060270670
0.0862267529169531
0.0859141752131380
0.0855862259358948
0.0852423686841658
0.0848820900093420
0.0845049165760389
0.0841104392132179
0.0836983471870511
0.0832684782964057
0.0828208950662121
0.0823560086341599
0.0818748074749354
0.0817843547432978
0.0822651337376607
0.0827295820873540
0.0831767099054072
0.0836061066818894
0.0840177116086576
0.0844116891882251
0.0847883527414884
0.0851481141257751
0.0854914493429423
0.0858188744120147
0.0861309281603783
0.0864281598210010
0.0867111200433456
0.0869803543702909
0.0872363985201692
0.0874797750034792
0.0877109907342376
0.0879305353868947
0.0881388803141090
0.0883364778872987
0.0885237611557256
0.0887011437449561
0.0888690199341630
0.0890277648657026
0.0891777348511159
0.0893192677456586
0.0894526833698443
0.0895782839610859
0.0896963546424035
0.0898071638980091
0.0899109640477239
0.0900079917142326
0.0900984682782536
0.0901826003180519
0.0902605800304334
0.0903325856311292
0.0903987817329864
0.0904593197007427
0.0905143379816239
0.0905639624110950
0.0906083064934395
0.0906474716568459
0.0906815474829582
0.0907106119107356
0.0907347314146938
0.0907539611575138
0.0907683451171015
0.0907779161881079
0.0907826962580718
0.0907826962580718
0.0907779161881079
0.0907683451171013
0.0907539611575138
0.0907347314146937
0.0907106119107356
0.0906815474829578
0.0906474716568459
0.0906083064934395
0.0905639624110965
0.0905143379816239
0.0904593197007427
0.0903987817329868
0.0903325856311287
0.0902605800304334
0.0901826003180518
0.0900984682782536
0.0900079917142326
0.0899109640477225
0.0898071638980091
0.0896963546424040
0.0895782839610858
0.0894526833698443
0.0893192677456586
0.0891777348511160
0.0890277648657029
0.0888690199341630
0.0887011437449561
0.0885237611557256
0.0883364778872987
0.0881388803141088
0.0879305353868949
0.0877109907342375
0.0874797750034792
0.0872363985201692
0.0869803543702909
0.0867111200433459
0.0864281598210010
0.0861309281603786
0.0858188744120148
0.0854914493429418
0.0851481141257753
0.0847883527414884
0.0844116891882251
0.0840177116086575
0.0836061066818894
0.0831767099054072
0.0827295820873537
0.0822651337376606
0.0817843547432979
0.0816879710370007
0.0821682811380882
0.0826322444323419
0.0830788695640015
0.0835077467331296
0.0839188170007837
0.0843122473568139
0.0846883539069587
0.0850475513909000
0.0853903186628418
0.0857171744826888
0.0860286602561881
0.0863253276017221
0.0866077293449554
0.0868764129894886
0.0871319159995037
0.0873747624219874
0.0876054605069604
0.0878245010754889
0.0880323564500233
0.0882294798083091
0.0884163048562170
0.0885932457399770
0.0887606971369973
0.0889190344785486
0.0890686142683071
0.0892097744688213
0.0893428349342016
0.0894680978722324
0.0895858483228056
0.0896963546424034
0.0897998689867967
0.0898966277857402
0.0899868522050415
0.0900707485922052
0.0901485089030600
0.0902203111071302
0.0902863195703302
0.0903466854137622
0.0904015468478510
0.0904510294812366
0.0904952466041330
0.0905342994458231
0.0905682774062670
0.0905972582617981
0.0906213083448594
0.0906404826978865
0.0906548252013797
0.0906643686762641
0.0906691349605779
0.0906691349605779
0.0906643686762641
0.0906548252013797
0.0906404826978866
0.0906213083448595
0.0905972582617981
0.0905682774062670
0.0905342994458231
0.0904952466041330
0.0904510294812377
0.0904015468478510
0.0903466854137623
0.0902863195703302
0.0902203111071302
0.0901485089030600
0.0900707485922049
0.0899868522050415
0.0898966277857401
0.0897998689867967
0.0896963546424033
0.0895858483228071
0.0894680978722324
0.0893428349342015
0.0892097744688215
0.0890686142683071
0.0889190344785484
0.0887606971369973
0.0885932457399771
0.0884163048562170
0.0882294798083086
0.0880323564500242
0.0878245010754889
0.0876054605069604
0.0873747624219864
0.0871319159995038
0.0868764129894881
0.0866077293449561
0.0863253276017217
0.0860286602561879
0.0857171744826875
0.0853903186628418
0.0850475513908998
0.0846883539069587
0.0843122473568147
0.0839188170007837
0.0835077467331296
0.0830788695640015
0.0826322444323404
0.0821682811380868
0.0816879710370007
0.0815854667399291
0.0820652565917707
0.0825286833686513
0.0829747541970672
0.0834030600813729
0.0838135441175002
0.0842063759813503
0.0845818747724446
0.0849404583178908
0.0852826085166189
0.0856088470437854
0.0859197180369032
0.0862157756308463
0.0864975749360645
0.0867656655035670
0.0870205866093611
0.0872628638836964
0.0874930069419317
0.0877115077654766
0.0879188396465906
0.0881154565575031
0.0883017928387803
0.0884782631269896
0.0886452624605751
0.0888031665170911
0.0889523319455536
0.0890930967659358
0.0892257808140693
0.0893506862150735
0.0894680978722332
0.0895782839610863
0.0896814964208780
0.0897779714372740
0.0898679299115529
0.0899515779128326
0.0900291071104807
0.0901006951847639
0.0901665062141428
0.0902266910382385
0.0902813875955853
0.0903307212357685
0.0903748050055569
0.0904137399088587
0.0904476151404562
0.0904765082934776
0.0905004855406572
0.0905196017894969
0.0905339008113707
0.0905434153446677
0.0905481671720706
0.0905481671720720
0.0905434153446676
0.0905339008113711
0.0905196017894969
0.0905004855406572
0.0904765082934776
0.0904476151404565
0.0904137399088587
0.0903748050055567
0.0903307212357701
0.0902813875955868
0.0902266910382385
0.0901665062141428
0.0901006951847639
0.0900291071104807
0.0899515779128329
0.0898679299115529
0.0897779714372753
0.0896814964208780
0.0895782839610863
0.0894680978722332
0.0893506862150735
0.0892257808140700
0.0890930967659361
0.0889523319455536
0.0888031665170910
0.0886452624605749
0.0884782631269908
0.0883017928387803
0.0881154565575031
0.0879188396465906
0.0877115077654776
0.0874930069419318
0.0872628638836964
0.0870205866093603
0.0867656655035670
0.0864975749360646
0.0862157756308463
0.0859197180369038
0.0856088470437862
0.0852826085166187
0.0849404583178908
0.0845818747724446
0.0842063759813503
0.0838135441175002
0.0834030600813718
0.0829747541970672
0.0825286833686513
0.0820652565917707
0.0815854667399291
0.0814766404119688
0.0819558535497931
0.0824186873992167
0.0828641475297122
0.0832918258584167
0.0837016676969805
0.0840938456202483
0.0844686819426182
0.0848265977931340
0.0851680783142749
0.0854936482742093
0.0858038546959915
0.0860992543596666
0.0863804047641810
0.0866478575875964
0.0869021539748642
0.0871438211759892
0.0873733701895624
0.0875912941588888
0.0877980673333554
0.0879941444549212
0.0881799604639842
0.0883559304443317
0.0885224497458050
0.0886798942375815
0.0888286206557128
0.0889689670168519
0.0891012530763728
0.0892257808140730
0.0893428349342000
0.0894526833698441
0.0895555777836552
0.0896517540589629
0.0897414327765498
0.0898248196736623
0.0899021060824894
0.0899734693461881
0.0900390732109739
0.0900990681932959
0.0901535919213157
0.0902027694502924
0.0902467135515272
0.0902855249747901
0.0903192926841538
0.0903480940672476
0.0903719951180536
0.0903910505932899
0.0904053041425347
0.0904147884121577
0.0904195251231915
0.0904195251231915
0.0904147884121563
0.0904053041425347
0.0903910505932900
0.0903719951180536
0.0903480940672476
0.0903192926841540
0.0902855249747906
0.0902467135515272
0.0902027694502924
0.0901535919213157
0.0900990681932960
0.0900390732109747
0.0899734693461881
0.0899021060824895
0.0898248196736623
0.0897414327765498
0.0896517540589629
0.0895555777836552
0.0894526833698442
0.0893428349341985
0.0892257808140730
0.0891012530763728
0.0889689670168519
0.0888286206557134
0.0886798942375816
0.0885224497458051
0.0883559304443316
0.0881799604639842
0.0879941444549209
0.0877980673333554
0.0875912941588892
0.0873733701895624
0.0871438211759892
0.0869021539748643
0.0866478575875966
0.0863804047641810
0.0860992543596668
0.0858038546959916
0.0854936482742085
0.0851680783142755
0.0848265977931323
0.0844686819426182
0.0840938456202483
0.0837016676969819
0.0832918258584167
0.0828641475297122
0.0824186873992166
0.0819558535497931
0.0814766404119688
0.0813612784770042
0.0818398527952442
0.0823020318524412
0.0827468196340855
0.0831738090953264
0.0835829479617028
0.0839744119357436
0.0843485267809353
0.0847057171525499
0.0850464716416411
0.0853713182896588
0.0856808071580387
0.0859754977965847
0.0862559501895093
0.0865227182122711
0.0867763449246357
0.0870173592200648
0.0872462734844606
0.0874635820099590
0.0876697599754304
0.0878652628527058
0.0880505261321831
0.0882259652871511
0.0883919759150661
0.0885489340085434
0.0886971963195126
0.0888371007884595
0.0889689670168489
0.0890930967659361
0.0892097744688237
0.0893192677456582
0.0894218279142149
0.0895176904897817
0.0896070756698723
0.0896901888002445
0.0897672208195979
0.0898383486811676
0.0899037357496554
0.0899635321726977
0.0900178752260657
0.0900668896322992
0.0901106878524942
0.0901493703511431
0.0901830258340341
0.0902117314592871
0.0902355530216134
0.0902545451099113
0.0902687512383781
0.0902782039512010
0.0902829249009859
0.0902829249009858
0.0902782039512008
0.0902687512383781
0.0902545451099113
0.0902355530216134
0.0902117314592871
0.0901830258340341
0.0901493703511431
0.0901106878524941
0.0900668896322992
0.0900178752260645
0.0899635321726977
0.0899037357496554
0.0898383486811676
0.0897672208195979
0.0896901888002445
0.0896070756698723
0.0895176904897817
0.0894218279142148
0.0893192677456579
0.0892097744688237
0.0890930967659361
0.0889689670168504
0.0888371007884593
0.0886971963195126
0.0885489340085438
0.0883919759150664
0.0882259652871510
0.0880505261321840
0.0878652628527055
0.0876697599754304
0.0874635820099590
0.0872462734844600
0.0870173592200648
0.0867763449246357
0.0865227182122710
0.0862559501895093
0.0859754977965847
0.0856808071580390
0.0853713182896587
0.0850464716416414
0.0847057171525498
0.0843485267809356
0.0839744119357436
0.0835829479617033
0.0831738090953254
0.0827468196340852
0.0823020318524412
0.0818398527952439
0.0813612784770039
0.0812391549111447
0.0817170220738970
0.0821784784594456
0.0826225264579441
0.0830487602076541
0.0834571300659805
0.0838478151094925
0.0842211447991295
0.0845775475506957
0.0849175156144467
0.0852415804867120
0.0855502954174492
0.0858442228444031
0.0861239253243210
0.0863899589883020
0.0866428688426259
0.0868831854322235
0.0871114225175730
0.0873280755092087
0.0875336204701904
0.0877285135448107
0.0879131907064223
0.0880880677434059
0.0882535404210658
0.0884099847720894
0.0885577574788662
0.0886971963195136
0.0888286206557133
0.0889523319455536
0.0890686142683071
0.0891777348511113
0.0892799445898060
0.0893754785580137
0.0894645565000063
0.0895473833039401
0.0896241494529793
0.0896950314524102
0.0897601922315711
0.0898197815195136
0.0898739361939868
0.0899227806032833
0.0899664268607512
0.0900049751120621
0.0900385137750962
0.0900671197526923
0.0900908586183205
0.0901097847748391
0.0901239415865515
0.0901333614846020
0.0901380660459527
0.0901380660459535
0.0901333614846023
0.0901239415865515
0.0901097847748385
0.0900908586183205
0.0900671197526925
0.0900385137750962
0.0900049751120623
0.0899664268607506
0.0899227806032834
0.0898739361939868
0.0898197815195134
0.0897601922315711
0.0896950314524101
0.0896241494529791
0.0895473833039392
0.0894645565000072
0.0893754785580142
0.0892799445898060
0.0891777348511113
0.0890686142683069
0.0889523319455536
0.0888286206557133
0.0886971963195132
0.0885577574788662
0.0884099847720895
0.0882535404210658
0.0880880677434044
0.0879131907064223
0.0877285135448107
0.0875336204701918
0.0873280755092089
0.0871114225175730
0.0868831854322235
0.0866428688426257
0.0863899589883020
0.0861239253243217
0.0858442228444027
0.0855502954174492
0.0852415804867118
0.0849175156144468
0.0845775475506956
0.0842211447991296
0.0838478151094925
0.0834571300659803
0.0830487602076543
0.0826225264579441
0.0821784784594456
0.0817170220738970
0.0812391549111444
0.0811100309369005
0.0815871157229476
0.0820477749222911
0.0824910093381098
0.0829164144603209
0.0833239435190113
0.0837137792307409
0.0840862550173750
0.0844418032995514
0.0847809202020615
0.0851041408573067
0.0854120218487422
0.0857051286110271
0.0859840263479618
0.0862492734889254
0.0865014170006805
0.0867409890683778
0.0869685047941682
0.0871844606558621
0.0873893335347597
0.0875835801698013
0.0877676369305074
0.0879419198269567
0.0881068246945390
0.0882627275057109
0.0884099847720918
0.0885489340085439
0.0886798942375810
0.0888031665170895
0.0889190344785484
0.0890277648657012
0.0891296080661226
0.0892247986297370
0.0893135557700993
0.0893960838449444
0.0894725728137788
0.0895431986706231
0.0896081238508111
0.0896674976109164
0.0897214563813560
0.0897701240913808
0.0898136124663108
0.0898520212970205
0.0898854386817953
0.0899139412406730
0.0899375943024608
0.0899564520645939
0.0899705577260267
0.0899799435933485
0.0899846311602003
0.0899846311602001
0.0899799435933486
0.0899705577260267
0.0899564520645937
0.0899375943024608
0.0899139412406729
0.0898854386817953
0.0898520212970205
0.0898136124663108
0.0897701240913808
0.0897214563813555
0.0896674976109165
0.0896081238508111
0.0895431986706231
0.0894725728137787
0.0893960838449443
0.0893135557700973
0.0892247986297368
0.0891296080661226
0.0890277648657012
0.0889190344785486
0.0888031665170895
0.0886798942375810
0.0885489340085439
0.0884099847720916
0.0882627275057109
0.0881068246945390
0.0879419198269567
0.0877676369305062
0.0875835801698013
0.0873893335347597
0.0871844606558620
0.0869685047941679
0.0867409890683774
0.0865014170006810
0.0862492734889255
0.0859840263479618
0.0857051286110277
0.0854120218487418
0.0851041408573062
0.0847809202020614
0.0844418032995505
0.0840862550173751
0.0837137792307409
0.0833239435190113
0.0829164144603211
0.0824910093381098
0.0820477749222907
0.0815871157229470
0.0811100309369005
0.0809736547305377
0.0814498743039404
0.0819096544782446
0.0823519945027960
0.0827764914157095
0.0831831015866946
0.0835720116600906
0.0839435592981652
0.0842981811803613
0.0846363775245883
0.0849586872777002
0.0852656704933763
0.0855578956991696
0.0858359308035898
0.0861003365571239
0.0863516618789400
0.0865904405596866
0.0868171889859955
0.0870324046274340
0.0872365650933607
0.0874301276160732
0.0876135288518129
0.0877871849175337
0.0879514916007432
0.0881068246945403
0.0882535404210650
0.0883919759150684
0.0885224497458050
0.0886452624605755
0.0887606971369974
0.0888690199341613
0.0889704806352109
0.0890653131755975
0.0891537361528081
0.0892359533143834
0.0893121540218790
0.0893825136892538
0.0894471941944038
0.0895063442632610
0.0895600998259172
0.0896085843446155
0.0896519091135086
0.0896901735303435
0.0897234653400698
0.0897518608506937
0.0897754251215171
0.0897942121239961
0.0898082648754082
0.0898176155455813
0.0898222855367502
0.0898222855367502
0.0898176155455811
0.0898082648754082
0.0897942121239963
0.0897754251215171
0.0897518608506934
0.0897234653400698
0.0896901735303432
0.0896519091135087
0.0896085843446156
0.0895600998259172
0.0895063442632613
0.0894471941944038
0.0893825136892538
0.0893121540218786
0.0892359533143832
0.0891537361528081
0.0890653131755975
0.0889704806352107
0.0888690199341612
0.0887606971369976
0.0886452624605756
0.0885224497458050
0.0883919759150684
0.0882535404210649
0.0881068246945403
0.0879514916007432
0.0877871849175334
0.0876135288518129
0.0874301276160723
0.0872365650933607
0.0870324046274340
0.0868171889859956
0.0865904405596868
0.0863516618789400
0.0861003365571239
0.0858359308035902
0.0855578956991696
0.0852656704933756
0.0849586872777002
0.0846363775245883
0.0842981811803623
0.0839435592981642
0.0835720116600905
0.0831831015866946
0.0827764914157097
0.0823519945027944
0.0819096544782455
0.0814498743039404
0.0809736547305377
0.0808297611521435
0.0813050242478932
0.0817638354668916
0.0822051925688757
0.0826286943700709
0.0830343006769328
0.0834222023734937
0.0837927416587200
0.0841463597336642
0.0844835611290561
0.0848048887784801
0.0851109063301699
0.0854021854827982
0.0856792968853332
0.0859428036070572
0.0861932564842519
0.0864311908497960
0.0866571242886966
0.0868715551578752
0.0870749616764523
0.0872678014416718
0.0874505112613444
0.0876235072202594
0.0877871849175338
0.0879419198269567
0.0880880677434109
0.0882259652871508
0.0883559304443328
0.0884782631269908
0.0885932457399766
0.0887011437449588
0.0888022062142384
0.0888966663688679
0.0889847420968711
0.0890666364486236
0.0891425381071751
0.0892126218320562
0.0892770488754594
0.0893359673702963
0.0893895126896327
0.0894378077775294
0.0894809634511454
0.0895190786743723
0.0895522408031115
0.0895805258024237
0.0896039984358901
0.0896227124273123
0.0896367105950986
0.0896460249594811
0.0896506768227686
0.0896506768227686
0.0896460249594810
0.0896367105950988
0.0896227124273126
0.0896039984358901
0.0895805258024237
0.0895522408031099
0.0895190786743723
0.0894809634511440
0.0894378077775293
0.0893895126896327
0.0893359673702963
0.0892770488754594
0.0892126218320564
0.0891425381071751
0.0890666364486236
0.0889847420968711
0.0888966663688679
0.0888022062142385
0.0887011437449586
0.0885932457399766
0.0884782631269908
0.0883559304443328
0.0882259652871507
0.0880880677434109
0.0879419198269567
0.0877871849175338
0.0876235072202595
0.0874505112613444
0.0872678014416719
0.0870749616764518
0.0868715551578755
0.0866571242886971
0.0864311908497967
0.0861932564842519
0.0859428036070582
0.0856792968853333
0.0854021854827983
0.0851109063301699
0.0848048887784801
0.0844835611290559
0.0841463597336642
0.0837927416587200
0.0834222023734937
0.0830343006769329
0.0826286943700709
0.0822051925688757
0.0817638354668916
0.0813050242478932
0.0808297611521435
0.0806780715104802
0.0811522775230833
0.0816100209090298
0.0820502980418026
0.0824727097854740
0.0828772197151919
0.0832640232933356
0.0836334675690641
0.0839859985352765
0.0843221252531968
0.0846423948049023
0.0849473745396514
0.0852376393817348
0.0855137627279635
0.0857763099326303
0.0860258336802683
0.0862628707483464
0.0864879397995660
0.0867015399399962
0.0869041498475781
0.0870962273250600
0.0872782091675006
0.0874505112613427
0.0876135288518138
0.0877676369305074
0.0879131907064221
0.0880505261321844
0.0881799604639866
0.0883017928387848
0.0884163048562170
0.0885237611557250
0.0886244099817423
0.0887184837315819
0.0888061994821132
0.0888877594923470
0.0889633516798837
0.0890331500699298
0.0890973152158810
0.0891559945910322
0.0892093229511493
0.0892574226677965
0.0893004040326239
0.0893383655327086
0.0893713940972395
0.0893995653158403
0.0894229436288227
0.0894415824896230
0.0894555244997456
0.0894648015163979
0.0894694347330529
0.0894694347330525
0.0894648015163979
0.0894555244997456
0.0894415824896230
0.0894229436288227
0.0893995653158403
0.0893713940972395
0.0893383655327084
0.0893004040326239
0.0892574226677965
0.0892093229511493
0.0891559945910331
0.0890973152158812
0.0890331500699298
0.0889633516798837
0.0888877594923470
0.0888061994821133
0.0887184837315819
0.0886244099817424
0.0885237611557251
0.0884163048562170
0.0883017928387849
0.0881799604639866
0.0880505261321844
0.0879131907064221
0.0877676369305062
0.0876135288518137
0.0874505112613427
0.0872782091675006
0.0870962273250600
0.0869041498475785
0.0867015399399970
0.0864879397995660
0.0862628707483469
0.0860258336802681
0.0857763099326304
0.0855137627279628
0.0852376393817340
0.0849473745396513
0.0846423948049024
0.0843221252531976
0.0839859985352770
0.0836334675690638
0.0832640232933356
0.0828772197151919
0.0824727097854739
0.0820502980418026
0.0816100209090296
0.0811522775230832
0.0806780715104802
0.0805182933783903
0.0809913313391822
0.0814478981095255
0.0818869888290045
0.0823082067271736
0.0827115195200213
0.0830971276163004
0.0834653832460644
0.0838167374692885
0.0841517040889427
0.0844708344808532
0.0847746997769008
0.0850638781500095
0.0853389457160414
0.0856004700411066
0.0858490055481502
0.0860850903200802
0.0863092439357731
0.0865219660726808
0.0867237356789670
0.0869150105680506
0.0870962273250609
0.0872678014416708
0.0874301276160740
0.0875835801698013
0.0877285135448090
0.0878652628527064
0.0879941444549212
0.0881154565575023
0.0882294798083071
0.0883364778872986
0.0884366980830306
0.0885303718501743
0.0886177153443869
0.0886989299317953
0.0887742026712945
0.0888437067683731
0.0889076019997765
0.0889660351085390
0.0890191401692826
0.0890670389238200
0.0891098410872139
0.0891476446245884
0.0891805359989749
0.0892085903905416
0.0892318718875613
0.0892504336494092
0.0892643180419078
0.0892735567452492
0.0892781708347970
0.0892781708347970
0.0892735567452487
0.0892643180419078
0.0892504336494093
0.0892318718875618
0.0892085903905417
0.0891805359989754
0.0891476446245884
0.0891098410872139
0.0890670389238194
0.0890191401692827
0.0889660351085389
0.0889076019997763
0.0888437067683733
0.0887742026712942
0.0886989299317952
0.0886177153443873
0.0885303718501743
0.0884366980830306
0.0883364778872986
0.0882294798083071
0.0881154565575024
0.0879941444549212
0.0878652628527058
0.0877285135448091
0.0875835801698009
0.0874301276160740
0.0872678014416708
0.0870962273250609
0.0869150105680513
0.0867237356789670
0.0865219660726808
0.0863092439357731
0.0860850903200802
0.0858490055481502
0.0856004700411062
0.0853389457160414
0.0850638781500085
0.0847746997769008
0.0844708344808532
0.0841517040889427
0.0838167374692882
0.0834653832460642
0.0830971276163004
0.0827115195200202
0.0823082067271737
0.0818869888290055
0.0814478981095255
0.0809913313391822
0.0805182933783903
0.0803501204789023
0.0808218679055545
0.0812771382997665
0.0817149257812041
0.0821348363201098
0.0825368421919422
0.0829211491518975
0.0832881149580875
0.0836381960140169
0.0839719110629934
0.0842898158953734
0.0845924854732289
0.0848805011999791
0.0851544418356702
0.0854148770361787
0.0856623628030598
0.0858974383358863
0.0861206239199446
0.0863324195803268
0.0865333043036036
0.0867237356789677
0.0869041498475786
0.0870749616764529
0.0872365650933608
0.0873893335347597
0.0875336204701921
0.0876697599754310
0.0877980673333515
0.0879188396465911
0.0880323564500214
0.0881388803141097
0.0882386574323938
0.0883319181883328
0.0884188776979314
0.0884997363257094
0.0885746801723335
0.0886438815328523
0.0887074993249137
0.0887656794867205
0.0888185553446078
0.0888662479505060
0.0889088663894469
0.0889465080574502
0.0889792589102678
0.0890071936832404
0.0890303760827178
0.0890488589494124
0.0890626843939796
0.0890718839051335
0.0890764784305204
0.0890764784305207
0.0890718839051321
0.0890626843939803
0.0890488589494110
0.0890303760827181
0.0890071936832404
0.0889792589102683
0.0889465080574502
0.0889088663894470
0.0888662479505059
0.0888185553446071
0.0887656794867205
0.0887074993249137
0.0886438815328523
0.0885746801723334
0.0884997363257094
0.0884188776979313
0.0883319181883325
0.0882386574323939
0.0881388803141098
0.0880323564500214
0.0879188396465911
0.0877980673333520
0.0876697599754310
0.0875336204701918
0.0873893335347597
0.0872365650933608
0.0870749616764524
0.0869041498475786
0.0867237356789671
0.0865333043036036
0.0863324195803273
0.0861206239199447
0.0858974383358849
0.0856623628030606
0.0854148770361787
0.0851544418356702
0.0848805011999794
0.0845924854732289
0.0842898158953734
0.0839719110629934
0.0836381960140169
0.0832881149580875
0.0829211491518968
0.0825368421919422
0.0821348363201097
0.0817149257812039
0.0812771382997679
0.0808218679055546
0.0803501204789026
0.0801732326681525
0.0806435542670563
0.0810973963409386
0.0815337522810756
0.0819522312431512
0.0823528105344417
0.0827357016911504
0.0831012683611258
0.0834499725633540
0.0837823381588293
0.0840989254380740
0.0844003131950733
0.0846870859921749
0.0849598251005728
0.0852191020835306
0.0854654743008062
0.0856994818207533
0.0859216453687665
0.0861324650406547
0.0863324195803266
0.0865219660726804
0.0867015399399954
0.0868715551578752
0.0870324046274350
0.0871844606558610
0.0873280755092092
0.0874635820099614
0.0875912941588867
0.0877115077654763
0.0878245010754881
0.0879305353868945
0.0880298556479348
0.0881226910326644
0.0882092554907572
0.0882897482693336
0.0883643544053060
0.0884332451874111
0.0884965785874257
0.0885544996604384
0.0886071409142689
0.0886546226482450
0.0886970532617035
0.0887345295326444
0.0887671368669131
0.0887949495184013
0.0888180307806786
0.0888364331504190
0.0888501984630675
0.0888593580009347
0.0888639325740693
0.0888639325740693
0.0888593580009345
0.0888501984630675
0.0888364331504190
0.0888180307806786
0.0887949495184013
0.0887671368669131
0.0887345295326444
0.0886970532617035
0.0886546226482450
0.0886071409142689
0.0885544996604384
0.0884965785874257
0.0884332451874101
0.0883643544053060
0.0882897482693337
0.0882092554907572
0.0881226910326643
0.0880298556479352
0.0879305353868945
0.0878245010754882
0.0877115077654763
0.0875912941588867
0.0874635820099613
0.0873280755092092
0.0871844606558611
0.0870324046274346
0.0868715551578753
0.0867015399399962
0.0865219660726804
0.0863324195803252
0.0861324650406542
0.0859216453687662
0.0856994818207521
0.0854654743008062
0.0852191020835309
0.0849598251005730
0.0846870859921749
0.0844003131950728
0.0840989254380737
0.0837823381588293
0.0834499725633540
0.0831012683611258
0.0827357016911512
0.0823528105344417
0.0819522312431512
0.0815337522810756
0.0810973963409386
0.0806435542670563
0.0801732326681523
0.0799872960490391
0.0804560422477517
0.0809083105158218
0.0813430939054569
0.0817600052866954
0.0821590275330104
0.0825403784326105
0.0829044278954756
0.0832516438150957
0.0835825553143409
0.0838977272202295
0.0841977420992763
0.0844831875323303
0.0847546470957413
0.0850126940035510
0.0852578866804109
0.0854907657454820
0.0857118520320766
0.0859216453687662
0.0861206239199445
0.0863092439357709
0.0864879397995647
0.0866571242886968
0.0868171889859953
0.0869685047941677
0.0871114225175730
0.0872462734844626
0.0873733701895624
0.0874930069419308
0.0876054605069582
0.0877109907342379
0.0878098411653672
0.0879022396174134
0.0879883987390638
0.0880685165374715
0.0881427768745773
0.0882113499321339
0.0882743926452370
0.0883320491042483
0.0883844509253940
0.0884317175903547
0.0884739567552370
0.0885112645294823
0.0885437257251423
0.0885714140770189
0.0885943924341896
0.0886127129233037
0.0886264170840245
0.0886355359770072
0.0886400902646156
0.0886400902646142
0.0886355359770072
0.0886264170840241
0.0886127129233037
0.0885943924341896
0.0885714140770189
0.0885437257251423
0.0885112645294823
0.0884739567552370
0.0884317175903533
0.0883844509253940
0.0883320491042497
0.0882743926452370
0.0882113499321338
0.0881427768745773
0.0880685165374715
0.0879883987390636
0.0879022396174134
0.0878098411653672
0.0877109907342377
0.0876054605069582
0.0874930069419308
0.0873733701895624
0.0872462734844626
0.0871114225175730
0.0869685047941677
0.0868171889859952
0.0866571242886966
0.0864879397995645
0.0863092439357724
0.0861206239199446
0.0859216453687665
0.0857118520320781
0.0854907657454820
0.0852578866804109
0.0850126940035510
0.0847546470957413
0.0844831875323303
0.0841977420992762
0.0838977272202287
0.0835825553143409
0.0832516438150954
0.0829044278954759
0.0825403784326106
0.0821590275330104
0.0817600052866958
0.0813430939054569
0.0809083105158220
0.0804560422477517
0.0799872960490391
0.0797919632595582
0.0802589685426270
0.0807095024461209
0.0811425581962562
0.0815577530085049
0.0819550759281810
0.0823347515037912
0.0826971562840212
0.0830427642705967
0.0833721099428450
0.0836857626325986
0.0839843085388190
0.0842683380322804
0.0845384366973730
0.0847951790517861
0.0850391242043221
0.0852708129246395
0.0854907657454816
0.0856994818207557
0.0858974383358842
0.0860850903200810
0.0862628707483459
0.0864311908497953
0.0865904405596843
0.0867409890683789
0.0868831854322235
0.0870173592200660
0.0871438211759899
0.0872628638836964
0.0873747624219864
0.0874797750034781
0.0875781435910877
0.0876700944882953
0.0877558389005650
0.0878355734662412
0.0879094807557740
0.0879777297389167
0.0880404762196445
0.0880978632390021
0.0881500214461446
0.0881970694380643
0.0882391140684834
0.0882762507264750
0.0883085635853407
0.0883361258223433
0.0883589998097611
0.0883772372776869
0.0883908794491175
0.0883999571475199
0.0884044908773026
0.0884044908773026
0.0883999571475199
0.0883908794491175
0.0883772372776882
0.0883589998097615
0.0883361258223433
0.0883085635853403
0.0882762507264750
0.0882391140684834
0.0881970694380646
0.0881500214461444
0.0880978632390021
0.0880404762196445
0.0879777297389172
0.0879094807557741
0.0878355734662415
0.0877558389005646
0.0876700944882953
0.0875781435910877
0.0874797750034782
0.0873747624219864
0.0872628638836966
0.0871438211759897
0.0870173592200660
0.0868831854322235
0.0867409890683792
0.0865904405596843
0.0864311908497957
0.0862628707483459
0.0860850903200802
0.0858974383358843
0.0856994818207549
0.0854907657454816
0.0852708129246395
0.0850391242043224
0.0847951790517869
0.0845384366973733
0.0842683380322804
0.0839843085388190
0.0836857626325973
0.0833721099428450
0.0830427642705967
0.0826971562840204
0.0823347515037914
0.0819550759281809
0.0815577530085049
0.0811425581962564
0.0807095024461206
0.0802589685426259
0.0797919632595582
0.0795868739932568
0.0800519550098877
0.0805005771846292
0.0809317345877635
0.0813450495356267
0.0817405179324230
0.0821183716312718
0.0824789941895615
0.0828228659077751
0.0831505266442009
0.0834625501109913
0.0837595258936658
0.0840420468122998
0.0843107000492000
0.0845660609687160
0.0848086888791972
0.0850391242043215
0.0852578866804093
0.0854654743008076
0.0856623628030604
0.0858490055481474
0.0860258336802680
0.0861932564842524
0.0863516618789419
0.0865014170006826
0.0866428688426256
0.0867763449246357
0.0869021539748657
0.0870205866093593
0.0871319159995037
0.0872363985201704
0.0873342743733853
0.0874257681840080
0.0875110895651234
0.0875904336516402
0.0876639816013551
0.0877319010631587
0.0877943466124029
0.0878514601537091
0.0879033712916936
0.0879501976700438
0.0879920452797003
0.0880290087365709
0.0880611715295429
0.0880886062393207
0.0881113747285961
0.0881295283041218
0.0881431078510685
0.0881521439400568
0.0881566569071682
0.0881566569071682
0.0881521439400568
0.0881431078510685
0.0881295283041218
0.0881113747285968
0.0880886062393207
0.0880611715295428
0.0880290087365709
0.0879920452797002
0.0879501976700439
0.0879033712916936
0.0878514601537095
0.0877943466124030
0.0877319010631587
0.0876639816013551
0.0875904336516401
0.0875110895651241
0.0874257681840083
0.0873342743733853
0.0872363985201704
0.0871319159995037
0.0870205866093592
0.0869021539748657
0.0867763449246356
0.0866428688426256
0.0865014170006826
0.0863516618789423
0.0861932564842522
0.0860258336802680
0.0858490055481474
0.0856623628030596
0.0854654743008076
0.0852578866804097
0.0850391242043220
0.0848086888791958
0.0845660609687160
0.0843107000491991
0.0840420468122998
0.0837595258936657
0.0834625501109913
0.0831505266442008
0.0828228659077751
0.0824789941895617
0.0821183716312718
0.0817405179324230
0.0813450495356265
0.0809317345877635
0.0805005771846292
0.0800519550098876
0.0795868739932567
0.0793716558272767
0.0798346092336915
0.0802811235480493
0.0807101945549297
0.0811214505784170
0.0815148951604422
0.0818907680342520
0.0822494601121644
0.0825914581149346
0.0829173071994091
0.0832275852081856
0.0835228847298283
0.0838038005514622
0.0840709209040840
0.0843248214095407
0.0845660609687168
0.0847951790517869
0.0850126940035505
0.0852191020835318
0.0854148770361787
0.0856004700411062
0.0857763099326296
0.0859428036070582
0.0861003365571237
0.0862492734889255
0.0863899589883020
0.0865227182122711
0.0866478575875963
0.0867656655035656
0.0868764129894892
0.0869803543702907
0.0870777278955552
0.0871687563388931
0.0872536475656351
0.0873325950676957
0.0874057784650497
0.0874733639737163
0.0875355048404268
0.0875923417443780
0.0876440031666723
0.0876906057279897
0.0877322544952384
0.0877690432577797
0.0878010547739912
0.0878283609886882
0.0878510232220426
0.0878690923305173
0.0878826088402525
0.0878916030533200
0.0878960951270917
0.0878960951270924
0.0878916030533200
0.0878826088402525
0.0878690923305173
0.0878510232220426
0.0878283609886879
0.0878010547739915
0.0877690432577797
0.0877322544952385
0.0876906057279896
0.0876440031666723
0.0875923417443780
0.0875355048404268
0.0874733639737165
0.0874057784650507
0.0873325950676959
0.0872536475656351
0.0871687563388940
0.0870777278955552
0.0869803543702907
0.0868764129894893
0.0867656655035656
0.0866478575875964
0.0865227182122722
0.0863899589883020
0.0862492734889249
0.0861003365571237
0.0859428036070582
0.0857763099326294
0.0856004700411061
0.0854148770361787
0.0852191020835318
0.0850126940035506
0.0847951790517869
0.0845660609687168
0.0843248214095407
0.0840709209040840
0.0838038005514622
0.0835228847298283
0.0832275852081861
0.0829173071994099
0.0825914581149348
0.0822494601121638
0.0818907680342520
0.0815148951604421
0.0811214505784168
0.0807101945549294
0.0802811235480493
0.0798346092336915
0.0793716558272767
0.0791459254574941
0.0796065254500184
0.0800507147794287
0.0804774920710660
0.0808864927481316
0.0812777288705168
0.0816514486471820
0.0820080506410138
0.0823480280084664
0.0826719309796898
0.0829803411098880
0.0832738534292577
0.0835530640323297
0.0838185614797166
0.0840709209040837
0.0843107000492022
0.0845384366973713
0.0847546470957417
0.0849598251005750
0.0851544418356696
0.0853389457160423
0.0855137627279643
0.0856792968853345
0.0858359308035903
0.0859840263479631
0.0861239253243219
0.0862559501895107
0.0863804047641803
0.0864975749360661
0.0866077293449554
0.0867111200433458
0.0868079831285642
0.0868985393437463
0.0869829946459134
0.0870615407403634
0.0871343555809694
0.0872016038364917
0.0872634373232787
0.0873199954048197
0.0873714053588598
0.0874177827127382
0.0874592315477447
0.0874958447731269
0.0875277043705684
0.0875548816096898
0.0875774372352612
0.0875954216266188
0.0876088749297587
0.0876178271625599
0.0876222982933907
0.0876222982933907
0.0876178271625592
0.0876088749297587
0.0875954216266186
0.0875774372352611
0.0875548816096898
0.0875277043705684
0.0874958447731269
0.0874592315477447
0.0874177827127379
0.0873714053588600
0.0873199954048211
0.0872634373232787
0.0872016038364916
0.0871343555809692
0.0870615407403634
0.0869829946459135
0.0868985393437463
0.0868079831285643
0.0867111200433466
0.0866077293449561
0.0864975749360661
0.0863804047641803
0.0862559501895107
0.0861239253243226
0.0859840263479631
0.0858359308035903
0.0856792968853345
0.0855137627279642
0.0853389457160427
0.0851544418356696
0.0849598251005750
0.0847546470957417
0.0845384366973716
0.0843107000492021
0.0840709209040837
0.0838185614797169
0.0835530640323297
0.0832738534292577
0.0829803411098880
0.0826719309796887
0.0823480280084666
0.0820080506410137
0.0816514486471820
0.0812777288705168
0.0808864927481316
0.0804774920710661
0.0800507147794285
0.0796065254500184
0.0791459254574924
0.0789092904732287
0.0793672859603722
0.0798089096608437
0.0802331644968203
0.0806396943062593
0.0810285206549843
0.0813999008218479
0.0817542412237670
0.0820920413093000
0.0824138559548785
0.0827202697872310
0.0830118794889647
0.0832892815819466
0.0835530640323280
0.0838038005514622
0.0840420468122999
0.0842683380322805
0.0844831875323343
0.0846870859921745
0.0848805011999795
0.0850638781500085
0.0852376393817329
0.0854021854828001
0.0855578956991706
0.0857051286110270
0.0858442228444030
0.0859754977965850
0.0860992543596670
0.0862157756308474
0.0863253276017217
0.0864281598210014
0.0865245060270656
0.0866145847480326
0.0866985998680744
0.0867767411592717
0.0868491847789653
0.0869160937328212
0.0869776183040931
0.0870338964497184
0.0870850541639938
0.0871312058105971
0.0871724544237364
0.0872088919792302
0.0872405996362053
0.0872676479501411
0.0872900970578590
0.0873079968350268
0.0873213870266751
0.0873302973510822
0.0873347475774295
0.0873347475774296
0.0873302973510827
0.0873213870266752
0.0873079968350278
0.0872900970578590
0.0872676479501408
0.0872405996362053
0.0872088919792301
0.0871724544237364
0.0871312058105973
0.0870850541639938
0.0870338964497183
0.0869776183040931
0.0869160937328212
0.0868491847789653
0.0867767411592732
0.0866985998680729
0.0866145847480326
0.0865245060270665
0.0864281598210014
0.0863253276017217
0.0862157756308471
0.0860992543596680
0.0859754977965856
0.0858442228444038
0.0857051286110280
0.0855578956991709
0.0854021854828000
0.0852376393817330
0.0850638781500088
0.0848805011999791
0.0846870859921744
0.0844831875323343
0.0842683380322805
0.0840420468122998
0.0838038005514619
0.0835530640323276
0.0832892815819451
0.0830118794889648
0.0827202697872310
0.0824138559548770
0.0820920413093000
0.0817542412237670
0.0813999008218479
0.0810285206549843
0.0806396943062593
0.0802331644968202
0.0798089096608437
0.0793672859603722
0.0789092904732278
0.0786613518492664
0.0791164632018140
0.0795552542417891
0.0799767340705100
0.0803805565270543
0.0807667537777563
0.0811355927249948
0.0814874876873869
0.0818229440276467
0.0821425205630983
0.0824468040569255
0.0827363917659533
0.0830118794889655
0.0832738534292577
0.0835228847298272
0.0837595258936674
0.0839843085388189
0.0841977420992794
0.0844003131950728
0.0845924854732303
0.0847746997769019
0.0849473745396513
0.0851109063301699
0.0852656704933751
0.0854120218487411
0.0855502954174502
0.0856808071580390
0.0858038546959915
0.0859197180369032
0.0860286602561864
0.0861309281603780
0.0862267529169531
0.0863163506507437
0.0863999230058644
0.0864776576728788
0.0865497288811673
0.0866162978569769
0.0866775132477127
0.0867335115131672
0.0867844172845778
0.0868303436922212
0.0868713926624857
0.0869076551851559
0.0869392115516793
0.0869661315651189
0.0869884747224421
0.0870062903696865
0.0870196178305226
0.0870284865085838
0.0870329159639383
0.0870329159639387
0.0870284865085839
0.0870196178305227
0.0870062903696867
0.0869884747224421
0.0869661315651187
0.0869392115516793
0.0869076551851559
0.0868713926624868
0.0868303436922214
0.0867844172845778
0.0867335115131672
0.0866775132477121
0.0866162978569770
0.0865497288811673
0.0864776576728783
0.0863999230058647
0.0863163506507427
0.0862267529169528
0.0861309281603780
0.0860286602561854
0.0859197180369032
0.0858038546959914
0.0856808071580390
0.0855502954174496
0.0854120218487413
0.0852656704933751
0.0851109063301694
0.0849473745396513
0.0847746997769018
0.0845924854732298
0.0844003131950727
0.0841977420992794
0.0839843085388189
0.0837595258936675
0.0835228847298270
0.0832738534292579
0.0830118794889655
0.0827363917659533
0.0824468040569251
0.0821425205630978
0.0818229440276464
0.0814874876873878
0.0811355927249940
0.0807667537777564
0.0803805565270543
0.0799767340705100
0.0795552542417890
0.0791164632018143
0.0786613518492665
0.0784017073962703
0.0788536227040787
0.0792892844132091
0.0797077102402783
0.0801085659342420
0.0804918954457957
0.0808579757459140
0.0812072288498059
0.0815401653155937
0.0818573468160254
0.0821593609327182
0.0824468040569260
0.0827202697872295
0.0829803411098884
0.0832275852081875
0.0834625501109922
0.0836857626325973
0.0838977272202301
0.0840989254380729
0.0842898158953733
0.0844708344808526
0.0846423948049037
0.0848048887784809
0.0849586872777002
0.0851041408573066
0.0852415804867127
0.0853713182896581
0.0854936482742093
0.0856088470437835
0.0857171744826887
0.0858188744120142
0.0859141752131360
0.0860032904172514
0.0860864192601824
0.0861637472023352
0.0862354464139252
0.0863016762261189
0.0863625835486139
0.0864183032546006
0.0864689585338366
0.0865146612147562
0.0865555120564366
0.0865916010112650
0.0866230074590324
0.0866498004131711
0.0866720386998259
0.0866897711102309
0.0867030365269739
0.0867118640244777
0.0867162729441177
0.0867162729441177
0.0867118640244778
0.0867030365269740
0.0866897711102309
0.0866720386998259
0.0866498004131715
0.0866230074590325
0.0865916010112661
0.0865555120564360
0.0865146612147560
0.0864689585338364
0.0864183032545998
0.0863625835486139
0.0863016762261188
0.0862354464139249
0.0861637472023352
0.0860864192601824
0.0860032904172518
0.0859141752131360
0.0858188744120140
0.0857171744826887
0.0856088470437830
0.0854936482742093
0.0853713182896580
0.0852415804867127
0.0851041408573068
0.0849586872777002
0.0848048887784809
0.0846423948049037
0.0844708344808527
0.0842898158953733
0.0840989254380729
0.0838977272202301
0.0836857626325972
0.0834625501109922
0.0832275852081875
0.0829803411098881
0.0827202697872295
0.0824468040569266
0.0821593609327167
0.0818573468160253
0.0815401653155937
0.0812072288498059
0.0808579757459139
0.0804918954457956
0.0801085659342435
0.0797077102402783
0.0792892844132092
0.0788536227040787
0.0784017073962703
0.0781299565006690
0.0785783272537916
0.0790105296515476
0.0794255931845055
0.0798231977937746
0.0802034004381971
0.0805664883778731
0.0809128907201371
0.0812431220105002
0.0815577451789226
0.0818573468160256
0.0821425205630978
0.0824138559548764
0.0826719309796887
0.0829173071994107
0.0831505266442052
0.0833721099428456
0.0835825553143404
0.0837823381588298
0.0839719110629934
0.0841517040889427
0.0843221252531952
0.0844835611290558
0.0846363775245890
0.0847809202020614
0.0849175156144478
0.0850464716416411
0.0851680783142762
0.0852826085166187
0.0853903186628421
0.0854914493429423
0.0855862259358987
0.0856748591888622
0.0857575457617915
0.0858344687374845
0.0859057980973745
0.0859716911636497
0.0860322930084280
0.0860877368308173
0.0861381443027034
0.0861836258841697
0.0862242811093645
0.0862601988436429
0.0862914575127420
0.0863181253046807
0.0863402603450439
0.0863579108461351
0.0863711152305817
0.0863799022296967
0.0863842909569738
0.0863842909569738
0.0863799022296967
0.0863711152305816
0.0863579108461354
0.0863402603450439
0.0863181253046810
0.0862914575127420
0.0862601988436431
0.0862242811093645
0.0861836258841703
0.0861381443027034
0.0860877368308173
0.0860322930084280
0.0859716911636497
0.0859057980973745
0.0858344687374845
0.0857575457617901
0.0856748591888622
0.0855862259358981
0.0854914493429423
0.0853903186628420
0.0852826085166187
0.0851680783142765
0.0850464716416411
0.0849175156144478
0.0847809202020615
0.0846363775245890
0.0844835611290558
0.0843221252531953
0.0841517040889427
0.0839719110629934
0.0837823381588296
0.0835825553143405
0.0833721099428456
0.0831505266442052
0.0829173071994107
0.0826719309796887
0.0824138559548764
0.0821425205630978
0.0818573468160256
0.0815577451789226
0.0812431220105002
0.0809128907201371
0.0805664883778731
0.0802034004381971
0.0798231977937746
0.0794255931845055
0.0790105296515462
0.0785783272537911
0.0781299565006690
0.0778457066160911
0.0782901427171845
0.0787185183996327
0.0791298790306047
0.0795239214343182
0.0799007167302587
0.0802605622692215
0.0806038930279230
0.0809312256387448
0.0812431220105003
0.0815401653155947
0.0818229440276463
0.0820920413092999
0.0823480280084658
0.0825914581149348
0.0828228659077751
0.0830427642705967
0.0832516438150960
0.0834499725633539
0.0836381960140186
0.0838167374692916
0.0839859985352770
0.0841463597336639
0.0842981811803601
0.0844418032995507
0.0845775475506956
0.0847057171525486
0.0848265977931342
0.0849404583178922
0.0850475513909000
0.0851481141257750
0.0852423686841661
0.0853305228408219
0.0854127705147382
0.0854892922664598
0.0855602557619530
0.0856258162035793
0.0856861167289762
0.0857412887786171
0.0857914524329208
0.0858367167197451
0.0858771798931239
0.0859129296839862
0.0859440435236383
0.0859705887406784
0.0859926227319257
0.0860101931079204
0.0860233378134854
0.0860320852236708
0.0860364542154626
0.0860364542154628
0.0860320852236709
0.0860233378134855
0.0860101931079204
0.0859926227319257
0.0859705887406782
0.0859440435236383
0.0859129296839867
0.0858771798931238
0.0858367167197451
0.0857914524329207
0.0857412887786173
0.0856861167289753
0.0856258162035798
0.0855602557619514
0.0854892922664598
0.0854127705147382
0.0853305228408217
0.0852423686841663
0.0851481141257750
0.0850475513909000
0.0849404583178922
0.0848265977931342
0.0847057171525486
0.0845775475506956
0.0844418032995507
0.0842981811803613
0.0841463597336639
0.0839859985352770
0.0838167374692914
0.0836381960140172
0.0834499725633539
0.0832516438150960
0.0830427642705967
0.0828228659077758
0.0825914581149348
0.0823480280084662
0.0820920413092985
0.0818229440276463
0.0815401653155947
0.0812431220105003
0.0809312256387451
0.0806038930279232
0.0802605622692215
0.0799007167302586
0.0795239214343175
0.0791298790306047
0.0787185183996333
0.0782901427171845
0.0778457066160896
0.0775485821638172
0.0779886461720826
0.0784127857743541
0.0788200675454870
0.0792102082745869
0.0795832940944912
0.0799396315081736
0.0802796592001862
0.0806038930279241
0.0809128907201371
0.0812072288498066
0.0814874876873893
0.0817542412237669
0.0820080506410139
0.0822494601121638
0.0824789941895617
0.0826971562840204
0.0829044278954759
0.0831012683611263
0.0832881149580873
0.0834653832460644
0.0836334675690648
0.0837927416587187
0.0839435592981655
0.0840862550173749
0.0842211447991296
0.0843485267809356
0.0844686819426179
0.0845818747724445
0.0846883539069586
0.0847883527414884
0.0848820900093434
0.0849697703287266
0.0850515847169687
0.0851277110721457
0.0851983146224236
0.0852635483437002
0.0853235533462738
0.0853784592312415
0.0854283844174980
0.0854734364401060
0.0855137122207958
0.0855492983113860
0.0855802711108009
0.0856066970563022
0.0856286327895662
0.0856461252980381
0.0856592120320932
0.0856679209982864
0.0856722708290564
0.0856722708290564
0.0856679209982864
0.0856592120320932
0.0856461252980381
0.0856286327895661
0.0856066970563021
0.0855802711108009
0.0855492983113862
0.0855137122207954
0.0854734364401060
0.0854283844174980
0.0853784592312401
0.0853235533462738
0.0852635483437006
0.0851983146224236
0.0851277110721457
0.0850515847169687
0.0849697703287266
0.0848820900093434
0.0847883527414884
0.0846883539069588
0.0845818747724446
0.0844686819426179
0.0843485267809358
0.0842211447991296
0.0840862550173750
0.0839435592981655
0.0837927416587189
0.0836334675690641
0.0834653832460644
0.0832881149580875
0.0831012683611263
0.0829044278954759
0.0826971562840204
0.0824789941895618
0.0822494601121638
0.0820080506410139
0.0817542412237669
0.0814874876873893
0.0812072288498066
0.0809128907201371
0.0806038930279232
0.0802796592001862
0.0799396315081741
0.0795832940944912
0.0792102082745877
0.0788200675454870
0.0784127857743541
0.0779886461720826
0.0775485821638167
0.0772382368014848
0.0776734373137036
0.0780928846559139
0.0784956735134802
0.0788815439553543
0.0792505972330260
0.0796031468042444
0.0799396315081744
0.0802605622692227
0.0805664883778756
0.0808579757459156
0.0811355927249948
0.0813999008218487
0.0816514486471822
0.0818907680342533
0.0821183716312726
0.0823347515037923
0.0825403784326108
0.0827357016911511
0.0829211491518976
0.0830971276163004
0.0832640232933372
0.0834222023734935
0.0835720116600905
0.0837137792307410
0.0838478151094945
0.0839744119357433
0.0840938456202497
0.0842063759813499
0.0843122473568140
0.0844116891882250
0.0845049165760389
0.0845921308042149
0.0846735198339768
0.0847492587667014
0.0848195102761231
0.0848844250103902
0.0849441419645960
0.0849987888243533
0.0850484822812448
0.0850933283208192
0.0851334224838304
0.0851688501014397
0.0851996865049723
0.0852259972108781
0.0852478380813327
0.0852652554610701
0.0852782862907183
0.0852869581971210
0.0852912895607980
0.0852912895607980
0.0852869581971212
0.0852782862907183
0.0852652554610702
0.0852478380813326
0.0852259972108782
0.0851996865049723
0.0851688501014397
0.0851334224838304
0.0850933283208192
0.0850484822812448
0.0849987888243533
0.0849441419645961
0.0848844250103903
0.0848195102761219
0.0847492587667014
0.0846735198339768
0.0845921308042149
0.0845049165760389
0.0844116891882250
0.0843122473568139
0.0842063759813500
0.0840938456202497
0.0839744119357433
0.0838478151094945
0.0837137792307410
0.0835720116600906
0.0834222023734934
0.0832640232933372
0.0830971276163004
0.0829211491518977
0.0827357016911511
0.0825403784326108
0.0823347515037922
0.0821183716312729
0.0818907680342533
0.0816514486471820
0.0813999008218487
0.0811355927249937
0.0808579757459156
0.0805664883778741
0.0802605622692227
0.0799396315081744
0.0796031468042447
0.0792505972330260
0.0788815439553543
0.0784956735134799
0.0780928846559140
0.0776734373137045
0.0772382368014848
0.0769143705061835
0.0773441546198119
0.0777584018485294
0.0781562438044727
0.0785374468880130
0.0789021259812365
0.0792505972330261
0.0795832940944912
0.0799007167302585
0.0802034004381967
0.0804918954457957
0.0807667537777563
0.0810285206549841
0.0812777288705167
0.0815148951604433
0.0817405179324234
0.0819550759281809
0.0821590275330086
0.0823528105344417
0.0825368421919410
0.0827115195200202
0.0828772197151904
0.0830343006769329
0.0831831015866946
0.0833239435190113
0.0834571300659810
0.0835829479617028
0.0837016676969802
0.0838135441175002
0.0839188170007837
0.0840177116086575
0.0841104392132174
0.0841971975949714
0.0842781715125849
0.0843535331439063
0.0844234424984985
0.0844880478018451
0.0845474858517758
0.0846018823476251
0.0846513521926927
0.0846959997706527
0.0847359191965072
0.0847711945426464
0.0848019000406516
0.0848281002592520
0.0848498502590383
0.0848671957242007
0.0848801730718255
0.0848888095388901
0.0848931232473374
0.0848931232473374
0.0848888095388897
0.0848801730718257
0.0848671957242007
0.0848498502590383
0.0848281002592520
0.0848019000406516
0.0847711945426452
0.0847359191965064
0.0846959997706513
0.0846513521926927
0.0846018823476251
0.0845474858517758
0.0844880478018436
0.0844234424984985
0.0843535331439064
0.0842781715125848
0.0841971975949714
0.0841104392132174
0.0840177116086575
0.0839188170007837
0.0838135441175002
0.0837016676969802
0.0835829479617028
0.0834571300659814
0.0833239435190113
0.0831831015866946
0.0830343006769333
0.0828772197151904
0.0827115195200202
0.0825368421919410
0.0823528105344417
0.0821590275330086
0.0819550759281808
0.0817405179324234
0.0815148951604433
0.0812777288705167
0.0810285206549843
0.0807667537777563
0.0804918954457958
0.0802034004381967
0.0799007167302585
0.0795832940944912
0.0792505972330263
0.0789021259812365
0.0785374468880130
0.0781562438044727
0.0777584018485294
0.0773441546198104
0.0769143705061850
0.0765767537499601
0.0770004986876863
0.0774089821978011
0.0778013836330087
0.0781774972292992
0.0785374468880130
0.0788815439553527
0.0792102082745898
0.0795239214343184
0.0798231977937746
0.0801085659342420
0.0803805565270547
0.0806396943062608
0.0808864927481301
0.0811214505784168
0.0813450495356265
0.0815577530085052
0.0817600052866958
0.0819522312431511
0.0821348363201100
0.0823082067271754
0.0824727097854735
0.0826286943700704
0.0827764914157103
0.0829164144603214
0.0830487602076537
0.0831738090953266
0.0832918258584170
0.0834030600813718
0.0835077467331296
0.0836061066818883
0.0836983471870484
0.0837846623667327
0.0838652336399258
0.0839402301427403
0.0840098091186024
0.0840741162824537
0.0841332861592510
0.0841874423970120
0.0842366980549773
0.0842811558672306
0.0843209084823387
0.0843560386794618
0.0843866195614142
0.0844127147250714
0.0844343784095931
0.0844516556227494
0.0844645822457211
0.0844731851166090
0.0844774820928724
0.0844774820928729
0.0844731851166090
0.0844645822457215
0.0844516556227489
0.0844343784095930
0.0844127147250715
0.0843866195614142
0.0843560386794618
0.0843209084823387
0.0842811558672306
0.0842366980549773
0.0841874423970120
0.0841332861592510
0.0840741162824544
0.0840098091186022
0.0839402301427403
0.0838652336399258
0.0837846623667328
0.0836983471870484
0.0836061066818883
0.0835077467331298
0.0834030600813718
0.0832918258584170
0.0831738090953266
0.0830487602076537
0.0829164144603214
0.0827764914157106
0.0826286943700705
0.0824727097854731
0.0823082067271754
0.0821348363201103
0.0819522312431511
0.0817600052866958
0.0815577530085052
0.0813450495356265
0.0811214505784168
0.0808864927481301
0.0806396943062594
0.0803805565270547
0.0801085659342420
0.0798231977937752
0.0795239214343182
0.0792102082745898
0.0788815439553527
0.0785374468880130
0.0781774972292999
0.0778013836330090
0.0774089821978021
0.0770004986876863
0.0765767537499601
0.0762252625832905
0.0766422669801103
0.0770443660450810
0.0774307985954242
0.0778013836330091
0.0781562438044719
0.0784956735134794
0.0788200675454868
0.0791298790306048
0.0794255931845058
0.0797077102402783
0.0799767340705076
0.0802331644968202
0.0804774920710656
0.0807101945549311
0.0809317345877635
0.0811425581962578
0.0813430939054573
0.0815337522810761
0.0817149257812032
0.0818869888290031
0.0820502980418029
0.0822051925688758
0.0823519945027942
0.0824910093381089
0.0826225264579440
0.0827468196340850
0.0828641475297132
0.0829747541970672
0.0830788695640010
0.0831767099054071
0.0832684782964057
0.0833543650452085
0.0834345481043032
0.0835091934590125
0.0835784554929026
0.0836424773299085
0.0837013911530422
0.0837553184998765
0.0838043705350190
0.0838486482998669
0.0838882429399694
0.0839232359103422
0.0839536991591110
0.0839796952897804
0.0840012777024792
0.0840184907144680
0.0840313696601349
0.0840399409707409
0.0840442222340520
0.0840442222340520
0.0840399409707394
0.0840313696601349
0.0840184907144680
0.0840012777024778
0.0839796952897804
0.0839536991591110
0.0839232359103422
0.0838882429399694
0.0838486482998669
0.0838043705350190
0.0837553184998767
0.0837013911530419
0.0836424773299087
0.0835784554929026
0.0835091934590121
0.0834345481043029
0.0833543650452085
0.0832684782964057
0.0831767099054064
0.0830788695640008
0.0829747541970672
0.0828641475297132
0.0827468196340852
0.0826225264579439
0.0824910093381081
0.0823519945027942
0.0822051925688759
0.0820502980418029
0.0818869888290031
0.0817149257812032
0.0815337522810761
0.0813430939054573
0.0811425581962564
0.0809317345877637
0.0807101945549311
0.0804774920710656
0.0802331644968203
0.0799767340705081
0.0797077102402783
0.0794255931845058
0.0791298790306047
0.0788200675454868
0.0784956735134794
0.0781562438044719
0.0778013836330091
0.0774307985954241
0.0770443660450809
0.0766422669801104
0.0762252625832905
0.0758599316124403
0.0762694083826970
0.0766644513417315
0.0770443660450820
0.0774089821978020
0.0777584018485295
0.0780928846559132
0.0784127857743557
0.0787185183996332
0.0790105296515476
0.0792892844132095
0.0795552542417891
0.0798089096608451
0.0800507147794287
0.0802811235480479
0.0805005771846300
0.0807095024461206
0.0809083105158201
0.0810973963409392
0.0812771382997664
0.0814478981095254
0.0816100209090293
0.0817638354668899
0.0819096544782446
0.0820477749222908
0.0821784784594457
0.0823020318524416
0.0824186873992167
0.0825286833686523
0.0826322444323396
0.0827295820873529
0.0828208950662101
0.0829063697313764
0.0829861804522306
0.0830604899632616
0.0831294497024037
0.0831932001290677
0.0832518710214206
0.0833055817528315
0.0833544415474638
0.0833985497150718
0.0834379958651957
0.0834728601009305
0.0835032131924802
0.0835291167307357
0.0835506232611099
0.0835677763978055
0.0835806109187441
0.0835891528412767
0.0835934194788883
0.0835934194788869
0.0835891528412763
0.0835806109187440
0.0835677763978055
0.0835506232611099
0.0835291167307343
0.0835032131924790
0.0834728601009305
0.0834379958651957
0.0833985497150708
0.0833544415474637
0.0833055817528315
0.0832518710214206
0.0831932001290677
0.0831294497024039
0.0830604899632616
0.0829861804522306
0.0829063697313757
0.0828208950662101
0.0827295820873529
0.0826322444323400
0.0825286833686523
0.0824186873992190
0.0823020318524421
0.0821784784594457
0.0820477749222908
0.0819096544782446
0.0817638354668897
0.0816100209090296
0.0814478981095254
0.0812771382997660
0.0810973963409392
0.0809083105158201
0.0807095024461206
0.0805005771846300
0.0802811235480479
0.0800507147794287
0.0798089096608453
0.0795552542417890
0.0792892844132095
0.0790105296515476
0.0787185183996347
0.0784127857743557
0.0780928846559137
0.0777584018485295
0.0774089821978011
0.0770443660450820
0.0766644513417315
0.0762694083826956
0.0758599316124408
0.0754810395542111
0.0758821179028895
0.0762694083826956
0.0766422669801104
0.0770004986876865
0.0773441546198120
0.0776734373137024
0.0779886461720825
0.0782901427171853
0.0785783272537916
0.0788536227040788
0.0791164632018132
0.0793672859603722
0.0796065254500188
0.0798346092336915
0.0800519550098895
0.0802589685426270
0.0804560422477531
0.0806435542670566
0.0808218679055546
0.0809913313391822
0.0811522775230832
0.0813050242478932
0.0814498743039410
0.0815871157229476
0.0817170220738949
0.0818398527952432
0.0819558535497930
0.0820652565917714
0.0821682811380868
0.0822651337376614
0.0823560086341599
0.0824410881186596
0.0825205428695898
0.0825945322779998
0.0826632047567704
0.0827266980326981
0.0827851394208538
0.0828386460806167
0.0828873252532623
0.0829312744808479
0.0829705818063636
0.0830053259552728
0.0830355764983669
0.0830613939961334
0.0830828301247625
0.0830999277838112
0.0831127211857921
0.0831212359276470
0.0831254890443004
0.0831254890443004
0.0831212359276472
0.0831127211857907
0.0830999277838112
0.0830828301247624
0.0830613939961334
0.0830355764983669
0.0830053259552728
0.0829705818063636
0.0829312744808479
0.0828873252532623
0.0828386460806167
0.0827851394208540
0.0827266980326981
0.0826632047567704
0.0825945322780010
0.0825205428695896
0.0824410881186596
0.0823560086341599
0.0822651337376614
0.0821682811380868
0.0820652565917714
0.0819558535497930
0.0818398527952431
0.0817170220738949
0.0815871157229490
0.0814498743039410
0.0813050242478932
0.0811522775230832
0.0809913313391822
0.0808218679055546
0.0806435542670564
0.0804560422477531
0.0802589685426259
0.0800519550098895
0.0798346092336915
0.0796065254500189
0.0793672859603722
0.0791164632018137
0.0788536227040788
0.0785783272537916
0.0782901427171848
0.0779886461720825
0.0776734373137024
0.0773441546198119
0.0770004986876865
0.0766422669801104
0.0762694083826956
0.0758821179028892
0.0754810395542109
0.0750892662955247
0.0754810395542108
0.0758599316124401
0.0762252625832893
0.0765767537499601
0.0769143705061828
0.0772382368014848
0.0775485821638173
0.0778457066160917
0.0781299565006693
0.0784017073962703
0.0786613518492674
0.0789092904732277
0.0791459254574939
0.0793716558272781
0.0795868739932568
0.0797919632595582
0.0799872960490394
0.0801732326681513
0.0803501204789024
0.0805182933783903
0.0806780715104798
0.0808297611521437
0.0809736547305386
0.0811100309369004
0.0812391549111447
0.0813612784770042
0.0814766404119688
0.0815854667399291
0.0816879710369998
0.0817843547432973
0.0818748074749345
0.0819595073318281
0.0820386211980256
0.0821123050319067
0.0821807041443085
0.0822439534631176
0.0823021777832232
0.0823554920010145
0.0824040013328734
0.0824478015172597
0.0824869790001098
0.0825216111034054
0.0825517661768203
0.0825775037324183
0.0825988745623647
0.0826159208397664
0.0826286762025450
0.0826371658205333
0.0826414064457192
0.0826414064457195
0.0826371658205333
0.0826286762025450
0.0826159208397665
0.0825988745623647
0.0825775037324183
0.0825517661768202
0.0825216111034048
0.0824869790001098
0.0824478015172597
0.0824040013328727
0.0823554920010145
0.0823021777832232
0.0822439534631176
0.0821807041443076
0.0821123050319067
0.0820386211980253
0.0819595073318286
0.0818748074749345
0.0817843547432973
0.0816879710369999
0.0815854667399291
0.0814766404119688
0.0813612784770042
0.0812391549111447
0.0811100309369005
0.0809736547305386
0.0808297611521435
0.0806780715104797
0.0805182933783899
0.0803501204789026
0.0801732326681513
0.0799872960490391
0.0797919632595582
0.0795868739932567
0.0793716558272786
0.0791459254574939
0.0789092904732276
0.0786613518492673
0.0784017073962703
0.0781299565006692
0.0778457066160917
0.0775485821638172
0.0772382368014848
0.0769143705061813
0.0765767537499601
0.0762252625832892
0.0758599316124401
0.0754810395542108
0.0750892662955247
0.7977309223704228
0.7981512624035719
0.7986215860417265
0.7991312749470869
0.7996711417705119
0.8002331625365562
0.8008103326832063
0.8013965613150862
0.8019865808057285
0.8025758647490784
0.8031605520787657
0.8037373767167201
0.8043036025693827
0.8048569637714781
0.8053956100422254
0.8059180569607903
0.8064231408934667
0.8069099783303285
0.8073779292626586
0.8078265643305643
0.8082556354082061
0.8086650493261313
0.8090548444409976
0.8094251697807093
0.8097762665119663
0.8101084514967526
0.8104221027234119
0.8107176464174365
0.8109955456540505
0.8112562903117925
0.8115003882224696
0.8117283573857866
0.8119407191317876
0.8121379921249169
0.8123206871156046
0.8124893023541897
0.8126443195920230
0.8127862006020556
0.8129153841590316
0.8130322834260225
0.8131372837001015
0.8132307404756978
0.8133129777886594
0.8133842868097312
0.8134449246588926
0.8134951134173580
0.8135350393165702
0.8135648520872806
0.8135846644550794
0.8135945517712591
0.8135945517712619
0.8135846644550794
0.8135648520872806
0.8135350393165702
0.8134951134173580
0.8134449246588926
0.8133842868097255
0.8133129777886594
0.8132307404756978
0.8131372837001015
0.8130322834260225
0.8129153841590321
0.8127862006020556
0.8126443195920230
0.8124893023541897
0.8123206871156046
0.8121379921249170
0.8119407191317876
0.8117283573857866
0.8115003882224696
0.8112562903117924
0.8109955456540505
0.8107176464174365
0.8104221027234119
0.8101084514967534
0.8097762665119663
0.8094251697807093
0.8090548444409995
0.8086650493261313
0.8082556354082061
0.8078265643305643
0.8073779292626586
0.8069099783303285
0.8064231408934665
0.8059180569607903
0.8053956100422254
0.8048569637714781
0.8043036025693827
0.8037373767167173
0.8031605520787654
0.8025758647490784
0.8019865808057285
0.8013965613150865
0.8008103326832043
0.8002331625365562
0.7996711417705119
0.7991312749470876
0.7986215860417266
0.7981512624035719
0.7977309223704228
0.7981512624035721
0.7986798788237806
0.7992560886025010
0.7998684066084353
0.8005071956535164
0.8011641710765073
0.8018321843283459
0.8025050823540671
0.8031775955788307
0.8038452406364279
0.8045042330922707
0.8051514083103900
0.8057841495676205
0.8064003229081013
0.8069982182213130
0.8075764961536089
0.8081341404020957
0.8086704149626652
0.8091848259098885
0.8096770873018336
0.8101470908231142
0.8105948788033931
0.8110206202744614
0.8114245897555514
0.8118071484825536
0.8121687278228887
0.8125098146407509
0.8128309384012610
0.8131326598223352
0.8134155609020537
0.8136802361681876
0.8139272850110179
0.8141573049763869
0.8143708859083626
0.8145686048432189
0.8147510215668264
0.8149186747574502
0.8150720786443204
0.8152117201210337
0.8153380562582045
0.8154515121684469
0.8155524791800483
0.8156413132832909
0.8157183338162178
0.8157838223620056
0.8158380218338381
0.8158811357266529
0.8159133275188358
0.8159347202096944
0.8159453959821729
0.8159453959821727
0.8159347202096944
0.8159133275188358
0.8158811357266634
0.8158380218338380
0.8157838223620056
0.8157183338162178
0.8156413132832909
0.8155524791800483
0.8154515121684471
0.8153380562582045
0.8152117201210336
0.8150720786443207
0.8149186747574502
0.8147510215668264
0.8145686048432205
0.8143708859083626
0.8141573049763868
0.8139272850110179
0.8136802361681879
0.8134155609020536
0.8131326598223356
0.8128309384012611
0.8125098146407509
0.8121687278228887
0.8118071484825533
0.8114245897555474
0.8110206202744615
0.8105948788033929
0.8101470908231142
0.8096770873018336
0.8091848259098885
0.8086704149626648
0.8081341404020957
0.8075764961536089
0.8069982182213130
0.8064003229081013
0.8057841495676205
0.8051514083103898
0.8045042330922707
0.8038452406364281
0.8031775955788302
0.8025050823540671
0.8018321843283461
0.8011641710765073
0.8005071956535158
0.7998684066084355
0.7992560886025010
0.7986798788237806
0.7981512624035721
0.7986215860417263
0.7992560886024997
0.7999364705985452
0.8006501097151454
0.8013867325784080
0.8021376949666611
0.8028956529222119
0.8036543643967423
0.8044085440349141
0.8051537447132019
0.8058862556670017
0.8066030128273646
0.8073015190712698
0.8079797730842853
0.8086362058581681
0.8092696240520386
0.8098791595412774
0.8104642245462328
0.8110244717833566
0.8115597591292874
0.8120701183300937
0.8125557273296625
0.8130168858304677
0.8134539937356008
0.8138675321562655
0.8142580467001510
0.8146261327848596
0.8149724227481863
0.8152975745501293
0.8156022618842920
0.8158871655352334
0.8161529658370127
0.8164003361031860
0.8166299369134480
0.8168424111548493
0.8170383797262232
0.8172184378262338
0.8173831517529325
0.8175330561520452
0.8176686516583016
0.8177904028807379
0.8178987366885744
0.8179940407603955
0.8180766623634209
0.8181469073342470
0.8182050392373863
0.8182512786803010
0.8182858027676326
0.8183087446814769
0.8183201933753875
0.8183201933753875
0.8183087446814775
0.8182858027676326
0.8182512786803012
0.8182050392373863
0.8181469073342470
0.8180766623634209
0.8179940407603948
0.8178987366885744
0.8177904028807379
0.8176686516583017
0.8175330561520452
0.8173831517529327
0.8172184378262338
0.8170383797262231
0.8168424111548493
0.8166299369134481
0.8164003361031860
0.8161529658370127
0.8158871655352334
0.8156022618842917
0.8152975745501297
0.8149724227481860
0.8146261327848593
0.8142580467001510
0.8138675321562655
0.8134539937356002
0.8130168858304677
0.8125557273296635
0.8120701183300940
0.8115597591292874
0.8110244717833566
0.8104642245462328
0.8098791595412774
0.8092696240520388
0.8086362058581681
0.8079797730842849
0.8073015190712698
0.8066030128273646
0.8058862556670013
0.8051537447132019
0.8044085440349141
0.8036543643967431
0.8028956529222111
0.8021376949666618
0.8013867325784079
0.8006501097151449
0.7999364705985453
0.7992560886024997
0.7986215860417264
0.7991312749470870
0.7998684066084389
0.8006501097151476
0.8014626507918696
0.8022950326502796
0.8031381652771263
0.8039844456974482
0.8048274989620234
0.8056619938551293
0.8064834986341193
0.8072883614395434
0.8080736080294899
0.8088368528533304
0.8095762210702885
0.8102902798855652
0.8109779779840900
0.8116385920788844
0.8122716797461064
0.8128770378279001
0.8134546657724897
0.8140047333517385
0.8145275522585461
0.8150235511420058
0.8154932536854909
0.8159372593769766
0.8163562266597422
0.8167508581857400
0.8171218879253112
0.8174700699145991
0.8177961684466005
0.8181009495332540
0.8183851734867620
0.8186495884840788
0.8188949249954935
0.8191218909707380
0.8193311676892064
0.8195234061912344
0.8196992242169169
0.8198592035884565
0.8200038879782257
0.8201337810136067
0.8202493446738343
0.8203509979408233
0.8204391156710237
0.8205140276590868
0.8205760178689960
0.8206253238116616
0.8206621360516215
0.8206865978290268
0.8206988047853914
0.8206988047853914
0.8206865978290248
0.8206621360516211
0.8206253238116614
0.8205760178689957
0.8205140276590868
0.8204391156710237
0.8203509979408221
0.8202493446738343
0.8201337810136067
0.8200038879782255
0.8198592035884567
0.8196992242169169
0.8195234061912346
0.8193311676892068
0.8191218909707375
0.8188949249954935
0.8186495884840788
0.8183851734867623
0.8181009495332540
0.8177961684466016
0.8174700699145990
0.8171218879253157
0.8167508581857402
0.8163562266597422
0.8159372593769774
0.8154932536854909
0.8150235511420058
0.8145275522585461
0.8140047333517385
0.8134546657724896
0.8128770378278904
0.8122716797461064
0.8116385920788844
0.8109779779840900
0.8102902798855653
0.8095762210702884
0.8088368528533304
0.8080736080294898
0.8072883614395434
0.8064834986341196
0.8056619938551298
0.8048274989620234
0.8039844456974482
0.8031381652771263
0.8022950326502796
0.8014626507918702
0.8006501097151476
0.7998684066084389
0.7991312749470872
0.7996711417705119
0.8005071956535155
0.8013867325784089
0.8022950326502796
0.8032203816482979
0.8041532050088804
0.8050855937638024
0.8060109978518196
0.8069240055884240
0.8078201730103336
0.8086958852509422
0.8095482403931624
0.8103749503057137
0.8111742550215565
0.8119448483167181
0.8126858127762162
0.8133965630154534
0.8140767959777868
0.8147264474062011
0.8153456537201293
0.8159347186341900
0.8164940839420792
0.8170243039604678
0.8175260231914101
0.8179999568139915
0.8184468736633332
0.8188675813959815
0.8192629135762726
0.8196337184494592
0.8199808491960865
0.8203051554849377
0.8206074761648680
0.8208886329535177
0.8211494249985956
0.8213906242010232
0.8216129712038777
0.8218171719605176
0.8220038948076085
0.8221737679761041
0.8223273774823424
0.8224652653481248
0.8225879281052465
0.8226958155452487
0.8227893296812295
0.8228688238918651
0.8229346022235140
0.8229869188287093
0.8230259775239129
0.8230519314523426
0.8230648828405523
0.8230648828405523
0.8230519314523423
0.8230259775239129
0.8229869188287093
0.8229346022235140
0.8228688238918643
0.8227893296812295
0.8226958155452487
0.8225879281052465
0.8224652653481261
0.8223273774823424
0.8221737679761041
0.8220038948076085
0.8218171719605176
0.8216129712038790
0.8213906242010232
0.8211494249985959
0.8208886329535177
0.8206074761648668
0.8203051554849377
0.8199808491960860
0.8196337184494592
0.8192629135762705
0.8188675813959815
0.8184468736633330
0.8179999568139904
0.8175260231914102
0.8170243039604678
0.8164940839420792
0.8159347186341900
0.8153456537201293
0.8147264474062011
0.8140767959777868
0.8133965630154534
0.8126858127762162
0.8119448483167178
0.8111742550215567
0.8103749503057137
0.8095482403931531
0.8086958852509422
0.8078201730103336
0.8069240055884190
0.8060109978518196
0.8050855937638024
0.8041532050088804
0.8032203816482945
0.8022950326502796
0.8013867325784089
0.8005071956535155
0.7996711417705119
0.8002331625365504
0.8011641710765124
0.8021376949666613
0.8031381652771263
0.8041532050088809
0.8051727572165340
0.8061885847934616
0.8071939324307930
0.8081832774655311
0.8091521358844113
0.8100969054838132
0.8110147357771799
0.8119034182097012
0.8127612924420889
0.8135871657464794
0.8143802433366835
0.8151400679577981
0.8158664673974754
0.8165595088241644
0.8172194590375402
0.8178467498554031
0.8184419479754317
0.8190057287391409
0.8195388533051028
0.8200421488004400
0.8205164910774922
0.8209627897478243
0.8213819752085392
0.8217749874104522
0.8221427661485566
0.8224862426831774
0.8228063325220992
0.8231039292163469
0.8233798990388312
0.8236350764315145
0.8238702601211253
0.8240862098142598
0.8242836433952392
0.8244632345580443
0.8246256108133017
0.8247713518175660
0.8249009879800703
0.8250149993066986
0.8251138144475709
0.8251978099181820
0.8252673094691407
0.8253225835832598
0.8253638490823052
0.8253912688289593
0.8254049515129158
0.8254049515129158
0.8253912688289593
0.8253638490823052
0.8253225835832602
0.8252673094691406
0.8251978099181826
0.8251138144475709
0.8250149993066986
0.8249009879800703
0.8247713518175663
0.8246256108133017
0.8244632345580436
0.8242836433952394
0.8240862098142611
0.8238702601211253
0.8236350764315145
0.8233798990388311
0.8231039292163469
0.8228063325220992
0.8224862426831767
0.8221427661485569
0.8217749874104507
0.8213819752085388
0.8209627897478243
0.8205164910774922
0.8200421488004400
0.8195388533051028
0.8190057287391410
0.8184419479754317
0.8178467498554025
0.8172194590375401
0.8165595088241644
0.8158664673974754
0.8151400679577981
0.8143802433366860
0.8135871657464798
0.8127612924420886
0.8119034182096942
0.8110147357771800
0.8100969054838135
0.8091521358844113
0.8081832774655308
0.8071939324307930
0.8061885847934616
0.8051727572165340
0.8041532050088809
0.8031381652771263
0.8021376949666613
0.8011641710765124
0.8002331625365535
0.8008103326832048
0.8018321843283464
0.8028956529222095
0.8039844456974486
0.8050855937637967
0.8061885847934616
0.8072848526263334
0.8083674209204966
0.8094306338672892
0.8104699435668241
0.8114817373538641
0.8124631948107225
0.8134121677132398
0.8143270782312346
0.8152068319978402
0.8160507435046498
0.8168584718484021
0.8176299652576224
0.8183654131186415
0.8190652044425301
0.8197298918858469
0.8203601605732116
0.8209568010828540
0.8215206860451926
0.8220527498821626
0.8225539712787936
0.8230253580327012
0.8234679339741537
0.8238827276890882
0.8242707628116747
0.8246330496827858
0.8249705781969057
0.8252843116815710
0.8255751816733439
0.8258440834714903
0.8260918723646030
0.8263193604393306
0.8265273138908142
0.8267164507651504
0.8268874390726249
0.8270408952184003
0.8271773827038568
0.8272974110589489
0.8274014349699371
0.8274898535729247
0.8275630098873221
0.8276211903683228
0.8276646245597147
0.8276934848330852
0.8277078862018502
0.8277078862018502
0.8276934848330852
0.8276646245597142
0.8276211903683232
0.8275630098873221
0.8274898535729239
0.8274014349699377
0.8272974110589489
0.8271773827038575
0.8270408952184015
0.8268874390726249
0.8267164507651504
0.8265273138908142
0.8263193604393306
0.8260918723646030
0.8258440834714901
0.8255751816733433
0.8252843116815712
0.8249705781969057
0.8246330496827858
0.8242707628116747
0.8238827276890879
0.8234679339741531
0.8230253580327012
0.8225539712787936
0.8220527498821635
0.8215206860451916
0.8209568010828528
0.8203601605732118
0.8197298918858469
0.8190652044425298
0.8183654131186419
0.8176299652576268
0.8168584718484022
0.8160507435046498
0.8152068319978399
0.8143270782312344
0.8134121677132390
0.8124631948107224
0.8114817373538652
0.8104699435668241
0.8094306338672892
0.8083674209204966
0.8072848526263334
0.8061885847934613
0.8050855937637967
0.8039844456974486
0.8028956529222095
0.8018321843283464
0.8008103326832066
0.8013965613150860
0.8025050823540677
0.8036543643967425
0.8048274989620232
0.8060109978518188
0.8071939324307932
0.8083674209204926
0.8095242625716129
0.8106586553273049
0.8117659694646463
0.8128425621354544
0.8138856232454555
0.8148930460709505
0.8158633178213118
0.8167954265438031
0.8176887815887841
0.8185431454394584
0.8193585751415735
0.8201353718930388
0.8208740376033535
0.8215752374298222
0.8222397674547093
0.8228685267945246
0.8234624935385514
0.8240227039997248
0.8245502348340978
0.8250461876469816
0.8255116757552154
0.8259478128195358
0.8263557030993017
0.8267364331136261
0.8270910645218339
0.8274206280594915
0.8277261183880701
0.8280084897335566
0.8282686522057956
0.8285074687041131
0.8287257523258676
0.8289242642066941
0.8291037117285568
0.8292647470418970
0.8294079658534332
0.8295339064383923
0.8296430488424520
0.8297358142417353
0.8298125644355739
0.8298736014498156
0.8299191672328210
0.8299494434291470
0.8299645512196835
0.8299645512196835
0.8299494434291462
0.8299191672328210
0.8298736014498156
0.8298125644355739
0.8297358142417353
0.8296430488424518
0.8295339064383923
0.8294079658534332
0.8292647470418970
0.8291037117285568
0.8289242642066903
0.8287257523258676
0.8285074687041131
0.8282686522057956
0.8280084897335562
0.8277261183880701
0.8274206280594882
0.8270910645218339
0.8267364331136259
0.8263557030993017
0.8259478128195364
0.8255116757552154
0.8250461876469816
0.8245502348340972
0.8240227039997248
0.8234624935385514
0.8228685267945246
0.8222397674547093
0.8215752374298223
0.8208740376033529
0.8201353718930388
0.8193585751415734
0.8185431454394588
0.8176887815887829
0.8167954265438028
0.8158633178213118
0.8148930460709505
0.8138856232454555
0.8128425621354542
0.8117659694646463
0.8106586553273049
0.8095242625716130
0.8083674209204930
0.8071939324307933
0.8060109978518190
0.8048274989620232
0.8036543643967425
0.8025050823540677
0.8013965613150864
0.8019865808057284
0.8031775955788324
0.8044085440349136
0.8056619938551285
0.8069240055884240
0.8081832774655305
0.8094306338672885
0.8106586553273045
0.8118613883739932
0.8130341096621401
0.8141731307797722
0.8152756350334411
0.8163395400211311
0.8173633813197347
0.8183462136446280
0.8192875265875416
0.8201871725984660
0.8210453053093150
0.8218623266338522
0.8226388413440519
0.8233756180372700
0.8240735555809277
0.8247336542622945
0.8253569909880343
0.8259446979742896
0.8264979444482715
0.8270179209516040
0.8275058258913789
0.8279628540344326
0.8283901866816613
0.8287889832940377
0.8291603743728969
0.8295054554230985
0.8298252818493294
0.8301208646564346
0.8303931668405935
0.8306431003729864
0.8308715236905102
0.8310792396187531
0.8312669936627334
0.8314354726086194
0.8315853033878832
0.8317170521616620
0.8318312235885524
0.8319282602449456
0.8320085421712885
0.8320723865221122
0.8321200473009953
0.8321517151661733
0.8321675172941829
0.8321675172941863
0.8321517151661737
0.8321200473009955
0.8320723865221107
0.8320085421712885
0.8319282602449456
0.8318312235885524
0.8317170521616618
0.8315853033878837
0.8314354726086194
0.8312669936627343
0.8310792396187531
0.8308715236905102
0.8306431003729980
0.8303931668405948
0.8301208646564346
0.8298252818493294
0.8295054554230985
0.8291603743728969
0.8287889832940353
0.8283901866816612
0.8279628540344333
0.8275058258913789
0.8270179209516038
0.8264979444482715
0.8259446979742896
0.8253569909880343
0.8247336542622945
0.8240735555809277
0.8233756180372700
0.8226388413440519
0.8218623266338525
0.8210453053093133
0.8201871725984660
0.8192875265875416
0.8183462136446280
0.8173633813197347
0.8163395400211311
0.8152756350334411
0.8141731307797722
0.8130341096621394
0.8118613883739926
0.8106586553273045
0.8094306338672885
0.8081832774655315
0.8069240055884240
0.8056619938551285
0.8044085440349139
0.8031775955788324
0.8019865808057284
0.8025758647490784
0.8038452406364281
0.8051537447132012
0.8064834986341193
0.8078201730103215
0.8091521358844117
0.8104699435668224
0.8117659694646510
0.8130341096621387
0.8142695408452578
0.8154685180572685
0.8166282043938485
0.8177465269386837
0.8188220545149715
0.8198538936982531
0.8208416001845024
0.8217851031209150
0.8226846404136872
0.8235407033602554
0.8243539892228785
0.8251253605825557
0.8258558104935568
0.8265464326105491
0.8271983955847082
0.8278129211297643
0.8283912652460503
0.8289347021651322
0.8294445106382132
0.8299219622454962
0.8303683114472996
0.8307847871364624
0.8311725854841289
0.8315328638981914
0.8318667359390608
0.8321752670564073
0.8324594710297255
0.8327203070106479
0.8329586770775239
0.8331754242260048
0.8333713307277929
0.8335471168002913
0.8337034395361758
0.8338408920497924
0.8339600028032205
0.8340612350795344
0.8341449865766402
0.8342115890987889
0.8342613083264888
0.8342943436506104
0.8343108280574538
0.8343108280574536
0.8342943436506104
0.8342613083264895
0.8342115890987889
0.8341449865766316
0.8340612350795344
0.8339600028032205
0.8338408920497924
0.8337034395361773
0.8335471168002914
0.8333713307277929
0.8331754242260048
0.8329586770775239
0.8327203070106479
0.8324594710297265
0.8321752670564073
0.8318667359390608
0.8315328638981900
0.8311725854841289
0.8307847871364626
0.8303683114472996
0.8299219622454969
0.8294445106382132
0.8289347021651307
0.8283912652460501
0.8278129211297643
0.8271983955847081
0.8265464326105491
0.8258558104935568
0.8251253605825655
0.8243539892228785
0.8235407033602554
0.8226846404136872
0.8217851031209149
0.8208416001844991
0.8198538936982531
0.8188220545149715
0.8177465269386837
0.8166282043938485
0.8154685180572688
0.8142695408452578
0.8130341096621396
0.8117659694646456
0.8104699435668224
0.8091521358844116
0.8078201730103226
0.8064834986341193
0.8051537447132022
0.8038452406364277
0.8025758647490794
0.8031605520787660
0.8045042330922706
0.8058862556670039
0.8072883614395445
0.8086958852509429
0.8100969054838132
0.8114817373538655
0.8128425621354542
0.8141731307797747
0.8154685180572685
0.8167249154460979
0.8179394555221388
0.8191100626228529
0.8202353256562868
0.8213143896576844
0.8223468632503078
0.8233327396175582
0.8242723289688628
0.8251662007945796
0.8260151344720073
0.8268200770040930
0.8275821068592819
0.8283024030369961
0.8289822186141603
0.8296228581374554
0.8302256583198364
0.8307919715773577
0.8313231520083273
0.8318205434737961
0.8322854694849119
0.8327192246444538
0.8331230674234443
0.8334982140844970
0.8338458335882400
0.8341670433414587
0.8344629056641010
0.8347344248694125
0.8349825448643278
0.8352081471908719
0.8354120494387040
0.8355950039693500
0.8357576968997742
0.8359007473011087
0.8360247065736728
0.8361300579659701
0.8362172162095457
0.8362865272463721
0.8363382680297363
0.8363726463827627
0.8363898009029380
0.8363898009029379
0.8363726463827627
0.8363382680297352
0.8362865272463721
0.8362172162095459
0.8361300579659703
0.8360247065736727
0.8359007473011119
0.8357576968997742
0.8355950039693404
0.8354120494387040
0.8352081471908721
0.8349825448643278
0.8347344248694125
0.8344629056641010
0.8341670433414587
0.8338458335882407
0.8334982140844978
0.8331230674234443
0.8327192246444537
0.8322854694849119
0.8318205434737964
0.8313231520083273
0.8307919715773576
0.8302256583198364
0.8296228581374533
0.8289822186141610
0.8283024030369960
0.8275821068592814
0.8268200770040933
0.8260151344720081
0.8251662007945797
0.8242723289688635
0.8233327396175582
0.8223468632503078
0.8213143896576844
0.8202353256562868
0.8191100626228512
0.8179394555221388
0.8167249154460979
0.8154685180572685
0.8141731307797743
0.8128425621354542
0.8114817373538655
0.8100969054838133
0.8086958852509422
0.8072883614395445
0.8058862556670052
0.8045042330922710
0.8031605520787664
0.8037373767167174
0.8051514083103879
0.8066030128273646
0.8080736080294899
0.8095482403931525
0.8110147357771804
0.8124631948107226
0.8138856232454564
0.8152756350334406
0.8166282043938490
0.8179394555221385
0.8192064831698236
0.8204271992660686
0.8216002017418149
0.8227246623449643
0.8238002307069309
0.8248269523113696
0.8258051983523229
0.8267356057590300
0.8276190259166373
0.8284564808279720
0.8292491256459809
0.8299982166647421
0.8307050839900283
0.8313711082240109
0.8319977005961923
0.8325862860521877
0.8331382888843598
0.8336551205439813
0.8341381693286128
0.8345887916772214
0.8350083048459772
0.8353979807662024
0.8357590409142062
0.8360926520455996
0.8363999226662101
0.8366819001294123
0.8369395682637629
0.8371738454485891
0.8373855830652210
0.8375755642627792
0.8377445029836886
0.8378930432045248
0.8380217583509652
0.8381311508545174
0.8382216518216216
0.8382936207915418
0.8383473455631848
0.8383830420751335
0.8384008543258320
0.8384008543258317
0.8383830420751335
0.8383473455631847
0.8382936207915417
0.8382216518216219
0.8381311508545174
0.8380217583509652
0.8378930432045278
0.8377445029836886
0.8375755642627792
0.8373855830652210
0.8371738454485896
0.8369395682637647
0.8366819001294126
0.8363999226662095
0.8360926520455986
0.8357590409142062
0.8353979807662024
0.8350083048459772
0.8345887916772232
0.8341381693286111
0.8336551205439813
0.8331382888843597
0.8325862860521874
0.8319977005961923
0.8313711082240109
0.8307050839900283
0.8299982166647421
0.8292491256459802
0.8284564808279715
0.8276190259166355
0.8267356057590300
0.8258051983523229
0.8248269523113696
0.8238002307069305
0.8227246623449643
0.8216002017418148
0.8204271992660686
0.8192064831698236
0.8179394555221392
0.8166282043938490
0.8152756350334405
0.8138856232454548
0.8124631948107226
0.8110147357771804
0.8095482403931525
0.8080736080294909
0.8066030128273646
0.8051514083103861
0.8037373767167174
0.8043036025693826
0.8057841495676209
0.8073015190712698
0.8088368528533327
0.8103749503057138
0.8119034182096930
0.8134121677132393
0.8148930460709635
0.8163395400211307
0.8177465269386837
0.8191100626228530
0.8204271992660679
0.8216958290839932
0.8229145500239043
0.8240825505253998
0.8251995107149124
0.8262655177555464
0.8272809933706383
0.8282466318243991
0.8291633468782197
0.8300322264471127
0.8308544938615701
0.8316314747951892
0.8323645690533669
0.8330552265332246
0.8337049267630561
0.8343151615147584
0.8348874200530542
0.8354231766482615
0.8359238800304416
0.8363909445082310
0.8368257425135586
0.8372295983667887
0.8376037830843016
0.8379495100747416
0.8382679315921978
0.8385601358306419
0.8388271445605003
0.8390699112219722
0.8392893194003161
0.8394861816194022
0.8396612383982204
0.8398151575222492
0.8399485334901322
0.8400618870995357
0.8401556651440071
0.8402302401954884
0.8402859104524025
0.8403228996371840
0.8403413569300070
0.8403413569300070
0.8403228996371828
0.8402859104524023
0.8402302401954884
0.8401556651440072
0.8400618870995357
0.8399485334901321
0.8398151575222488
0.8396612383982204
0.8394861816194022
0.8392893194003165
0.8390699112219722
0.8388271445605004
0.8385601358306419
0.8382679315921975
0.8379495100747416
0.8376037830843004
0.8372295983667889
0.8368257425135586
0.8363909445082310
0.8359238800304417
0.8354231766482646
0.8348874200530546
0.8343151615147572
0.8337049267630553
0.8330552265332245
0.8323645690533669
0.8316314747951851
0.8308544938615702
0.8300322264471113
0.8291633468782197
0.8282466318244003
0.8272809933706383
0.8262655177555464
0.8251995107149117
0.8240825505253998
0.8229145500239023
0.8216958290839932
0.8204271992660679
0.8191100626228530
0.8177465269386842
0.8163395400211310
0.8148930460709644
0.8134121677132393
0.8119034182096930
0.8103749503057138
0.8088368528533327
0.8073015190712688
0.8057841495676209
0.8043036025693826
0.8048569637714776
0.8064003229081115
0.8079797730842847
0.8095762210702888
0.8111742550215565
0.8127612924420891
0.8143270782312373
0.8158633178213229
0.8173633813197334
0.8188220545149707
0.8202353256562854
0.8216002017418144
0.8229145500239038
0.8241769613568057
0.8253866325297347
0.8265432650912118
0.8276469784670497
0.8286982354395781
0.8296977782947673
0.8306465741610495
0.8315457682589265
0.8323966439523043
0.8332005886459567
0.8339590647050512
0.8346735846878919
0.8353456902826700
0.8359769344241123
0.8365688661393599
0.8371230177352752
0.8376408939939851
0.8381239630882901
0.8385736489701157
0.8389913250176195
0.8393783087569008
0.8397358574986802
0.8400651647525623
0.8403673572996111
0.8406434928208258
0.8408945579919109
0.8411214669683189
0.8413250601939140
0.8415061034758774
0.8416652872776638
0.8418032261870051
0.8419204585237785
0.8420174460574515
0.8420945738086105
0.8421521499134671
0.8421904055353873
0.8422094948090560
0.8422094948090560
0.8421904055353873
0.8421521499134671
0.8420945738086105
0.8420174460574515
0.8419204585237779
0.8418032261870051
0.8416652872776638
0.8415061034758774
0.8413250601939142
0.8411214669683189
0.8408945579919109
0.8406434928208260
0.8403673572996111
0.8400651647525623
0.8397358574986802
0.8393783087569008
0.8389913250176195
0.8385736489701157
0.8381239630882901
0.8376408939939851
0.8371230177352749
0.8365688661393601
0.8359769344241123
0.8353456902826700
0.8346735846878919
0.8339590647050513
0.8332005886459567
0.8323966439523043
0.8315457682589256
0.8306465741610495
0.8296977782947673
0.8286982354395781
0.8276469784670504
0.8265432650912108
0.8253866325297347
0.8241769613568057
0.8229145500239038
0.8216002017418144
0.8202353256562854
0.8188220545149707
0.8173633813197334
0.8158633178213229
0.8143270782312373
0.8127612924420887
0.8111742550215560
0.8095762210702884
0.8079797730842849
0.8064003229081019
0.8048569637714780
0.8053956100422260
0.8069982182213130
0.8086362058581678
0.8102902798855656
0.8119448483167182
0.8135871657464790
0.8152068319978397
0.8167954265438039
0.8183462136446277
0.8198538936982522
0.8213143896576846
0.8227246623449653
0.8240825505253992
0.8253866325297335
0.8266361067121191
0.8278306883642552
0.8289705209731850
0.8300560999466592
0.8310882071476515
0.8320678547789457
0.8329962373414734
0.8338746905549792
0.8347046562752712
0.8354876525730880
0.8362252482522247
0.8369190411836871
0.8375706399187016
0.8381816481171235
0.8387536513917929
0.8392882062249469
0.8397868306594679
0.8402509965089189
0.8406821228655822
0.8410815707153315
0.8414506384947154
0.8417905584475893
0.8421024936586052
0.8423875356566580
0.8426467024966637
0.8428809372403535
0.8430911067675168
0.8432780008586871
0.8434423314987851
0.8435847323583171
0.8437057584152695
0.8438058856864926
0.8438855110423332
0.8439449520834423
0.8439844470620935
0.8440041548344642
0.8440041548344642
0.8439844470620935
0.8439449520834423
0.8438855110423332
0.8438058856864926
0.8437057584152695
0.8435847323583171
0.8434423314987866
0.8432780008586871
0.8430911067675178
0.8428809372403537
0.8426467024966637
0.8423875356566595
0.8421024936586053
0.8417905584475893
0.8414506384947154
0.8410815707153316
0.8406821228655830
0.8402509965089192
0.8397868306594679
0.8392882062249469
0.8387536513917929
0.8381816481171219
0.8375706399187062
0.8369190411836871
0.8362252482522332
0.8354876525730880
0.8347046562752712
0.8338746905549781
0.8329962373414734
0.8320678547789457
0.8310882071476516
0.8300560999466592
0.8289705209731850
0.8278306883642552
0.8266361067121191
0.8253866325297335
0.8240825505253992
0.8227246623449653
0.8213143896576846
0.8198538936982522
0.8183462136446262
0.8167954265438039
0.8152068319978397
0.8135871657464790
0.8119448483167182
0.8102902798855655
0.8086362058581678
0.8069982182213130
0.8053956100422259
0.8059180569607903
0.8075764961536087
0.8092696240520385
0.8109779779840891
0.8126858127762175
0.8143802433366862
0.8160507435046597
0.8176887815887827
0.8192875265875413
0.8208416001845015
0.8223468632503070
0.8238002307069306
0.8251995107149126
0.8265432650912102
0.8278306883642550
0.8290615031874974
0.8302358700796185
0.8313543096750245
0.8324176358656908
0.8334268984010071
0.8343833336819682
0.8352883226423808
0.8361433547498960
0.8369499972857350
0.8377098691721868
0.8384246187158829
0.8390959047183709
0.8397253804817117
0.8403146802993473
0.8408654080796335
0.8413791277966679
0.8418573555048080
0.8423015526899674
0.8427131207596510
0.8430933965033353
0.8434436483747029
0.8437650734701404
0.8440587950922612
0.8443258608049984
0.8445672408972098
0.8447838271849449
0.8449764320910959
0.8451457879505972
0.8452925464961174
0.8454172784864729
0.8455204734455676
0.8456025394850250
0.8456638031883117
0.8457045095385525
0.8457248218761322
0.8457248218761322
0.8457045095385525
0.8456638031883125
0.8456025394850250
0.8455204734455676
0.8454172784864732
0.8452925464961193
0.8451457879505972
0.8449764320910956
0.8447838271849449
0.8445672408972092
0.8443258608049964
0.8440587950922612
0.8437650734701405
0.8434436483747040
0.8430933965033353
0.8427131207596492
0.8423015526899674
0.8418573555048082
0.8413791277966680
0.8408654080796335
0.8403146802993473
0.8397253804817123
0.8390959047183707
0.8384246187158912
0.8377098691721870
0.8369499972857353
0.8361433547498960
0.8352883226423808
0.8343833336819682
0.8334268984010071
0.8324176358656908
0.8313543096750245
0.8302358700796176
0.8290615031874929
0.8278306883642550
0.8265432650912102
0.8251995107149126
0.8238002307069306
0.8223468632503070
0.8208416001844998
0.8192875265875413
0.8176887815887827
0.8160507435046593
0.8143802433366858
0.8126858127762175
0.8109779779840891
0.8092696240520385
0.8075764961536089
0.8059180569607903
0.8064231408934704
0.8081341404020954
0.8098791595412775
0.8116385920788846
0.8133965630154540
0.8151400679577983
0.8168584718484020
0.8185431454394593
0.8201871725984660
0.8217851031209144
0.8233327396175560
0.8248269523113693
0.8262655177555459
0.8276469784670493
0.8289705209731842
0.8302358700796180
0.8314431974008434
0.8325930423937409
0.8336862443185212
0.8347238837220867
0.8357072321989427
0.8366377093321982
0.8375168458510621
0.8383462521622702
0.8391275915212743
0.8398625572047613
0.8405528531291198
0.8412001774351450
0.8418062086217782
0.8423725938688043
0.8429009392363476
0.8433928014712342
0.8438496811870667
0.8442730172155949
0.8446641819552064
0.8450244775648721
0.8453551328730327
0.8456573008888105
0.8459320568170423
0.8461803964936253
0.8464032351678454
0.8466014065693025
0.8467756622054829
0.8469266708442960
0.8470550181419571
0.8471612063833979
0.8472456543075725
0.8473086969946603
0.8473505857971475
0.8473714882999513
0.8473714882999513
0.8473505857971488
0.8473086969946603
0.8472456543075725
0.8471612063833982
0.8470550181419571
0.8469266708442962
0.8467756622054831
0.8466014065693024
0.8464032351678490
0.8461803964936255
0.8459320568170418
0.8456573008888101
0.8453551328730327
0.8450244775648721
0.8446641819552064
0.8442730172155949
0.8438496811870665
0.8433928014712342
0.8429009392363472
0.8423725938688043
0.8418062086217784
0.8412001774351452
0.8405528531291195
0.8398625572047613
0.8391275915212699
0.8383462521622702
0.8375168458510628
0.8366377093321982
0.8357072321989426
0.8347238837220867
0.8336862443185212
0.8325930423937403
0.8314431974008434
0.8302358700796180
0.8289705209731842
0.8276469784670495
0.8262655177555459
0.8248269523113680
0.8233327396175560
0.8217851031209144
0.8201871725984657
0.8185431454394593
0.8168584718484018
0.8151400679577983
0.8133965630154537
0.8116385920788846
0.8098791595412775
0.8081341404020954
0.8064231408934704
0.8069099783303285
0.8086704149626649
0.8104642245462330
0.8122716797461025
0.8140767959777869
0.8158664673974750
0.8176299652576222
0.8193585751415765
0.8210453053093143
0.8226846404136869
0.8242723289688635
0.8258051983523234
0.8272809933706353
0.8286982354395781
0.8300560999466576
0.8313543096750238
0.8325930423937414
0.8337728509082488
0.8348945940369885
0.8359593771400285
0.8369685009770226
0.8379234178096037
0.8388256937930276
0.8396769768173717
0.8404789690633968
0.8412334036319086
0.8419420246873454
0.8426065706302956
0.8432287598764966
0.8438102788760858
0.8443527720557819
0.8448578334085652
0.8453269994924251
0.8457617436316256
0.8461634711414395
0.8465335154217124
0.8468731347847032
0.8471835099018054
0.8474657417681506
0.8477208500987697
0.8479497720815589
0.8481533614223690
0.8483323876271123
0.8484875354734562
0.8486194046318098
0.8487285094016445
0.8488152785344337
0.8488800551202198
0.8489230965183042
0.8489445743179050
0.8489445743179050
0.8489230965183042
0.8488800551202198
0.8488152785344334
0.8487285094016449
0.8486194046318097
0.8484875354734562
0.8483323876271123
0.8481533614223722
0.8479497720815585
0.8477208500987682
0.8474657417681506
0.8471835099018030
0.8468731347847032
0.8465335154217124
0.8461634711414392
0.8457617436316256
0.8453269994924254
0.8448578334085652
0.8443527720557819
0.8438102788760850
0.8432287598764937
0.8426065706302952
0.8419420246873454
0.8412334036319093
0.8404789690633968
0.8396769768173717
0.8388256937930276
0.8379234178096037
0.8369685009770226
0.8359593771400241
0.8348945940369885
0.8337728509082495
0.8325930423937414
0.8313543096750238
0.8300560999466576
0.8286982354395781
0.8272809933706361
0.8258051983523234
0.8242723289688635
0.8226846404136869
0.8210453053093145
0.8193585751415765
0.8176299652576222
0.8158664673974754
0.8140767959777866
0.8122716797461025
0.8104642245462330
0.8086704149626615
0.8069099783303285
0.8073779292626587
0.8091848259098898
0.8110244717833565
0.8128770378278899
0.8147264474062010
0.8165595088241653
0.8183654131186424
0.8201353718930382
0.8218623266338516
0.8235407033602554
0.8251662007945797
0.8267356057590298
0.8282466318243964
0.8296977782947672
0.8310882071476520
0.8324176358656906
0.8336862443185218
0.8348945940369875
0.8360435583842262
0.8371342622815801
0.8381680302877427
0.8391463419640354
0.8400707935800801
0.8409430653259099
0.8417648932986745
0.8425380456218893
0.8432643021369846
0.8439454371778153
0.8445832050021576
0.8451793275102900
0.8457354839280771
0.8462533021752433
0.8467343516764327
0.8471801374037801
0.8475920949692682
0.8479715866079961
0.8483198979152702
0.8486382352190820
0.8489277234847766
0.8491894046630871
0.8494242364049219
0.8496330910768880
0.8498167550204435
0.8499759280062255
0.8501112228421525
0.8502231651004633
0.8503121929337875
0.8503786569572847
0.8504228201763073
0.8504448579450270
0.8504448579450270
0.8504228201763068
0.8503786569572854
0.8503121929337875
0.8502231651004628
0.8501112228421528
0.8499759280062263
0.8498167550204435
0.8496330910768881
0.8494242364049228
0.8491894046630871
0.8489277234847660
0.8486382352190818
0.8483198979152698
0.8479715866079967
0.8475920949692689
0.8471801374037801
0.8467343516764327
0.8462533021752423
0.8457354839280771
0.8451793275102899
0.8445832050021576
0.8439454371778153
0.8432643021369846
0.8425380456218893
0.8417648932986742
0.8409430653259099
0.8400707935800840
0.8391463419640354
0.8381680302877431
0.8371342622815799
0.8360435583842274
0.8348945940369876
0.8336862443185218
0.8324176358656906
0.8310882071476520
0.8296977782947664
0.8282466318243964
0.8267356057590296
0.8251662007945797
0.8235407033602554
0.8218623266338524
0.8201353718930382
0.8183654131186424
0.8165595088241653
0.8147264474062010
0.8128770378278906
0.8110244717833566
0.8091848259098887
0.8073779292626587
0.8078265643305644
0.8096770873018337
0.8115597591292870
0.8134546657724895
0.8153456537201215
0.8172194590375405
0.8190652044425298
0.8208740376033536
0.8226388413440525
0.8243539892228783
0.8260151344720066
0.8276190259166367
0.8291633468782196
0.8306465741610499
0.8320678547789575
0.8334268984010076
0.8347238837220852
0.8359593771400289
0.8371342622815757
0.8382496790633197
0.8393069711100476
0.8403076404800196
0.8412533087634765
0.8421456837289746
0.8429865307893566
0.8437776486481013
0.8445208485652574
0.8452179367524478
0.8458706994693290
0.8464808904472340
0.8470502203158428
0.8475803477491939
0.8480728720850709
0.8485293272043096
0.8489511764839317
0.8493398086629484
0.8496965344809666
0.8500225839685412
0.8503191042837623
0.8505871580046708
0.8508277217986163
0.8510416854008332
0.8512298508444551
0.8513929318914409
0.8515315536227569
0.8516462521508729
0.8517374744257342
0.8518055781084646
0.8518508314933747
0.8518734134627326
0.8518734134627360
0.8518508314933747
0.8518055781084654
0.8517374744257342
0.8516462521508729
0.8515315536227558
0.8513929318914409
0.8512298508444571
0.8510416854008312
0.8508277217986168
0.8505871580046707
0.8503191042837623
0.8500225839685409
0.8496965344809666
0.8493398086629484
0.8489511764839319
0.8485293272043100
0.8480728720850709
0.8475803477491939
0.8470502203158428
0.8464808904472340
0.8458706994693290
0.8452179367524478
0.8445208485652574
0.8437776486481011
0.8429865307893585
0.8421456837289746
0.8412533087634766
0.8403076404800198
0.8393069711100479
0.8382496790633203
0.8371342622815757
0.8359593771400284
0.8347238837220852
0.8334268984009929
0.8320678547789570
0.8306465741610497
0.8291633468782196
0.8276190259166367
0.8260151344720081
0.8243539892228783
0.8226388413440525
0.8208740376033523
0.8190652044425294
0.8172194590375408
0.8153456537201215
0.8134546657724896
0.8115597591292870
0.8096770873018337
0.8078265643305647
0.8082556354081971
0.8101470908231124
0.8120701183300955
0.8140047333517382
0.8159347186341891
0.8178467498554026
0.8197298918858460
0.8215752374298225
0.8233756180372706
0.8251253605825649
0.8268200770040941
0.8284564808279721
0.8300322264471125
0.8315457682589241
0.8329962373414745
0.8343833336819648
0.8357072321989427
0.8369685009770225
0.8381680302877429
0.8393069711100473
0.8403866819959231
0.8414086832471286
0.8423746174832790
0.8432862157843165
0.8441452686858059
0.8449536013913678
0.8457130526423831
0.8464254567559513
0.8470926284003303
0.8477163497348419
0.8482983595848999
0.8488403443678337
0.8493439305208371
0.8498106782138721
0.8502420761597022
0.8506395373572905
0.8510043956260148
0.8513379028077184
0.8516412265290622
0.8519154484316251
0.8521615627897094
0.8523804754463526
0.8525730030081273
0.8527398722480964
0.8528817196727383
0.8529990912164344
0.8530924420331735
0.8531621363591591
0.8532084474267103
0.8532315574131815
0.8532315574131817
0.8532084474267103
0.8531621363591591
0.8530924420331735
0.8529990912164344
0.8528817196727383
0.8527398722480961
0.8525730030081266
0.8523804754463526
0.8521615627897094
0.8519154484316251
0.8516412265290622
0.8513379028077184
0.8510043956260148
0.8506395373572905
0.8502420761597022
0.8498106782138721
0.8493439305208371
0.8488403443678337
0.8482983595848970
0.8477163497348420
0.8470926284003303
0.8464254567559513
0.8457130526423831
0.8449536013913678
0.8441452686858063
0.8432862157843165
0.8423746174832788
0.8414086832471225
0.8403866819959231
0.8393069711100486
0.8381680302877431
0.8369685009770225
0.8357072321989427
0.8343833336819648
0.8329962373414745
0.8315457682589242
0.8300322264471125
0.8284564808279721
0.8268200770040941
0.8251253605825561
0.8233756180372706
0.8215752374298225
0.8197298918858460
0.8178467498554032
0.8159347186341891
0.8140047333517378
0.8120701183300953
0.8101470908231140
0.8082556354081971
0.8086650493261313
0.8105948788033932
0.8125557273296635
0.8145275522585458
0.8164940839420810
0.8184419479754307
0.8203601605732116
0.8222397674547111
0.8240735555809262
0.8258558104935567
0.8275821068592814
0.8292491256459811
0.8308544938615703
0.8323966439523055
0.8338746905549805
0.8352883226423816
0.8366377093321982
0.8379234178096021
0.8391463419640349
0.8403076404800164
0.8414086832471227
0.8424510050735817
0.8434362657955193
0.8443662159762240
0.8452426674804080
0.8460674682919026
0.8468424810191955
0.8475695645992594
0.8482505587710792
0.8488872709430488
0.8494814651254524
0.8500348526409890
0.8505490843627905
0.8510257442612338
0.8514663440688519
0.8518723188984568
0.8522450236689832
0.8525857302146559
0.8528956249682215
0.8531758071238029
0.8534272871980397
0.8536509859185151
0.8538477333790547
0.8540182684097364
0.8541632381169638
0.8542831975563920
0.8543786095068931
0.8544498443197692
0.8544971798221710
0.8545208012586614
0.8545208012586614
0.8544971798221711
0.8544498443197692
0.8543786095068941
0.8542831975563924
0.8541632381169637
0.8540182684097364
0.8538477333790541
0.8536509859185153
0.8534272871980407
0.8531758071238028
0.8528956249682215
0.8525857302146559
0.8522450236689840
0.8518723188984568
0.8514663440688519
0.8510257442612357
0.8505490843627905
0.8500348526409893
0.8494814651254410
0.8488872709430492
0.8482505587710792
0.8475695645992594
0.8468424810192032
0.8460674682919024
0.8452426674804090
0.8443662159762195
0.8434362657955193
0.8424510050735813
0.8414086832471227
0.8403076404800166
0.8391463419640359
0.8379234178096014
0.8366377093321982
0.8352883226423816
0.8338746905549805
0.8323966439523055
0.8308544938615698
0.8292491256459811
0.8275821068592814
0.8258558104935567
0.8240735555809262
0.8222397674547111
0.8203601605732110
0.8184419479754313
0.8164940839420810
0.8145275522585460
0.8125557273296635
0.8105948788033931
0.8086650493261313
0.8090548444409988
0.8110206202744726
0.8130168858304685
0.8150235511420055
0.8170243039604675
0.8190057287391342
0.8209568010828527
0.8228685267945227
0.8247336542622923
0.8265464326105478
0.8283024030369955
0.8299982166647417
0.8316314747951860
0.8332005886459560
0.8347046562752722
0.8361433547498949
0.8375168458510632
0.8388256937930277
0.8400707935800795
0.8412533087634774
0.8423746174832786
0.8434362657955186
0.8444399273899899
0.8453873689035954
0.8462804201210650
0.8471209484380153
0.8479108370336159
0.8486519662663128
0.8493461978641869
0.8499953615349400
0.8506012436660692
0.8511655778270922
0.8516900368219137
0.8521762260713382
0.8526256781334793
0.8530398481948174
0.8534201103857741
0.8537677547940328
0.8540839850650089
0.8543699164938788
0.8546265745259418
0.8548548935937003
0.8550557162286576
0.8552297923948814
0.8553777789990317
0.8555002395382751
0.8555976438542604
0.8556703679664238
0.8557186939631823
0.8557428099347610
0.8557428099347610
0.8557186939631823
0.8556703679664238
0.8555976438542633
0.8555002395382751
0.8553777789990322
0.8552297923948814
0.8550557162286576
0.8548548935937003
0.8546265745259418
0.8543699164938791
0.8540839850650096
0.8537677547940331
0.8534201103857741
0.8530398481948174
0.8526256781334782
0.8521762260713374
0.8516900368219139
0.8511655778270922
0.8506012436660693
0.8499953615349400
0.8493461978641871
0.8486519662663128
0.8479108370336133
0.8471209484380153
0.8462804201210647
0.8453873689035950
0.8444399273899899
0.8434362657955188
0.8423746174832786
0.8412533087634774
0.8400707935800795
0.8388256937930277
0.8375168458510632
0.8361433547498952
0.8347046562752722
0.8332005886459560
0.8316314747951850
0.8299982166647417
0.8283024030369961
0.8265464326105478
0.8247336542622923
0.8228685267945263
0.8209568010828534
0.8190057287391342
0.8170243039604675
0.8150235511420055
0.8130168858304685
0.8110206202744723
0.8090548444409988
0.8094251697807089
0.8114245897555479
0.8134539937356006
0.8154932536854897
0.8175260231914089
0.8195388533051018
0.8215206860451925
0.8234624935385512
0.8253569909880346
0.8271983955847105
0.8289822186141614
0.8307050839900281
0.8323645690533666
0.8339590647050482
0.8354876525730872
0.8369499972857347
0.8383462521622655
0.8396769768173733
0.8409430653259096
0.8421456837289742
0.8432862157843171
0.8443662159762254
0.8453873689035953
0.8463514542602180
0.8472603167078505
0.8481158400230954
0.8489199249691166
0.8496744704085766
0.8503813572316817
0.8510424347248146
0.8516595090502409
0.8522343335488441
0.8527686006128568
0.8532639349078992
0.8537218877503995
0.8541439324724485
0.8545314606261032
0.8548857788993461
0.8552081066317092
0.8554995738327348
0.8557612196188190
0.8559939909958321
0.8561987419245651
0.8563762326150062
0.8565271290033553
0.8566520023726619
0.8567513290845834
0.8568254903946624
0.8568747723301795
0.8568993656124707
0.8568993656124708
0.8568747723301795
0.8568254903946622
0.8567513290845834
0.8566520023726605
0.8565271290033553
0.8563762326150062
0.8561987419245651
0.8559939909958334
0.8557612196188190
0.8554995738327340
0.8552081066317092
0.8548857788993461
0.8545314606261026
0.8541439324724485
0.8537218877503987
0.8532639349078992
0.8527686006128573
0.8522343335488425
0.8516595090502409
0.8510424347248146
0.8503813572316808
0.8496744704085745
0.8489199249691185
0.8481158400230844
0.8472603167078505
0.8463514542602180
0.8453873689035953
0.8443662159762254
0.8432862157843171
0.8421456837289742
0.8409430653259096
0.8396769768173733
0.8383462521622655
0.8369499972857347
0.8354876525730872
0.8339590647050482
0.8323645690533666
0.8307050839900281
0.8289822186141609
0.8271983955847082
0.8253569909880346
0.8234624935385512
0.8215206860451925
0.8195388533051027
0.8175260231914089
0.8154932536854897
0.8134539937356006
0.8114245897555479
0.8094251697807089
0.8097762665119720
0.8118071484825530
0.8138675321562655
0.8159372593769769
0.8179999568139896
0.8200421488004440
0.8220527498821625
0.8240227039997244
0.8259446979742903
0.8278129211297653
0.8296228581374533
0.8313711082240114
0.8330552265332243
0.8346735846878932
0.8362252482522330
0.8377098691721869
0.8391275915212730
0.8404789690633977
0.8417648932986745
0.8429865307893573
0.8441452686858061
0.8452426674804088
0.8462804201210653
0.8472603167078510
0.8481842140811907
0.8490540096891017
0.8498716191887244
0.8506389573025136
0.8513579215049932
0.8520303781664871
0.8526581508257937
0.8532430103034996
0.8537866664023749
0.8542907609739649
0.8547568621566705
0.8551864596158332
0.8555809606377061
0.8559416869475380
0.8562698721395191
0.8565666596198142
0.8568331009784754
0.8570701547151078
0.8572786852560811
0.8574594622070016
0.8576131597949093
0.8577403564596124
0.8578415345611943
0.8579170801762040
0.8579672829602724
0.8579923360597670
0.8579923360597670
0.8579672829602722
0.8579170801762040
0.8578415345611949
0.8577403564596124
0.8576131597949099
0.8574594622070016
0.8572786852560811
0.8570701547151078
0.8568331009784723
0.8565666596198142
0.8562698721395188
0.8559416869475380
0.8555809606377061
0.8551864596158327
0.8547568621566690
0.8542907609739646
0.8537866664023759
0.8532430103034996
0.8526581508257927
0.8520303781664871
0.8513579215049932
0.8506389573025147
0.8498716191887244
0.8490540096891035
0.8481842140811907
0.8472603167078510
0.8462804201210650
0.8452426674804089
0.8441452686858056
0.8429865307893574
0.8417648932986745
0.8404789690633977
0.8391275915212735
0.8377098691721871
0.8362252482522334
0.8346735846878928
0.8330552265332243
0.8313711082240117
0.8296228581374533
0.8278129211297653
0.8259446979742903
0.8240227039997244
0.8220527498821624
0.8200421488004440
0.8179999568139896
0.8159372593769768
0.8138675321562657
0.8118071484825530
0.8097762665119713
0.8101084514967516
0.8121687278228880
0.8142580467001503
0.8163562266597424
0.8184468736633346
0.8205164910774918
0.8225539712787933
0.8245502348340975
0.8264979444482705
0.8283912652460497
0.8302256583198355
0.8319977005961929
0.8337049267630553
0.8353456902826705
0.8369190411836880
0.8384246187158912
0.8398625572047611
0.8412334036319105
0.8425380456218885
0.8437776486481012
0.8449536013913679
0.8460674682919022
0.8471209484380154
0.8481158400230862
0.8490540096891032
0.8499373661479872
0.8507678375431782
0.8515473520740993
0.8522778214621738
0.8529611268873162
0.8535991070673600
0.8541935481925503
0.8547461754626510
0.8552586460037873
0.8557325429720416
0.8561693706717197
0.8565705505406146
0.8569374178711886
0.8572712191545945
0.8575731099483773
0.8578441531813972
0.8580853178224259
0.8582974778467012
0.8584814114457850
0.8586378004329187
0.8587672298037197
0.8588701874183752
0.8589470637771049
0.8589981518669244
0.8590236470614864
0.8590236470614864
0.8589981518669240
0.8589470637771045
0.8588701874183753
0.8587672298037197
0.8586378004329172
0.8584814114457850
0.8582974778467006
0.8580853178224264
0.8578441531813977
0.8575731099483788
0.8572712191545945
0.8569374178711894
0.8565705505406146
0.8561693706717191
0.8557325429720405
0.8552586460037873
0.8547461754626495
0.8541935481925511
0.8535991070673608
0.8529611268873135
0.8522778214621738
0.8515473520740993
0.8507678375431784
0.8499373661479872
0.8490540096891032
0.8481158400230858
0.8471209484380154
0.8460674682919022
0.8449536013913679
0.8437776486480993
0.8425380456218885
0.8412334036319105
0.8398625572047611
0.8384246187158912
0.8369190411836869
0.8353456902826714
0.8337049267630546
0.8319977005961929
0.8302256583198383
0.8283912652460502
0.8264979444482705
0.8245502348340971
0.8225539712787936
0.8205164910774918
0.8184468736633346
0.8163562266597423
0.8142580467001503
0.8121687278228882
0.8101084514967519
0.8104221027234101
0.8125098146407506
0.8146261327848557
0.8167508581857409
0.8188675813959816
0.8209627897478238
0.8230253580327023
0.8250461876469813
0.8270179209516030
0.8289347021651314
0.8307919715773553
0.8325862860521881
0.8343151615147568
0.8359769344241076
0.8375706399187011
0.8390959047183706
0.8405528531291211
0.8419420246873444
0.8432643021369849
0.8445208485652563
0.8457130526423829
0.8468424810191965
0.8479108370336135
0.8489199249691177
0.8498716191887240
0.8507678375431793
0.8516105185203211
0.8524016016616369
0.8531430108286192
0.8538366399488880
0.8544843409165245
0.8550879133596402
0.8556490960226020
0.8561695595415467
0.8566509004176034
0.8570946360182010
0.8575022004558956
0.8578749412147919
0.8582141164092303
0.8585208925762935
0.8587963429143561
0.8590414458931803
0.8592570841694986
0.8594440437532908
0.8596030133752209
0.8597345840158063
0.8598392485609555
0.8599174015564336
0.8599693390375974
0.8599952584170829
0.8599952584170829
0.8599693390375981
0.8599174015564336
0.8598392485609555
0.8597345840158063
0.8596030133752209
0.8594440437532910
0.8592570841694986
0.8590414458931803
0.8587963429143561
0.8585208925762939
0.8582141164092303
0.8578749412147919
0.8575022004558956
0.8570946360182001
0.8566509004176029
0.8561695595415478
0.8556490960226020
0.8550879133596374
0.8544843409165245
0.8538366399488885
0.8531430108286200
0.8524016016616369
0.8516105185203211
0.8507678375431793
0.8498716191887234
0.8489199249691177
0.8479108370336130
0.8468424810191965
0.8457130526423829
0.8445208485652563
0.8432643021369843
0.8419420246873444
0.8405528531291211
0.8390959047183700
0.8375706399187011
0.8359769344241076
0.8343151615147570
0.8325862860521878
0.8307919715773575
0.8289347021651315
0.8270179209516025
0.8250461876469823
0.8230253580327023
0.8209627897478264
0.8188675813959821
0.8167508581857404
0.8146261327848604
0.8125098146407506
0.8104221027234116
0.8107176464174389
0.8128309384012624
0.8149724227481848
0.8171218879253109
0.8192629135762707
0.8213819752085385
0.8234679339741555
0.8255116757552161
0.8275058258913680
0.8294445106382125
0.8313231520083274
0.8331382888843586
0.8348874200530563
0.8365688661393608
0.8381816481171237
0.8397253804817116
0.8412001774351436
0.8426065706302979
0.8439454371778128
0.8452179367524476
0.8464254567559533
0.8475695645992544
0.8486519662663133
0.8496744704085780
0.8506389573025139
0.8515473520740993
0.8524016016616369
0.8532036550478403
0.8539554463459127
0.8546588803722451
0.8553158203820478
0.8559280776815733
0.8564974028656472
0.8570254784586823
0.8575139127647838
0.8579642347559724
0.8583778898487515
0.8587562364374828
0.8591005430704277
0.8594119861676027
0.8596916481933859
0.8599405162082565
0.8601594807337842
0.8603493348740539
0.8605107736454234
0.8606443934730690
0.8607506918197286
0.8608300669181311
0.8608828175836806
0.8609091430892462
0.8609091430892442
0.8608828175836787
0.8608300669181311
0.8607506918197282
0.8606443934730690
0.8605107736454234
0.8603493348740494
0.8601594807337842
0.8599405162082565
0.8596916481933862
0.8594119861676027
0.8591005430704270
0.8587562364374828
0.8583778898487522
0.8579642347559724
0.8575139127647838
0.8570254784586823
0.8564974028656472
0.8559280776815731
0.8553158203820448
0.8546588803722455
0.8539554463459127
0.8532036550478403
0.8524016016616368
0.8515473520740993
0.8506389573025139
0.8496744704085780
0.8486519662663146
0.8475695645992544
0.8464254567559533
0.8452179367524476
0.8439454371778152
0.8426065706302979
0.8412001774351436
0.8397253804817114
0.8381816481171237
0.8365688661393588
0.8348874200530563
0.8331382888843591
0.8313231520083276
0.8294445106382125
0.8275058258913679
0.8255116757552134
0.8234679339741527
0.8213819752085385
0.8192629135762707
0.8171218879253114
0.8149724227481847
0.8128309384012624
0.8107176464174503
0.8109955456540503
0.8131326598223330
0.8152975745501301
0.8174700699145937
0.8196337184494596
0.8217749874104502
0.8238827276890877
0.8259478128195366
0.8279628540344367
0.8299219622454969
0.8318205434737972
0.8336551205439799
0.8354231766482616
0.8371230177352629
0.8387536513917910
0.8403146802993483
0.8418062086217801
0.8432287598764954
0.8445832050021594
0.8458706994693221
0.8470926284003313
0.8482505587710778
0.8493461978641879
0.8503813572316815
0.8513579215049926
0.8522778214621742
0.8531430108286182
0.8539554463459156
0.8547170706963261
0.8554297979187802
0.8560955009934259
0.8567160013105908
0.8572930597733497
0.8578283693124416
0.8583235486198064
0.8587801369291612
0.8591995896939705
0.8595832750320115
0.8599324708199875
0.8602483623389970
0.8605320403823882
0.8607844997499006
0.8610066380618154
0.8611992548364723
0.8613630507815371
0.8614986272583520
0.8616064858831484
0.8616870282375350
0.8617405556634186
0.8617672691252350
0.8617672691252350
0.8617405556634186
0.8616870282375350
0.8616064858831484
0.8614986272583520
0.8613630507815371
0.8611992548364723
0.8610066380618152
0.8607844997499001
0.8605320403823883
0.8602483623389967
0.8599324708199885
0.8595832750320105
0.8591995896939699
0.8587801369291609
0.8583235486198079
0.8578283693124416
0.8572930597733497
0.8567160013105897
0.8560955009934257
0.8554297979187802
0.8547170706963245
0.8539554463459119
0.8531430108286182
0.8522778214621742
0.8513579215049926
0.8503813572316810
0.8493461978641879
0.8482505587710781
0.8470926284003313
0.8458706994693214
0.8445832050021573
0.8432287598764935
0.8418062086217786
0.8403146802993483
0.8387536513917909
0.8371230177352629
0.8354231766482618
0.8336551205439816
0.8318205434737972
0.8299219622454969
0.8279628540344360
0.8259478128195366
0.8238827276890881
0.8217749874104502
0.8196337184494583
0.8174700699145937
0.8152975745501286
0.8131326598223330
0.8109955456540503
0.8112562903117921
0.8134155609020534
0.8156022618842926
0.8177961684466016
0.8199808491960889
0.8221427661485569
0.8242707628116750
0.8263557030993011
0.8283901866816613
0.8303683114473002
0.8322854694849127
0.8341381693286110
0.8359238800304390
0.8376408939939963
0.8392882062249475
0.8408654080796335
0.8423725938688065
0.8438102788760846
0.8451793275102908
0.8464808904472353
0.8477163497348427
0.8488872709430522
0.8499953615349386
0.8510424347248147
0.8520303781664877
0.8529611268873161
0.8538366399488881
0.8546588803722447
0.8554297979187802
0.8561513143648141
0.8568253109488218
0.8574536177088614
0.8580380044600076
0.8585801731919329
0.8590817516922773
0.8595442882256229
0.8599692471180683
0.8603580051154958
0.8607118484007888
0.8610319701686616
0.8613194686703179
0.8615753456513557
0.8618005051160021
0.8619957523610504
0.8621617932291872
0.8622992335409884
0.8624085786690687
0.8624902332260245
0.8625445008423246
0.8625715840150917
0.8625715840150915
0.8625445008423246
0.8624902332260245
0.8624085786690687
0.8622992335409886
0.8621617932291872
0.8619957523610506
0.8618005051160021
0.8615753456513557
0.8613194686703179
0.8610319701686616
0.8607118484007888
0.8603580051154958
0.8599692471180683
0.8595442882256229
0.8590817516922773
0.8585801731919329
0.8580380044600076
0.8574536177088614
0.8568253109488219
0.8561513143648141
0.8554297979187802
0.8546588803722447
0.8538366399488883
0.8529611268873161
0.8520303781664877
0.8510424347248147
0.8499953615349386
0.8488872709430485
0.8477163497348423
0.8464808904472350
0.8451793275102907
0.8438102788760846
0.8423725938688087
0.8408654080796335
0.8392882062249475
0.8376408939939849
0.8359238800304400
0.8341381693286107
0.8322854694849127
0.8303683114473002
0.8283901866816613
0.8263557030993006
0.8242707628116759
0.8221427661485566
0.8199808491960889
0.8177961684466016
0.8156022618842926
0.8134155609020534
0.8112562903117921
0.8115003882224693
0.8136802361681866
0.8158871655352378
0.8181009495332533
0.8203051554849384
0.8224862426831786
0.8246330496827836
0.8267364331136277
0.8287889832940353
0.8307847871364614
0.8327192246444537
0.8345887916772222
0.8363909445082318
0.8381239630882893
0.8397868306594685
0.8413791277966680
0.8429009392363490
0.8443527720557817
0.8457354839280756
0.8470502203158428
0.8482983595848950
0.8494814651254525
0.8506012436660720
0.8516595090502398
0.8526581508257929
0.8535991070673583
0.8544843409165250
0.8553158203820451
0.8560955009934259
0.8568253109488215
0.8575071384380980
0.8581428208598443
0.8587341356839583
0.8592827927397920
0.8597904277371258
0.8602585968493198
0.8606887722090955
0.8610823381854302
0.8614405883260078
0.8617647228644616
0.8620558467037989
0.8623149677997235
0.8625429958762363
0.8627407414166932
0.8629089148801803
0.8630481261014157
0.8631588838380727
0.8632415954367841
0.8632965665934134
0.8633240011892558
0.8633240011892558
0.8632965665934134
0.8632415954367841
0.8631588838380727
0.8630481261014157
0.8629089148801806
0.8627407414166932
0.8625429958762363
0.8623149677997284
0.8620558467038022
0.8617647228644616
0.8614405883260078
0.8610823381854302
0.8606887722090952
0.8602585968493198
0.8597904277371258
0.8592827927397916
0.8587341356839583
0.8581428208598437
0.8575071384380980
0.8568253109488215
0.8560955009934259
0.8553158203820451
0.8544843409165248
0.8535991070673609
0.8526581508257929
0.8516595090502398
0.8506012436660720
0.8494814651254522
0.8482983595848950
0.8470502203158428
0.8457354839280756
0.8443527720557822
0.8429009392363490
0.8413791277966689
0.8397868306594686
0.8381239630882893
0.8363909445082301
0.8345887916772222
0.8327192246444534
0.8307847871364640
0.8287889832940353
0.8267364331136281
0.8246330496827834
0.8224862426831786
0.8203051554849384
0.8181009495332534
0.8158871655352335
0.8136802361681866
0.8115003882224693
0.8117283573857839
0.8139272850110185
0.8161529658370111
0.8183851734867623
0.8206074761648686
0.8228063325220990
0.8249705781969061
0.8270910645218339
0.8291603743728978
0.8311725854841286
0.8331230674234450
0.8350083048459785
0.8368257425135586
0.8385736489701159
0.8402509965089201
0.8418573555048084
0.8433928014712343
0.8448578334085652
0.8462533021752423
0.8475803477491936
0.8488403443678247
0.8500348526409905
0.8511655778270928
0.8522343335488445
0.8532430103034998
0.8541935481925521
0.8550879133596404
0.8559280776815719
0.8567160013105891
0.8574536177088623
0.8581428208598439
0.8587854543760854
0.8593833022561437
0.8599380810721172
0.8604514333951016
0.8609249222889664
0.8613600267225677
0.8617581377695293
0.8621205554796977
0.8624484863217105
0.8627430411078471
0.8630052333245090
0.8632359778008587
0.8634360896584380
0.8636062834912095
0.8637471727341908
0.8638592691847374
0.8639429826466400
0.8639986206734821
0.8640263883919922
0.8640263883919922
0.8639986206734821
0.8639429826466400
0.8638592691847374
0.8637471727341907
0.8636062834912095
0.8634360896584380
0.8632359778008587
0.8630052333245141
0.8627430411078474
0.8624484863217189
0.8621205554796977
0.8617581377695286
0.8613600267225645
0.8609249222889652
0.8604514333951017
0.8599380810721172
0.8593833022561436
0.8587854543760856
0.8581428208598439
0.8574536177088623
0.8567160013105891
0.8559280776815722
0.8550879133596404
0.8541935481925523
0.8532430103034998
0.8522343335488451
0.8511655778270928
0.8500348526409937
0.8488403443678247
0.8475803477491947
0.8462533021752424
0.8448578334085650
0.8433928014712343
0.8418573555048088
0.8402509965089205
0.8385736489701159
0.8368257425135586
0.8350083048459785
0.8331230674234439
0.8311725854841286
0.8291603743728978
0.8270910645218339
0.8249705781969062
0.8228063325220998
0.8206074761648686
0.8183851734867605
0.8161529658370129
0.8139272850110183
0.8117283573857841
0.8119407191317878
0.8141573049763878
0.8164003361031861
0.8186495884840795
0.8208886329535167
0.8231039292163470
0.8252843116815707
0.8274206280594881
0.8295054554230986
0.8315328638981924
0.8334982140844973
0.8353979807662141
0.8372295983667932
0.8389913250176195
0.8406821228655837
0.8423015526899672
0.8438496811870677
0.8453269994924253
0.8467343516764322
0.8480728720850716
0.8493439305208368
0.8505490843627931
0.8516900368219136
0.8527686006128575
0.8537866664023752
0.8547461754626510
0.8556490960226022
0.8564974028656471
0.8572930597733501
0.8580380044600090
0.8587341356839567
0.8593833022561435
0.8599872937010901
0.8605478323518037
0.8610665666870828
0.8615450657418914
0.8619848144416956
0.8623872097295258
0.8627535573704673
0.8630850693326887
0.8633828616566765
0.8636479527348465
0.8638812619354450
0.8640836085118553
0.8642557107477711
0.8643981852955381
0.8645115466719410
0.8645962068812497
0.8646524751417356
0.8646805576968992
0.8646805576968996
0.8646524751417356
0.8645962068812479
0.8645115466719409
0.8643981852955379
0.8642557107477711
0.8640836085118553
0.8638812619354450
0.8636479527348465
0.8633828616566777
0.8630850693326889
0.8627535573704673
0.8623872097295258
0.8619848144416989
0.8615450657418917
0.8610665666870828
0.8605478323518037
0.8599872937010901
0.8593833022561431
0.8587341356839567
0.8580380044600090
0.8572930597733501
0.8564974028656471
0.8556490960226025
0.8547461754626505
0.8537866664023742
0.8527686006128573
0.8516900368219136
0.8505490843627931
0.8493439305208368
0.8480728720850716
0.8467343516764327
0.8453269994924253
0.8438496811870677
0.8423015526899672
0.8406821228655839
0.8389913250176195
0.8372295983667937
0.8353979807662141
0.8334982140844973
0.8315328638981924
0.8295054554230985
0.8274206280594881
0.8252843116815712
0.8231039292163472
0.8208886329535167
0.8186495884840795
0.8164003361031859
0.8141573049763878
0.8119407191317870
0.8121379921249162
0.8143708859083624
0.8166299369134450
0.8188949249954933
0.8211494249985961
0.8233798990388306
0.8255751816733430
0.8277261183880696
0.8298252818493294
0.8318667359390596
0.8338458335882403
0.8357590409142074
0.8376037830843008
0.8393783087569008
0.8410815707153316
0.8427131207596505
0.8442730172155908
0.8457617436316259
0.8471801374037791
0.8485293272043102
0.8498106782138740
0.8510257442612362
0.8521762260713378
0.8532639349078998
0.8542907609739649
0.8552586460037898
0.8561695595415478
0.8570254784586860
0.8578283693124438
0.8585801731919340
0.8592827927397916
0.8599380810721171
0.8605478323518038
0.8611137737990722
0.8616375589476064
0.8621207619777534
0.8625648729783748
0.8629712940059402
0.8633413358260984
0.8636762152369356
0.8639770528848412
0.8642448714966574
0.8644805944601384
0.8646850446952361
0.8648589437655381
0.8650029111875143
0.8651174639017516
0.8652030158756888
0.8652598778140241
0.8652882569577123
0.8652882569577123
0.8652598778140241
0.8652030158756888
0.8651174639017511
0.8650029111875143
0.8648589437655390
0.8646850446952361
0.8644805944601400
0.8642448714966574
0.8639770528848421
0.8636762152369356
0.8633413358261006
0.8629712940059402
0.8625648729783748
0.8621207619777537
0.8616375589476064
0.8611137737990722
0.8605478323518038
0.8599380810721161
0.8592827927397916
0.8585801731919341
0.8578283693124438
0.8570254784586859
0.8561695595415478
0.8552586460037898
0.8542907609739631
0.8532639349078998
0.8521762260713382
0.8510257442612362
0.8498106782138701
0.8485293272043102
0.8471801374037793
0.8457617436316259
0.8442730172155908
0.8427131207596505
0.8410815707153316
0.8393783087569008
0.8376037830843007
0.8357590409142074
0.8338458335882394
0.8318667359390594
0.8298252818493294
0.8277261183880706
0.8255751816733430
0.8233798990388309
0.8211494249985961
0.8188949249954931
0.8166299369134439
0.8143708859083617
0.8121379921249162
0.8123206871156053
0.8145686048432197
0.8168424111548490
0.8191218909707381
0.8213906242010232
0.8236350764315167
0.8258440834714896
0.8280084897335557
0.8301208646564348
0.8321752670564069
0.8341670433414593
0.8360926520455985
0.8379495100747406
0.8397358574986801
0.8414506384947146
0.8430933965033367
0.8446641819552064
0.8461634711414383
0.8475920949692679
0.8489511764839321
0.8502420761597013
0.8514663440688509
0.8526256781334794
0.8537218877503986
0.8547568621566713
0.8557325429720407
0.8566509004176056
0.8575139127647834
0.8583235486198070
0.8590817516922762
0.8597904277371259
0.8604514333951017
0.8610665666870824
0.8616375589476056
0.8621660680068238
0.8626536724528007
0.8631018668260505
0.8635120576155650
0.8638855599417551
0.8642235948250236
0.8645272869522448
0.8647976628633206
0.8650356494909930
0.8652420729956651
0.8654176578449103
0.8655630260950247
0.8656786968385660
0.8657650857876932
0.8658225049690801
0.8658511625114430
0.8658511625114430
0.8658225049690802
0.8657650857876932
0.8656786968385678
0.8655630260950247
0.8654176578449103
0.8652420729956647
0.8650356494909927
0.8647976628633206
0.8645272869522448
0.8642235948250222
0.8638855599417550
0.8635120576155652
0.8631018668260502
0.8626536724528007
0.8621660680068238
0.8616375589476056
0.8610665666870824
0.8604514333951017
0.8597904277371266
0.8590817516922762
0.8583235486198070
0.8575139127647834
0.8566509004176032
0.8557325429720407
0.8547568621566705
0.8537218877503986
0.8526256781334791
0.8514663440688508
0.8502420761597013
0.8489511764839321
0.8475920949692681
0.8461634711414383
0.8446641819552064
0.8430933965033366
0.8414506384947146
0.8397358574986801
0.8379495100747406
0.8360926520455985
0.8341670433414593
0.8321752670564069
0.8301208646564346
0.8280084897335563
0.8258440834714896
0.8236350764315166
0.8213906242010217
0.8191218909707383
0.8168424111548490
0.8145686048432114
0.8123206871156046
0.8124893023541898
0.8147510215668263
0.8170383797262224
0.8193311676892063
0.8216129712038781
0.8238702601211249
0.8260918723646040
0.8282686522057925
0.8303931668405947
0.8324594710297321
0.8344629056641008
0.8363999226662115
0.8382679315921977
0.8400651647525614
0.8417905584475884
0.8434436483747024
0.8450244775648725
0.8465335154217120
0.8479715866079964
0.8493398086629494
0.8506395373572901
0.8518723188984548
0.8530398481948166
0.8541439324724468
0.8551864596158324
0.8561693706717138
0.8570946360182002
0.8579642347559726
0.8587801369291611
0.8595442882256227
0.8602585968493233
0.8609249222889658
0.8615450657418917
0.8621207619777511
0.8626536724527990
0.8631453795072863
0.8635973814980474
0.8640110887363286
0.8643878201160561
0.8647288003317983
0.8650351575987439
0.8653079217966210
0.8655480229712288
0.8657562901349913
0.8659334503159757
0.8660801278134830
0.8661968436229921
0.8662840150010485
0.8663419551454530
0.8663708729716700
0.8663708729716696
0.8663419551454530
0.8662840150010485
0.8661968436229921
0.8660801278134830
0.8659334503159757
0.8657562901349913
0.8655480229712286
0.8653079217966210
0.8650351575987439
0.8647288003317987
0.8643878201160545
0.8640110887363286
0.8635973814980474
0.8631453795072863
0.8626536724527989
0.8621207619777516
0.8615450657418917
0.8609249222889660
0.8602585968493200
0.8595442882256227
0.8587801369291598
0.8579642347559722
0.8570946360182002
0.8561693706717138
0.8551864596158333
0.8541439324724468
0.8530398481948173
0.8518723188984548
0.8506395373572901
0.8493398086629494
0.8479715866079980
0.8465335154217120
0.8450244775648725
0.8434436483747024
0.8417905584475892
0.8400651647525590
0.8382679315921973
0.8363999226662115
0.8344629056641008
0.8324594710297321
0.8303931668405947
0.8282686522057925
0.8260918723646041
0.8238702601211232
0.8216129712038788
0.8193311676892063
0.8170383797262232
0.8147510215668263
0.8124893023541898
0.8126443195920229
0.8149186747574501
0.8172184378262338
0.8195234061912338
0.8218171719605194
0.8240862098142585
0.8263193604393306
0.8285074687041133
0.8306431003729983
0.8327203070106470
0.8347344248694128
0.8366819001294097
0.8385601358306423
0.8403673572996097
0.8421024936586038
0.8437650734701405
0.8453551328730337
0.8468731347847012
0.8483198979152694
0.8496965344809658
0.8510043956260156
0.8522450236689839
0.8534201103857689
0.8545314606261003
0.8555809606377066
0.8565705505406148
0.8575022004558961
0.8583778898487519
0.8591995896939688
0.8599692471180682
0.8606887722090972
0.8613600267225661
0.8619848144416969
0.8625648729783711
0.8631018668260501
0.8635973814980437
0.8640529186034899
0.8644698917315101
0.8648496230291010
0.8651933403723674
0.8655021750429426
0.8657771598325563
0.8660192275085249
0.8662292095822262
0.8664078353298333
0.8665557310228849
0.8666734193324187
0.8667613188762193
0.8668197438851354
0.8668489039691318
0.8668489039691316
0.8668197438851348
0.8667613188762195
0.8666734193324187
0.8665557310228855
0.8664078353298353
0.8662292095822262
0.8660192275085249
0.8657771598325564
0.8655021750429440
0.8651933403723669
0.8648496230291010
0.8644698917315101
0.8640529186034899
0.8635973814980437
0.8631018668260502
0.8625648729783711
0.8619848144416968
0.8613600267225661
0.8606887722090972
0.8599692471180688
0.8591995896939688
0.8583778898487519
0.8575022004558950
0.8565705505406123
0.8555809606377066
0.8545314606261003
0.8534201103857689
0.8522450236689839
0.8510043956260148
0.8496965344809662
0.8483198979152695
0.8468731347847012
0.8453551328730341
0.8437650734701405
0.8421024936586038
0.8403673572996126
0.8385601358306423
0.8366819001294097
0.8347344248694128
0.8327203070106470
0.8306431003729970
0.8285074687041128
0.8263193604393306
0.8240862098142585
0.8218171719605180
0.8195234061912342
0.8172184378262338
0.8149186747574506
0.8126443195920229
0.8127862006020524
0.8150720786443213
0.8173831517529327
0.8196992242169168
0.8220038948076051
0.8242836433952393
0.8265273138908130
0.8287257523258685
0.8308715236905102
0.8329586770775244
0.8349825448643292
0.8369395682637641
0.8388271445605021
0.8406434928208253
0.8423875356566576
0.8440587950922613
0.8456573008888101
0.8471835099018042
0.8486382352190824
0.8500225839685396
0.8513379028077173
0.8525857302146563
0.8537677547940327
0.8548857788993460
0.8559416869475387
0.8569374178711893
0.8578749412147898
0.8587562364374829
0.8595832750320107
0.8603580051154954
0.8610823381854296
0.8617581377695293
0.8623872097295270
0.8629712940059397
0.8635120576155657
0.8640110887363285
0.8644698917315111
0.8648898829850320
0.8652723874331909
0.8656186356925862
0.8659297616968273
0.8662068007641252
0.8664506880298325
0.8666622571847085
0.8668422394693995
0.8669912628818660
0.8671098515616449
0.8671984253209832
0.8672572992978613
0.8672866837125186
0.8672866837125186
0.8672572992978613
0.8671984253209832
0.8671098515616448
0.8669912628818656
0.8668422394693984
0.8666622571847086
0.8664506880298325
0.8662068007641252
0.8659297616968273
0.8656186356925862
0.8652723874331913
0.8648898829850320
0.8644698917315121
0.8640110887363281
0.8635120576155657
0.8629712940059397
0.8623872097295270
0.8617581377695298
0.8610823381854296
0.8603580051154954
0.8595832750320107
0.8587562364374824
0.8578749412147898
0.8569374178711893
0.8559416869475387
0.8548857788993481
0.8537677547940353
0.8525857302146563
0.8513379028077173
0.8500225839685389
0.8486382352190824
0.8471835099018028
0.8456573008888100
0.8440587950922613
0.8423875356566569
0.8406434928208257
0.8388271445605021
0.8369395682637651
0.8349825448643272
0.8329586770775244
0.8308715236905097
0.8287257523258685
0.8265273138908159
0.8242836433952389
0.8220038948076051
0.8196992242169169
0.8173831517529327
0.8150720786443202
0.8127862006020524
0.8129153841590316
0.8152117201210337
0.8175330561520453
0.8198592035884595
0.8221737679761019
0.8244632345580445
0.8267164507651507
0.8289242642066933
0.8310792396187536
0.8331754242260060
0.8352081471908714
0.8371738454485897
0.8390699112219718
0.8408945579919110
0.8426467024966637
0.8443258608049995
0.8459320568170456
0.8474657417681513
0.8489277234847649
0.8503191042837621
0.8516412265290612
0.8528956249682212
0.8540839850650093
0.8552081066317140
0.8562698721395193
0.8572712191545996
0.8582141164092304
0.8591005430704282
0.8599324708199885
0.8607118484007877
0.8614405883260068
0.8621205554796993
0.8627535573704666
0.8633413358261101
0.8638855599417535
0.8643878201160502
0.8648496230291020
0.8652723874331919
0.8656574406422815
0.8660060156207589
0.8663192485831845
0.8665981770285970
0.8668437381420275
0.8670567675053811
0.8672379980673549
0.8673880593294407
0.8675074767120258
0.8675966710700899
0.8676559583343875
0.8676855492585795
0.8676855492585802
0.8676559583343875
0.8675966710700899
0.8675074767120260
0.8673880593294407
0.8672379980673549
0.8670567675053817
0.8668437381420250
0.8665981770285970
0.8663192485831854
0.8660060156207589
0.8656574406422811
0.8652723874331913
0.8648496230291020
0.8643878201160543
0.8638855599417529
0.8633413358261101
0.8627535573704671
0.8621205554796993
0.8614405883260065
0.8607118484007880
0.8599324708199885
0.8591005430704277
0.8582141164092304
0.8572712191545951
0.8562698721395169
0.8552081066317095
0.8540839850650088
0.8528956249682264
0.8516412265290618
0.8503191042837622
0.8489277234847763
0.8474657417681513
0.8459320568170456
0.8443258608049971
0.8426467024966637
0.8408945579919110
0.8390699112219715
0.8371738454485897
0.8352081471908714
0.8331754242260065
0.8310792396187537
0.8289242642066933
0.8267164507651507
0.8244632345580457
0.8221737679761016
0.8198592035884593
0.8175330561520319
0.8152117201210337
0.8129153841590316
0.8130322834260313
0.8153380562582067
0.8176686516583029
0.8200038879782270
0.8223273774823432
0.8246256108133012
0.8268874390726213
0.8291037117285565
0.8312669936627369
0.8333713307277935
0.8354120494387020
0.8373855830652215
0.8392893194003124
0.8411214669683172
0.8428809372403535
0.8445672408972079
0.8461803964936253
0.8477208500987694
0.8491894046630871
0.8505871580046694
0.8519154484316288
0.8531758071238028
0.8543699164938792
0.8554995738327328
0.8565666596198134
0.8575731099483795
0.8585208925762940
0.8594119861676027
0.8602483623389958
0.8610319701686613
0.8617647228644617
0.8624484863217106
0.8630850693326896
0.8636762152369335
0.8642235948250233
0.8647288003317937
0.8651933403723658
0.8656186356925832
0.8660060156207591
0.8663567151202565
0.8666718723563316
0.8669525266994123
0.8671996170986871
0.8674139807679075
0.8675963521324669
0.8677473619961794
0.8678675368901970
0.8679572985749499
0.8680169636700068
0.8680467433929245
0.8680467433929245
0.8680169636700069
0.8679572985749499
0.8678675368901970
0.8677473619961797
0.8675963521324669
0.8674139807679075
0.8671996170986871
0.8669525266994123
0.8666718723563316
0.8663567151202565
0.8660060156207587
0.8656186356925832
0.8651933403723658
0.8647288003317903
0.8642235948250231
0.8636762152369349
0.8630850693326896
0.8624484863217106
0.8617647228644620
0.8610319701686613
0.8602483623389950
0.8594119861676027
0.8585208925762940
0.8575731099483795
0.8565666596198127
0.8554995738327328
0.8543699164938792
0.8531758071238034
0.8519154484316288
0.8505871580046708
0.8491894046630871
0.8477208500987680
0.8461803964936251
0.8445672408972100
0.8428809372403535
0.8411214669683172
0.8392893194003154
0.8373855830652215
0.8354120494386973
0.8333713307277938
0.8312669936627366
0.8291037117285563
0.8268874390726243
0.8246256108133012
0.8223273774823433
0.8200038879782263
0.8176686516583005
0.8153380562582067
0.8130322834260313
0.8131372837000983
0.8154515121684475
0.8177904028807381
0.8201337810136137
0.8224652653481254
0.8247713518175670
0.8270408952184017
0.8292647470418962
0.8314354726086196
0.8335471168002904
0.8355950039693387
0.8375755642627801
0.8394861816194022
0.8413250601939161
0.8430911067675187
0.8447838271849566
0.8464032351678483
0.8479497720815588
0.8494242364049225
0.8508277217986134
0.8521615627897084
0.8534272871980404
0.8546265745259460
0.8557612196188183
0.8568331009784746
0.8578441531813998
0.8587963429143578
0.8596916481933869
0.8605320403823875
0.8613194686703186
0.8620558467037992
0.8627430411078474
0.8633828616566771
0.8639770528848414
0.8645272869522447
0.8650351575987438
0.8655021750429427
0.8659297616968270
0.8663192485831858
0.8666718723563315
0.8669887728385458
0.8672709909958194
0.8675194672861425
0.8677350403220481
0.8679184457977599
0.8680703156377266
0.8681911773303406
0.8682814534172181
0.8683414611126204
0.8683714120348911
0.8683714120348911
0.8683414611126201
0.8682814534172181
0.8681911773303406
0.8680703156377266
0.8679184457977599
0.8677350403220481
0.8675194672861425
0.8672709909958194
0.8669887728385457
0.8666718723563315
0.8663192485831858
0.8659297616968269
0.8655021750429427
0.8650351575987438
0.8645272869522447
0.8639770528848411
0.8633828616566771
0.8627430411078473
0.8620558467037992
0.8613194686703186
0.8605320403823875
0.8596916481933868
0.8587963429143578
0.8578441531813974
0.8568331009784744
0.8557612196188183
0.8546265745259460
0.8534272871980406
0.8521615627897084
0.8508277217986134
0.8494242364049225
0.8479497720815590
0.8464032351678483
0.8447838271849566
0.8430911067675189
0.8413250601939162
0.8394861816194022
0.8375755642627797
0.8355950039693382
0.8335471168002904
0.8314354726086196
0.8292647470418971
0.8270408952184021
0.8247713518175671
0.8224652653481254
0.8201337810136144
0.8177904028807381
0.8154515121684475
0.8131372837000983
0.8132307404756962
0.8155524791800485
0.8178987366885743
0.8202493446738340
0.8225879281052448
0.8249009879800707
0.8271773827038509
0.8294079658534333
0.8315853033878807
0.8337034395361758
0.8357576968997743
0.8377445029836881
0.8396612383982230
0.8415061034758767
0.8432780008586880
0.8449764320910931
0.8466014065692956
0.8481533614223715
0.8496330910768874
0.8510416854008350
0.8523804754463572
0.8536509859185150
0.8548548935937010
0.8559939909958334
0.8570701547151176
0.8580853178224256
0.8590414458931802
0.8599405162082503
0.8607844997499037
0.8615753456513551
0.8623149677997263
0.8630052333245128
0.8636479527348462
0.8642448714966443
0.8647976628633206
0.8653079217966202
0.8657771598325564
0.8662068007641248
0.8665981770285978
0.8669525266994124
0.8672709909958184
0.8675546122339903
0.8678043321523644
0.8680209905537980
0.8682053242142247
0.8683579660151597
0.8684794442637479
0.8685701821703292
0.8686304974588429
0.8686606020911918
0.8686606020911918
0.8686304974588434
0.8685701821703296
0.8684794442637479
0.8683579660151597
0.8682053242142298
0.8680209905537980
0.8678043321523644
0.8675546122339901
0.8672709909958186
0.8669525266994127
0.8665981770285978
0.8662068007641248
0.8657771598325564
0.8653079217966202
0.8647976628633208
0.8642448714966443
0.8636479527348463
0.8630052333245126
0.8623149677997263
0.8615753456513552
0.8607844997499008
0.8599405162082503
0.8590414458931802
0.8580853178224256
0.8570701547151180
0.8559939909958336
0.8548548935936944
0.8536509859185150
0.8523804754463572
0.8510416854008349
0.8496330910768874
0.8481533614223715
0.8466014065692956
0.8449764320910931
0.8432780008586880
0.8415061034758767
0.8396612383982230
0.8377445029836879
0.8357576968997743
0.8337034395361758
0.8315853033878807
0.8294079658534333
0.8271773827038564
0.8249009879800707
0.8225879281052458
0.8202493446738340
0.8178987366885746
0.8155524791800485
0.8132307404756962
0.8133129777886591
0.8156413132832907
0.8179940407603933
0.8203509979408227
0.8226958155452484
0.8250149993066990
0.8272974110589529
0.8295339064383871
0.8317170521616729
0.8338408920497909
0.8359007473011063
0.8378930432045268
0.8398151575222487
0.8416652872776613
0.8434423314987867
0.8451457879505956
0.8467756622054842
0.8483323876271184
0.8498167550204428
0.8512298508444550
0.8525730030081250
0.8538477333790548
0.8550557162286593
0.8561987419245659
0.8572786852560877
0.8582974778467007
0.8592570841694984
0.8601594807337842
0.8610066380618150
0.8618005051160050
0.8625429958762364
0.8632359778008584
0.8638812619354450
0.8644805944601385
0.8650356494909931
0.8655480229712299
0.8660192275085241
0.8664506880298335
0.8668437381420266
0.8671996170986872
0.8675194672861426
0.8678043321523637
0.8680551545126500
0.8682727751731953
0.8684579318236969
0.8686112581554660
0.8687332831693381
0.8688244306428133
0.8688850187324163
0.8689152596918450
0.8689152596918450
0.8688850187324163
0.8688244306428133
0.8687332831693381
0.8686112581554660
0.8684579318236887
0.8682727751731951
0.8680551545126509
0.8678043321523636
0.8675194672861426
0.8671996170986873
0.8668437381420311
0.8664506880298344
0.8660192275085242
0.8655480229712299
0.8650356494909931
0.8644805944601381
0.8638812619354450
0.8632359778008584
0.8625429958762367
0.8618005051160051
0.8610066380618190
0.8601594807337842
0.8592570841694986
0.8582974778467002
0.8572786852560877
0.8561987419245672
0.8550557162286593
0.8538477333790540
0.8525730030081250
0.8512298508444550
0.8498167550204427
0.8483323876271184
0.8467756622054842
0.8451457879505956
0.8434423314987867
0.8416652872776613
0.8398151575222487
0.8378930432045274
0.8359007473011070
0.8338408920497908
0.8317170521616729
0.8295339064383871
0.8272974110589523
0.8250149993066990
0.8226958155452485
0.8203509979408227
0.8179940407603958
0.8156413132832907
0.8133129777886591
0.8133842868097260
0.8157183338162174
0.8180766623634235
0.8204391156710233
0.8227893296812295
0.8251138144475729
0.8274014349699371
0.8296430488424454
0.8318312235885581
0.8339600028032210
0.8360247065736723
0.8380217583509638
0.8399485334901323
0.8418032261870044
0.8435847323583161
0.8452925464961148
0.8469266708442958
0.8484875354734561
0.8499759280062258
0.8513929318914387
0.8527398722480948
0.8540182684097368
0.8552297923948837
0.8563762326150062
0.8574594622070005
0.8584814114457848
0.8594440437532908
0.8603493348740541
0.8611992548364734
0.8619957523610503
0.8627407414166932
0.8634360896584378
0.8640836085118540
0.8646850446952346
0.8652420729956647
0.8657562901349908
0.8662292095822262
0.8666622571847089
0.8670567675053809
0.8674139807679079
0.8677350403220458
0.8680209905537914
0.8682727751731959
0.8684912358222757
0.8686771109533964
0.8688310349348531
0.8689535373480585
0.8690450424457558
0.8691058687472059
0.8691362287508861
0.8691362287508861
0.8691058687472037
0.8690450424457558
0.8689535373480574
0.8688310349348529
0.8686771109533964
0.8684912358222757
0.8682727751731959
0.8680209905537971
0.8677350403220458
0.8674139807679079
0.8670567675053809
0.8666622571847081
0.8662292095822263
0.8657562901349911
0.8652420729956638
0.8646850446952346
0.8640836085118540
0.8634360896584381
0.8627407414166932
0.8619957523610503
0.8611992548364735
0.8603493348740541
0.8594440437532908
0.8584814114457848
0.8574594622070002
0.8563762326150045
0.8552297923948837
0.8540182684097373
0.8527398722480959
0.8513929318914387
0.8499759280062263
0.8484875354734561
0.8469266708443064
0.8452925464961148
0.8435847323583161
0.8418032261870059
0.8399485334901323
0.8380217583509636
0.8360247065736723
0.8339600028032210
0.8318312235885581
0.8296430488424454
0.8274014349699371
0.8251138144475729
0.8227893296812295
0.8204391156710233
0.8180766623634238
0.8157183338162185
0.8133842868097260
0.8134449246588931
0.8157838223620044
0.8181469073342532
0.8205140276590878
0.8228688238918647
0.8251978099181805
0.8274898535729233
0.8297358142417363
0.8319282602449454
0.8340612350795327
0.8361300579659710
0.8381311508545163
0.8400618870995357
0.8419204585237784
0.8437057584152708
0.8454172784864744
0.8470550181419600
0.8486194046318102
0.8501112228421510
0.8515315536227567
0.8528817196727380
0.8541632381169632
0.8553777789990317
0.8565271290033577
0.8576131597949084
0.8586378004329185
0.8596030133752171
0.8605107736454255
0.8613630507815390
0.8621617932291873
0.8629089148801795
0.8636062834912099
0.8642557107477711
0.8648589437655386
0.8654176578449101
0.8659334503159756
0.8664078353298353
0.8668422394693979
0.8672379980673559
0.8675963521324669
0.8679184457977592
0.8682053242142252
0.8684579318236854
0.8686771109533938
0.8688636006819750
0.8690180359345651
0.8691409467706552
0.8692327578346409
0.8692937879450277
0.8693242498023219
0.8693242498023225
0.8692937879450279
0.8692327578346409
0.8691409467706531
0.8690180359345651
0.8688636006819750
0.8686771109533963
0.8684579318236854
0.8682053242142285
0.8679184457977592
0.8675963521324669
0.8672379980673560
0.8668422394693973
0.8664078353298357
0.8659334503159756
0.8654176578449101
0.8648589437655386
0.8642557107477711
0.8636062834912099
0.8629089148801796
0.8621617932291873
0.8613630507815390
0.8605107736454255
0.8596030133752171
0.8586378004329176
0.8576131597949084
0.8565271290033579
0.8553777789990317
0.8541632381169632
0.8528817196727380
0.8515315536227590
0.8501112228421523
0.8486194046318102
0.8470550181419561
0.8454172784864735
0.8437057584152713
0.8419204585237783
0.8400618870995443
0.8381311508545163
0.8361300579659710
0.8340612350795321
0.8319282602449454
0.8297358142417363
0.8274898535729232
0.8251978099181805
0.8228688238918647
0.8205140276590878
0.8181469073342532
0.8157838223620044
0.8134449246588930
0.8134951134173584
0.8158380218338427
0.8182050392373863
0.8205760178689958
0.8229346022235144
0.8252673094691398
0.8275630098873218
0.8298125644355762
0.8320085421712878
0.8341449865766326
0.8362172162095468
0.8382216518216202
0.8401556651440065
0.8420174460574508
0.8438058856864947
0.8455204734455668
0.8471612063833973
0.8487285094016466
0.8502231651004618
0.8516462521508760
0.8529990912164341
0.8542831975563921
0.8555002395382740
0.8566520023726608
0.8577403564596133
0.8587672298037184
0.8597345840158064
0.8606443934730698
0.8614986272583524
0.8622992335409877
0.8630481261014152
0.8637471727341909
0.8643981852955384
0.8650029111875147
0.8655630260950246
0.8660801278134848
0.8665557310228760
0.8669912628818660
0.8673880593294399
0.8677473619961795
0.8680703156377264
0.8683579660151597
0.8686112581554660
0.8688310349348537
0.8690180359345652
0.8691728965272013
0.8692961471567973
0.8693882127832468
0.8694494124660321
0.8694799590684736
0.8694799590684738
0.8694494124660321
0.8693882127832468
0.8692961471567973
0.8691728965272013
0.8690180359345652
0.8688310349348537
0.8686112581554660
0.8683579660151597
0.8680703156377264
0.8677473619961795
0.8673880593294399
0.8669912628818660
0.8665557310228760
0.8660801278134848
0.8655630260950246
0.8650029111875144
0.8643981852955384
0.8637471727341909
0.8630481261014161
0.8622992335409877
0.8614986272583524
0.8606443934730698
0.8597345840158057
0.8587672298037196
0.8577403564596128
0.8566520023726625
0.8555002395382740
0.8542831975563919
0.8529990912164341
0.8516462521508760
0.8502231651004618
0.8487285094016466
0.8471612063833974
0.8455204734455666
0.8438058856864947
0.8420174460574508
0.8401556651440065
0.8382216518216201
0.8362172162095467
0.8341449865766326
0.8320085421712887
0.8298125644355760
0.8275630098873218
0.8252673094691398
0.8229346022235143
0.8205760178689958
0.8182050392373863
0.8158380218338426
0.8134951134173580
0.8135350393165709
0.8158811357266637
0.8182512786803008
0.8206253238116598
0.8229869188287091
0.8253225835832619
0.8276211903683233
0.8298736014498138
0.8320723865221122
0.8342115890987886
0.8362865272463733
0.8382936207915429
0.8402302401954876
0.8420945738086103
0.8438855110423319
0.8456025394850252
0.8472456543075766
0.8488152785344335
0.8503121929337875
0.8517374744257342
0.8530924420331747
0.8543786095068935
0.8555976438542611
0.8567513290845800
0.8578415345611954
0.8588701874183754
0.8598392485609554
0.8607506918197289
0.8616064858831489
0.8624085786690594
0.8631588838380717
0.8638592691847377
0.8645115466719406
0.8651174639017516
0.8656786968385678
0.8661968436229884
0.8666734193324175
0.8671098515616443
0.8675074767120240
0.8678675368901964
0.8681911773303409
0.8684794442637477
0.8687332831693356
0.8689535373480572
0.8691409467706563
0.8692961471567959
0.8694196692492714
0.8695119382530488
0.8695732734149673
0.8696038877250732
0.8696038877250738
0.8695732734149673
0.8695119382530488
0.8694196692492726
0.8692961471567959
0.8691409467706566
0.8689535373480584
0.8687332831693362
0.8684794442637477
0.8681911773303409
0.8678675368901967
0.8675074767120240
0.8671098515616443
0.8666734193324175
0.8661968436229882
0.8656786968385679
0.8651174639017516
0.8645115466719406
0.8638592691847373
0.8631588838380717
0.8624085786690594
0.8616064858831491
0.8607506918197289
0.8598392485609549
0.8588701874183754
0.8578415345611954
0.8567513290845815
0.8555976438542602
0.8543786095068935
0.8530924420331732
0.8517374744257343
0.8503121929337875
0.8488152785344341
0.8472456543075726
0.8456025394850252
0.8438855110423313
0.8420945738086103
0.8402302401954876
0.8382936207915410
0.8362865272463733
0.8342115890987886
0.8320723865221130
0.8298736014498153
0.8276211903683233
0.8253225835832619
0.8229869188287098
0.8206253238116598
0.8182512786803008
0.8158811357266530
0.8135350393165709
0.8135648520872804
0.8159133275188354
0.8182858027676323
0.8206621360516213
0.8230259775239119
0.8253638490823054
0.8276646245597135
0.8299191672328216
0.8321200473009966
0.8342613083264893
0.8363382680297348
0.8383473455631836
0.8402859104524021
0.8421521499134673
0.8439449520834418
0.8456638031883124
0.8473086969946593
0.8488800551202206
0.8503786569572852
0.8518055781084654
0.8531621363591586
0.8544498443197690
0.8556703679664238
0.8568254903946606
0.8579170801762042
0.8589470637771061
0.8599174015564335
0.8608300669181377
0.8616870282375365
0.8624902332260241
0.8632415954367807
0.8639429826466396
0.8645962068812514
0.8652030158756888
0.8657650857876935
0.8662840150010531
0.8667613188762220
0.8671984253209805
0.8675966710700910
0.8679572985749501
0.8682814534172175
0.8685701821703209
0.8688244306428133
0.8690450424457555
0.8692327578346419
0.8693882127832474
0.8695119382530486
0.8696043596285926
0.8696657962941476
0.8696964613326973
0.8696964613326967
0.8696657962941481
0.8696043596285926
0.8695119382530486
0.8693882127832474
0.8692327578346419
0.8690450424457555
0.8688244306428133
0.8685701821703210
0.8682814534172171
0.8679572985749500
0.8675966710700898
0.8671984253209805
0.8667613188762200
0.8662840150010531
0.8657650857876916
0.8652030158756888
0.8645962068812502
0.8639429826466396
0.8632415954367807
0.8624902332260241
0.8616870282375365
0.8608300669181299
0.8599174015564351
0.8589470637771037
0.8579170801762042
0.8568254903946607
0.8556703679664246
0.8544498443197691
0.8531621363591586
0.8518055781084654
0.8503786569572852
0.8488800551202190
0.8473086969946593
0.8456638031883148
0.8439449520834427
0.8421521499134660
0.8402859104524033
0.8383473455631836
0.8363382680297348
0.8342613083264893
0.8321200473009962
0.8299191672328219
0.8276646245597130
0.8253638490823051
0.8230259775239119
0.8206621360516213
0.8182858027676323
0.8159133275188354
0.8135648520872804
0.8135846644550766
0.8159347202096944
0.8183087446814810
0.8206865978290251
0.8230519314523433
0.8253912688289521
0.8276934848330852
0.8299494434291482
0.8321517151661740
0.8342943436506107
0.8363726463827627
0.8383830420751350
0.8403228996371838
0.8421904055353873
0.8439844470620949
0.8457045095385513
0.8473505857971474
0.8489230965182952
0.8504228201763061
0.8518508314933744
0.8532084474267104
0.8544971798221707
0.8557186939631823
0.8568747723301691
0.8579672829602720
0.8589981518669243
0.8599693390375979
0.8608828175836796
0.8617405556634188
0.8625445008423250
0.8632965665934154
0.8639986206734813
0.8646524751417347
0.8652598778140257
0.8658225049690814
0.8663419551454540
0.8668197438851327
0.8672572992978600
0.8676559583343882
0.8680169636700067
0.8683414611126190
0.8686304974588419
0.8688850187324167
0.8691058687472055
0.8692937879450271
0.8694494124660331
0.8695732734149688
0.8696657962941476
0.8697273005779879
0.8697579994102653
0.8697579994102658
0.8697273005779879
0.8696657962941475
0.8695732734149672
0.8694494124660331
0.8692937879450272
0.8691058687472055
0.8688850187324165
0.8686304974588415
0.8683414611126190
0.8680169636700067
0.8676559583343882
0.8672572992978600
0.8668197438851341
0.8663419551454540
0.8658225049690804
0.8652598778140257
0.8646524751417356
0.8639986206734815
0.8632965665934154
0.8625445008423245
0.8617405556634182
0.8608828175836799
0.8599693390375978
0.8589981518669243
0.8579672829602720
0.8568747723301691
0.8557186939631791
0.8544971798221707
0.8532084474267104
0.8518508314933744
0.8504228201763063
0.8489230965182938
0.8473505857971487
0.8457045095385513
0.8439844470620949
0.8421904055353873
0.8403228996371834
0.8383830420751347
0.8363726463827638
0.8342943436506113
0.8321517151661740
0.8299494434291482
0.8276934848330852
0.8253912688289521
0.8230519314523432
0.8206865978290252
0.8183087446814810
0.8159347202096944
0.8135846644550766
0.8135945517712602
0.8159453959821726
0.8183201933753876
0.8206988047853907
0.8230648828405515
0.8254049515129162
0.8277078862018388
0.8299645512196848
0.8321675172941840
0.8343108280574536
0.8363898009029386
0.8384008543258316
0.8403413569300070
0.8422094948090560
0.8440041548344633
0.8457248218761343
0.8473714882999487
0.8489445743179048
0.8504448579450355
0.8518734134627313
0.8532315574131838
0.8545208012586647
0.8557428099347615
0.8568993656124705
0.8579923360597644
0.8590236470614868
0.8599952584170755
0.8609091430892455
0.8617672691252360
0.8625715840150846
0.8633240011892563
0.8640263883919901
0.8646805576968877
0.8652882569577107
0.8658511625114430
0.8663708729716697
0.8668489039691312
0.8672866837125188
0.8676855492585791
0.8680467433929206
0.8683714120348911
0.8686606020911922
0.8689152596918455
0.8691362287508869
0.8693242498023200
0.8694799590684735
0.8696038877250732
0.8696964613326967
0.8697579994102657
0.8697887151318117
0.8697887151318117
0.8697579994102657
0.8696964613326967
0.8696038877250737
0.8694799590684735
0.8693242498023201
0.8691362287508869
0.8689152596918455
0.8686606020911922
0.8683714120348911
0.8680467433929191
0.8676855492585791
0.8672866837125188
0.8668489039691313
0.8663708729716697
0.8658511625114430
0.8652882569577119
0.8646805576968876
0.8640263883919918
0.8633240011892563
0.8625715840150846
0.8617672691252360
0.8609091430892455
0.8599952584170755
0.8590236470614868
0.8579923360597644
0.8568993656124716
0.8557428099347615
0.8545208012586647
0.8532315574131837
0.8518734134627310
0.8504448579450355
0.8489445743179048
0.8473714882999487
0.8457248218761311
0.8440041548344637
0.8422094948090558
0.8403413569300071
0.8384008543258326
0.8363898009029386
0.8343108280574538
0.8321675172941840
0.8299645512196836
0.8277078862018395
0.8254049515129162
0.8230648828405525
0.8206988047853906
0.8183201933753876
0.8159453959821724
0.8135945517712614
0.8135945517712595
0.8159453959821712
0.8183201933753890
0.8206988047853915
0.8230648828405537
0.8254049515129156
0.8277078862018505
0.8299645512196836
0.8321675172941833
0.8343108280574525
0.8363898009029369
0.8384008543258314
0.8403413569300072
0.8422094948090558
0.8440041548344644
0.8457248218761323
0.8473714882999512
0.8489445743179042
0.8504448579450353
0.8518734134627363
0.8532315574131818
0.8545208012586601
0.8557428099347615
0.8568993656124704
0.8579923360597652
0.8590236470614903
0.8599952584170835
0.8609091430892458
0.8617672691252350
0.8625715840150833
0.8633240011892542
0.8640263883919914
0.8646805576968997
0.8652882569577122
0.8658511625114436
0.8663708729716695
0.8668489039691315
0.8672866837125184
0.8676855492585798
0.8680467433929204
0.8683714120348915
0.8686606020911926
0.8689152596918450
0.8691362287508811
0.8693242498023213
0.8694799590684756
0.8696038877250732
0.8696964613326962
0.8697579994102657
0.8697887151318122
0.8697887151318118
0.8697579994102648
0.8696964613326962
0.8696038877250732
0.8694799590684760
0.8693242498023214
0.8691362287508811
0.8689152596918450
0.8686606020911921
0.8683714120348915
0.8680467433929244
0.8676855492585805
0.8672866837125184
0.8668489039691315
0.8663708729716695
0.8658511625114436
0.8652882569577122
0.8646805576968997
0.8640263883919920
0.8633240011892542
0.8625715840150834
0.8617672691252350
0.8609091430892445
0.8599952584170835
0.8590236470614903
0.8579923360597652
0.8568993656124712
0.8557428099347615
0.8545208012586601
0.8532315574131834
0.8518734134627368
0.8504448579450353
0.8489445743179042
0.8473714882999512
0.8457248218761323
0.8440041548344619
0.8422094948090558
0.8403413569300072
0.8384008543258314
0.8363898009029377
0.8343108280574525
0.8321675172941833
0.8299645512196836
0.8277078862018505
0.8254049515129156
0.8230648828405537
0.8206988047853917
0.8183201933753890
0.8159453959821719
0.8135945517712595
0.8135846644550792
0.8159347202096944
0.8183087446814813
0.8206865978290252
0.8230519314523423
0.8253912688289584
0.8276934848330855
0.8299494434291473
0.8321517151661731
0.8342943436506109
0.8363726463827619
0.8383830420751354
0.8403228996371840
0.8421904055353867
0.8439844470620944
0.8457045095385534
0.8473505857971479
0.8489230965183047
0.8504228201763060
0.8518508314933736
0.8532084474267105
0.8544971798221714
0.8557186939631822
0.8568747723301797
0.8579672829602715
0.8589981518669236
0.8599693390375980
0.8608828175836787
0.8617405556634181
0.8625445008423248
0.8632965665934148
0.8639986206734820
0.8646524751417355
0.8652598778140250
0.8658225049690803
0.8663419551454531
0.8668197438851354
0.8672572992978596
0.8676559583343877
0.8680169636700069
0.8683414611126201
0.8686304974588419
0.8688850187324167
0.8691058687472036
0.8692937879450280
0.8694494124660319
0.8695732734149673
0.8696657962941488
0.8697273005779863
0.8697579994102657
0.8697579994102657
0.8697273005779863
0.8696657962941488
0.8695732734149667
0.8694494124660316
0.8692937879450283
0.8691058687472036
0.8688850187324167
0.8686304974588445
0.8683414611126201
0.8680169636700071
0.8676559583343879
0.8672572992978596
0.8668197438851354
0.8663419551454531
0.8658225049690813
0.8652598778140250
0.8646524751417355
0.8639986206734819
0.8632965665934148
0.8625445008423247
0.8617405556634181
0.8608828175836796
0.8599693390375980
0.8589981518669236
0.8579672829602716
0.8568747723301804
0.8557186939631822
0.8544971798221711
0.8532084474267105
0.8518508314933736
0.8504228201763061
0.8489230965183050
0.8473505857971477
0.8457045095385529
0.8439844470620944
0.8421904055353867
0.8403228996371832
0.8383830420751335
0.8363726463827613
0.8342943436506109
0.8321517151661731
0.8299494434291473
0.8276934848330855
0.8253912688289524
0.8230519314523423
0.8206865978290239
0.8183087446814813
0.8159347202096944
0.8135846644550792
0.8135648520872792
0.8159133275188354
0.8182858027676331
0.8206621360516211
0.8230259775239107
0.8253638490823051
0.8276646245597139
0.8299191672328212
0.8321200473009955
0.8342613083264886
0.8363382680297362
0.8383473455631841
0.8402859104524030
0.8421521499134647
0.8439449520834431
0.8456638031883121
0.8473086969946603
0.8488800551202201
0.8503786569572855
0.8518055781084644
0.8531621363591584
0.8544498443197686
0.8556703679664223
0.8568254903946618
0.8579170801762039
0.8589470637771045
0.8599174015564326
0.8608300669181311
0.8616870282375365
0.8624902332260244
0.8632415954367842
0.8639429826466397
0.8645962068812487
0.8652030158756888
0.8657650857876907
0.8662840150010539
0.8667613188762218
0.8671984253209815
0.8675966710700900
0.8679572985749485
0.8682814534172189
0.8685701821703294
0.8688244306428125
0.8690450424457552
0.8692327578346405
0.8693882127832480
0.8695119382530486
0.8696043596285927
0.8696657962941483
0.8696964613326930
0.8696964613326967
0.8696657962941483
0.8696043596285927
0.8695119382530486
0.8693882127832480
0.8692327578346405
0.8690450424457552
0.8688244306428125
0.8685701821703294
0.8682814534172190
0.8679572985749485
0.8675966710700901
0.8671984253209815
0.8667613188762218
0.8662840150010539
0.8657650857876907
0.8652030158756888
0.8645962068812487
0.8639429826466400
0.8632415954367842
0.8624902332260244
0.8616870282375344
0.8608300669181311
0.8599174015564298
0.8589470637771045
0.8579170801762040
0.8568254903946618
0.8556703679664223
0.8544498443197689
0.8531621363591584
0.8518055781084651
0.8503786569572855
0.8488800551202197
0.8473086969946604
0.8456638031883121
0.8439449520834412
0.8421521499134647
0.8402859104524030
0.8383473455631841
0.8363382680297361
0.8342613083264888
0.8321200473009963
0.8299191672328212
0.8276646245597139
0.8253638490823051
0.8230259775239118
0.8206621360516211
0.8182858027676331
0.8159133275188354
0.8135648520872792
0.8135350393165597
0.8158811357266526
0.8182512786803009
0.8206253238116601
0.8229869188287079
0.8253225835832600
0.8276211903683227
0.8298736014498150
0.8320723865221112
0.8342115890987871
0.8362865272463724
0.8382936207915430
0.8402302401954873
0.8420945738086101
0.8438855110423332
0.8456025394850251
0.8472456543075767
0.8488152785344345
0.8503121929337875
0.8517374744257300
0.8530924420331730
0.8543786095068925
0.8555976438542610
0.8567513290845807
0.8578415345611947
0.8588701874183753
0.8598392485609554
0.8607506918197290
0.8616064858831481
0.8624085786690677
0.8631588838380740
0.8638592691847369
0.8645115466719422
0.8651174639017518
0.8656786968385677
0.8661968436229923
0.8666734193324179
0.8671098515616449
0.8675074767120263
0.8678675368901975
0.8681911773303402
0.8684794442637487
0.8687332831693361
0.8689535373480582
0.8691409467706458
0.8692961471567967
0.8694196692492736
0.8695119382530471
0.8695732734149672
0.8696038877250731
0.8696038877250731
0.8695732734149666
0.8695119382530471
0.8694196692492736
0.8692961471567971
0.8691409467706458
0.8689535373480582
0.8687332831693361
0.8684794442637489
0.8681911773303402
0.8678675368901970
0.8675074767120267
0.8671098515616444
0.8666734193324179
0.8661968436229922
0.8656786968385687
0.8651174639017519
0.8645115466719415
0.8638592691847369
0.8631588838380740
0.8624085786690683
0.8616064858831481
0.8607506918197290
0.8598392485609554
0.8588701874183753
0.8578415345611947
0.8567513290845837
0.8555976438542610
0.8543786095068945
0.8530924420331730
0.8517374744257300
0.8503121929337875
0.8488152785344345
0.8472456543075767
0.8456025394850251
0.8438855110423331
0.8420945738086107
0.8402302401954873
0.8382936207915425
0.8362865272463724
0.8342115890987870
0.8320723865221075
0.8298736014498150
0.8276211903683239
0.8253225835832598
0.8229869188287079
0.8206253238116605
0.8182512786803009
0.8158811357266524
0.8135350393165597
0.8134951134173606
0.8158380218338424
0.8182050392373849
0.8205760178689966
0.8229346022235137
0.8252673094691403
0.8275630098873219
0.8298125644355739
0.8320085421712877
0.8341449865766326
0.8362172162095459
0.8382216518216213
0.8401556651440056
0.8420174460574544
0.8438058856864928
0.8455204734455670
0.8471612063833983
0.8487285094016446
0.8502231651004626
0.8516462521508729
0.8529990912164347
0.8542831975563915
0.8555002395382748
0.8566520023726628
0.8577403564596123
0.8587672298037190
0.8597345840158058
0.8606443934730692
0.8614986272583518
0.8622992335409873
0.8630481261014180
0.8637471727341905
0.8643981852955372
0.8650029111875166
0.8655630260950273
0.8660801278134846
0.8665557310228864
0.8669912628818650
0.8673880593294420
0.8677473619961789
0.8680703156377265
0.8683579660151527
0.8686112581554665
0.8688310349348539
0.8690180359345658
0.8691728965272002
0.8692961471567960
0.8693882127832474
0.8694494124660311
0.8694799590684748
0.8694799590684756
0.8694494124660319
0.8693882127832474
0.8692961471567968
0.8691728965272001
0.8690180359345651
0.8688310349348534
0.8686112581554670
0.8683579660151527
0.8680703156377265
0.8677473619961797
0.8673880593294420
0.8669912628818653
0.8665557310228864
0.8660801278134846
0.8655630260950273
0.8650029111875143
0.8643981852955372
0.8637471727341907
0.8630481261014180
0.8622992335409874
0.8614986272583516
0.8606443934730692
0.8597345840158058
0.8587672298037186
0.8577403564596123
0.8566520023726601
0.8555002395382741
0.8542831975563916
0.8529990912164340
0.8516462521508729
0.8502231651004617
0.8487285094016446
0.8471612063833984
0.8455204734455670
0.8438058856864928
0.8420174460574544
0.8401556651440061
0.8382216518216216
0.8362172162095456
0.8341449865766326
0.8320085421712879
0.8298125644355733
0.8275630098873218
0.8252673094691394
0.8229346022235137
0.8205760178689963
0.8182050392373846
0.8158380218338424
0.8134951134173606
0.8134449246588930
0.8157838223620042
0.8181469073342522
0.8205140276590873
0.8228688238918652
0.8251978099181799
0.8274898535729235
0.8297358142417351
0.8319282602449461
0.8340612350795347
0.8361300579659704
0.8381311508545163
0.8400618870995452
0.8419204585237786
0.8437057584152722
0.8454172784864731
0.8470550181419594
0.8486194046318090
0.8501112228421519
0.8515315536227572
0.8528817196727384
0.8541632381169638
0.8553777789990320
0.8565271290033549
0.8576131597949090
0.8586378004329176
0.8596030133752203
0.8605107736454233
0.8613630507815404
0.8621617932291867
0.8629089148801801
0.8636062834912096
0.8642557107477713
0.8648589437655403
0.8654176578449094
0.8659334503159758
0.8664078353298356
0.8668422394693988
0.8672379980673552
0.8675963521324678
0.8679184457977599
0.8682053242142250
0.8684579318236884
0.8686771109533963
0.8688636006819743
0.8690180359345652
0.8691409467706456
0.8692327578346416
0.8692937879450272
0.8693242498023209
0.8693242498023206
0.8692937879450272
0.8692327578346409
0.8691409467706461
0.8690180359345652
0.8688636006819743
0.8686771109533961
0.8684579318236884
0.8682053242142251
0.8679184457977601
0.8675963521324678
0.8672379980673552
0.8668422394693988
0.8664078353298357
0.8659334503159756
0.8654176578449094
0.8648589437655403
0.8642557107477713
0.8636062834912096
0.8629089148801801
0.8621617932291866
0.8613630507815379
0.8605107736454233
0.8596030133752203
0.8586378004329170
0.8576131597949092
0.8565271290033567
0.8553777789990322
0.8541632381169638
0.8528817196727395
0.8515315536227572
0.8501112228421519
0.8486194046318095
0.8470550181419555
0.8454172784864733
0.8437057584152722
0.8419204585237786
0.8400618870995452
0.8381311508545163
0.8361300579659712
0.8340612350795329
0.8319282602449452
0.8297358142417351
0.8274898535729235
0.8251978099181799
0.8228688238918652
0.8205140276590873
0.8181469073342522
0.8157838223620043
0.8134449246588934
0.8133842868097252
0.8157183338162178
0.8180766623634222
0.8204391156710237
0.8227893296812281
0.8251138144475719
0.8274014349699377
0.8296430488424451
0.8318312235885528
0.8339600028032226
0.8360247065736707
0.8380217583509636
0.8399485334901324
0.8418032261870062
0.8435847323583173
0.8452925464961176
0.8469266708442963
0.8484875354734569
0.8499759280062259
0.8513929318914386
0.8527398722480952
0.8540182684097372
0.8552297923948793
0.8563762326150044
0.8574594622070011
0.8584814114457833
0.8594440437532911
0.8603493348740543
0.8611992548364713
0.8619957523610499
0.8627407414166933
0.8634360896584349
0.8640836085118565
0.8646850446952370
0.8652420729956646
0.8657562901349926
0.8662292095822267
0.8666622571847092
0.8670567675053807
0.8674139807679060
0.8677350403220477
0.8680209905537918
0.8682727751731958
0.8684912358222765
0.8686771109533965
0.8688310349348556
0.8689535373480585
0.8690450424457539
0.8691058687472056
0.8691362287508851
0.8691362287508848
0.8691058687472061
0.8690450424457556
0.8689535373480585
0.8688310349348556
0.8686771109533965
0.8684912358222768
0.8682727751731958
0.8680209905537918
0.8677350403220477
0.8674139807679060
0.8670567675053807
0.8666622571847092
0.8662292095822268
0.8657562901349926
0.8652420729956646
0.8646850446952395
0.8640836085118545
0.8634360896584343
0.8627407414166933
0.8619957523610499
0.8611992548364713
0.8603493348740544
0.8594440437532912
0.8584814114457845
0.8574594622070011
0.8563762326150044
0.8552297923948801
0.8540182684097372
0.8527398722480963
0.8513929318914386
0.8499759280062262
0.8484875354734569
0.8469266708442963
0.8452925464961176
0.8435847323583173
0.8418032261870064
0.8399485334901324
0.8380217583509633
0.8360247065736707
0.8339600028032226
0.8318312235885518
0.8296430488424451
0.8274014349699377
0.8251138144475715
0.8227893296812281
0.8204391156710237
0.8180766623634207
0.8157183338162178
0.8133842868097256
0.8133129777886592
0.8156413132832852
0.8179940407603951
0.8203509979408234
0.8226958155452482
0.8250149993066979
0.8272974110589499
0.8295339064383913
0.8317170521616623
0.8338408920497908
0.8359007473011081
0.8378930432045282
0.8398151575222499
0.8416652872776621
0.8434423314987863
0.8451457879505958
0.8467756622054825
0.8483323876271117
0.8498167550204417
0.8512298508444553
0.8525730030081248
0.8538477333790548
0.8550557162286576
0.8561987419245674
0.8572786852560884
0.8582974778466986
0.8592570841694970
0.8601594807337848
0.8610066380618194
0.8618005051160016
0.8625429958762378
0.8632359778008579
0.8638812619354442
0.8644805944601386
0.8650356494909930
0.8655480229712293
0.8660192275085257
0.8664506880298335
0.8668437381420274
0.8671996170986872
0.8675194672861474
0.8678043321523647
0.8680551545126513
0.8682727751731955
0.8684579318236885
0.8686112581554657
0.8687332831693364
0.8688244306428132
0.8688850187324171
0.8689152596918449
0.8689152596918455
0.8688850187324176
0.8688244306428128
0.8687332831693364
0.8686112581554657
0.8684579318236885
0.8682727751731955
0.8680551545126513
0.8678043321523644
0.8675194672861469
0.8671996170986872
0.8668437381420274
0.8664506880298333
0.8660192275085257
0.8655480229712290
0.8650356494909953
0.8644805944601383
0.8638812619354447
0.8632359778008579
0.8625429958762378
0.8618005051160016
0.8610066380618194
0.8601594807337848
0.8592570841694970
0.8582974778466986
0.8572786852560884
0.8561987419245674
0.8550557162286576
0.8538477333790552
0.8525730030081258
0.8512298508444557
0.8498167550204414
0.8483323876271180
0.8467756622054825
0.8451457879505958
0.8434423314987863
0.8416652872776621
0.8398151575222499
0.8378930432045282
0.8359007473011083
0.8338408920497907
0.8317170521616731
0.8295339064383872
0.8272974110589495
0.8250149993066987
0.8226958155452482
0.8203509979408234
0.8179940407603948
0.8156413132832859
0.8133129777886587
0.8132307404756962
0.8155524791800390
0.8178987366885742
0.8202493446738331
0.8225879281052431
0.8249009879800704
0.8271773827038502
0.8294079658534332
0.8315853033878824
0.8337034395361758
0.8357576968997737
0.8377445029836889
0.8396612383982222
0.8415061034758777
0.8432780008586882
0.8449764320910965
0.8466014065693025
0.8481533614223699
0.8496330910768960
0.8510416854008347
0.8523804754463548
0.8536509859185156
0.8548548935937013
0.8559939909958312
0.8570701547151185
0.8580853178224241
0.8590414458931797
0.8599405162082565
0.8607844997499008
0.8615753456513554
0.8623149677997251
0.8630052333245154
0.8636479527348468
0.8642448714966574
0.8647976628633205
0.8653079217966220
0.8657771598325567
0.8662068007641242
0.8665981770285963
0.8669525266994115
0.8672709909958192
0.8675546122339889
0.8678043321523622
0.8680209905537920
0.8682053242142256
0.8683579660151537
0.8684794442637478
0.8685701821703211
0.8686304974588410
0.8686606020911922
0.8686606020911922
0.8686304974588410
0.8685701821703211
0.8684794442637471
0.8683579660151537
0.8682053242142256
0.8680209905537909
0.8678043321523622
0.8675546122339889
0.8672709909958192
0.8669525266994121
0.8665981770285955
0.8662068007641242
0.8657771598325567
0.8653079217966220
0.8647976628633205
0.8642448714966574
0.8636479527348468
0.8630052333245154
0.8623149677997251
0.8615753456513550
0.8607844997499007
0.8599405162082565
0.8590414458931802
0.8580853178224240
0.8570701547151185
0.8559939909958312
0.8548548935937013
0.8536509859185158
0.8523804754463548
0.8510416854008347
0.8496330910768960
0.8481533614223699
0.8466014065693014
0.8449764320910963
0.8432780008586886
0.8415061034758777
0.8396612383982224
0.8377445029836906
0.8357576968997699
0.8337034395361758
0.8315853033878832
0.8294079658534328
0.8271773827038502
0.8249009879800704
0.8225879281052431
0.8202493446738331
0.8178987366885742
0.8155524791800393
0.8132307404756974
0.8131372837000980
0.8154515121684472
0.8177904028807380
0.8201337810136172
0.8224652653481248
0.8247713518175660
0.8270408952184020
0.8292647470418971
0.8314354726086186
0.8335471168002923
0.8355950039693496
0.8375755642627808
0.8394861816194024
0.8413250601939155
0.8430911067675189
0.8447838271849566
0.8464032351678522
0.8479497720815595
0.8494242364049241
0.8508277217986164
0.8521615627897097
0.8534272871980404
0.8546265745259464
0.8557612196188195
0.8568331009784722
0.8578441531814036
0.8587963429143572
0.8596916481933884
0.8605320403823892
0.8613194686703182
0.8620558467037981
0.8627430411078467
0.8633828616566777
0.8639770528848428
0.8645272869522448
0.8650351575987367
0.8655021750429438
0.8659297616968264
0.8663192485831853
0.8666718723563297
0.8669887728385463
0.8672709909958199
0.8675194672861430
0.8677350403220477
0.8679184457977592
0.8680703156377260
0.8681911773303397
0.8682814534172189
0.8683414611126200
0.8683714120348913
0.8683714120348913
0.8683414611126197
0.8682814534172189
0.8681911773303397
0.8680703156377260
0.8679184457977592
0.8677350403220461
0.8675194672861434
0.8672709909958199
0.8669887728385463
0.8666718723563305
0.8663192485831858
0.8659297616968264
0.8655021750429438
0.8650351575987367
0.8645272869522438
0.8639770528848428
0.8633828616566777
0.8627430411078472
0.8620558467037981
0.8613194686703178
0.8605320403823892
0.8596916481933884
0.8587963429143572
0.8578441531814036
0.8568331009784723
0.8557612196188193
0.8546265745259491
0.8534272871980402
0.8521615627897097
0.8508277217986164
0.8494242364049189
0.8479497720815595
0.8464032351678491
0.8447838271849566
0.8430911067675187
0.8413250601939154
0.8394861816194024
0.8375755642627801
0.8355950039693495
0.8335471168002923
0.8314354726086186
0.8292647470418971
0.8270408952184020
0.8247713518175660
0.8224652653481248
0.8201337810136172
0.8177904028807380
0.8154515121684472
0.8131372837000980
0.8130322834260219
0.8153380562582081
0.8176686516583006
0.8200038879782255
0.8223273774823400
0.8246256108133017
0.8268874390726235
0.8291037117285581
0.8312669936627367
0.8333713307277937
0.8354120494387041
0.8373855830652206
0.8392893194003159
0.8411214669683172
0.8428809372403553
0.8445672408972090
0.8461803964936258
0.8477208500987687
0.8491894046630828
0.8505871580046701
0.8519154484316278
0.8531758071238035
0.8543699164938779
0.8554995738327341
0.8565666596198108
0.8575731099483822
0.8585208925762937
0.8594119861676033
0.8602483623389969
0.8610319701686616
0.8617647228644616
0.8624484863217129
0.8630850693326890
0.8636762152369353
0.8642235948250233
0.8647288003318003
0.8651933403723656
0.8656186356925843
0.8660060156207595
0.8663567151202565
0.8666718723563306
0.8669525266994127
0.8671996170986874
0.8674139807679094
0.8675963521324669
0.8677473619961800
0.8678675368901964
0.8679572985749485
0.8680169636700070
0.8680467433929209
0.8680467433929209
0.8680169636700070
0.8679572985749485
0.8678675368901969
0.8677473619961795
0.8675963521324669
0.8674139807679088
0.8671996170986873
0.8669525266994118
0.8666718723563309
0.8663567151202570
0.8660060156207595
0.8656186356925828
0.8651933403723674
0.8647288003318003
0.8642235948250233
0.8636762152369351
0.8630850693326890
0.8624484863217129
0.8617647228644607
0.8610319701686616
0.8602483623389969
0.8594119861676028
0.8585208925762933
0.8575731099483790
0.8565666596198108
0.8554995738327341
0.8543699164938779
0.8531758071238035
0.8519154484316278
0.8505871580046696
0.8491894046630836
0.8477208500987689
0.8461803964936252
0.8445672408972014
0.8428809372403553
0.8411214669683162
0.8392893194003153
0.8373855830652227
0.8354120494387037
0.8333713307277938
0.8312669936627346
0.8291037117285581
0.8268874390726235
0.8246256108133011
0.8223273774823400
0.8200038879782255
0.8176686516583009
0.8153380562582075
0.8130322834260219
0.8129153841590316
0.8152117201210340
0.8175330561520406
0.8198592035884595
0.8221737679761029
0.8244632345580462
0.8267164507651500
0.8289242642066922
0.8310792396187532
0.8331754242260048
0.8352081471908718
0.8371738454485890
0.8390699112219728
0.8408945579919106
0.8426467024966642
0.8443258608049983
0.8459320568170421
0.8474657417681529
0.8489277234847756
0.8503191042837617
0.8516412265290538
0.8528956249682218
0.8540839850650097
0.8552081066317087
0.8562698721395191
0.8572712191545946
0.8582141164092311
0.8591005430704279
0.8599324708199880
0.8607118484007883
0.8614405883260171
0.8621205554796979
0.8627535573704661
0.8633413358261103
0.8638855599417531
0.8643878201160549
0.8648496230291017
0.8652723874331908
0.8656574406422816
0.8660060156207599
0.8663192485831860
0.8665981770285972
0.8668437381420274
0.8670567675053811
0.8672379980673544
0.8673880593294399
0.8675074767120265
0.8675966710700901
0.8676559583343877
0.8676855492585792
0.8676855492585805
0.8676559583343877
0.8675966710700870
0.8675074767120265
0.8673880593294399
0.8672379980673544
0.8670567675053811
0.8668437381420274
0.8665981770285964
0.8663192485831860
0.8660060156207595
0.8656574406422802
0.8652723874331925
0.8648496230291016
0.8643878201160549
0.8638855599417531
0.8633413358260994
0.8627535573704660
0.8621205554796979
0.8614405883260171
0.8607118484007883
0.8599324708199880
0.8591005430704282
0.8582141164092313
0.8572712191545946
0.8562698721395203
0.8552081066317087
0.8540839850650093
0.8528956249682262
0.8516412265290604
0.8503191042837630
0.8489277234847756
0.8474657417681529
0.8459320568170422
0.8443258608049969
0.8426467024966642
0.8408945579919113
0.8390699112219728
0.8371738454485909
0.8352081471908714
0.8331754242260048
0.8310792396187532
0.8289242642066927
0.8267164507651500
0.8244632345580462
0.8221737679761036
0.8198592035884594
0.8175330561520406
0.8152117201210339
0.8129153841590322
0.8127862006020494
0.8150720786443212
0.8173831517529317
0.8196992242169168
0.8220038948076045
0.8242836433952395
0.8265273138908128
0.8287257523258668
0.8308715236905102
0.8329586770775236
0.8349825448643269
0.8369395682637657
0.8388271445605001
0.8406434928208254
0.8423875356566568
0.8440587950922612
0.8456573008888112
0.8471835099018038
0.8486382352190815
0.8500225839685390
0.8513379028077179
0.8525857302146563
0.8537677547940322
0.8548857788993459
0.8559416869475390
0.8569374178711886
0.8578749412147909
0.8587562364374828
0.8595832750320103
0.8603580051154919
0.8610823381854289
0.8617581377695275
0.8623872097295261
0.8629712940059406
0.8635120576155642
0.8640110887363267
0.8644698917315088
0.8648898829850317
0.8652723874331915
0.8656186356925857
0.8659297616968262
0.8662068007641237
0.8664506880298323
0.8666622571847105
0.8668422394693976
0.8669912628818660
0.8671098515616443
0.8671984253209809
0.8672572992978600
0.8672866837125184
0.8672866837125186
0.8672572992978584
0.8671984253209809
0.8671098515616444
0.8669912628818660
0.8668422394693974
0.8666622571847105
0.8664506880298334
0.8662068007641237
0.8659297616968266
0.8656186356925835
0.8652723874331915
0.8648898829850317
0.8644698917315088
0.8640110887363268
0.8635120576155642
0.8629712940059406
0.8623872097295258
0.8617581377695299
0.8610823381854289
0.8603580051154928
0.8595832750320103
0.8587562364374830
0.8578749412147911
0.8569374178711893
0.8559416869475390
0.8548857788993459
0.8537677547940323
0.8525857302146563
0.8513379028077175
0.8500225839685397
0.8486382352190751
0.8471835099018038
0.8456573008888114
0.8440587950922612
0.8423875356566574
0.8406434928208261
0.8388271445605008
0.8369395682637659
0.8349825448643269
0.8329586770775238
0.8308715236905102
0.8287257523258668
0.8265273138908128
0.8242836433952395
0.8220038948076058
0.8196992242169172
0.8173831517529317
0.8150720786443207
0.8127862006020494
0.8126443195920233
0.8149186747574503
0.8172184378262334
0.8195234061912339
0.8218171719605187
0.8240862098142585
0.8263193604393280
0.8285074687041128
0.8306431003729982
0.8327203070106473
0.8347344248694146
0.8366819001294100
0.8385601358306412
0.8403673572996111
0.8421024936586030
0.8437650734701402
0.8453551328730333
0.8468731347847011
0.8483198979152701
0.8496965344809670
0.8510043956260163
0.8522450236689829
0.8534201103857740
0.8545314606261011
0.8555809606377052
0.8565705505406142
0.8575022004558953
0.8583778898487512
0.8591995896939688
0.8599692471180681
0.8606887722090960
0.8613600267225650
0.8619848144416966
0.8625648729783714
0.8631018668260503
0.8635973814980474
0.8640529186034892
0.8644698917315102
0.8648496230291017
0.8651933403723567
0.8655021750429432
0.8657771598325565
0.8660192275085244
0.8662292095822257
0.8664078353298352
0.8665557310228745
0.8666734193324178
0.8667613188762215
0.8668197438851345
0.8668489039691317
0.8668489039691318
0.8668197438851338
0.8667613188762205
0.8666734193324178
0.8665557310228740
0.8664078353298352
0.8662292095822257
0.8660192275085257
0.8657771598325565
0.8655021750429432
0.8651933403723567
0.8648496230291017
0.8644698917315107
0.8640529186034884
0.8635973814980474
0.8631018668260502
0.8625648729783715
0.8619848144416966
0.8613600267225650
0.8606887722090965
0.8599692471180682
0.8591995896939688
0.8583778898487503
0.8575022004558953
0.8565705505406142
0.8555809606377066
0.8545314606261011
0.8534201103857705
0.8522450236689897
0.8510043956260150
0.8496965344809664
0.8483198979152701
0.8468731347847011
0.8453551328730333
0.8437650734701397
0.8421024936586028
0.8403673572996111
0.8385601358306414
0.8366819001294100
0.8347344248694146
0.8327203070106471
0.8306431003729982
0.8285074687041126
0.8263193604393310
0.8240862098142585
0.8218171719605187
0.8195234061912339
0.8172184378262346
0.8149186747574496
0.8126443195920231
0.8124893023541899
0.8147510215668267
0.8170383797262230
0.8193311676892066
0.8216129712038784
0.8238702601211242
0.8260918723646040
0.8282686522057924
0.8303931668405948
0.8324594710297247
0.8344629056641005
0.8363999226662124
0.8382679315921979
0.8400651647525599
0.8417905584475888
0.8434436483747050
0.8450244775648723
0.8465335154217140
0.8479715866079960
0.8493398086629486
0.8506395373572899
0.8518723188984474
0.8530398481948176
0.8541439324724486
0.8551864596158320
0.8561693706717194
0.8570946360182004
0.8579642347559731
0.8587801369291560
0.8595442882256241
0.8602585968493197
0.8609249222889653
0.8615450657418916
0.8621207619777534
0.8626536724528003
0.8631453795072841
0.8635973814980420
0.8640110887363284
0.8643878201160554
0.8647288003317984
0.8650351575987432
0.8653079217966202
0.8655480229712303
0.8657562901349908
0.8659334503159705
0.8660801278134853
0.8661968436229920
0.8662840150010531
0.8663419551454526
0.8663708729716687
0.8663708729716687
0.8663419551454550
0.8662840150010523
0.8661968436229920
0.8660801278134835
0.8659334503159705
0.8657562901349908
0.8655480229712307
0.8653079217966202
0.8650351575987437
0.8647288003317984
0.8643878201160556
0.8640110887363270
0.8635973814980485
0.8631453795072861
0.8626536724528009
0.8621207619777534
0.8615450657418916
0.8609249222889653
0.8602585968493197
0.8595442882256241
0.8587801369291560
0.8579642347559701
0.8570946360182005
0.8561693706717194
0.8551864596158320
0.8541439324724486
0.8530398481948176
0.8518723188984568
0.8506395373572899
0.8493398086629484
0.8479715866079960
0.8465335154217140
0.8450244775648719
0.8434436483747050
0.8417905584475888
0.8400651647525594
0.8382679315921980
0.8363999226662124
0.8344629056641012
0.8324594710297247
0.8303931668405948
0.8282686522057940
0.8260918723646040
0.8238702601211242
0.8216129712038784
0.8193311676892062
0.8170383797262228
0.8147510215668267
0.8124893023541899
0.8123206871156041
0.8145686048432204
0.8168424111548485
0.8191218909707378
0.8213906242010235
0.8236350764315169
0.8258440834714904
0.8280084897335566
0.8301208646564332
0.8321752670564064
0.8341670433414591
0.8360926520455996
0.8379495100747408
0.8397358574986798
0.8414506384947148
0.8430933965033354
0.8446641819552105
0.8461634711414383
0.8475920949692693
0.8489511764839296
0.8502420761597010
0.8514663440688528
0.8526256781334784
0.8537218877503987
0.8547568621566709
0.8557325429720406
0.8566509004176045
0.8575139127647833
0.8583235486198071
0.8590817516922772
0.8597904277371258
0.8604514333951012
0.8610665666870814
0.8616375589476052
0.8621660680068237
0.8626536724528002
0.8631018668260501
0.8635120576155657
0.8638855599417529
0.8642235948250226
0.8645272869522446
0.8647976628633193
0.8650356494909929
0.8652420729956647
0.8654176578449092
0.8655630260950251
0.8656786968385682
0.8657650857876908
0.8658225049690815
0.8658511625114430
0.8658511625114430
0.8658225049690815
0.8657650857876932
0.8656786968385682
0.8655630260950260
0.8654176578449092
0.8652420729956647
0.8650356494909929
0.8647976628633193
0.8645272869522446
0.8642235948250233
0.8638855599417529
0.8635120576155632
0.8631018668260501
0.8626536724527996
0.8621660680068223
0.8616375589476062
0.8610665666870814
0.8604514333951012
0.8597904277371258
0.8590817516922772
0.8583235486198079
0.8575139127647833
0.8566509004176027
0.8557325429720406
0.8547568621566705
0.8537218877503987
0.8526256781334784
0.8514663440688529
0.8502420761597010
0.8489511764839321
0.8475920949692693
0.8461634711414383
0.8446641819552072
0.8430933965033354
0.8414506384947148
0.8397358574986794
0.8379495100747409
0.8360926520455989
0.8341670433414592
0.8321752670564065
0.8301208646564331
0.8280084897335566
0.8258440834714901
0.8236350764315169
0.8213906242010215
0.8191218909707373
0.8168424111548485
0.8145686048432204
0.8123206871156053
0.8121379921249170
0.8143708859083579
0.8166299369134469
0.8188949249954922
0.8211494249985962
0.8233798990388290
0.8255751816733427
0.8277261183880700
0.8298252818493294
0.8318667359390605
0.8338458335882383
0.8357590409142065
0.8376037830843003
0.8393783087569004
0.8410815707153328
0.8427131207596489
0.8442730172155951
0.8457617436316265
0.8471801374037793
0.8485293272043104
0.8498106782138749
0.8510257442612343
0.8521762260713374
0.8532639349078989
0.8542907609739641
0.8552586460037892
0.8561695595415466
0.8570254784586856
0.8578283693124421
0.8585801731919327
0.8592827927397919
0.8599380810721159
0.8605478323518025
0.8611137737990793
0.8616375589476063
0.8621207619777529
0.8625648729783717
0.8629712940059410
0.8633413358261108
0.8636762152369358
0.8639770528848421
0.8642448714966573
0.8644805944601387
0.8646850446952346
0.8648589437655392
0.8650029111875143
0.8651174639017526
0.8652030158756880
0.8652598778140240
0.8652882569577107
0.8652882569577107
0.8652598778140240
0.8652030158756884
0.8651174639017525
0.8650029111875172
0.8648589437655405
0.8646850446952346
0.8644805944601385
0.8642448714966573
0.8639770528848421
0.8636762152369358
0.8633413358261104
0.8629712940059410
0.8625648729783707
0.8621207619777527
0.8616375589476047
0.8611137737990787
0.8605478323518037
0.8599380810721159
0.8592827927397919
0.8585801731919330
0.8578283693124421
0.8570254784586856
0.8561695595415466
0.8552586460037892
0.8542907609739639
0.8532639349078994
0.8521762260713374
0.8510257442612351
0.8498106782138749
0.8485293272043108
0.8471801374037797
0.8457617436316265
0.8442730172155947
0.8427131207596489
0.8410815707153326
0.8393783087569012
0.8376037830843003
0.8357590409142065
0.8338458335882383
0.8318667359390605
0.8298252818493294
0.8277261183880700
0.8255751816733427
0.8233798990388290
0.8211494249985962
0.8188949249954922
0.8166299369134470
0.8143708859083632
0.8121379921249170
0.8119407191317867
0.8141573049763878
0.8164003361031861
0.8186495884840789
0.8208886329535146
0.8231039292163477
0.8252843116815702
0.8274206280594886
0.8295054554230986
0.8315328638981936
0.8334982140844963
0.8353979807662147
0.8372295983667886
0.8389913250176204
0.8406821228655814
0.8423015526899682
0.8438496811870674
0.8453269994924242
0.8467343516764324
0.8480728720850705
0.8493439305208372
0.8505490843627916
0.8516900368219170
0.8527686006128573
0.8537866664023758
0.8547461754626506
0.8556490960226016
0.8564974028656471
0.8572930597733498
0.8580380044600083
0.8587341356839588
0.8593833022561421
0.8599872937010903
0.8605478323518043
0.8610665666870826
0.8615450657418918
0.8619848144416967
0.8623872097295251
0.8627535573704663
0.8630850693326899
0.8633828616566777
0.8636479527348463
0.8638812619354441
0.8640836085118545
0.8642557107477706
0.8643981852955387
0.8645115466719407
0.8645962068812503
0.8646524751417366
0.8646805576968999
0.8646805576968993
0.8646524751417366
0.8645962068812491
0.8645115466719424
0.8643981852955387
0.8642557107477707
0.8640836085118545
0.8638812619354441
0.8636479527348461
0.8633828616566777
0.8630850693326899
0.8627535573704663
0.8623872097295248
0.8619848144416967
0.8615450657418917
0.8610665666870826
0.8605478323518023
0.8599872937010903
0.8593833022561421
0.8587341356839585
0.8580380044600079
0.8572930597733498
0.8564974028656476
0.8556490960226021
0.8547461754626506
0.8537866664023744
0.8527686006128573
0.8516900368219170
0.8505490843627930
0.8493439305208372
0.8480728720850703
0.8467343516764324
0.8453269994924242
0.8438496811870676
0.8423015526899682
0.8406821228655823
0.8389913250176204
0.8372295983667886
0.8353979807662147
0.8334982140844971
0.8315328638981931
0.8295054554230989
0.8274206280594885
0.8252843116815702
0.8231039292163480
0.8208886329535173
0.8186495884840789
0.8164003361031869
0.8141573049763878
0.8119407191317871
0.8117283573857872
0.8139272850110175
0.8161529658370127
0.8183851734867522
0.8206074761648678
0.8228063325220994
0.8249705781969061
0.8270910645218346
0.8291603743728980
0.8311725854841286
0.8331230674234440
0.8350083048459802
0.8368257425135586
0.8385736489701077
0.8402509965089197
0.8418573555048214
0.8433928014712346
0.8448578334085654
0.8462533021752418
0.8475803477491939
0.8488403443678338
0.8500348526409902
0.8511655778270922
0.8522343335488464
0.8532430103035005
0.8541935481925509
0.8550879133596402
0.8559280776815725
0.8567160013105907
0.8574536177088625
0.8581428208598434
0.8587854543760862
0.8593833022561421
0.8599380810721168
0.8604514333951019
0.8609249222889650
0.8613600267225667
0.8617581377695293
0.8621205554796978
0.8624484863217105
0.8627430411078469
0.8630052333245126
0.8632359778008587
0.8634360896584350
0.8636062834912088
0.8637471727341910
0.8638592691847374
0.8639429826466396
0.8639986206734832
0.8640263883919893
0.8640263883919893
0.8639986206734810
0.8639429826466396
0.8638592691847374
0.8637471727341908
0.8636062834912085
0.8634360896584350
0.8632359778008586
0.8630052333245148
0.8627430411078485
0.8624484863217105
0.8621205554796978
0.8617581377695308
0.8613600267225667
0.8609249222889650
0.8604514333951019
0.8599380810721168
0.8593833022561423
0.8587854543760862
0.8581428208598434
0.8574536177088626
0.8567160013105891
0.8559280776815725
0.8550879133596382
0.8541935481925509
0.8532430103034996
0.8522343335488464
0.8511655778270922
0.8500348526409902
0.8488403443678245
0.8475803477491931
0.8462533021752418
0.8448578334085654
0.8433928014712346
0.8418573555048217
0.8402509965089193
0.8385736489701159
0.8368257425135586
0.8350083048459802
0.8331230674234450
0.8311725854841286
0.8291603743728980
0.8270910645218330
0.8249705781969061
0.8228063325220996
0.8206074761648678
0.8183851734867532
0.8161529658370127
0.8139272850110185
0.8117283573857844
0.8115003882224682
0.8136802361681856
0.8158871655352363
0.8181009495332544
0.8203051554849381
0.8224862426831790
0.8246330496827858
0.8267364331136260
0.8287889832940364
0.8307847871364635
0.8327192246444552
0.8345887916772226
0.8363909445082316
0.8381239630882901
0.8397868306594689
0.8413791277966673
0.8429009392363483
0.8443527720557825
0.8457354839280771
0.8470502203158431
0.8482983595849000
0.8494814651254506
0.8506012436660688
0.8516595090502401
0.8526581508257924
0.8535991070673583
0.8544843409165241
0.8553158203820478
0.8560955009934266
0.8568253109488225
0.8575071384380969
0.8581428208598438
0.8587341356839583
0.8592827927397919
0.8597904277371258
0.8602585968493206
0.8606887722090966
0.8610823381854301
0.8614405883260063
0.8617647228644608
0.8620558467037983
0.8623149677997234
0.8625429958762358
0.8627407414166931
0.8629089148801765
0.8630481261014181
0.8631588838380743
0.8632415954367813
0.8632965665934149
0.8633240011892557
0.8633240011892558
0.8632965665934150
0.8632415954367813
0.8631588838380743
0.8630481261014193
0.8629089148801798
0.8627407414166931
0.8625429958762358
0.8623149677997234
0.8620558467037978
0.8617647228644618
0.8614405883260063
0.8610823381854290
0.8606887722090957
0.8602585968493182
0.8597904277371258
0.8592827927397919
0.8587341356839584
0.8581428208598438
0.8575071384380992
0.8568253109488225
0.8560955009934260
0.8553158203820473
0.8544843409165245
0.8535991070673583
0.8526581508257922
0.8516595090502400
0.8506012436660718
0.8494814651254504
0.8482983595849000
0.8470502203158431
0.8457354839280771
0.8443527720557805
0.8429009392363483
0.8413791277966673
0.8397868306594691
0.8381239630882903
0.8363909445082316
0.8345887916772226
0.8327192246444552
0.8307847871364634
0.8287889832940364
0.8267364331136260
0.8246330496827858
0.8224862426831790
0.8203051554849380
0.8181009495332544
0.8158871655352371
0.8136802361681856
0.8115003882224683
0.8112562903117924
0.8134155609020535
0.8156022618842923
0.8177961684466017
0.8199808491960874
0.8221427661485566
0.8242707628116747
0.8263557030993007
0.8283901866816628
0.8303683114472999
0.8322854694849152
0.8341381693286113
0.8359238800304409
0.8376408939939850
0.8392882062249474
0.8408654080796357
0.8423725938688047
0.8438102788760766
0.8451793275102911
0.8464808904472323
0.8477163497348411
0.8488872709430529
0.8499953615349404
0.8510424347248147
0.8520303781664883
0.8529611268873165
0.8538366399488886
0.8546588803722458
0.8554297979187799
0.8561513143648181
0.8568253109488216
0.8574536177088627
0.8580380044600078
0.8585801731919326
0.8590817516922764
0.8595442882256233
0.8599692471180714
0.8603580051154921
0.8607118484007880
0.8610319701686613
0.8613194686703188
0.8615753456513546
0.8618005051160017
0.8619957523610505
0.8621617932291873
0.8622992335409878
0.8624085786690676
0.8624902332260245
0.8625445008423244
0.8625715840150864
0.8625715840150864
0.8625445008423244
0.8624902332260241
0.8624085786690676
0.8622992335409877
0.8621617932291862
0.8619957523610505
0.8618005051160015
0.8615753456513546
0.8613194686703181
0.8610319701686613
0.8607118484007880
0.8603580051154921
0.8599692471180693
0.8595442882256236
0.8590817516922762
0.8585801731919335
0.8580380044600078
0.8574536177088626
0.8568253109488285
0.8561513143648135
0.8554297979187798
0.8546588803722465
0.8538366399488907
0.8529611268873136
0.8520303781664883
0.8510424347248147
0.8499953615349404
0.8488872709430529
0.8477163497348410
0.8464808904472323
0.8451793275102912
0.8438102788760766
0.8423725938688059
0.8408654080796346
0.8392882062249464
0.8376408939939850
0.8359238800304405
0.8341381693286113
0.8322854694849167
0.8303683114472999
0.8283901866816628
0.8263557030993007
0.8242707628116747
0.8221427661485566
0.8199808491960874
0.8177961684466017
0.8156022618842923
0.8134155609020536
0.8112562903117922
0.8109955456540506
0.8131326598223330
0.8152975745501303
0.8174700699145988
0.8196337184494588
0.8217749874104507
0.8238827276890877
0.8259478128195360
0.8279628540344357
0.8299219622454965
0.8318205434737959
0.8336551205439797
0.8354231766482612
0.8371230177352749
0.8387536513917925
0.8403146802993465
0.8418062086217782
0.8432287598764930
0.8445832050021573
0.8458706994693258
0.8470926284003304
0.8482505587710802
0.8493461978641864
0.8503813572316790
0.8513579215049929
0.8522778214621742
0.8531430108286190
0.8539554463459140
0.8547170706963267
0.8554297979187797
0.8560955009934221
0.8567160013105899
0.8572930597733501
0.8578283693124431
0.8583235486198066
0.8587801369291568
0.8591995896939694
0.8595832750320106
0.8599324708199885
0.8602483623389953
0.8605320403823884
0.8607844997499011
0.8610066380618199
0.8611992548364727
0.8613630507815385
0.8614986272583520
0.8616064858831477
0.8616870282375361
0.8617405556634188
0.8617672691252360
0.8617672691252360
0.8617405556634188
0.8616870282375361
0.8616064858831513
0.8614986272583520
0.8613630507815385
0.8611992548364732
0.8610066380618198
0.8607844997499011
0.8605320403823884
0.8602483623389953
0.8599324708199885
0.8595832750320108
0.8591995896939694
0.8587801369291568
0.8583235486198065
0.8578283693124422
0.8572930597733501
0.8567160013105893
0.8560955009934221
0.8554297979187797
0.8547170706963267
0.8539554463459140
0.8531430108286190
0.8522778214621742
0.8513579215049933
0.8503813572316790
0.8493461978641864
0.8482505587710800
0.8470926284003305
0.8458706994693258
0.8445832050021572
0.8432287598764936
0.8418062086217782
0.8403146802993465
0.8387536513917925
0.8371230177352749
0.8354231766482612
0.8336551205439797
0.8318205434737961
0.8299219622455012
0.8279628540344356
0.8259478128195360
0.8238827276890874
0.8217749874104514
0.8196337184494588
0.8174700699145988
0.8152975745501303
0.8131326598223330
0.8109955456540511
0.8107176464174365
0.8128309384012616
0.8149724227481845
0.8171218879253115
0.8192629135762708
0.8213819752085393
0.8234679339741559
0.8255116757552148
0.8275058258913682
0.8294445106382125
0.8313231520083268
0.8331382888843600
0.8348874200530561
0.8365688661393600
0.8381816481171237
0.8397253804817122
0.8412001774351442
0.8426065706302953
0.8439454371778151
0.8452179367524481
0.8464254567559542
0.8475695645992588
0.8486519662663142
0.8496744704085756
0.8506389573025134
0.8515473520741004
0.8524016016616368
0.8532036550478406
0.8539554463459147
0.8546588803722459
0.8553158203820470
0.8559280776815729
0.8564974028656470
0.8570254784586862
0.8575139127647837
0.8579642347559708
0.8583778898487522
0.8587562364374718
0.8591005430704284
0.8594119861676032
0.8596916481933864
0.8599405162082507
0.8601594807337836
0.8603493348740539
0.8605107736454246
0.8606443934730686
0.8607506918197295
0.8608300669181296
0.8608828175836798
0.8609091430892457
0.8609091430892457
0.8608828175836798
0.8608300669181299
0.8607506918197284
0.8606443934730686
0.8605107736454254
0.8603493348740539
0.8601594807337826
0.8599405162082507
0.8596916481933864
0.8594119861676025
0.8591005430704269
0.8587562364374718
0.8583778898487522
0.8579642347559708
0.8575139127647837
0.8570254784586826
0.8564974028656472
0.8559280776815724
0.8553158203820451
0.8546588803722459
0.8539554463459144
0.8532036550478406
0.8524016016616368
0.8515473520740866
0.8506389573025136
0.8496744704085756
0.8486519662663148
0.8475695645992590
0.8464254567559542
0.8452179367524479
0.8439454371778151
0.8426065706302953
0.8412001774351445
0.8397253804817122
0.8381816481171243
0.8365688661393600
0.8348874200530564
0.8331382888843600
0.8313231520083271
0.8294445106382125
0.8275058258913682
0.8255116757552148
0.8234679339741559
0.8213819752085386
0.8192629135762708
0.8171218879253115
0.8149724227481845
0.8128309384012616
0.8107176464174365
0.8104221027234056
0.8125098146407496
0.8146261327848603
0.8167508581857410
0.8188675813959811
0.8209627897478253
0.8230253580327004
0.8250461876469823
0.8270179209516023
0.8289347021651318
0.8307919715773561
0.8325862860521881
0.8343151615147574
0.8359769344241118
0.8375706399187005
0.8390959047183699
0.8405528531291221
0.8419420246873455
0.8432643021369844
0.8445208485652571
0.8457130526423831
0.8468424810191932
0.8479108370336127
0.8489199249691184
0.8498716191887238
0.8507678375431788
0.8516105185203217
0.8524016016616371
0.8531430108286182
0.8538366399488884
0.8544843409165245
0.8550879133596404
0.8556490960226023
0.8561695595415528
0.8566509004176048
0.8570946360182007
0.8575022004558953
0.8578749412147911
0.8582141164092303
0.8585208925762935
0.8587963429143582
0.8590414458931783
0.8592570841694991
0.8594440437532913
0.8596030133752213
0.8597345840158060
0.8598392485609559
0.8599174015564337
0.8599693390376006
0.8599952584170829
0.8599952584170829
0.8599693390376006
0.8599174015564337
0.8598392485609559
0.8597345840158057
0.8596030133752213
0.8594440437532913
0.8592570841694986
0.8590414458931808
0.8587963429143577
0.8585208925762934
0.8582141164092303
0.8578749412147911
0.8575022004558953
0.8570946360181999
0.8566509004176048
0.8561695595415528
0.8556490960226023
0.8550879133596404
0.8544843409165241
0.8538366399488884
0.8531430108286182
0.8524016016616371
0.8516105185203217
0.8507678375431778
0.8498716191887238
0.8489199249691169
0.8479108370336158
0.8468424810191932
0.8457130526423831
0.8445208485652571
0.8432643021369844
0.8419420246873445
0.8405528531291221
0.8390959047183700
0.8375706399187013
0.8359769344241118
0.8343151615147573
0.8325862860521881
0.8307919715773565
0.8289347021651318
0.8270179209516023
0.8250461876469818
0.8230253580327004
0.8209627897478260
0.8188675813959813
0.8167508581857410
0.8146261327848603
0.8125098146407496
0.8104221027234109
0.8101084514967527
0.8121687278228890
0.8142580467001491
0.8163562266597428
0.8184468736633334
0.8205164910774893
0.8225539712787940
0.8245502348340972
0.8264979444482686
0.8283912652460502
0.8302256583198352
0.8319977005961947
0.8337049267630545
0.8353456902826697
0.8369190411836862
0.8384246187158911
0.8398625572047617
0.8412334036319093
0.8425380456218885
0.8437776486481019
0.8449536013913624
0.8460674682919015
0.8471209484380150
0.8481158400230946
0.8490540096891028
0.8499373661479875
0.8507678375431776
0.8515473520740883
0.8522778214621745
0.8529611268873130
0.8535991070673583
0.8541935481925523
0.8547461754626496
0.8552586460037893
0.8557325429720398
0.8561693706717193
0.8565705505406143
0.8569374178711890
0.8572712191545941
0.8575731099483774
0.8578441531813973
0.8580853178224234
0.8582974778467012
0.8584814114457849
0.8586378004329172
0.8587672298037188
0.8588701874183750
0.8589470637771063
0.8589981518669246
0.8590236470614898
0.8590236470614898
0.8589981518669245
0.8589470637771062
0.8588701874183750
0.8587672298037188
0.8586378004329172
0.8584814114457848
0.8582974778467012
0.8580853178224234
0.8578441531813992
0.8575731099483774
0.8572712191545941
0.8569374178711890
0.8565705505406143
0.8561693706717193
0.8557325429720406
0.8552586460037868
0.8547461754626496
0.8541935481925523
0.8535991070673583
0.8529611268873132
0.8522778214621745
0.8515473520740883
0.8507678375431776
0.8499373661479878
0.8490540096891028
0.8481158400230946
0.8471209484380153
0.8460674682919038
0.8449536013913624
0.8437776486481020
0.8425380456218889
0.8412334036319092
0.8398625572047617
0.8384246187158901
0.8369190411836862
0.8353456902826697
0.8337049267630560
0.8319977005961947
0.8302256583198384
0.8283912652460504
0.8264979444482717
0.8245502348340965
0.8225539712787938
0.8205164910774883
0.8184468736633334
0.8163562266597428
0.8142580467001491
0.8121687278228890
0.8101084514967527
0.8097762665119712
0.8118071484825528
0.8138675321562661
0.8159372593769774
0.8179999568139904
0.8200421488004365
0.8220527498821626
0.8240227039997231
0.8259446979742893
0.8278129211297647
0.8296228581374533
0.8313711082240118
0.8330552265332248
0.8346735846878920
0.8362252482522335
0.8377098691721875
0.8391275915212698
0.8404789690633974
0.8417648932986751
0.8429865307893579
0.8441452686858052
0.8452426674804089
0.8462804201210652
0.8472603167078500
0.8481842140811922
0.8490540096891019
0.8498716191887243
0.8506389573025132
0.8513579215049929
0.8520303781664877
0.8526581508257924
0.8532430103034994
0.8537866664023748
0.8542907609739652
0.8547568621566708
0.8551864596158327
0.8555809606377071
0.8559416869475387
0.8562698721395188
0.8565666596198136
0.8568331009784722
0.8570701547151185
0.8572786852560821
0.8574594622070002
0.8576131597949094
0.8577403564596124
0.8578415345611946
0.8579170801762035
0.8579672829602729
0.8579923360597655
0.8579923360597652
0.8579672829602716
0.8579170801762037
0.8578415345611959
0.8577403564596123
0.8576131597949094
0.8574594622070002
0.8572786852560821
0.8570701547151186
0.8568331009784722
0.8565666596198115
0.8562698721395191
0.8559416869475387
0.8555809606377071
0.8551864596158330
0.8547568621566705
0.8542907609739652
0.8537866664023748
0.8532430103034994
0.8526581508257925
0.8520303781664880
0.8513579215049927
0.8506389573025132
0.8498716191887239
0.8490540096891019
0.8481842140811916
0.8472603167078500
0.8462804201210608
0.8452426674804089
0.8441452686858048
0.8429865307893579
0.8417648932986751
0.8404789690633974
0.8391275915212698
0.8377098691721875
0.8362252482522332
0.8346735846878924
0.8330552265332247
0.8313711082240122
0.8296228581374532
0.8278129211297663
0.8259446979742893
0.8240227039997231
0.8220527498821626
0.8200421488004371
0.8179999568139903
0.8159372593769774
0.8138675321562657
0.8118071484825526
0.8097762665119712
0.8094251697807093
0.8114245897555533
0.8134539937355968
0.8154932536854895
0.8175260231914118
0.8195388533051019
0.8215206860451918
0.8234624935385535
0.8253569909880329
0.8271983955847089
0.8289822186141611
0.8307050839900282
0.8323645690533669
0.8339590647050487
0.8354876525730870
0.8369499972857347
0.8383462521622648
0.8396769768173731
0.8409430653259095
0.8421456837289748
0.8432862157843165
0.8443662159762237
0.8453873689035963
0.8463514542602152
0.8472603167078496
0.8481158400230857
0.8489199249691184
0.8496744704085755
0.8503813572316817
0.8510424347248141
0.8516595090502408
0.8522343335488443
0.8527686006128568
0.8532639349078993
0.8537218877503979
0.8541439324724457
0.8545314606261027
0.8548857788993482
0.8552081066317089
0.8554995738327340
0.8557612196188182
0.8559939909958335
0.8561987419245678
0.8563762326150053
0.8565271290033578
0.8566520023726628
0.8567513290845822
0.8568254903946622
0.8568747723301798
0.8568993656124710
0.8568993656124710
0.8568747723301798
0.8568254903946622
0.8567513290845822
0.8566520023726628
0.8565271290033578
0.8563762326150053
0.8561987419245681
0.8559939909958335
0.8557612196188179
0.8554995738327333
0.8552081066317089
0.8548857788993482
0.8545314606261027
0.8541439324724457
0.8537218877503979
0.8532639349078993
0.8527686006128566
0.8522343335488443
0.8516595090502408
0.8510424347248141
0.8503813572316804
0.8496744704085755
0.8489199249691184
0.8481158400230860
0.8472603167078501
0.8463514542602152
0.8453873689035963
0.8443662159762236
0.8432862157843165
0.8421456837289748
0.8409430653259095
0.8396769768173731
0.8383462521622621
0.8369499972857346
0.8354876525730870
0.8339590647050504
0.8323645690533669
0.8307050839900282
0.8289822186141611
0.8271983955847089
0.8253569909880334
0.8234624935385535
0.8215206860451989
0.8195388533051018
0.8175260231914118
0.8154932536854893
0.8134539937356007
0.8114245897555533
0.8094251697807093
0.8090548444409991
0.8110206202744731
0.8130168858304674
0.8150235511420051
0.8170243039604683
0.8190057287391348
0.8209568010828536
0.8228685267945249
0.8247336542622947
0.8265464326105409
0.8283024030369959
0.8299982166647419
0.8316314747951857
0.8332005886459547
0.8347046562752722
0.8361433547498948
0.8375168458510623
0.8388256937930274
0.8400707935800841
0.8412533087634753
0.8423746174832788
0.8434362657955189
0.8444399273899903
0.8453873689035962
0.8462804201210654
0.8471209484380150
0.8479108370336116
0.8486519662663127
0.8493461978641873
0.8499953615349399
0.8506012436660663
0.8511655778270927
0.8516900368219135
0.8521762260713374
0.8526256781334784
0.8530398481948179
0.8534201103857696
0.8537677547940311
0.8540839850650096
0.8543699164938791
0.8546265745259463
0.8548548935937016
0.8550557162286574
0.8552297923948811
0.8553777789990324
0.8555002395382753
0.8555976438542602
0.8556703679664235
0.8557186939631823
0.8557428099347615
0.8557428099347615
0.8557186939631823
0.8556703679664239
0.8555976438542611
0.8555002395382753
0.8553777789990316
0.8552297923948813
0.8550557162286575
0.8548548935937016
0.8546265745259463
0.8543699164938791
0.8540839850650097
0.8537677547940311
0.8534201103857696
0.8530398481948179
0.8526256781334784
0.8521762260713387
0.8516900368219132
0.8511655778270921
0.8506012436660676
0.8499953615349399
0.8493461978641860
0.8486519662663147
0.8479108370336114
0.8471209484380149
0.8462804201210654
0.8453873689035963
0.8444399273899916
0.8434362657955189
0.8423746174832788
0.8412533087634753
0.8400707935800841
0.8388256937930277
0.8375168458510622
0.8361433547498948
0.8347046562752722
0.8332005886459550
0.8316314747951857
0.8299982166647421
0.8283024030369959
0.8265464326105409
0.8247336542622947
0.8228685267945248
0.8209568010828536
0.8190057287391347
0.8170243039604683
0.8150235511420051
0.8130168858304677
0.8110206202744731
0.8090548444409991
0.8086650493261313
0.8105948788033940
0.8125557273296646
0.8145275522585450
0.8164940839420807
0.8184419479754306
0.8203601605732109
0.8222397674547095
0.8240735555809294
0.8258558104935559
0.8275821068592814
0.8292491256459800
0.8308544938615698
0.8323966439523061
0.8338746905549795
0.8352883226423803
0.8366377093321956
0.8379234178096031
0.8391463419640349
0.8403076404800205
0.8414086832471279
0.8424510050735815
0.8434362657955179
0.8443662159762241
0.8452426674804089
0.8460674682919030
0.8468424810191938
0.8475695645992584
0.8482505587710790
0.8488872709430475
0.8494814651254415
0.8500348526409900
0.8505490843627934
0.8510257442612352
0.8514663440688534
0.8518723188984548
0.8522450236689907
0.8525857302146563
0.8528956249682266
0.8531758071238027
0.8534272871980411
0.8536509859185160
0.8538477333790553
0.8540182684097375
0.8541632381169636
0.8542831975563915
0.8543786095068907
0.8544498443197694
0.8544971798221708
0.8545208012586605
0.8545208012586603
0.8544971798221708
0.8544498443197693
0.8543786095068907
0.8542831975563911
0.8541632381169636
0.8540182684097376
0.8538477333790552
0.8536509859185156
0.8534272871980411
0.8531758071238027
0.8528956249682266
0.8525857302146563
0.8522450236689907
0.8518723188984548
0.8514663440688532
0.8510257442612352
0.8505490843627935
0.8500348526409900
0.8494814651254416
0.8488872709430515
0.8482505587710781
0.8475695645992584
0.8468424810191938
0.8460674682919030
0.8452426674804089
0.8443662159762243
0.8434362657955177
0.8424510050735815
0.8414086832471223
0.8403076404800197
0.8391463419640349
0.8379234178096026
0.8366377093321956
0.8352883226423803
0.8338746905549788
0.8323966439523061
0.8308544938615698
0.8292491256459816
0.8275821068592814
0.8258558104935559
0.8240735555809295
0.8222397674547095
0.8203601605732109
0.8184419479754311
0.8164940839420807
0.8145275522585455
0.8125557273296637
0.8105948788033936
0.8086650493261313
0.8082556354081971
0.8101470908231134
0.8120701183300940
0.8140047333517378
0.8159347186341892
0.8178467498554025
0.8197298918858463
0.8215752374298235
0.8233756180372707
0.8251253605825647
0.8268200770040929
0.8284564808279723
0.8300322264471138
0.8315457682589243
0.8329962373414657
0.8343833336819642
0.8357072321989425
0.8369685009770227
0.8381680302877405
0.8393069711100483
0.8403866819959227
0.8414086832471279
0.8423746174832782
0.8432862157843154
0.8441452686858055
0.8449536013913667
0.8457130526423837
0.8464254567559536
0.8470926284003311
0.8477163497348406
0.8482983595848980
0.8488403443678246
0.8493439305208369
0.8498106782138667
0.8502420761597008
0.8506395373572899
0.8510043956260154
0.8513379028077189
0.8516412265290610
0.8519154484316269
0.8521615627897088
0.8523804754463550
0.8525730030081271
0.8527398722480951
0.8528817196727384
0.8529990912164362
0.8530924420331745
0.8531621363591574
0.8532084474267115
0.8532315574131828
0.8532315574131828
0.8532084474267115
0.8531621363591516
0.8530924420331745
0.8529990912164362
0.8528817196727385
0.8527398722480956
0.8525730030081271
0.8523804754463550
0.8521615627897088
0.8519154484316266
0.8516412265290610
0.8513379028077191
0.8510043956260147
0.8506395373572899
0.8502420761597013
0.8498106782138667
0.8493439305208368
0.8488403443678251
0.8482983595848999
0.8477163497348406
0.8470926284003311
0.8464254567559537
0.8457130526423836
0.8449536013913682
0.8441452686858055
0.8432862157843154
0.8423746174832786
0.8414086832471225
0.8403866819959227
0.8393069711100483
0.8381680302877405
0.8369685009770214
0.8357072321989425
0.8343833336819677
0.8329962373414657
0.8315457682589243
0.8300322264471124
0.8284564808279716
0.8268200770040933
0.8251253605825647
0.8233756180372708
0.8215752374298227
0.8197298918858463
0.8178467498554025
0.8159347186341892
0.8140047333517384
0.8120701183300940
0.8101470908231129
0.8082556354081971
0.8078265643305643
0.8096770873018333
0.8115597591292864
0.8134546657724898
0.8153456537201215
0.8172194590375410
0.8190652044425291
0.8208740376033534
0.8226388413440524
0.8243539892228777
0.8260151344720074
0.8276190259166367
0.8291633468782200
0.8306465741610498
0.8320678547789455
0.8334268984009943
0.8347238837220854
0.8359593771400283
0.8371342622815799
0.8382496790633311
0.8393069711100483
0.8403076404800198
0.8412533087634747
0.8421456837289738
0.8429865307893567
0.8437776486481003
0.8445208485652561
0.8452179367524472
0.8458706994693250
0.8464808904472347
0.8470502203158429
0.8475803477491941
0.8480728720850709
0.8485293272043106
0.8489511764839306
0.8493398086629500
0.8496965344809684
0.8500225839685397
0.8503191042837621
0.8505871580046697
0.8508277217986139
0.8510416854008339
0.8512298508444553
0.8513929318914385
0.8515315536227590
0.8516462521508760
0.8517374744257342
0.8518055781084645
0.8518508314933738
0.8518734134627366
0.8518734134627366
0.8518508314933741
0.8518055781084654
0.8517374744257342
0.8516462521508760
0.8515315536227590
0.8513929318914395
0.8512298508444553
0.8510416854008339
0.8508277217986139
0.8505871580046697
0.8503191042837621
0.8500225839685397
0.8496965344809664
0.8493398086629498
0.8489511764839311
0.8485293272043106
0.8480728720850709
0.8475803477491938
0.8470502203158429
0.8464808904472347
0.8458706994693250
0.8452179367524472
0.8445208485652570
0.8437776486481003
0.8429865307893567
0.8421456837289746
0.8412533087634747
0.8403076404800164
0.8393069711100489
0.8382496790633196
0.8371342622815744
0.8359593771400283
0.8347238837220854
0.8334268984009943
0.8320678547789462
0.8306465741610498
0.8291633468782200
0.8276190259166367
0.8260151344720074
0.8243539892228777
0.8226388413440524
0.8208740376033536
0.8190652044425291
0.8172194590375410
0.8153456537201215
0.8134546657724898
0.8115597591292864
0.8096770873018336
0.8078265643305643
0.8073779292626567
0.8091848259098902
0.8110244717833566
0.8128770378278906
0.8147264474062021
0.8165595088241644
0.8183654131186406
0.8201353718930388
0.8218623266338523
0.8235407033602554
0.8251662007945801
0.8267356057590299
0.8282466318243997
0.8296977782947667
0.8310882071476521
0.8324176358656905
0.8336862443185218
0.8348945940369891
0.8360435583842287
0.8371342622815757
0.8381680302877417
0.8391463419640357
0.8400707935800819
0.8409430653259097
0.8417648932986731
0.8425380456218882
0.8432643021369848
0.8439454371778146
0.8445832050021578
0.8451793275102917
0.8457354839280763
0.8462533021752423
0.8467343516764312
0.8471801374037801
0.8475920949692684
0.8479715866079958
0.8483198979152703
0.8486382352190829
0.8489277234847655
0.8491894046630878
0.8494242364049190
0.8496330910768880
0.8498167550204422
0.8499759280062266
0.8501112228421519
0.8502231651004609
0.8503121929337883
0.8503786569572866
0.8504228201763064
0.8504448579450370
0.8504448579450355
0.8504228201763064
0.8503786569572866
0.8503121929337883
0.8502231651004609
0.8501112228421519
0.8499759280062266
0.8498167550204415
0.8496330910768880
0.8494242364049190
0.8491894046630878
0.8489277234847655
0.8486382352190829
0.8483198979152703
0.8479715866079960
0.8475920949692684
0.8471801374037801
0.8467343516764313
0.8462533021752422
0.8457354839280763
0.8451793275102909
0.8445832050021571
0.8439454371778146
0.8432643021369848
0.8425380456218883
0.8417648932986744
0.8409430653259097
0.8400707935800833
0.8391463419640357
0.8381680302877421
0.8371342622815757
0.8360435583842287
0.8348945940369878
0.8336862443185217
0.8324176358656905
0.8310882071476521
0.8296977782947667
0.8282466318243997
0.8267356057590299
0.8251662007945801
0.8235407033602554
0.8218623266338523
0.8201353718930385
0.8183654131186406
0.8165595088241642
0.8147264474062021
0.8128770378278906
0.8110244717833566
0.8091848259098902
0.8073779292626618
0.8069099783303285
0.8086704149626667
0.8104642245462328
0.8122716797461025
0.8140767959777873
0.8158664673974760
0.8176299652576267
0.8193585751415756
0.8210453053093147
0.8226846404136875
0.8242723289688617
0.8258051983523239
0.8272809933706353
0.8286982354395775
0.8300560999466559
0.8313543096750253
0.8325930423937401
0.8337728509082495
0.8348945940369885
0.8359593771400288
0.8369685009770220
0.8379234178096002
0.8388256937930280
0.8396769768173736
0.8404789690633968
0.8412334036319089
0.8419420246873454
0.8426065706302950
0.8432287598764939
0.8438102788760766
0.8443527720557803
0.8448578334085655
0.8453269994924246
0.8457617436316265
0.8461634711414389
0.8465335154217127
0.8468731347847016
0.8471835099018048
0.8474657417681507
0.8477208500987686
0.8479497720815583
0.8481533614223732
0.8483323876271190
0.8484875354734567
0.8486194046318102
0.8487285094016456
0.8488152785344356
0.8488800551202201
0.8489230965183044
0.8489445743179040
0.8489445743179040
0.8489230965183046
0.8488800551202201
0.8488152785344349
0.8487285094016456
0.8486194046318096
0.8484875354734566
0.8483323876271180
0.8481533614223732
0.8479497720815583
0.8477208500987684
0.8474657417681510
0.8471835099018048
0.8468731347847016
0.8465335154217120
0.8461634711414386
0.8457617436316267
0.8453269994924254
0.8448578334085655
0.8443527720557803
0.8438102788760766
0.8432287598764939
0.8426065706302950
0.8419420246873454
0.8412334036319089
0.8404789690633968
0.8396769768173732
0.8388256937930281
0.8379234178096002
0.8369685009770210
0.8359593771400241
0.8348945940369884
0.8337728509082489
0.8325930423937415
0.8313543096750259
0.8300560999466559
0.8286982354395775
0.8272809933706353
0.8258051983523241
0.8242723289688617
0.8226846404136878
0.8210453053093147
0.8193585751415741
0.8176299652576272
0.8158664673974760
0.8140767959777873
0.8122716797461025
0.8104642245462329
0.8086704149626667
0.8069099783303285
0.8064231408934668
0.8081341404020962
0.8098791595412776
0.8116385920788829
0.8133965630154544
0.8151400679577981
0.8168584718484019
0.8185431454394586
0.8201871725984657
0.8217851031209156
0.8233327396175557
0.8248269523113670
0.8262655177555458
0.8276469784670498
0.8289705209731845
0.8302358700796159
0.8314431974008410
0.8325930423937415
0.8336862443185210
0.8347238837220921
0.8357072321989444
0.8366377093321956
0.8375168458510627
0.8383462521622630
0.8391275915212731
0.8398625572047616
0.8405528531291210
0.8412001774351452
0.8418062086217785
0.8423725938688091
0.8429009392363483
0.8433928014712352
0.8438496811870669
0.8442730172155950
0.8446641819552064
0.8450244775648719
0.8453551328730337
0.8456573008888110
0.8459320568170415
0.8461803964936262
0.8464032351678452
0.8466014065693028
0.8467756622054824
0.8469266708442962
0.8470550181419547
0.8471612063833984
0.8472456543075731
0.8473086969946593
0.8473505857971492
0.8473714882999487
0.8473714882999487
0.8473505857971492
0.8473086969946593
0.8472456543075736
0.8471612063833984
0.8470550181419561
0.8469266708442962
0.8467756622054849
0.8466014065693021
0.8464032351678452
0.8461803964936256
0.8459320568170459
0.8456573008888110
0.8453551328730325
0.8450244775648722
0.8446641819552070
0.8442730172155949
0.8438496811870669
0.8433928014712349
0.8429009392363483
0.8423725938688090
0.8418062086217785
0.8412001774351451
0.8405528531291203
0.8398625572047616
0.8391275915212698
0.8383462521622630
0.8375168458510627
0.8366377093321964
0.8357072321989444
0.8347238837220852
0.8336862443185220
0.8325930423937410
0.8314431974008410
0.8302358700796159
0.8289705209731845
0.8276469784670483
0.8262655177555458
0.8248269523113668
0.8233327396175557
0.8217851031209160
0.8201871725984655
0.8185431454394586
0.8168584718484019
0.8151400679577981
0.8133965630154543
0.8116385920788829
0.8098791595412776
0.8081341404020962
0.8064231408934668
0.8059180569607898
0.8075764961536025
0.8092696240520388
0.8109779779840894
0.8126858127762173
0.8143802433366870
0.8160507435046597
0.8176887815887850
0.8192875265875431
0.8208416001845034
0.8223468632503070
0.8238002307069311
0.8251995107149122
0.8265432650912116
0.8278306883642572
0.8290615031874964
0.8302358700796159
0.8313543096750230
0.8324176358656906
0.8334268984009925
0.8343833336819636
0.8352883226423808
0.8361433547498950
0.8369499972857345
0.8377098691721883
0.8384246187158909
0.8390959047183716
0.8397253804817120
0.8403146802993462
0.8408654080796354
0.8413791277966685
0.8418573555048217
0.8423015526899672
0.8427131207596500
0.8430933965033356
0.8434436483746908
0.8437650734701407
0.8440587950922612
0.8443258608049999
0.8445672408972080
0.8447838271849454
0.8449764320910954
0.8451457879505958
0.8452925464961152
0.8454172784864733
0.8455204734455661
0.8456025394850262
0.8456638031883127
0.8457045095385529
0.8457248218761303
0.8457248218761303
0.8457045095385529
0.8456638031883132
0.8456025394850262
0.8455204734455661
0.8454172784864733
0.8452925464961152
0.8451457879505958
0.8449764320910954
0.8447838271849454
0.8445672408972095
0.8443258608049999
0.8440587950922612
0.8437650734701407
0.8434436483746903
0.8430933965033356
0.8427131207596481
0.8423015526899672
0.8418573555048217
0.8413791277966688
0.8408654080796354
0.8403146802993462
0.8397253804817122
0.8390959047183699
0.8384246187158909
0.8377098691721885
0.8369499972857343
0.8361433547498950
0.8352883226423806
0.8343833336819644
0.8334268984010068
0.8324176358656906
0.8313543096750230
0.8302358700796159
0.8290615031874964
0.8278306883642572
0.8265432650912118
0.8251995107149124
0.8238002307069311
0.8223468632503078
0.8208416001845021
0.8192875265875417
0.8176887815887842
0.8160507435046597
0.8143802433366870
0.8126858127762173
0.8109779779840897
0.8092696240520388
0.8075764961536085
0.8059180569607903
0.8053956100422230
0.8069982182213103
0.8086362058581678
0.8102902798855657
0.8119448483167184
0.8135871657464792
0.8152068319978393
0.8167954265438040
0.8183462136446270
0.8198538936982522
0.8213143896576844
0.8227246623449653
0.8240825505253999
0.8253866325297337
0.8266361067121201
0.8278306883642557
0.8289705209731841
0.8300560999466582
0.8310882071476527
0.8320678547789460
0.8329962373414660
0.8338746905549796
0.8347046562752714
0.8354876525730890
0.8362252482522329
0.8369190411836825
0.8375706399187013
0.8381816481171231
0.8387536513917925
0.8392882062249472
0.8397868306594691
0.8402509965089211
0.8406821228655814
0.8410815707153331
0.8414506384947147
0.8417905584475888
0.8421024936586038
0.8423875356566567
0.8426467024966644
0.8428809372403538
0.8430911067675179
0.8432780008586920
0.8434423314987862
0.8435847323583171
0.8437057584152721
0.8438058856864924
0.8438855110423318
0.8439449520834410
0.8439844470620940
0.8440041548344615
0.8440041548344615
0.8439844470620940
0.8439449520834410
0.8438855110423318
0.8438058856864924
0.8437057584152721
0.8435847323583170
0.8434423314987869
0.8432780008586872
0.8430911067675190
0.8428809372403538
0.8426467024966644
0.8423875356566567
0.8421024936586039
0.8417905584475888
0.8414506384947147
0.8410815707153331
0.8406821228655813
0.8402509965089200
0.8397868306594692
0.8392882062249478
0.8387536513917930
0.8381816481171231
0.8375706399187013
0.8369190411836825
0.8362252482522329
0.8354876525730869
0.8347046562752712
0.8338746905549793
0.8329962373414660
0.8320678547789463
0.8310882071476516
0.8300560999466582
0.8289705209731841
0.8278306883642557
0.8266361067121198
0.8253866325297337
0.8240825505253999
0.8227246623449650
0.8213143896576844
0.8198538936982526
0.8183462136446288
0.8167954265438040
0.8152068319978396
0.8135871657464789
0.8119448483167181
0.8102902798855657
0.8086362058581682
0.8069982182213103
0.8053956100422230
0.8048569637714778
0.8064003229081006
0.8079797730842848
0.8095762210702881
0.8111742550215565
0.8127612924420894
0.8143270782312371
0.8158633178213229
0.8173633813197350
0.8188220545149707
0.8202353256562851
0.8216002017418144
0.8229145500239023
0.8241769613568095
0.8253866325297337
0.8265432650912115
0.8276469784670492
0.8286982354395802
0.8296977782947667
0.8306465741610493
0.8315457682589243
0.8323966439523062
0.8332005886459561
0.8339590647050504
0.8346735846878925
0.8353456902826701
0.8359769344241126
0.8365688661393602
0.8371230177352755
0.8376408939939844
0.8381239630882894
0.8385736489701154
0.8389913250176189
0.8393783087569012
0.8397358574986806
0.8400651647525592
0.8403673572996111
0.8406434928208263
0.8408945579919108
0.8411214669683152
0.8413250601939145
0.8415061034758782
0.8416652872776613
0.8418032261870059
0.8419204585237783
0.8420174460574513
0.8420945738086105
0.8421521499134663
0.8421904055353877
0.8422094948090558
0.8422094948090558
0.8421904055353867
0.8421521499134663
0.8420945738086105
0.8420174460574513
0.8419204585237783
0.8418032261870059
0.8416652872776613
0.8415061034758782
0.8413250601939145
0.8411214669683162
0.8408945579919108
0.8406434928208261
0.8403673572996111
0.8400651647525592
0.8397358574986806
0.8393783087569012
0.8389913250176189
0.8385736489701082
0.8381239630882894
0.8376408939939983
0.8371230177352755
0.8365688661393602
0.8359769344241126
0.8353456902826701
0.8346735846878925
0.8339590647050504
0.8332005886459561
0.8323966439523064
0.8315457682589217
0.8306465741610496
0.8296977782947667
0.8286982354395802
0.8276469784670492
0.8265432650912108
0.8253866325297337
0.8241769613568095
0.8229145500239050
0.8216002017418171
0.8202353256562850
0.8188220545149707
0.8173633813197348
0.8158633178213121
0.8143270782312371
0.8127612924420894
0.8111742550215565
0.8095762210702864
0.8079797730842848
0.8064003229081107
0.8048569637714778
0.8043036025693824
0.8057841495676203
0.8073015190712691
0.8088368528533325
0.8103749503057128
0.8119034182097018
0.8134121677132397
0.8148930460709644
0.8163395400211312
0.8177465269386848
0.8191100626228522
0.8204271992660679
0.8216958290839936
0.8229145500239038
0.8240825505253998
0.8251995107149122
0.8262655177555451
0.8272809933706352
0.8282466318243976
0.8291633468782198
0.8300322264471132
0.8308544938615701
0.8316314747951860
0.8323645690533663
0.8330552265332253
0.8337049267630554
0.8343151615147570
0.8348874200530555
0.8354231766482612
0.8359238800304404
0.8363909445082305
0.8368257425135582
0.8372295983667893
0.8376037830843004
0.8379495100747407
0.8382679315921974
0.8385601358306405
0.8388271445605006
0.8390699112219721
0.8392893194003124
0.8394861816194020
0.8396612383982222
0.8398151575222491
0.8399485334901338
0.8400618870995468
0.8401556651440075
0.8402302401954894
0.8402859104524012
0.8403228996371817
0.8403413569300068
0.8403413569300068
0.8403228996371818
0.8402859104524012
0.8402302401954856
0.8401556651440076
0.8400618870995468
0.8399485334901338
0.8398151575222491
0.8396612383982222
0.8394861816194026
0.8392893194003124
0.8390699112219721
0.8388271445605006
0.8385601358306405
0.8382679315921974
0.8379495100747407
0.8376037830843012
0.8372295983667893
0.8368257425135582
0.8363909445082298
0.8359238800304404
0.8354231766482612
0.8348874200530555
0.8343151615147570
0.8337049267630554
0.8330552265332247
0.8323645690533669
0.8316314747951860
0.8308544938615702
0.8300322264471132
0.8291633468782198
0.8282466318243998
0.8272809933706352
0.8262655177555449
0.8251995107149122
0.8240825505253998
0.8229145500239046
0.8216958290839934
0.8204271992660671
0.8191100626228527
0.8177465269386848
0.8163395400211314
0.8148930460709644
0.8134121677132397
0.8119034182097018
0.8103749503057128
0.8088368528533325
0.8073015190712700
0.8057841495676206
0.8043036025693824
0.8037373767167201
0.8051514083103907
0.8066030128273597
0.8080736080294907
0.8095482403931528
0.8110147357771792
0.8124631948107230
0.8138856232454559
0.8152756350334427
0.8166282043938486
0.8179394555221381
0.8192064831698226
0.8204271992660688
0.8216002017418145
0.8227246623449649
0.8238002307069308
0.8248269523113686
0.8258051983523232
0.8267356057590296
0.8276190259166367
0.8284564808279720
0.8292491256459811
0.8299982166647419
0.8307050839900285
0.8313711082240116
0.8319977005961939
0.8325862860521885
0.8331382888843584
0.8336551205439823
0.8341381693286110
0.8345887916772230
0.8350083048459785
0.8353979807662153
0.8357590409142064
0.8360926520455985
0.8363999226662105
0.8366819001294103
0.8369395682637647
0.8371738454485900
0.8373855830652219
0.8375755642627802
0.8377445029836916
0.8378930432045268
0.8380217583509639
0.8381311508545173
0.8382216518216226
0.8382936207915422
0.8383473455631838
0.8383830420751348
0.8384008543258318
0.8384008543258318
0.8383830420751348
0.8383473455631839
0.8382936207915432
0.8382216518216226
0.8381311508545173
0.8380217583509639
0.8378930432045268
0.8377445029836916
0.8375755642627802
0.8373855830652216
0.8371738454485900
0.8369395682637647
0.8366819001294103
0.8363999226662100
0.8360926520455980
0.8357590409142064
0.8353979807662152
0.8350083048459778
0.8345887916772228
0.8341381693286104
0.8336551205439823
0.8331382888843584
0.8325862860521885
0.8319977005961939
0.8313711082240116
0.8307050839900282
0.8299982166647419
0.8292491256459811
0.8284564808279720
0.8276190259166367
0.8267356057590296
0.8258051983523236
0.8248269523113670
0.8238002307069308
0.8227246623449653
0.8216002017418145
0.8204271992660681
0.8192064831698226
0.8179394555221381
0.8166282043938486
0.8152756350334404
0.8138856232454559
0.8124631948107273
0.8110147357771795
0.8095482403931528
0.8080736080294949
0.8066030128273645
0.8051514083103907
0.8037373767167165
0.8031605520787657
0.8045042330922707
0.8058862556670014
0.8072883614395421
0.8086958852509425
0.8100969054838132
0.8114817373538645
0.8128425621354549
0.8141731307797635
0.8154685180572685
0.8167249154460982
0.8179394555221394
0.8191100626228534
0.8202353256562843
0.8213143896576844
0.8223468632503070
0.8233327396175559
0.8242723289688623
0.8251662007945801
0.8260151344720069
0.8268200770040934
0.8275821068592816
0.8283024030369964
0.8289822186141611
0.8296228581374548
0.8302256583198356
0.8307919715773558
0.8313231520083273
0.8318205434737967
0.8322854694849149
0.8327192246444540
0.8331230674234451
0.8334982140844976
0.8338458335882367
0.8341670433414596
0.8344629056641005
0.8347344248694145
0.8349825448643281
0.8352081471908712
0.8354120494387043
0.8355950039693399
0.8357576968997691
0.8359007473011064
0.8360247065736722
0.8361300579659706
0.8362172162095459
0.8362865272463729
0.8363382680297354
0.8363726463827633
0.8363898009029372
0.8363898009029359
0.8363726463827627
0.8363382680297354
0.8362865272463739
0.8362172162095459
0.8361300579659707
0.8360247065736722
0.8359007473011063
0.8357576968997694
0.8355950039693385
0.8354120494387041
0.8352081471908708
0.8349825448643281
0.8347344248694125
0.8344629056641005
0.8341670433414585
0.8338458335882367
0.8334982140844979
0.8331230674234451
0.8327192246444554
0.8322854694849162
0.8318205434737967
0.8313231520083273
0.8307919715773561
0.8302256583198352
0.8296228581374548
0.8289822186141614
0.8283024030369965
0.8275821068592816
0.8268200770040934
0.8260151344720070
0.8251662007945801
0.8242723289688623
0.8233327396175576
0.8223468632503070
0.8213143896576846
0.8202353256562841
0.8191100626228532
0.8179394555221381
0.8167249154460982
0.8154685180572685
0.8141731307797725
0.8128425621354549
0.8114817373538645
0.8100969054838132
0.8086958852509424
0.8072883614395440
0.8058862556670014
0.8045042330922707
0.8031605520787657
0.8025758647490799
0.8038452406364296
0.8051537447132019
0.8064834986341195
0.8078201730103358
0.8091521358844106
0.8104699435668230
0.8117659694646457
0.8130341096621400
0.8142695408452583
0.8154685180572687
0.8166282043938489
0.8177465269386833
0.8188220545149708
0.8198538936982530
0.8208416001845019
0.8217851031209144
0.8226846404136879
0.8235407033602552
0.8243539892228784
0.8251253605825645
0.8258558104935563
0.8265464326105488
0.8271983955847093
0.8278129211297663
0.8283912652460507
0.8289347021651322
0.8294445106382127
0.8299219622455019
0.8303683114472999
0.8307847871364622
0.8311725854841298
0.8315328638981925
0.8318667359390601
0.8321752670564062
0.8324594710297317
0.8327203070106457
0.8329586770775238
0.8331754242260063
0.8333713307277938
0.8335471168002918
0.8337034395361759
0.8338408920497933
0.8339600028032204
0.8340612350795333
0.8341449865766336
0.8342115890987879
0.8342613083264890
0.8342943436506105
0.8343108280574525
0.8343108280574525
0.8342943436506104
0.8342613083264890
0.8342115890987879
0.8341449865766336
0.8340612350795333
0.8339600028032249
0.8338408920497921
0.8337034395361758
0.8335471168002929
0.8333713307277938
0.8331754242260055
0.8329586770775238
0.8327203070106479
0.8324594710297244
0.8321752670564067
0.8318667359390605
0.8315328638981925
0.8311725854841294
0.8307847871364622
0.8303683114472999
0.8299219622454961
0.8294445106382131
0.8289347021651322
0.8283912652460507
0.8278129211297638
0.8271983955847093
0.8265464326105484
0.8258558104935559
0.8251253605825645
0.8243539892228784
0.8235407033602552
0.8226846404136881
0.8217851031209144
0.8208416001845019
0.8198538936982525
0.8188220545149708
0.8177465269386832
0.8166282043938489
0.8154685180572688
0.8142695408452583
0.8130341096621400
0.8117659694646457
0.8104699435668230
0.8091521358844117
0.8078201730103358
0.8064834986341193
0.8051537447132019
0.8038452406364296
0.8025758647490793
0.8019865808057282
0.8031775955788319
0.8044085440349150
0.8056619938551274
0.8069240055884225
0.8081832774655309
0.8094306338672881
0.8106586553273027
0.8118613883739926
0.8130341096621400
0.8141731307797730
0.8152756350334404
0.8163395400211314
0.8173633813197352
0.8183462136446268
0.8192875265875419
0.8201871725984650
0.8210453053093143
0.8218623266338517
0.8226388413440524
0.8233756180372721
0.8240735555809295
0.8247336542622922
0.8253569909880338
0.8259446979742898
0.8264979444482712
0.8270179209516016
0.8275058258913682
0.8279628540344364
0.8283901866816629
0.8287889832940372
0.8291603743728972
0.8295054554230983
0.8298252818493294
0.8301208646564342
0.8303931668405954
0.8306431003729969
0.8308715236905083
0.8310792396187525
0.8312669936627345
0.8314354726086191
0.8315853033878829
0.8317170521616729
0.8318312235885525
0.8319282602449455
0.8320085421712881
0.8320723865221130
0.8321200473009961
0.8321517151661728
0.8321675172941836
0.8321675172941836
0.8321517151661749
0.8321200473009959
0.8320723865221121
0.8320085421712881
0.8319282602449455
0.8318312235885524
0.8317170521616728
0.8315853033878829
0.8314354726086191
0.8312669936627345
0.8310792396187525
0.8308715236905083
0.8306431003729985
0.8303931668405954
0.8301208646564348
0.8298252818493294
0.8295054554230992
0.8291603743728972
0.8287889832940372
0.8283901866816625
0.8279628540344365
0.8275058258913681
0.8270179209516021
0.8264979444482712
0.8259446979742892
0.8253569909880338
0.8247336542622922
0.8240735555809295
0.8233756180372710
0.8226388413440524
0.8218623266338518
0.8210453053093146
0.8201871725984651
0.8192875265875421
0.8183462136446268
0.8173633813197341
0.8163395400211312
0.8152756350334404
0.8141731307797732
0.8130341096621400
0.8118613883739934
0.8106586553273045
0.8094306338672885
0.8081832774655311
0.8069240055884225
0.8056619938551274
0.8044085440349139
0.8031775955788443
0.8019865808057282
0.8013965613150867
0.8025050823540673
0.8036543643967428
0.8048274989620232
0.8060109978518194
0.8071939324307932
0.8083674209204927
0.8095242625716129
0.8106586553273042
0.8117659694646456
0.8128425621354546
0.8138856232454559
0.8148930460709644
0.8158633178213115
0.8167954265438034
0.8176887815887826
0.8185431454394591
0.8193585751415772
0.8201353718930382
0.8208740376033535
0.8215752374298219
0.8222397674547086
0.8228685267945247
0.8234624935385541
0.8240227039997241
0.8245502348340978
0.8250461876469809
0.8255116757552157
0.8259478128195360
0.8263557030993007
0.8267364331136285
0.8270910645218339
0.8274206280594949
0.8277261183880715
0.8280084897335559
0.8282686522057947
0.8285074687041145
0.8287257523258668
0.8289242642066899
0.8291037117285581
0.8292647470418965
0.8294079658534320
0.8295339064383928
0.8296430488424518
0.8297358142417357
0.8298125644355733
0.8298736014498155
0.8299191672328218
0.8299494434291479
0.8299645512196834
0.8299645512196834
0.8299494434291480
0.8299191672328218
0.8298736014498158
0.8298125644355733
0.8297358142417357
0.8296430488424518
0.8295339064383971
0.8294079658534320
0.8292647470418978
0.8291037117285581
0.8289242642066930
0.8287257523258652
0.8285074687041128
0.8282686522057925
0.8280084897335567
0.8277261183880715
0.8274206280594949
0.8270910645218346
0.8267364331136285
0.8263557030993008
0.8259478128195352
0.8255116757552157
0.8250461876469809
0.8245502348340972
0.8240227039997241
0.8234624935385535
0.8228685267945250
0.8222397674547094
0.8215752374298219
0.8208740376033535
0.8201353718930381
0.8193585751415772
0.8185431454394591
0.8176887815887842
0.8167954265438034
0.8158633178213115
0.8148930460709510
0.8138856232454559
0.8128425621354546
0.8117659694646457
0.8106586553273030
0.8095242625716124
0.8083674209204927
0.8071939324307932
0.8060109978518194
0.8048274989620232
0.8036543643967418
0.8025050823540679
0.8013965613150867
0.8008103326832055
0.8018321843283465
0.8028956529222095
0.8039844456974495
0.8050855937637998
0.8061885847934634
0.8072848526263325
0.8083674209204927
0.8094306338672885
0.8104699435668222
0.8114817373538645
0.8124631948107229
0.8134121677132393
0.8143270782312371
0.8152068319978396
0.8160507435046499
0.8168584718484011
0.8176299652576271
0.8183654131186423
0.8190652044425302
0.8197298918858460
0.8203601605732115
0.8209568010828535
0.8215206860451989
0.8220527498821625
0.8225539712787935
0.8230253580327015
0.8234679339741530
0.8238827276890892
0.8242707628116767
0.8246330496827858
0.8249705781968998
0.8252843116815716
0.8255751816733424
0.8258440834714904
0.8260918723646035
0.8263193604393275
0.8265273138908162
0.8267164507651509
0.8268874390726253
0.8270408952184014
0.8271773827038570
0.8272974110589492
0.8274014349699369
0.8274898535729235
0.8275630098873213
0.8276211903683234
0.8276646245597130
0.8276934848330851
0.8277078862018500
0.8277078862018500
0.8276934848330849
0.8276646245597129
0.8276211903683225
0.8275630098873213
0.8274898535729230
0.8274014349699392
0.8272974110589496
0.8271773827038569
0.8270408952184015
0.8268874390726253
0.8267164507651509
0.8265273138908152
0.8263193604393274
0.8260918723646035
0.8258440834714904
0.8255751816733424
0.8252843116815716
0.8249705781968998
0.8246330496827856
0.8242707628116767
0.8238827276890892
0.8234679339741530
0.8230253580327012
0.8225539712787939
0.8220527498821625
0.8215206860451989
0.8209568010828535
0.8203601605732115
0.8197298918858460
0.8190652044425305
0.8183654131186406
0.8176299652576269
0.8168584718484011
0.8160507435046602
0.8152068319978396
0.8143270782312342
0.8134121677132393
0.8124631948107229
0.8114817373538645
0.8104699435668238
0.8094306338672885
0.8083674209204927
0.8072848526263329
0.8061885847934634
0.8050855937637998
0.8039844456974495
0.8028956529222095
0.8018321843283465
0.8008103326832055
0.8002331625365531
0.8011641710765073
0.8021376949666625
0.8031381652771262
0.8041532050088821
0.8051727572165328
0.8061885847934592
0.8071939324307934
0.8081832774655306
0.8091521358844113
0.8100969054838131
0.8110147357771810
0.8119034182096931
0.8127612924420891
0.8135871657464792
0.8143802433366834
0.8151400679577979
0.8158664673974760
0.8165595088241713
0.8172194590375398
0.8178467498554026
0.8184419479754316
0.8190057287391351
0.8195388533051016
0.8200421488004371
0.8205164910774884
0.8209627897478255
0.8213819752085362
0.8217749874104505
0.8221427661485565
0.8224862426831792
0.8228063325221007
0.8231039292163469
0.8233798990388286
0.8236350764315155
0.8238702601211253
0.8240862098142583
0.8242836433952382
0.8244632345580452
0.8246256108133034
0.8247713518175673
0.8249009879800712
0.8250149993066993
0.8251138144475723
0.8251978099181799
0.8252673094691401
0.8253225835832614
0.8253638490823059
0.8253912688289521
0.8254049515129162
0.8254049515129162
0.8253912688289521
0.8253638490823046
0.8253225835832614
0.8252673094691401
0.8251978099181799
0.8251138144475723
0.8250149993066979
0.8249009879800712
0.8247713518175666
0.8246256108133033
0.8244632345580452
0.8242836433952382
0.8240862098142586
0.8238702601211253
0.8236350764315155
0.8233798990388286
0.8231039292163469
0.8228063325220997
0.8224862426831784
0.8221427661485573
0.8217749874104505
0.8213819752085391
0.8209627897478254
0.8205164910774878
0.8200421488004369
0.8195388533051016
0.8190057287391348
0.8184419479754316
0.8178467498554032
0.8172194590375398
0.8165595088241652
0.8158664673974760
0.8151400679577979
0.8143802433366834
0.8135871657464792
0.8127612924420921
0.8119034182096926
0.8110147357771810
0.8100969054838135
0.8091521358844113
0.8081832774655306
0.8071939324307932
0.8061885847934592
0.8051727572165337
0.8041532050088820
0.8031381652771262
0.8021376949666618
0.8011641710765124
0.8002331625365531
0.7996711417705112
0.8005071956535159
0.8013867325784088
0.8022950326502787
0.8032203816482980
0.8041532050088809
0.8050855937638000
0.8060109978518188
0.8069240055884238
0.8078201730103226
0.8086958852509420
0.8095482403931628
0.8103749503057124
0.8111742550215570
0.8119448483167184
0.8126858127762172
0.8133965630154540
0.8140767959777879
0.8147264474061999
0.8153456537201295
0.8159347186341901
0.8164940839420805
0.8170243039604682
0.8175260231914117
0.8179999568139894
0.8184468736633351
0.8188675813959810
0.8192629135762687
0.8196337184494590
0.8199808491960862
0.8203051554849382
0.8206074761648677
0.8208886329535164
0.8211494249985954
0.8213906242010215
0.8216129712038774
0.8218171719605178
0.8220038948076044
0.8221737679761021
0.8223273774823406
0.8224652653481259
0.8225879281052452
0.8226958155452486
0.8227893296812291
0.8228688238918644
0.8229346022235136
0.8229869188287091
0.8230259775239115
0.8230519314523431
0.8230648828405531
0.8230648828405531
0.8230519314523431
0.8230259775239115
0.8229869188287098
0.8229346022235141
0.8228688238918657
0.8227893296812294
0.8226958155452486
0.8225879281052452
0.8224652653481259
0.8223273774823409
0.8221737679761013
0.8220038948076044
0.8218171719605178
0.8216129712038782
0.8213906242010215
0.8211494249985954
0.8208886329535164
0.8206074761648677
0.8203051554849387
0.8199808491960862
0.8196337184494593
0.8192629135762687
0.8188675813959807
0.8184468736633335
0.8179999568139898
0.8175260231914117
0.8170243039604683
0.8164940839420812
0.8159347186341892
0.8153456537201295
0.8147264474061965
0.8140767959777879
0.8133965630154533
0.8126858127762172
0.8119448483167184
0.8111742550215568
0.8103749503057128
0.8095482403931631
0.8086958852509422
0.8078201730103226
0.8069240055884240
0.8060109978518188
0.8050855937638000
0.8041532050088809
0.8032203816482980
0.8022950326502788
0.8013867325784088
0.8005071956535160
0.7996711417705112
0.7991312749470867
0.7998684066084381
0.8006501097151453
0.8014626507918630
0.8022950326502789
0.8031381652771262
0.8039844456974492
0.8048274989620237
0.8056619938551275
0.8064834986341194
0.8072883614395437
0.8080736080294911
0.8088368528533334
0.8095762210702859
0.8102902798855651
0.8109779779840904
0.8116385920788841
0.8122716797461028
0.8128770378278912
0.8134546657724898
0.8140047333517381
0.8145275522585463
0.8150235511419984
0.8154932536854892
0.8159372593769765
0.8163562266597431
0.8167508581857406
0.8171218879253109
0.8174700699145988
0.8177961684466012
0.8181009495332545
0.8183851734867537
0.8186495884840790
0.8188949249954931
0.8191218909707381
0.8193311676892064
0.8195234061912345
0.8196992242169163
0.8198592035884595
0.8200038879782270
0.8201337810136070
0.8202493446738343
0.8203509979408232
0.8204391156710228
0.8205140276590878
0.8205760178689964
0.8206253238116616
0.8206621360516213
0.8206865978290263
0.8206988047853919
0.8206988047853917
0.8206865978290263
0.8206621360516213
0.8206253238116610
0.8205760178689965
0.8205140276590878
0.8204391156710228
0.8203509979408232
0.8202493446738339
0.8201337810136070
0.8200038879782268
0.8198592035884505
0.8196992242169214
0.8195234061912345
0.8193311676892052
0.8191218909707356
0.8188949249954925
0.8186495884840790
0.8183851734867537
0.8181009495332545
0.8177961684466014
0.8174700699145988
0.8171218879253109
0.8167508581857406
0.8163562266597431
0.8159372593769788
0.8154932536854895
0.8150235511419966
0.8145275522585453
0.8140047333517381
0.8134546657724898
0.8128770378278910
0.8122716797461025
0.8116385920788841
0.8109779779840900
0.8102902798855650
0.8095762210702859
0.8088368528533334
0.8080736080294901
0.8072883614395437
0.8064834986341194
0.8056619938551275
0.8048274989620237
0.8039844456974492
0.8031381652771262
0.8022950326502789
0.8014626507918647
0.8006501097151451
0.7998684066084381
0.7991312749470872
0.7986215860417246
0.7992560886025005
0.7999364705985466
0.8006501097151473
0.8013867325784098
0.8021376949666613
0.8028956529222095
0.8036543643967429
0.8044085440349140
0.8051537447132022
0.8058862556670044
0.8066030128273646
0.8073015190712697
0.8079797730842846
0.8086362058581682
0.8092696240520388
0.8098791595412782
0.8104642245462331
0.8110244717833566
0.8115597591292871
0.8120701183300955
0.8125557273296643
0.8130168858304683
0.8134539937355967
0.8138675321562646
0.8142580467001505
0.8146261327848605
0.8149724227481848
0.8152975745501289
0.8156022618842927
0.8158871655352369
0.8161529658370122
0.8164003361031869
0.8166299369134469
0.8168424111548495
0.8170383797262226
0.8172184378262338
0.8173831517529325
0.8175330561520453
0.8176686516583010
0.8177904028807387
0.8178987366885740
0.8179940407603952
0.8180766623634234
0.8181469073342525
0.8182050392373843
0.8182512786803010
0.8182858027676324
0.8183087446814808
0.8183201933753883
0.8183201933753883
0.8183087446814808
0.8182858027676324
0.8182512786803010
0.8182050392373843
0.8181469073342519
0.8180766623634232
0.8179940407603953
0.8178987366885740
0.8177904028807387
0.8176686516583013
0.8175330561520405
0.8173831517529327
0.8172184378262338
0.8170383797262226
0.8168424111548495
0.8166299369134469
0.8164003361031869
0.8161529658370122
0.8158871655352369
0.8156022618842943
0.8152975745501286
0.8149724227481845
0.8146261327848608
0.8142580467001505
0.8138675321562658
0.8134539937355967
0.8130168858304686
0.8125557273296635
0.8120701183300955
0.8115597591292874
0.8110244717833566
0.8104642245462320
0.8098791595412778
0.8092696240520388
0.8086362058581682
0.8079797730842846
0.8073015190712697
0.8066030128273646
0.8058862556670044
0.8051537447132022
0.8044085440349140
0.8036543643967429
0.8028956529222095
0.8021376949666617
0.8013867325784098
0.8006501097151473
0.7999364705985466
0.7992560886025005
0.7986215860417246
0.7981512624035724
0.7986798788237823
0.7992560886025005
0.7998684066084393
0.8005071956535152
0.8011641710765073
0.8018321843283467
0.8025050823540679
0.8031775955788445
0.8038452406364288
0.8045042330922710
0.8051514083103881
0.8057841495676205
0.8064003229081117
0.8069982182213100
0.8075764961536085
0.8081341404020959
0.8086704149626616
0.8091848259098897
0.8096770873018336
0.8101470908231121
0.8105948788033931
0.8110206202744616
0.8114245897555513
0.8118071484825525
0.8121687278228890
0.8125098146407492
0.8128309384012626
0.8131326598223330
0.8134155609020536
0.8136802361681864
0.8139272850110175
0.8141573049763878
0.8143708859083619
0.8145686048432199
0.8147510215668265
0.8149186747574508
0.8150720786443202
0.8152117201210344
0.8153380562582055
0.8154515121684477
0.8155524791800479
0.8156413132832855
0.8157183338162186
0.8157838223620044
0.8158380218338387
0.8158811357266530
0.8159133275188369
0.8159347202096944
0.8159453959821716
0.8159453959821716
0.8159347202096944
0.8159133275188369
0.8158811357266534
0.8158380218338429
0.8157838223620044
0.8157183338162185
0.8156413132832855
0.8155524791800479
0.8154515121684477
0.8153380562582074
0.8152117201210339
0.8150720786443206
0.8149186747574508
0.8147510215668265
0.8145686048432199
0.8143708859083630
0.8141573049763878
0.8139272850110182
0.8136802361681864
0.8134155609020536
0.8131326598223330
0.8128309384012626
0.8125098146407499
0.8121687278228890
0.8118071484825541
0.8114245897555513
0.8110206202744727
0.8105948788033935
0.8101470908231118
0.8096770873018336
0.8091848259098892
0.8086704149626616
0.8081341404020962
0.8075764961536085
0.8069982182213100
0.8064003229081013
0.8057841495676209
0.8051514083103881
0.8045042330922709
0.8038452406364288
0.8031775955788445
0.8025050823540679
0.8018321843283467
0.8011641710765073
0.8005071956535152
0.7998684066084389
0.7992560886025005
0.7986798788237823
0.7981512624035724
0.7977309223704240
0.7981512624035726
0.7986215860417266
0.7991312749470867
0.7996711417705112
0.8002331625365557
0.8008103326832053
0.8013965613150867
0.8019865808057282
0.8025758647490784
0.8031605520787657
0.8037373767167202
0.8043036025693728
0.8048569637714778
0.8053956100422220
0.8059180569607965
0.8064231408934707
0.8069099783303287
0.8073779292626584
0.8078265643305637
0.8082556354081971
0.8086650493261313
0.8090548444409991
0.8094251697807093
0.8097762665119712
0.8101084514967514
0.8104221027234061
0.8107176464174395
0.8109955456540513
0.8112562903117936
0.8115003882224698
0.8117283573857874
0.8119407191317864
0.8121379921249168
0.8123206871156045
0.8124893023541899
0.8126443195920230
0.8127862006020525
0.8129153841590318
0.8130322834260214
0.8131372837000982
0.8132307404756971
0.8133129777886594
0.8133842868097260
0.8134449246588924
0.8134951134173589
0.8135350393165595
0.8135648520872788
0.8135846644550789
0.8135945517712624
0.8135945517712624
0.8135846644550789
0.8135648520872788
0.8135350393165598
0.8134951134173589
0.8134449246588927
0.8133842868097260
0.8133129777886594
0.8132307404756971
0.8131372837000982
0.8130322834260214
0.8129153841590323
0.8127862006020515
0.8126443195920230
0.8124893023541899
0.8123206871156045
0.8121379921249168
0.8119407191317864
0.8117283573857874
0.8115003882224692
0.8112562903117927
0.8109955456540513
0.8107176464174395
0.8104221027234112
0.8101084514967514
0.8097762665119661
0.8094251697807093
0.8090548444409991
0.8086650493261321
0.8082556354081971
0.8078265643305637
0.8073779292626583
0.8069099783303287
0.8064231408934707
0.8059180569607893
0.8053956100422220
0.8048569637714778
0.8043036025693824
0.8037373767167201
0.8031605520787657
0.8025758647490789
0.8019865808057282
0.8013965613150867
0.8008103326832053
0.8002331625365557
0.7996711417705112
0.7991312749470867
0.7986215860417266
0.7981512624035726
0.7977309223704230
