RW,Z
0.0486238779090648,12.3367064799213590
0.0486420067715313
0.0486598993666934
0.0486774885844015
0.0486947257582338
0.0487115745426565
0.0487280076041650
0.0487440045269826
0.0487595503626591
0.0487746345657075
0.0487892501806692
0.0488033932028115
0.0488170620642617
0.0488302572139636
0.0488429807696394
0.0488552362264237
0.0488670282107835
0.0488783622712822
0.0488892446996139
0.0488996823768347
0.0489096826407296
0.0489192531710800
0.0489284018901524
0.0489371368762035
0.0489454662882070
0.0489533983002731
0.0489609410444584
0.0489681025608747
0.0489748907541646
0.0489813133555137
0.0489873778895588
0.0489930916454980
0.0489984616519936
0.0490034946552835
0.0490081971002093
0.0490125751137580
0.0490166344907776
0.0490203806816832
0.0490238187818396
0.0490269535224273
0.0490297892626416
0.0490323299830233
0.0490345792797954
0.0490365403600915
0.0490382160379618
0.0490396087310493
0.0490407204579049
0.0490415528358195
0.0490421070791672
0.0490423839981795
0.0490423839981795
0.0490421070791671
0.0490415528358195
0.0490407204579049
0.0490396087310492
0.0490382160379618
0.0490365403600915
0.0490345792797954
0.0490323299830233
0.0490297892626416
0.0490269535224273
0.0490238187818396
0.0490203806816832
0.0490166344907776
0.0490125751137580
0.0490081971002093
0.0490034946552835
0.0489984616519936
0.0489930916454981
0.0489873778895591
0.0489813133555137
0.0489748907541646
0.0489681025608747
0.0489609410444588
0.0489533983002732
0.0489454662882069
0.0489371368762035
0.0489284018901524
0.0489192531710800
0.0489096826407296
0.0488996823768347
0.0488892446996139
0.0488783622712822
0.0488670282107835
0.0488552362264242
0.0488429807696394
0.0488302572139636
0.0488170620642617
0.0488033932028115
0.0487892501806692
0.0487746345657076
0.0487595503626589
0.0487440045269826
0.0487280076041650
0.0487115745426565
0.0486947257582336
0.0486774885844015
0.0486598993666934
0.0486420067715314
0.0486238779090648
0.0486420067715314
0.0486609731482570
0.0486796674281836
0.0486980198339744
0.0487159821796815
0.0487335194043612
0.0487506056949323
0.0487672222109201
0.0487833555649120
0.0487989967288639
0.0488141402082747
0.0488287833974365
0.0488429260638857
0.0488565699285363
0.0488697183189083
0.0488823758795318
0.0488945483279468
0.0489062422476712
0.0489174649114729
0.0489282241298425
0.0489385281205533
0.0489483853960291
0.0489578046658754
0.0489667947523401
0.0489753645169103
0.0489835227964954
0.0489912783479313
0.0489986397996744
0.0490056156097924
0.0490122140294043
0.0490184430709109
0.0490243104804052
0.0490298237137118
0.0490349899156462
0.0490398159020708
0.0490443081443831
0.0490484727561654
0.0490523154816825
0.0490558416860807
0.0490590563469086
0.0490619640470084
0.0490645689684015
0.0490668748871565
0.0490688851691179
0.0490706027662880
0.0490720302139044
0.0490731696280324
0.0490740227036728
0.0490745907133035
0.0490748745058095
0.0490748745058094
0.0490745907133036
0.0490740227036729
0.0490731696280324
0.0490720302139044
0.0490706027662880
0.0490688851691179
0.0490668748871570
0.0490645689684015
0.0490619640470084
0.0490590563469086
0.0490558416860807
0.0490523154816825
0.0490484727561654
0.0490443081443831
0.0490398159020712
0.0490349899156462
0.0490298237137118
0.0490243104804052
0.0490184430709110
0.0490122140294042
0.0490056156097924
0.0489986397996744
0.0489912783479312
0.0489835227964954
0.0489753645169103
0.0489667947523401
0.0489578046658754
0.0489483853960290
0.0489385281205533
0.0489282241298425
0.0489174649114729
0.0489062422476712
0.0488945483279468
0.0488823758795318
0.0488697183189083
0.0488565699285363
0.0488429260638857
0.0488287833974365
0.0488141402082747
0.0487989967288639
0.0487833555649120
0.0487672222109201
0.0487506056949323
0.0487335194043612
0.0487159821796815
0.0486980198339744
0.0486796674281835
0.0486609731482570
0.0486420067715314
0.0486598993666930
0.0486796674281835
0.0486991382930593
0.0487182357361312
0.0487369094766531
0.0487551242663702
0.0487728549431415
0.0487900836978035
0.0488067983450739
0.0488229911267643
0.0488386578319942
0.0488537971231904
0.0488684100041368
0.0488824993909940
0.0488960697605897
0.0489091268584308
0.0489216774538346
0.0489337291330040
0.0489452901230205
0.0489563691414002
0.0489669752669838
0.0489771178287699
0.0489868063099480
0.0489960502649408
0.0490048592475134
0.0490132427485074
0.0490212101417847
0.0490287706373756
0.0490359332408170
0.0490427067179265
0.0490490995642513
0.0490551199786813
0.0490607758405876
0.0490660746901522
0.0490710237114065
0.0490756297176246
0.0490798991388690
0.0490838380112781
0.0490874519679868
0.0490907462313724
0.0490937256065377
0.0490963944757721
0.0490987567939629
0.0491008160847337
0.0491025754372849
0.0491040375037834
0.0491052044972896
0.0491060781900941
0.0491066599124705
0.0491069505517499
0.0491069505517499
0.0491066599124705
0.0491060781900942
0.0491052044972896
0.0491040375037834
0.0491025754372849
0.0491008160847337
0.0490987567939629
0.0490963944757721
0.0490937256065377
0.0490907462313730
0.0490874519679870
0.0490838380112781
0.0490798991388690
0.0490756297176247
0.0490710237114065
0.0490660746901522
0.0490607758405876
0.0490551199786813
0.0490490995642513
0.0490427067179265
0.0490359332408170
0.0490287706373756
0.0490212101417847
0.0490132427485074
0.0490048592475135
0.0489960502649407
0.0489868063099482
0.0489771178287698
0.0489669752669838
0.0489563691414002
0.0489452901230206
0.0489337291330041
0.0489216774538346
0.0489091268584307
0.0488960697605897
0.0488824993909941
0.0488684100041369
0.0488537971231903
0.0488386578319942
0.0488229911267637
0.0488067983450739
0.0487900836978035
0.0487728549431416
0.0487551242663702
0.0487369094766532
0.0487182357361311
0.0486991382930593
0.0486796674281835
0.0486598993666930
0.0486774885844015
0.0486980198339741
0.0487182357361312
0.0487380531684511
0.0487574182981374
0.0487762944104388
0.0487946560564042
0.0488124857935866
0.0488297721647045
0.0488465083367699
0.0488626911267447
0.0488783202713222
0.0488933978608563
0.0489079278891898
0.0489219158887685
0.0489353686303748
0.0489482938732336
0.0489607001551466
0.0489725966149077
0.0489839928412647
0.0489948987438250
0.0490053244423247
0.0490152801714025
0.0490247761985621
0.0490338227533290
0.0490424299660846
0.0490506078151736
0.0490583660812021
0.0490657143075133
0.0490726617661032
0.0490792174281569
0.0490853899386836
0.0490911875947255
0.0490966183265929
0.0491016896818169
0.0491064088114484
0.0491107824583489
0.0491148169472741
0.0491185181764750
0.0491218916106097
0.0491249422747770
0.0491276747495863
0.0491300931670195
0.0491322012070027
0.0491340020946702
0.0491354985980675
0.0491366930263770
0.0491375872285031
0.0491381825920057
0.0491384800423333
0.0491384800423332
0.0491381825920058
0.0491375872285032
0.0491366930263771
0.0491354985980675
0.0491340020946702
0.0491322012070027
0.0491300931670195
0.0491276747495863
0.0491249422747770
0.0491218916106096
0.0491185181764750
0.0491148169472749
0.0491107824583488
0.0491064088114484
0.0491016896818169
0.0490966183265929
0.0490911875947255
0.0490853899386836
0.0490792174281569
0.0490726617661033
0.0490657143075133
0.0490583660812021
0.0490506078151736
0.0490424299660846
0.0490338227533290
0.0490247761985621
0.0490152801714025
0.0490053244423247
0.0489948987438251
0.0489839928412643
0.0489725966149076
0.0489607001551466
0.0489482938732336
0.0489353686303748
0.0489219158887686
0.0489079278891897
0.0488933978608563
0.0488783202713222
0.0488626911267446
0.0488465083367699
0.0488297721647045
0.0488124857935866
0.0487946560564042
0.0487762944104388
0.0487574182981374
0.0487380531684509
0.0487182357361313
0.0486980198339740
0.0486774885844015
0.0486947257582336
0.0487159821796815
0.0487369094766532
0.0487574182981374
0.0487774508289161
0.0487969681331913
0.0488159437456341
0.0488343599839455
0.0488522056393073
0.0488694744301619
0.0488861639096429
0.0489022746595059
0.0489178096747272
0.0489327738808956
0.0489471737477643
0.0489610169745436
0.0489743122303656
0.0489870689379425
0.0489992970918086
0.0490110071046149
0.0490222096764291
0.0490329156832266
0.0490431360814175
0.0490528818259100
0.0490621637996875
0.0490709927532387
0.0490793792523710
0.0490873336333259
0.0490948659641142
0.0491019860112997
0.0491087032114297
0.0491150266465712
0.0491209650233397
0.0491265266550105
0.0491317194462582
0.0491365508802323
0.0491410280075698
0.0491451574371693
0.0491489453284374
0.0491523973847934
0.0491555188482711
0.0491583144950781
0.0491607886319136
0.0491629450929931
0.0491647872376236
0.0491663179482904
0.0491675396290983
0.0491684542046253
0.0491690631190254
0.0491693673353994
0.0491693673353993
0.0491690631190254
0.0491684542046253
0.0491675396290982
0.0491663179482904
0.0491647872376236
0.0491629450929931
0.0491607886319135
0.0491583144950781
0.0491555188482711
0.0491523973847934
0.0491489453284374
0.0491451574371694
0.0491410280075699
0.0491365508802322
0.0491317194462582
0.0491265266550105
0.0491209650233396
0.0491150266465713
0.0491087032114297
0.0491019860112997
0.0490948659641142
0.0490873336333259
0.0490793792523709
0.0490709927532387
0.0490621637996875
0.0490528818259100
0.0490431360814175
0.0490329156832266
0.0490222096764291
0.0490110071046149
0.0489992970918086
0.0489870689379425
0.0489743122303657
0.0489610169745436
0.0489471737477643
0.0489327738808956
0.0489178096747272
0.0489022746595062
0.0488861639096428
0.0488694744301619
0.0488522056393073
0.0488343599839455
0.0488159437456341
0.0487969681331913
0.0487774508289161
0.0487574182981374
0.0487369094766532
0.0487159821796814
0.0486947257582337
0.0487115745426567
0.0487335194043613
0.0487551242663702
0.0487762944104388
0.0487969681331913
0.0488171039609663
0.0488366739532585
0.0488556597251383
0.0488740499034611
0.0488918384085380
0.0489090232401782
0.0489256055873001
0.0489415891541378
0.0489569796371235
0.0489717843101040
0.0489860116898157
0.0489996712623729
0.0490127732571031
0.0490253284578953
0.0490373480446804
0.0490488434594962
0.0490598262928041
0.0490703081866398
0.0490803007519372
0.0490898154977812
0.0490988637708103
0.0491074567032907
0.0491156051686019
0.0491233197430946
0.0491306106734635
0.0491374878488334
0.0491439607769632
0.0491500385639566
0.0491557298970828
0.0491610430301742
0.0491659857713543
0.0491705654727265
0.0491747890217045
0.0491786628338590
0.0491821928469591
0.0491853845160679
0.0491882428095812
0.0491907722059465
0.0491929766910741
0.0491948597562786
0.0491964243966030
0.0491976731095921
0.0491986078943070
0.0491992302506122
0.0491995411786840
0.0491995411786840
0.0491992302506123
0.0491986078943070
0.0491976731095921
0.0491964243966030
0.0491948597562786
0.0491929766910740
0.0491907722059464
0.0491882428095812
0.0491853845160679
0.0491821928469591
0.0491786628338590
0.0491747890217045
0.0491705654727265
0.0491659857713542
0.0491610430301742
0.0491557298970828
0.0491500385639566
0.0491439607769632
0.0491374878488334
0.0491306106734635
0.0491233197430946
0.0491156051686020
0.0491074567032907
0.0490988637708103
0.0490898154977812
0.0490803007519372
0.0490703081866398
0.0490598262928039
0.0490488434594962
0.0490373480446803
0.0490253284578953
0.0490127732571031
0.0489996712623729
0.0489860116898156
0.0489717843101040
0.0489569796371234
0.0489415891541378
0.0489256055873001
0.0489090232401782
0.0488918384085380
0.0488740499034610
0.0488556597251383
0.0488366739532585
0.0488171039609663
0.0487969681331913
0.0487762944104388
0.0487551242663701
0.0487335194043613
0.0487115745426567
0.0487280076041650
0.0487506056949323
0.0487728549431415
0.0487946560564043
0.0488159437456340
0.0488366739532586
0.0488568170291981
0.0488763535777026
0.0488952717444041
0.0489135653567234
0.0489312326000199
0.0489482750446802
0.0489646969115485
0.0489805045042587
0.0489957057619352
0.0490103099009215
0.0490243271239086
0.0490377683810489
0.0490506451720090
0.0490629693806757
0.0490747531363453
0.0490860086964797
0.0490967483474415
0.0491069843201087
0.0491167287180584
0.0491259934563130
0.0491347902091298
0.0491431303654121
0.0491510249907388
0.0491584847949783
0.0491655201047684
0.0491721408401583
0.0491783564948324
0.0491841761194030
0.0491896083073901
0.0491946611834695
0.0491993423936514
0.0492036590971933
0.0492076179598842
0.0492112251485637
0.0492144863266970
0.0492174066507576
0.0492199907673913
0.0492222428111278
0.0492241664026321
0.0492257646473398
0.0492270401344090
0.0492279949359629
0.0492286306065185
0.0492289481826337
0.0492289481826337
0.0492286306065185
0.0492279949359627
0.0492270401344090
0.0492257646473399
0.0492241664026321
0.0492222428111279
0.0492199907673913
0.0492174066507577
0.0492144863266970
0.0492112251485637
0.0492076179598842
0.0492036590971934
0.0491993423936514
0.0491946611834696
0.0491896083073901
0.0491841761194031
0.0491783564948324
0.0491721408401583
0.0491655201047684
0.0491584847949784
0.0491510249907388
0.0491431303654119
0.0491347902091299
0.0491259934563129
0.0491167287180584
0.0491069843201086
0.0490967483474415
0.0490860086964796
0.0490747531363454
0.0490629693806757
0.0490506451720089
0.0490377683810489
0.0490243271239085
0.0490103099009215
0.0489957057619351
0.0489805045042587
0.0489646969115485
0.0489482750446803
0.0489312326000199
0.0489135653567235
0.0488952717444042
0.0488763535777026
0.0488568170291981
0.0488366739532586
0.0488159437456340
0.0487946560564043
0.0487728549431415
0.0487506056949324
0.0487280076041651
0.0487440045269826
0.0487672222109201
0.0487900836978036
0.0488124857935866
0.0488343599839455
0.0488556597251383
0.0488763535777026
0.0488964209563634
0.0489158493042022
0.0489346321262324
0.0489527675742399
0.0489702573999565
0.0489871061624865
0.0490033206159980
0.0490189092283016
0.0490338817967369
0.0490482491376600
0.0490620228327636
0.0490752150199199
0.0490878382194598
0.0490999051890142
0.0491114288015519
0.0491224219425876
0.0491328974232777
0.0491428679067107
0.0491523458454477
0.0491613434284184
0.0491698725358504
0.0491779447010387
0.0491855710779048
0.0491927624135688
0.0491995290251887
0.0492058807804475
0.0492118270812327
0.0492173768499309
0.0492225385181029
0.0492273200170959
0.0492317287703101
0.0492357716869321
0.0492394551568374
0.0492427850465240
0.0492457666958616
0.0492484049155823
0.0492507039852887
0.0492526676519726
0.0492542991289023
0.0492556010947693
0.0492565756931149
0.0492572245318993
0.0492575486832457
0.0492575486832457
0.0492572245318994
0.0492565756931149
0.0492556010947693
0.0492542991289023
0.0492526676519727
0.0492507039852887
0.0492484049155823
0.0492457666958616
0.0492427850465237
0.0492394551568374
0.0492357716869321
0.0492317287703101
0.0492273200170959
0.0492225385181029
0.0492173768499308
0.0492118270812329
0.0492058807804475
0.0491995290251888
0.0491927624135688
0.0491855710779048
0.0491779447010387
0.0491698725358504
0.0491613434284183
0.0491523458454478
0.0491428679067107
0.0491328974232777
0.0491224219425876
0.0491114288015519
0.0490999051890142
0.0490878382194598
0.0490752150199199
0.0490620228327636
0.0490482491376599
0.0490338817967369
0.0490189092283013
0.0490033206159980
0.0489871061624865
0.0489702573999565
0.0489527675742399
0.0489346321262324
0.0489158493042022
0.0488964209563633
0.0488763535777026
0.0488556597251383
0.0488343599839455
0.0488124857935866
0.0487900836978036
0.0487672222109201
0.0487440045269826
0.0487595503626590
0.0487833555649120
0.0488067983450738
0.0488297721647044
0.0488522056393073
0.0488740499034611
0.0488952717444042
0.0489158493042022
0.0489357691831099
0.0489550243970249
0.0489736128907931
0.0489915364292019
0.0490087997525961
0.0490254099225903
0.0490413758072374
0.0490567076705665
0.0490714168414433
0.0490855154438167
0.0490990161750956
0.0491119321227210
0.0491242766115305
0.0491360630760461
0.0491473049532846
0.0491580155924515
0.0491682081787937
0.0491778956691860
0.0491870907377179
0.0491958057296677
0.0492040526226083
0.0492118429936108
0.0492191879915844
0.0492260983140787
0.0492325841878550
0.0492386553526614
0.0492443210477971
0.0492495900010097
0.0492544704193792
0.0492589699819320
0.0492630958336422
0.0492668545806586
0.0492702522865320
0.0492732944692826
0.0492759860991225
0.0492783315967446
0.0492803348320848
0.0492819991233671
0.0492833272364903
0.0492843213845643
0.0492849832276250
0.0492853138724468
0.0492853138724468
0.0492849832276250
0.0492843213845643
0.0492833272364902
0.0492819991233672
0.0492803348320848
0.0492783315967446
0.0492759860991226
0.0492732944692826
0.0492702522865320
0.0492668545806586
0.0492630958336422
0.0492589699819320
0.0492544704193792
0.0492495900010097
0.0492443210477971
0.0492386553526613
0.0492325841878550
0.0492260983140787
0.0492191879915844
0.0492118429936108
0.0492040526226084
0.0491958057296677
0.0491870907377178
0.0491778956691860
0.0491682081787938
0.0491580155924516
0.0491473049532846
0.0491360630760461
0.0491242766115305
0.0491119321227210
0.0490990161750956
0.0490855154438167
0.0490714168414432
0.0490567076705665
0.0490413758072374
0.0490254099225904
0.0490087997525961
0.0489915364292019
0.0489736128907930
0.0489550243970249
0.0489357691831102
0.0489158493042022
0.0488952717444041
0.0488740499034611
0.0488522056393073
0.0488297721647044
0.0488067983450739
0.0487833555649120
0.0487595503626591
0.0487746345657076
0.0487989967288639
0.0488229911267638
0.0488465083367699
0.0488694744301620
0.0488918384085381
0.0489135653567234
0.0489346321262324
0.0489550243970249
0.0489747345830707
0.0489937602921719
0.0490121031669151
0.0490297679961698
0.0490467620232761
0.0490630944000524
0.0490787757508802
0.0490938178209837
0.0491082331901873
0.0491220350380826
0.0491352369501813
0.0491478527569395
0.0491598963995500
0.0491713818175849
0.0491823228546888
0.0491927331792935
0.0492026262178206
0.0492120150984427
0.0492209126036553
0.0492293311304336
0.0492372826566619
0.0492447787130346
0.0492518303595646
0.0492584481659627
0.0492646421954142
0.0492704219911631
0.0492757965655150
0.0492807743909073
0.0492853633926755
0.0492895709432865
0.0492934038577854
0.0492968683902564
0.0492999702310949
0.0493027145049655
0.0493051057692964
0.0493071480132195
0.0493088446567962
0.0493101985505511
0.0493112119751335
0.0493118866411538
0.0493122236890443
0.0493122236890443
0.0493118866411538
0.0493112119751335
0.0493101985505511
0.0493088446567962
0.0493071480132195
0.0493051057692964
0.0493027145049654
0.0492999702310949
0.0492968683902565
0.0492934038577854
0.0492895709432865
0.0492853633926756
0.0492807743909073
0.0492757965655152
0.0492704219911631
0.0492646421954141
0.0492584481659627
0.0492518303595647
0.0492447787130346
0.0492372826566614
0.0492293311304336
0.0492209126036553
0.0492120150984428
0.0492026262178206
0.0491927331792935
0.0491823228546887
0.0491713818175849
0.0491598963995502
0.0491478527569395
0.0491352369501814
0.0491220350380827
0.0491082331901872
0.0490938178209835
0.0490787757508802
0.0490630944000524
0.0490467620232761
0.0490297679961696
0.0490121031669150
0.0489937602921720
0.0489747345830707
0.0489550243970249
0.0489346321262323
0.0489135653567234
0.0488918384085381
0.0488694744301620
0.0488465083367697
0.0488229911267638
0.0487989967288639
0.0487746345657076
0.0487892501806692
0.0488141402082748
0.0488386578319942
0.0488626911267446
0.0488861639096429
0.0489090232401782
0.0489312326000199
0.0489527675742399
0.0489736128907930
0.0489937602921719
0.0490132069565924
0.0490319543001209
0.0490500070519123
0.0490673725300778
0.0490840600677914
0.0491000805536992
0.0491154460605322
0.0491301695425877
0.0491442645876182
0.0491577452121449
0.0491706256917326
0.0491829204197100
0.0491946437891395
0.0492058100940041
0.0492164334462589
0.0492265277062323
0.0492361064241244
0.0492451827908483
0.0492537695968268
0.0492618791974498
0.0492695234842062
0.0492767138606604
0.0492834612224806
0.0492897759409783
0.0492956678495810
0.0493011462327994
0.0493062198173202
0.0493108967648565
0.0493151846664910
0.0493190905382552
0.0493226208177491
0.0493257813615618
0.0493285774433923
0.0493310137527016
0.0493330943937962
0.0493348228851969
0.0493362021592702
0.0493372345620244
0.0493379218530014
0.0493382652052285
0.0493382652052285
0.0493379218530014
0.0493372345620244
0.0493362021592702
0.0493348228851968
0.0493330943937962
0.0493310137527016
0.0493285774433919
0.0493257813615618
0.0493226208177491
0.0493190905382552
0.0493151846664910
0.0493108967648565
0.0493062198173202
0.0493011462327994
0.0492956678495809
0.0492897759409788
0.0492834612224807
0.0492767138606604
0.0492695234842062
0.0492618791974498
0.0492537695968267
0.0492451827908484
0.0492361064241244
0.0492265277062323
0.0492164334462590
0.0492058100940041
0.0491946437891395
0.0491829204197100
0.0491706256917325
0.0491577452121449
0.0491442645876180
0.0491301695425877
0.0491154460605321
0.0491000805536993
0.0490840600677914
0.0490673725300778
0.0490500070519123
0.0490319543001209
0.0490132069565924
0.0489937602921719
0.0489736128907930
0.0489527675742399
0.0489312326000199
0.0489090232401783
0.0488861639096429
0.0488626911267446
0.0488386578319942
0.0488141402082747
0.0487892501806692
0.0488033932028115
0.0488287833974364
0.0488537971231900
0.0488783202713222
0.0489022746595059
0.0489256055873000
0.0489482750446803
0.0489702573999563
0.0489915364292019
0.0490121031669151
0.0490319543001209
0.0490510909411968
0.0490695176741669
0.0490872418035197
0.0491042727560525
0.0491206216000057
0.0491363006554215
0.0491513231761543
0.0491657030887767
0.0491794547771117
0.0491925929035907
0.0492051322606059
0.0492170876465090
0.0492284737618581
0.0492393051225419
0.0492495959869261
0.0492593602948009
0.0492686116161607
0.0492773631083740
0.0492856274803601
0.0492934169627406
0.0493007432830728
0.0493076176453081
0.0493140507129444
0.0493200525952102
0.0493256328358761
0.0493308004042328
0.0493355636879137
0.0493399304872542
0.0493439080109425
0.0493475028726569
0.0493507210886379
0.0493535680758801
0.0493560486508939
0.0493581670288866
0.0493599268232307
0.0493613310452015
0.0493623821038207
0.0493630818058431
0.0493634313557406
0.0493634313557407
0.0493630818058431
0.0493623821038207
0.0493613310452014
0.0493599268232305
0.0493581670288867
0.0493560486508939
0.0493535680758801
0.0493507210886378
0.0493475028726569
0.0493439080109424
0.0493399304872542
0.0493355636879137
0.0493308004042328
0.0493256328358761
0.0493200525952102
0.0493140507129444
0.0493076176453081
0.0493007432830728
0.0492934169627406
0.0492856274803602
0.0492773631083740
0.0492686116161607
0.0492593602948009
0.0492495959869261
0.0492393051225414
0.0492284737618581
0.0492170876465089
0.0492051322606059
0.0491925929035909
0.0491794547771116
0.0491657030887767
0.0491513231761542
0.0491363006554215
0.0491206216000057
0.0491042727560525
0.0490872418035196
0.0490695176741668
0.0490510909411969
0.0490319543001209
0.0490121031669151
0.0489915364292019
0.0489702573999563
0.0489482750446805
0.0489256055872999
0.0489022746595059
0.0488783202713222
0.0488537971231900
0.0488287833974364
0.0488033932028114
0.0488170620642618
0.0488429260638857
0.0488684100041368
0.0488933978608564
0.0489178096747272
0.0489415891541378
0.0489646969115485
0.0489871061624865
0.0490087997525961
0.0490297679961698
0.0490500070519123
0.0490695176741669
0.0490883042366075
0.0491063739589802
0.0491237362883327
0.0491404023994711
0.0491563847888690
0.0491716969423040
0.0491863530614896
0.0492003678381368
0.0492137562664660
0.0492265334872172
0.0492387146574363
0.0492503148416338
0.0492613489206882
0.0492718315155174
0.0492817769231812
0.0492911990633665
0.0493001114336722
0.0493085270722889
0.0493164585269612
0.0493239178292647
0.0493309164733488
0.0493374653985150
0.0493435749749842
0.0493492549923987
0.0493545146505940
0.0493593625522798
0.0493638066973179
0.0493678544783385
0.0493715126773785
0.0493747874634861
0.0493776843909361
0.0493802083980735
0.0493823638065139
0.0493841543207246
0.0493855830277814
0.0493866523972833
0.0493873642813585
0.0493877199147269
0.0493877199147268
0.0493873642813586
0.0493866523972833
0.0493855830277814
0.0493841543207246
0.0493823638065138
0.0493802083980734
0.0493776843909360
0.0493747874634861
0.0493715126773785
0.0493678544783384
0.0493638066973179
0.0493593625522798
0.0493545146505939
0.0493492549923987
0.0493435749749842
0.0493374653985150
0.0493309164733488
0.0493239178292645
0.0493164585269612
0.0493085270722889
0.0493001114336722
0.0492911990633665
0.0492817769231812
0.0492718315155174
0.0492613489206881
0.0492503148416338
0.0492387146574363
0.0492265334872171
0.0492137562664660
0.0492003678381368
0.0491863530614896
0.0491716969423039
0.0491563847888686
0.0491404023994712
0.0491237362883327
0.0491063739589802
0.0490883042366075
0.0490695176741668
0.0490500070519122
0.0490297679961698
0.0490087997525961
0.0489871061624865
0.0489646969115485
0.0489415891541377
0.0489178096747273
0.0488933978608565
0.0488684100041369
0.0488429260638856
0.0488170620642617
0.0488302572139636
0.0488565699285363
0.0488824993909940
0.0489079278891898
0.0489327738808957
0.0489569796371234
0.0489805045042587
0.0490033206159982
0.0490254099225906
0.0490467620232758
0.0490673725300780
0.0490872418035197
0.0491063739589804
0.0491247760757646
0.0491424575611054
0.0491594296346720
0.0491757049078239
0.0491912970383043
0.0492062204454279
0.0492204900742503
0.0492341211995861
0.0492471292627280
0.0492595297351012
0.0492713380042144
0.0492825692782287
0.0492932385059731
0.0493033603100325
0.0493129489307207
0.0493220181793210
0.0493305813990604
0.0493386514327318
0.0493462405958048
0.0493533606543328
0.0493600228067968
0.0493662376693398
0.0493720152638184
0.0493773650082723
0.0493822957093654
0.0493868155564851
0.0493909321172447
0.0493946523340696
0.0493979825217362
0.0494009283655913
0.0494034949203956
0.0494056866095593
0.0494075072247083
0.0494089599255042
0.0494100472395717
0.0494107710625380
0.0494111326581074
0.0494111326581074
0.0494107710625380
0.0494100472395716
0.0494089599255043
0.0494075072247084
0.0494056866095593
0.0494034949203956
0.0494009283655914
0.0493979825217361
0.0493946523340696
0.0493909321172446
0.0493868155564851
0.0493822957093656
0.0493773650082723
0.0493720152638183
0.0493662376693398
0.0493600228067970
0.0493533606543328
0.0493462405958047
0.0493386514327318
0.0493305813990604
0.0493220181793210
0.0493129489307206
0.0493033603100325
0.0492932385059731
0.0492825692782286
0.0492713380042144
0.0492595297351012
0.0492471292627280
0.0492341211995861
0.0492204900742503
0.0492062204454279
0.0491912970383043
0.0491757049078239
0.0491594296346721
0.0491424575611054
0.0491247760757646
0.0491063739589802
0.0490872418035197
0.0490673725300776
0.0490467620232758
0.0490254099225907
0.0490033206159980
0.0489805045042587
0.0489569796371234
0.0489327738808957
0.0489079278891898
0.0488824993909940
0.0488565699285363
0.0488302572139636
0.0488429807696395
0.0488697183189082
0.0488960697605897
0.0489219158887692
0.0489471737477645
0.0489717843101040
0.0489957057619353
0.0490189092283014
0.0490413758072373
0.0490630944000523
0.0490840600677913
0.0491042727560522
0.0491237362883327
0.0491424575611054
0.0491604458937933
0.0491777124996751
0.0491942700525062
0.0492101323296125
0.0492253139167116
0.0492398299628783
0.0492536959765243
0.0492669276551267
0.0492795407428690
0.0492915509114414
0.0493029736602109
0.0493138242325396
0.0493241175457205
0.0493338681323313
0.0493430900912540
0.0493517970468486
0.0493600021150194
0.0493677178751140
0.0493749563467959
0.0493817289710507
0.0493880465947516
0.0493939194581940
0.0493993571851366
0.0494043687748942
0.0494089625962173
0.0494131463825813
0.0494169272286491
0.0494203115876980
0.0494233052697944
0.0494259134405666
0.0494281406204464
0.0494299906842071
0.0494314668607866
0.0494325717332208
0.0494333072386912
0.0494336746685867
0.0494336746685867
0.0494333072386911
0.0494325717332208
0.0494314668607866
0.0494299906842071
0.0494281406204464
0.0494259134405666
0.0494233052697948
0.0494203115876978
0.0494169272286490
0.0494131463825813
0.0494089625962173
0.0494043687748942
0.0493993571851366
0.0493939194581940
0.0493880465947516
0.0493817289710507
0.0493749563467959
0.0493677178751141
0.0493600021150194
0.0493517970468486
0.0493430900912540
0.0493338681323312
0.0493241175457206
0.0493138242325396
0.0493029736602109
0.0492915509114414
0.0492795407428690
0.0492669276551268
0.0492536959765243
0.0492398299628783
0.0492253139167115
0.0492101323296125
0.0491942700525063
0.0491777124996752
0.0491604458937933
0.0491424575611053
0.0491237362883327
0.0491042727560522
0.0490840600677913
0.0490630944000524
0.0490413758072379
0.0490189092283014
0.0489957057619353
0.0489717843101040
0.0489471737477643
0.0489219158887687
0.0488960697605896
0.0488697183189082
0.0488429807696396
0.0488552362264238
0.0488823758795318
0.0489091268584307
0.0489353686303747
0.0489610169745436
0.0489860116898157
0.0490103099009215
0.0490338817967369
0.0490567076705665
0.0490787757508802
0.0491000805536991
0.0491206216000058
0.0491404023994711
0.0491594296346721
0.0491777124996751
0.0491952621596649
0.0492120913066680
0.0492282137925358
0.0492436443244181
0.0492583982113719
0.0492724911528246
0.0492859390617245
0.0492987579163924
0.0493109636363186
0.0493225719779849
0.0493335984474593
0.0493440582271843
0.0493539661145789
0.0493633364707964
0.0493721831779550
0.0493805196035668
0.0493883585711176
0.0493957123357553
0.0494025925644025
0.0494090103195480
0.0494149760461417
0.0494204995611199
0.0494255900451206
0.0494302560360045
0.0494345054238998
0.0494383454474695
0.0494417826911693
0.0494448230833278
0.0494474718948228
0.0494497337382539
0.0494516125674511
0.0494531116772567
0.0494542337034496
0.0494549806227743
0.0494553537530065
0.0494553537530064
0.0494549806227743
0.0494542337034497
0.0494531116772567
0.0494516125674512
0.0494497337382539
0.0494474718948228
0.0494448230833278
0.0494417826911693
0.0494383454474695
0.0494345054238998
0.0494302560360046
0.0494255900451206
0.0494204995611199
0.0494149760461416
0.0494090103195482
0.0494025925644025
0.0493957123357553
0.0493883585711176
0.0493805196035668
0.0493721831779550
0.0493633364707964
0.0493539661145789
0.0493440582271844
0.0493335984474595
0.0493225719779849
0.0493109636363186
0.0492987579163923
0.0492859390617245
0.0492724911528247
0.0492583982113719
0.0492436443244181
0.0492282137925357
0.0492120913066680
0.0491952621596649
0.0491777124996751
0.0491594296346721
0.0491404023994712
0.0491206216000057
0.0491000805536993
0.0490787757508802
0.0490567076705665
0.0490338817967368
0.0490103099009215
0.0489860116898156
0.0489610169745436
0.0489353686303747
0.0489091268584307
0.0488823758795317
0.0488552362264238
0.0488670282107835
0.0488945483279468
0.0489216774538345
0.0489482938732336
0.0489743122303657
0.0489996712623729
0.0490243271239085
0.0490482491376599
0.0490714168414434
0.0490938178209835
0.0491154460605322
0.0491363006554215
0.0491563847888687
0.0491757049078239
0.0491942700525062
0.0492120913066679
0.0492291813441597
0.0492455540530717
0.0492612242230261
0.0492762072841721
0.0492905190888306
0.0493041757284582
0.0493171933800670
0.0493295881772024
0.0493413761015501
0.0493525728918975
0.0493631939676987
0.0493732543650149
0.0493827686828832
0.0493917510385615
0.0494002150302782
0.0494081737063401
0.0494156395396315
0.0494226244067082
0.0494291395707109
0.0494351956675902
0.0494408026950280
0.0494459700036595
0.0494507062902369
0.0494550195923173
0.0494589172843022
0.0494624060744781
0.0494654920029414
0.0494681804401392
0.0494704760859508
0.0494723829691414
0.0494739044470478
0.0494750432054945
0.0494758012587835
0.0494761799497327
0.0494761799497327
0.0494758012587835
0.0494750432054945
0.0494739044470479
0.0494723829691414
0.0494704760859508
0.0494681804401392
0.0494654920029410
0.0494624060744780
0.0494589172843022
0.0494550195923173
0.0494507062902369
0.0494459700036595
0.0494408026950280
0.0494351956675902
0.0494291395707109
0.0494226244067082
0.0494156395396315
0.0494081737063402
0.0494002150302782
0.0493917510385615
0.0493827686828832
0.0493732543650149
0.0493631939676986
0.0493525728918976
0.0493413761015501
0.0493295881772024
0.0493171933800669
0.0493041757284582
0.0492905190888307
0.0492762072841721
0.0492612242230261
0.0492455540530717
0.0492291813441597
0.0492120913066679
0.0491942700525062
0.0491757049078239
0.0491563847888687
0.0491363006554215
0.0491154460605322
0.0490938178209836
0.0490714168414432
0.0490482491376599
0.0490243271239085
0.0489996712623729
0.0489743122303657
0.0489482938732335
0.0489216774538346
0.0488945483279469
0.0488670282107835
0.0488783622712820
0.0489062422476712
0.0489337291330038
0.0489607001551467
0.0489870689379425
0.0490127732571031
0.0490377683810489
0.0490620228327637
0.0490855154438168
0.0491082331901872
0.0491301695425878
0.0491513231761545
0.0491716969423040
0.0491912970383043
0.0492101323296125
0.0492282137925357
0.0492455540530717
0.0492621670035273
0.0492780674825955
0.0492932710075957
0.0493077935499217
0.0493216513463502
0.0493348607403500
0.0493474380485268
0.0493593994482008
0.0493707608828066
0.0493815379823679
0.0493917459967088
0.0494013997395000
0.0494105135414561
0.0494191012113523
0.0494271760036320
0.0494347505916421
0.0494418370456343
0.0494484468147761
0.0494545907125829
0.0494602789052052
0.0494655209021125
0.0494703255487933
0.0494747010210921
0.0494786548209199
0.0494821937730708
0.0494853240229195
0.0494880510348162
0.0494903795910300
0.0494923137911121
0.0494938570514832
0.0494950121053055
0.0494957810024193
0.0494961651093481
0.0494961651093481
0.0494957810024189
0.0494950121053055
0.0494938570514832
0.0494923137911121
0.0494903795910300
0.0494880510348162
0.0494853240229195
0.0494821937730708
0.0494786548209198
0.0494747010210921
0.0494703255487933
0.0494655209021125
0.0494602789052052
0.0494545907125830
0.0494484468147761
0.0494418370456343
0.0494347505916419
0.0494271760036320
0.0494191012113526
0.0494105135414559
0.0494013997395000
0.0493917459967088
0.0493815379823679
0.0493707608828065
0.0493593994482008
0.0493474380485267
0.0493348607403500
0.0493216513463502
0.0493077935499218
0.0492932710075957
0.0492780674825956
0.0492621670035273
0.0492455540530717
0.0492282137925357
0.0492101323296125
0.0491912970383043
0.0491716969423040
0.0491513231761544
0.0491301695425878
0.0491082331901872
0.0490855154438169
0.0490620228327636
0.0490377683810489
0.0490127732571030
0.0489870689379425
0.0489607001551467
0.0489337291330039
0.0489062422476712
0.0488783622712820
0.0488892446996139
0.0489174649114730
0.0489452901230205
0.0489725966149077
0.0489992970918086
0.0490253284578953
0.0490506451720089
0.0490752150199200
0.0490990161750957
0.0491220350380827
0.0491442645876183
0.0491657030887767
0.0491863530614896
0.0492062204454278
0.0492253139167117
0.0492436443244181
0.0492612242230261
0.0492780674825955
0.0492941889626105
0.0493096042382758
0.0493243293703828
0.0493383807114632
0.0493517747424176
0.0493645279346917
0.0493766566340465
0.0493881769625687
0.0493991047361230
0.0494094553949267
0.0494192439452682
0.0494284849106867
0.0494371922912137
0.0494453795294779
0.0494530594826111
0.0494602443991302
0.0494669458999821
0.0494731749631444
0.0494789419112359
0.0494842564015904
0.0494891274184605
0.0494935632669478
0.0494975715683578
0.0495011592567244
0.0495043325762774
0.0495070970796496
0.0495094576266375
0.0495114183834379
0.0495129828221725
0.0495141537206394
0.0495149331622008
0.0495153225357566
0.0495153225357567
0.0495149331622008
0.0495141537206394
0.0495129828221727
0.0495114183834379
0.0495094576266374
0.0495070970796496
0.0495043325762774
0.0495011592567244
0.0494975715683578
0.0494935632669478
0.0494891274184605
0.0494842564015904
0.0494789419112359
0.0494731749631445
0.0494669458999821
0.0494602443991301
0.0494530594826111
0.0494453795294780
0.0494371922912137
0.0494284849106867
0.0494192439452678
0.0494094553949267
0.0493991047361230
0.0493881769625687
0.0493766566340465
0.0493645279346916
0.0493517747424176
0.0493383807114632
0.0493243293703828
0.0493096042382758
0.0492941889626106
0.0492780674825955
0.0492612242230261
0.0492436443244181
0.0492253139167116
0.0492062204454279
0.0491863530614896
0.0491657030887768
0.0491442645876183
0.0491220350380828
0.0490990161750957
0.0490752150199200
0.0490506451720089
0.0490253284578944
0.0489992970918086
0.0489725966149077
0.0489452901230205
0.0489174649114730
0.0488892446996139
0.0488996823768347
0.0489282241298423
0.0489563691414002
0.0489839928412646
0.0490110071046149
0.0490373480446803
0.0490629693806757
0.0490878382194598
0.0491119321227210
0.0491352369501813
0.0491577452121449
0.0491794547771117
0.0492003678381368
0.0492204900742504
0.0492398299628784
0.0492583982113719
0.0492762072841721
0.0492932710075957
0.0493096042382759
0.0493252225842720
0.0493401421699586
0.0493543794375614
0.0493679509794624
0.0493808733964698
0.0493931631779859
0.0494048366008398
0.0494159096438176
0.0494263979157226
0.0494363165947832
0.0494456803778636
0.0494545034379470
0.0494627993887008
0.0494705812550689
0.0494778614489792
0.0494846517494063
0.0494909632861053
0.0494968065264780
0.0495021912650388
0.0495071266150586
0.0495116210020527
0.0495156821587538
0.0495193171213044
0.0495225322264590
0.0495253331095645
0.0495277247031548
0.0495297112360083
0.0495312962325667
0.0495324825125917
0.0495332721909804
0.0495336666776853
0.0495336666776853
0.0495332721909804
0.0495324825125917
0.0495312962325666
0.0495297112360083
0.0495277247031547
0.0495253331095645
0.0495225322264589
0.0495193171213044
0.0495156821587538
0.0495116210020526
0.0495071266150586
0.0495021912650388
0.0494968065264780
0.0494909632861053
0.0494846517494063
0.0494778614489792
0.0494705812550689
0.0494627993887008
0.0494545034379470
0.0494456803778636
0.0494363165947832
0.0494263979157227
0.0494159096438176
0.0494048366008398
0.0493931631779859
0.0493808733964698
0.0493679509794623
0.0493543794375614
0.0493401421699587
0.0493252225842720
0.0493096042382758
0.0492932710075957
0.0492762072841720
0.0492583982113719
0.0492398299628783
0.0492204900742503
0.0492003678381368
0.0491794547771117
0.0491577452121449
0.0491352369501813
0.0491119321227210
0.0490878382194598
0.0490629693806757
0.0490373480446803
0.0490110071046149
0.0489839928412646
0.0489563691414002
0.0489282241298423
0.0488996823768347
0.0489096826407296
0.0489385281205534
0.0489669752669839
0.0489948987438250
0.0490222096764291
0.0490488434594962
0.0490747531363454
0.0490999051890144
0.0491242766115305
0.0491478527569395
0.0491706256917326
0.0491925929035907
0.0492137562664660
0.0492341211995862
0.0492536959765244
0.0492724911528247
0.0492905190888306
0.0493077935499217
0.0493243293703828
0.0493401421699587
0.0493552481143915
0.0493696637127838
0.0493834056460250
0.0493964906214260
0.0494089352496167
0.0494207559403072
0.0494319688141379
0.0494425896282548
0.0494526337135612
0.0494621159219494
0.0494710505820750
0.0494794514624139
0.0494873317404960
0.0494947039774760
0.0495015800971448
0.0495079713688296
0.0495138883934391
0.0495193410923077
0.0495243386982677
0.0495288897486497
0.0495330020798260
0.0495366828230759
0.0495399384014999
0.0495427745277065
0.0495451962022445
0.0495472077124754
0.0495488126318526
0.0495500138194704
0.0495508134197930
0.0495512128625294
0.0495512128625294
0.0495508134197931
0.0495500138194704
0.0495488126318526
0.0495472077124754
0.0495451962022446
0.0495427745277064
0.0495399384014999
0.0495366828230759
0.0495330020798260
0.0495288897486496
0.0495243386982677
0.0495193410923077
0.0495138883934391
0.0495079713688296
0.0495015800971448
0.0494947039774759
0.0494873317404961
0.0494794514624139
0.0494710505820751
0.0494621159219495
0.0494526337135612
0.0494425896282552
0.0494319688141379
0.0494207559403072
0.0494089352496167
0.0493964906214259
0.0493834056460250
0.0493696637127838
0.0493552481143915
0.0493401421699587
0.0493243293703828
0.0493077935499217
0.0492905190888307
0.0492724911528247
0.0492536959765244
0.0492341211995862
0.0492137562664660
0.0491925929035907
0.0491706256917326
0.0491478527569395
0.0491242766115305
0.0490999051890143
0.0490747531363453
0.0490488434594962
0.0490222096764291
0.0489948987438250
0.0489669752669838
0.0489385281205533
0.0489096826407296
0.0489192531710801
0.0489483853960291
0.0489771178287698
0.0490053244423246
0.0490329156832266
0.0490598262928039
0.0490860086964796
0.0491114288015518
0.0491360630760461
0.0491598963995500
0.0491829204197100
0.0492051322606061
0.0492265334872171
0.0492471292627281
0.0492669276551267
0.0492859390617245
0.0493041757284581
0.0493216513463502
0.0493383807114632
0.0493543794375614
0.0493696637127838
0.0493842500933399
0.0493981553284050
0.0494113962114852
0.0494239894542593
0.0494359515795209
0.0494472988304877
0.0494580470940342
0.0494682118358597
0.0494778080458303
0.0494868501920922
0.0494953521826180
0.0495033273331423
0.0495107883405444
0.0495177472608717
0.0495242154912913
0.0495302037554290
0.0495357220914592
0.0495407798426450
0.0495453856497909
0.0495495474453938
0.0495532724490911
0.0495565671642806
0.0495594373755430
0.0495618881468386
0.0495639238201969
0.0495655480148481
0.0495667636266357
0.0495675728276813
0.0495679770661513
0.0495679770661512
0.0495675728276814
0.0495667636266357
0.0495655480148483
0.0495639238201970
0.0495618881468386
0.0495594373755429
0.0495565671642806
0.0495532724490911
0.0495495474453938
0.0495453856497908
0.0495407798426450
0.0495357220914592
0.0495302037554291
0.0495242154912913
0.0495177472608716
0.0495107883405444
0.0495033273331425
0.0494953521826180
0.0494868501920921
0.0494778080458303
0.0494682118358597
0.0494580470940342
0.0494472988304877
0.0494359515795209
0.0494239894542592
0.0494113962114851
0.0493981553284051
0.0493842500933399
0.0493696637127838
0.0493543794375617
0.0493383807114632
0.0493216513463502
0.0493041757284582
0.0492859390617245
0.0492669276551268
0.0492471292627280
0.0492265334872171
0.0492051322606060
0.0491829204197100
0.0491598963995500
0.0491360630760461
0.0491114288015517
0.0490860086964796
0.0490598262928039
0.0490329156832266
0.0490053244423246
0.0489771178287700
0.0489483853960291
0.0489192531710801
0.0489284018901525
0.0489578046658755
0.0489868063099483
0.0490152801714024
0.0490431360814174
0.0490703081866397
0.0490967483474418
0.0491224219425876
0.0491473049532846
0.0491713818175850
0.0491946437891395
0.0492170876465088
0.0492387146574360
0.0492595297351014
0.0492795407428689
0.0492987579163924
0.0493171933800670
0.0493348607403501
0.0493517747424176
0.0493679509794624
0.0493834056460250
0.0493981553284050
0.0494122168264399
0.0494256070018873
0.0494383426494629
0.0494504403872163
0.0494619165634155
0.0494727871776429
0.0494830678139130
0.0494927735842781
0.0495019190812819
0.0495105183380751
0.0495185847950413
0.0495261312720561
0.0495331699454776
0.0495397123292037
0.0495457692592208
0.0495513508810238
0.0495564666395170
0.0495611252709887
0.0495653347967671
0.0495691025183157
0.0495724350134923
0.0495753381337058
0.0495778170018545
0.0495798760108433
0.0495815188225157
0.0495827483669782
0.0495835668421133
0.0495839757133187
0.0495839757133187
0.0495835668421133
0.0495827483669778
0.0495815188225158
0.0495798760108426
0.0495778170018545
0.0495753381337058
0.0495724350134923
0.0495691025183157
0.0495653347967671
0.0495611252709886
0.0495564666395170
0.0495513508810236
0.0495457692592209
0.0495397123292037
0.0495331699454776
0.0495261312720561
0.0495185847950413
0.0495105183380751
0.0495019190812819
0.0494927735842780
0.0494830678139129
0.0494727871776433
0.0494619165634155
0.0494504403872162
0.0494383426494629
0.0494256070018873
0.0494122168264399
0.0493981553284051
0.0493834056460250
0.0493679509794623
0.0493517747424176
0.0493348607403501
0.0493171933800670
0.0492987579163924
0.0492795407428689
0.0492595297351012
0.0492387146574363
0.0492170876465090
0.0491946437891395
0.0491713818175849
0.0491473049532846
0.0491224219425876
0.0490967483474418
0.0490703081866398
0.0490431360814174
0.0490152801714025
0.0489868063099483
0.0489578046658755
0.0489284018901524
0.0489371368762035
0.0489667947523401
0.0489960502649408
0.0490247761985622
0.0490528818259100
0.0490803007519371
0.0491069843201087
0.0491328974232778
0.0491580155924516
0.0491823228546888
0.0492058100940041
0.0492284737618581
0.0492503148416339
0.0492713380042145
0.0492915509114413
0.0493109636363187
0.0493295881772024
0.0493474380485267
0.0493645279346917
0.0493808733964699
0.0493964906214257
0.0494113962114852
0.0494256070018873
0.0494391399068993
0.0494520117883148
0.0494642393434575
0.0494758390098675
0.0494868268842988
0.0494972186540358
0.0495070295387435
0.0495162742413786
0.0495249669069297
0.0495331210877679
0.0495407497147928
0.0495478650734091
0.0495544787837229
0.0495606017842661
0.0495662443187584
0.0495714159253911
0.0495761254282446
0.0495803809305168
0.0495841898092025
0.0495875587109967
0.0495904935491695
0.0495929995012572
0.0495950810073426
0.0495967417688535
0.0495979847477117
0.0495988121657646
0.0495992255044145
0.0495992255044145
0.0495988121657646
0.0495979847477117
0.0495967417688535
0.0495950810073425
0.0495929995012572
0.0495904935491695
0.0495875587109968
0.0495841898092025
0.0495803809305164
0.0495761254282446
0.0495714159253912
0.0495662443187584
0.0495606017842661
0.0495544787837229
0.0495478650734094
0.0495407497147929
0.0495331210877678
0.0495249669069297
0.0495162742413786
0.0495070295387435
0.0494972186540358
0.0494868268842987
0.0494758390098676
0.0494642393434575
0.0494520117883152
0.0494391399068994
0.0494256070018873
0.0494113962114852
0.0493964906214257
0.0493808733964699
0.0493645279346917
0.0493474380485267
0.0493295881772024
0.0493109636363186
0.0492915509114414
0.0492713380042145
0.0492503148416339
0.0492284737618580
0.0492058100940041
0.0491823228546888
0.0491580155924516
0.0491328974232777
0.0491069843201087
0.0490803007519371
0.0490528818259100
0.0490247761985622
0.0489960502649403
0.0489667947523401
0.0489371368762036
0.0489454662882070
0.0489753645169103
0.0490048592475134
0.0490338227533290
0.0490621637996874
0.0490898154977812
0.0491167287180580
0.0491428679067108
0.0491682081787937
0.0491927331792935
0.0492164334462587
0.0492393051225419
0.0492613489206882
0.0492825692782287
0.0493029736602109
0.0493225719779848
0.0493413761015502
0.0493593994482008
0.0493766566340464
0.0493931631779859
0.0494089352496167
0.0494239894542592
0.0494383426494628
0.0494520117883152
0.0494650137856354
0.0494773654038144
0.0494890831554651
0.0495001832205189
0.0495106813757817
0.0495205929351845
0.0495299326992335
0.0495387149123724
0.0495469532271877
0.0495546606744021
0.0495618496379117
0.0495685318341061
0.0495747182948022
0.0495804193533281
0.0495856446331892
0.0495904030389749
0.0495947027490831
0.0495985512100154
0.0496019551319254
0.0496049204851827
0.0496074524978026
0.0496095556535205
0.0496112336904087
0.0496124895998568
0.0496133256259282
0.0496137432648637
0.0496137432648637
0.0496133256259283
0.0496124895998569
0.0496112336904087
0.0496095556535204
0.0496074524978027
0.0496049204851827
0.0496019551319254
0.0495985512100153
0.0495947027490832
0.0495904030389749
0.0495856446331891
0.0495804193533281
0.0495747182948019
0.0495685318341062
0.0495618496379117
0.0495546606744021
0.0495469532271877
0.0495387149123724
0.0495299326992336
0.0495205929351845
0.0495106813757818
0.0495001832205189
0.0494890831554651
0.0494773654038144
0.0494650137856354
0.0494520117883152
0.0494383426494629
0.0494239894542592
0.0494089352496167
0.0493931631779859
0.0493766566340464
0.0493593994482008
0.0493413761015500
0.0493225719779849
0.0493029736602109
0.0492825692782287
0.0492613489206882
0.0492393051225414
0.0492164334462590
0.0491927331792935
0.0491682081787938
0.0491428679067107
0.0491167287180581
0.0490898154977812
0.0490621637996875
0.0490338227533289
0.0490048592475135
0.0489753645169104
0.0489454662882070
0.0489533983002732
0.0489835227964954
0.0490132427485074
0.0490424299660846
0.0490709927532387
0.0490988637708103
0.0491259934563130
0.0491523458454478
0.0491778956691859
0.0492026262178206
0.0492265277062323
0.0492495959869260
0.0492718315155173
0.0492932385059731
0.0493138242325396
0.0493335984474593
0.0493525728918974
0.0493707608828068
0.0493881769625687
0.0494048366008397
0.0494207559403072
0.0494359515795210
0.0494504403872163
0.0494642393434575
0.0494773654038144
0.0494898353831896
0.0495016658565994
0.0495128730745526
0.0495234728909436
0.0495334807018097
0.0495429113933734
0.0495517792981791
0.0495600981580750
0.0495678810932152
0.0495751405761280
0.0495818884101721
0.0495881357117523
0.0495938928956730
0.0495991696632410
0.0496039749926032
0.0496083171310473
0.0496122035888497
0.0496156411344758
0.0496186357908417
0.0496211928324868
0.0496233167834037
0.0496250114154796
0.0496262797473476
0.0496271240435787
0.0496275458141591
0.0496275458141590
0.0496271240435787
0.0496262797473476
0.0496250114154796
0.0496233167834037
0.0496211928324867
0.0496186357908418
0.0496156411344758
0.0496122035888497
0.0496083171310473
0.0496039749926032
0.0495991696632410
0.0495938928956730
0.0495881357117523
0.0495818884101721
0.0495751405761279
0.0495678810932152
0.0495600981580750
0.0495517792981791
0.0495429113933736
0.0495334807018097
0.0495234728909436
0.0495128730745526
0.0495016658565993
0.0494898353831896
0.0494773654038144
0.0494642393434576
0.0494504403872163
0.0494359515795210
0.0494207559403072
0.0494048366008398
0.0493881769625688
0.0493707608828068
0.0493525728918975
0.0493335984474593
0.0493138242325396
0.0492932385059731
0.0492718315155173
0.0492495959869261
0.0492265277062323
0.0492026262178205
0.0491778956691860
0.0491523458454478
0.0491259934563130
0.0490988637708103
0.0490709927532386
0.0490424299660846
0.0490132427485074
0.0489835227964954
0.0489533983002732
0.0489609410444588
0.0489912783479313
0.0490212101417847
0.0490506078151735
0.0490793792523710
0.0491074567032907
0.0491347902091299
0.0491613434284184
0.0491870907377180
0.0492120150984427
0.0492361064241244
0.0492593602948009
0.0492817769231812
0.0493033603100326
0.0493241175457205
0.0493440582271844
0.0493631939676987
0.0493815379823681
0.0493991047361230
0.0494159096438174
0.0494319688141379
0.0494472988304878
0.0494619165634156
0.0494758390098678
0.0494890831554651
0.0495016658565993
0.0495136037394873
0.0495249131139279
0.0495356098997054
0.0495457095639278
0.0495552270677751
0.0495641768214183
0.0495725726459238
0.0495804277412372
0.0495877546593502
0.0495945652819341
0.0496008708018023
0.0496066817076192
0.0496120077713941
0.0496168580383132
0.0496212408185566
0.0496251636807410
0.0496286334467635
0.0496316561877649
0.0496342372210117
0.0496363811075352
0.0496380916503495
0.0496393718931697
0.0496402241194801
0.0496406498519283
0.0496406498519283
0.0496402241194801
0.0496393718931697
0.0496380916503495
0.0496363811075352
0.0496342372210117
0.0496316561877646
0.0496286334467635
0.0496251636807410
0.0496212408185566
0.0496168580383136
0.0496120077713941
0.0496066817076192
0.0496008708018024
0.0495945652819341
0.0495877546593502
0.0495804277412372
0.0495725726459237
0.0495641768214183
0.0495552270677752
0.0495457095639278
0.0495356098997054
0.0495249131139278
0.0495136037394874
0.0495016658565993
0.0494890831554651
0.0494758390098676
0.0494619165634154
0.0494472988304877
0.0494319688141378
0.0494159096438175
0.0493991047361230
0.0493815379823681
0.0493631939676986
0.0493440582271843
0.0493241175457205
0.0493033603100326
0.0492817769231812
0.0492593602948009
0.0492361064241244
0.0492120150984428
0.0491870907377179
0.0491613434284184
0.0491347902091299
0.0491074567032907
0.0490793792523710
0.0490506078151735
0.0490212101417847
0.0489912783479313
0.0489609410444587
0.0489681025608747
0.0489986397996744
0.0490287706373755
0.0490583660812021
0.0490873336333259
0.0491156051686020
0.0491431303654118
0.0491698725358504
0.0491958057296677
0.0492209126036553
0.0492451827908484
0.0492686116161607
0.0492911990633665
0.0493129489307205
0.0493338681323314
0.0493539661145789
0.0493732543650149
0.0493917459967088
0.0494094553949267
0.0494263979157227
0.0494425896282549
0.0494580470940342
0.0494727871776424
0.0494868268842986
0.0495001832205190
0.0495128730745526
0.0495249131139278
0.0495363196977160
0.0495471088015584
0.0495572959536756
0.0495668961804226
0.0495759239600664
0.0495843931836604
0.0495923171220626
0.0495997083982471
0.0496065789641405
0.0496129400813631
0.0496188023053125
0.0496241754720607
0.0496290686876847
0.0496334903196078
0.0496374479896688
0.0496409485685805
0.0496439981715993
0.0496466021551458
0.0496487651141987
0.0496504908803537
0.0496517825203637
0.0496526423351010
0.0496530718588440
0.0496530718588439
0.0496526423351010
0.0496517825203637
0.0496504908803537
0.0496487651141984
0.0496466021551457
0.0496439981715993
0.0496409485685805
0.0496374479896689
0.0496334903196078
0.0496290686876845
0.0496241754720607
0.0496188023053125
0.0496129400813631
0.0496065789641406
0.0495997083982471
0.0495923171220626
0.0495843931836602
0.0495759239600670
0.0495668961804225
0.0495572959536756
0.0495471088015584
0.0495363196977160
0.0495249131139278
0.0495128730745526
0.0495001832205189
0.0494868268842985
0.0494727871776424
0.0494580470940342
0.0494425896282548
0.0494263979157227
0.0494094553949262
0.0493917459967088
0.0493732543650149
0.0493539661145789
0.0493338681323312
0.0493129489307206
0.0492911990633665
0.0492686116161607
0.0492451827908484
0.0492209126036553
0.0491958057296677
0.0491698725358504
0.0491431303654119
0.0491156051686020
0.0490873336333258
0.0490583660812022
0.0490287706373755
0.0489986397996744
0.0489681025608747
0.0489748907541646
0.0490056156097924
0.0490359332408170
0.0490657143075133
0.0490948659641143
0.0491233197430946
0.0491510249907387
0.0491779447010388
0.0492040526226083
0.0492293311304336
0.0492537695968268
0.0492773631083740
0.0493001114336723
0.0493220181793211
0.0493430900912540
0.0493633364707963
0.0493827686828832
0.0494013997395000
0.0494192439452682
0.0494363165947835
0.0494526337135612
0.0494682118358597
0.0494830678139129
0.0494972186540359
0.0495106813757818
0.0495234728909436
0.0495356098997054
0.0495471088015583
0.0495579856190432
0.0495682559325756
0.0495779348248474
0.0495870368335555
0.0495955759113111
0.0496035653917492
0.0496110179610029
0.0496179456338098
0.0496243597335517
0.0496302708757068
0.0496356889542176
0.0496406231302936
0.0496450818233187
0.0496490727035179
0.0496526026860803
0.0496556779265109
0.0496583038169906
0.0496604849835415
0.0496622252839174
0.0496635278059759
0.0496643948665159
0.0496648280104891
0.0496648280104892
0.0496643948665159
0.0496635278059758
0.0496622252839174
0.0496604849835413
0.0496583038169906
0.0496556779265110
0.0496526026860804
0.0496490727035179
0.0496450818233187
0.0496406231302936
0.0496356889542176
0.0496302708757068
0.0496243597335518
0.0496179456338099
0.0496110179610029
0.0496035653917492
0.0495955759113111
0.0495870368335552
0.0495779348248474
0.0495682559325755
0.0495579856190433
0.0495471088015584
0.0495356098997054
0.0495234728909436
0.0495106813757818
0.0494972186540358
0.0494830678139130
0.0494682118358597
0.0494526337135611
0.0494363165947834
0.0494192439452678
0.0494013997395000
0.0493827686828832
0.0493633364707964
0.0493430900912540
0.0493220181793209
0.0493001114336722
0.0492773631083740
0.0492537695968268
0.0492293311304336
0.0492040526226084
0.0491779447010388
0.0491510249907388
0.0491233197430946
0.0490948659641143
0.0490657143075133
0.0490359332408170
0.0490056156097924
0.0489748907541646
0.0489813133555138
0.0490122140294043
0.0490427067179265
0.0490726617661033
0.0491019860112997
0.0491306106734635
0.0491584847949783
0.0491855710779048
0.0492118429936108
0.0492372826566619
0.0492618791974498
0.0492856274803602
0.0493085270722888
0.0493305813990605
0.0493517970468484
0.0493721831779550
0.0493917510385616
0.0494105135414561
0.0494284849106866
0.0494456803778636
0.0494621159219495
0.0494778080458298
0.0494927735842781
0.0495070295387437
0.0495205929351843
0.0495334807018097
0.0495457095639277
0.0495572959536756
0.0495682559325755
0.0495786051252569
0.0495883586628092
0.0495975311345283
0.0496061365469271
0.0496141882889682
0.0496216991027937
0.0496286810590797
0.0496351455364494
0.0496411032043230
0.0496465640087310
0.0496515371606599
0.0496560311265068
0.0496600536203684
0.0496636115978264
0.0496667112509931
0.0496693580046170
0.0496715565130450
0.0496733106578902
0.0496746235462845
0.0496754975095807
0.0496759341024858
0.0496759341024858
0.0496754975095807
0.0496746235462845
0.0496733106578902
0.0496715565130450
0.0496693580046171
0.0496667112509932
0.0496636115978264
0.0496600536203683
0.0496560311265068
0.0496515371606600
0.0496465640087310
0.0496411032043230
0.0496351455364494
0.0496286810590797
0.0496216991027938
0.0496141882889682
0.0496061365469271
0.0495975311345283
0.0495883586628092
0.0495786051252569
0.0495682559325755
0.0495572959536756
0.0495457095639276
0.0495334807018097
0.0495205929351843
0.0495070295387435
0.0494927735842780
0.0494778080458303
0.0494621159219495
0.0494456803778636
0.0494284849106866
0.0494105135414560
0.0493917510385616
0.0493721831779551
0.0493517970468483
0.0493305813990605
0.0493085270722889
0.0492856274803602
0.0492618791974498
0.0492372826566619
0.0492118429936111
0.0491855710779049
0.0491584847949783
0.0491306106734635
0.0491019860112998
0.0490726617661031
0.0490427067179266
0.0490122140294043
0.0489813133555138
0.0489873778895589
0.0490184430709108
0.0490490995642514
0.0490792174281569
0.0491087032114297
0.0491374878488334
0.0491655201047682
0.0491927624135689
0.0492191879915844
0.0492447787130346
0.0492695234842062
0.0492934169627406
0.0493164585269612
0.0493386514327316
0.0493600021150194
0.0493805196035668
0.0494002150302782
0.0494191012113523
0.0494371922912139
0.0494545034379471
0.0494710505820747
0.0494868501920922
0.0495019190812820
0.0495162742413786
0.0495299326992335
0.0495429113933734
0.0495552270677747
0.0495668961804225
0.0495779348248474
0.0495883586628092
0.0495981828666948
0.0496074220703631
0.0496160903272769
0.0496242010749878
0.0496317671050780
0.0496388005378899
0.0496453128012778
0.0496513146129128
0.0496568159655907
0.0496618261150764
0.0496663535701871
0.0496704060846716
0.0496739906506901
0.0496771134935545
0.0496797800675938
0.0496819950528970
0.0496837623527964
0.0496850850919698
0.0496859656150390
0.0496864054856008
0.0496864054856008
0.0496859656150390
0.0496850850919698
0.0496837623527964
0.0496819950528970
0.0496797800675938
0.0496771134935545
0.0496739906506903
0.0496704060846716
0.0496663535701872
0.0496618261150764
0.0496568159655908
0.0496513146129128
0.0496453128012777
0.0496388005378899
0.0496317671050780
0.0496242010749879
0.0496160903272769
0.0496074220703632
0.0495981828666949
0.0495883586628093
0.0495779348248474
0.0495668961804225
0.0495552270677748
0.0495429113933734
0.0495299326992336
0.0495162742413786
0.0495019190812820
0.0494868501920922
0.0494710505820750
0.0494545034379470
0.0494371922912139
0.0494191012113525
0.0494002150302781
0.0493805196035668
0.0493600021150194
0.0493386514327316
0.0493164585269612
0.0492934169627406
0.0492695234842061
0.0492447787130346
0.0492191879915843
0.0491927624135689
0.0491655201047682
0.0491374878488334
0.0491087032114297
0.0490792174281569
0.0490490995642514
0.0490184430709110
0.0489873778895589
0.0489930916454980
0.0490243104804052
0.0490551199786811
0.0490853899386836
0.0491150266465713
0.0491439607769632
0.0491721408401583
0.0491995290251888
0.0492260983140787
0.0492518303595647
0.0492767138606604
0.0493007432830728
0.0493239178292648
0.0493462405958047
0.0493677178751140
0.0493883585711176
0.0494081737063402
0.0494271760036319
0.0494453795294779
0.0494627993887008
0.0494794514624139
0.0494953521826180
0.0495105183380751
0.0495249669069297
0.0495387149123724
0.0495517792981791
0.0495641768214183
0.0495759239600665
0.0495870368335551
0.0495975311345282
0.0496074220703631
0.0496167243131579
0.0496254519570951
0.0496336184821725
0.0496412367234837
0.0496483188452665
0.0496548763191234
0.0496609199057452
0.0496664596397504
0.0496715048170842
0.0496760639847063
0.0496801449321050
0.0496837546844523
0.0496868994970914
0.0496895848511333
0.0496918154499965
0.0496935952167229
0.0496949272919218
0.0496958140322738
0.0496962570094478
0.0496962570094479
0.0496958140322738
0.0496949272919219
0.0496935952167229
0.0496918154499965
0.0496895848511333
0.0496868994970914
0.0496837546844523
0.0496801449321050
0.0496760639847063
0.0496715048170842
0.0496664596397504
0.0496609199057452
0.0496548763191235
0.0496483188452664
0.0496412367234837
0.0496336184821725
0.0496254519570953
0.0496167243131579
0.0496074220703631
0.0495975311345283
0.0495870368335550
0.0495759239600664
0.0495641768214183
0.0495517792981792
0.0495387149123724
0.0495249669069297
0.0495105183380752
0.0494953521826181
0.0494794514624139
0.0494627993887008
0.0494453795294779
0.0494271760036320
0.0494081737063401
0.0493883585711176
0.0493677178751141
0.0493462405958047
0.0493239178292647
0.0493007432830729
0.0492767138606605
0.0492518303595647
0.0492260983140787
0.0491995290251888
0.0491721408401584
0.0491439607769632
0.0491150266465712
0.0490853899386836
0.0490551199786811
0.0490243104804052
0.0489930916454980
0.0489984616519936
0.0490298237137118
0.0490607758405875
0.0490911875947255
0.0491209650233396
0.0491500385639566
0.0491783564948324
0.0492058807804475
0.0492325841878549
0.0492584481659625
0.0492834612224806
0.0493076176453081
0.0493309164733489
0.0493533606543329
0.0493749563467964
0.0493957123357553
0.0494156395396315
0.0494347505916419
0.0494530594826111
0.0494705812550688
0.0494873317404961
0.0495033273331424
0.0495185847950413
0.0495331210877679
0.0495469532271876
0.0495600981580749
0.0495725726459234
0.0495843931836603
0.0495955759113111
0.0496061365469270
0.0496160903272770
0.0496254519570950
0.0496342355656749
0.0496424546699582
0.0496501221431294
0.0496572501881243
0.0496638503152438
0.0496699333234116
0.0496755092845401
0.0496805875305037
0.0496851766424515
0.0496892844419732
0.0496929179839668
0.0496960835508366
0.0496987866478738
0.0497010319995860
0.0497028235468336
0.0497041644446566
0.0497050570606508
0.0497055029738119
0.0497055029738120
0.0497050570606508
0.0497041644446566
0.0497028235468335
0.0497010319995860
0.0496987866478737
0.0496960835508366
0.0496929179839668
0.0496892844419730
0.0496851766424515
0.0496805875305039
0.0496755092845400
0.0496699333234115
0.0496638503152438
0.0496572501881243
0.0496501221431294
0.0496424546699583
0.0496342355656744
0.0496254519570951
0.0496160903272769
0.0496061365469270
0.0495955759113111
0.0495843931836602
0.0495725726459234
0.0495600981580750
0.0495469532271876
0.0495331210877678
0.0495185847950413
0.0495033273331425
0.0494873317404960
0.0494705812550684
0.0494530594826111
0.0494347505916420
0.0494156395396315
0.0493957123357553
0.0493749563467963
0.0493533606543329
0.0493309164733488
0.0493076176453081
0.0492834612224806
0.0492584481659625
0.0492325841878550
0.0492058807804475
0.0491783564948324
0.0491500385639566
0.0491209650233394
0.0490911875947255
0.0490607758405875
0.0490298237137118
0.0489984616519936
0.0490034946552835
0.0490349899156463
0.0490660746901522
0.0490966183265929
0.0491265266550105
0.0491557298970827
0.0491841761194030
0.0492118270812326
0.0492386553526613
0.0492646421954142
0.0492897759409788
0.0493140507129444
0.0493374653985150
0.0493600228067968
0.0493817289710507
0.0494025925644025
0.0494226244067082
0.0494418370456343
0.0494602443991301
0.0494778614489793
0.0494947039774760
0.0495107883405441
0.0495261312720562
0.0495407497147928
0.0495546606744021
0.0495678810932152
0.0495804277412372
0.0495923171220626
0.0496035653917490
0.0496141882889681
0.0496242010749879
0.0496336184821725
0.0496424546699583
0.0496507231872507
0.0496584369404917
0.0496656081665490
0.0496722484098615
0.0496783685032113
0.0496839785516425
0.0496890879190556
0.0496937052171406
0.0496978382962468
0.0497014942379333
0.0497046793489297
0.0497073991562784
0.0497096584034867
0.0497114610474911
0.0497128102563571
0.0497137084075269
0.0497141570866137
0.0497141570866137
0.0497137084075269
0.0497128102563571
0.0497114610474912
0.0497096584034867
0.0497073991562785
0.0497046793489300
0.0497014942379333
0.0496978382962465
0.0496937052171405
0.0496890879190557
0.0496839785516424
0.0496783685032113
0.0496722484098616
0.0496656081665490
0.0496584369404917
0.0496507231872507
0.0496424546699582
0.0496336184821725
0.0496242010749879
0.0496141882889682
0.0496035653917490
0.0495923171220627
0.0495804277412372
0.0495678810932151
0.0495546606744021
0.0495407497147929
0.0495261312720562
0.0495107883405441
0.0494947039774760
0.0494778614489792
0.0494602443991301
0.0494418370456342
0.0494226244067082
0.0494025925644024
0.0493817289710507
0.0493600228067969
0.0493374653985150
0.0493140507129444
0.0492897759409788
0.0492646421954141
0.0492386553526614
0.0492118270812327
0.0491841761194030
0.0491557298970827
0.0491265266550105
0.0490966183265929
0.0490660746901522
0.0490349899156462
0.0490034946552835
0.0490081971002096
0.0490398159020712
0.0490710237114065
0.0491016896818168
0.0491317194462582
0.0491610430301742
0.0491896083073900
0.0492173768499308
0.0492443210477968
0.0492704219911631
0.0492956678495811
0.0493200525952104
0.0493435749749842
0.0493662376693398
0.0493880465947516
0.0494090103195481
0.0494291395707109
0.0494484468147761
0.0494669458999821
0.0494846517494063
0.0495015800971448
0.0495177472608716
0.0495331699454777
0.0495478650734093
0.0495618496379117
0.0495751405761278
0.0495877546593502
0.0495997083982471
0.0496110179610029
0.0496216991027937
0.0496317671050781
0.0496412367234837
0.0496501221431295
0.0496584369404917
0.0496661940508667
0.0496734057407974
0.0496800835847131
0.0496862384452611
0.0496918804568220
0.0496970190117478
0.0497016627489314
0.0497058195443774
0.0497094965034919
0.0497126999547929
0.0497154354448357
0.0497177077341846
0.0497195207942335
0.0497208778047469
0.0497217811520511
0.0497222324277087
0.0497222324277086
0.0497217811520512
0.0497208778047469
0.0497195207942336
0.0497177077341846
0.0497154354448358
0.0497126999547929
0.0497094965034920
0.0497058195443775
0.0497016627489314
0.0496970190117475
0.0496918804568220
0.0496862384452611
0.0496800835847131
0.0496734057407977
0.0496661940508668
0.0496584369404917
0.0496501221431293
0.0496412367234837
0.0496317671050781
0.0496216991027938
0.0496110179610029
0.0495997083982471
0.0495877546593502
0.0495751405761278
0.0495618496379117
0.0495478650734090
0.0495331699454776
0.0495177472608716
0.0495015800971448
0.0494846517494063
0.0494669458999820
0.0494484468147761
0.0494291395707109
0.0494090103195481
0.0493880465947516
0.0493662376693398
0.0493435749749842
0.0493200525952103
0.0492956678495810
0.0492704219911631
0.0492443210477968
0.0492173768499309
0.0491896083073900
0.0491610430301742
0.0491317194462582
0.0491016896818169
0.0490710237114065
0.0490398159020712
0.0490081971002093
0.0490125751137582
0.0490443081443826
0.0490756297176247
0.0491064088114485
0.0491365508802322
0.0491659857713542
0.0491946611834695
0.0492225385181030
0.0492495900010098
0.0492757965655152
0.0493011462327992
0.0493256328358762
0.0493492549923987
0.0493720152638184
0.0493939194581940
0.0494149760461416
0.0494351956675902
0.0494545907125830
0.0494731749631444
0.0494909632861053
0.0495079713688296
0.0495242154912915
0.0495397123292037
0.0495544787837229
0.0495685318341062
0.0495818884101721
0.0495945652819341
0.0496065789641406
0.0496179456338097
0.0496286810590797
0.0496388005378899
0.0496483188452665
0.0496572501881243
0.0496656081665493
0.0496734057407975
0.0496806552032376
0.0496873681545300
0.0496935554835880
0.0496992273506736
0.0497043931733111
0.0497090616145280
0.0497132405731614
0.0497169371758615
0.0497201577705873
0.0497229079213473
0.0497251924039655
0.0497270152027815
0.0497283795080605
0.0497292877140831
0.0497297414177586
0.0497297414177586
0.0497292877140829
0.0497283795080605
0.0497270152027814
0.0497251924039655
0.0497229079213473
0.0497201577705872
0.0497169371758614
0.0497132405731614
0.0497090616145276
0.0497043931733109
0.0496992273506736
0.0496935554835879
0.0496873681545300
0.0496806552032376
0.0496734057407974
0.0496656081665492
0.0496572501881243
0.0496483188452664
0.0496388005378899
0.0496286810590797
0.0496179456338099
0.0496065789641404
0.0495945652819341
0.0495818884101720
0.0495685318341062
0.0495544787837229
0.0495397123292037
0.0495242154912914
0.0495079713688296
0.0494909632861053
0.0494731749631444
0.0494545907125830
0.0494351956675901
0.0494149760461416
0.0493939194581940
0.0493720152638183
0.0493492549923987
0.0493256328358762
0.0493011462327994
0.0492757965655152
0.0492495900010097
0.0492225385181029
0.0491946611834695
0.0491659857713542
0.0491365508802322
0.0491064088114485
0.0490756297176247
0.0490443081443827
0.0490125751137582
0.0490166344907774
0.0490484727561654
0.0490798991388690
0.0491107824583488
0.0491410280075699
0.0491705654727269
0.0491993423936514
0.0492273200170959
0.0492544704193792
0.0492807743909073
0.0493062198173202
0.0493308004042328
0.0493545146505940
0.0493773650082723
0.0493993571851365
0.0494204995611198
0.0494408026950279
0.0494602789052052
0.0494789419112359
0.0494968065264780
0.0495138883934391
0.0495302037554290
0.0495457692592208
0.0495606017842660
0.0495747182948019
0.0495881357117521
0.0496008708018024
0.0496129400813631
0.0496243597335515
0.0496351455364493
0.0496453128012777
0.0496548763191235
0.0496638503152438
0.0496722484098615
0.0496800835847131
0.0496873681545300
0.0496941137428575
0.0497003312615775
0.0497060308937047
0.0497112220789588
0.0497159135017092
0.0497201130810149
0.0497238279623895
0.0497270645110884
0.0497298283066485
0.0497321241385100
0.0497339560025601
0.0497353270984410
0.0497362398275474
0.0497366957915597
0.0497366957915597
0.0497362398275475
0.0497353270984410
0.0497339560025601
0.0497321241385100
0.0497298283066485
0.0497270645110884
0.0497238279623896
0.0497201130810149
0.0497159135017092
0.0497112220789588
0.0497060308937047
0.0497003312615774
0.0496941137428575
0.0496873681545300
0.0496800835847130
0.0496722484098615
0.0496638503152438
0.0496548763191235
0.0496453128012777
0.0496351455364493
0.0496243597335518
0.0496129400813631
0.0496008708018023
0.0495881357117521
0.0495747182948022
0.0495606017842660
0.0495457692592208
0.0495302037554290
0.0495138883934391
0.0494968065264780
0.0494789419112359
0.0494602789052052
0.0494408026950279
0.0494204995611198
0.0493993571851366
0.0493773650082722
0.0493545146505940
0.0493308004042328
0.0493062198173203
0.0492807743909073
0.0492544704193792
0.0492273200170959
0.0491993423936513
0.0491705654727265
0.0491410280075699
0.0491107824583488
0.0490798991388690
0.0490484727561654
0.0490166344907774
0.0490203806816832
0.0490523154816825
0.0490838380112781
0.0491148169472741
0.0491451574371693
0.0491747890217045
0.0492036590971933
0.0492317287703100
0.0492589699819321
0.0492853633926754
0.0493108967648565
0.0493355636879137
0.0493593625522799
0.0493822957093655
0.0494043687748942
0.0494255900451206
0.0494459700036596
0.0494655209021125
0.0494842564015904
0.0495021912650388
0.0495193410923077
0.0495357220914592
0.0495513508810239
0.0495662443187583
0.0495804193533280
0.0495938928956730
0.0496066817076191
0.0496188023053128
0.0496302708757069
0.0496411032043230
0.0496513146129129
0.0496609199057453
0.0496699333234116
0.0496783685032113
0.0496862384452611
0.0496935554835879
0.0497003312615776
0.0497065767111463
0.0497123020352224
0.0497175166930072
0.0497222293876602
0.0497264480560855
0.0497301798604808
0.0497334311814084
0.0497362076121878
0.0497385139543430
0.0497403542140302
0.0497417315992374
0.0497426485176710
0.0497431065752835
0.0497431065752835
0.0497426485176710
0.0497417315992374
0.0497403542140302
0.0497385139543430
0.0497362076121878
0.0497334311814083
0.0497301798604808
0.0497264480560855
0.0497222293876602
0.0497175166930072
0.0497123020352224
0.0497065767111463
0.0497003312615776
0.0496935554835879
0.0496862384452611
0.0496783685032113
0.0496699333234113
0.0496609199057453
0.0496513146129129
0.0496411032043230
0.0496302708757068
0.0496188023053128
0.0496066817076192
0.0495938928956731
0.0495804193533281
0.0495662443187584
0.0495513508810238
0.0495357220914591
0.0495193410923077
0.0495021912650388
0.0494842564015903
0.0494655209021125
0.0494459700036596
0.0494255900451206
0.0494043687748942
0.0493822957093655
0.0493593625522799
0.0493355636879137
0.0493108967648565
0.0492853633926755
0.0492589699819320
0.0492317287703101
0.0492036590971933
0.0491747890217045
0.0491451574371694
0.0491148169472741
0.0490838380112781
0.0490523154816825
0.0490203806816832
0.0490238187818396
0.0490558416860807
0.0490874519679868
0.0491185181764749
0.0491489453284373
0.0491786628338590
0.0492076179598843
0.0492357716869323
0.0492630958336422
0.0492895709432865
0.0493151846664910
0.0493399304872541
0.0493638066973179
0.0493868155564851
0.0494089625962173
0.0494302560360045
0.0494507062902368
0.0494703255487933
0.0494891274184605
0.0495071266150586
0.0495243386982677
0.0495407798426450
0.0495564666395170
0.0495714159253912
0.0495856446331893
0.0495991696632410
0.0496120077713941
0.0496241754720607
0.0496356889542176
0.0496465640087310
0.0496568159655909
0.0496664596397504
0.0496755092845401
0.0496839785516423
0.0496918804568220
0.0496992273506735
0.0497060308937044
0.0497123020352224
0.0497180509954968
0.0497232872507546
0.0497280195206244
0.0497322557576848
0.0497360031388149
0.0497392680580838
0.0497420561209699
0.0497443721396829
0.0497462201294571
0.0497476033056616
0.0497485240816187
0.0497489840670471
0.0497489840670471
0.0497485240816187
0.0497476033056615
0.0497462201294571
0.0497443721396829
0.0497420561209699
0.0497392680580839
0.0497360031388149
0.0497322557576848
0.0497280195206244
0.0497232872507546
0.0497180509954968
0.0497123020352224
0.0497060308937044
0.0496992273506735
0.0496918804568220
0.0496839785516421
0.0496755092845400
0.0496664596397505
0.0496568159655907
0.0496465640087310
0.0496356889542176
0.0496241754720607
0.0496120077713944
0.0495991696632410
0.0495856446331892
0.0495714159253912
0.0495564666395171
0.0495407798426450
0.0495243386982677
0.0495071266150586
0.0494891274184606
0.0494703255487933
0.0494507062902369
0.0494302560360046
0.0494089625962173
0.0493868155564851
0.0493638066973179
0.0493399304872541
0.0493151846664910
0.0492895709432865
0.0492630958336422
0.0492357716869323
0.0492076179598843
0.0491786628338590
0.0491489453284374
0.0491185181764750
0.0490874519679868
0.0490558416860807
0.0490238187818396
0.0490269535224273
0.0490590563469086
0.0490907462313729
0.0491218916106095
0.0491523973847934
0.0491821928469591
0.0492112251485638
0.0492394551568374
0.0492668545806589
0.0492934038577854
0.0493190905382552
0.0493439080109424
0.0493678544783385
0.0493909321172447
0.0494131463825813
0.0494345054238998
0.0494550195923173
0.0494747010210921
0.0494935632669477
0.0495116210020526
0.0495288897486496
0.0495453856497908
0.0495611252709887
0.0495761254282446
0.0495904030389749
0.0496039749926032
0.0496168580383134
0.0496290686876847
0.0496406231302935
0.0496515371606600
0.0496618261150764
0.0496715048170842
0.0496805875305038
0.0496890879190557
0.0496970190117477
0.0497043931733109
0.0497112220789588
0.0497175166930072
0.0497232872507546
0.0497285432432339
0.0497332934044258
0.0497375457006146
0.0497413073215312
0.0497445846730839
0.0497473833714324
0.0497497082381801
0.0497515632965528
0.0497529517684234
0.0497538760720490
0.0497543378204775
0.0497543378204777
0.0497538760720490
0.0497529517684233
0.0497515632965527
0.0497497082381801
0.0497473833714324
0.0497445846730839
0.0497413073215312
0.0497375457006145
0.0497332934044259
0.0497285432432338
0.0497232872507546
0.0497175166930074
0.0497112220789587
0.0497043931733110
0.0496970190117477
0.0496890879190556
0.0496805875305038
0.0496715048170842
0.0496618261150764
0.0496515371606599
0.0496406231302935
0.0496290686876846
0.0496168580383136
0.0496039749926032
0.0495904030389750
0.0495761254282446
0.0495611252709886
0.0495453856497908
0.0495288897486496
0.0495116210020526
0.0494935632669477
0.0494747010210921
0.0494550195923173
0.0494345054238998
0.0494131463825813
0.0493909321172447
0.0493678544783385
0.0493439080109424
0.0493190905382550
0.0492934038577854
0.0492668545806589
0.0492394551568374
0.0492112251485637
0.0491821928469591
0.0491523973847934
0.0491218916106095
0.0490907462313729
0.0490590563469086
0.0490269535224273
0.0490297892626415
0.0490619640470084
0.0490937256065378
0.0491249422747770
0.0491555188482711
0.0491853845160679
0.0492144863266969
0.0492427850465238
0.0492702522865320
0.0492968683902564
0.0493226208177491
0.0493475028726569
0.0493715126773785
0.0493946523340696
0.0494169272286489
0.0494383454474695
0.0494589172843022
0.0494786548209199
0.0494975715683578
0.0495156821587538
0.0495330020798260
0.0495495474453937
0.0495653347967670
0.0495803809305164
0.0495947027490831
0.0496083171310473
0.0496212408185565
0.0496334903196078
0.0496450818233187
0.0496560311265067
0.0496663535701871
0.0496760639847063
0.0496851766424515
0.0496937052171406
0.0497016627489314
0.0497090616145276
0.0497159135017088
0.0497222293876601
0.0497280195206243
0.0497332934044258
0.0497380597854945
0.0497423266420018
0.0497461011748654
0.0497493898003241
0.0497521981438466
0.0497545310352439
0.0497563925047339
0.0497577857798766
0.0497587132832565
0.0497591766308295
0.0497591766308295
0.0497587132832564
0.0497577857798766
0.0497563925047338
0.0497545310352438
0.0497521981438466
0.0497493898003241
0.0497461011748652
0.0497423266420017
0.0497380597854945
0.0497332934044259
0.0497280195206243
0.0497222293876602
0.0497159135017088
0.0497090616145278
0.0497016627489314
0.0496937052171406
0.0496851766424515
0.0496760639847063
0.0496663535701870
0.0496560311265068
0.0496450818233187
0.0496334903196078
0.0496212408185566
0.0496083171310471
0.0495947027490831
0.0495803809305164
0.0495653347967671
0.0495495474453938
0.0495330020798260
0.0495156821587538
0.0494975715683578
0.0494786548209199
0.0494589172843022
0.0494383454474695
0.0494169272286489
0.0493946523340695
0.0493715126773785
0.0493475028726569
0.0493226208177491
0.0492968683902564
0.0492702522865320
0.0492427850465237
0.0492144863266969
0.0491853845160679
0.0491555188482711
0.0491249422747771
0.0490937256065378
0.0490619640470085
0.0490297892626415
0.0490323299830233
0.0490645689684015
0.0490963944757721
0.0491276747495863
0.0491583144950781
0.0491882428095812
0.0492174066507577
0.0492457666958616
0.0492732944692825
0.0492999702310950
0.0493257813615618
0.0493507210886379
0.0493747874634861
0.0493979825217363
0.0494203115876979
0.0494417826911693
0.0494624060744781
0.0494821937730708
0.0495011592567245
0.0495193171213044
0.0495366828230759
0.0495532724490913
0.0495691025183157
0.0495841898092023
0.0495985512100154
0.0496122035888497
0.0496251636807410
0.0496374479896688
0.0496490727035178
0.0496600536203683
0.0496704060846716
0.0496801449321050
0.0496892844419730
0.0496978382962466
0.0497058195443775
0.0497132405731614
0.0497201130810149
0.0497264480560855
0.0497322557576849
0.0497375457006145
0.0497423266420017
0.0497466065702764
0.0497503926960158
0.0497536914443754
0.0497565084489099
0.0497588485465343
0.0497607157735341
0.0497621133624072
0.0497630437394984
0.0497635085232892
0.0497635085232891
0.0497630437394982
0.0497621133624073
0.0497607157735341
0.0497588485465342
0.0497565084489099
0.0497536914443755
0.0497503926960159
0.0497466065702763
0.0497423266420017
0.0497375457006145
0.0497322557576848
0.0497264480560855
0.0497201130810149
0.0497132405731614
0.0497058195443775
0.0496978382962467
0.0496892844419731
0.0496801449321051
0.0496704060846715
0.0496600536203684
0.0496490727035179
0.0496374479896688
0.0496251636807410
0.0496122035888497
0.0495985512100154
0.0495841898092023
0.0495691025183157
0.0495532724490911
0.0495366828230759
0.0495193171213044
0.0495011592567244
0.0494821937730708
0.0494624060744781
0.0494417826911693
0.0494203115876980
0.0493979825217363
0.0493747874634861
0.0493507210886379
0.0493257813615616
0.0492999702310949
0.0492732944692826
0.0492457666958616
0.0492174066507577
0.0491882428095812
0.0491583144950781
0.0491276747495863
0.0490963944757721
0.0490645689684015
0.0490323299830231
0.0490345792797954
0.0490668748871565
0.0490987567939629
0.0491300931670195
0.0491607886319135
0.0491907722059465
0.0492199907673913
0.0492484049155821
0.0492759860991226
0.0493027145049654
0.0493285774433923
0.0493535680758801
0.0493776843909361
0.0494009283655913
0.0494233052697945
0.0494448230833278
0.0494654920029413
0.0494853240229194
0.0495043325762774
0.0495225322264590
0.0495399384014999
0.0495565671642806
0.0495724350134923
0.0495875587109967
0.0496019551319254
0.0496156411344757
0.0496286334467635
0.0496409485685804
0.0496526026860803
0.0496636115978265
0.0496739906506904
0.0496837546844524
0.0496929179839669
0.0497014942379333
0.0497094965034920
0.0497169371758615
0.0497238279623892
0.0497301798604808
0.0497360031388150
0.0497413073215311
0.0497461011748655
0.0497503926960157
0.0497541891038097
0.0497574968310605
0.0497603215182364
0.0497626680083668
0.0497645403429425
0.0497659417587134
0.0497668746852528
0.0497673407432214
0.0497673407432215
0.0497668746852527
0.0497659417587133
0.0497645403429425
0.0497626680083668
0.0497603215182364
0.0497574968310604
0.0497541891038097
0.0497503926960157
0.0497461011748654
0.0497413073215311
0.0497360031388149
0.0497301798604808
0.0497238279623892
0.0497169371758615
0.0497094965034920
0.0497014942379333
0.0496929179839668
0.0496837546844524
0.0496739906506902
0.0496636115978264
0.0496526026860803
0.0496409485685805
0.0496286334467635
0.0496156411344757
0.0496019551319254
0.0495875587109968
0.0495724350134923
0.0495565671642806
0.0495399384014999
0.0495225322264590
0.0495043325762774
0.0494853240229194
0.0494654920029413
0.0494448230833278
0.0494233052697945
0.0494009283655913
0.0493776843909361
0.0493535680758802
0.0493285774433923
0.0493027145049654
0.0492759860991226
0.0492484049155820
0.0492199907673913
0.0491907722059464
0.0491607886319135
0.0491300931670195
0.0490987567939629
0.0490668748871565
0.0490345792797954
0.0490365403600915
0.0490688851691179
0.0491008160847337
0.0491322012070026
0.0491629450929932
0.0491929766910741
0.0492222428111278
0.0492507039852887
0.0492783315967446
0.0493051057692965
0.0493310137527016
0.0493560486508939
0.0493802083980735
0.0494034949203955
0.0494259134405666
0.0494474718948228
0.0494681804401392
0.0494880510348162
0.0495070970796496
0.0495253331095645
0.0495427745277064
0.0495594373755429
0.0495753381337058
0.0495904935491695
0.0496049204851827
0.0496186357908417
0.0496316561877647
0.0496439981715992
0.0496556779265110
0.0496667112509933
0.0496771134935544
0.0496868994970915
0.0496960835508368
0.0497046793489300
0.0497126999547925
0.0497201577705872
0.0497270645110884
0.0497334311814087
0.0497392680580838
0.0497445846730839
0.0497493898003242
0.0497536914443754
0.0497574968310604
0.0497608123996503
0.0497636437964854
0.0497659958697668
0.0497678726654020
0.0497692774237520
0.0497702125771380
0.0497706797480656
0.0497706797480656
0.0497702125771380
0.0497692774237520
0.0497678726654020
0.0497659958697668
0.0497636437964854
0.0497608123996503
0.0497574968310604
0.0497536914443755
0.0497493898003241
0.0497445846730839
0.0497392680580839
0.0497334311814083
0.0497270645110884
0.0497201577705872
0.0497126999547926
0.0497046793489297
0.0496960835508369
0.0496868994970915
0.0496771134935544
0.0496667112509932
0.0496556779265109
0.0496439981715992
0.0496316561877647
0.0496186357908417
0.0496049204851826
0.0495904935491695
0.0495753381337058
0.0495594373755429
0.0495427745277064
0.0495253331095644
0.0495070970796497
0.0494880510348162
0.0494681804401392
0.0494474718948228
0.0494259134405667
0.0494034949203955
0.0493802083980735
0.0493560486508939
0.0493310137527016
0.0493051057692964
0.0492783315967446
0.0492507039852887
0.0492222428111278
0.0491929766910741
0.0491629450929932
0.0491322012070026
0.0491008160847337
0.0490688851691179
0.0490365403600916
0.0490382160379618
0.0490706027662881
0.0491025754372849
0.0491340020946702
0.0491647872376236
0.0491948597562786
0.0492241664026321
0.0492526676519727
0.0492803348320847
0.0493071480132195
0.0493330943937962
0.0493581670288866
0.0493823638065138
0.0494056866095593
0.0494281406204464
0.0494497337382539
0.0494704760859509
0.0494903795910300
0.0495094576266375
0.0495277247031548
0.0495451962022446
0.0495618881468384
0.0495778170018549
0.0495929995012572
0.0496074524978027
0.0496211928324868
0.0496342372210117
0.0496466021551457
0.0496583038169906
0.0496693580046171
0.0496797800675938
0.0496895848511333
0.0496987866478739
0.0497073991562784
0.0497154354448357
0.0497229079213474
0.0497298283066486
0.0497362076121878
0.0497420561209699
0.0497473833714324
0.0497521981438466
0.0497565084489099
0.0497603215182364
0.0497636437964854
0.0497664809348727
0.0497688377859133
0.0497707183992028
0.0497721260181099
0.0497730630772478
0.0497735312006613
0.0497735312006613
0.0497730630772479
0.0497721260181099
0.0497707183992028
0.0497688377859133
0.0497664809348727
0.0497636437964854
0.0497603215182364
0.0497565084489099
0.0497521981438467
0.0497473833714325
0.0497420561209697
0.0497362076121878
0.0497298283066485
0.0497229079213474
0.0497154354448358
0.0497073991562784
0.0496987866478739
0.0496895848511333
0.0496797800675938
0.0496693580046172
0.0496583038169906
0.0496466021551457
0.0496342372210117
0.0496211928324867
0.0496074524978027
0.0495929995012572
0.0495778170018548
0.0495618881468384
0.0495451962022446
0.0495277247031547
0.0495094576266375
0.0494903795910300
0.0494704760859508
0.0494497337382539
0.0494281406204464
0.0494056866095593
0.0493823638065138
0.0493581670288867
0.0493330943937962
0.0493071480132195
0.0492803348320848
0.0492526676519727
0.0492241664026320
0.0491948597562787
0.0491647872376236
0.0491340020946702
0.0491025754372849
0.0490706027662880
0.0490382160379617
0.0490396087310493
0.0490720302139044
0.0491040375037834
0.0491354985980676
0.0491663179482903
0.0491964243966030
0.0492257646473399
0.0492542991289023
0.0492819991233671
0.0493088446567961
0.0493348228851969
0.0493599268232307
0.0493841543207246
0.0494075072247083
0.0494299906842071
0.0494516125674512
0.0494723829691414
0.0494923137911121
0.0495114183834379
0.0495297112360083
0.0495472077124753
0.0495639238201970
0.0495798760108427
0.0495950810073425
0.0496095556535205
0.0496233167834037
0.0496363811075351
0.0496487651141987
0.0496604849835416
0.0496715565130451
0.0496819950528970
0.0496918154499965
0.0497010319995861
0.0497096584034867
0.0497177077341848
0.0497251924039655
0.0497321241385102
0.0497385139543430
0.0497443721396829
0.0497497082381801
0.0497545310352440
0.0497588485465344
0.0497626680083669
0.0497659958697668
0.0497688377859133
0.0497711986128290
0.0497730824031185
0.0497744924025880
0.0497754310477148
0.0497758999638063
0.0497758999638063
0.0497754310477148
0.0497744924025880
0.0497730824031185
0.0497711986128290
0.0497688377859132
0.0497659958697668
0.0497626680083668
0.0497588485465345
0.0497545310352438
0.0497497082381802
0.0497443721396829
0.0497385139543431
0.0497321241385102
0.0497251924039655
0.0497177077341847
0.0497096584034867
0.0497010319995861
0.0496918154499965
0.0496819950528970
0.0496715565130450
0.0496604849835416
0.0496487651141987
0.0496363811075351
0.0496233167834038
0.0496095556535204
0.0495950810073426
0.0495798760108426
0.0495639238201969
0.0495472077124754
0.0495297112360083
0.0495114183834379
0.0494923137911121
0.0494723829691414
0.0494516125674512
0.0494299906842072
0.0494075072247084
0.0493841543207246
0.0493599268232306
0.0493348228851968
0.0493088446567961
0.0492819991233672
0.0492542991289024
0.0492257646473398
0.0491964243966030
0.0491663179482904
0.0491354985980676
0.0491040375037834
0.0490720302139044
0.0490396087310492
0.0490407204579049
0.0490731696280324
0.0491052044972896
0.0491366930263771
0.0491675396290983
0.0491976731095921
0.0492270401344089
0.0492556010947693
0.0492833272364903
0.0493101985505517
0.0493362021592701
0.0493613310452013
0.0493855830277813
0.0494089599255043
0.0494314668607866
0.0494531116772568
0.0494739044470478
0.0494938570514832
0.0495129828221730
0.0495312962325666
0.0495488126318526
0.0495655480148481
0.0495815188225157
0.0495967417688536
0.0496112336904087
0.0496250114154796
0.0496380916503496
0.0496504908803539
0.0496622252839174
0.0496733106578902
0.0496837623527964
0.0496935952167229
0.0497028235468336
0.0497114610474911
0.0497195207942335
0.0497270152027814
0.0497339560025601
0.0497403542140303
0.0497462201294572
0.0497515632965528
0.0497563925047339
0.0497607157735340
0.0497645403429423
0.0497678726654021
0.0497707183992029
0.0497730824031185
0.0497749687320956
0.0497763806338637
0.0497773205463691
0.0497777900958989
0.0497777900958989
0.0497773205463691
0.0497763806338637
0.0497749687320954
0.0497730824031185
0.0497707183992028
0.0497678726654020
0.0497645403429425
0.0497607157735340
0.0497563925047339
0.0497515632965528
0.0497462201294571
0.0497403542140302
0.0497339560025601
0.0497270152027813
0.0497195207942335
0.0497114610474911
0.0497028235468335
0.0496935952167229
0.0496837623527964
0.0496733106578902
0.0496622252839174
0.0496504908803538
0.0496380916503495
0.0496250114154797
0.0496112336904087
0.0495967417688535
0.0495815188225157
0.0495655480148480
0.0495488126318526
0.0495312962325666
0.0495129828221730
0.0494938570514832
0.0494739044470478
0.0494531116772568
0.0494314668607866
0.0494089599255043
0.0493855830277813
0.0493613310452014
0.0493362021592702
0.0493101985505511
0.0492833272364903
0.0492556010947692
0.0492270401344090
0.0491976731095921
0.0491675396290984
0.0491366930263771
0.0491052044972896
0.0490731696280324
0.0490407204579049
0.0490415528358190
0.0490740227036729
0.0491060781900941
0.0491375872285031
0.0491684542046253
0.0491986078943071
0.0492279949359628
0.0492565756931149
0.0492843213845643
0.0493112119751335
0.0493372345620244
0.0493623821038211
0.0493866523972833
0.0494100472395717
0.0494325717332208
0.0494542337034496
0.0494750432054945
0.0494950121053055
0.0495141537206394
0.0495324825125917
0.0495500138194704
0.0495667636266357
0.0495827483669781
0.0495979847477117
0.0496124895998568
0.0496262797473476
0.0496393718931697
0.0496517825203637
0.0496635278059758
0.0496746235462845
0.0496850850919698
0.0496949272919218
0.0497041644446565
0.0497128102563570
0.0497208778047469
0.0497283795080603
0.0497353270984414
0.0497417315992372
0.0497476033056615
0.0497529517684233
0.0497577857798766
0.0497621133624072
0.0497659417587134
0.0497692774237521
0.0497721260181098
0.0497744924025879
0.0497763806338636
0.0497777939610923
0.0497787348232922
0.0497792048474903
0.0497792048474903
0.0497787348232923
0.0497777939610923
0.0497763806338636
0.0497744924025880
0.0497721260181098
0.0497692774237521
0.0497659417587133
0.0497621133624072
0.0497577857798765
0.0497529517684233
0.0497476033056616
0.0497417315992374
0.0497353270984414
0.0497283795080604
0.0497208778047469
0.0497128102563571
0.0497041644446566
0.0496949272919218
0.0496850850919698
0.0496746235462844
0.0496635278059759
0.0496517825203637
0.0496393718931697
0.0496262797473476
0.0496124895998568
0.0495979847477117
0.0495827483669781
0.0495667636266357
0.0495500138194703
0.0495324825125917
0.0495141537206394
0.0494950121053055
0.0494750432054944
0.0494542337034495
0.0494325717332208
0.0494100472395716
0.0493866523972833
0.0493623821038211
0.0493372345620244
0.0493112119751332
0.0492843213845643
0.0492565756931149
0.0492279949359629
0.0491986078943071
0.0491684542046253
0.0491375872285031
0.0491060781900941
0.0490740227036729
0.0490415528358195
0.0490421070791673
0.0490745907133036
0.0491066599124705
0.0491381825920058
0.0491690631190254
0.0491992302506123
0.0492286306065185
0.0492572245318993
0.0492849832276250
0.0493118866411538
0.0493379218530014
0.0493630818058431
0.0493873642813585
0.0494107710625380
0.0494333072386911
0.0494549806227743
0.0494758012587834
0.0494957810024194
0.0495149331622005
0.0495332721909804
0.0495508134197930
0.0495675728276814
0.0495835668421133
0.0495988121657646
0.0496133256259283
0.0496271240435787
0.0496402241194801
0.0496526423351011
0.0496643948665160
0.0496754975095807
0.0496859656150389
0.0496958140322738
0.0497050570606507
0.0497137084075271
0.0497217811520511
0.0497292877140832
0.0497362398275475
0.0497426485176710
0.0497485240816186
0.0497538760720490
0.0497587132832565
0.0497630437394983
0.0497668746852527
0.0497702125771380
0.0497730630772478
0.0497754310477148
0.0497773205463691
0.0497787348232922
0.0497796763182244
0.0497801466586669
0.0497801466586668
0.0497796763182244
0.0497787348232922
0.0497773205463692
0.0497754310477148
0.0497730630772478
0.0497702125771380
0.0497668746852527
0.0497630437394984
0.0497587132832563
0.0497538760720489
0.0497485240816187
0.0497426485176710
0.0497362398275475
0.0497292877140832
0.0497217811520512
0.0497137084075271
0.0497050570606505
0.0496958140322739
0.0496859656150390
0.0496754975095807
0.0496643948665159
0.0496526423351011
0.0496402241194801
0.0496271240435787
0.0496133256259283
0.0495988121657647
0.0495835668421133
0.0495675728276814
0.0495508134197930
0.0495332721909805
0.0495149331622005
0.0494957810024194
0.0494758012587835
0.0494549806227743
0.0494333072386912
0.0494107710625387
0.0493873642813585
0.0493630818058430
0.0493379218530014
0.0493118866411538
0.0492849832276250
0.0492572245318995
0.0492286306065182
0.0491992302506124
0.0491690631190254
0.0491381825920058
0.0491066599124707
0.0490745907133035
0.0490421070791672
0.0490423839981794
0.0490748745058095
0.0491069505517499
0.0491384800423332
0.0491693673353993
0.0491995411786834
0.0492289481826336
0.0492575486832458
0.0492853138724467
0.0493122236890443
0.0493382652052285
0.0493634313557405
0.0493877199147271
0.0494111326581075
0.0494336746685867
0.0494553537530065
0.0494761799497326
0.0494961651093481
0.0495153225357567
0.0495336666776853
0.0495512128625294
0.0495679770661513
0.0495839757133187
0.0495992255044146
0.0496137432648644
0.0496275458141590
0.0496406498519283
0.0496530718588440
0.0496648280104892
0.0496759341024858
0.0496864054856008
0.0496962570094478
0.0497055029738120
0.0497141570866137
0.0497222324277088
0.0497297414177586
0.0497366957915596
0.0497431065752833
0.0497489840670471
0.0497543378204777
0.0497591766308295
0.0497635085232891
0.0497673407432214
0.0497706797480656
0.0497735312006613
0.0497758999638067
0.0497777900958990
0.0497792048474904
0.0497801466586668
0.0497806171571679
0.0497806171571679
0.0497801466586668
0.0497792048474906
0.0497777900958990
0.0497758999638067
0.0497735312006613
0.0497706797480656
0.0497673407432215
0.0497635085232891
0.0497591766308295
0.0497543378204775
0.0497489840670471
0.0497431065752836
0.0497366957915597
0.0497297414177587
0.0497222324277087
0.0497141570866137
0.0497055029738120
0.0496962570094478
0.0496864054856008
0.0496759341024858
0.0496648280104891
0.0496530718588440
0.0496406498519282
0.0496275458141592
0.0496137432648638
0.0495992255044146
0.0495839757133188
0.0495679770661513
0.0495512128625294
0.0495336666776853
0.0495153225357566
0.0494961651093482
0.0494761799497326
0.0494553537530064
0.0494336746685867
0.0494111326581075
0.0493877199147268
0.0493634313557405
0.0493382652052285
0.0493122236890443
0.0492853138724467
0.0492575486832458
0.0492289481826336
0.0491995411786841
0.0491693673353993
0.0491384800423332
0.0491069505517499
0.0490748745058095
0.0490423839981795
0.0490423839981794
0.0490748745058095
0.0491069505517499
0.0491384800423332
0.0491693673353993
0.0491995411786841
0.0492289481826337
0.0492575486832457
0.0492853138724467
0.0493122236890443
0.0493382652052285
0.0493634313557405
0.0493877199147271
0.0494111326581075
0.0494336746685868
0.0494553537530064
0.0494761799497328
0.0494961651093481
0.0495153225357567
0.0495336666776853
0.0495512128625294
0.0495679770661513
0.0495839757133187
0.0495992255044146
0.0496137432648646
0.0496275458141590
0.0496406498519282
0.0496530718588440
0.0496648280104892
0.0496759341024858
0.0496864054856008
0.0496962570094479
0.0497055029738120
0.0497141570866137
0.0497222324277086
0.0497297414177585
0.0497366957915596
0.0497431065752833
0.0497489840670471
0.0497543378204776
0.0497591766308295
0.0497635085232892
0.0497673407432213
0.0497706797480656
0.0497735312006614
0.0497758999638067
0.0497777900958990
0.0497792048474904
0.0497801466586668
0.0497806171571679
0.0497806171571679
0.0497801466586669
0.0497792048474903
0.0497777900958990
0.0497758999638067
0.0497735312006614
0.0497706797480656
0.0497673407432214
0.0497635085232892
0.0497591766308295
0.0497543378204775
0.0497489840670471
0.0497431065752833
0.0497366957915597
0.0497297414177586
0.0497222324277083
0.0497141570866137
0.0497055029738120
0.0496962570094477
0.0496864054856009
0.0496759341024858
0.0496648280104892
0.0496530718588439
0.0496406498519283
0.0496275458141590
0.0496137432648646
0.0495992255044146
0.0495839757133187
0.0495679770661516
0.0495512128625294
0.0495336666776853
0.0495153225357567
0.0494961651093480
0.0494761799497328
0.0494553537530064
0.0494336746685867
0.0494111326581076
0.0493877199147268
0.0493634313557405
0.0493382652052284
0.0493122236890442
0.0492853138724466
0.0492575486832457
0.0492289481826337
0.0491995411786841
0.0491693673353993
0.0491384800423332
0.0491069505517499
0.0490748745058095
0.0490423839981794
0.0490421070791671
0.0490745907133036
0.0491066599124705
0.0491381825920058
0.0491690631190254
0.0491992302506123
0.0492286306065185
0.0492572245318994
0.0492849832276250
0.0493118866411539
0.0493379218530013
0.0493630818058431
0.0493873642813585
0.0494107710625379
0.0494333072386911
0.0494549806227742
0.0494758012587835
0.0494957810024194
0.0495149331622005
0.0495332721909804
0.0495508134197931
0.0495675728276814
0.0495835668421132
0.0495988121657649
0.0496133256259283
0.0496271240435787
0.0496402241194802
0.0496526423351010
0.0496643948665159
0.0496754975095808
0.0496859656150389
0.0496958140322738
0.0497050570606507
0.0497137084075270
0.0497217811520512
0.0497292877140832
0.0497362398275476
0.0497426485176710
0.0497485240816187
0.0497538760720490
0.0497587132832564
0.0497630437394983
0.0497668746852527
0.0497702125771380
0.0497730630772479
0.0497754310477148
0.0497773205463691
0.0497787348232922
0.0497796763182245
0.0497801466586669
0.0497801466586669
0.0497796763182244
0.0497787348232922
0.0497773205463691
0.0497754310477148
0.0497730630772478
0.0497702125771381
0.0497668746852528
0.0497630437394982
0.0497587132832564
0.0497538760720490
0.0497485240816187
0.0497426485176710
0.0497362398275475
0.0497292877140832
0.0497217811520511
0.0497137084075269
0.0497050570606508
0.0496958140322737
0.0496859656150389
0.0496754975095808
0.0496643948665160
0.0496526423351011
0.0496402241194801
0.0496271240435787
0.0496133256259283
0.0495988121657649
0.0495835668421133
0.0495675728276814
0.0495508134197931
0.0495332721909804
0.0495149331622005
0.0494957810024194
0.0494758012587835
0.0494549806227742
0.0494333072386911
0.0494107710625379
0.0493873642813585
0.0493630818058431
0.0493379218530013
0.0493118866411538
0.0492849832276250
0.0492572245318994
0.0492286306065185
0.0491992302506123
0.0491690631190253
0.0491381825920057
0.0491066599124705
0.0490745907133036
0.0490421070791672
0.0490415528358195
0.0490740227036730
0.0491060781900942
0.0491375872285031
0.0491684542046254
0.0491986078943071
0.0492279949359629
0.0492565756931148
0.0492843213845643
0.0493112119751335
0.0493372345620245
0.0493623821038211
0.0493866523972833
0.0494100472395717
0.0494325717332208
0.0494542337034496
0.0494750432054945
0.0494950121053056
0.0495141537206394
0.0495324825125917
0.0495500138194704
0.0495667636266357
0.0495827483669781
0.0495979847477116
0.0496124895998568
0.0496262797473475
0.0496393718931697
0.0496517825203635
0.0496635278059759
0.0496746235462844
0.0496850850919698
0.0496949272919218
0.0497041644446566
0.0497128102563571
0.0497208778047470
0.0497283795080605
0.0497353270984410
0.0497417315992373
0.0497476033056616
0.0497529517684233
0.0497577857798766
0.0497621133624072
0.0497659417587133
0.0497692774237521
0.0497721260181099
0.0497744924025879
0.0497763806338636
0.0497777939610923
0.0497787348232922
0.0497792048474903
0.0497792048474903
0.0497787348232922
0.0497777939610923
0.0497763806338636
0.0497744924025879
0.0497721260181098
0.0497692774237519
0.0497659417587133
0.0497621133624072
0.0497577857798766
0.0497529517684233
0.0497476033056617
0.0497417315992373
0.0497353270984410
0.0497283795080605
0.0497208778047469
0.0497128102563571
0.0497041644446566
0.0496949272919218
0.0496850850919698
0.0496746235462844
0.0496635278059759
0.0496517825203638
0.0496393718931696
0.0496262797473475
0.0496124895998569
0.0495979847477117
0.0495827483669778
0.0495667636266357
0.0495500138194704
0.0495324825125917
0.0495141537206393
0.0494950121053056
0.0494750432054945
0.0494542337034496
0.0494325717332209
0.0494100472395715
0.0493866523972833
0.0493623821038211
0.0493372345620244
0.0493112119751335
0.0492843213845643
0.0492565756931148
0.0492279949359627
0.0491986078943071
0.0491684542046253
0.0491375872285031
0.0491060781900941
0.0490740227036730
0.0490415528358190
0.0490407204579049
0.0490731696280324
0.0491052044972896
0.0491366930263771
0.0491675396290985
0.0491976731095921
0.0492270401344089
0.0492556010947693
0.0492833272364902
0.0493101985505511
0.0493362021592701
0.0493613310452015
0.0493855830277814
0.0494089599255042
0.0494314668607866
0.0494531116772567
0.0494739044470479
0.0494938570514832
0.0495129828221727
0.0495312962325666
0.0495488126318526
0.0495655480148480
0.0495815188225157
0.0495967417688537
0.0496112336904088
0.0496250114154797
0.0496380916503495
0.0496504908803537
0.0496622252839174
0.0496733106578902
0.0496837623527965
0.0496935952167229
0.0497028235468335
0.0497114610474911
0.0497195207942336
0.0497270152027814
0.0497339560025601
0.0497403542140303
0.0497462201294571
0.0497515632965528
0.0497563925047339
0.0497607157735341
0.0497645403429423
0.0497678726654021
0.0497707183992028
0.0497730824031185
0.0497749687320956
0.0497763806338636
0.0497773205463691
0.0497777900958991
0.0497777900958991
0.0497773205463691
0.0497763806338636
0.0497749687320955
0.0497730824031185
0.0497707183992027
0.0497678726654020
0.0497645403429424
0.0497607157735341
0.0497563925047339
0.0497515632965528
0.0497462201294571
0.0497403542140303
0.0497339560025601
0.0497270152027814
0.0497195207942335
0.0497114610474912
0.0497028235468335
0.0496935952167229
0.0496837623527964
0.0496733106578902
0.0496622252839174
0.0496504908803537
0.0496380916503495
0.0496250114154797
0.0496112336904084
0.0495967417688537
0.0495815188225157
0.0495655480148480
0.0495488126318527
0.0495312962325667
0.0495129828221723
0.0494938570514832
0.0494739044470479
0.0494531116772567
0.0494314668607866
0.0494089599255043
0.0493855830277813
0.0493613310452011
0.0493362021592701
0.0493101985505517
0.0492833272364903
0.0492556010947693
0.0492270401344089
0.0491976731095921
0.0491675396290984
0.0491366930263771
0.0491052044972895
0.0490731696280324
0.0490407204579049
0.0490396087310494
0.0490720302139044
0.0491040375037834
0.0491354985980675
0.0491663179482904
0.0491964243966030
0.0492257646473399
0.0492542991289023
0.0492819991233672
0.0493088446567961
0.0493348228851968
0.0493599268232307
0.0493841543207246
0.0494075072247084
0.0494299906842071
0.0494516125674512
0.0494723829691414
0.0494923137911121
0.0495114183834379
0.0495297112360083
0.0495472077124754
0.0495639238201969
0.0495798760108426
0.0495950810073425
0.0496095556535204
0.0496233167834038
0.0496363811075352
0.0496487651141987
0.0496604849835413
0.0496715565130450
0.0496819950528968
0.0496918154499965
0.0497010319995861
0.0497096584034868
0.0497177077341847
0.0497251924039655
0.0497321241385102
0.0497385139543430
0.0497443721396828
0.0497497082381801
0.0497545310352440
0.0497588485465342
0.0497626680083669
0.0497659958697668
0.0497688377859133
0.0497711986128290
0.0497730824031185
0.0497744924025879
0.0497754310477148
0.0497758999638063
0.0497758999638067
0.0497754310477148
0.0497744924025879
0.0497730824031184
0.0497711986128290
0.0497688377859132
0.0497659958697667
0.0497626680083669
0.0497588485465344
0.0497545310352438
0.0497497082381801
0.0497443721396829
0.0497385139543430
0.0497321241385099
0.0497251924039655
0.0497177077341847
0.0497096584034867
0.0497010319995861
0.0496918154499965
0.0496819950528970
0.0496715565130450
0.0496604849835413
0.0496487651141987
0.0496363811075352
0.0496233167834040
0.0496095556535204
0.0495950810073426
0.0495798760108426
0.0495639238201969
0.0495472077124754
0.0495297112360083
0.0495114183834379
0.0494923137911121
0.0494723829691414
0.0494516125674512
0.0494299906842071
0.0494075072247083
0.0493841543207246
0.0493599268232305
0.0493348228851968
0.0493088446567961
0.0492819991233672
0.0492542991289023
0.0492257646473399
0.0491964243966030
0.0491663179482904
0.0491354985980675
0.0491040375037835
0.0490720302139044
0.0490396087310492
0.0490382160379618
0.0490706027662885
0.0491025754372848
0.0491340020946702
0.0491647872376236
0.0491948597562786
0.0492241664026321
0.0492526676519726
0.0492803348320848
0.0493071480132195
0.0493330943937962
0.0493581670288866
0.0493823638065139
0.0494056866095593
0.0494281406204464
0.0494497337382539
0.0494704760859508
0.0494903795910300
0.0495094576266375
0.0495277247031547
0.0495451962022445
0.0495618881468384
0.0495778170018546
0.0495929995012572
0.0496074524978027
0.0496211928324868
0.0496342372210118
0.0496466021551457
0.0496583038169905
0.0496693580046171
0.0496797800675938
0.0496895848511333
0.0496987866478740
0.0497073991562785
0.0497154354448358
0.0497229079213475
0.0497298283066485
0.0497362076121878
0.0497420561209699
0.0497473833714324
0.0497521981438466
0.0497565084489099
0.0497603215182364
0.0497636437964855
0.0497664809348728
0.0497688377859133
0.0497707183992028
0.0497721260181099
0.0497730630772478
0.0497735312006613
0.0497735312006614
0.0497730630772478
0.0497721260181098
0.0497707183992028
0.0497688377859132
0.0497664809348728
0.0497636437964854
0.0497603215182364
0.0497565084489099
0.0497521981438466
0.0497473833714324
0.0497420561209699
0.0497362076121878
0.0497298283066485
0.0497229079213474
0.0497154354448358
0.0497073991562785
0.0496987866478740
0.0496895848511333
0.0496797800675938
0.0496693580046171
0.0496583038169906
0.0496466021551457
0.0496342372210117
0.0496211928324868
0.0496074524978027
0.0495929995012572
0.0495778170018546
0.0495618881468386
0.0495451962022445
0.0495277247031547
0.0495094576266375
0.0494903795910300
0.0494704760859508
0.0494497337382539
0.0494281406204464
0.0494056866095593
0.0493823638065138
0.0493581670288866
0.0493330943937962
0.0493071480132195
0.0492803348320847
0.0492526676519726
0.0492241664026320
0.0491948597562786
0.0491647872376236
0.0491340020946702
0.0491025754372848
0.0490706027662880
0.0490382160379618
0.0490365403600915
0.0490688851691179
0.0491008160847337
0.0491322012070027
0.0491629450929931
0.0491929766910742
0.0492222428111278
0.0492507039852887
0.0492783315967446
0.0493051057692965
0.0493310137527017
0.0493560486508939
0.0493802083980736
0.0494034949203956
0.0494259134405666
0.0494474718948228
0.0494681804401392
0.0494880510348162
0.0495070970796496
0.0495253331095642
0.0495427745277065
0.0495594373755429
0.0495753381337058
0.0495904935491695
0.0496049204851827
0.0496186357908418
0.0496316561877647
0.0496439981715994
0.0496556779265110
0.0496667112509932
0.0496771134935545
0.0496868994970915
0.0496960835508369
0.0497046793489301
0.0497126999547925
0.0497201577705873
0.0497270645110885
0.0497334311814087
0.0497392680580838
0.0497445846730838
0.0497493898003242
0.0497536914443754
0.0497574968310604
0.0497608123996503
0.0497636437964854
0.0497659958697668
0.0497678726654020
0.0497692774237519
0.0497702125771380
0.0497706797480656
0.0497706797480656
0.0497702125771380
0.0497692774237521
0.0497678726654020
0.0497659958697667
0.0497636437964854
0.0497608123996503
0.0497574968310604
0.0497536914443754
0.0497493898003241
0.0497445846730838
0.0497392680580838
0.0497334311814087
0.0497270645110884
0.0497201577705871
0.0497126999547925
0.0497046793489300
0.0496960835508366
0.0496868994970915
0.0496771134935544
0.0496667112509932
0.0496556779265110
0.0496439981715992
0.0496316561877647
0.0496186357908417
0.0496049204851827
0.0495904935491695
0.0495753381337058
0.0495594373755429
0.0495427745277065
0.0495253331095642
0.0495070970796496
0.0494880510348162
0.0494681804401392
0.0494474718948227
0.0494259134405667
0.0494034949203956
0.0493802083980735
0.0493560486508939
0.0493310137527016
0.0493051057692965
0.0492783315967446
0.0492507039852887
0.0492222428111279
0.0491929766910741
0.0491629450929932
0.0491322012070028
0.0491008160847337
0.0490688851691179
0.0490365403600915
0.0490345792797954
0.0490668748871565
0.0490987567939629
0.0491300931670195
0.0491607886319131
0.0491907722059464
0.0492199907673913
0.0492484049155820
0.0492759860991225
0.0493027145049656
0.0493285774433919
0.0493535680758802
0.0493776843909361
0.0494009283655911
0.0494233052697945
0.0494448230833278
0.0494654920029413
0.0494853240229195
0.0495043325762774
0.0495225322264589
0.0495399384014999
0.0495565671642806
0.0495724350134923
0.0495875587109968
0.0496019551319254
0.0496156411344758
0.0496286334467635
0.0496409485685805
0.0496526026860802
0.0496636115978264
0.0496739906506901
0.0496837546844523
0.0496929179839668
0.0497014942379334
0.0497094965034920
0.0497169371758614
0.0497238279623892
0.0497301798604808
0.0497360031388149
0.0497413073215312
0.0497461011748654
0.0497503926960159
0.0497541891038097
0.0497574968310605
0.0497603215182364
0.0497626680083671
0.0497645403429424
0.0497659417587133
0.0497668746852528
0.0497673407432215
0.0497673407432214
0.0497668746852528
0.0497659417587133
0.0497645403429424
0.0497626680083671
0.0497603215182364
0.0497574968310605
0.0497541891038097
0.0497503926960159
0.0497461011748653
0.0497413073215310
0.0497360031388152
0.0497301798604808
0.0497238279623896
0.0497169371758613
0.0497094965034920
0.0497014942379334
0.0496929179839668
0.0496837546844524
0.0496739906506903
0.0496636115978264
0.0496526026860803
0.0496409485685805
0.0496286334467635
0.0496156411344757
0.0496019551319254
0.0495875587109968
0.0495724350134923
0.0495565671642806
0.0495399384014999
0.0495225322264590
0.0495043325762775
0.0494853240229195
0.0494654920029414
0.0494448230833278
0.0494233052697945
0.0494009283655913
0.0493776843909362
0.0493535680758801
0.0493285774433921
0.0493027145049655
0.0492759860991226
0.0492484049155820
0.0492199907673913
0.0491907722059464
0.0491607886319131
0.0491300931670195
0.0490987567939629
0.0490668748871566
0.0490345792797955
0.0490323299830232
0.0490645689684015
0.0490963944757721
0.0491276747495862
0.0491583144950781
0.0491882428095813
0.0492174066507576
0.0492457666958616
0.0492732944692826
0.0492999702310950
0.0493257813615618
0.0493507210886379
0.0493747874634862
0.0493979825217363
0.0494203115876979
0.0494417826911692
0.0494624060744781
0.0494821937730708
0.0495011592567244
0.0495193171213044
0.0495366828230759
0.0495532724490911
0.0495691025183159
0.0495841898092024
0.0495985512100153
0.0496122035888497
0.0496251636807411
0.0496374479896688
0.0496490727035179
0.0496600536203683
0.0496704060846716
0.0496801449321050
0.0496892844419730
0.0496978382962468
0.0497058195443774
0.0497132405731614
0.0497201130810149
0.0497264480560854
0.0497322557576847
0.0497375457006145
0.0497423266420017
0.0497466065702762
0.0497503926960159
0.0497536914443754
0.0497565084489099
0.0497588485465344
0.0497607157735341
0.0497621133624072
0.0497630437394983
0.0497635085232892
0.0497635085232892
0.0497630437394983
0.0497621133624072
0.0497607157735341
0.0497588485465342
0.0497565084489099
0.0497536914443755
0.0497503926960159
0.0497466065702762
0.0497423266420017
0.0497375457006145
0.0497322557576848
0.0497264480560855
0.0497201130810151
0.0497132405731614
0.0497058195443774
0.0496978382962465
0.0496892844419732
0.0496801449321050
0.0496704060846715
0.0496600536203683
0.0496490727035179
0.0496374479896688
0.0496251636807411
0.0496122035888497
0.0495985512100154
0.0495841898092023
0.0495691025183156
0.0495532724490913
0.0495366828230759
0.0495193171213044
0.0495011592567244
0.0494821937730709
0.0494624060744780
0.0494417826911692
0.0494203115876978
0.0493979825217363
0.0493747874634862
0.0493507210886379
0.0493257813615618
0.0492999702310950
0.0492732944692826
0.0492457666958617
0.0492174066507577
0.0491882428095812
0.0491583144950781
0.0491276747495862
0.0490963944757721
0.0490645689684014
0.0490323299830233
0.0490297892626415
0.0490619640470085
0.0490937256065378
0.0491249422747770
0.0491555188482711
0.0491853845160679
0.0492144863266970
0.0492427850465240
0.0492702522865320
0.0492968683902564
0.0493226208177491
0.0493475028726569
0.0493715126773785
0.0493946523340696
0.0494169272286490
0.0494383454474695
0.0494589172843022
0.0494786548209199
0.0494975715683578
0.0495156821587538
0.0495330020798260
0.0495495474453937
0.0495653347967670
0.0495803809305164
0.0495947027490832
0.0496083171310471
0.0496212408185565
0.0496334903196078
0.0496450818233187
0.0496560311265067
0.0496663535701871
0.0496760639847063
0.0496851766424515
0.0496937052171406
0.0497016627489314
0.0497090616145282
0.0497159135017092
0.0497222293876601
0.0497280195206244
0.0497332934044259
0.0497380597854945
0.0497423266420017
0.0497461011748652
0.0497493898003242
0.0497521981438467
0.0497545310352439
0.0497563925047338
0.0497577857798766
0.0497587132832564
0.0497591766308295
0.0497591766308295
0.0497587132832562
0.0497577857798765
0.0497563925047338
0.0497545310352439
0.0497521981438467
0.0497493898003242
0.0497461011748653
0.0497423266420017
0.0497380597854945
0.0497332934044258
0.0497280195206244
0.0497222293876601
0.0497159135017092
0.0497090616145282
0.0497016627489313
0.0496937052171406
0.0496851766424515
0.0496760639847063
0.0496663535701871
0.0496560311265068
0.0496450818233187
0.0496334903196078
0.0496212408185566
0.0496083171310473
0.0495947027490832
0.0495803809305163
0.0495653347967670
0.0495495474453938
0.0495330020798259
0.0495156821587538
0.0494975715683578
0.0494786548209198
0.0494589172843022
0.0494383454474695
0.0494169272286490
0.0493946523340696
0.0493715126773785
0.0493475028726569
0.0493226208177492
0.0492968683902564
0.0492702522865320
0.0492427850465240
0.0492144863266970
0.0491853845160679
0.0491555188482711
0.0491249422747770
0.0490937256065377
0.0490619640470085
0.0490297892626415
0.0490269535224273
0.0490590563469086
0.0490907462313729
0.0491218916106096
0.0491523973847934
0.0491821928469591
0.0492112251485638
0.0492394551568374
0.0492668545806589
0.0492934038577854
0.0493190905382551
0.0493439080109424
0.0493678544783385
0.0493909321172447
0.0494131463825812
0.0494345054238998
0.0494550195923173
0.0494747010210921
0.0494935632669477
0.0495116210020526
0.0495288897486496
0.0495453856497908
0.0495611252709887
0.0495761254282445
0.0495904030389750
0.0496039749926031
0.0496168580383135
0.0496290686876846
0.0496406231302935
0.0496515371606600
0.0496618261150764
0.0496715048170842
0.0496805875305039
0.0496890879190556
0.0496970190117482
0.0497043931733109
0.0497112220789588
0.0497175166930072
0.0497232872507545
0.0497285432432338
0.0497332934044258
0.0497375457006145
0.0497413073215312
0.0497445846730839
0.0497473833714334
0.0497497082381801
0.0497515632965528
0.0497529517684234
0.0497538760720489
0.0497543378204776
0.0497543378204776
0.0497538760720490
0.0497529517684233
0.0497515632965528
0.0497497082381801
0.0497473833714334
0.0497445846730839
0.0497413073215312
0.0497375457006145
0.0497332934044258
0.0497285432432339
0.0497232872507546
0.0497175166930072
0.0497112220789588
0.0497043931733109
0.0496970190117482
0.0496890879190556
0.0496805875305039
0.0496715048170841
0.0496618261150764
0.0496515371606600
0.0496406231302935
0.0496290686876846
0.0496168580383132
0.0496039749926032
0.0495904030389750
0.0495761254282445
0.0495611252709886
0.0495453856497908
0.0495288897486496
0.0495116210020526
0.0494935632669477
0.0494747010210921
0.0494550195923173
0.0494345054238997
0.0494131463825812
0.0493909321172447
0.0493678544783385
0.0493439080109424
0.0493190905382551
0.0492934038577854
0.0492668545806586
0.0492394551568374
0.0492112251485638
0.0491821928469591
0.0491523973847934
0.0491218916106097
0.0490907462313728
0.0490590563469086
0.0490269535224273
0.0490238187818396
0.0490558416860807
0.0490874519679868
0.0491185181764750
0.0491489453284374
0.0491786628338590
0.0492076179598842
0.0492357716869323
0.0492630958336422
0.0492895709432865
0.0493151846664909
0.0493399304872541
0.0493638066973179
0.0493868155564851
0.0494089625962174
0.0494302560360045
0.0494507062902369
0.0494703255487932
0.0494891274184606
0.0495071266150587
0.0495243386982677
0.0495407798426451
0.0495564666395170
0.0495714159253912
0.0495856446331892
0.0495991696632410
0.0496120077713941
0.0496241754720607
0.0496356889542176
0.0496465640087309
0.0496568159655908
0.0496664596397504
0.0496755092845400
0.0496839785516423
0.0496918804568220
0.0496992273506735
0.0497060308937040
0.0497123020352223
0.0497180509954968
0.0497232872507546
0.0497280195206244
0.0497322557576848
0.0497360031388149
0.0497392680580838
0.0497420561209699
0.0497443721396829
0.0497462201294571
0.0497476033056617
0.0497485240816187
0.0497489840670471
0.0497489840670471
0.0497485240816187
0.0497476033056617
0.0497462201294571
0.0497443721396829
0.0497420561209699
0.0497392680580838
0.0497360031388149
0.0497322557576848
0.0497280195206243
0.0497232872507546
0.0497180509954968
0.0497123020352224
0.0497060308937043
0.0496992273506735
0.0496918804568220
0.0496839785516423
0.0496755092845400
0.0496664596397504
0.0496568159655909
0.0496465640087308
0.0496356889542176
0.0496241754720607
0.0496120077713941
0.0495991696632410
0.0495856446331892
0.0495714159253911
0.0495564666395173
0.0495407798426451
0.0495243386982677
0.0495071266150586
0.0494891274184605
0.0494703255487929
0.0494507062902369
0.0494302560360045
0.0494089625962173
0.0493868155564851
0.0493638066973177
0.0493399304872535
0.0493151846664909
0.0492895709432865
0.0492630958336422
0.0492357716869323
0.0492076179598843
0.0491786628338590
0.0491489453284374
0.0491185181764749
0.0490874519679868
0.0490558416860807
0.0490238187818396
0.0490203806816832
0.0490523154816825
0.0490838380112781
0.0491148169472741
0.0491451574371694
0.0491747890217044
0.0492036590971934
0.0492317287703101
0.0492589699819320
0.0492853633926754
0.0493108967648565
0.0493355636879137
0.0493593625522798
0.0493822957093654
0.0494043687748941
0.0494255900451206
0.0494459700036596
0.0494655209021125
0.0494842564015904
0.0495021912650388
0.0495193410923077
0.0495357220914591
0.0495513508810235
0.0495662443187583
0.0495804193533280
0.0495938928956730
0.0496066817076192
0.0496188023053129
0.0496302708757069
0.0496411032043230
0.0496513146129129
0.0496609199057451
0.0496699333234115
0.0496783685032113
0.0496862384452611
0.0496935554835879
0.0497003312615776
0.0497065767111463
0.0497123020352224
0.0497175166930072
0.0497222293876601
0.0497264480560855
0.0497301798604808
0.0497334311814083
0.0497362076121878
0.0497385139543430
0.0497403542140302
0.0497417315992372
0.0497426485176709
0.0497431065752833
0.0497431065752833
0.0497426485176710
0.0497417315992374
0.0497403542140303
0.0497385139543430
0.0497362076121878
0.0497334311814087
0.0497301798604808
0.0497264480560856
0.0497222293876601
0.0497175166930072
0.0497123020352224
0.0497065767111463
0.0497003312615776
0.0496935554835879
0.0496862384452611
0.0496783685032113
0.0496699333234116
0.0496609199057451
0.0496513146129129
0.0496411032043230
0.0496302708757068
0.0496188023053128
0.0496066817076192
0.0495938928956730
0.0495804193533280
0.0495662443187583
0.0495513508810238
0.0495357220914591
0.0495193410923077
0.0495021912650388
0.0494842564015904
0.0494655209021125
0.0494459700036596
0.0494255900451206
0.0494043687748942
0.0493822957093655
0.0493593625522798
0.0493355636879137
0.0493108967648565
0.0492853633926755
0.0492589699819321
0.0492317287703101
0.0492036590971934
0.0491747890217044
0.0491451574371694
0.0491148169472741
0.0490838380112780
0.0490523154816825
0.0490203806816832
0.0490166344907774
0.0490484727561654
0.0490798991388690
0.0491107824583488
0.0491410280075698
0.0491705654727266
0.0491993423936514
0.0492273200170959
0.0492544704193792
0.0492807743909073
0.0493062198173203
0.0493308004042328
0.0493545146505939
0.0493773650082723
0.0493993571851366
0.0494204995611198
0.0494408026950281
0.0494602789052052
0.0494789419112359
0.0494968065264780
0.0495138883934391
0.0495302037554291
0.0495457692592208
0.0495606017842660
0.0495747182948022
0.0495881357117523
0.0496008708018023
0.0496129400813630
0.0496243597335518
0.0496351455364495
0.0496453128012778
0.0496548763191235
0.0496638503152438
0.0496722484098615
0.0496800835847131
0.0496873681545300
0.0496941137428575
0.0497003312615776
0.0497060308937041
0.0497112220789588
0.0497159135017092
0.0497201130810149
0.0497238279623892
0.0497270645110884
0.0497298283066485
0.0497321241385099
0.0497339560025601
0.0497353270984412
0.0497362398275475
0.0497366957915597
0.0497366957915597
0.0497362398275475
0.0497353270984412
0.0497339560025601
0.0497321241385100
0.0497298283066485
0.0497270645110884
0.0497238279623895
0.0497201130810149
0.0497159135017092
0.0497112220789588
0.0497060308937043
0.0497003312615775
0.0496941137428575
0.0496873681545300
0.0496800835847131
0.0496722484098615
0.0496638503152438
0.0496548763191234
0.0496453128012777
0.0496351455364493
0.0496243597335518
0.0496129400813630
0.0496008708018023
0.0495881357117520
0.0495747182948019
0.0495606017842661
0.0495457692592208
0.0495302037554291
0.0495138883934391
0.0494968065264780
0.0494789419112359
0.0494602789052052
0.0494408026950282
0.0494204995611199
0.0493993571851366
0.0493773650082723
0.0493545146505939
0.0493308004042328
0.0493062198173203
0.0492807743909074
0.0492544704193792
0.0492273200170959
0.0491993423936513
0.0491705654727266
0.0491410280075698
0.0491107824583488
0.0490798991388690
0.0490484727561654
0.0490166344907774
0.0490125751137582
0.0490443081443827
0.0490756297176247
0.0491064088114484
0.0491365508802322
0.0491659857713542
0.0491946611834696
0.0492225385181029
0.0492495900010097
0.0492757965655152
0.0493011462327993
0.0493256328358762
0.0493492549923987
0.0493720152638183
0.0493939194581940
0.0494149760461415
0.0494351956675901
0.0494545907125829
0.0494731749631444
0.0494909632861053
0.0495079713688297
0.0495242154912914
0.0495397123292037
0.0495544787837228
0.0495685318341061
0.0495818884101720
0.0495945652819341
0.0496065789641406
0.0496179456338099
0.0496286810590797
0.0496388005378899
0.0496483188452665
0.0496572501881243
0.0496656081665492
0.0496734057407976
0.0496806552032378
0.0496873681545300
0.0496935554835879
0.0496992273506736
0.0497043931733110
0.0497090616145278
0.0497132405731614
0.0497169371758614
0.0497201577705872
0.0497229079213475
0.0497251924039655
0.0497270152027815
0.0497283795080605
0.0497292877140831
0.0497297414177586
0.0497297414177586
0.0497292877140832
0.0497283795080605
0.0497270152027815
0.0497251924039654
0.0497229079213474
0.0497201577705872
0.0497169371758615
0.0497132405731614
0.0497090616145278
0.0497043931733109
0.0496992273506735
0.0496935554835879
0.0496873681545300
0.0496806552032377
0.0496734057407976
0.0496656081665490
0.0496572501881242
0.0496483188452664
0.0496388005378898
0.0496286810590797
0.0496179456338098
0.0496065789641406
0.0495945652819341
0.0495818884101720
0.0495685318341061
0.0495544787837229
0.0495397123292037
0.0495242154912914
0.0495079713688296
0.0494909632861053
0.0494731749631444
0.0494545907125830
0.0494351956675901
0.0494149760461416
0.0493939194581939
0.0493720152638184
0.0493492549923987
0.0493256328358762
0.0493011462327994
0.0492757965655152
0.0492495900010097
0.0492225385181029
0.0491946611834695
0.0491659857713543
0.0491365508802322
0.0491064088114484
0.0490756297176246
0.0490443081443826
0.0490125751137582
0.0490081971002093
0.0490398159020708
0.0490710237114064
0.0491016896818169
0.0491317194462582
0.0491610430301741
0.0491896083073900
0.0492173768499309
0.0492443210477971
0.0492704219911631
0.0492956678495811
0.0493200525952103
0.0493435749749842
0.0493662376693394
0.0493880465947515
0.0494090103195482
0.0494291395707110
0.0494484468147761
0.0494669458999820
0.0494846517494062
0.0495015800971448
0.0495177472608717
0.0495331699454776
0.0495478650734091
0.0495618496379117
0.0495751405761279
0.0495877546593502
0.0495997083982470
0.0496110179610028
0.0496216991027938
0.0496317671050781
0.0496412367234838
0.0496501221431295
0.0496584369404917
0.0496661940508667
0.0496734057407974
0.0496800835847131
0.0496862384452611
0.0496918804568220
0.0496970190117476
0.0497016627489313
0.0497058195443775
0.0497094965034920
0.0497126999547926
0.0497154354448357
0.0497177077341847
0.0497195207942336
0.0497208778047470
0.0497217811520511
0.0497222324277087
0.0497222324277087
0.0497217811520511
0.0497208778047470
0.0497195207942336
0.0497177077341847
0.0497154354448358
0.0497126999547926
0.0497094965034920
0.0497058195443774
0.0497016627489314
0.0496970190117476
0.0496918804568220
0.0496862384452615
0.0496800835847130
0.0496734057407974
0.0496661940508667
0.0496584369404917
0.0496501221431295
0.0496412367234837
0.0496317671050780
0.0496216991027937
0.0496110179610029
0.0495997083982470
0.0495877546593502
0.0495751405761279
0.0495618496379117
0.0495478650734090
0.0495331699454777
0.0495177472608718
0.0495015800971448
0.0494846517494063
0.0494669458999821
0.0494484468147761
0.0494291395707109
0.0494090103195482
0.0493880465947516
0.0493662376693394
0.0493435749749842
0.0493200525952103
0.0492956678495811
0.0492704219911631
0.0492443210477972
0.0492173768499309
0.0491896083073900
0.0491610430301741
0.0491317194462582
0.0491016896818169
0.0490710237114065
0.0490398159020708
0.0490081971002096
0.0490034946552835
0.0490349899156463
0.0490660746901522
0.0490966183265929
0.0491265266550104
0.0491557298970828
0.0491841761194030
0.0492118270812329
0.0492386553526613
0.0492646421954139
0.0492897759409789
0.0493140507129444
0.0493374653985150
0.0493600228067969
0.0493817289710507
0.0494025925644025
0.0494226244067082
0.0494418370456343
0.0494602443991301
0.0494778614489792
0.0494947039774759
0.0495107883405444
0.0495261312720561
0.0495407497147929
0.0495546606744022
0.0495678810932152
0.0495804277412372
0.0495923171220626
0.0496035653917492
0.0496141882889682
0.0496242010749875
0.0496336184821725
0.0496424546699583
0.0496507231872507
0.0496584369404916
0.0496656081665491
0.0496722484098615
0.0496783685032113
0.0496839785516424
0.0496890879190556
0.0496937052171406
0.0496978382962465
0.0497014942379331
0.0497046793489298
0.0497073991562784
0.0497096584034868
0.0497114610474911
0.0497128102563571
0.0497137084075270
0.0497141570866138
0.0497141570866137
0.0497137084075269
0.0497128102563571
0.0497114610474911
0.0497096584034867
0.0497073991562784
0.0497046793489297
0.0497014942379333
0.0496978382962466
0.0496937052171406
0.0496890879190556
0.0496839785516423
0.0496783685032113
0.0496722484098616
0.0496656081665491
0.0496584369404917
0.0496507231872507
0.0496424546699583
0.0496336184821726
0.0496242010749879
0.0496141882889682
0.0496035653917491
0.0495923171220625
0.0495804277412374
0.0495678810932152
0.0495546606744021
0.0495407497147929
0.0495261312720562
0.0495107883405444
0.0494947039774759
0.0494778614489792
0.0494602443991302
0.0494418370456343
0.0494226244067082
0.0494025925644025
0.0493817289710507
0.0493600228067969
0.0493374653985150
0.0493140507129444
0.0492897759409789
0.0492646421954140
0.0492386553526613
0.0492118270812327
0.0491841761194030
0.0491557298970829
0.0491265266550105
0.0490966183265929
0.0490660746901524
0.0490349899156466
0.0490034946552835
0.0489984616519936
0.0490298237137117
0.0490607758405874
0.0490911875947255
0.0491209650233396
0.0491500385639566
0.0491783564948323
0.0492058807804475
0.0492325841878550
0.0492584481659624
0.0492834612224807
0.0493076176453082
0.0493309164733488
0.0493533606543328
0.0493749563467963
0.0493957123357553
0.0494156395396316
0.0494347505916419
0.0494530594826111
0.0494705812550684
0.0494873317404960
0.0495033273331425
0.0495185847950413
0.0495331210877679
0.0495469532271876
0.0495600981580749
0.0495725726459238
0.0495843931836604
0.0495955759113111
0.0496061365469270
0.0496160903272769
0.0496254519570952
0.0496342355656748
0.0496424546699583
0.0496501221431293
0.0496572501881241
0.0496638503152438
0.0496699333234117
0.0496755092845400
0.0496805875305039
0.0496851766424515
0.0496892844419731
0.0496929179839668
0.0496960835508369
0.0496987866478737
0.0497010319995860
0.0497028235468336
0.0497041644446566
0.0497050570606507
0.0497055029738120
0.0497055029738120
0.0497050570606507
0.0497041644446565
0.0497028235468336
0.0497010319995860
0.0496987866478737
0.0496960835508369
0.0496929179839668
0.0496892844419731
0.0496851766424514
0.0496805875305039
0.0496755092845400
0.0496699333234116
0.0496638503152439
0.0496572501881241
0.0496501221431294
0.0496424546699583
0.0496342355656749
0.0496254519570950
0.0496160903272769
0.0496061365469270
0.0495955759113111
0.0495843931836602
0.0495725726459238
0.0495600981580750
0.0495469532271876
0.0495331210877679
0.0495185847950413
0.0495033273331424
0.0494873317404959
0.0494705812550689
0.0494530594826111
0.0494347505916418
0.0494156395396316
0.0493957123357553
0.0493749563467964
0.0493533606543328
0.0493309164733488
0.0493076176453081
0.0492834612224806
0.0492584481659627
0.0492325841878550
0.0492058807804475
0.0491783564948323
0.0491500385639566
0.0491209650233394
0.0490911875947255
0.0490607758405875
0.0490298237137118
0.0489984616519936
0.0489930916454980
0.0490243104804053
0.0490551199786813
0.0490853899386836
0.0491150266465713
0.0491439607769632
0.0491721408401584
0.0491995290251887
0.0492260983140787
0.0492518303595647
0.0492767138606604
0.0493007432830728
0.0493239178292647
0.0493462405958047
0.0493677178751140
0.0493883585711176
0.0494081737063401
0.0494271760036320
0.0494453795294779
0.0494627993887008
0.0494794514624139
0.0494953521826180
0.0495105183380751
0.0495249669069297
0.0495387149123725
0.0495517792981792
0.0495641768214183
0.0495759239600670
0.0495870368335555
0.0495975311345282
0.0496074220703632
0.0496167243131579
0.0496254519570950
0.0496336184821725
0.0496412367234837
0.0496483188452665
0.0496548763191235
0.0496609199057453
0.0496664596397504
0.0496715048170843
0.0496760639847063
0.0496801449321050
0.0496837546844523
0.0496868994970915
0.0496895848511333
0.0496918154499965
0.0496935952167229
0.0496949272919218
0.0496958140322738
0.0496962570094479
0.0496962570094478
0.0496958140322738
0.0496949272919218
0.0496935952167229
0.0496918154499965
0.0496895848511333
0.0496868994970915
0.0496837546844523
0.0496801449321051
0.0496760639847063
0.0496715048170843
0.0496664596397504
0.0496609199057453
0.0496548763191235
0.0496483188452665
0.0496412367234837
0.0496336184821725
0.0496254519570950
0.0496167243131579
0.0496074220703631
0.0495975311345282
0.0495870368335556
0.0495759239600670
0.0495641768214183
0.0495517792981792
0.0495387149123725
0.0495249669069297
0.0495105183380751
0.0494953521826179
0.0494794514624139
0.0494627993887008
0.0494453795294780
0.0494271760036319
0.0494081737063401
0.0493883585711177
0.0493677178751140
0.0493462405958048
0.0493239178292647
0.0493007432830728
0.0492767138606604
0.0492518303595647
0.0492260983140787
0.0491995290251888
0.0491721408401583
0.0491439607769633
0.0491150266465713
0.0490853899386835
0.0490551199786813
0.0490243104804052
0.0489930916454980
0.0489873778895591
0.0490184430709109
0.0490490995642514
0.0490792174281569
0.0491087032114297
0.0491374878488334
0.0491655201047683
0.0491927624135688
0.0492191879915844
0.0492447787130345
0.0492695234842062
0.0492934169627406
0.0493164585269612
0.0493386514327315
0.0493600021150194
0.0493805196035669
0.0494002150302781
0.0494191012113523
0.0494371922912137
0.0494545034379474
0.0494710505820750
0.0494868501920921
0.0495019190812819
0.0495162742413786
0.0495299326992335
0.0495429113933734
0.0495552270677746
0.0495668961804226
0.0495779348248474
0.0495883586628093
0.0495981828666946
0.0496074220703631
0.0496160903272770
0.0496242010749874
0.0496317671050781
0.0496388005378899
0.0496453128012777
0.0496513146129129
0.0496568159655907
0.0496618261150764
0.0496663535701872
0.0496704060846715
0.0496739906506903
0.0496771134935544
0.0496797800675939
0.0496819950528968
0.0496837623527964
0.0496850850919698
0.0496859656150389
0.0496864054856008
0.0496864054856008
0.0496859656150389
0.0496850850919698
0.0496837623527964
0.0496819950528969
0.0496797800675938
0.0496771134935544
0.0496739906506901
0.0496704060846715
0.0496663535701871
0.0496618261150764
0.0496568159655907
0.0496513146129129
0.0496453128012777
0.0496388005378899
0.0496317671050781
0.0496242010749879
0.0496160903272770
0.0496074220703631
0.0495981828666948
0.0495883586628092
0.0495779348248472
0.0495668961804225
0.0495552270677748
0.0495429113933734
0.0495299326992335
0.0495162742413786
0.0495019190812819
0.0494868501920921
0.0494710505820750
0.0494545034379473
0.0494371922912137
0.0494191012113525
0.0494002150302782
0.0493805196035668
0.0493600021150193
0.0493386514327315
0.0493164585269612
0.0492934169627406
0.0492695234842061
0.0492447787130345
0.0492191879915844
0.0491927624135688
0.0491655201047681
0.0491374878488334
0.0491087032114297
0.0490792174281569
0.0490490995642514
0.0490184430709109
0.0489873778895591
0.0489813133555137
0.0490122140294042
0.0490427067179265
0.0490726617661031
0.0491019860112998
0.0491306106734635
0.0491584847949784
0.0491855710779048
0.0492118429936111
0.0492372826566619
0.0492618791974498
0.0492856274803601
0.0493085270722888
0.0493305813990604
0.0493517970468487
0.0493721831779551
0.0493917510385616
0.0494105135414561
0.0494284849106867
0.0494456803778637
0.0494621159219494
0.0494778080458303
0.0494927735842781
0.0495070295387436
0.0495205929351844
0.0495334807018097
0.0495457095639276
0.0495572959536755
0.0495682559325755
0.0495786051252569
0.0495883586628092
0.0495975311345282
0.0496061365469270
0.0496141882889682
0.0496216991027938
0.0496286810590797
0.0496351455364493
0.0496411032043230
0.0496465640087310
0.0496515371606599
0.0496560311265067
0.0496600536203684
0.0496636115978264
0.0496667112509933
0.0496693580046172
0.0496715565130450
0.0496733106578901
0.0496746235462844
0.0496754975095806
0.0496759341024858
0.0496759341024857
0.0496754975095806
0.0496746235462844
0.0496733106578902
0.0496715565130450
0.0496693580046172
0.0496667112509933
0.0496636115978264
0.0496600536203683
0.0496560311265067
0.0496515371606599
0.0496465640087310
0.0496411032043230
0.0496351455364494
0.0496286810590797
0.0496216991027938
0.0496141882889682
0.0496061365469270
0.0495975311345282
0.0495883586628092
0.0495786051252570
0.0495682559325756
0.0495572959536756
0.0495457095639277
0.0495334807018097
0.0495205929351845
0.0495070295387435
0.0494927735842781
0.0494778080458303
0.0494621159219494
0.0494456803778636
0.0494284849106866
0.0494105135414561
0.0493917510385616
0.0493721831779550
0.0493517970468487
0.0493305813990605
0.0493085270722888
0.0492856274803601
0.0492618791974498
0.0492372826566614
0.0492118429936108
0.0491855710779049
0.0491584847949783
0.0491306106734635
0.0491019860112998
0.0490726617661031
0.0490427067179266
0.0490122140294043
0.0489813133555137
0.0489748907541646
0.0490056156097924
0.0490359332408170
0.0490657143075134
0.0490948659641143
0.0491233197430945
0.0491510249907388
0.0491779447010389
0.0492040526226084
0.0492293311304337
0.0492537695968268
0.0492773631083740
0.0493001114336723
0.0493220181793209
0.0493430900912539
0.0493633364707964
0.0493827686828831
0.0494013997395000
0.0494192439452677
0.0494363165947832
0.0494526337135612
0.0494682118358598
0.0494830678139130
0.0494972186540358
0.0495106813757817
0.0495234728909436
0.0495356098997054
0.0495471088015581
0.0495579856190432
0.0495682559325756
0.0495779348248474
0.0495870368335555
0.0495955759113111
0.0496035653917491
0.0496110179610029
0.0496179456338099
0.0496243597335518
0.0496302708757068
0.0496356889542176
0.0496406231302936
0.0496450818233187
0.0496490727035179
0.0496526026860803
0.0496556779265109
0.0496583038169906
0.0496604849835416
0.0496622252839174
0.0496635278059759
0.0496643948665159
0.0496648280104892
0.0496648280104893
0.0496643948665159
0.0496635278059759
0.0496622252839174
0.0496604849835413
0.0496583038169906
0.0496556779265110
0.0496526026860803
0.0496490727035179
0.0496450818233187
0.0496406231302935
0.0496356889542176
0.0496302708757068
0.0496243597335518
0.0496179456338099
0.0496110179610029
0.0496035653917491
0.0495955759113111
0.0495870368335555
0.0495779348248472
0.0495682559325755
0.0495579856190432
0.0495471088015583
0.0495356098997054
0.0495234728909435
0.0495106813757817
0.0494972186540359
0.0494830678139130
0.0494682118358597
0.0494526337135612
0.0494363165947835
0.0494192439452681
0.0494013997394999
0.0493827686828831
0.0493633364707964
0.0493430900912539
0.0493220181793209
0.0493001114336722
0.0492773631083740
0.0492537695968268
0.0492293311304336
0.0492040526226084
0.0491779447010388
0.0491510249907389
0.0491233197430946
0.0490948659641143
0.0490657143075133
0.0490359332408169
0.0490056156097924
0.0489748907541646
0.0489681025608746
0.0489986397996744
0.0490287706373755
0.0490583660812021
0.0490873336333258
0.0491156051686020
0.0491431303654119
0.0491698725358505
0.0491958057296677
0.0492209126036554
0.0492451827908484
0.0492686116161607
0.0492911990633665
0.0493129489307206
0.0493338681323314
0.0493539661145789
0.0493732543650149
0.0493917459967088
0.0494094553949268
0.0494263979157227
0.0494425896282552
0.0494580470940342
0.0494727871776424
0.0494868268842988
0.0495001832205189
0.0495128730745527
0.0495249131139278
0.0495363196977160
0.0495471088015580
0.0495572959536755
0.0495668961804226
0.0495759239600667
0.0495843931836602
0.0495923171220627
0.0495997083982470
0.0496065789641404
0.0496129400813630
0.0496188023053129
0.0496241754720607
0.0496290686876845
0.0496334903196078
0.0496374479896687
0.0496409485685804
0.0496439981715992
0.0496466021551456
0.0496487651141987
0.0496504908803538
0.0496517825203637
0.0496526423351011
0.0496530718588440
0.0496530718588440
0.0496526423351010
0.0496517825203637
0.0496504908803537
0.0496487651141987
0.0496466021551457
0.0496439981715993
0.0496409485685804
0.0496374479896687
0.0496334903196077
0.0496290686876847
0.0496241754720607
0.0496188023053129
0.0496129400813631
0.0496065789641406
0.0495997083982470
0.0495923171220627
0.0495843931836603
0.0495759239600670
0.0495668961804226
0.0495572959536756
0.0495471088015581
0.0495363196977160
0.0495249131139278
0.0495128730745526
0.0495001832205189
0.0494868268842986
0.0494727871776429
0.0494580470940342
0.0494425896282553
0.0494263979157227
0.0494094553949268
0.0493917459967088
0.0493732543650149
0.0493539661145789
0.0493338681323314
0.0493129489307206
0.0492911990633666
0.0492686116161607
0.0492451827908484
0.0492209126036554
0.0491958057296677
0.0491698725358505
0.0491431303654119
0.0491156051686020
0.0490873336333259
0.0490583660812022
0.0490287706373755
0.0489986397996744
0.0489681025608747
0.0489609410444588
0.0489912783479313
0.0490212101417847
0.0490506078151735
0.0490793792523710
0.0491074567032907
0.0491347902091299
0.0491613434284184
0.0491870907377179
0.0492120150984427
0.0492361064241244
0.0492593602948009
0.0492817769231813
0.0493033603100325
0.0493241175457206
0.0493440582271844
0.0493631939676987
0.0493815379823680
0.0493991047361230
0.0494159096438175
0.0494319688141378
0.0494472988304877
0.0494619165634155
0.0494758390098676
0.0494890831554651
0.0495016658565993
0.0495136037394873
0.0495249131139278
0.0495356098997054
0.0495457095639276
0.0495552270677746
0.0495641768214183
0.0495725726459238
0.0495804277412371
0.0495877546593502
0.0495945652819341
0.0496008708018023
0.0496066817076192
0.0496120077713941
0.0496168580383135
0.0496212408185566
0.0496251636807411
0.0496286334467635
0.0496316561877647
0.0496342372210117
0.0496363811075352
0.0496380916503494
0.0496393718931696
0.0496402241194802
0.0496406498519283
0.0496406498519282
0.0496402241194801
0.0496393718931696
0.0496380916503495
0.0496363811075352
0.0496342372210117
0.0496316561877647
0.0496286334467635
0.0496251636807411
0.0496212408185565
0.0496168580383136
0.0496120077713941
0.0496066817076192
0.0496008708018024
0.0495945652819341
0.0495877546593502
0.0495804277412371
0.0495725726459238
0.0495641768214183
0.0495552270677747
0.0495457095639276
0.0495356098997054
0.0495249131139278
0.0495136037394874
0.0495016658565992
0.0494890831554651
0.0494758390098675
0.0494619165634155
0.0494472988304877
0.0494319688141379
0.0494159096438172
0.0493991047361230
0.0493815379823680
0.0493631939676986
0.0493440582271844
0.0493241175457206
0.0493033603100326
0.0492817769231813
0.0492593602948009
0.0492361064241244
0.0492120150984427
0.0491870907377179
0.0491613434284184
0.0491347902091299
0.0491074567032908
0.0490793792523710
0.0490506078151735
0.0490212101417847
0.0489912783479312
0.0489609410444584
0.0489533983002732
0.0489835227964954
0.0490132427485074
0.0490424299660843
0.0490709927532386
0.0490988637708104
0.0491259934563130
0.0491523458454477
0.0491778956691860
0.0492026262178206
0.0492265277062323
0.0492495959869260
0.0492718315155174
0.0492932385059731
0.0493138242325396
0.0493335984474593
0.0493525728918975
0.0493707608828066
0.0493881769625688
0.0494048366008398
0.0494207559403072
0.0494359515795209
0.0494504403872163
0.0494642393434576
0.0494773654038145
0.0494898353831896
0.0495016658565993
0.0495128730745526
0.0495234728909437
0.0495334807018098
0.0495429113933735
0.0495517792981792
0.0495600981580749
0.0495678810932152
0.0495751405761280
0.0495818884101721
0.0495881357117521
0.0495938928956730
0.0495991696632410
0.0496039749926031
0.0496083171310471
0.0496122035888497
0.0496156411344757
0.0496186357908417
0.0496211928324867
0.0496233167834037
0.0496250114154797
0.0496262797473476
0.0496271240435787
0.0496275458141590
0.0496275458141590
0.0496271240435787
0.0496262797473476
0.0496250114154797
0.0496233167834037
0.0496211928324868
0.0496186357908418
0.0496156411344757
0.0496122035888497
0.0496083171310474
0.0496039749926031
0.0495991696632410
0.0495938928956731
0.0495881357117521
0.0495818884101721
0.0495751405761279
0.0495678810932152
0.0495600981580749
0.0495517792981791
0.0495429113933735
0.0495334807018098
0.0495234728909436
0.0495128730745526
0.0495016658565993
0.0494898353831897
0.0494773654038145
0.0494642393434576
0.0494504403872162
0.0494359515795209
0.0494207559403072
0.0494048366008397
0.0493881769625687
0.0493707608828065
0.0493525728918975
0.0493335984474593
0.0493138242325396
0.0492932385059731
0.0492718315155174
0.0492495959869260
0.0492265277062323
0.0492026262178206
0.0491778956691859
0.0491523458454477
0.0491259934563130
0.0490988637708103
0.0490709927532386
0.0490424299660846
0.0490132427485074
0.0489835227964954
0.0489533983002731
0.0489454662882070
0.0489753645169103
0.0490048592475134
0.0490338227533289
0.0490621637996875
0.0490898154977812
0.0491167287180583
0.0491428679067108
0.0491682081787937
0.0491927331792935
0.0492164334462590
0.0492393051225419
0.0492613489206882
0.0492825692782287
0.0493029736602109
0.0493225719779849
0.0493413761015501
0.0493593994482008
0.0493766566340464
0.0493931631779859
0.0494089352496166
0.0494239894542593
0.0494383426494629
0.0494520117883152
0.0494650137856354
0.0494773654038144
0.0494890831554652
0.0495001832205190
0.0495106813757818
0.0495205929351845
0.0495299326992336
0.0495387149123725
0.0495469532271877
0.0495546606744021
0.0495618496379117
0.0495685318341063
0.0495747182948020
0.0495804193533281
0.0495856446331891
0.0495904030389751
0.0495947027490831
0.0495985512100154
0.0496019551319255
0.0496049204851828
0.0496074524978027
0.0496095556535204
0.0496112336904085
0.0496124895998568
0.0496133256259283
0.0496137432648637
0.0496137432648637
0.0496133256259283
0.0496124895998569
0.0496112336904085
0.0496095556535205
0.0496074524978027
0.0496049204851827
0.0496019551319255
0.0495985512100154
0.0495947027490831
0.0495904030389751
0.0495856446331892
0.0495804193533280
0.0495747182948020
0.0495685318341063
0.0495618496379118
0.0495546606744021
0.0495469532271877
0.0495387149123725
0.0495299326992336
0.0495205929351844
0.0495106813757818
0.0495001832205190
0.0494890831554651
0.0494773654038145
0.0494650137856354
0.0494520117883152
0.0494383426494629
0.0494239894542593
0.0494089352496166
0.0493931631779859
0.0493766566340464
0.0493593994482009
0.0493413761015502
0.0493225719779848
0.0493029736602109
0.0492825692782287
0.0492613489206882
0.0492393051225419
0.0492164334462590
0.0491927331792935
0.0491682081787936
0.0491428679067108
0.0491167287180584
0.0490898154977812
0.0490621637996874
0.0490338227533289
0.0490048592475134
0.0489753645169103
0.0489454662882070
0.0489371368762035
0.0489667947523401
0.0489960502649408
0.0490247761985621
0.0490528818259101
0.0490803007519372
0.0491069843201087
0.0491328974232776
0.0491580155924515
0.0491823228546887
0.0492058100940041
0.0492284737618580
0.0492503148416339
0.0492713380042145
0.0492915509114414
0.0493109636363186
0.0493295881772024
0.0493474380485267
0.0493645279346918
0.0493808733964698
0.0493964906214259
0.0494113962114854
0.0494256070018874
0.0494391399068993
0.0494520117883148
0.0494642393434575
0.0494758390098675
0.0494868268842988
0.0494972186540359
0.0495070295387435
0.0495162742413786
0.0495249669069297
0.0495331210877678
0.0495407497147928
0.0495478650734094
0.0495544787837229
0.0495606017842661
0.0495662443187583
0.0495714159253911
0.0495761254282445
0.0495803809305167
0.0495841898092023
0.0495875587109967
0.0495904935491695
0.0495929995012572
0.0495950810073425
0.0495967417688535
0.0495979847477117
0.0495988121657648
0.0495992255044145
0.0495992255044146
0.0495988121657648
0.0495979847477117
0.0495967417688534
0.0495950810073426
0.0495929995012572
0.0495904935491695
0.0495875587109967
0.0495841898092023
0.0495803809305167
0.0495761254282446
0.0495714159253912
0.0495662443187584
0.0495606017842661
0.0495544787837229
0.0495478650734091
0.0495407497147929
0.0495331210877678
0.0495249669069297
0.0495162742413786
0.0495070295387436
0.0494972186540359
0.0494868268842988
0.0494758390098676
0.0494642393434575
0.0494520117883152
0.0494391399068993
0.0494256070018873
0.0494113962114852
0.0493964906214259
0.0493808733964698
0.0493645279346918
0.0493474380485268
0.0493295881772024
0.0493109636363186
0.0492915509114413
0.0492713380042144
0.0492503148416339
0.0492284737618581
0.0492058100940041
0.0491823228546888
0.0491580155924515
0.0491328974232776
0.0491069843201087
0.0490803007519372
0.0490528818259100
0.0490247761985621
0.0489960502649403
0.0489667947523402
0.0489371368762035
0.0489284018901525
0.0489578046658755
0.0489868063099481
0.0490152801714025
0.0490431360814175
0.0490703081866397
0.0490967483474415
0.0491224219425877
0.0491473049532847
0.0491713818175849
0.0491946437891396
0.0492170876465090
0.0492387146574362
0.0492595297351011
0.0492795407428690
0.0492987579163925
0.0493171933800669
0.0493348607403499
0.0493517747424176
0.0493679509794624
0.0493834056460250
0.0493981553284052
0.0494122168264399
0.0494256070018873
0.0494383426494629
0.0494504403872162
0.0494619165634155
0.0494727871776424
0.0494830678139129
0.0494927735842780
0.0495019190812819
0.0495105183380751
0.0495185847950413
0.0495261312720562
0.0495331699454776
0.0495397123292037
0.0495457692592208
0.0495513508810237
0.0495564666395170
0.0495611252709886
0.0495653347967670
0.0495691025183157
0.0495724350134923
0.0495753381337057
0.0495778170018546
0.0495798760108427
0.0495815188225157
0.0495827483669778
0.0495835668421132
0.0495839757133187
0.0495839757133188
0.0495835668421136
0.0495827483669782
0.0495815188225157
0.0495798760108426
0.0495778170018545
0.0495753381337057
0.0495724350134923
0.0495691025183157
0.0495653347967670
0.0495611252709886
0.0495564666395170
0.0495513508810238
0.0495457692592208
0.0495397123292037
0.0495331699454776
0.0495261312720562
0.0495185847950413
0.0495105183380751
0.0495019190812819
0.0494927735842781
0.0494830678139129
0.0494727871776424
0.0494619165634155
0.0494504403872161
0.0494383426494629
0.0494256070018873
0.0494122168264399
0.0493981553284052
0.0493834056460250
0.0493679509794624
0.0493517747424176
0.0493348607403499
0.0493171933800670
0.0492987579163924
0.0492795407428690
0.0492595297351013
0.0492387146574360
0.0492170876465090
0.0491946437891395
0.0491713818175849
0.0491473049532846
0.0491224219425877
0.0490967483474418
0.0490703081866398
0.0490431360814175
0.0490152801714025
0.0489868063099482
0.0489578046658755
0.0489284018901525
0.0489192531710801
0.0489483853960290
0.0489771178287699
0.0490053244423246
0.0490329156832266
0.0490598262928040
0.0490860086964797
0.0491114288015518
0.0491360630760460
0.0491598963995502
0.0491829204197100
0.0492051322606062
0.0492265334872172
0.0492471292627281
0.0492669276551268
0.0492859390617245
0.0493041757284583
0.0493216513463501
0.0493383807114631
0.0493543794375613
0.0493696637127838
0.0493842500933398
0.0493981553284051
0.0494113962114852
0.0494239894542593
0.0494359515795209
0.0494472988304877
0.0494580470940342
0.0494682118358597
0.0494778080458302
0.0494868501920922
0.0494953521826180
0.0495033273331424
0.0495107883405442
0.0495177472608716
0.0495242154912914
0.0495302037554291
0.0495357220914592
0.0495407798426451
0.0495453856497909
0.0495495474453938
0.0495532724490914
0.0495565671642806
0.0495594373755429
0.0495618881468384
0.0495639238201969
0.0495655480148481
0.0495667636266357
0.0495675728276814
0.0495679770661513
0.0495679770661513
0.0495675728276814
0.0495667636266357
0.0495655480148481
0.0495639238201969
0.0495618881468384
0.0495594373755429
0.0495565671642806
0.0495532724490913
0.0495495474453938
0.0495453856497908
0.0495407798426451
0.0495357220914591
0.0495302037554291
0.0495242154912914
0.0495177472608717
0.0495107883405442
0.0495033273331424
0.0494953521826180
0.0494868501920921
0.0494778080458303
0.0494682118358597
0.0494580470940342
0.0494472988304878
0.0494359515795209
0.0494239894542592
0.0494113962114851
0.0493981553284051
0.0493842500933399
0.0493696637127838
0.0493543794375616
0.0493383807114632
0.0493216513463502
0.0493041757284583
0.0492859390617245
0.0492669276551268
0.0492471292627280
0.0492265334872172
0.0492051322606059
0.0491829204197100
0.0491598963995502
0.0491360630760461
0.0491114288015518
0.0490860086964796
0.0490598262928039
0.0490329156832265
0.0490053244423246
0.0489771178287700
0.0489483853960291
0.0489192531710800
0.0489096826407296
0.0489385281205533
0.0489669752669839
0.0489948987438250
0.0490222096764291
0.0490488434594963
0.0490747531363452
0.0490999051890144
0.0491242766115306
0.0491478527569395
0.0491706256917325
0.0491925929035904
0.0492137562664659
0.0492341211995862
0.0492536959765243
0.0492724911528247
0.0492905190888307
0.0493077935499217
0.0493243293703828
0.0493401421699587
0.0493552481143914
0.0493696637127838
0.0493834056460250
0.0493964906214260
0.0494089352496167
0.0494207559403072
0.0494319688141378
0.0494425896282553
0.0494526337135612
0.0494621159219494
0.0494710505820750
0.0494794514624139
0.0494873317404961
0.0494947039774760
0.0495015800971448
0.0495079713688296
0.0495138883934391
0.0495193410923077
0.0495243386982677
0.0495288897486497
0.0495330020798260
0.0495366828230759
0.0495399384015000
0.0495427745277065
0.0495451962022446
0.0495472077124754
0.0495488126318527
0.0495500138194704
0.0495508134197930
0.0495512128625294
0.0495512128625294
0.0495508134197930
0.0495500138194704
0.0495488126318526
0.0495472077124754
0.0495451962022445
0.0495427745277065
0.0495399384015000
0.0495366828230759
0.0495330020798260
0.0495288897486496
0.0495243386982677
0.0495193410923077
0.0495138883934391
0.0495079713688296
0.0495015800971448
0.0494947039774760
0.0494873317404961
0.0494794514624138
0.0494710505820750
0.0494621159219495
0.0494526337135612
0.0494425896282553
0.0494319688141379
0.0494207559403072
0.0494089352496167
0.0493964906214257
0.0493834056460250
0.0493696637127838
0.0493552481143916
0.0493401421699587
0.0493243293703828
0.0493077935499217
0.0492905190888307
0.0492724911528247
0.0492536959765243
0.0492341211995862
0.0492137562664660
0.0491925929035906
0.0491706256917325
0.0491478527569395
0.0491242766115305
0.0490999051890144
0.0490747531363451
0.0490488434594963
0.0490222096764291
0.0489948987438250
0.0489669752669839
0.0489385281205534
0.0489096826407296
0.0488996823768346
0.0489282241298425
0.0489563691414001
0.0489839928412646
0.0490110071046149
0.0490373480446804
0.0490629693806757
0.0490878382194598
0.0491119321227210
0.0491352369501813
0.0491577452121449
0.0491794547771117
0.0492003678381368
0.0492204900742503
0.0492398299628784
0.0492583982113719
0.0492762072841722
0.0492932710075957
0.0493096042382759
0.0493252225842720
0.0493401421699586
0.0493543794375614
0.0493679509794624
0.0493808733964698
0.0493931631779858
0.0494048366008398
0.0494159096438175
0.0494263979157226
0.0494363165947835
0.0494456803778636
0.0494545034379471
0.0494627993887008
0.0494705812550684
0.0494778614489792
0.0494846517494063
0.0494909632861052
0.0494968065264780
0.0495021912650388
0.0495071266150586
0.0495116210020527
0.0495156821587538
0.0495193171213044
0.0495225322264590
0.0495253331095644
0.0495277247031548
0.0495297112360084
0.0495312962325667
0.0495324825125916
0.0495332721909804
0.0495336666776853
0.0495336666776853
0.0495332721909804
0.0495324825125918
0.0495312962325666
0.0495297112360084
0.0495277247031547
0.0495253331095644
0.0495225322264590
0.0495193171213044
0.0495156821587537
0.0495116210020527
0.0495071266150586
0.0495021912650388
0.0494968065264780
0.0494909632861053
0.0494846517494062
0.0494778614489792
0.0494705812550685
0.0494627993887008
0.0494545034379473
0.0494456803778636
0.0494363165947835
0.0494263979157227
0.0494159096438175
0.0494048366008398
0.0493931631779858
0.0493808733964698
0.0493679509794625
0.0493543794375613
0.0493401421699587
0.0493252225842720
0.0493096042382758
0.0492932710075957
0.0492762072841722
0.0492583982113719
0.0492398299628784
0.0492204900742504
0.0492003678381363
0.0491794547771117
0.0491577452121449
0.0491352369501813
0.0491119321227210
0.0490878382194600
0.0490629693806756
0.0490373480446804
0.0490110071046149
0.0489839928412646
0.0489563691414001
0.0489282241298425
0.0488996823768347
0.0488892446996139
0.0489174649114730
0.0489452901230206
0.0489725966149077
0.0489992970918084
0.0490253284578953
0.0490506451720088
0.0490752150199199
0.0490990161750957
0.0491220350380827
0.0491442645876182
0.0491657030887768
0.0491863530614896
0.0492062204454280
0.0492253139167117
0.0492436443244181
0.0492612242230262
0.0492780674825955
0.0492941889626105
0.0493096042382759
0.0493243293703828
0.0493383807114632
0.0493517747424176
0.0493645279346917
0.0493766566340465
0.0493881769625688
0.0493991047361230
0.0494094553949268
0.0494192439452682
0.0494284849106866
0.0494371922912137
0.0494453795294779
0.0494530594826111
0.0494602443991301
0.0494669458999820
0.0494731749631444
0.0494789419112359
0.0494842564015904
0.0494891274184605
0.0494935632669477
0.0494975715683578
0.0495011592567244
0.0495043325762775
0.0495070970796496
0.0495094576266376
0.0495114183834379
0.0495129828221730
0.0495141537206394
0.0495149331622005
0.0495153225357567
0.0495153225357567
0.0495149331622005
0.0495141537206394
0.0495129828221722
0.0495114183834379
0.0495094576266375
0.0495070970796496
0.0495043325762774
0.0495011592567245
0.0494975715683578
0.0494935632669477
0.0494891274184605
0.0494842564015904
0.0494789419112359
0.0494731749631444
0.0494669458999820
0.0494602443991302
0.0494530594826111
0.0494453795294779
0.0494371922912137
0.0494284849106866
0.0494192439452681
0.0494094553949266
0.0493991047361230
0.0493881769625688
0.0493766566340464
0.0493645279346917
0.0493517747424176
0.0493383807114632
0.0493243293703828
0.0493096042382759
0.0492941889626106
0.0492780674825955
0.0492612242230262
0.0492436443244181
0.0492253139167117
0.0492062204454279
0.0491863530614896
0.0491657030887767
0.0491442645876180
0.0491220350380826
0.0490990161750957
0.0490752150199199
0.0490506451720088
0.0490253284578953
0.0489992970918087
0.0489725966149073
0.0489452901230206
0.0489174649114730
0.0488892446996139
0.0488783622712820
0.0489062422476712
0.0489337291330040
0.0489607001551467
0.0489870689379425
0.0490127732571030
0.0490377683810488
0.0490620228327636
0.0490855154438167
0.0491082331901872
0.0491301695425878
0.0491513231761544
0.0491716969423040
0.0491912970383038
0.0492101323296126
0.0492282137925357
0.0492455540530717
0.0492621670035273
0.0492780674825955
0.0492932710075957
0.0493077935499216
0.0493216513463502
0.0493348607403501
0.0493474380485268
0.0493593994482008
0.0493707608828069
0.0493815379823679
0.0493917459967088
0.0494013997395000
0.0494105135414559
0.0494191012113526
0.0494271760036319
0.0494347505916419
0.0494418370456343
0.0494484468147761
0.0494545907125830
0.0494602789052052
0.0494655209021124
0.0494703255487933
0.0494747010210921
0.0494786548209198
0.0494821937730709
0.0494853240229195
0.0494880510348162
0.0494903795910300
0.0494923137911121
0.0494938570514832
0.0494950121053055
0.0494957810024194
0.0494961651093481
0.0494961651093481
0.0494957810024195
0.0494950121053055
0.0494938570514832
0.0494923137911121
0.0494903795910300
0.0494880510348162
0.0494853240229194
0.0494821937730710
0.0494786548209199
0.0494747010210921
0.0494703255487933
0.0494655209021125
0.0494602789052052
0.0494545907125830
0.0494484468147761
0.0494418370456343
0.0494347505916419
0.0494271760036320
0.0494191012113526
0.0494105135414561
0.0494013997394999
0.0493917459967088
0.0493815379823679
0.0493707608828065
0.0493593994482008
0.0493474380485268
0.0493348607403499
0.0493216513463502
0.0493077935499216
0.0492932710075957
0.0492780674825955
0.0492621670035273
0.0492455540530717
0.0492282137925357
0.0492101323296126
0.0491912970383039
0.0491716969423040
0.0491513231761543
0.0491301695425878
0.0491082331901872
0.0490855154438167
0.0490620228327636
0.0490377683810489
0.0490127732571030
0.0489870689379424
0.0489607001551467
0.0489337291330039
0.0489062422476712
0.0488783622712820
0.0488670282107835
0.0488945483279469
0.0489216774538346
0.0489482938732336
0.0489743122303657
0.0489996712623728
0.0490243271239085
0.0490482491376599
0.0490714168414434
0.0490938178209833
0.0491154460605322
0.0491363006554214
0.0491563847888686
0.0491757049078235
0.0491942700525063
0.0492120913066680
0.0492291813441598
0.0492455540530716
0.0492612242230261
0.0492762072841722
0.0492905190888306
0.0493041757284582
0.0493171933800669
0.0493295881772024
0.0493413761015501
0.0493525728918975
0.0493631939676987
0.0493732543650149
0.0493827686828832
0.0493917510385616
0.0494002150302782
0.0494081737063401
0.0494156395396316
0.0494226244067082
0.0494291395707110
0.0494351956675902
0.0494408026950282
0.0494459700036596
0.0494507062902368
0.0494550195923173
0.0494589172843022
0.0494624060744782
0.0494654920029413
0.0494681804401391
0.0494704760859508
0.0494723829691414
0.0494739044470479
0.0494750432054944
0.0494758012587834
0.0494761799497328
0.0494761799497326
0.0494758012587835
0.0494750432054944
0.0494739044470479
0.0494723829691414
0.0494704760859508
0.0494681804401393
0.0494654920029414
0.0494624060744782
0.0494589172843022
0.0494550195923173
0.0494507062902368
0.0494459700036595
0.0494408026950280
0.0494351956675901
0.0494291395707109
0.0494226244067082
0.0494156395396315
0.0494081737063401
0.0494002150302781
0.0493917510385616
0.0493827686828832
0.0493732543650149
0.0493631939676987
0.0493525728918976
0.0493413761015501
0.0493295881772023
0.0493171933800669
0.0493041757284582
0.0492905190888307
0.0492762072841721
0.0492612242230261
0.0492455540530716
0.0492291813441598
0.0492120913066679
0.0491942700525062
0.0491757049078235
0.0491563847888687
0.0491363006554215
0.0491154460605321
0.0490938178209833
0.0490714168414433
0.0490482491376600
0.0490243271239086
0.0489996712623728
0.0489743122303657
0.0489482938732335
0.0489216774538346
0.0488945483279468
0.0488670282107835
0.0488552362264237
0.0488823758795318
0.0489091268584308
0.0489353686303748
0.0489610169745436
0.0489860116898156
0.0490103099009215
0.0490338817967368
0.0490567076705665
0.0490787757508802
0.0491000805536992
0.0491206216000058
0.0491404023994713
0.0491594296346721
0.0491777124996751
0.0491952621596650
0.0492120913066680
0.0492282137925357
0.0492436443244181
0.0492583982113719
0.0492724911528247
0.0492859390617245
0.0492987579163924
0.0493109636363186
0.0493225719779849
0.0493335984474593
0.0493440582271843
0.0493539661145789
0.0493633364707964
0.0493721831779550
0.0493805196035668
0.0493883585711176
0.0493957123357553
0.0494025925644025
0.0494090103195482
0.0494149760461416
0.0494204995611199
0.0494255900451203
0.0494302560360045
0.0494345054238998
0.0494383454474695
0.0494417826911693
0.0494448230833278
0.0494474718948229
0.0494497337382539
0.0494516125674512
0.0494531116772567
0.0494542337034495
0.0494549806227742
0.0494553537530064
0.0494553537530064
0.0494549806227743
0.0494542337034495
0.0494531116772567
0.0494516125674511
0.0494497337382539
0.0494474718948228
0.0494448230833278
0.0494417826911692
0.0494383454474695
0.0494345054238997
0.0494302560360045
0.0494255900451206
0.0494204995611198
0.0494149760461417
0.0494090103195482
0.0494025925644025
0.0493957123357552
0.0493883585711176
0.0493805196035668
0.0493721831779553
0.0493633364707964
0.0493539661145789
0.0493440582271844
0.0493335984474593
0.0493225719779849
0.0493109636363186
0.0492987579163924
0.0492859390617245
0.0492724911528247
0.0492583982113720
0.0492436443244181
0.0492282137925358
0.0492120913066680
0.0491952621596650
0.0491777124996751
0.0491594296346721
0.0491404023994711
0.0491206216000058
0.0491000805536992
0.0490787757508802
0.0490567076705665
0.0490338817967369
0.0490103099009215
0.0489860116898156
0.0489610169745436
0.0489353686303748
0.0489091268584309
0.0488823758795318
0.0488552362264237
0.0488429807696395
0.0488697183189082
0.0488960697605897
0.0489219158887685
0.0489471737477645
0.0489717843101040
0.0489957057619351
0.0490189092283013
0.0490413758072369
0.0490630944000524
0.0490840600677914
0.0491042727560524
0.0491237362883328
0.0491424575611054
0.0491604458937932
0.0491777124996750
0.0491942700525064
0.0492101323296126
0.0492253139167117
0.0492398299628783
0.0492536959765243
0.0492669276551268
0.0492795407428689
0.0492915509114414
0.0493029736602109
0.0493138242325396
0.0493241175457205
0.0493338681323312
0.0493430900912540
0.0493517970468487
0.0493600021150194
0.0493677178751140
0.0493749563467963
0.0493817289710507
0.0493880465947516
0.0493939194581940
0.0493993571851366
0.0494043687748942
0.0494089625962172
0.0494131463825813
0.0494169272286491
0.0494203115876978
0.0494233052697945
0.0494259134405666
0.0494281406204464
0.0494299906842071
0.0494314668607866
0.0494325717332208
0.0494333072386912
0.0494336746685867
0.0494336746685867
0.0494333072386912
0.0494325717332208
0.0494314668607866
0.0494299906842071
0.0494281406204464
0.0494259134405666
0.0494233052697945
0.0494203115876979
0.0494169272286490
0.0494131463825812
0.0494089625962172
0.0494043687748942
0.0493993571851366
0.0493939194581940
0.0493880465947516
0.0493817289710507
0.0493749563467962
0.0493677178751140
0.0493600021150193
0.0493517970468486
0.0493430900912540
0.0493338681323312
0.0493241175457206
0.0493138242325397
0.0493029736602109
0.0492915509114414
0.0492795407428689
0.0492669276551268
0.0492536959765244
0.0492398299628783
0.0492253139167117
0.0492101323296126
0.0491942700525062
0.0491777124996751
0.0491604458937932
0.0491424575611054
0.0491237362883327
0.0491042727560525
0.0490840600677914
0.0490630944000523
0.0490413758072374
0.0490189092283013
0.0489957057619351
0.0489717843101040
0.0489471737477645
0.0489219158887691
0.0488960697605897
0.0488697183189082
0.0488429807696395
0.0488302572139636
0.0488565699285363
0.0488824993909941
0.0489079278891898
0.0489327738808956
0.0489569796371234
0.0489805045042587
0.0490033206159979
0.0490254099225904
0.0490467620232761
0.0490673725300781
0.0490872418035197
0.0491063739589803
0.0491247760757646
0.0491424575611054
0.0491594296346721
0.0491757049078233
0.0491912970383043
0.0492062204454278
0.0492204900742503
0.0492341211995862
0.0492471292627281
0.0492595297351011
0.0492713380042144
0.0492825692782287
0.0492932385059730
0.0493033603100325
0.0493129489307207
0.0493220181793208
0.0493305813990604
0.0493386514327318
0.0493462405958047
0.0493533606543329
0.0493600228067970
0.0493662376693398
0.0493720152638183
0.0493773650082723
0.0493822957093657
0.0493868155564851
0.0493909321172447
0.0493946523340696
0.0493979825217363
0.0494009283655913
0.0494034949203956
0.0494056866095593
0.0494075072247083
0.0494089599255042
0.0494100472395714
0.0494107710625380
0.0494111326581074
0.0494111326581074
0.0494107710625386
0.0494100472395714
0.0494089599255043
0.0494075072247083
0.0494056866095593
0.0494034949203956
0.0494009283655914
0.0493979825217364
0.0493946523340696
0.0493909321172447
0.0493868155564851
0.0493822957093657
0.0493773650082722
0.0493720152638183
0.0493662376693394
0.0493600228067968
0.0493533606543329
0.0493462405958047
0.0493386514327318
0.0493305813990604
0.0493220181793209
0.0493129489307206
0.0493033603100325
0.0492932385059731
0.0492825692782286
0.0492713380042144
0.0492595297351013
0.0492471292627281
0.0492341211995862
0.0492204900742503
0.0492062204454279
0.0491912970383043
0.0491757049078239
0.0491594296346721
0.0491424575611053
0.0491247760757646
0.0491063739589803
0.0490872418035196
0.0490673725300778
0.0490467620232761
0.0490254099225904
0.0490033206159980
0.0489805045042587
0.0489569796371234
0.0489327738808956
0.0489079278891897
0.0488824993909940
0.0488565699285363
0.0488302572139636
0.0488170620642617
0.0488429260638857
0.0488684100041368
0.0488933978608564
0.0489178096747269
0.0489415891541378
0.0489646969115485
0.0489871061624865
0.0490087997525961
0.0490297679961698
0.0490500070519123
0.0490695176741668
0.0490883042366077
0.0491063739589802
0.0491237362883327
0.0491404023994713
0.0491563847888690
0.0491716969423040
0.0491863530614897
0.0492003678381368
0.0492137562664660
0.0492265334872172
0.0492387146574360
0.0492503148416339
0.0492613489206882
0.0492718315155173
0.0492817769231812
0.0492911990633666
0.0493001114336722
0.0493085270722888
0.0493164585269612
0.0493239178292647
0.0493309164733488
0.0493374653985149
0.0493435749749842
0.0493492549923987
0.0493545146505940
0.0493593625522798
0.0493638066973179
0.0493678544783385
0.0493715126773785
0.0493747874634862
0.0493776843909361
0.0493802083980736
0.0493823638065139
0.0493841543207246
0.0493855830277813
0.0493866523972834
0.0493873642813585
0.0493877199147268
0.0493877199147268
0.0493873642813585
0.0493866523972833
0.0493855830277813
0.0493841543207243
0.0493823638065138
0.0493802083980736
0.0493776843909361
0.0493747874634857
0.0493715126773785
0.0493678544783385
0.0493638066973179
0.0493593625522799
0.0493545146505938
0.0493492549923987
0.0493435749749842
0.0493374653985149
0.0493309164733488
0.0493239178292647
0.0493164585269612
0.0493085270722888
0.0493001114336723
0.0492911990633665
0.0492817769231813
0.0492718315155174
0.0492613489206882
0.0492503148416339
0.0492387146574360
0.0492265334872172
0.0492137562664660
0.0492003678381368
0.0491863530614897
0.0491716969423040
0.0491563847888690
0.0491404023994711
0.0491237362883327
0.0491063739589802
0.0490883042366077
0.0490695176741667
0.0490500070519122
0.0490297679961696
0.0490087997525961
0.0489871061624866
0.0489646969115485
0.0489415891541377
0.0489178096747271
0.0488933978608564
0.0488684100041369
0.0488429260638857
0.0488170620642618
0.0488033932028115
0.0488287833974364
0.0488537971231902
0.0488783202713222
0.0489022746595059
0.0489256055873000
0.0489482750446803
0.0489702573999566
0.0489915364292019
0.0490121031669151
0.0490319543001208
0.0490510909411968
0.0490695176741669
0.0490872418035196
0.0491042727560525
0.0491206216000060
0.0491363006554214
0.0491513231761542
0.0491657030887767
0.0491794547771116
0.0491925929035907
0.0492051322606060
0.0492170876465089
0.0492284737618581
0.0492393051225419
0.0492495959869260
0.0492593602948009
0.0492686116161607
0.0492773631083740
0.0492856274803601
0.0492934169627408
0.0493007432830728
0.0493076176453081
0.0493140507129444
0.0493200525952103
0.0493256328358762
0.0493308004042328
0.0493355636879138
0.0493399304872542
0.0493439080109423
0.0493475028726569
0.0493507210886379
0.0493535680758802
0.0493560486508939
0.0493581670288866
0.0493599268232306
0.0493613310452013
0.0493623821038211
0.0493630818058431
0.0493634313557405
0.0493634313557404
0.0493630818058431
0.0493623821038211
0.0493613310452011
0.0493599268232307
0.0493581670288866
0.0493560486508939
0.0493535680758801
0.0493507210886378
0.0493475028726569
0.0493439080109423
0.0493399304872541
0.0493355636879138
0.0493308004042328
0.0493256328358762
0.0493200525952103
0.0493140507129444
0.0493076176453082
0.0493007432830729
0.0492934169627406
0.0492856274803601
0.0492773631083740
0.0492686116161607
0.0492593602948008
0.0492495959869260
0.0492393051225419
0.0492284737618581
0.0492170876465089
0.0492051322606060
0.0491925929035907
0.0491794547771117
0.0491657030887767
0.0491513231761543
0.0491363006554214
0.0491206216000058
0.0491042727560525
0.0490872418035196
0.0490695176741669
0.0490510909411969
0.0490319543001208
0.0490121031669151
0.0489915364292018
0.0489702573999566
0.0489482750446803
0.0489256055873000
0.0489022746595059
0.0488783202713222
0.0488537971231901
0.0488287833974364
0.0488033932028115
0.0487892501806691
0.0488141402082747
0.0488386578319939
0.0488626911267447
0.0488861639096429
0.0489090232401782
0.0489312326000199
0.0489527675742399
0.0489736128907926
0.0489937602921719
0.0490132069565924
0.0490319543001209
0.0490500070519123
0.0490673725300777
0.0490840600677915
0.0491000805536993
0.0491154460605321
0.0491301695425877
0.0491442645876182
0.0491577452121449
0.0491706256917326
0.0491829204197100
0.0491946437891395
0.0492058100940041
0.0492164334462588
0.0492265277062323
0.0492361064241244
0.0492451827908484
0.0492537695968268
0.0492618791974498
0.0492695234842061
0.0492767138606605
0.0492834612224806
0.0492897759409788
0.0492956678495810
0.0493011462327995
0.0493062198173202
0.0493108967648565
0.0493151846664910
0.0493190905382551
0.0493226208177491
0.0493257813615616
0.0493285774433918
0.0493310137527016
0.0493330943937961
0.0493348228851969
0.0493362021592701
0.0493372345620244
0.0493379218530014
0.0493382652052285
0.0493382652052286
0.0493379218530014
0.0493372345620244
0.0493362021592701
0.0493348228851968
0.0493330943937962
0.0493310137527017
0.0493285774433919
0.0493257813615618
0.0493226208177491
0.0493190905382551
0.0493151846664910
0.0493108967648565
0.0493062198173202
0.0493011462327993
0.0492956678495810
0.0492897759409784
0.0492834612224806
0.0492767138606605
0.0492695234842062
0.0492618791974498
0.0492537695968268
0.0492451827908484
0.0492361064241244
0.0492265277062323
0.0492164334462588
0.0492058100940041
0.0491946437891395
0.0491829204197100
0.0491706256917326
0.0491577452121449
0.0491442645876183
0.0491301695425877
0.0491154460605321
0.0491000805536991
0.0490840600677915
0.0490673725300776
0.0490500070519123
0.0490319543001209
0.0490132069565924
0.0489937602921719
0.0489736128907931
0.0489527675742399
0.0489312326000199
0.0489090232401782
0.0488861639096429
0.0488626911267447
0.0488386578319941
0.0488141402082747
0.0487892501806692
0.0487746345657076
0.0487989967288639
0.0488229911267642
0.0488465083367697
0.0488694744301619
0.0488918384085381
0.0489135653567235
0.0489346321262323
0.0489550243970249
0.0489747345830708
0.0489937602921720
0.0490121031669151
0.0490297679961696
0.0490467620232758
0.0490630944000523
0.0490787757508802
0.0490938178209835
0.0491082331901873
0.0491220350380826
0.0491352369501813
0.0491478527569394
0.0491598963995499
0.0491713818175849
0.0491823228546888
0.0491927331792935
0.0492026262178206
0.0492120150984428
0.0492209126036554
0.0492293311304336
0.0492372826566619
0.0492447787130345
0.0492518303595646
0.0492584481659627
0.0492646421954140
0.0492704219911632
0.0492757965655149
0.0492807743909075
0.0492853633926755
0.0492895709432865
0.0492934038577854
0.0492968683902564
0.0492999702310949
0.0493027145049655
0.0493051057692965
0.0493071480132195
0.0493088446567961
0.0493101985505510
0.0493112119751335
0.0493118866411538
0.0493122236890443
0.0493122236890443
0.0493118866411539
0.0493112119751333
0.0493101985505517
0.0493088446567961
0.0493071480132195
0.0493051057692965
0.0493027145049654
0.0492999702310949
0.0492968683902564
0.0492934038577854
0.0492895709432865
0.0492853633926754
0.0492807743909075
0.0492757965655152
0.0492704219911632
0.0492646421954140
0.0492584481659628
0.0492518303595646
0.0492447787130346
0.0492372826566619
0.0492293311304336
0.0492209126036554
0.0492120150984427
0.0492026262178206
0.0491927331792934
0.0491823228546888
0.0491713818175850
0.0491598963995502
0.0491478527569395
0.0491352369501813
0.0491220350380826
0.0491082331901872
0.0490938178209833
0.0490787757508802
0.0490630944000523
0.0490467620232758
0.0490297679961696
0.0490121031669151
0.0489937602921716
0.0489747345830706
0.0489550243970249
0.0489346321262324
0.0489135653567234
0.0488918384085380
0.0488694744301620
0.0488465083367697
0.0488229911267643
0.0487989967288639
0.0487746345657076
0.0487595503626591
0.0487833555649119
0.0488067983450739
0.0488297721647045
0.0488522056393073
0.0488740499034610
0.0488952717444041
0.0489158493042022
0.0489357691831097
0.0489550243970249
0.0489736128907931
0.0489915364292019
0.0490087997525961
0.0490254099225904
0.0490413758072369
0.0490567076705665
0.0490714168414433
0.0490855154438167
0.0490990161750957
0.0491119321227211
0.0491242766115306
0.0491360630760460
0.0491473049532846
0.0491580155924515
0.0491682081787937
0.0491778956691860
0.0491870907377179
0.0491958057296677
0.0492040526226083
0.0492118429936108
0.0492191879915844
0.0492260983140788
0.0492325841878550
0.0492386553526613
0.0492443210477968
0.0492495900010097
0.0492544704193792
0.0492589699819321
0.0492630958336423
0.0492668545806586
0.0492702522865320
0.0492732944692826
0.0492759860991226
0.0492783315967446
0.0492803348320848
0.0492819991233672
0.0492833272364903
0.0492843213845643
0.0492849832276250
0.0492853138724466
0.0492853138724468
0.0492849832276250
0.0492843213845643
0.0492833272364903
0.0492819991233671
0.0492803348320847
0.0492783315967442
0.0492759860991226
0.0492732944692826
0.0492702522865320
0.0492668545806589
0.0492630958336423
0.0492589699819321
0.0492544704193792
0.0492495900010097
0.0492443210477968
0.0492386553526613
0.0492325841878550
0.0492260983140788
0.0492191879915844
0.0492118429936108
0.0492040526226083
0.0491958057296677
0.0491870907377179
0.0491778956691860
0.0491682081787938
0.0491580155924515
0.0491473049532847
0.0491360630760461
0.0491242766115305
0.0491119321227210
0.0490990161750957
0.0490855154438167
0.0490714168414433
0.0490567076705665
0.0490413758072369
0.0490254099225904
0.0490087997525961
0.0489915364292019
0.0489736128907931
0.0489550243970249
0.0489357691831099
0.0489158493042022
0.0488952717444041
0.0488740499034611
0.0488522056393073
0.0488297721647045
0.0488067983450741
0.0487833555649119
0.0487595503626591
0.0487440045269826
0.0487672222109201
0.0487900836978037
0.0488124857935866
0.0488343599839455
0.0488556597251383
0.0488763535777026
0.0488964209563634
0.0489158493042022
0.0489346321262324
0.0489527675742399
0.0489702573999565
0.0489871061624865
0.0490033206159979
0.0490189092283013
0.0490338817967368
0.0490482491376599
0.0490620228327636
0.0490752150199200
0.0490878382194599
0.0490999051890144
0.0491114288015518
0.0491224219425876
0.0491328974232777
0.0491428679067107
0.0491523458454478
0.0491613434284184
0.0491698725358505
0.0491779447010388
0.0491855710779048
0.0491927624135688
0.0491995290251888
0.0492058807804475
0.0492118270812327
0.0492173768499308
0.0492225385181029
0.0492273200170959
0.0492317287703101
0.0492357716869323
0.0492394551568373
0.0492427850465240
0.0492457666958619
0.0492484049155820
0.0492507039852887
0.0492526676519726
0.0492542991289024
0.0492556010947693
0.0492565756931148
0.0492572245318993
0.0492575486832457
0.0492575486832457
0.0492572245318995
0.0492565756931148
0.0492556010947693
0.0492542991289023
0.0492526676519726
0.0492507039852886
0.0492484049155821
0.0492457666958616
0.0492427850465238
0.0492394551568374
0.0492357716869323
0.0492317287703101
0.0492273200170959
0.0492225385181030
0.0492173768499308
0.0492118270812328
0.0492058807804475
0.0491995290251888
0.0491927624135688
0.0491855710779048
0.0491779447010388
0.0491698725358504
0.0491613434284183
0.0491523458454477
0.0491428679067107
0.0491328974232777
0.0491224219425876
0.0491114288015518
0.0490999051890144
0.0490878382194598
0.0490752150199198
0.0490620228327637
0.0490482491376600
0.0490338817967369
0.0490189092283018
0.0490033206159979
0.0489871061624865
0.0489702573999565
0.0489527675742399
0.0489346321262324
0.0489158493042022
0.0488964209563634
0.0488763535777025
0.0488556597251384
0.0488343599839455
0.0488124857935864
0.0487900836978035
0.0487672222109201
0.0487440045269825
0.0487280076041652
0.0487506056949323
0.0487728549431415
0.0487946560564042
0.0488159437456340
0.0488366739532586
0.0488568170291981
0.0488763535777026
0.0488952717444041
0.0489135653567234
0.0489312326000199
0.0489482750446803
0.0489646969115485
0.0489805045042588
0.0489957057619351
0.0490103099009215
0.0490243271239086
0.0490377683810489
0.0490506451720087
0.0490629693806757
0.0490747531363453
0.0490860086964797
0.0490967483474415
0.0491069843201087
0.0491167287180582
0.0491259934563130
0.0491347902091298
0.0491431303654121
0.0491510249907388
0.0491584847949783
0.0491655201047683
0.0491721408401583
0.0491783564948323
0.0491841761194030
0.0491896083073900
0.0491946611834695
0.0491993423936514
0.0492036590971934
0.0492076179598843
0.0492112251485638
0.0492144863266970
0.0492174066507577
0.0492199907673914
0.0492222428111278
0.0492241664026320
0.0492257646473399
0.0492270401344089
0.0492279949359629
0.0492286306065182
0.0492289481826336
0.0492289481826336
0.0492286306065182
0.0492279949359629
0.0492270401344090
0.0492257646473398
0.0492241664026321
0.0492222428111278
0.0492199907673913
0.0492174066507576
0.0492144863266969
0.0492112251485638
0.0492076179598843
0.0492036590971934
0.0491993423936514
0.0491946611834695
0.0491896083073900
0.0491841761194031
0.0491783564948323
0.0491721408401583
0.0491655201047685
0.0491584847949783
0.0491510249907388
0.0491431303654121
0.0491347902091299
0.0491259934563132
0.0491167287180582
0.0491069843201087
0.0490967483474415
0.0490860086964797
0.0490747531363453
0.0490629693806757
0.0490506451720087
0.0490377683810489
0.0490243271239086
0.0490103099009215
0.0489957057619351
0.0489805045042588
0.0489646969115485
0.0489482750446803
0.0489312326000200
0.0489135653567234
0.0488952717444041
0.0488763535777026
0.0488568170291981
0.0488366739532586
0.0488159437456340
0.0487946560564042
0.0487728549431416
0.0487506056949323
0.0487280076041652
0.0487115745426567
0.0487335194043613
0.0487551242663701
0.0487762944104388
0.0487969681331913
0.0488171039609662
0.0488366739532586
0.0488556597251383
0.0488740499034611
0.0488918384085380
0.0489090232401782
0.0489256055873000
0.0489415891541378
0.0489569796371234
0.0489717843101040
0.0489860116898156
0.0489996712623728
0.0490127732571030
0.0490253284578953
0.0490373480446804
0.0490488434594962
0.0490598262928039
0.0490703081866397
0.0490803007519370
0.0490898154977812
0.0490988637708103
0.0491074567032907
0.0491156051686017
0.0491233197430946
0.0491306106734635
0.0491374878488334
0.0491439607769632
0.0491500385639566
0.0491557298970828
0.0491610430301742
0.0491659857713543
0.0491705654727266
0.0491747890217045
0.0491786628338590
0.0491821928469591
0.0491853845160679
0.0491882428095812
0.0491907722059465
0.0491929766910741
0.0491948597562786
0.0491964243966030
0.0491976731095921
0.0491986078943071
0.0491992302506122
0.0491995411786841
0.0491995411786841
0.0491992302506122
0.0491986078943071
0.0491976731095921
0.0491964243966030
0.0491948597562786
0.0491929766910741
0.0491907722059465
0.0491882428095812
0.0491853845160680
0.0491821928469591
0.0491786628338590
0.0491747890217045
0.0491705654727266
0.0491659857713543
0.0491610430301742
0.0491557298970828
0.0491500385639565
0.0491439607769632
0.0491374878488334
0.0491306106734635
0.0491233197430946
0.0491156051686017
0.0491074567032907
0.0490988637708103
0.0490898154977812
0.0490803007519373
0.0490703081866398
0.0490598262928040
0.0490488434594963
0.0490373480446804
0.0490253284578953
0.0490127732571030
0.0489996712623728
0.0489860116898156
0.0489717843101040
0.0489569796371234
0.0489415891541378
0.0489256055872999
0.0489090232401782
0.0488918384085380
0.0488740499034611
0.0488556597251383
0.0488366739532585
0.0488171039609662
0.0487969681331913
0.0487762944104388
0.0487551242663701
0.0487335194043613
0.0487115745426565
0.0486947257582336
0.0487159821796815
0.0487369094766532
0.0487574182981374
0.0487774508289161
0.0487969681331913
0.0488159437456340
0.0488343599839455
0.0488522056393073
0.0488694744301619
0.0488861639096428
0.0489022746595059
0.0489178096747272
0.0489327738808956
0.0489471737477645
0.0489610169745436
0.0489743122303657
0.0489870689379425
0.0489992970918084
0.0490110071046149
0.0490222096764291
0.0490329156832266
0.0490431360814174
0.0490528818259100
0.0490621637996874
0.0490709927532386
0.0490793792523710
0.0490873336333258
0.0490948659641143
0.0491019860112997
0.0491087032114297
0.0491150266465713
0.0491209650233399
0.0491265266550105
0.0491317194462584
0.0491365508802322
0.0491410280075699
0.0491451574371693
0.0491489453284374
0.0491523973847934
0.0491555188482711
0.0491583144950781
0.0491607886319132
0.0491629450929931
0.0491647872376237
0.0491663179482904
0.0491675396290984
0.0491684542046253
0.0491690631190254
0.0491693673353993
0.0491693673353992
0.0491690631190254
0.0491684542046253
0.0491675396290984
0.0491663179482904
0.0491647872376237
0.0491629450929931
0.0491607886319132
0.0491583144950781
0.0491555188482711
0.0491523973847934
0.0491489453284374
0.0491451574371694
0.0491410280075698
0.0491365508802322
0.0491317194462582
0.0491265266550105
0.0491209650233394
0.0491150266465713
0.0491087032114297
0.0491019860112998
0.0490948659641143
0.0490873336333258
0.0490793792523710
0.0490709927532387
0.0490621637996874
0.0490528818259100
0.0490431360814174
0.0490329156832266
0.0490222096764291
0.0490110071046149
0.0489992970918087
0.0489870689379425
0.0489743122303656
0.0489610169745436
0.0489471737477645
0.0489327738808956
0.0489178096747272
0.0489022746595059
0.0488861639096428
0.0488694744301620
0.0488522056393073
0.0488343599839455
0.0488159437456340
0.0487969681331913
0.0487774508289161
0.0487574182981373
0.0487369094766531
0.0487159821796815
0.0486947257582336
0.0486774885844015
0.0486980198339744
0.0487182357361311
0.0487380531684511
0.0487574182981374
0.0487762944104388
0.0487946560564043
0.0488124857935866
0.0488297721647045
0.0488465083367697
0.0488626911267446
0.0488783202713222
0.0488933978608563
0.0489079278891898
0.0489219158887691
0.0489353686303748
0.0489482938732336
0.0489607001551467
0.0489725966149076
0.0489839928412647
0.0489948987438251
0.0490053244423246
0.0490152801714025
0.0490247761985621
0.0490338227533290
0.0490424299660846
0.0490506078151735
0.0490583660812022
0.0490657143075133
0.0490726617661033
0.0490792174281569
0.0490853899386836
0.0490911875947255
0.0490966183265929
0.0491016896818169
0.0491064088114484
0.0491107824583487
0.0491148169472749
0.0491185181764750
0.0491218916106096
0.0491249422747770
0.0491276747495862
0.0491300931670195
0.0491322012070026
0.0491340020946702
0.0491354985980675
0.0491366930263770
0.0491375872285031
0.0491381825920056
0.0491384800423332
0.0491384800423332
0.0491381825920056
0.0491375872285031
0.0491366930263770
0.0491354985980675
0.0491340020946702
0.0491322012070026
0.0491300931670195
0.0491276747495863
0.0491249422747770
0.0491218916106096
0.0491185181764749
0.0491148169472742
0.0491107824583488
0.0491064088114486
0.0491016896818169
0.0490966183265929
0.0490911875947255
0.0490853899386836
0.0490792174281569
0.0490726617661032
0.0490657143075133
0.0490583660812021
0.0490506078151735
0.0490424299660849
0.0490338227533290
0.0490247761985621
0.0490152801714025
0.0490053244423246
0.0489948987438250
0.0489839928412646
0.0489725966149077
0.0489607001551467
0.0489482938732335
0.0489353686303747
0.0489219158887691
0.0489079278891898
0.0488933978608563
0.0488783202713222
0.0488626911267446
0.0488465083367697
0.0488297721647045
0.0488124857935866
0.0487946560564042
0.0487762944104388
0.0487574182981374
0.0487380531684511
0.0487182357361311
0.0486980198339741
0.0486774885844015
0.0486598993666930
0.0486796674281836
0.0486991382930593
0.0487182357361312
0.0487369094766531
0.0487551242663701
0.0487728549431416
0.0487900836978036
0.0488067983450739
0.0488229911267638
0.0488386578319941
0.0488537971231901
0.0488684100041369
0.0488824993909941
0.0488960697605896
0.0489091268584308
0.0489216774538345
0.0489337291330038
0.0489452901230206
0.0489563691414002
0.0489669752669838
0.0489771178287700
0.0489868063099483
0.0489960502649407
0.0490048592475135
0.0490132427485074
0.0490212101417847
0.0490287706373755
0.0490359332408170
0.0490427067179266
0.0490490995642514
0.0490551199786813
0.0490607758405876
0.0490660746901522
0.0490710237114065
0.0490756297176247
0.0490798991388690
0.0490838380112781
0.0490874519679868
0.0490907462313730
0.0490937256065378
0.0490963944757721
0.0490987567939630
0.0491008160847337
0.0491025754372849
0.0491040375037833
0.0491052044972896
0.0491060781900942
0.0491066599124705
0.0491069505517500
0.0491069505517500
0.0491066599124705
0.0491060781900942
0.0491052044972896
0.0491040375037835
0.0491025754372849
0.0491008160847337
0.0490987567939629
0.0490963944757721
0.0490937256065377
0.0490907462313725
0.0490874519679868
0.0490838380112781
0.0490798991388690
0.0490756297176247
0.0490710237114065
0.0490660746901522
0.0490607758405876
0.0490551199786813
0.0490490995642514
0.0490427067179267
0.0490359332408170
0.0490287706373755
0.0490212101417847
0.0490132427485074
0.0490048592475134
0.0489960502649408
0.0489868063099483
0.0489771178287700
0.0489669752669838
0.0489563691414001
0.0489452901230206
0.0489337291330040
0.0489216774538345
0.0489091268584308
0.0488960697605896
0.0488824993909941
0.0488684100041369
0.0488537971231902
0.0488386578319941
0.0488229911267644
0.0488067983450740
0.0487900836978035
0.0487728549431416
0.0487551242663701
0.0487369094766531
0.0487182357361311
0.0486991382930593
0.0486796674281835
0.0486598993666930
0.0486420067715314
0.0486609731482571
0.0486796674281835
0.0486980198339740
0.0487159821796815
0.0487335194043613
0.0487506056949323
0.0487672222109201
0.0487833555649119
0.0487989967288639
0.0488141402082747
0.0488287833974365
0.0488429260638857
0.0488565699285363
0.0488697183189083
0.0488823758795318
0.0488945483279468
0.0489062422476712
0.0489174649114730
0.0489282241298423
0.0489385281205533
0.0489483853960291
0.0489578046658753
0.0489667947523402
0.0489753645169103
0.0489835227964954
0.0489912783479312
0.0489986397996744
0.0490056156097924
0.0490122140294042
0.0490184430709109
0.0490243104804052
0.0490298237137118
0.0490349899156462
0.0490398159020712
0.0490443081443827
0.0490484727561654
0.0490523154816825
0.0490558416860807
0.0490590563469087
0.0490619640470085
0.0490645689684015
0.0490668748871566
0.0490688851691179
0.0490706027662881
0.0490720302139044
0.0490731696280324
0.0490740227036729
0.0490745907133035
0.0490748745058096
0.0490748745058093
0.0490745907133036
0.0490740227036729
0.0490731696280324
0.0490720302139044
0.0490706027662881
0.0490688851691180
0.0490668748871566
0.0490645689684014
0.0490619640470084
0.0490590563469086
0.0490558416860807
0.0490523154816825
0.0490484727561654
0.0490443081443826
0.0490398159020711
0.0490349899156462
0.0490298237137118
0.0490243104804055
0.0490184430709109
0.0490122140294042
0.0490056156097924
0.0489986397996744
0.0489912783479313
0.0489835227964954
0.0489753645169102
0.0489667947523402
0.0489578046658755
0.0489483853960291
0.0489385281205534
0.0489282241298423
0.0489174649114730
0.0489062422476712
0.0488945483279468
0.0488823758795317
0.0488697183189083
0.0488565699285363
0.0488429260638857
0.0488287833974364
0.0488141402082746
0.0487989967288639
0.0487833555649120
0.0487672222109201
0.0487506056949323
0.0487335194043613
0.0487159821796815
0.0486980198339740
0.0486796674281835
0.0486609731482571
0.0486420067715314
0.0486238779090648
0.0486420067715313
0.0486598993666930
0.0486774885844016
0.0486947257582338
0.0487115745426565
0.0487280076041650
0.0487440045269826
0.0487595503626589
0.0487746345657076
0.0487892501806692
0.0488033932028115
0.0488170620642618
0.0488302572139635
0.0488429807696394
0.0488552362264242
0.0488670282107835
0.0488783622712822
0.0488892446996139
0.0488996823768347
0.0489096826407296
0.0489192531710801
0.0489284018901526
0.0489371368762036
0.0489454662882070
0.0489533983002731
0.0489609410444587
0.0489681025608747
0.0489748907541646
0.0489813133555137
0.0489873778895591
0.0489930916454980
0.0489984616519936
0.0490034946552835
0.0490081971002093
0.0490125751137582
0.0490166344907776
0.0490203806816831
0.0490238187818396
0.0490269535224273
0.0490297892626416
0.0490323299830232
0.0490345792797955
0.0490365403600915
0.0490382160379618
0.0490396087310492
0.0490407204579049
0.0490415528358194
0.0490421070791672
0.0490423839981795
0.0490423839981794
0.0490421070791671
0.0490415528358195
0.0490407204579049
0.0490396087310492
0.0490382160379618
0.0490365403600915
0.0490345792797955
0.0490323299830232
0.0490297892626416
0.0490269535224273
0.0490238187818396
0.0490203806816832
0.0490166344907776
0.0490125751137582
0.0490081971002093
0.0490034946552835
0.0489984616519937
0.0489930916454981
0.0489873778895590
0.0489813133555138
0.0489748907541646
0.0489681025608747
0.0489609410444588
0.0489533983002732
0.0489454662882070
0.0489371368762035
0.0489284018901526
0.0489192531710801
0.0489096826407296
0.0488996823768347
0.0488892446996139
0.0488783622712822
0.0488670282107835
0.0488552362264238
0.0488429807696395
0.0488302572139636
0.0488170620642617
0.0488033932028115
0.0487892501806691
0.0487746345657076
0.0487595503626588
0.0487440045269826
0.0487280076041652
0.0487115745426566
0.0486947257582339
0.0486774885844015
0.0486598993666930
0.0486420067715313
0.0486238779090648
0.9724216919804809
0.9727849753567404
0.9731435970189334
0.9734962032908480
0.9738418107861166
0.9741796836142040
0.9745092670506119
0.9748301455607475
0.9751420137218019
0.9754446548767862
0.9757379248195402
0.9760217389567970
0.9762960619809987
0.9765608994194765
0.9768162906293688
0.9770623029261200
0.9772990266219226
0.9775265708022423
0.9777450597116831
0.9779546296463096
0.9781554262717477
0.9783476023008317
0.9785313154782370
0.9787067268286006
0.9788739991307310
0.9790332955872533
0.9791847786641921
0.9793286090780979
0.9794649449118346
0.9795939408433696
0.9797157474717544
0.9798305107311087
0.9799383713781515
0.9800394645481130
0.9801339193674852
0.9802218586180309
0.9803033984469635
0.9803786481148669
0.9804477097790596
0.9805106783076256
0.9805676411192465
0.9806186780469484
0.9806638612223476
0.9807032549777143
0.9807369157638645
0.9807648920827036
0.9807872244311485
0.9808039452573148
0.9808150789260086
0.9808206416942822
0.9808206416942854
0.9808150789260086
0.9808039452573152
0.9807872244311485
0.9807648920827036
0.9807369157638645
0.9807032549777143
0.9806638612223476
0.9806186780469484
0.9805676411192465
0.9805106783076256
0.9804477097790596
0.9803786481148669
0.9803033984469635
0.9802218586180309
0.9801339193674852
0.9800394645481130
0.9799383713781515
0.9798305107311087
0.9797157474717485
0.9795939408433696
0.9794649449118346
0.9793286090780979
0.9791847786641803
0.9790332955872533
0.9788739991307310
0.9787067268286006
0.9785313154782370
0.9783476023008317
0.9781554262717477
0.9779546296463096
0.9777450597116831
0.9775265708022423
0.9772990266219226
0.9770623029261053
0.9768162906293688
0.9765608994194765
0.9762960619809987
0.9760217389567970
0.9757379248195402
0.9754446548767862
0.9751420137218050
0.9748301455607475
0.9745092670506119
0.9741796836142040
0.9738418107861211
0.9734962032908480
0.9731435970189345
0.9727849753567404
0.9724216919804809
0.9727849753567404
0.9731651523857029
0.9735399497135345
0.9739079591597439
0.9742682062620585
0.9746199803481332
0.9749627567648125
0.9752961512465741
0.9756198894349415
0.9759337849311321
0.9762377227093498
0.9765316461613539
0.9768155467254946
0.9770894554340189
0.9773534359257328
0.9776075786058088
0.9778519957212017
0.9780868171778426
0.9783121869687279
0.9785282601082489
0.9787351999917562
0.9789331761145960
0.9791223620961539
0.9793029339659725
0.9794750686743126
0.9796389427970286
0.9797947314080508
0.9799426070985607
0.9800827391224470
0.9802152926533897
0.9803404281382764
0.9804583007351584
0.9805690598260886
0.9806728485940764
0.9807698036569354
0.9808600547514285
0.9809437244603545
0.9810209279786255
0.9810917729105061
0.9811563590996082
0.9812147784802018
0.9812671149538259
0.9813134442841294
0.9813538340075655
0.9813883433610237
0.9814170232204307
0.9814399160520119
0.9814570558729537
0.9814684682213108
0.9814741701344907
0.9814741701344907
0.9814684682213108
0.9814570558729533
0.9814399160520119
0.9814170232204311
0.9813883433610237
0.9813538340075655
0.9813134442841132
0.9812671149538259
0.9812147784802018
0.9811563590996082
0.9810917729105061
0.9810209279786255
0.9809437244603545
0.9808600547514285
0.9807698036569268
0.9806728485940764
0.9805690598260886
0.9804583007351584
0.9803404281382725
0.9802152926533897
0.9800827391224470
0.9799426070985607
0.9797947314080508
0.9796389427970270
0.9794750686743126
0.9793029339659725
0.9791223620961539
0.9789331761146006
0.9787351999917562
0.9785282601082489
0.9783121869687279
0.9780868171778426
0.9778519957212017
0.9776075786058088
0.9773534359257328
0.9770894554340189
0.9768155467254946
0.9765316461613539
0.9762377227093483
0.9759337849311321
0.9756198894349415
0.9752961512465741
0.9749627567648125
0.9746199803481332
0.9742682062620586
0.9739079591597439
0.9735399497135345
0.9731651523857029
0.9727849753567404
0.9731435970189480
0.9735399497135345
0.9739304200303347
0.9743134693082773
0.9746880802594007
0.9750535378640258
0.9754093300867214
0.9757550930244091
0.9760905761969114
0.9764156185116795
0.9767301305860669
0.9770340811893562
0.9773274865357576
0.9776104016405922
0.9778829132280531
0.9781451338369394
0.9783971968747629
0.9786392524333946
0.9788714637283663
0.9790940040529221
0.9793070541620091
0.9795108000187385
0.9797054308484849
0.9798911374541355
0.9800681107577841
0.9802365405343866
0.9803966143145739
0.9805485164311768
0.9806924271926369
0.9808285221653801
0.9809569715530404
0.9810779396573771
0.9811915844141137
0.9812980569904745
0.9813975014391182
0.9814900544015799
0.9815758448517232
0.9816549938783771
0.9817276144983020
0.9817938114986273
0.9818536813019437
0.9819073118542793
0.9819547825294037
0.9819961640504608
0.9820315184241832
0.9820608988879861
0.9820843498663087
0.9821019069370678
0.9821135968052148
0.9821194372844682
0.9821194372844682
0.9821135968052148
0.9821019069370642
0.9820843498663087
0.9820608988879861
0.9820315184241832
0.9819961640504608
0.9819547825294037
0.9819073118542793
0.9818536813019437
0.9817938114986081
0.9817276144982968
0.9816549938783771
0.9815758448517232
0.9814900544015799
0.9813975014391182
0.9812980569904777
0.9811915844141137
0.9810779396573771
0.9809569715530404
0.9808285221653801
0.9806924271926369
0.9805485164311768
0.9803966143145739
0.9802365405343866
0.9800681107577841
0.9798911374541355
0.9797054308484849
0.9795108000187385
0.9793070541620091
0.9790940040529222
0.9788714637283663
0.9786392524333946
0.9783971968747629
0.9781451338369394
0.9778829132280531
0.9776104016405922
0.9773274865357577
0.9770340811893562
0.9767301305860669
0.9764156185116921
0.9760905761969114
0.9757550930244091
0.9754093300867214
0.9750535378640258
0.9746880802594007
0.9743134693082773
0.9739304200303347
0.9735399497135345
0.9731435970189480
0.9734962032908480
0.9739079591597540
0.9743134693082773
0.9747110556110449
0.9750996286899549
0.9754784434889022
0.9758469817632393
0.9762048866353897
0.9765519219951090
0.9768879451534588
0.9772128872492674
0.9775267385539405
0.9778295370676818
0.9781213594441442
0.9784023136249095
0.9786725327756446
0.9789321702339107
0.9791813952618350
0.9794203894520023
0.9796493436660163
0.9798684554169695
0.9800779266236624
0.9802779616779933
0.9804687657778334
0.9806505434888347
0.9808234975002298
0.9809878275497967
0.9811437294934796
0.9812913945020665
0.9814310083653630
0.9815627508934616
0.9816867953998155
0.9818033082552586
0.9819124485067214
0.9820143675493217
0.9821092088456513
0.9821971076874760
0.9822781909922186
0.9823525771307570
0.9824203757823081
0.9824816878131432
0.9825366051733342
0.9825852108124075
0.9826275786101430
0.9826637733176028
0.9826938505120189
0.9827178565587618
0.9827358285824548
0.9827477944448606
0.9827537727290760
0.9827537727290760
0.9827477944448606
0.9827358285824547
0.9827178565587618
0.9826938505120189
0.9826637733176028
0.9826275786101430
0.9825852108124075
0.9825366051733342
0.9824816878131432
0.9824203757823081
0.9823525771307570
0.9822781909921953
0.9821971076874804
0.9821092088456513
0.9820143675493217
0.9819124485067214
0.9818033082552586
0.9816867953998155
0.9815627508934616
0.9814310083653565
0.9812913945020665
0.9811437294934796
0.9809878275497967
0.9808234975002298
0.9806505434888347
0.9804687657778334
0.9802779616779933
0.9800779266236624
0.9798684554169695
0.9796493436660284
0.9794203894520023
0.9791813952618350
0.9789321702339107
0.9786725327756446
0.9784023136249095
0.9781213594441442
0.9778295370676818
0.9775267385539405
0.9772128872492674
0.9768879451534588
0.9765519219951090
0.9762048866353897
0.9758469817632393
0.9754784434889022
0.9750996286899549
0.9747110556110449
0.9743134693082726
0.9739079591597540
0.9734962032908480
0.9738418107861211
0.9742682062620586
0.9746880802594007
0.9750996286899549
0.9755016814792938
0.9758934483957358
0.9762743903457273
0.9766441453062864
0.9770024819188050
0.9773492684029788
0.9776844505758580
0.9780080356198991
0.9783200796800525
0.9786206781287378
0.9789099577605003
0.9791880704331005
0.9794551878159834
0.9797114970113910
0.9799571968714949
0.9801924948813664
0.9804176045089448
0.9806327429407761
0.9808381291427531
0.9810339821956389
0.9812205198637255
0.9813979573619315
0.9815665062954451
0.9817263737449431
0.9818777614801462
0.9820208652821613
0.9821558743623566
0.9822829708624676
0.9824023294274874
0.9825141168399231
0.9826184917088348
0.9827156042043413
0.9828055958343722
0.9828885992549737
0.9829647381110276
0.9830341269035527
0.9830968708790953
0.9831530659373413
0.9832027985563111
0.9832461457302674
0.9832831749200974
0.9833139440126394
0.9833385012902268
0.9833568854051614
0.9833691253617536
0.9833752405032693
0.9833752405032693
0.9833691253617536
0.9833568854051614
0.9833385012902268
0.9833139440126394
0.9832831749200974
0.9832461457302674
0.9832027985563111
0.9831530659373413
0.9830968708790953
0.9830341269035527
0.9829647381110276
0.9828885992549737
0.9828055958343722
0.9827156042043413
0.9826184917088348
0.9825141168399231
0.9824023294274874
0.9822829708624670
0.9821558743623566
0.9820208652821613
0.9818777614801472
0.9817263737449431
0.9815665062954451
0.9813979573619315
0.9812205198637255
0.9810339821956389
0.9808381291427531
0.9806327429407761
0.9804176045089448
0.9801924948813664
0.9799571968714949
0.9797114970113910
0.9794551878159834
0.9791880704331005
0.9789099577605003
0.9786206781287378
0.9783200796800525
0.9780080356198900
0.9776844505758580
0.9773492684029788
0.9770024819188050
0.9766441453062864
0.9762743903457273
0.9758934483957358
0.9755016814792938
0.9750996286899549
0.9746880802594007
0.9742682062620586
0.9738418107861211
0.9741796836141997
0.9746199803481332
0.9750535378640258
0.9754784434889014
0.9758934483957358
0.9762977108478710
0.9766906617079111
0.9770719245278204
0.9774412644225287
0.9777985535114825
0.9781437464856313
0.9784768626709112
0.9787979724434780
0.9791071866712659
0.9794046483348603
0.9796905257637220
0.9799650071001039
0.9802282957189714
0.9804806064037408
0.9807221621314804
0.9809531913541929
0.9811739256899860
0.9813845979562099
0.9815854404881489
0.9817766837005333
0.9819585548548665
0.9821312770022361
0.9822950680771091
0.9824501401208364
0.9825966986159888
0.9827349419179499
0.9828650607688955
0.9829872378848064
0.9831016476029446
0.9832084555852876
0.9833078185666368
0.9833998841428989
0.9834847905953814
0.9835626667422575
0.9836336318169046
0.9836977953676885
0.9837552571744612
0.9838061071830185
0.9838504254506010
0.9838882821023193
0.9839197372985944
0.9839448412073254
0.9839636339844620
0.9839761457591041
0.9839823966226934
0.9839823966226934
0.9839761457591014
0.9839636339844620
0.9839448412073254
0.9839197372985944
0.9838882821023193
0.9838504254506010
0.9838061071830185
0.9837552571744612
0.9836977953676885
0.9836336318169046
0.9835626667422575
0.9834847905953814
0.9833998841428989
0.9833078185666368
0.9832084555852876
0.9831016476029446
0.9829872378848064
0.9828650607688955
0.9827349419179499
0.9825966986159888
0.9824501401208362
0.9822950680771091
0.9821312770022361
0.9819585548548665
0.9817766837005333
0.9815854404881489
0.9813845979562099
0.9811739256899901
0.9809531913541929
0.9807221621314804
0.9804806064037408
0.9802282957189714
0.9799650071001039
0.9796905257637220
0.9794046483348603
0.9791071866712683
0.9787979724434769
0.9784768626709112
0.9781437464856313
0.9777985535114825
0.9774412644225287
0.9770719245278204
0.9766906617079111
0.9762977108478710
0.9758934483957358
0.9754784434889022
0.9750535378640269
0.9746199803481332
0.9741796836141997
0.9745092670506119
0.9749627567648125
0.9754093300867214
0.9758469817632393
0.9762743903457273
0.9766906617079111
0.9770951919877685
0.9774875841425394
0.9778675934101989
0.9782350899009482
0.9785900319442649
0.9789324464859896
0.9792624142706917
0.9795800583820460
0.9798855352042646
0.9801790271756217
0.9804607368988449
0.9807308823023969
0.9809896926268957
0.9812374050719381
0.9814742619762858
0.9817005084388074
0.9819163902994623
0.9821221524244992
0.9823180372449700
0.9825042835113699
0.9826811252294864
0.9828487907538234
0.9830075020126318
0.9831574738489852
0.9832989134593284
0.9834320199167548
0.9835569837672488
0.9836739866893442
0.9837832012067337
0.9838847904477092
0.9839789079454963
0.9840656974705934
0.9841452928942632
0.9842178180760142
0.9842833867711801
0.9843421025579312
0.9843940587772343
0.9844393384867397
0.9844780144234292
0.9845101489751545
0.9845357941594906
0.9845549916070865
0.9845677725504941
0.9845741578150697
0.9845741578150697
0.9845677725504941
0.9845549916070958
0.9845357941594889
0.9845101489751534
0.9844780144234292
0.9844393384867397
0.9843940587772343
0.9843421025579312
0.9842833867711801
0.9842178180760142
0.9841452928942617
0.9840656974705934
0.9839789079454963
0.9838847904477092
0.9837832012067337
0.9836739866893442
0.9835569837672488
0.9834320199167548
0.9832989134593284
0.9831574738489852
0.9830075020126318
0.9828487907538314
0.9826811252294864
0.9825042835113699
0.9823180372449700
0.9821221524244992
0.9819163902994623
0.9817005084388074
0.9814742619762862
0.9812374050719381
0.9809896926268957
0.9807308823023969
0.9804607368988449
0.9801790271756217
0.9798855352042646
0.9795800583820460
0.9792624142706917
0.9789324464859896
0.9785900319442649
0.9782350899009482
0.9778675934101944
0.9774875841425394
0.9770951919877685
0.9766906617079114
0.9762743903457273
0.9758469817632393
0.9754093300867214
0.9749627567648111
0.9745092670506074
0.9748301455607475
0.9752961512465741
0.9757550930244050
0.9762048866353888
0.9766441453062864
0.9770719245278204
0.9774875841425394
0.9778907029461212
0.9782810218701786
0.9786584044185784
0.9790228081682254
0.9793742636713686
0.9797128584656192
0.9800387247084712
0.9803520294487413
0.9806529668537536
0.9809417519229736
0.9812186153472655
0.9814837992681056
0.9817375537524412
0.9819801338441978
0.9822117970883788
0.9824328014413829
0.9826434035027140
0.9828438570181177
0.9830344116060993
0.9832153116783972
0.9833867955222344
0.9835490945205175
0.9837024324916812
0.9838470251300285
0.9839830795332475
0.9841107938050146
0.9842303567198558
0.9843419474454922
0.9844457353095069
0.9845418796071811
0.9846305294441891
0.9847118236068120
0.9847858904577459
0.9848528478518027
0.9849128030697135
0.9849658527647561
0.9850120829229992
0.9850515688315152
0.9850843750545226
0.9851105554168400
0.9851301529905256
0.9851432000865480
0.9851497182481634
0.9851497182481634
0.9851432000865428
0.9851301529905256
0.9851105554168387
0.9850843750545226
0.9850515688315109
0.9850120829229992
0.9849658527647561
0.9849128030697135
0.9848528478518106
0.9847858904577459
0.9847118236068120
0.9846305294441891
0.9845418796071829
0.9844457353095069
0.9843419474454922
0.9842303567198496
0.9841107938050146
0.9839830795332475
0.9838470251300285
0.9837024324916812
0.9835490945205175
0.9833867955222344
0.9832153116783972
0.9830344116060974
0.9828438570181177
0.9826434035027140
0.9824328014413829
0.9822117970883788
0.9819801338441978
0.9817375537524412
0.9814837992681056
0.9812186153472655
0.9809417519229736
0.9806529668537536
0.9803520294487497
0.9800387247084712
0.9797128584656192
0.9793742636713686
0.9790228081682254
0.9786584044185803
0.9782810218701786
0.9778907029461212
0.9774875841425394
0.9770719245278204
0.9766441453062864
0.9762048866353888
0.9757550930244070
0.9752961512465741
0.9748301455607475
0.9751420137218019
0.9756198894349415
0.9760905761969105
0.9765519219951090
0.9770024819188050
0.9774412644225287
0.9778675934101944
0.9782810218701786
0.9786812736295900
0.9790682022491823
0.9794417610810828
0.9798019809111966
0.9801489529208731
0.9804828154718004
0.9808037436996138
0.9811119412071522
0.9814076333600703
0.9816910618198598
0.9819624800485978
0.9822221495882156
0.9824703369598827
0.9827073110709561
0.9829333410353480
0.9831486943389027
0.9833536352885822
0.9835484237039229
0.9837333138085000
0.9839085532929679
0.9840743825232592
0.9842310338714576
0.9843787311533384
0.9845176891545417
0.9846481132338663
0.9847701989930427
0.9848841320014817
0.9849900875693437
0.9850882305616634
0.9851787152457235
0.9852616851690609
0.9853372730610785
0.9854056007552421
0.9854667791279305
0.9855209080520434
0.9855680763616084
0.9856083618243046
0.9856418311235010
0.9856685398433861
0.9856885324601260
0.9857018423352870
0.9857084917119395
0.9857084917119395
0.9857018423352871
0.9856885324601260
0.9856685398433861
0.9856418311235010
0.9856083618243046
0.9855680763616084
0.9855209080520434
0.9854667791279307
0.9854056007552421
0.9853372730610785
0.9852616851690609
0.9851787152457238
0.9850882305616634
0.9849900875693437
0.9848841320014817
0.9847701989930427
0.9846481132338663
0.9845176891545417
0.9843787311533384
0.9842310338714576
0.9840743825232592
0.9839085532929679
0.9837333138085000
0.9835484237039229
0.9833536352885822
0.9831486943389027
0.9829333410353480
0.9827073110709561
0.9824703369598827
0.9822221495882156
0.9819624800485979
0.9816910618198598
0.9814076333600738
0.9811119412071522
0.9808037436996138
0.9804828154718004
0.9801489529208731
0.9798019809111966
0.9794417610810828
0.9790682022491823
0.9786812736295807
0.9782810218701786
0.9778675934101989
0.9774412644225287
0.9770024819188050
0.9765519219951090
0.9760905761969105
0.9756198894349415
0.9751420137218019
0.9754446548767862
0.9759337849311321
0.9764156185116921
0.9768879451534588
0.9773492684029788
0.9777985535114825
0.9782350899009482
0.9786584044185803
0.9790682022491823
0.9794643247593899
0.9798467184720251
0.9802154116967853
0.9805704965979225
0.9809121152188703
0.9812404484446207
0.9815557071788695
0.9818581252226055
0.9821479534717279
0.9824254551559212
0.9826909019038920
0.9829445704763951
0.9831867400390476
0.9834176898796049
0.9836376974913525
0.9838470369598055
0.9840459776050059
0.9842347828359471
0.9844137091871566
0.9845830055048638
0.9847429122657404
0.9848936610035035
0.9850354738291296
0.9851685630325168
0.9852931307501736
0.9854093686917994
0.9855174579158889
0.9856175686461442
0.9857098601240820
0.9857944804907303
0.9858715666929850
0.9859412444103088
0.9860036279988607
0.9860588204490270
0.9861069133541931
0.9861479868876423
0.9861821097877348
0.9862093393462810
0.9862297214024787
0.9862432903378359
0.9862500690749529
0.9862500690749529
0.9862432903378359
0.9862297214024787
0.9862093393462810
0.9861821097877348
0.9861479868876423
0.9861069133541931
0.9860588204490294
0.9860036279988607
0.9859412444103088
0.9858715666929850
0.9857944804907303
0.9857098601240828
0.9856175686461442
0.9855174579158810
0.9854093686917994
0.9852931307501736
0.9851685630325168
0.9850354738291296
0.9848936610035035
0.9847429122657569
0.9845830055048638
0.9844137091871566
0.9842347828359471
0.9840459776050059
0.9838470369598055
0.9836376974913525
0.9834176898796049
0.9831867400390403
0.9829445704763951
0.9826909019038920
0.9824254551559212
0.9821479534717279
0.9818581252226080
0.9815557071788695
0.9812404484446207
0.9809121152188703
0.9805704965979298
0.9802154116967853
0.9798467184720251
0.9794643247593899
0.9790682022491823
0.9786584044185803
0.9782350899009482
0.9777985535114825
0.9773492684029788
0.9768879451534658
0.9764156185116921
0.9759337849311321
0.9754446548767862
0.9757379248195402
0.9762377227093483
0.9767301305860669
0.9772128872492674
0.9776844505758580
0.9781437464856313
0.9785900319442649
0.9790228081682254
0.9794417610810828
0.9798467184720251
0.9802376181860177
0.9806144839674837
0.9809774067937056
0.9813265302446225
0.9816620388981252
0.9819841490295594
0.9822931010896727
0.9825891535736805
0.9828725779898044
0.9831436547058189
0.9834026695041970
0.9836499107121176
0.9838856668039433
0.9841102243919544
0.9843238665419741
0.9845268713563984
0.9847195107842632
0.9849020496224529
0.9850747446758982
0.9852378440547609
0.9853915865871002
0.9855362013284303
0.9856719071560019
0.9857989124324121
0.9859174147297722
0.9860276006047778
0.9861296454160721
0.9862237131783630
0.9863099564465694
0.9863885162252017
0.9864595218979191
0.9865230911753378
0.9865793300556963
0.9866283327967768
0.9866701818959533
0.9867049480778758
0.9867326902861248
0.9867534556781654
0.9867672796230736
0.9867741857007086
0.9867741857007086
0.9867672796230736
0.9867534556781654
0.9867326902861248
0.9867049480778758
0.9866701818959533
0.9866283327967768
0.9865793300557127
0.9865230911753378
0.9864595218979191
0.9863885162252017
0.9863099564465694
0.9862237131783630
0.9861296454160721
0.9860276006047778
0.9859174147297792
0.9857989124323936
0.9856719071560019
0.9855362013284303
0.9853915865871002
0.9852378440547609
0.9850747446758982
0.9849020496224529
0.9847195107842632
0.9845268713563982
0.9843238665419741
0.9841102243919528
0.9838856668039433
0.9836499107121176
0.9834026695042017
0.9831436547058189
0.9828725779898144
0.9825891535736805
0.9822931010896753
0.9819841490295577
0.9816620388981252
0.9813265302446225
0.9809774067937056
0.9806144839674837
0.9802376181860177
0.9798467184720251
0.9794417610810828
0.9790228081682254
0.9785900319442649
0.9781437464856313
0.9776844505758580
0.9772128872492674
0.9767301305860669
0.9762377227093483
0.9757379248195402
0.9760217389567954
0.9765316461613539
0.9770340811893669
0.9775267385539405
0.9780080356198991
0.9784768626709154
0.9789324464859891
0.9793742636713779
0.9798019809111966
0.9802154116967853
0.9806144839674837
0.9809992153592315
0.9813696939502653
0.9817260630836926
0.9820685092694027
0.9823972524530868
0.9827125381237813
0.9830146308693385
0.9833038090824540
0.9835803605882317
0.9838445790183730
0.9840967607936890
0.9843372026037193
0.9845661992998820
0.9847840421292946
0.9849910172545108
0.9851874045108117
0.9853734763662603
0.9855494970491626
0.9857157218200565
0.9858723963644449
0.9860197562873165
0.9861580266967975
0.9862874218594622
0.9864081449196032
0.9865203876703273
0.9866243303698362
0.9867201415948839
0.9868079781252991
0.9868879848537494
0.9869602947188935
0.9870250286530406
0.9870822955460167
0.9871321922190833
0.9871748034072821
0.9872102017492007
0.9872384477798116
0.9872595899281661
0.9872736645153996
0.9872806957555793
0.9872806957555793
0.9872736645153996
0.9872595899281661
0.9872384477798123
0.9872102017492054
0.9871748034072821
0.9871321922190833
0.9870822955460187
0.9870250286530406
0.9869602947188935
0.9868879848537548
0.9868079781252991
0.9867201415948839
0.9866243303698371
0.9865203876703273
0.9864081449196032
0.9862874218594622
0.9861580266967975
0.9860197562873165
0.9858723963644449
0.9857157218200565
0.9855494970491645
0.9853734763662603
0.9851874045108117
0.9849910172545108
0.9847840421293088
0.9845661992998820
0.9843372026037193
0.9840967607936890
0.9838445790183640
0.9835803605882317
0.9833038090824530
0.9830146308693385
0.9827125381237813
0.9823972524530868
0.9820685092694027
0.9817260630836926
0.9813696939502718
0.9809992153592315
0.9806144839674824
0.9802154116967853
0.9798019809111966
0.9793742636713779
0.9789324464859815
0.9784768626709154
0.9780080356198991
0.9775267385539405
0.9770340811893665
0.9765316461613539
0.9760217389567970
0.9762960619809987
0.9768155467254964
0.9773274865357577
0.9778295370676818
0.9783200796800516
0.9787979724434780
0.9792624142706917
0.9797128584656192
0.9801489529208731
0.9805704965979225
0.9809774067937056
0.9813696939502653
0.9817474419411923
0.9821107924456484
0.9824599324319611
0.9827950840492841
0.9831164963995046
0.9834244388034507
0.9837191952565326
0.9840010598448651
0.9842703329417787
0.9845273180390277
0.9847723191035518
0.9850056383665848
0.9852275744722431
0.9854384209274570
0.9856384648023353
0.9858279856431754
0.9860072545629831
0.9861765334832125
0.9863360745023629
0.9864861193722095
0.9866268990662381
0.9867586334242981
0.9868815308634877
0.9869957881433765
0.9871015901780075
0.9871991098867969
0.9872885080776562
0.9873699333562199
0.9874435220591018
0.9875093982019484
0.9875676734449658
0.9876184470670211
0.9876618059507397
0.9876978245717134
0.9877265649939748
0.9877480768681440
0.9877623974312888
0.9877695515069902
0.9877695515069891
0.9877623974312888
0.9877480768681440
0.9877265649939748
0.9876978245717134
0.9876618059507397
0.9876184470670211
0.9875676734449658
0.9875093982019487
0.9874435220591018
0.9873699333562227
0.9872885080776562
0.9871991098867969
0.9871015901780075
0.9869957881433765
0.9868815308634877
0.9867586334242981
0.9866268990662381
0.9864861193722181
0.9863360745023629
0.9861765334832125
0.9860072545629831
0.9858279856431754
0.9856384648023353
0.9854384209274570
0.9852275744722470
0.9850056383665848
0.9847723191035518
0.9845273180390277
0.9842703329417787
0.9840010598448651
0.9837191952565326
0.9834244388034507
0.9831164963995166
0.9827950840492841
0.9824599324319611
0.9821107924456484
0.9817474419411923
0.9813696939502660
0.9809774067937056
0.9805704965979225
0.9801489529208731
0.9797128584656192
0.9792624142706917
0.9787979724434769
0.9783200796800439
0.9778295370676793
0.9773274865357577
0.9768155467254964
0.9762960619809987
0.9765608994194765
0.9770894554340189
0.9776104016405922
0.9781213594441442
0.9786206781287389
0.9791071866712683
0.9795800583820460
0.9800387247084642
0.9804828154717929
0.9809121152188810
0.9813265302446148
0.9817260630836914
0.9821107924456484
0.9824808572279032
0.9828364436528064
0.9831777748312120
0.9835051022412329
0.9838186987292319
0.9841188527354885
0.9844058635095250
0.9846800371338680
0.9849416832093971
0.9851911120869782
0.9854286325523175
0.9856545498861006
0.9858691642412344
0.9860727692820597
0.9862656510474045
0.9864480869991685
0.9866203452309129
0.9867826838078353
0.9869353502227662
0.9870785809451156
0.9872126010525285
0.9873376239301870
0.9874538510284533
0.9875614716678962
0.9876606628856872
0.9877515893157721
0.9878344030959330
0.9879092437990959
0.9879762383817458
0.9880355011486345
0.9880871337273616
0.9881312250532306
0.9881678513604272
0.9881970761768797
0.9882189503235713
0.9882335119146280
0.9882407863581978
0.9882407863581978
0.9882335119146280
0.9882189503235713
0.9881970761768797
0.9881678513604272
0.9881312250532306
0.9880871337273616
0.9880355011486328
0.9879762383817458
0.9879092437990959
0.9878344030959330
0.9877515893157721
0.9876606628856844
0.9875614716678962
0.9874538510284533
0.9873376239301870
0.9872126010525285
0.9870785809451156
0.9869353502227662
0.9867826838078353
0.9866203452309129
0.9864480869991675
0.9862656510474045
0.9860727692820597
0.9858691642412344
0.9856545498861021
0.9854286325523175
0.9851911120869782
0.9849416832093977
0.9846800371338680
0.9844058635095250
0.9841188527354859
0.9838186987292319
0.9835051022412329
0.9831777748312120
0.9828364436528064
0.9824808572279032
0.9821107924456484
0.9817260630836914
0.9813265302446256
0.9809121152188810
0.9804828154717929
0.9800387247084712
0.9795800583820460
0.9791071866712683
0.9786206781287389
0.9781213594441442
0.9776104016405922
0.9770894554340189
0.9765608994194765
0.9768162906293656
0.9773534359257342
0.9778829132280524
0.9784023136248916
0.9789099577604939
0.9794046483348603
0.9798855352042598
0.9803520294487503
0.9808037436996162
0.9812404484446207
0.9816620388981274
0.9820685092694141
0.9824599324319611
0.9828364436528064
0.9831982274423750
0.9835455068442815
0.9838785346557617
0.9841975861950257
0.9845029533159241
0.9847949394376329
0.9850738554052889
0.9853400160343889
0.9855937372207774
0.9858353335215181
0.9860651161269657
0.9862833911624984
0.9864904582652196
0.9866866093935942
0.9868721278326203
0.9870472873645779
0.9872123515800987
0.9873675733079543
0.9875131941441304
0.9876494440672047
0.9877765411243986
0.9878946911781420
0.9880040877029713
0.9881049116261890
0.9881973312020620
0.9882815019160663
0.9883575664130269
0.9884256544441737
0.9884858828299609
0.9885383554348524
0.9885831631508226
0.9886203838890049
0.9886500825744529
0.9886723111454854
0.9886871085539026
0.9886945007666585
0.9886945007666585
0.9886871085539026
0.9886723111454854
0.9886500825744529
0.9886203838890049
0.9885831631508226
0.9885383554348524
0.9884858828299502
0.9884256544441757
0.9883575664130269
0.9882815019160663
0.9881973312020620
0.9881049116261890
0.9880040877029713
0.9878946911781420
0.9877765411244004
0.9876494440672047
0.9875131941441304
0.9873675733079543
0.9872123515800987
0.9870472873645779
0.9868721278326203
0.9866866093935943
0.9864904582652196
0.9862833911624984
0.9860651161269657
0.9858353335215181
0.9855937372207774
0.9853400160343889
0.9850738554052889
0.9847949394376343
0.9845029533159241
0.9841975861950257
0.9838785346557617
0.9835455068442815
0.9831982274423750
0.9828364436528064
0.9824599324319611
0.9820685092694141
0.9816620388981274
0.9812404484446207
0.9808037436995968
0.9803520294487503
0.9798855352042598
0.9794046483348603
0.9789099577605003
0.9784023136249095
0.9778829132280524
0.9773534359257342
0.9768162906293656
0.9770623029261200
0.9776075786058088
0.9781451338369394
0.9786725327756446
0.9791880704331005
0.9796905257637220
0.9801790271756217
0.9806529668537536
0.9811119412071522
0.9815557071788695
0.9819841490295643
0.9823972524530868
0.9827950840492841
0.9831777748312120
0.9835455068442815
0.9838985022250792
0.9842370142027717
0.9845613196592039
0.9848717129564669
0.9851685007952999
0.9854519979254732
0.9857225235560483
0.9859803983491512
0.9862259418992420
0.9864594706183372
0.9866812959629315
0.9868917229455391
0.9870910488915923
0.9872795623974410
0.9874575424627119
0.9876252577692942
0.9877829660826842
0.9879309137603822
0.9880693353473118
0.9881984532467604
0.9883184774549213
0.9884296053479275
0.9885320215133505
0.9886258976191201
0.9887113923122844
0.9887886511431216
0.9888578065097560
0.9889189776180383
0.9889722704551135
0.9890177777719894
0.9890555790739490
0.9890857406151602
0.9891083153973538
0.9891233431700742
0.9891308504318497
0.9891308504318497
0.9891233431700742
0.9891083153973538
0.9890857406151602
0.9890555790739490
0.9890177777719894
0.9889722704551135
0.9889189776180383
0.9888578065097560
0.9887886511431216
0.9887113923122844
0.9886258976191201
0.9885320215133505
0.9884296053479275
0.9883184774549263
0.9881984532467566
0.9880693353473118
0.9879309137603822
0.9877829660826842
0.9876252577692942
0.9874575424627129
0.9872795623974410
0.9870910488915927
0.9868917229455391
0.9866812959629254
0.9864594706183372
0.9862259418992420
0.9859803983491512
0.9857225235560483
0.9854519979254732
0.9851685007952999
0.9848717129564669
0.9845613196592039
0.9842370142027717
0.9838985022250792
0.9835455068442815
0.9831777748312120
0.9827950840492841
0.9823972524530868
0.9819841490295594
0.9815557071788695
0.9811119412071522
0.9806529668537536
0.9801790271756217
0.9796905257637220
0.9791880704331005
0.9786725327756446
0.9781451338369394
0.9776075786058088
0.9770623029261200
0.9772990266219224
0.9778519957212017
0.9783971968747629
0.9789321702339102
0.9794551878159834
0.9799650071001039
0.9804607368988449
0.9809417519229736
0.9814076333600703
0.9818581252226080
0.9822931010896729
0.9827125381237813
0.9831164963995166
0.9835051022412329
0.9838785346557617
0.9842370142027717
0.9845807938082126
0.9849101511474635
0.9852253823043859
0.9855267964781197
0.9858147115533784
0.9860894503877163
0.9863513376942299
0.9866006974241146
0.9868378505673741
0.9870631133050780
0.9872767954591017
0.9874791991918203
0.9876706179189441
0.9878513354013079
0.9880216249892111
0.9881817489960882
0.9883319581819193
0.9884724913282881
0.9886035748933827
0.9887254227311497
0.9888382358674516
0.9889422023224618
0.9890374969706541
0.9891242814346320
0.9892027040032780
0.9892728995728163
0.9893349896033912
0.9893890820904935
0.9894352715454882
0.9894736389839148
0.9895042519204420
0.9895271643657000
0.9895424168262602
0.9895500363057665
0.9895500363057644
0.9895424168262595
0.9895271643657000
0.9895042519204420
0.9894736389839162
0.9894352715454882
0.9893890820904935
0.9893349896034029
0.9892728995728159
0.9892027040032780
0.9891242814346320
0.9890374969706541
0.9889422023224618
0.9888382358674516
0.9887254227311497
0.9886035748933827
0.9884724913282881
0.9883319581819193
0.9881817489960882
0.9880216249892102
0.9878513354013079
0.9876706179189441
0.9874791991918203
0.9872767954591017
0.9870631133050780
0.9868378505673741
0.9866006974241146
0.9863513376942299
0.9860894503877163
0.9858147115533784
0.9855267964781218
0.9852253823043859
0.9849101511474641
0.9845807938082126
0.9842370142027717
0.9838785346557617
0.9835051022412329
0.9831164963995166
0.9827125381237813
0.9822931010896729
0.9818581252226071
0.9814076333600738
0.9809417519229736
0.9804607368988449
0.9799650071001039
0.9794551878159834
0.9789321702339107
0.9783971968747629
0.9778519957212017
0.9772990266219226
0.9775265708022484
0.9780868171778426
0.9786392524334002
0.9791813952618350
0.9797114970113910
0.9802282957189714
0.9807308823023969
0.9812186153472655
0.9816910618198557
0.9821479534717279
0.9825891535736805
0.9830146308693332
0.9834244388034507
0.9838186987292319
0.9841975861950257
0.9845613196592039
0.9849101511474665
0.9852443584820549
0.9855642387952832
0.9858701031001916
0.9861622717345809
0.9864410705340562
0.9867068276124777
0.9869598706523388
0.9872005246242356
0.9874291098681482
0.9876459404801269
0.9878513229583558
0.9880455550679957
0.9882289248930763
0.9884017100455528
0.9885641770093995
0.9887165805981684
0.9888591635088702
0.9889921559582143
0.9891157753871246
0.9892302262235957
0.9893356996942287
0.9894323736758467
0.9895204125812571
0.9895999672722227
0.9896711749947590
0.9897341593326144
0.9897890301749116
0.9898358836944940
0.9898748023337756
0.9899058547988479
0.9899290960545085
0.9899445673237163
0.9899522960881276
0.9899522960881276
0.9899445673237272
0.9899290960545086
0.9899058547988479
0.9898748023337756
0.9898358836944940
0.9897890301749116
0.9897341593326112
0.9896711749947590
0.9895999672722227
0.9895204125812571
0.9894323736758467
0.9893356996942287
0.9892302262235957
0.9891157753871246
0.9889921559582143
0.9888591635088702
0.9887165805981748
0.9885641770093995
0.9884017100455457
0.9882289248930813
0.9880455550679957
0.9878513229583558
0.9876459404801269
0.9874291098681548
0.9872005246242356
0.9869598706523388
0.9867068276124777
0.9864410705340562
0.9861622717345809
0.9858701031001916
0.9855642387952832
0.9852443584820549
0.9849101511474665
0.9845613196592039
0.9841975861950257
0.9838186987292319
0.9834244388034507
0.9830146308693332
0.9825891535736805
0.9821479534717279
0.9816910618198557
0.9812186153472655
0.9807308823023969
0.9802282957189714
0.9797114970113914
0.9791813952618350
0.9786392524334002
0.9780868171778426
0.9775265708022484
0.9777450597116831
0.9783121869687279
0.9788714637283663
0.9794203894520023
0.9799571968714949
0.9804806064037408
0.9809896926268957
0.9814837992681056
0.9819624800485978
0.9824254551559212
0.9828725779898044
0.9833038090824522
0.9837191952565326
0.9841188527354905
0.9845029533159241
0.9848717129564669
0.9852253823043859
0.9855642387952830
0.9858885800395948
0.9861987182725463
0.9864949756857836
0.9867776804966689
0.9870471636332478
0.9873037559395369
0.9875477858179881
0.9877795772421575
0.9879994480834354
0.9882077087035078
0.9884046607728157
0.9885905962816515
0.9887657967144377
0.9889305323627555
0.9890850617571898
0.9892296311984454
0.9893644743743859
0.9894898120485111
0.9896058518081520
0.9897127878649881
0.9898108008966919
0.9899000579241785
0.9899807122178768
0.9900529032274868
0.9901167565304484
0.9901723837955227
0.9902198827587914
0.9902593372070172
0.9902908169684020
0.9903143779075246
0.9903300619232708
0.9903378969481482
0.9903378969481482
0.9903300619232708
0.9903143779075246
0.9902908169683975
0.9902593372070172
0.9902198827587914
0.9901723837955200
0.9901167565304484
0.9900529032274895
0.9899807122178768
0.9899000579241785
0.9898108008966919
0.9897127878649881
0.9896058518081520
0.9894898120485111
0.9893644743743859
0.9892296311984454
0.9890850617571894
0.9889305323627555
0.9887657967144355
0.9885905962816515
0.9884046607728306
0.9882077087035078
0.9879994480834354
0.9877795772421575
0.9875477858179881
0.9873037559395369
0.9870471636332478
0.9867776804966689
0.9864949756857836
0.9861987182725463
0.9858885800395948
0.9855642387952830
0.9852253823043856
0.9848717129564669
0.9845029533159241
0.9841188527354905
0.9837191952565317
0.9833038090824522
0.9828725779898044
0.9824254551559212
0.9819624800485978
0.9814837992681056
0.9809896926268957
0.9804806064037691
0.9799571968714949
0.9794203894520023
0.9788714637283663
0.9783121869687279
0.9777450597116831
0.9779546296463096
0.9785282601082539
0.9790940040529221
0.9796493436660163
0.9801924948813664
0.9807221621314823
0.9812374050719400
0.9817375537524412
0.9822221495882156
0.9826909019038920
0.9831436547058189
0.9835803605882317
0.9840010598448647
0.9844058635095250
0.9847949394376329
0.9851685007953035
0.9855267964781218
0.9858701031001916
0.9861987182725463
0.9865129549468910
0.9868131366477144
0.9870995934470214
0.9873726585634689
0.9876326654874769
0.9878799455528660
0.9881148258834911
0.9883376276636014
0.9885486646773045
0.9887482420830962
0.9889366553838715
0.9891141895664926
0.9892811183844095
0.9894377037623394
0.9895841953049732
0.9897208298935818
0.9898478313576426
0.9899654102086346
0.9900737634272634
0.9901730742953185
0.9902635122634124
0.9903452328496148
0.9904183775631699
0.9904830738474641
0.9905394350392968
0.9905875603406101
0.9906275347998921
0.9906594293000713
0.9906833005514961
0.9906991910885375
0.9907071292678435
0.9907071292678435
0.9906991910885375
0.9906833005514961
0.9906594293000713
0.9906275347998921
0.9905875603406101
0.9905394350392968
0.9904830738474641
0.9904183775631699
0.9903452328496141
0.9902635122634131
0.9901730742953185
0.9900737634272634
0.9899654102086346
0.9898478313576425
0.9897208298935818
0.9895841953049732
0.9894377037623394
0.9892811183844095
0.9891141895664926
0.9889366553838715
0.9887482420830962
0.9885486646773045
0.9883376276636014
0.9881148258834911
0.9878799455528660
0.9876326654874769
0.9873726585634689
0.9870995934470214
0.9868131366477144
0.9865129549468910
0.9861987182725463
0.9858701031001916
0.9855267964781218
0.9851685007953035
0.9847949394376329
0.9844058635095250
0.9840010598448647
0.9835803605882317
0.9831436547058189
0.9826909019038920
0.9822221495882156
0.9817375537524412
0.9812374050719400
0.9807221621314804
0.9801924948813664
0.9796493436660163
0.9790940040529222
0.9785282601082539
0.9779546296463096
0.9781554262717477
0.9787351999917562
0.9793070541620088
0.9798684554169695
0.9804176045089448
0.9809531913541929
0.9814742619762858
0.9819801338441954
0.9824703369598827
0.9829445704763951
0.9834026695041970
0.9838445790183714
0.9842703329417786
0.9846800371338680
0.9850738554052889
0.9854519979254732
0.9858147115533784
0.9861622717345837
0.9864949756857836
0.9868131366477144
0.9871170790280400
0.9874071342926983
0.9876836374860056
0.9879469242838160
0.9881973284970085
0.9884351799593269
0.9886608027412852
0.9888745136416414
0.9890766209168157
0.9892674232130642
0.9894472086710153
0.9896162541775774
0.9897748247448176
0.9899231729943967
0.9900615387350624
0.9901901486150204
0.9903092158424495
0.9904189399583554
0.9905195066573549
0.9906110876458681
0.9906938405331822
0.9907679087473281
0.9908334214719807
0.9908904936024039
0.9909392257115263
0.9909797040285839
0.9910120004242829
0.9910361724016983
0.9910522630911666
0.9910603012469099
0.9910603012469099
0.9910522630911666
0.9910361724016983
0.9910120004242824
0.9909797040285839
0.9909392257115263
0.9908904936024039
0.9908334214719807
0.9907679087473281
0.9906938405331822
0.9906110876458704
0.9905195066573549
0.9904189399583554
0.9903092158424495
0.9901901486150204
0.9900615387350624
0.9899231729943967
0.9897748247448176
0.9896162541775774
0.9894472086710153
0.9892674232130642
0.9890766209168157
0.9888745136416257
0.9886608027412852
0.9884351799593269
0.9881973284970085
0.9879469242838160
0.9876836374860056
0.9874071342926983
0.9871170790280400
0.9868131366477144
0.9864949756857836
0.9861622717345837
0.9858147115533784
0.9854519979254732
0.9850738554052889
0.9846800371338680
0.9842703329417786
0.9838445790183730
0.9834026695041970
0.9829445704763951
0.9824703369598827
0.9819801338441978
0.9814742619762858
0.9809531913541929
0.9804176045089448
0.9798684554169695
0.9793070541620101
0.9787351999917562
0.9781554262717477
0.9783476023008317
0.9789331761145972
0.9795108000187382
0.9800779266236678
0.9806327429407761
0.9811739256899901
0.9817005084388074
0.9822117970883818
0.9827073110709554
0.9831867400390476
0.9836499107121189
0.9840967607936836
0.9845273180390288
0.9849416832093971
0.9853400160343889
0.9857225235560483
0.9860894503877163
0.9864410705340562
0.9867776804966689
0.9870995934470214
0.9874071342926983
0.9877006354931982
0.9879804335101127
0.9882468657934623
0.9885002682239057
0.9887409729445928
0.9889693065228390
0.9891855883956046
0.9893901295565032
0.9895832314506917
0.9897651850452442
0.9899362700519511
0.9900967542790957
0.9902468930934919
0.9903869289763969
0.9905170911599143
0.9906375953293883
0.9907486433853450
0.9908504232506531
0.9909431087200834
0.9910268593411387
0.9911018203241452
0.9911681224720168
0.9912258821307817
0.9912752011515903
0.9913161668655507
0.9913488520657674
0.9913733149962761
0.9913895993441640
0.9913977342361660
0.9913977342361660
0.9913895993441640
0.9913733149962761
0.9913488520657600
0.9913161668655507
0.9912752011515903
0.9912258821307817
0.9911681224720168
0.9911018203241452
0.9910268593411387
0.9909431087200834
0.9908504232506531
0.9907486433853450
0.9906375953293883
0.9905170911599142
0.9903869289763985
0.9902468930934919
0.9900967542790957
0.9899362700519511
0.9897651850452442
0.9895832314506917
0.9893901295565032
0.9891855883956046
0.9889693065228390
0.9887409729445928
0.9885002682239057
0.9882468657934665
0.9879804335101127
0.9877006354931982
0.9874071342926983
0.9870995934470123
0.9867776804966691
0.9864410705340562
0.9860894503877153
0.9857225235560483
0.9853400160343889
0.9849416832093971
0.9845273180390288
0.9840967607936890
0.9836499107121187
0.9831867400390476
0.9827073110709554
0.9822117970883818
0.9817005084388074
0.9811739256899901
0.9806327429407761
0.9800779266236678
0.9795108000187382
0.9789331761145972
0.9783476023008317
0.9785313154782370
0.9791223620961539
0.9797054308484779
0.9802779616779933
0.9808381291427531
0.9813845979562099
0.9819163902994515
0.9824328014413829
0.9829333410353480
0.9834176898796049
0.9838856668039433
0.9843372026037257
0.9847723191035590
0.9851911120869721
0.9855937372207805
0.9859803983491500
0.9863513376942299
0.9867068276124777
0.9870471636332478
0.9873726585634689
0.9876836374860056
0.9879804335101144
0.9882633841576008
0.9885328282894695
0.9887891034924847
0.9890325438579333
0.9892634780966297
0.9894822279387392
0.9896891067830991
0.9898844185539120
0.9900684567402075
0.9902415035890059
0.9904038294318295
0.9905556921229358
0.9906973365755852
0.9908289943804279
0.9909508834923147
0.9910632079778662
0.9911661578118989
0.9912599087150927
0.9913446220272788
0.9914204446085286
0.9914875087632287
0.9915459321843467
0.9915958179113843
0.9916372543002642
0.9916703150033601
0.9916950589544014
0.9917115303601953
0.9917197586941883
0.9917197586941883
0.9917115303601953
0.9916950589544119
0.9916703150033601
0.9916372543002869
0.9915958179113843
0.9915459321843467
0.9914875087632287
0.9914204446085286
0.9913446220272788
0.9912599087150927
0.9911661578118989
0.9910632079778751
0.9909508834923147
0.9908289943804279
0.9906973365755852
0.9905556921229358
0.9904038294318295
0.9902415035890059
0.9900684567402075
0.9898844185539120
0.9896891067830991
0.9894822279387279
0.9892634780966282
0.9890325438579333
0.9887891034924847
0.9885328282894695
0.9882633841576008
0.9879804335101127
0.9876836374860056
0.9873726585634689
0.9870471636332478
0.9867068276124777
0.9863513376942299
0.9859803983491500
0.9855937372207805
0.9851911120869782
0.9847723191035516
0.9843372026037193
0.9838856668039433
0.9834176898796049
0.9829333410353480
0.9824328014413829
0.9819163902994515
0.9813845979562099
0.9808381291427531
0.9802779616779933
0.9797054308484779
0.9791223620961513
0.9785313154782370
0.9787067268286006
0.9793029339659716
0.9798911374541355
0.9804687657778334
0.9810339821956389
0.9815854404881489
0.9821221524244992
0.9826434035027140
0.9831486943389027
0.9836376974913492
0.9841102243919528
0.9845661992998820
0.9850056383665848
0.9854286325523138
0.9858353335215181
0.9862259418992420
0.9866006974241146
0.9869598706523388
0.9873037559395369
0.9876326654874769
0.9879469242838239
0.9882468657934623
0.9885328282894695
0.9888051517255125
0.9890641750714282
0.9893102340439404
0.9895436591766853
0.9897647741809732
0.9899738945550931
0.9901713264084726
0.9903573654698884
0.9905322962520133
0.9906963913534786
0.9908499108743699
0.9909931019329635
0.9911261982654326
0.9912494198983318
0.9913629728811402
0.9914670490709206
0.9915618259602608
0.9916474665401218
0.9917241191934465
0.9917919176127509
0.9918509807380189
0.9919014127095545
0.9919433028346304
0.9919767255627254
0.9920017404688648
0.9920183922422875
0.9920267106794511
0.9920267106794511
0.9920183922422875
0.9920017404688648
0.9919767255627254
0.9919433028346304
0.9919014127095545
0.9918509807380189
0.9917919176127509
0.9917241191934497
0.9916474665401334
0.9915618259602608
0.9914670490709206
0.9913629728811402
0.9912494198983318
0.9911261982654326
0.9909931019329523
0.9908499108743650
0.9906963913534786
0.9905322962520133
0.9903573654698884
0.9901713264084681
0.9899738945550931
0.9897647741809761
0.9895436591766853
0.9893102340439404
0.9890641750714160
0.9888051517255125
0.9885328282894695
0.9882468657934623
0.9879469242838239
0.9876326654874724
0.9873037559395369
0.9869598706523388
0.9866006974241146
0.9862259418992420
0.9858353335215181
0.9854286325523138
0.9850056383665848
0.9845661992998820
0.9841102243919528
0.9836376974913525
0.9831486943389027
0.9826434035027163
0.9821221524244992
0.9815854404881489
0.9810339821956389
0.9804687657778334
0.9798911374541520
0.9793029339659716
0.9787067268286006
0.9788739991307310
0.9794750686743126
0.9800681107577841
0.9806505434888347
0.9812205198637255
0.9817766837005333
0.9823180372449776
0.9828438570181177
0.9833536352885822
0.9838470369598055
0.9843238665419806
0.9847840421292946
0.9852275744722431
0.9856545498861006
0.9860651161269657
0.9864594706183372
0.9868378505673741
0.9872005246242356
0.9875477858179915
0.9878799455528660
0.9881973284970085
0.9885002682239057
0.9887891034924847
0.9890641750714160
0.9893258230289567
0.9895743844197017
0.9898101913135998
0.9900335691188243
0.9902448351561915
0.9904442974506906
0.9906322537099056
0.9908089904632686
0.9909747823377184
0.9911298914536610
0.9912745669208995
0.9914090444210379
0.9915335458649905
0.9916482791113844
0.9917534377394527
0.9918492008654720
0.9919357329975593
0.9920131839202786
0.9920816886052995
0.9921413671435030
0.9921923246927561
0.9922346514398815
0.9922684225722861
0.9922936982592695
0.9923105236370632
0.9923189288016508
0.9923189288016508
0.9923105236370632
0.9922936982592695
0.9922684225722861
0.9922346514398844
0.9921923246927561
0.9921413671435030
0.9920816886053004
0.9920131839202786
0.9919357329975593
0.9918492008654720
0.9917534377394527
0.9916482791113844
0.9915335458649999
0.9914090444210379
0.9912745669209001
0.9911298914536610
0.9909747823377184
0.9908089904632686
0.9906322537099040
0.9904442974506906
0.9902448351561915
0.9900335691188243
0.9898101913135998
0.9895743844197017
0.9893258230289567
0.9890641750714160
0.9887891034924847
0.9885002682239057
0.9881973284970085
0.9878799455528660
0.9875477858179881
0.9872005246242356
0.9868378505673776
0.9864594706183372
0.9860651161269657
0.9856545498861006
0.9852275744722431
0.9847840421293088
0.9843238665419741
0.9838470369598055
0.9833536352885822
0.9828438570181177
0.9823180372449776
0.9817766837005333
0.9812205198637255
0.9806505434888347
0.9800681107577841
0.9794750686743090
0.9788739991307268
0.9790332955872533
0.9796389427970270
0.9802365405343866
0.9808234975002298
0.9813979573619315
0.9819585548548665
0.9825042835113699
0.9830344116060974
0.9835484237039229
0.9840459776050059
0.9845268713563949
0.9849910172545108
0.9854384209274570
0.9858691642412335
0.9862833911624984
0.9866812959629315
0.9870631133050811
0.9874291098681439
0.9877795772421575
0.9881148258834911
0.9884351799593269
0.9887409729445928
0.9890325438579333
0.9893102340439404
0.9895743844197017
0.9898253331232878
0.9900634135053562
0.9902889524157130
0.9905022687461357
0.9907036721910699
0.9908934621990058
0.9910719270846478
0.9912393432839046
0.9913959747268186
0.9915420723154530
0.9916778734897949
0.9918036018685535
0.9919194669558744
0.9920256639008226
0.9921223733044652
0.9922097610637624
0.9922879782493168
0.9923571610085644
0.9924174304915457
0.9924688927932490
0.9925116389118483
0.9925457447163640
0.9925712709242305
0.9925882630856506
0.9925967515726146
0.9925967515726146
0.9925882630856506
0.9925712709242305
0.9925457447163640
0.9925116389118483
0.9924688927932490
0.9924174304915423
0.9923571610085644
0.9922879782493168
0.9922097610637624
0.9921223733044652
0.9920256639008224
0.9919194669558744
0.9918036018685535
0.9916778734897949
0.9915420723154530
0.9913959747268186
0.9912393432839046
0.9910719270846478
0.9908934621990002
0.9907036721910699
0.9905022687461332
0.9902889524157130
0.9900634135053562
0.9898253331232878
0.9895743844197017
0.9893102340439404
0.9890325438579333
0.9887409729445928
0.9884351799593269
0.9881148258834911
0.9877795772421575
0.9874291098681439
0.9870631133050825
0.9866812959629315
0.9862833911624984
0.9858691642412335
0.9854384209274570
0.9849910172545108
0.9845268713563949
0.9840459776050059
0.9835484237039229
0.9830344116060974
0.9825042835113699
0.9819585548548665
0.9813979573619315
0.9808234975002298
0.9802365405343866
0.9796389427970270
0.9790332955872533
0.9791847786641803
0.9797947314080508
0.9803966143145739
0.9809878275497964
0.9815665062954451
0.9821312770022361
0.9826811252294864
0.9832153116783972
0.9837333138085000
0.9842347828359471
0.9847195107842632
0.9851874045108117
0.9856384648023353
0.9860727692820597
0.9864904582652196
0.9868917229455391
0.9872767954591017
0.9876459404801220
0.9879994480834353
0.9883376276636063
0.9886608027412852
0.9889693065228390
0.9892634780966282
0.9895436591766756
0.9898101913135998
0.9900634135053572
0.9903036601554818
0.9905312593278368
0.9907465312583434
0.9909497870880223
0.9911413277878841
0.9913214432477395
0.9914904115084541
0.9916484981153949
0.9917959555778665
0.9919330229185713
0.9920599253001423
0.9921768737179336
0.9922840647483046
0.9923816803445052
0.9924698876719598
0.9925488389777005
0.9926186714865010
0.9926795073199868
0.9927314534346356
0.9927746015742489
0.9928090282352180
0.9928347946402746
0.9928519467206681
0.9928605151032361
0.9928605151032361
0.9928519467206681
0.9928347946402746
0.9928090282352180
0.9927746015742489
0.9927314534346356
0.9926795073199947
0.9926186714865010
0.9925488389777005
0.9924698876719598
0.9923816803444956
0.9922840647483046
0.9921768737179323
0.9920599253001423
0.9919330229185713
0.9917959555778665
0.9916484981153949
0.9914904115084541
0.9913214432477395
0.9911413277878762
0.9909497870880223
0.9907465312583434
0.9905312593278368
0.9903036601554818
0.9900634135053572
0.9898101913135998
0.9895436591766853
0.9892634780966297
0.9889693065228390
0.9886608027412852
0.9883376276636014
0.9879994480834353
0.9876459404801220
0.9872767954591017
0.9868917229455391
0.9864904582652196
0.9860727692820597
0.9856384648023353
0.9851874045108117
0.9847195107842632
0.9842347828359471
0.9837333138085000
0.9832153116783972
0.9826811252294864
0.9821312770022361
0.9815665062954451
0.9809878275498006
0.9803966143145739
0.9797947314080508
0.9791847786641803
0.9793286090780979
0.9799426070985607
0.9805485164311768
0.9811437294934796
0.9817263737449431
0.9822950680771091
0.9828487907538314
0.9833867955222336
0.9839085532929679
0.9844137091871545
0.9849020496224529
0.9853734763662603
0.9858279856431754
0.9862656510474083
0.9866866093935900
0.9870910488915927
0.9874791991918203
0.9878513229583558
0.9882077087035078
0.9885486646773045
0.9888745136416414
0.9891855883956046
0.9894822279387557
0.9897647741809842
0.9900335691188243
0.9902889524157130
0.9905312593278390
0.9907608189300143
0.9909779525990622
0.9911829727214407
0.9913761815930149
0.9915578704857931
0.9917283188590839
0.9918877936943988
0.9920365489369547
0.9921748250296796
0.9923028485256788
0.9924208317675054
0.9925289726246856
0.9926274542787943
0.9927164450502726
0.9927960982587628
0.9928665521132327
0.9929279296245095
0.9929803385377647
0.9930238712812586
0.9930586049267534
0.9930846011611029
0.9931019062654927
0.9931105511013959
0.9931105511013959
0.9931019062654953
0.9930846011611029
0.9930586049267534
0.9930238712812703
0.9929803385377647
0.9929279296245095
0.9928665521132327
0.9927960982587628
0.9927164450502726
0.9926274542788002
0.9925289726246856
0.9924208317675054
0.9923028485256788
0.9921748250296796
0.9920365489369547
0.9918877936944001
0.9917283188590890
0.9915578704857733
0.9913761815930149
0.9911829727214407
0.9909779525990645
0.9907608189300143
0.9905312593278390
0.9902889524157130
0.9900335691188243
0.9897647741809842
0.9894822279387557
0.9891855883956046
0.9888745136416414
0.9885486646773045
0.9882077087035223
0.9878513229583563
0.9874791991918203
0.9870910488915927
0.9866866093935942
0.9862656510474045
0.9858279856431754
0.9853734763662603
0.9849020496224529
0.9844137091871545
0.9839085532929679
0.9833867955222336
0.9828487907538314
0.9822950680771091
0.9817263737449431
0.9811437294934796
0.9805485164311768
0.9799426070985614
0.9793286090780979
0.9794649449118346
0.9800827391224464
0.9806924271926369
0.9812913945020665
0.9818777614801472
0.9824501401208362
0.9830075020126318
0.9835490945205175
0.9840743825232592
0.9845830055048638
0.9850747446758982
0.9855494970491626
0.9860072545629831
0.9864480869991675
0.9868721278326203
0.9872795623974410
0.9876706179189441
0.9880455550679957
0.9884046607728157
0.9887482420830863
0.9890766209168157
0.9893901295565032
0.9896891067830991
0.9899738945550931
0.9902448351561915
0.9905022687461332
0.9907465312583434
0.9909779525990645
0.9911968551053715
0.9914035522279450
0.9915983474089658
0.9917815331276685
0.9919533900914888
0.9921141865533244
0.9922641777368891
0.9924036053548129
0.9925326972079438
0.9926516668526796
0.9927607133262145
0.9928600209226466
0.9929497590103741
0.9930300818848645
0.9931011286512839
0.9931630231315115
0.9932158737913219
0.9932597736847731
0.9932948004102637
0.9933210160795519
0.9933384672947775
0.9933471851321036
0.9933471851321036
0.9933384672947775
0.9933210160795519
0.9932948004102637
0.9932597736847819
0.9932158737913219
0.9931630231315115
0.9931011286512839
0.9930300818848645
0.9929497590103741
0.9928600209226466
0.9927607133262145
0.9926516668526796
0.9925326972079438
0.9924036053548144
0.9922641777368891
0.9921141865533235
0.9919533900914888
0.9917815331276771
0.9915983474089658
0.9914035522279450
0.9911968551053715
0.9909779525990645
0.9907465312583434
0.9905022687461332
0.9902448351561915
0.9899738945550931
0.9896891067830991
0.9893901295565032
0.9890766209168157
0.9887482420830863
0.9884046607728306
0.9880455550679957
0.9876706179189441
0.9872795623974410
0.9868721278326203
0.9864480869991727
0.9860072545629831
0.9855494970491626
0.9850747446758982
0.9845830055048638
0.9840743825232592
0.9835490945205175
0.9830075020126318
0.9824501401208362
0.9818777614801472
0.9812913945020665
0.9806924271926369
0.9800827391224464
0.9794649449118346
0.9795939408433696
0.9802152926533897
0.9808285221653801
0.9814310083653565
0.9820208652821613
0.9825966986159888
0.9831574738489852
0.9837024324916812
0.9842310338714576
0.9847429122657404
0.9852378440547609
0.9857157218200565
0.9861765334832125
0.9866203452309129
0.9870472873645900
0.9874575424627119
0.9878513354013079
0.9882289248930763
0.9885905962816515
0.9889366553838715
0.9892674232130642
0.9895832314507107
0.9898844185539120
0.9901713264084681
0.9904442974506971
0.9907036721910699
0.9909497870880272
0.9911829727214407
0.9914035522279450
0.9916118399612589
0.9918081403492852
0.9919927469200580
0.9921659414741434
0.9923279933860079
0.9924791590125266
0.9926196811980255
0.9927497888595427
0.9928696966425696
0.9929796046361948
0.9930796981385697
0.9931701474664355
0.9932511077998465
0.9933227190580398
0.9933851058007530
0.9934383771501455
0.9934826267301773
0.9935179326202920
0.9935443573203273
0.9935619477256716
0.9935707351088382
0.9935707351088382
0.9935619477256716
0.9935443573203273
0.9935179326202920
0.9934826267301773
0.9934383771501414
0.9933851058007530
0.9933227190580398
0.9932511077998465
0.9931701474664355
0.9930796981385697
0.9929796046361948
0.9928696966425696
0.9927497888595427
0.9926196811980255
0.9924791590125266
0.9923279933860079
0.9921659414741434
0.9919927469200580
0.9918081403492852
0.9916118399612589
0.9914035522279450
0.9911829727214407
0.9909497870880272
0.9907036721910699
0.9904442974506971
0.9901713264084726
0.9898844185539120
0.9895832314506917
0.9892674232130642
0.9889366553838715
0.9885905962816515
0.9882289248930763
0.9878513354013079
0.9874575424627119
0.9870472873645900
0.9866203452309129
0.9861765334832125
0.9857157218200565
0.9852378440547609
0.9847429122657404
0.9842310338714498
0.9837024324916812
0.9831574738489852
0.9825966986159888
0.9820208652821613
0.9814310083653630
0.9808285221653801
0.9802152926533897
0.9795939408433696
0.9797157474717544
0.9803404281382779
0.9809569715530404
0.9815627508934616
0.9821558743623566
0.9827349419179499
0.9832989134593361
0.9838470251300285
0.9843787311533384
0.9848936610035035
0.9853915865870981
0.9858723963644449
0.9863360745023629
0.9867826838078436
0.9872123515800987
0.9876252577692942
0.9880216249892110
0.9884017100455528
0.9887657967144273
0.9891141895664926
0.9894472086710241
0.9897651850452442
0.9900684567402075
0.9903573654698884
0.9906322537099056
0.9908934621990058
0.9911413277878951
0.9913761815930149
0.9915983474089658
0.9918081403492852
0.9920058656839367
0.9921918178468544
0.9923662795922965
0.9925295212788284
0.9926818002650581
0.9928233603993408
0.9929544315940966
0.9930752294695177
0.9931859550581319
0.9932867945622835
0.9933779191537577
0.9934594848124059
0.9935316321945756
0.9935944865292247
0.9936481575343937
0.9936927393525132
0.9937283105004683
0.9937549338317205
0.9937726565085904
0.9937815099826147
0.9937815099826147
0.9937726565085904
0.9937549338317205
0.9937283105004683
0.9936927393525132
0.9936481575343937
0.9935944865292247
0.9935316321945690
0.9934594848124059
0.9933779191537577
0.9932867945622835
0.9931859550581256
0.9930752294695177
0.9929544315940977
0.9928233603993408
0.9926818002650581
0.9925295212788263
0.9923662795922965
0.9921918178468516
0.9920058656839367
0.9918081403492852
0.9915983474089658
0.9913761815930149
0.9911413277878951
0.9908934621990058
0.9906322537099056
0.9903573654698884
0.9900684567402075
0.9897651850452442
0.9894472086710153
0.9891141895664926
0.9887657967144273
0.9884017100455457
0.9880216249892110
0.9876252577692942
0.9872123515800987
0.9867826838078436
0.9863360745023629
0.9858723963644449
0.9853915865870981
0.9848936610035023
0.9843787311533384
0.9838470251300285
0.9832989134593361
0.9827349419179499
0.9821558743623566
0.9815627508934616
0.9809569715530404
0.9803404281382725
0.9797157474717544
0.9798305107311087
0.9804583007351584
0.9810779396573822
0.9816867953998155
0.9822829708624676
0.9828650607688990
0.9834320199167548
0.9839830795332475
0.9845176891545417
0.9850354738291296
0.9855362013284303
0.9860197562873165
0.9864861193722095
0.9869353502227662
0.9873675733079543
0.9877829660826842
0.9881817489960882
0.9885641770093995
0.9889305323627555
0.9892811183844095
0.9896162541775774
0.9899362700519511
0.9902415035890059
0.9905322962520133
0.9908089904632686
0.9910719270846471
0.9913214432477395
0.9915578704857931
0.9917815331276790
0.9919927469200580
0.9921918178468516
0.9923790411207193
0.9925547003229284
0.9927190666731158
0.9928723984104237
0.9930149402720938
0.9931469230541746
0.9932685632461399
0.9933800627249019
0.9934816085036324
0.9935733725232085
0.9936555114840105
0.9937281667082694
0.9937914640296706
0.9938455137058664
0.9938904103493744
0.9939262328738877
0.9939530444539089
0.9939708924941335
0.9939798086090973
0.9939798086090973
0.9939708924941335
0.9939530444539079
0.9939262328738877
0.9938904103493744
0.9938455137058664
0.9937914640296706
0.9937281667082694
0.9936555114840105
0.9935733725232085
0.9934816085036324
0.9933800627249019
0.9932685632461399
0.9931469230541746
0.9930149402720938
0.9928723984104237
0.9927190666731158
0.9925547003229225
0.9923790411207193
0.9921918178468544
0.9919927469200580
0.9917815331276829
0.9915578704857931
0.9913214432477395
0.9910719270846471
0.9908089904632686
0.9905322962520133
0.9902415035890059
0.9899362700519511
0.9896162541775774
0.9892811183844095
0.9889305323627555
0.9885641770093995
0.9881817489960882
0.9877829660826842
0.9873675733079543
0.9869353502227662
0.9864861193722132
0.9860197562873165
0.9855362013284303
0.9850354738291296
0.9845176891545417
0.9839830795332475
0.9834320199167548
0.9828650607688990
0.9822829708624676
0.9816867953998155
0.9810779396573822
0.9804583007351584
0.9798305107311087
0.9799383713781515
0.9805690598260886
0.9811915844141137
0.9818033082552586
0.9824023294274874
0.9829872378848064
0.9835569837672488
0.9841107938050146
0.9846481132338663
0.9851685630325268
0.9856719071560019
0.9861580266967975
0.9866268990662381
0.9870785809451156
0.9875131941441158
0.9879309137603822
0.9883319581819193
0.9887165805981730
0.9890850617571898
0.9894377037623394
0.9897748247448140
0.9900967542790957
0.9904038294318295
0.9906963913534786
0.9909747823377184
0.9912393432839046
0.9914904115084637
0.9917283188590840
0.9919533900914888
0.9921659414741434
0.9923662795922965
0.9925547003229284
0.9927314879615424
0.9928969144766926
0.9930512388800380
0.9931947066910420
0.9933275494887831
0.9934499845350427
0.9935622144595293
0.9936644270004523
0.9937567947882565
0.9938394751708358
0.9939126100692508
0.9939763258627294
0.9940307332958758
0.9940759274058403
0.9941119874656281
0.9941389769400760
0.9941569434536636
0.9941659187681925
0.9941659187681925
0.9941569434536636
0.9941389769400760
0.9941119874656309
0.9940759274058403
0.9940307332958789
0.9939763258627294
0.9939126100692508
0.9938394751708419
0.9937567947882565
0.9936644270004523
0.9935622144595293
0.9934499845350427
0.9933275494887831
0.9931947066910420
0.9930512388800380
0.9928969144766926
0.9927314879615544
0.9925547003229284
0.9923662795922965
0.9921659414741434
0.9919533900914888
0.9917283188590890
0.9914904115084637
0.9912393432839046
0.9909747823377184
0.9906963913534786
0.9904038294318295
0.9900967542790957
0.9897748247448176
0.9894377037623555
0.9890850617571898
0.9887165805981726
0.9883319581819193
0.9879309137603822
0.9875131941441158
0.9870785809451156
0.9866268990662381
0.9861580266967975
0.9856719071560019
0.9851685630325268
0.9846481132338663
0.9841107938050146
0.9835569837672488
0.9829872378848064
0.9824023294274942
0.9818033082552586
0.9811915844141137
0.9805690598260886
0.9799383713781515
0.9800394645481130
0.9806728485940764
0.9812980569904762
0.9819124485067192
0.9825141168399231
0.9831016476029446
0.9836739866893442
0.9842303567198558
0.9847701989930427
0.9852931307501736
0.9857989124323936
0.9862874218594622
0.9867586334242981
0.9872126010525285
0.9876494440672045
0.9880693353473118
0.9884724913282881
0.9888591635088702
0.9892296311984454
0.9895841953049732
0.9899231729943960
0.9902468930935003
0.9905556921229358
0.9908499108743699
0.9911298914536610
0.9913959747268186
0.9916484981153971
0.9918877936943988
0.9921141865533289
0.9923279933860079
0.9925295212788263
0.9927190666731158
0.9928969144766926
0.9930633373079059
0.9932185948513897
0.9933629333141785
0.9934965849655699
0.9936197677511813
0.9937326849699689
0.9938355250062045
0.9939284611067891
0.9940116511990272
0.9940852377415390
0.9941493476035759
0.9942040919681918
0.9942495662551245
0.9942858500610704
0.9943130071128120
0.9943310852336297
0.9943401163184304
0.9943401163184304
0.9943310852336297
0.9943130071128120
0.9942858500610704
0.9942495662551197
0.9942040919681918
0.9941493476035641
0.9940852377415390
0.9940116511990332
0.9939284611067891
0.9938355250062045
0.9937326849699689
0.9936197677511813
0.9934965849655699
0.9933629333141785
0.9932185948513902
0.9930633373079059
0.9928969144766926
0.9927190666731158
0.9925295212788263
0.9923279933860079
0.9921141865533289
0.9918877936943988
0.9916484981153971
0.9913959747268186
0.9911298914536610
0.9908499108743650
0.9905556921229358
0.9902468930935003
0.9899231729943960
0.9895841953049732
0.9892296311984454
0.9888591635088702
0.9884724913282881
0.9880693353473118
0.9876494440672047
0.9872126010525285
0.9867586334242981
0.9862874218594622
0.9857989124323936
0.9852931307501736
0.9847701989930406
0.9842303567198556
0.9836739866893442
0.9831016476029446
0.9825141168399231
0.9819124485067192
0.9812980569904762
0.9806728485940764
0.9800394645481130
0.9801339193674755
0.9807698036569268
0.9813975014391182
0.9820143675493217
0.9826184917088348
0.9832084555852876
0.9837832012067337
0.9843419474454922
0.9848841320014922
0.9854093686917994
0.9859174147297722
0.9864081449196005
0.9868815308634877
0.9873376239301870
0.9877765411243986
0.9881984532467621
0.9886035748933827
0.9889921559582143
0.9893644743743859
0.9897208298935818
0.9900615387350624
0.9903869289763985
0.9906973365755832
0.9909931019329523
0.9912745669209001
0.9915420723154597
0.9917959555778665
0.9920365489369547
0.9922641777368891
0.9924791590125266
0.9926818002650568
0.9928723984104237
0.9930512388800380
0.9932185948513902
0.9933747265949286
0.9935198809180908
0.9936542906966838
0.9937781744800425
0.9938917361597985
0.9939951646939101
0.9940886338780532
0.9941723021571357
0.9942463124703317
0.9943107921257289
0.9943658526995721
0.9944115899552941
0.9944480837802839
0.9944753981375735
0.9944935810286212
0.9945026644684717
0.9945026644684717
0.9944935810286212
0.9944753981375735
0.9944480837802839
0.9944115899552941
0.9943658526995721
0.9943107921257289
0.9942463124703256
0.9941723021571357
0.9940886338780532
0.9939951646939138
0.9938917361597985
0.9937781744800425
0.9936542906966865
0.9935198809180826
0.9933747265949286
0.9932185948513902
0.9930512388800408
0.9928723984104237
0.9926818002650568
0.9924791590125266
0.9922641777368891
0.9920365489369547
0.9917959555778665
0.9915420723154597
0.9912745669209001
0.9909931019329635
0.9906973365755852
0.9903869289763985
0.9900615387350624
0.9897208298935818
0.9893644743743859
0.9889921559582143
0.9886035748933827
0.9881984532467633
0.9877765411243986
0.9873376239301870
0.9868815308634877
0.9864081449196032
0.9859174147297722
0.9854093686917994
0.9848841320014922
0.9843419474454922
0.9837832012067337
0.9832084555852876
0.9826184917088348
0.9820143675493217
0.9813975014391182
0.9807698036569268
0.9801339193674852
0.9802218586180261
0.9808600547514428
0.9814900544015800
0.9821092088456513
0.9827156042043413
0.9833078185666368
0.9838847904477092
0.9844457353095069
0.9849900875693437
0.9855174579158813
0.9860276006047873
0.9865203876703273
0.9869957881433765
0.9874538510284533
0.9878946911781420
0.9883184774549263
0.9887254227311497
0.9891157753871246
0.9894898120485111
0.9898478313576426
0.9901901486150204
0.9905170911599142
0.9908289943804279
0.9911261982654326
0.9914090444210377
0.9916778734897949
0.9919330229185713
0.9921748250296796
0.9924036053548162
0.9926196811980255
0.9928233603993408
0.9930149402720938
0.9931947066910420
0.9933629333141717
0.9935198809180907
0.9936657968330342
0.9938009144660942
0.9939254528967806
0.9940396165396761
0.9941435948607501
0.9942375621428607
0.9943216772907654
0.9943960836720671
0.9944609089868669
0.9945162651624213
0.9945622482698889
0.9945989384572107
0.9946263998987142
0.9946446807561924
0.9946538131522090
0.9946538131522090
0.9946446807562018
0.9946263998987142
0.9945989384572107
0.9945622482698889
0.9945162651624213
0.9944609089868724
0.9943960836720671
0.9943216772907654
0.9942375621428780
0.9941435948607538
0.9940396165396761
0.9939254528967806
0.9938009144660942
0.9936657968330342
0.9935198809180908
0.9933629333141717
0.9931947066910420
0.9930149402720938
0.9928233603993385
0.9926196811980255
0.9924036053548094
0.9921748250296861
0.9919330229185713
0.9916778734897949
0.9914090444210379
0.9911261982654326
0.9908289943804279
0.9905170911599142
0.9901901486150204
0.9898478313576426
0.9894898120485111
0.9891157753871246
0.9887254227311497
0.9883184774549263
0.9878946911781420
0.9874538510284551
0.9869957881433765
0.9865203876703273
0.9860276006047778
0.9855174579158813
0.9849900875693437
0.9844457353095069
0.9838847904477092
0.9833078185666368
0.9827156042043413
0.9821092088456513
0.9814900544015799
0.9808600547514428
0.9802218586180261
0.9803033984469687
0.9809437244603547
0.9815758448517232
0.9821971076874804
0.9828055958343722
0.9833998841428921
0.9839789079454961
0.9845418796071829
0.9850882305616634
0.9856175686461432
0.9861296454160721
0.9866243303698371
0.9871015901780075
0.9875614716678964
0.9880040877029713
0.9884296053479275
0.9888382358674516
0.9892302262235957
0.9896058518081498
0.9899654102086346
0.9903092158424495
0.9906375953293883
0.9909508834923153
0.9912494198983318
0.9915335458649999
0.9918036018685612
0.9920599253001423
0.9923028485256788
0.9925326972079521
0.9927497888595427
0.9929544315940977
0.9931469230541747
0.9933275494887831
0.9934965849655699
0.9936542906966865
0.9938009144660942
0.9939366901430426
0.9940618372721939
0.9941765607275093
0.9942810504227784
0.9943754810713368
0.9944600119857326
0.9945347869138574
0.9945999339041307
0.9946555651969091
0.9947017771372845
0.9947386501059204
0.9947662484659163
0.9947846205221079
0.9947937984935025
0.9947937984935025
0.9947846205221079
0.9947662484659163
0.9947386501059204
0.9947017771372845
0.9946555651969091
0.9945999339041307
0.9945347869138574
0.9944600119857326
0.9943754810713368
0.9942810504227784
0.9941765607275093
0.9940618372721939
0.9939366901430429
0.9938009144660942
0.9936542906966865
0.9934965849655699
0.9933275494887831
0.9931469230541747
0.9929544315940977
0.9927497888595437
0.9925326972079438
0.9923028485256788
0.9920599253001423
0.9918036018685612
0.9915335458649905
0.9912494198983318
0.9909508834923153
0.9906375953293883
0.9903092158424495
0.9899654102086346
0.9896058518081520
0.9892302262235957
0.9888382358674516
0.9884296053479275
0.9880040877029713
0.9875614716678964
0.9871015901780075
0.9866243303698362
0.9861296454160721
0.9856175686461432
0.9850882305616634
0.9845418796071829
0.9839789079454961
0.9833998841428989
0.9828055958343722
0.9821971076874804
0.9815758448517232
0.9809437244603547
0.9803033984469687
0.9803786481148669
0.9810209279786255
0.9816549938783771
0.9822781909922186
0.9828885992549737
0.9834847905953814
0.9840656974705934
0.9846305294441891
0.9851787152457235
0.9857098601240828
0.9862237131783630
0.9867201415948839
0.9871991098867969
0.9876606628856844
0.9881049116261890
0.9885320215133505
0.9889422023224618
0.9893356996942287
0.9897127878649881
0.9900737634272634
0.9904189399583554
0.9907486433853450
0.9910632079778662
0.9913629728811402
0.9916482791113850
0.9919194669558744
0.9921768737179323
0.9924208317674929
0.9926516668526796
0.9928696966425696
0.9930752294695169
0.9932685632461348
0.9934499845350427
0.9936197677511813
0.9937781744800425
0.9939254528967806
0.9940618372721939
0.9941875475560719
0.9943027890243817
0.9944077519843340
0.9945026115282749
0.9945875273286068
0.9946626434692772
0.9947280883076217
0.9947839743612916
0.9948303982188520
0.9948674404676018
0.9948951656383332
0.9949136221638771
0.9949228423482356
0.9949228423482356
0.9949136221638771
0.9948951656383332
0.9948674404676018
0.9948303982188520
0.9947839743612916
0.9947280883076217
0.9946626434692772
0.9945875273286052
0.9945026115282749
0.9944077519843340
0.9943027890243817
0.9941875475560719
0.9940618372721939
0.9939254528967806
0.9937781744800425
0.9936197677511813
0.9934499845350485
0.9932685632461348
0.9930752294695169
0.9928696966425696
0.9926516668526796
0.9924208317674929
0.9921768737179323
0.9919194669558744
0.9916482791113844
0.9913629728811402
0.9910632079778662
0.9907486433853450
0.9904189399583554
0.9900737634272634
0.9897127878649881
0.9893356996942287
0.9889422023224618
0.9885320215133505
0.9881049116261890
0.9876606628856844
0.9871991098867969
0.9867201415948839
0.9862237131783630
0.9857098601240828
0.9851787152457235
0.9846305294441891
0.9840656974705934
0.9834847905953814
0.9828885992549737
0.9822781909922186
0.9816549938783771
0.9810209279786255
0.9803786481148669
0.9804477097790596
0.9810917729105061
0.9817276144983020
0.9823525771307570
0.9829647381110276
0.9835626667422575
0.9841452928942632
0.9847118236068062
0.9852616851690619
0.9857944804907303
0.9863099564465694
0.9868079781253002
0.9872885080776562
0.9877515893157721
0.9881973312020620
0.9886258976191201
0.9890374969706585
0.9894323736758467
0.9898108008966948
0.9901730742953185
0.9905195066573549
0.9908504232506531
0.9911661578118989
0.9914670490709206
0.9917534377394485
0.9920256639008226
0.9922840647483046
0.9925289726246856
0.9927607133262145
0.9929796046361948
0.9931859550581256
0.9933800627249018
0.9935622144595293
0.9937326849699689
0.9938917361597985
0.9940396165396761
0.9941765607275178
0.9943027890243817
0.9944185070566500
0.9945239054754695
0.9946191597052949
0.9947044297347111
0.9947798599435492
0.9948455789610603
0.9949016995500261
0.9949483185140089
0.9949855166233349
0.9950133585575333
0.9950318928619649
0.9950411519166450
0.9950411519166450
0.9950318928619649
0.9950133585575359
0.9949855166233349
0.9949483185140089
0.9949016995500261
0.9948455789610603
0.9947798599435492
0.9947044297347111
0.9946191597052949
0.9945239054754695
0.9944185070566500
0.9943027890243817
0.9941765607275178
0.9940396165396761
0.9938917361597985
0.9937326849699781
0.9935622144595293
0.9933800627248994
0.9931859550581319
0.9929796046361948
0.9927607133262145
0.9925289726246856
0.9922840647482926
0.9920256639008226
0.9917534377394485
0.9914670490709206
0.9911661578118989
0.9908504232506531
0.9905195066573549
0.9901730742953185
0.9898108008966936
0.9894323736758467
0.9890374969706541
0.9886258976191201
0.9881973312020620
0.9877515893157721
0.9872885080776562
0.9868079781253002
0.9863099564465694
0.9857944804907303
0.9852616851690619
0.9847118236068048
0.9841452928942632
0.9835626667422575
0.9829647381110276
0.9823525771307570
0.9817276144983020
0.9810917729105061
0.9804477097790596
0.9805106783076256
0.9811563590996082
0.9817938114986121
0.9824203757823106
0.9830341269035527
0.9836336318169046
0.9842178180760142
0.9847858904577459
0.9853372730610673
0.9858715666929850
0.9863885162252017
0.9868879848537548
0.9873699333562199
0.9878344030959330
0.9882815019160663
0.9887113923122844
0.9891242814346320
0.9895204125812571
0.9899000579241816
0.9902635122634131
0.9906110876458685
0.9909431087200834
0.9912599087150927
0.9915618259602608
0.9918492008654720
0.9921223733044652
0.9923816803444999
0.9926274542787943
0.9928600209226466
0.9930796981385697
0.9932867945622835
0.9934816085036364
0.9936644270004518
0.9938355250062045
0.9939951646939101
0.9941435948607538
0.9942810504227784
0.9944077519843340
0.9945239054754695
0.9946297018462664
0.9947253168109667
0.9948109106341680
0.9948866279548516
0.9949525976409559
0.9950089326703793
0.9950557300357422
0.9950930706683193
0.9951210193784790
0.9951396248111979
0.9951489194131699
0.9951489194131699
0.9951396248111979
0.9951210193784790
0.9950930706683193
0.9950557300357422
0.9950089326703793
0.9949525976409559
0.9948866279548516
0.9948109106341680
0.9947253168109667
0.9946297018462664
0.9945239054754695
0.9944077519843263
0.9942810504227795
0.9941435948607530
0.9939951646939101
0.9938355250062045
0.9936644270004518
0.9934816085036324
0.9932867945622835
0.9930796981385702
0.9928600209226466
0.9926274542787943
0.9923816803444956
0.9921223733044652
0.9918492008654720
0.9915618259602588
0.9912599087150927
0.9909431087200834
0.9906110876458685
0.9902635122634124
0.9899000579241816
0.9895204125812571
0.9891242814346320
0.9887113923122844
0.9882815019160663
0.9878344030959330
0.9873699333562199
0.9868879848537548
0.9863885162252017
0.9858715666929850
0.9853372730610673
0.9847858904577459
0.9842178180760142
0.9836336318169046
0.9830341269035527
0.9824203757823106
0.9817938114986121
0.9811563590996082
0.9805106783076256
0.9805676411192467
0.9812147784802018
0.9818536813019437
0.9824816878131432
0.9830968708790953
0.9836977953676885
0.9842833867711854
0.9848528478518106
0.9854056007552421
0.9859412444103088
0.9864595218979191
0.9869602947188935
0.9874435220591018
0.9879092437990959
0.9883575664130269
0.9887886511431216
0.9892027040032780
0.9895999672722227
0.9899807122178768
0.9903452328496141
0.9906938405331822
0.9910268593411387
0.9913446220272788
0.9916474665401334
0.9919357329975593
0.9922097610637624
0.9924698876719616
0.9927164450502726
0.9929497590103741
0.9931701474664355
0.9933779191537577
0.9935733725232085
0.9937567947882565
0.9939284611067891
0.9940886338780532
0.9942375621428780
0.9943754810713485
0.9945026115282749
0.9946191597052949
0.9947253168109660
0.9948212588102092
0.9949071462078927
0.9949831238683743
0.9950493208671576
0.9951058503703285
0.9951528095356238
0.9951902794349091
0.9952183249931930
0.9952369949424201
0.9952463217879468
0.9952463217879468
0.9952369949424201
0.9952183249931930
0.9951902794349091
0.9951528095356298
0.9951058503703285
0.9950493208671576
0.9949831238683796
0.9949071462078927
0.9948212588102092
0.9947253168109660
0.9946191597052949
0.9945026115282749
0.9943754810713485
0.9942375621428678
0.9940886338780532
0.9939284611067891
0.9937567947882565
0.9935733725232085
0.9933779191537577
0.9931701474664355
0.9929497590103760
0.9927164450502726
0.9924698876719598
0.9922097610637700
0.9919357329975593
0.9916474665401334
0.9913446220272788
0.9910268593411387
0.9906938405331822
0.9903452328496148
0.9899807122178768
0.9895999672722227
0.9892027040032780
0.9887886511431216
0.9883575664130269
0.9879092437990959
0.9874435220591018
0.9869602947188935
0.9864595218979191
0.9859412444103088
0.9854056007552421
0.9848528478518106
0.9842833867711854
0.9836977953676885
0.9830968708790960
0.9824816878131432
0.9818536813019437
0.9812147784802018
0.9805676411192467
0.9806186780469484
0.9812671149538259
0.9819073118542793
0.9825366051733342
0.9831530659373413
0.9837552571744612
0.9843421025579312
0.9849128030697135
0.9854667791279305
0.9860036279988607
0.9865230911753378
0.9870250286530399
0.9875093982019484
0.9879762383817391
0.9884256544441737
0.9888578065097560
0.9892728995728159
0.9896711749947590
0.9900529032274868
0.9904183775631684
0.9907679087473281
0.9911018203241393
0.9914204446085286
0.9917241191934568
0.9920131839202772
0.9922879782493168
0.9925488389777005
0.9927960982587628
0.9930300818848645
0.9932511077998465
0.9934594848124059
0.9936555114840079
0.9938394751708419
0.9940116511990328
0.9941723021571357
0.9943216772907654
0.9944600119857326
0.9945875273286052
0.9947044297347111
0.9948109106341680
0.9949071462078928
0.9949932971674527
0.9950695085718758
0.9951359096768644
0.9951926138105744
0.9952397182743153
0.9952773042619140
0.9953054367979112
0.9953241646897624
0.9953335204938646
0.9953335204938646
0.9953241646897624
0.9953054367979112
0.9952773042619140
0.9952397182743153
0.9951926138105744
0.9951359096768644
0.9950695085718758
0.9949932971674595
0.9949071462078927
0.9948109106341680
0.9947044297347111
0.9945875273286068
0.9944600119857326
0.9943216772907654
0.9941723021571357
0.9940116511990296
0.9938394751708358
0.9936555114840057
0.9934594848124059
0.9932511077998465
0.9930300818848645
0.9927960982587628
0.9925488389777005
0.9922879782493168
0.9920131839202772
0.9917241191934568
0.9914204446085286
0.9911018203241452
0.9907679087473281
0.9904183775631699
0.9900529032274868
0.9896711749947590
0.9892728995728159
0.9888578065097560
0.9884256544441737
0.9879762383817391
0.9875093982019484
0.9870250286530399
0.9865230911753452
0.9860036279988607
0.9854667791279307
0.9849128030697135
0.9843421025579312
0.9837552571744612
0.9831530659373413
0.9825366051733342
0.9819073118542789
0.9812671149538259
0.9806186780469509
0.9806638612223476
0.9813134442841294
0.9819547825294037
0.9825852108124075
0.9832027985563111
0.9838061071830185
0.9843940587772343
0.9849658527647669
0.9855209080520434
0.9860588204490294
0.9865793300556963
0.9870822955460167
0.9875676734449658
0.9880355011486345
0.9884858828299609
0.9889189776180383
0.9893349896033912
0.9897341593326144
0.9901167565304484
0.9904830738474641
0.9908334214719807
0.9911681224720168
0.9914875087632287
0.9917919176127509
0.9920816886052995
0.9923571610085644
0.9926186714865010
0.9928665521132327
0.9931011286512839
0.9933227190580398
0.9935316321945690
0.9937281667082694
0.9939126100692508
0.9940852377415387
0.9942463124703256
0.9943960836720671
0.9945347869138688
0.9946626434692772
0.9947798599435492
0.9948866279548552
0.9949831238683741
0.9950695085718814
0.9951459272913867
0.9952125094362168
0.9952693684743600
0.9953166018298217
0.9953542908015052
0.9953825004993108
0.9954012797958467
0.9954106612912380
0.9954106612912380
0.9954012797958467
0.9953825004993108
0.9953542908015052
0.9953166018298217
0.9952693684743600
0.9952125094362168
0.9951459272913867
0.9950695085718814
0.9949831238683741
0.9948866279548552
0.9947798599435492
0.9946626434692772
0.9945347869138688
0.9943960836720671
0.9942463124703249
0.9940852377415390
0.9939126100692508
0.9937281667082694
0.9935316321945756
0.9933227190580398
0.9931011286512839
0.9928665521132327
0.9926186714865010
0.9923571610085644
0.9920816886052995
0.9917919176127509
0.9914875087632287
0.9911681224720168
0.9908334214719807
0.9904830738474641
0.9901167565304484
0.9897341593326144
0.9893349896033912
0.9889189776180383
0.9884858828299609
0.9880355011486345
0.9875676734449658
0.9870822955460167
0.9865793300556963
0.9860588204490294
0.9855209080520434
0.9849658527647669
0.9843940587772343
0.9838061071830185
0.9832027985563111
0.9825852108124075
0.9819547825294037
0.9813134442841294
0.9806638612223476
0.9807032549777143
0.9813538340075662
0.9819961640504608
0.9826275786101483
0.9832461457302651
0.9838504254506010
0.9844393384867424
0.9850120829229992
0.9855680763616084
0.9861069133541931
0.9866283327967768
0.9871321922190833
0.9876184470670211
0.9880871337273616
0.9885383554348524
0.9889722704551135
0.9893890820904935
0.9897890301749116
0.9901723837955200
0.9905394350392968
0.9908904936024039
0.9912258821307817
0.9915459321843467
0.9918509807380189
0.9921413671435030
0.9924174304915433
0.9926795073199932
0.9929279296245095
0.9931630231315112
0.9933851058007481
0.9935944865292247
0.9937914640296688
0.9939763258627190
0.9941493476035650
0.9943107921257420
0.9944609089868724
0.9945999339041307
0.9947280883076104
0.9948455789610603
0.9949525976409559
0.9950493208671576
0.9951359096768644
0.9952125094362168
0.9952792496852798
0.9953362440098326
0.9953835899383090
0.9954213688587213
0.9954496459533493
0.9954684701499411
0.9954778740859729
0.9954778740859729
0.9954684701499411
0.9954496459533493
0.9954213688587213
0.9953835899383090
0.9953362440098326
0.9952792496852798
0.9952125094362168
0.9951359096768644
0.9950493208671576
0.9949525976409559
0.9948455789610557
0.9947280883076217
0.9945999339041307
0.9944609089868724
0.9943107921257420
0.9941493476035759
0.9939763258627190
0.9937914640296688
0.9935944865292247
0.9933851058007509
0.9931630231315112
0.9929279296245095
0.9926795073199947
0.9924174304915433
0.9921413671435030
0.9918509807380189
0.9915459321843467
0.9912258821307817
0.9908904936024039
0.9905394350392968
0.9901723837955200
0.9897890301749116
0.9893890820904935
0.9889722704551135
0.9885383554348524
0.9880871337273616
0.9876184470670211
0.9871321922190833
0.9866283327967768
0.9861069133541931
0.9855680763616084
0.9850120829229992
0.9844393384867424
0.9838504254506010
0.9832461457302651
0.9826275786101483
0.9819961640504608
0.9813538340075662
0.9807032549777143
0.9807369157638657
0.9813883433610237
0.9820315184241832
0.9826637733176028
0.9832831749200974
0.9838882821023193
0.9844780144234292
0.9850515688315109
0.9856083618243046
0.9861479868876423
0.9866701818959533
0.9871748034072821
0.9876618059507397
0.9881312250532306
0.9885831631508226
0.9890177777719894
0.9894352715454882
0.9898358836944940
0.9902198827587914
0.9905875603406101
0.9909392257115263
0.9912752011515978
0.9915958179113716
0.9919014127095545
0.9921923246927561
0.9924688927932473
0.9927314534346356
0.9929803385377651
0.9932158737913219
0.9934383771501406
0.9936481575343937
0.9938455137058664
0.9940307332958721
0.9942040919681918
0.9943658526995721
0.9945162651624213
0.9946555651969091
0.9947839743612916
0.9949016995500261
0.9950089326703793
0.9951058503703285
0.9951926138105744
0.9952693684743600
0.9953362440098326
0.9953933541013117
0.9954407963640836
0.9954786522602613
0.9955069870326947
0.9955258496551614
0.9955352727963771
0.9955352727963771
0.9955258496551614
0.9955069870326947
0.9954786522602613
0.9954407963640837
0.9953933541013117
0.9953362440098326
0.9952693684743600
0.9951926138105744
0.9951058503703285
0.9950089326703793
0.9949016995500333
0.9947839743612916
0.9946555651969091
0.9945162651624213
0.9943658526995721
0.9942040919681918
0.9940307332958721
0.9938455137058664
0.9936481575343937
0.9934383771501414
0.9932158737913238
0.9929803385377647
0.9927314534346356
0.9924688927932490
0.9921923246927561
0.9919014127095545
0.9915958179113716
0.9912752011515978
0.9909392257115263
0.9905875603406101
0.9902198827587914
0.9898358836944940
0.9894352715454882
0.9890177777719894
0.9885831631508226
0.9881312250532306
0.9876618059507397
0.9871748034072821
0.9866701818959533
0.9861479868876423
0.9856083618243046
0.9850515688315109
0.9844780144234323
0.9838882821023193
0.9832831749200974
0.9826637733176028
0.9820315184241832
0.9813883433610237
0.9807369157638657
0.9807648920827036
0.9814170232204311
0.9820608988879861
0.9826938505120189
0.9833139440126394
0.9839197372985944
0.9845101489751545
0.9850843750545226
0.9856418311235010
0.9861821097877348
0.9867049480778758
0.9872102017492007
0.9876978245717134
0.9881678513604272
0.9886203838890049
0.9890555790739490
0.9894736389839162
0.9898748023337767
0.9902593372070172
0.9906275347998921
0.9909797040285839
0.9913161668655507
0.9916372543002869
0.9919433028346304
0.9922346514398815
0.9925116389118483
0.9927746015742545
0.9930238712812586
0.9932597736847731
0.9934826267301773
0.9936927393525099
0.9938904103493744
0.9940759274058403
0.9942495662551215
0.9944115899552946
0.9945622482698891
0.9947017771372736
0.9948303982188520
0.9949483185140066
0.9950557300357422
0.9951528095356238
0.9952397182743078
0.9953166018298217
0.9953835899383094
0.9954407963640836
0.9954883187930371
0.9955262387472958
0.9955546215193612
0.9955735161206061
0.9955829552448463
0.9955829552448463
0.9955735161206061
0.9955546215193612
0.9955262387472958
0.9954883187930371
0.9954407963640836
0.9953835899383094
0.9953166018298217
0.9952397182743078
0.9951528095356298
0.9950557300357422
0.9949483185140066
0.9948303982188520
0.9947017771372750
0.9945622482698891
0.9944115899552940
0.9942495662551215
0.9940759274058403
0.9938904103493744
0.9936927393525099
0.9934826267301773
0.9932597736847731
0.9930238712812586
0.9927746015742545
0.9925116389118483
0.9922346514398815
0.9919433028346304
0.9916372543002869
0.9913161668655507
0.9909797040285839
0.9906275347998921
0.9902593372070172
0.9898748023337767
0.9894736389839162
0.9890555790739490
0.9886203838890049
0.9881678513604272
0.9876978245717134
0.9872102017492017
0.9867049480778758
0.9861821097877348
0.9856418311235010
0.9850843750545226
0.9845101489751545
0.9839197372985944
0.9833139440126394
0.9826938505120189
0.9820608988879861
0.9814170232204311
0.9807648920827036
0.9807872244311485
0.9814399160520119
0.9820843498663087
0.9827178565587618
0.9833385012902227
0.9839448412073254
0.9845357941594906
0.9851105554168400
0.9856685398433861
0.9862093393462589
0.9867326902861248
0.9872384477798181
0.9877265649939748
0.9881970761768797
0.9886500825744529
0.9890857406151602
0.9895042519204420
0.9899058547988479
0.9902908169683864
0.9906594293000713
0.9910120004242824
0.9913488520657674
0.9916703150033601
0.9919767255627188
0.9922684225722861
0.9925457447163640
0.9928090282352180
0.9930586049267492
0.9932948004102637
0.9935179326202920
0.9937283105004683
0.9939262328738877
0.9941119874656281
0.9942858500610704
0.9944480837802839
0.9945989384572089
0.9947386501059204
0.9948674404675998
0.9949855166233326
0.9950930706683193
0.9951902794349091
0.9952773042619140
0.9953542908015104
0.9954213688587155
0.9954786522602613
0.9955262387472958
0.9955642098896004
0.9955926310182569
0.9956115511738867
0.9956210030704113
0.9956210030704113
0.9956115511738867
0.9955926310182558
0.9955642098896071
0.9955262387472958
0.9954786522602613
0.9954213688587213
0.9953542908015052
0.9952773042619140
0.9951902794349091
0.9950930706683193
0.9949855166233349
0.9948674404676018
0.9947386501059204
0.9945989384572089
0.9944480837802839
0.9942858500610704
0.9941119874656281
0.9939262328738877
0.9937283105004683
0.9935179326202920
0.9932948004102637
0.9930586049267534
0.9928090282352180
0.9925457447163640
0.9922684225722861
0.9919767255627254
0.9916703150033601
0.9913488520657674
0.9910120004242829
0.9906594293000713
0.9902908169683864
0.9899058547988479
0.9895042519204420
0.9890857406151602
0.9886500825744529
0.9881970761768797
0.9877265649939748
0.9872384477798137
0.9867326902861248
0.9862093393462810
0.9856685398433859
0.9851105554168400
0.9845357941594906
0.9839448412073254
0.9833385012902268
0.9827178565587618
0.9820843498663087
0.9814399160520119
0.9807872244311485
0.9808039452573299
0.9814570558729533
0.9821019069370669
0.9827358285824547
0.9833568854051621
0.9839636339844620
0.9845549916070905
0.9851301529905256
0.9856885324601260
0.9862297214024787
0.9867534556781654
0.9872595899281531
0.9877480768681434
0.9882189503235713
0.9886723111454854
0.9891083153973538
0.9895271643657000
0.9899290960545101
0.9903143779075246
0.9906833005514961
0.9910361724016983
0.9913733149962761
0.9916950589544014
0.9920017404688648
0.9922936982592695
0.9925712709242305
0.9928347946402746
0.9930846011611029
0.9933210160795519
0.9935443573203273
0.9937549338317205
0.9939530444539089
0.9941389769400760
0.9943130071128120
0.9944753981375735
0.9946263998987189
0.9947662484659040
0.9948951656383371
0.9950133585575328
0.9951210193784790
0.9952183249931930
0.9953054367979112
0.9953825004993108
0.9954496459533478
0.9955069870326947
0.9955546215193612
0.9955926310182569
0.9956210808887243
0.9956400201934793
0.9956494816607179
0.9956494816607179
0.9956400201934793
0.9956210808887243
0.9955926310182569
0.9955546215193612
0.9955069870326947
0.9954496459533478
0.9953825004993108
0.9953054367979112
0.9952183249931930
0.9951210193784790
0.9950133585575328
0.9948951656383332
0.9947662484659040
0.9946263998987189
0.9944753981375735
0.9943130071128120
0.9941389769400760
0.9939530444539089
0.9937549338317205
0.9935443573203273
0.9933210160795519
0.9930846011611029
0.9928347946402746
0.9925712709242305
0.9922936982592695
0.9920017404688648
0.9916950589544014
0.9913733149962761
0.9910361724016983
0.9906833005514961
0.9903143779075246
0.9899290960545086
0.9895271643657000
0.9891083153973538
0.9886723111454854
0.9882189503235713
0.9877480768681437
0.9872595899281531
0.9867534556781654
0.9862297214024854
0.9856885324601260
0.9851301529905256
0.9845549916070865
0.9839636339844620
0.9833568854051621
0.9827358285824547
0.9821019069370669
0.9814570558729533
0.9808039452573136
0.9808150789260089
0.9814684682213108
0.9821135968052148
0.9827477944448606
0.9833691253617536
0.9839761457591014
0.9845677725504941
0.9851432000865480
0.9857018423352870
0.9862432903378359
0.9867672796230736
0.9872736645153996
0.9877623974312888
0.9882335119146280
0.9886871085539026
0.9891233431700742
0.9895424168262602
0.9899445673237102
0.9903300619232813
0.9906991910885370
0.9910522630911666
0.9913895993441640
0.9917115303601953
0.9920183922422875
0.9923105236370617
0.9925882630856506
0.9928519467206668
0.9931019062654927
0.9933384672947775
0.9935619477256716
0.9937726565085910
0.9939708924941335
0.9941569434536636
0.9943310852336239
0.9944935810286212
0.9946446807561924
0.9947846205221079
0.9949136221638771
0.9950318928619649
0.9951396248111979
0.9952369949424201
0.9953241646897624
0.9954012797958467
0.9954684701499428
0.9955258496551614
0.9955735161206061
0.9956115511738867
0.9956400201934793
0.9956589722561175
0.9956684400998849
0.9956684400998878
0.9956589722561177
0.9956400201934793
0.9956115511738867
0.9955735161206061
0.9955258496551614
0.9954684701499428
0.9954012797958467
0.9953241646897624
0.9952369949424257
0.9951396248111979
0.9950318928619649
0.9949136221638771
0.9947846205221079
0.9946446807561924
0.9944935810286212
0.9943310852336239
0.9941569434536691
0.9939708924941335
0.9937726565085910
0.9935619477256716
0.9933384672947775
0.9931019062654927
0.9928519467206668
0.9925882630856506
0.9923105236370631
0.9920183922422875
0.9917115303601953
0.9913895993441640
0.9910522630911666
0.9906991910885375
0.9903300619232813
0.9899445673237102
0.9895424168262602
0.9891233431700742
0.9886871085539026
0.9882335119146036
0.9877623974312888
0.9872736645153996
0.9867672796230736
0.9862432903378359
0.9857018423352870
0.9851432000865428
0.9845677725505050
0.9839761457591014
0.9833691253617536
0.9827477944448606
0.9821135968052079
0.9814684682213108
0.9808150789260089
0.9808206416942854
0.9814741701344907
0.9821194372844682
0.9827537727290760
0.9833752405032693
0.9839823966227151
0.9845741578150697
0.9851497182481612
0.9857084917119395
0.9862500690749529
0.9867741857007086
0.9872806957555853
0.9877695515069824
0.9882407863581962
0.9886945007666585
0.9891308504318497
0.9895500363057687
0.9899522960881276
0.9903378969481482
0.9907071292678432
0.9910603012469099
0.9913977342361660
0.9917197586941883
0.9920267106794511
0.9923189288016271
0.9925967515726146
0.9928605151032361
0.9931105511013959
0.9933471851321080
0.9935707351088382
0.9937815099826147
0.9939798086090997
0.9941659187681925
0.9943401163184304
0.9945026644684690
0.9946538131522090
0.9947937984935024
0.9949228423482429
0.9950411519166450
0.9951489194131692
0.9952463217879461
0.9953335204938646
0.9954106612912380
0.9954778740859729
0.9955352727963771
0.9955829552448320
0.9956210030704113
0.9956494816607179
0.9956684400998878
0.9956779111308374
0.9956779111308374
0.9956684400998878
0.9956494816607085
0.9956210030704113
0.9955829552448320
0.9955352727963771
0.9954778740859729
0.9954106612912380
0.9953335204938646
0.9952463217879468
0.9951489194131692
0.9950411519166450
0.9949228423482356
0.9947937984935024
0.9946538131522090
0.9945026644684717
0.9943401163184304
0.9941659187681925
0.9939798086090973
0.9937815099826147
0.9935707351088372
0.9933471851321080
0.9931105511013959
0.9928605151032380
0.9925967515726085
0.9923189288016508
0.9920267106794511
0.9917197586941883
0.9913977342361660
0.9910603012469099
0.9907071292678432
0.9903378969481482
0.9899522960881276
0.9895500363057697
0.9891308504318497
0.9886945007666560
0.9882407863581962
0.9877695515069891
0.9872806957555853
0.9867741857007086
0.9862500690749529
0.9857084917119395
0.9851497182481612
0.9845741578150697
0.9839823966226934
0.9833752405032693
0.9827537727290760
0.9821194372844682
0.9814741701344907
0.9808206416942854
0.9808206416942822
0.9814741701344907
0.9821194372844682
0.9827537727290760
0.9833752405032693
0.9839823966226934
0.9845741578150697
0.9851497182481634
0.9857084917119395
0.9862500690749529
0.9867741857007070
0.9872806957555853
0.9877695515069824
0.9882407863581962
0.9886945007666560
0.9891308504318497
0.9895500363057644
0.9899522960881276
0.9903378969481482
0.9907071292678432
0.9910603012469099
0.9913977342361655
0.9917197586941883
0.9920267106794511
0.9923189288016196
0.9925967515726146
0.9928605151032380
0.9931105511013937
0.9933471851321036
0.9935707351088382
0.9937815099826147
0.9939798086090973
0.9941659187681925
0.9943401163184304
0.9945026644684706
0.9946538131522090
0.9947937984935025
0.9949228423482429
0.9950411519166450
0.9951489194131692
0.9952463217879468
0.9953335204938646
0.9954106612912428
0.9954778740859729
0.9955352727963771
0.9955829552448320
0.9956210030704113
0.9956494816607179
0.9956684400998878
0.9956779111308374
0.9956779111308374
0.9956684400998849
0.9956494816607179
0.9956210030704113
0.9955829552448320
0.9955352727963771
0.9954778740859729
0.9954106612912380
0.9953335204938646
0.9952463217879468
0.9951489194131692
0.9950411519166450
0.9949228423482429
0.9947937984935025
0.9946538131522090
0.9945026644684845
0.9943401163184304
0.9941659187681925
0.9939798086090997
0.9937815099826147
0.9935707351088382
0.9933471851321036
0.9931105511013937
0.9928605151032380
0.9925967515726146
0.9923189288016196
0.9920267106794511
0.9917197586941883
0.9913977342361571
0.9910603012469099
0.9907071292678432
0.9903378969481482
0.9899522960881276
0.9895500363057644
0.9891308504318497
0.9886945007666560
0.9882407863581962
0.9877695515069891
0.9872806957555853
0.9867741857007104
0.9862500690749529
0.9857084917119395
0.9851497182481634
0.9845741578150697
0.9839823966226934
0.9833752405032693
0.9827537727290760
0.9821194372844682
0.9814741701344907
0.9808206416942822
0.9808150789260086
0.9814684682213108
0.9821135968052130
0.9827477944448606
0.9833691253617536
0.9839761457591014
0.9845677725504941
0.9851432000865480
0.9857018423352870
0.9862432903378359
0.9867672796230736
0.9872736645153996
0.9877623974312888
0.9882335119146280
0.9886871085539026
0.9891233431700742
0.9895424168262595
0.9899445673237102
0.9903300619232813
0.9906991910885375
0.9910522630911666
0.9913895993441640
0.9917115303601953
0.9920183922422785
0.9923105236370618
0.9925882630856506
0.9928519467206681
0.9931019062654953
0.9933384672947775
0.9935619477256716
0.9937726565085910
0.9939708924941335
0.9941569434536691
0.9943310852336297
0.9944935810286212
0.9946446807561924
0.9947846205221079
0.9949136221638771
0.9950318928619649
0.9951396248111979
0.9952369949424201
0.9953241646897624
0.9954012797958467
0.9954684701499428
0.9955258496551614
0.9955735161206061
0.9956115511738867
0.9956400201934793
0.9956589722561134
0.9956684400998838
0.9956684400998849
0.9956589722561136
0.9956400201934793
0.9956115511738867
0.9955735161206061
0.9955258496551614
0.9954684701499411
0.9954012797958467
0.9953241646897624
0.9952369949424201
0.9951396248111979
0.9950318928619649
0.9949136221638771
0.9947846205221079
0.9946446807561924
0.9944935810286212
0.9943310852336297
0.9941569434536636
0.9939708924941335
0.9937726565085910
0.9935619477256665
0.9933384672947775
0.9931019062654927
0.9928519467206681
0.9925882630856506
0.9923105236370632
0.9920183922422785
0.9917115303601953
0.9913895993441640
0.9910522630911666
0.9906991910885375
0.9903300619232813
0.9899445673237102
0.9895424168262595
0.9891233431700742
0.9886871085539026
0.9882335119146280
0.9877623974312888
0.9872736645153996
0.9867672796230736
0.9862432903378359
0.9857018423352870
0.9851432000865480
0.9845677725504941
0.9839761457591014
0.9833691253617536
0.9827477944448606
0.9821135968052148
0.9814684682213108
0.9808150789260086
0.9808039452573152
0.9814570558729538
0.9821019069370642
0.9827358285824547
0.9833568854051614
0.9839636339844620
0.9845549916070865
0.9851301529905256
0.9856885324601260
0.9862297214024787
0.9867534556781654
0.9872595899281531
0.9877480768681440
0.9882189503235713
0.9886723111454854
0.9891083153973538
0.9895271643657000
0.9899290960545064
0.9903143779075246
0.9906833005514961
0.9910361724016983
0.9913733149962761
0.9916950589544014
0.9920017404688648
0.9922936982592695
0.9925712709242305
0.9928347946402746
0.9930846011611115
0.9933210160795519
0.9935443573203273
0.9937549338317205
0.9939530444539089
0.9941389769400760
0.9943130071128120
0.9944753981375735
0.9946263998987142
0.9947662484659163
0.9948951656383361
0.9950133585575333
0.9951210193784790
0.9952183249931930
0.9953054367979112
0.9953825004993108
0.9954496459533478
0.9955069870326947
0.9955546215193612
0.9955926310182569
0.9956210808887227
0.9956400201934793
0.9956494816607179
0.9956494816607179
0.9956400201934793
0.9956210808887243
0.9955926310182569
0.9955546215193612
0.9955069870326947
0.9954496459533536
0.9953825004993108
0.9953054367979112
0.9952183249931930
0.9951210193784790
0.9950133585575333
0.9948951656383332
0.9947662484659163
0.9946263998987142
0.9944753981375735
0.9943130071128120
0.9941389769400760
0.9939530444539089
0.9937549338317205
0.9935443573203273
0.9933210160795519
0.9930846011611029
0.9928347946402746
0.9925712709242305
0.9922936982592673
0.9920017404688648
0.9916950589544125
0.9913733149962761
0.9910361724016983
0.9906833005514961
0.9903143779075285
0.9899290960545064
0.9895271643657000
0.9891083153973538
0.9886723111454854
0.9882189503235786
0.9877480768681434
0.9872595899281531
0.9867534556781654
0.9862297214024787
0.9856885324601260
0.9851301529905256
0.9845549916070958
0.9839636339844620
0.9833568854051614
0.9827358285824548
0.9821019069370642
0.9814570558729534
0.9808039452573299
0.9807872244311485
0.9814399160520119
0.9820843498663087
0.9827178565587618
0.9833385012902227
0.9839448412073254
0.9845357941594906
0.9851105554168378
0.9856685398433861
0.9862093393462810
0.9867326902861248
0.9872384477798116
0.9877265649939748
0.9881970761768797
0.9886500825744529
0.9890857406151602
0.9895042519204420
0.9899058547988479
0.9902908169683975
0.9906594293000713
0.9910120004242829
0.9913488520657674
0.9916703150033601
0.9919767255627188
0.9922684225722861
0.9925457447163640
0.9928090282352172
0.9930586049267534
0.9932948004102637
0.9935179326202920
0.9937283105004683
0.9939262328738877
0.9941119874656281
0.9942858500610704
0.9944480837802839
0.9945989384572106
0.9947386501059204
0.9948674404676018
0.9949855166233349
0.9950930706683193
0.9951902794349091
0.9952773042619140
0.9953542908015104
0.9954213688587155
0.9954786522602613
0.9955262387472958
0.9955642098896004
0.9955926310182569
0.9956115511738867
0.9956210030704113
0.9956210030704113
0.9956115511738867
0.9955926310182569
0.9955642098896004
0.9955262387472958
0.9954786522602613
0.9954213688587155
0.9953542908015052
0.9952773042619140
0.9951902794349091
0.9950930706683193
0.9949855166233349
0.9948674404676018
0.9947386501059204
0.9945989384572106
0.9944480837802839
0.9942858500610704
0.9941119874656281
0.9939262328738877
0.9937283105004683
0.9935179326202920
0.9932948004102637
0.9930586049267534
0.9928090282352180
0.9925457447163640
0.9922684225722923
0.9919767255627188
0.9916703150033601
0.9913488520657674
0.9910120004242829
0.9906594293000651
0.9902908169684124
0.9899058547988479
0.9895042519204420
0.9890857406151602
0.9886500825744529
0.9881970761768797
0.9877265649939748
0.9872384477798228
0.9867326902861248
0.9862093393462589
0.9856685398433861
0.9851105554168387
0.9845357941594906
0.9839448412073254
0.9833385012902227
0.9827178565587618
0.9820843498663112
0.9814399160520119
0.9807872244311485
0.9807648920826987
0.9814170232204307
0.9820608988879861
0.9826938505120189
0.9833139440126394
0.9839197372985944
0.9845101489751545
0.9850843750545226
0.9856418311235010
0.9861821097877348
0.9867049480778758
0.9872102017492007
0.9876978245717134
0.9881678513604272
0.9886203838890049
0.9890555790739490
0.9894736389839148
0.9898748023337764
0.9902593372070172
0.9906275347998921
0.9909797040285839
0.9913161668655507
0.9916372543002915
0.9919433028346304
0.9922346514398815
0.9925116389118483
0.9927746015742489
0.9930238712812599
0.9932597736847819
0.9934826267301773
0.9936927393525175
0.9938904103493744
0.9940759274058403
0.9942495662551215
0.9944115899552946
0.9945622482698891
0.9947017771372750
0.9948303982188520
0.9949483185140089
0.9950557300357422
0.9951528095356238
0.9952397182743153
0.9953166018298217
0.9953835899383094
0.9954407963640836
0.9954883187930371
0.9955262387472958
0.9955546215193612
0.9955735161206061
0.9955829552448466
0.9955829552448320
0.9955735161206061
0.9955546215193612
0.9955262387472958
0.9954883187930371
0.9954407963640836
0.9953835899383094
0.9953166018298217
0.9952397182743140
0.9951528095356298
0.9950557300357422
0.9949483185140089
0.9948303982188520
0.9947017771372845
0.9945622482698891
0.9944115899552940
0.9942495662551215
0.9940759274058403
0.9938904103493744
0.9936927393525140
0.9934826267301773
0.9932597736847819
0.9930238712812586
0.9927746015742489
0.9925116389118387
0.9922346514398844
0.9919433028346302
0.9916372543002869
0.9913161668655507
0.9909797040285825
0.9906275347998921
0.9902593372070172
0.9898748023337753
0.9894736389839148
0.9890555790739490
0.9886203838890049
0.9881678513604272
0.9876978245717134
0.9872102017492054
0.9867049480778758
0.9861821097877348
0.9856418311235010
0.9850843750545226
0.9845101489751545
0.9839197372985944
0.9833139440126394
0.9826938505120189
0.9820608988879861
0.9814170232204307
0.9807648920827036
0.9807369157638645
0.9813883433610096
0.9820315184241832
0.9826637733176028
0.9832831749200974
0.9838882821023193
0.9844780144234292
0.9850515688315152
0.9856083618243046
0.9861479868876423
0.9866701818959533
0.9871748034072821
0.9876618059507397
0.9881312250532306
0.9885831631508226
0.9890177777719894
0.9894352715454882
0.9898358836944940
0.9902198827587914
0.9905875603406101
0.9909392257115263
0.9912752011515978
0.9915958179113817
0.9919014127095545
0.9921923246927561
0.9924688927932491
0.9927314534346356
0.9929803385377647
0.9932158737913238
0.9934383771501414
0.9936481575343937
0.9938455137058664
0.9940307332958721
0.9942040919681918
0.9943658526995721
0.9945162651624213
0.9946555651969091
0.9947839743612916
0.9949016995500261
0.9950089326703793
0.9951058503703285
0.9951926138105744
0.9952693684743600
0.9953362440098317
0.9953933541013117
0.9954407963640836
0.9954786522602613
0.9955069870326947
0.9955258496551614
0.9955352727963771
0.9955352727963771
0.9955258496551614
0.9955069870326947
0.9954786522602613
0.9954407963640836
0.9953933541013117
0.9953362440098317
0.9952693684743600
0.9951926138105744
0.9951058503703285
0.9950089326703793
0.9949016995500261
0.9947839743612916
0.9946555651969091
0.9945162651624213
0.9943658526995721
0.9942040919681918
0.9940307332958721
0.9938455137058664
0.9936481575343937
0.9934383771501414
0.9932158737913219
0.9929803385377647
0.9927314534346356
0.9924688927932491
0.9921923246927561
0.9919014127095545
0.9915958179113817
0.9912752011515903
0.9909392257115263
0.9905875603406101
0.9902198827587914
0.9898358836944940
0.9894352715454882
0.9890177777719894
0.9885831631508226
0.9881312250532306
0.9876618059507397
0.9871748034072821
0.9866701818959533
0.9861479868876423
0.9856083618243046
0.9850515688315152
0.9844780144234292
0.9838882821023193
0.9832831749200974
0.9826637733176028
0.9820315184241832
0.9813883433610237
0.9807369157638657
0.9807032549777143
0.9813538340075662
0.9819961640504608
0.9826275786101430
0.9832461457302671
0.9838504254505982
0.9844393384867397
0.9850120829229992
0.9855680763616084
0.9861069133541931
0.9866283327967768
0.9871321922190833
0.9876184470670211
0.9880871337273616
0.9885383554348524
0.9889722704551133
0.9893890820904935
0.9897890301749116
0.9901723837955227
0.9905394350393041
0.9908904936024039
0.9912258821307817
0.9915459321843467
0.9918509807380189
0.9921413671435030
0.9924174304915423
0.9926795073199947
0.9929279296245095
0.9931630231315115
0.9933851058007509
0.9935944865292247
0.9937914640296688
0.9939763258627190
0.9941493476035650
0.9943107921257420
0.9944609089868669
0.9945999339041307
0.9947280883076104
0.9948455789610603
0.9949525976409601
0.9950493208671576
0.9951359096768644
0.9952125094362168
0.9952792496852798
0.9953362440098317
0.9953835899383094
0.9954213688587155
0.9954496459533536
0.9954684701499428
0.9954778740859729
0.9954778740859729
0.9954684701499428
0.9954496459533478
0.9954213688587213
0.9953835899383090
0.9953362440098326
0.9952792496852798
0.9952125094362168
0.9951359096768644
0.9950493208671576
0.9949525976409601
0.9948455789610603
0.9947280883076104
0.9945999339041307
0.9944609089868761
0.9943107921257420
0.9941493476035650
0.9939763258627294
0.9937914640296688
0.9935944865292247
0.9933851058007509
0.9931630231315115
0.9929279296245095
0.9926795073199947
0.9924174304915433
0.9921413671435030
0.9918509807380189
0.9915459321843467
0.9912258821307817
0.9908904936024039
0.9905394350393041
0.9901723837955200
0.9897890301749116
0.9893890820904935
0.9889722704551133
0.9885383554348524
0.9880871337273616
0.9876184470670211
0.9871321922190833
0.9866283327967768
0.9861069133541931
0.9855680763616084
0.9850120829229992
0.9844393384867397
0.9838504254505982
0.9832461457302671
0.9826275786101392
0.9819961640504608
0.9813538340075662
0.9807032549777143
0.9806638612223476
0.9813134442841336
0.9819547825294037
0.9825852108124075
0.9832027985563249
0.9838061071830185
0.9843940587772343
0.9849658527647653
0.9855209080520434
0.9860588204490240
0.9865793300557127
0.9870822955460187
0.9875676734449658
0.9880355011486377
0.9884858828299609
0.9889189776180383
0.9893349896033912
0.9897341593326144
0.9901167565304484
0.9904830738474641
0.9908334214719807
0.9911681224720168
0.9914875087632287
0.9917919176127509
0.9920816886052995
0.9923571610085603
0.9926186714865010
0.9928665521132327
0.9931011286512839
0.9933227190580398
0.9935316321945756
0.9937281667082694
0.9939126100692529
0.9940852377415387
0.9942463124703254
0.9943960836720671
0.9945347869138688
0.9946626434692776
0.9947798599435492
0.9948866279548516
0.9949831238683743
0.9950695085718758
0.9951459272913867
0.9952125094362168
0.9952693684743600
0.9953166018298150
0.9953542908015052
0.9953825004993108
0.9954012797958467
0.9954106612912380
0.9954106612912380
0.9954012797958467
0.9953825004993108
0.9953542908015052
0.9953166018298150
0.9952693684743600
0.9952125094362168
0.9951459272913867
0.9950695085718758
0.9949831238683796
0.9948866279548552
0.9947798599435388
0.9946626434692772
0.9945347869138574
0.9943960836720671
0.9942463124703249
0.9940852377415350
0.9939126100692529
0.9937281667082694
0.9935316321945700
0.9933227190580398
0.9931011286512839
0.9928665521132327
0.9926186714865010
0.9923571610085644
0.9920816886052995
0.9917919176127509
0.9914875087632287
0.9911681224720168
0.9908334214719807
0.9904830738474641
0.9901167565304446
0.9897341593326144
0.9893349896033912
0.9889189776180383
0.9884858828299609
0.9880355011486345
0.9875676734449604
0.9870822955460187
0.9865793300557038
0.9860588204490293
0.9855209080520434
0.9849658527647669
0.9843940587772343
0.9838061071830185
0.9832027985563249
0.9825852108124075
0.9819547825294037
0.9813134442841294
0.9806638612223476
0.9806186780469484
0.9812671149538259
0.9819073118542789
0.9825366051733342
0.9831530659373413
0.9837552571744612
0.9843421025579312
0.9849128030697135
0.9854667791279305
0.9860036279988607
0.9865230911753378
0.9870250286530406
0.9875093982019487
0.9879762383817391
0.9884256544441737
0.9888578065097560
0.9892728995728159
0.9896711749947590
0.9900529032274868
0.9904183775631699
0.9907679087473281
0.9911018203241461
0.9914204446085209
0.9917241191934497
0.9920131839202786
0.9922879782493168
0.9925488389777005
0.9927960982587628
0.9930300818848645
0.9932511077998465
0.9934594848124065
0.9936555114840105
0.9938394751708419
0.9940116511990272
0.9941723021571357
0.9943216772907654
0.9944600119857326
0.9945875273286068
0.9947044297347111
0.9948109106341680
0.9949071462078928
0.9949932971674595
0.9950695085718758
0.9951359096768644
0.9951926138105744
0.9952397182743090
0.9952773042619140
0.9953054367979117
0.9953241646897624
0.9953335204938646
0.9953335204938646
0.9953241646897624
0.9953054367979112
0.9952773042619140
0.9952397182743153
0.9951926138105744
0.9951359096768644
0.9950695085718758
0.9949932971674595
0.9949071462078928
0.9948109106341680
0.9947044297347111
0.9945875273286052
0.9944600119857265
0.9943216772907654
0.9941723021571357
0.9940116511990332
0.9938394751708358
0.9936555114840108
0.9934594848124065
0.9932511077998465
0.9930300818848645
0.9927960982587628
0.9925488389777005
0.9922879782493168
0.9920131839202786
0.9917241191934547
0.9914204446085286
0.9911018203241393
0.9907679087473281
0.9904183775631699
0.9900529032274868
0.9896711749947590
0.9892728995728159
0.9888578065097560
0.9884256544441757
0.9879762383817391
0.9875093982019436
0.9870250286530406
0.9865230911753378
0.9860036279988607
0.9854667791279305
0.9849128030697101
0.9843421025579312
0.9837552571744612
0.9831530659373413
0.9825366051733342
0.9819073118542793
0.9812671149538259
0.9806186780469484
0.9805676411192465
0.9812147784802018
0.9818536813019437
0.9824816878131432
0.9830968708790957
0.9836977953676885
0.9842833867711801
0.9848528478518027
0.9854056007552421
0.9859412444103088
0.9864595218979191
0.9869602947188935
0.9874435220591018
0.9879092437990959
0.9883575664130262
0.9887886511431216
0.9892027040032780
0.9895999672722227
0.9899807122178776
0.9903452328496148
0.9906938405331822
0.9910268593411387
0.9913446220272788
0.9916474665401334
0.9919357329975593
0.9922097610637700
0.9924698876719598
0.9927164450502726
0.9929497590103741
0.9931701474664355
0.9933779191537577
0.9935733725232085
0.9937567947882565
0.9939284611067891
0.9940886338780532
0.9942375621428552
0.9943754810713368
0.9945026115282749
0.9946191597052949
0.9947253168109660
0.9948212588102092
0.9949071462078927
0.9949831238683796
0.9950493208671576
0.9951058503703285
0.9951528095356238
0.9951902794349091
0.9952183249931930
0.9952369949424201
0.9952463217879468
0.9952463217879468
0.9952369949424257
0.9952183249931930
0.9951902794349091
0.9951528095356238
0.9951058503703285
0.9950493208671576
0.9949831238683796
0.9949071462078927
0.9948212588102092
0.9947253168109667
0.9946191597052949
0.9945026115282749
0.9943754810713368
0.9942375621428552
0.9940886338780532
0.9939284611067891
0.9937567947882565
0.9935733725232085
0.9933779191537577
0.9931701474664355
0.9929497590103760
0.9927164450502726
0.9924698876719598
0.9922097610637624
0.9919357329975593
0.9916474665401334
0.9913446220272788
0.9910268593411387
0.9906938405331822
0.9903452328496148
0.9899807122178768
0.9895999672722227
0.9892027040032780
0.9887886511431216
0.9883575664130262
0.9879092437990959
0.9874435220591018
0.9869602947188935
0.9864595218979191
0.9859412444103088
0.9854056007552421
0.9848528478518027
0.9842833867711801
0.9836977953676885
0.9830968708790957
0.9824816878131432
0.9818536813019437
0.9812147784801996
0.9805676411192465
0.9805106783076256
0.9811563590996082
0.9817938114986121
0.9824203757823081
0.9830341269035527
0.9836336318169046
0.9842178180760142
0.9847858904577459
0.9853372730610664
0.9858715666929850
0.9863885162252017
0.9868879848537548
0.9873699333562221
0.9878344030959330
0.9882815019160663
0.9887113923122844
0.9891242814346320
0.9895204125812571
0.9899000579241816
0.9902635122634131
0.9906110876458706
0.9909431087200834
0.9912599087150927
0.9915618259602624
0.9918492008654720
0.9921223733044652
0.9923816803444999
0.9926274542788002
0.9928600209226466
0.9930796981385702
0.9932867945622835
0.9934816085036324
0.9936644270004518
0.9938355250062045
0.9939951646938948
0.9941435948607538
0.9942810504227784
0.9944077519843340
0.9945239054754695
0.9946297018462664
0.9947253168109660
0.9948109106341699
0.9948866279548516
0.9949525976409559
0.9950089326703431
0.9950557300357422
0.9950930706683193
0.9951210193784790
0.9951396248111988
0.9951489194131692
0.9951489194131692
0.9951396248111988
0.9951210193784790
0.9950930706683193
0.9950557300357422
0.9950089326703431
0.9949525976409559
0.9948866279548516
0.9948109106341699
0.9947253168109660
0.9946297018462664
0.9945239054754695
0.9944077519843340
0.9942810504227784
0.9941435948607538
0.9939951646938948
0.9938355250062045
0.9936644270004523
0.9934816085036364
0.9932867945622835
0.9930796981385702
0.9928600209226466
0.9926274542788002
0.9923816803445052
0.9921223733044652
0.9918492008654720
0.9915618259602608
0.9912599087150927
0.9909431087200834
0.9906110876458704
0.9902635122634131
0.9899000579241816
0.9895204125812571
0.9891242814346320
0.9887113923122844
0.9882815019160663
0.9878344030959330
0.9873699333562221
0.9868879848537548
0.9863885162252017
0.9858715666929850
0.9853372730610785
0.9847858904577459
0.9842178180760142
0.9836336318169046
0.9830341269035527
0.9824203757823056
0.9817938114986151
0.9811563590996082
0.9805106783076256
0.9804477097790596
0.9810917729105061
0.9817276144983020
0.9823525771307570
0.9829647381110276
0.9835626667422575
0.9841452928942634
0.9847118236068048
0.9852616851690603
0.9857944804907303
0.9863099564465694
0.9868079781253002
0.9872885080776562
0.9877515893157721
0.9881973312020620
0.9886258976191201
0.9890374969706541
0.9894323736758467
0.9898108008966919
0.9901730742953185
0.9905195066573549
0.9908504232506531
0.9911661578118989
0.9914670490709206
0.9917534377394527
0.9920256639008226
0.9922840647483046
0.9925289726246856
0.9927607133262145
0.9929796046361994
0.9931859550581313
0.9933800627249018
0.9935622144595293
0.9937326849699689
0.9938917361597985
0.9940396165396761
0.9941765607275306
0.9943027890243817
0.9944185070566478
0.9945239054754695
0.9946191597052949
0.9947044297347111
0.9947798599435500
0.9948455789610603
0.9949016995500261
0.9949483185140089
0.9949855166233349
0.9950133585575328
0.9950318928619649
0.9950411519166457
0.9950411519166450
0.9950318928619649
0.9950133585575328
0.9949855166233349
0.9949483185140089
0.9949016995500261
0.9948455789610603
0.9947798599435492
0.9947044297347111
0.9946191597052949
0.9945239054754695
0.9944185070566478
0.9943027890243817
0.9941765607275215
0.9940396165396761
0.9938917361597985
0.9937326849699689
0.9935622144595293
0.9933800627249018
0.9931859550581256
0.9929796046361994
0.9927607133262145
0.9925289726246856
0.9922840647483046
0.9920256639008226
0.9917534377394485
0.9914670490709206
0.9911661578118877
0.9908504232506531
0.9905195066573549
0.9901730742953185
0.9898108008966919
0.9894323736758620
0.9890374969706541
0.9886258976191201
0.9881973312020620
0.9877515893157721
0.9872885080776651
0.9868079781253224
0.9863099564465694
0.9857944804907303
0.9852616851690603
0.9847118236068062
0.9841452928942617
0.9835626667422575
0.9829647381110276
0.9823525771307570
0.9817276144983020
0.9810917729105061
0.9804477097790596
0.9803786481148669
0.9810209279786255
0.9816549938783771
0.9822781909922186
0.9828885992549737
0.9834847905953814
0.9840656974705934
0.9846305294441891
0.9851787152457235
0.9857098601240828
0.9862237131783630
0.9867201415948839
0.9871991098867969
0.9876606628856872
0.9881049116261890
0.9885320215133505
0.9889422023224618
0.9893356996942287
0.9897127878649881
0.9900737634272634
0.9904189399583554
0.9907486433853450
0.9910632079778751
0.9913629728811402
0.9916482791113850
0.9919194669558744
0.9921768737179323
0.9924208317674929
0.9926516668526796
0.9928696966425696
0.9930752294695169
0.9932685632461399
0.9934499845350427
0.9936197677511813
0.9937781744800425
0.9939254528967806
0.9940618372721931
0.9941875475560719
0.9943027890243817
0.9944077519843340
0.9945026115282749
0.9945875273286052
0.9946626434692772
0.9947280883076217
0.9947839743612916
0.9948303982188520
0.9948674404676018
0.9948951656383361
0.9949136221638771
0.9949228423482429
0.9949228423482429
0.9949136221638771
0.9948951656383332
0.9948674404676018
0.9948303982188520
0.9947839743612916
0.9947280883076104
0.9946626434692776
0.9945875273286052
0.9945026115282749
0.9944077519843340
0.9943027890243817
0.9941875475560719
0.9940618372721939
0.9939254528967806
0.9937781744800425
0.9936197677511813
0.9934499845350427
0.9932685632461399
0.9930752294695169
0.9928696966425696
0.9926516668526796
0.9924208317674929
0.9921768737179323
0.9919194669558744
0.9916482791113850
0.9913629728811423
0.9910632079778662
0.9907486433853450
0.9904189399583554
0.9900737634272634
0.9897127878649881
0.9893356996942287
0.9889422023224618
0.9885320215133505
0.9881049116261890
0.9876606628856844
0.9871991098867969
0.9867201415948839
0.9862237131783630
0.9857098601240820
0.9851787152457235
0.9846305294441891
0.9840656974705934
0.9834847905953814
0.9828885992549737
0.9822781909922186
0.9816549938783771
0.9810209279786255
0.9803786481148669
0.9803033984469687
0.9809437244603545
0.9815758448517232
0.9821971076874804
0.9828055958343722
0.9833998841428964
0.9839789079454963
0.9845418796071811
0.9850882305616634
0.9856175686461414
0.9861296454160698
0.9866243303698362
0.9871015901780075
0.9875614716678964
0.9880040877029713
0.9884296053479275
0.9888382358674427
0.9892302262235957
0.9896058518081520
0.9899654102086346
0.9903092158424495
0.9906375953293883
0.9909508834923153
0.9912494198983318
0.9915335458649905
0.9918036018685535
0.9920599253001423
0.9923028485256788
0.9925326972079438
0.9927497888595381
0.9929544315940966
0.9931469230541755
0.9933275494887831
0.9934965849655699
0.9936542906966865
0.9938009144660942
0.9939366901430426
0.9940618372721939
0.9941765607275306
0.9942810504227784
0.9943754810713368
0.9944600119857326
0.9945347869138688
0.9945999339041307
0.9946555651969091
0.9947017771372845
0.9947386501059204
0.9947662484659094
0.9947846205221079
0.9947937984935024
0.9947937984935024
0.9947846205221079
0.9947662484659094
0.9947386501059204
0.9947017771372845
0.9946555651969091
0.9945999339041307
0.9945347869138574
0.9944600119857326
0.9943754810713368
0.9942810504227784
0.9941765607275215
0.9940618372721939
0.9939366901430426
0.9938009144660949
0.9936542906966865
0.9934965849655699
0.9933275494887831
0.9931469230541746
0.9929544315940966
0.9927497888595437
0.9925326972079438
0.9923028485256788
0.9920599253001423
0.9918036018685612
0.9915335458649999
0.9912494198983318
0.9909508834923153
0.9906375953293883
0.9903092158424495
0.9899654102086346
0.9896058518081520
0.9892302262235957
0.9888382358674427
0.9884296053479275
0.9880040877029713
0.9875614716678962
0.9871015901780075
0.9866243303698371
0.9861296454160721
0.9856175686461414
0.9850882305616634
0.9845418796071811
0.9839789079454963
0.9833998841428989
0.9828055958343722
0.9821971076874804
0.9815758448517232
0.9809437244603545
0.9803033984469687
0.9802218586180261
0.9808600547514428
0.9814900544015799
0.9821092088456513
0.9827156042043413
0.9833078185666368
0.9838847904477092
0.9844457353095069
0.9849900875693437
0.9855174579158813
0.9860276006047816
0.9865203876703273
0.9869957881433765
0.9874538510284551
0.9878946911781420
0.9883184774549263
0.9887254227311497
0.9891157753871246
0.9894898120485111
0.9898478313576426
0.9901901486150204
0.9905170911599143
0.9908289943804279
0.9911261982654326
0.9914090444210379
0.9916778734897960
0.9919330229185713
0.9921748250296796
0.9924036053548094
0.9926196811980255
0.9928233603993408
0.9930149402720938
0.9931947066910420
0.9933629333141717
0.9935198809180835
0.9936657968330295
0.9938009144660942
0.9939254528967806
0.9940396165396761
0.9941435948607530
0.9942375621428678
0.9943216772907654
0.9943960836720671
0.9944609089868724
0.9945162651624213
0.9945622482698891
0.9945989384572106
0.9946263998987142
0.9946446807561924
0.9946538131522090
0.9946538131522090
0.9946446807561924
0.9946263998987142
0.9945989384572106
0.9945622482698891
0.9945162651624213
0.9944609089868724
0.9943960836720671
0.9943216772907654
0.9942375621428678
0.9941435948607538
0.9940396165396761
0.9939254528967806
0.9938009144660942
0.9936657968330295
0.9935198809180826
0.9933629333141785
0.9931947066910420
0.9930149402720938
0.9928233603993408
0.9926196811980255
0.9924036053548162
0.9921748250296796
0.9919330229185713
0.9916778734897962
0.9914090444210379
0.9911261982654326
0.9908289943804279
0.9905170911599143
0.9901901486150204
0.9898478313576426
0.9894898120485111
0.9891157753871246
0.9887254227311497
0.9883184774549263
0.9878946911781420
0.9874538510284533
0.9869957881433765
0.9865203876703273
0.9860276006047798
0.9855174579158813
0.9849900875693437
0.9844457353095069
0.9838847904477092
0.9833078185666368
0.9827156042043413
0.9821092088456513
0.9814900544015799
0.9808600547514431
0.9802218586180261
0.9801339193674852
0.9807698036569354
0.9813975014391182
0.9820143675493217
0.9826184917088348
0.9832084555852876
0.9837832012067337
0.9843419474454922
0.9848841320014817
0.9854093686917994
0.9859174147297722
0.9864081449196032
0.9868815308634877
0.9873376239302000
0.9877765411243986
0.9881984532467566
0.9886035748933827
0.9889921559582143
0.9893644743743859
0.9897208298935830
0.9900615387350624
0.9903869289763932
0.9906973365755852
0.9909931019329635
0.9912745669209001
0.9915420723154530
0.9917959555778665
0.9920365489369547
0.9922641777368928
0.9924791590125266
0.9926818002650581
0.9928723984104237
0.9930512388800380
0.9932185948513902
0.9933747265949286
0.9935198809180908
0.9936542906966838
0.9937781744800425
0.9938917361597985
0.9939951646939101
0.9940886338780532
0.9941723021571357
0.9942463124703256
0.9943107921257420
0.9943658526995721
0.9944115899552940
0.9944480837802839
0.9944753981375735
0.9944935810286212
0.9945026644684706
0.9945026644684706
0.9944935810286212
0.9944753981375735
0.9944480837802839
0.9944115899552941
0.9943658526995721
0.9943107921257420
0.9942463124703249
0.9941723021571357
0.9940886338780532
0.9939951646939101
0.9938917361597985
0.9937781744800317
0.9936542906966865
0.9935198809180908
0.9933747265949286
0.9932185948513902
0.9930512388800380
0.9928723984104237
0.9926818002650581
0.9924791590125266
0.9922641777368891
0.9920365489369547
0.9917959555778665
0.9915420723154530
0.9912745669209001
0.9909931019329635
0.9906973365755832
0.9903869289763932
0.9900615387350624
0.9897208298935830
0.9893644743743865
0.9889921559582143
0.9886035748933827
0.9881984532467566
0.9877765411243986
0.9873376239302000
0.9868815308634877
0.9864081449196032
0.9859174147297722
0.9854093686917994
0.9848841320014817
0.9843419474454922
0.9837832012067337
0.9832084555852876
0.9826184917088348
0.9820143675493217
0.9813975014391182
0.9807698036569354
0.9801339193674755
0.9800394645481130
0.9806728485940764
0.9812980569904777
0.9819124485067192
0.9825141168399231
0.9831016476029446
0.9836739866893442
0.9842303567198496
0.9847701989930427
0.9852931307501788
0.9857989124323936
0.9862874218594622
0.9867586334242981
0.9872126010525285
0.9876494440672045
0.9880693353473118
0.9884724913282881
0.9888591635088702
0.9892296311984454
0.9895841953049732
0.9899231729943967
0.9902468930934919
0.9905556921229358
0.9908499108743650
0.9911298914536610
0.9913959747268186
0.9916484981153949
0.9918877936944001
0.9921141865533235
0.9923279933860079
0.9925295212788405
0.9927190666731158
0.9928969144766926
0.9930633373079059
0.9932185948513933
0.9933629333141717
0.9934965849655699
0.9936197677511810
0.9937326849699689
0.9938355250062045
0.9939284611067891
0.9940116511990332
0.9940852377415470
0.9941493476035737
0.9942040919681918
0.9942495662551197
0.9942858500610704
0.9943130071128120
0.9943310852336297
0.9943401163184304
0.9943401163184304
0.9943310852336297
0.9943130071128120
0.9942858500610704
0.9942495662551197
0.9942040919681918
0.9941493476035769
0.9940852377415390
0.9940116511990328
0.9939284611067891
0.9938355250062045
0.9937326849699689
0.9936197677511813
0.9934965849655699
0.9933629333141717
0.9932185948513897
0.9930633373079059
0.9928969144766926
0.9927190666731158
0.9925295212788263
0.9923279933860079
0.9921141865533289
0.9918877936944001
0.9916484981153860
0.9913959747268186
0.9911298914536610
0.9908499108743650
0.9905556921229358
0.9902468930934919
0.9899231729943967
0.9895841953049732
0.9892296311984454
0.9888591635088702
0.9884724913282881
0.9880693353473118
0.9876494440672045
0.9872126010525285
0.9867586334242981
0.9862874218594622
0.9857989124323936
0.9852931307501788
0.9847701989930427
0.9842303567198558
0.9836739866893442
0.9831016476029446
0.9825141168399231
0.9819124485067192
0.9812980569904730
0.9806728485940666
0.9800394645481130
0.9799383713781515
0.9805690598260886
0.9811915844141169
0.9818033082552586
0.9824023294274874
0.9829872378848064
0.9835569837672488
0.9841107938050146
0.9846481132338663
0.9851685630325268
0.9856719071560019
0.9861580266967933
0.9866268990662381
0.9870785809451156
0.9875131941441158
0.9879309137603822
0.9883319581819193
0.9887165805981748
0.9890850617571894
0.9894377037623555
0.9897748247448198
0.9900967542790957
0.9904038294318295
0.9906963913534786
0.9909747823377184
0.9912393432839046
0.9914904115084520
0.9917283188590839
0.9919533900914888
0.9921659414741434
0.9923662795922965
0.9925547003229225
0.9927314879615424
0.9928969144766926
0.9930512388800408
0.9931947066910484
0.9933275494887831
0.9934499845350383
0.9935622144595293
0.9936644270004518
0.9937567947882565
0.9938394751708358
0.9939126100692508
0.9939763258627190
0.9940307332958758
0.9940759274058403
0.9941119874656281
0.9941389769400760
0.9941569434536691
0.9941659187681925
0.9941659187681925
0.9941569434536691
0.9941389769400760
0.9941119874656281
0.9940759274058403
0.9940307332958758
0.9939763258627190
0.9939126100692529
0.9938394751708358
0.9937567947882565
0.9936644270004518
0.9935622144595293
0.9934499845350427
0.9933275494887819
0.9931947066910484
0.9930512388800380
0.9928969144766926
0.9927314879615424
0.9925547003229301
0.9923662795922965
0.9921659414741434
0.9919533900914888
0.9917283188590890
0.9914904115084520
0.9912393432839046
0.9909747823377184
0.9906963913534786
0.9904038294318295
0.9900967542790957
0.9897748247448198
0.9894377037623394
0.9890850617571894
0.9887165805981748
0.9883319581819193
0.9879309137603822
0.9875131941441158
0.9870785809451156
0.9866268990662381
0.9861580266967975
0.9856719071560019
0.9851685630325168
0.9846481132338663
0.9841107938050146
0.9835569837672488
0.9829872378848064
0.9824023294274942
0.9818033082552586
0.9811915844141169
0.9805690598260886
0.9799383713781536
0.9798305107311087
0.9804583007351584
0.9810779396573771
0.9816867953998155
0.9822829708624676
0.9828650607688990
0.9834320199167548
0.9839830795332475
0.9845176891545417
0.9850354738291296
0.9855362013284303
0.9860197562873165
0.9864861193722095
0.9869353502227662
0.9873675733079543
0.9877829660826842
0.9881817489960882
0.9885641770093995
0.9889305323627555
0.9892811183844095
0.9896162541775774
0.9899362700519511
0.9902415035890059
0.9905322962520133
0.9908089904632686
0.9910719270846471
0.9913214432477395
0.9915578704857733
0.9917815331276659
0.9919927469200618
0.9921918178468516
0.9923790411207193
0.9925547003229284
0.9927190666731158
0.9928723984104237
0.9930149402720938
0.9931469230541746
0.9932685632461348
0.9933800627249018
0.9934816085036324
0.9935733725232085
0.9936555114840079
0.9937281667082694
0.9937914640296688
0.9938455137058664
0.9938904103493744
0.9939262328738877
0.9939530444539089
0.9939708924941335
0.9939798086090973
0.9939798086090997
0.9939708924941335
0.9939530444539089
0.9939262328738877
0.9938904103493744
0.9938455137058664
0.9937914640296688
0.9937281667082694
0.9936555114840079
0.9935733725232085
0.9934816085036324
0.9933800627249018
0.9932685632461348
0.9931469230541746
0.9930149402720938
0.9928723984104237
0.9927190666731158
0.9925547003229284
0.9923790411207193
0.9921918178468516
0.9919927469200607
0.9917815331276659
0.9915578704857733
0.9913214432477395
0.9910719270846471
0.9908089904632686
0.9905322962520133
0.9902415035890059
0.9899362700519511
0.9896162541775774
0.9892811183844095
0.9889305323627555
0.9885641770093995
0.9881817489960882
0.9877829660826760
0.9873675733079543
0.9869353502227662
0.9864861193722095
0.9860197562873165
0.9855362013284303
0.9850354738291296
0.9845176891545417
0.9839830795332475
0.9834320199167548
0.9828650607688955
0.9822829708624676
0.9816867953998155
0.9810779396573771
0.9804583007351584
0.9798305107311087
0.9797157474717459
0.9803404281382764
0.9809569715530404
0.9815627508934616
0.9821558743623566
0.9827349419179499
0.9832989134593353
0.9838470251300285
0.9843787311533384
0.9848936610035035
0.9853915865871002
0.9858723963644449
0.9863360745023629
0.9867826838078436
0.9872123515800987
0.9876252577692919
0.9880216249892111
0.9884017100455528
0.9887657967144377
0.9891141895664798
0.9894472086710154
0.9897651850452442
0.9900684567402075
0.9903573654698884
0.9906322537099056
0.9908934621990058
0.9911413277878992
0.9913761815930149
0.9915983474089658
0.9918081403492852
0.9920058656839464
0.9921918178468544
0.9923662795922965
0.9925295212788405
0.9926818002650568
0.9928233603993408
0.9929544315940966
0.9930752294695169
0.9931859550581319
0.9932867945622835
0.9933779191537577
0.9934594848124059
0.9935316321945690
0.9935944865292247
0.9936481575343937
0.9936927393525175
0.9937283105004691
0.9937549338317205
0.9937726565085904
0.9937815099826147
0.9937815099826147
0.9937726565085904
0.9937549338317205
0.9937283105004683
0.9936927393525140
0.9936481575343937
0.9935944865292247
0.9935316321945756
0.9934594848124059
0.9933779191537577
0.9932867945622835
0.9931859550581319
0.9930752294695169
0.9929544315940977
0.9928233603993408
0.9926818002650568
0.9925295212788263
0.9923662795922965
0.9921918178468544
0.9920058656839355
0.9918081403492852
0.9915983474089702
0.9913761815930149
0.9911413277878931
0.9908934621990058
0.9906322537099056
0.9903573654698884
0.9900684567402075
0.9897651850452442
0.9894472086710154
0.9891141895664798
0.9887657967144377
0.9884017100455457
0.9880216249892111
0.9876252577692942
0.9872123515800987
0.9867826838078436
0.9863360745023629
0.9858723963644449
0.9853915865870981
0.9848936610035035
0.9843787311533384
0.9838470251300285
0.9832989134593361
0.9827349419179499
0.9821558743623566
0.9815627508934616
0.9809569715530404
0.9803404281382779
0.9797157474717485
0.9795939408433696
0.9802152926533897
0.9808285221653801
0.9814310083653630
0.9820208652821613
0.9825966986159888
0.9831574738489852
0.9837024324916812
0.9842310338714498
0.9847429122657404
0.9852378440547609
0.9857157218200565
0.9861765334832125
0.9866203452309129
0.9870472873645779
0.9874575424627119
0.9878513354013079
0.9882289248930763
0.9885905962816515
0.9889366553838715
0.9892674232130642
0.9895832314506917
0.9898844185539120
0.9901713264084681
0.9904442974506906
0.9907036721910699
0.9909497870880277
0.9911829727214407
0.9914035522279450
0.9916118399612589
0.9918081403492867
0.9919927469200618
0.9921659414741434
0.9923279933860080
0.9924791590125266
0.9926196811980255
0.9927497888595427
0.9928696966425696
0.9929796046361948
0.9930796981385697
0.9931701474664355
0.9932511077998465
0.9933227190580398
0.9933851058007481
0.9934383771501414
0.9934826267301773
0.9935179326202920
0.9935443573203273
0.9935619477256716
0.9935707351088382
0.9935707351088401
0.9935619477256716
0.9935443573203273
0.9935179326202920
0.9934826267301773
0.9934383771501414
0.9933851058007481
0.9933227190580398
0.9932511077998500
0.9931701474664355
0.9930796981385697
0.9929796046361948
0.9928696966425696
0.9927497888595381
0.9926196811980255
0.9924791590125266
0.9923279933860079
0.9921659414741434
0.9919927469200618
0.9918081403492867
0.9916118399612589
0.9914035522279450
0.9911829727214407
0.9909497870880277
0.9907036721910699
0.9904442974506906
0.9901713264084681
0.9898844185539120
0.9895832314506917
0.9892674232130642
0.9889366553838715
0.9885905962816515
0.9882289248930763
0.9878513354013079
0.9874575424627119
0.9870472873645779
0.9866203452309129
0.9861765334832125
0.9857157218200565
0.9852378440547609
0.9847429122657569
0.9842310338714576
0.9837024324916812
0.9831574738489852
0.9825966986159888
0.9820208652821613
0.9814310083653630
0.9808285221653801
0.9802152926533897
0.9795939408433696
0.9794649449118346
0.9800827391224464
0.9806924271926369
0.9812913945020665
0.9818777614801472
0.9824501401208362
0.9830075020126295
0.9835490945205175
0.9840743825232592
0.9845830055048621
0.9850747446758982
0.9855494970491645
0.9860072545629837
0.9864480869991727
0.9868721278326203
0.9872795623974410
0.9876706179189441
0.9880455550679957
0.9884046607728306
0.9887482420830962
0.9890766209168157
0.9893901295564997
0.9896891067830991
0.9899738945550931
0.9902448351561915
0.9905022687461332
0.9907465312583434
0.9909779525990762
0.9911968551053715
0.9914035522279450
0.9915983474089660
0.9917815331276659
0.9919533900914888
0.9921141865533289
0.9922641777368891
0.9924036053548094
0.9925326972079438
0.9926516668526796
0.9927607133262145
0.9928600209226466
0.9929497590103760
0.9930300818848645
0.9931011286512839
0.9931630231315115
0.9932158737913219
0.9932597736847731
0.9932948004102637
0.9933210160795519
0.9933384672947775
0.9933471851321036
0.9933471851321036
0.9933384672947775
0.9933210160795519
0.9932948004102637
0.9932597736847819
0.9932158737913219
0.9931630231315112
0.9931011286512839
0.9930300818848645
0.9929497590103741
0.9928600209226466
0.9927607133262145
0.9926516668526796
0.9925326972079438
0.9924036053548094
0.9922641777368891
0.9921141865533289
0.9919533900914888
0.9917815331276659
0.9915983474089702
0.9914035522279450
0.9911968551053715
0.9909779525990640
0.9907465312583434
0.9905022687461357
0.9902448351561915
0.9899738945550931
0.9896891067830991
0.9893901295565032
0.9890766209168157
0.9887482420830864
0.9884046607728189
0.9880455550679957
0.9876706179189441
0.9872795623974410
0.9868721278326203
0.9864480869991727
0.9860072545629837
0.9855494970491626
0.9850747446758982
0.9845830055048621
0.9840743825232592
0.9835490945205170
0.9830075020126295
0.9824501401208364
0.9818777614801472
0.9812913945020665
0.9806924271926369
0.9800827391224464
0.9794649449118346
0.9793286090780977
0.9799426070985607
0.9805485164311784
0.9811437294934796
0.9817263737449431
0.9822950680771091
0.9828487907538314
0.9833867955222336
0.9839085532929679
0.9844137091871545
0.9849020496224529
0.9853734763662603
0.9858279856431754
0.9862656510474045
0.9866866093935900
0.9870910488915929
0.9874791991918203
0.9878513229583563
0.9882077087035078
0.9885486646773045
0.9888745136416267
0.9891855883956046
0.9894822279387557
0.9897647741809761
0.9900335691188243
0.9902889524157130
0.9905312593278390
0.9907608189300143
0.9909779525990762
0.9911829727214407
0.9913761815930149
0.9915578704857818
0.9917283188590890
0.9918877936944001
0.9920365489369547
0.9921748250296861
0.9923028485256788
0.9924208317674929
0.9925289726246880
0.9926274542788002
0.9927164450502726
0.9927960982587628
0.9928665521132327
0.9929279296245095
0.9929803385377651
0.9930238712812586
0.9930586049267492
0.9930846011611029
0.9931019062654927
0.9931105511013959
0.9931105511013959
0.9931019062654927
0.9930846011611029
0.9930586049267534
0.9930238712812599
0.9929803385377651
0.9929279296245095
0.9928665521132327
0.9927960982587628
0.9927164450502726
0.9926274542787943
0.9925289726246880
0.9924208317674929
0.9923028485256788
0.9921748250296796
0.9920365489369547
0.9918877936943988
0.9917283188590890
0.9915578704857733
0.9913761815930149
0.9911829727214407
0.9909779525990762
0.9907608189300143
0.9905312593278390
0.9902889524157130
0.9900335691188243
0.9897647741809842
0.9894822279387392
0.9891855883956046
0.9888745136416257
0.9885486646773045
0.9882077087035078
0.9878513229583549
0.9874791991918203
0.9870910488915927
0.9866866093935900
0.9862656510474045
0.9858279856431754
0.9853734763662603
0.9849020496224529
0.9844137091871545
0.9839085532929679
0.9833867955222336
0.9828487907538314
0.9822950680771091
0.9817263737449431
0.9811437294934796
0.9805485164311784
0.9799426070985607
0.9793286090780979
0.9791847786641803
0.9797947314080508
0.9803966143145739
0.9809878275497967
0.9815665062954451
0.9821312770022361
0.9826811252294864
0.9832153116783972
0.9837333138085000
0.9842347828359471
0.9847195107842632
0.9851874045108141
0.9856384648023353
0.9860727692820597
0.9864904582652196
0.9868917229455391
0.9872767954591017
0.9876459404801244
0.9879994480834353
0.9883376276636014
0.9886608027412852
0.9889693065228390
0.9892634780966282
0.9895436591766853
0.9898101913135998
0.9900634135053572
0.9903036601554818
0.9905312593278390
0.9907465312583434
0.9909497870880277
0.9911413277878992
0.9913214432477395
0.9914904115084520
0.9916484981153971
0.9917959555778665
0.9919330229185713
0.9920599253001423
0.9921768737179323
0.9922840647483046
0.9923816803444999
0.9924698876719598
0.9925488389777005
0.9926186714865010
0.9926795073199947
0.9927314534346356
0.9927746015742489
0.9928090282352180
0.9928347946402746
0.9928519467206681
0.9928605151032361
0.9928605151032361
0.9928519467206681
0.9928347946402746
0.9928090282352180
0.9927746015742489
0.9927314534346356
0.9926795073199947
0.9926186714865010
0.9925488389777005
0.9924698876719598
0.9923816803444956
0.9922840647483046
0.9921768737179323
0.9920599253001423
0.9919330229185713
0.9917959555778665
0.9916484981153971
0.9914904115084520
0.9913214432477395
0.9911413277878992
0.9909497870880277
0.9907465312583434
0.9905312593278390
0.9903036601554818
0.9900634135053572
0.9898101913135998
0.9895436591766853
0.9892634780966282
0.9889693065228390
0.9886608027412852
0.9883376276636114
0.9879994480834353
0.9876459404801269
0.9872767954591017
0.9868917229455391
0.9864904582652196
0.9860727692820597
0.9856384648023353
0.9851874045108117
0.9847195107842632
0.9842347828359471
0.9837333138085000
0.9832153116783972
0.9826811252294864
0.9821312770022361
0.9815665062954451
0.9809878275498000
0.9803966143145739
0.9797947314080508
0.9791847786641921
0.9790332955872533
0.9796389427970270
0.9802365405343866
0.9808234975002419
0.9813979573619315
0.9819585548548665
0.9825042835113699
0.9830344116060993
0.9835484237039229
0.9840459776050059
0.9845268713563949
0.9849910172545108
0.9854384209274570
0.9858691642412335
0.9862833911624984
0.9866812959629315
0.9870631133050810
0.9874291098681482
0.9877795772421591
0.9881148258834911
0.9884351799593269
0.9887409729445928
0.9890325438579333
0.9893102340439404
0.9895743844197017
0.9898253331232878
0.9900634135053562
0.9902889524157130
0.9905022687461323
0.9907036721910699
0.9908934621990058
0.9910719270846471
0.9912393432839046
0.9913959747268186
0.9915420723154530
0.9916778734897949
0.9918036018685612
0.9919194669558744
0.9920256639008226
0.9921223733044652
0.9922097610637700
0.9922879782493168
0.9923571610085644
0.9924174304915423
0.9924688927932491
0.9925116389118483
0.9925457447163640
0.9925712709242305
0.9925882630856506
0.9925967515726146
0.9925967515726146
0.9925882630856506
0.9925712709242305
0.9925457447163640
0.9925116389118483
0.9924688927932490
0.9924174304915433
0.9923571610085644
0.9922879782493168
0.9922097610637624
0.9921223733044652
0.9920256639008226
0.9919194669558744
0.9918036018685612
0.9916778734897949
0.9915420723154530
0.9913959747268186
0.9912393432839046
0.9910719270846478
0.9908934621990058
0.9907036721910699
0.9905022687461350
0.9902889524157130
0.9900634135053562
0.9898253331232837
0.9895743844197017
0.9893102340439422
0.9890325438579333
0.9887409729445928
0.9884351799593269
0.9881148258834911
0.9877795772421575
0.9874291098681548
0.9870631133050810
0.9866812959629315
0.9862833911624984
0.9858691642412335
0.9854384209274570
0.9849910172545108
0.9845268713563949
0.9840459776050059
0.9835484237039229
0.9830344116060993
0.9825042835113699
0.9819585548548665
0.9813979573619315
0.9808234975002298
0.9802365405343866
0.9796389427970270
0.9790332955872533
0.9788739991307268
0.9794750686743126
0.9800681107577841
0.9806505434888347
0.9812205198637255
0.9817766837005333
0.9823180372449700
0.9828438570181177
0.9833536352885822
0.9838470369598055
0.9843238665419741
0.9847840421292946
0.9852275744722431
0.9856545498861006
0.9860651161269657
0.9864594706183372
0.9868378505673741
0.9872005246242356
0.9875477858179881
0.9878799455528632
0.9881973284970085
0.9885002682239057
0.9887891034924847
0.9890641750714160
0.9893258230289567
0.9895743844197017
0.9898101913135998
0.9900335691188243
0.9902448351561915
0.9904442974506906
0.9906322537099056
0.9908089904632686
0.9909747823377184
0.9911298914536610
0.9912745669209001
0.9914090444210379
0.9915335458649960
0.9916482791113844
0.9917534377394527
0.9918492008654720
0.9919357329975593
0.9920131839202772
0.9920816886052995
0.9921413671435030
0.9921923246927561
0.9922346514398815
0.9922684225722923
0.9922936982592695
0.9923105236370632
0.9923189288016508
0.9923189288016508
0.9923105236370632
0.9922936982592673
0.9922684225722923
0.9922346514398815
0.9921923246927561
0.9921413671435030
0.9920816886052995
0.9920131839202772
0.9919357329975593
0.9918492008654720
0.9917534377394527
0.9916482791113850
0.9915335458649960
0.9914090444210379
0.9912745669209001
0.9911298914536610
0.9909747823377184
0.9908089904632686
0.9906322537099056
0.9904442974506906
0.9902448351561915
0.9900335691188243
0.9898101913135998
0.9895743844197017
0.9893258230289567
0.9890641750714160
0.9887891034924847
0.9885002682239057
0.9881973284970085
0.9878799455528660
0.9875477858179881
0.9872005246242356
0.9868378505673729
0.9864594706183372
0.9860651161269657
0.9856545498861006
0.9852275744722431
0.9847840421292946
0.9843238665419741
0.9838470369598055
0.9833536352885880
0.9828438570181177
0.9823180372449700
0.9817766837005333
0.9812205198637255
0.9806505434888347
0.9800681107577841
0.9794750686743126
0.9788739991307310
0.9787067268286006
0.9793029339659725
0.9798911374541355
0.9804687657778332
0.9810339821956389
0.9815854404881489
0.9821221524244992
0.9826434035027140
0.9831486943389032
0.9836376974913525
0.9841102243919528
0.9845661992998820
0.9850056383665848
0.9854286325523138
0.9858353335215181
0.9862259418992420
0.9866006974241146
0.9869598706523387
0.9873037559395369
0.9876326654874769
0.9879469242838160
0.9882468657934528
0.9885328282894653
0.9888051517255125
0.9890641750714282
0.9893102340439404
0.9895436591766853
0.9897647741809737
0.9899738945550931
0.9901713264084681
0.9903573654698884
0.9905322962520133
0.9906963913534786
0.9908499108743699
0.9909931019329539
0.9911261982654326
0.9912494198983318
0.9913629728811402
0.9914670490709206
0.9915618259602608
0.9916474665401218
0.9917241191934547
0.9917919176127509
0.9918509807380189
0.9919014127095545
0.9919433028346302
0.9919767255627254
0.9920017404688648
0.9920183922422799
0.9920267106794511
0.9920267106794511
0.9920183922422799
0.9920017404688648
0.9919767255627279
0.9919433028346304
0.9919014127095545
0.9918509807380189
0.9917919176127509
0.9917241191934547
0.9916474665401218
0.9915618259602608
0.9914670490709206
0.9913629728811402
0.9912494198983318
0.9911261982654326
0.9909931019329635
0.9908499108743650
0.9906963913534786
0.9905322962520133
0.9903573654698884
0.9901713264084681
0.9899738945550931
0.9897647741809761
0.9895436591766853
0.9893102340439404
0.9890641750714160
0.9888051517255125
0.9885328282894695
0.9882468657934623
0.9879469242838160
0.9876326654874769
0.9873037559395369
0.9869598706523388
0.9866006974241146
0.9862259418992420
0.9858353335215181
0.9854286325523175
0.9850056383665848
0.9845661992998820
0.9841102243919528
0.9836376974913525
0.9831486943389032
0.9826434035027140
0.9821221524244992
0.9815854404881489
0.9810339821956389
0.9804687657778334
0.9798911374541520
0.9793029339659716
0.9787067268286006
0.9785313154782370
0.9791223620961539
0.9797054308484849
0.9802779616779933
0.9808381291427531
0.9813845979562099
0.9819163902994623
0.9824328014413829
0.9829333410353476
0.9834176898796049
0.9838856668039433
0.9843372026037193
0.9847723191035518
0.9851911120869787
0.9855937372207774
0.9859803983491512
0.9863513376942299
0.9867068276124777
0.9870471636332491
0.9873726585634689
0.9876836374860056
0.9879804335101098
0.9882633841576008
0.9885328282894695
0.9887891034924847
0.9890325438579370
0.9892634780966297
0.9894822279387557
0.9896891067830991
0.9898844185539120
0.9900684567402075
0.9902415035890059
0.9904038294318295
0.9905556921229358
0.9906973365755832
0.9908289943804279
0.9909508834923153
0.9910632079778662
0.9911661578118989
0.9912599087150927
0.9913446220272788
0.9914204446085286
0.9914875087632287
0.9915459321843498
0.9915958179113843
0.9916372543002869
0.9916703150033601
0.9916950589544119
0.9917115303601952
0.9917197586941883
0.9917197586941883
0.9917115303601847
0.9916950589544014
0.9916703150033601
0.9916372543002869
0.9915958179113843
0.9915459321843498
0.9914875087632287
0.9914204446085286
0.9913446220272788
0.9912599087150927
0.9911661578118989
0.9910632079778662
0.9909508834923153
0.9908289943804279
0.9906973365755852
0.9905556921229358
0.9904038294318295
0.9902415035890059
0.9900684567402075
0.9898844185539120
0.9896891067830991
0.9894822279387557
0.9892634780966297
0.9890325438579370
0.9887891034924847
0.9885328282894695
0.9882633841576008
0.9879804335101098
0.9876836374860056
0.9873726585634689
0.9870471636332478
0.9867068276124777
0.9863513376942299
0.9859803983491515
0.9855937372207774
0.9851911120869721
0.9847723191035596
0.9843372026037193
0.9838856668039434
0.9834176898796049
0.9829333410353480
0.9824328014413829
0.9819163902994515
0.9813845979562099
0.9808381291427531
0.9802779616779933
0.9797054308484849
0.9791223620961539
0.9785313154782370
0.9783476023008317
0.9789331761146006
0.9795108000187382
0.9800779266236678
0.9806327429407761
0.9811739256899885
0.9817005084388074
0.9822117970883788
0.9827073110709577
0.9831867400390403
0.9836499107121189
0.9840967607936836
0.9845273180390277
0.9849416832093971
0.9853400160343889
0.9857225235560483
0.9860894503877123
0.9864410705340562
0.9867776804966689
0.9870995934470214
0.9874071342926983
0.9877006354931982
0.9879804335101098
0.9882468657934623
0.9885002682239057
0.9887409729445928
0.9889693065228390
0.9891855883956046
0.9893901295565032
0.9895832314506917
0.9897651850452442
0.9899362700519511
0.9900967542790957
0.9902468930935003
0.9903869289763985
0.9905170911599143
0.9906375953293883
0.9907486433853450
0.9908504232506484
0.9909431087200834
0.9910268593411387
0.9911018203241362
0.9911681224720168
0.9912258821307817
0.9912752011515978
0.9913161668655507
0.9913488520657674
0.9913733149962761
0.9913895993441640
0.9913977342361660
0.9913977342361660
0.9913895993441640
0.9913733149962761
0.9913488520657674
0.9913161668655507
0.9912752011515978
0.9912258821307817
0.9911681224720168
0.9911018203241393
0.9910268593411387
0.9909431087200834
0.9908504232506531
0.9907486433853450
0.9906375953293883
0.9905170911599143
0.9903869289763985
0.9902468930935003
0.9900967542790957
0.9899362700519511
0.9897651850452442
0.9895832314506917
0.9893901295565032
0.9891855883956046
0.9889693065228390
0.9887409729445928
0.9885002682239057
0.9882468657934623
0.9879804335101110
0.9877006354931982
0.9874071342926983
0.9870995934470123
0.9867776804966691
0.9864410705340562
0.9860894503877123
0.9857225235560483
0.9853400160343889
0.9849416832093971
0.9845273180390277
0.9840967607936890
0.9836499107121189
0.9831867400390403
0.9827073110709554
0.9822117970883818
0.9817005084388094
0.9811739256899885
0.9806327429407771
0.9800779266236678
0.9795108000187382
0.9789331761145960
0.9783476023008317
0.9781554262717477
0.9787351999917562
0.9793070541620088
0.9798684554169695
0.9804176045089448
0.9809531913541929
0.9814742619762907
0.9819801338441954
0.9824703369598827
0.9829445704763951
0.9834026695042014
0.9838445790183813
0.9842703329417786
0.9846800371338680
0.9850738554052889
0.9854519979254732
0.9858147115533784
0.9861622717345837
0.9864949756857836
0.9868131366477144
0.9871170790280400
0.9874071342926983
0.9876836374860056
0.9879469242838160
0.9881973284970085
0.9884351799593269
0.9886608027412852
0.9888745136416257
0.9890766209168157
0.9892674232130642
0.9894472086710153
0.9896162541775774
0.9897748247448176
0.9899231729943960
0.9900615387350624
0.9901901486150204
0.9903092158424495
0.9904189399583554
0.9905195066573549
0.9906110876458682
0.9906938405331822
0.9907679087473281
0.9908334214719807
0.9908904936024039
0.9909392257115263
0.9909797040285839
0.9910120004242829
0.9910361724016983
0.9910522630911666
0.9910603012469099
0.9910603012469099
0.9910522630911666
0.9910361724016983
0.9910120004242829
0.9909797040285839
0.9909392257115263
0.9908904936024039
0.9908334214719807
0.9907679087473281
0.9906938405331822
0.9906110876458685
0.9905195066573549
0.9904189399583554
0.9903092158424495
0.9901901486150204
0.9900615387350624
0.9899231729943955
0.9897748247448176
0.9896162541775774
0.9894472086710153
0.9892674232130642
0.9890766209168157
0.9888745136416257
0.9886608027412852
0.9884351799593269
0.9881973284970085
0.9879469242838239
0.9876836374860056
0.9874071342926983
0.9871170790280347
0.9868131366477144
0.9864949756857817
0.9861622717345809
0.9858147115533784
0.9854519979254732
0.9850738554052889
0.9846800371338680
0.9842703329417786
0.9838445790183730
0.9834026695042014
0.9829445704763951
0.9824703369598827
0.9819801338441954
0.9814742619762907
0.9809531913541909
0.9804176045089448
0.9798684554169695
0.9793070541620091
0.9787351999917562
0.9781554262717477
0.9779546296463104
0.9785282601082489
0.9790940040529222
0.9796493436660179
0.9801924948813664
0.9807221621314804
0.9812374050719381
0.9817375537524412
0.9822221495882156
0.9826909019038920
0.9831436547058189
0.9835803605882317
0.9840010598448647
0.9844058635095250
0.9847949394376329
0.9851685007953035
0.9855267964781197
0.9858701031001916
0.9861987182725463
0.9865129549468910
0.9868131366477144
0.9870995934470214
0.9873726585634689
0.9876326654874724
0.9878799455528660
0.9881148258834911
0.9883376276636014
0.9885486646773045
0.9887482420830864
0.9889366553838715
0.9891141895664926
0.9892811183844095
0.9894377037623555
0.9895841953049732
0.9897208298935818
0.9898478313576426
0.9899654102086346
0.9900737634272634
0.9901730742953185
0.9902635122634131
0.9903452328496148
0.9904183775631699
0.9904830738474641
0.9905394350392968
0.9905875603406101
0.9906275347998921
0.9906594293000651
0.9906833005514961
0.9906991910885375
0.9907071292678432
0.9907071292678432
0.9906991910885375
0.9906833005514961
0.9906594293000713
0.9906275347998921
0.9905875603406101
0.9905394350392968
0.9904830738474641
0.9904183775631699
0.9903452328496148
0.9902635122634131
0.9901730742953185
0.9900737634272634
0.9899654102086346
0.9898478313576426
0.9897208298935818
0.9895841953049732
0.9894377037623555
0.9892811183844095
0.9891141895664798
0.9889366553838715
0.9887482420830864
0.9885486646773045
0.9883376276636014
0.9881148258834911
0.9878799455528660
0.9876326654874724
0.9873726585634650
0.9870995934470214
0.9868131366477144
0.9865129549468910
0.9861987182725463
0.9858701031001916
0.9855267964781197
0.9851685007952999
0.9847949394376329
0.9844058635095230
0.9840010598448802
0.9835803605882317
0.9831436547058189
0.9826909019038920
0.9822221495882156
0.9817375537524378
0.9812374050719381
0.9807221621314804
0.9801924948813664
0.9796493436660163
0.9790940040529222
0.9785282601082489
0.9779546296463096
0.9777450597116831
0.9783121869687279
0.9788714637283663
0.9794203894520023
0.9799571968715010
0.9804806064037408
0.9809896926269017
0.9814837992681056
0.9819624800485978
0.9824254551559212
0.9828725779898044
0.9833038090824530
0.9837191952565326
0.9841188527354858
0.9845029533159217
0.9848717129564669
0.9852253823043856
0.9855642387952832
0.9858885800395948
0.9861987182725463
0.9864949756857836
0.9867776804966691
0.9870471636332478
0.9873037559395369
0.9875477858179881
0.9877795772421575
0.9879994480834353
0.9882077087035078
0.9884046607728157
0.9885905962816515
0.9887657967144355
0.9889305323627555
0.9890850617571894
0.9892296311984454
0.9893644743743877
0.9894898120485111
0.9896058518081520
0.9897127878649881
0.9898108008966919
0.9899000579241816
0.9899807122178768
0.9900529032274870
0.9901167565304446
0.9901723837955200
0.9902198827587914
0.9902593372070172
0.9902908169683871
0.9903143779075246
0.9903300619232813
0.9903378969481482
0.9903378969481482
0.9903300619232813
0.9903143779075246
0.9902908169684124
0.9902593372070172
0.9902198827587914
0.9901723837955227
0.9901167565304484
0.9900529032274868
0.9899807122178768
0.9899000579241816
0.9898108008966948
0.9897127878649881
0.9896058518081520
0.9894898120485111
0.9893644743743877
0.9892296311984454
0.9890850617571898
0.9889305323627555
0.9887657967144377
0.9885905962816515
0.9884046607728189
0.9882077087035107
0.9879994480834353
0.9877795772421575
0.9875477858179881
0.9873037559395369
0.9870471636332478
0.9867776804966691
0.9864949756857836
0.9861987182725463
0.9858885800395948
0.9855642387952830
0.9852253823043856
0.9848717129564669
0.9845029533159217
0.9841188527354859
0.9837191952565326
0.9833038090824522
0.9828725779898144
0.9824254551559212
0.9819624800485978
0.9814837992681056
0.9809896926269017
0.9804806064037408
0.9799571968714932
0.9794203894520136
0.9788714637283663
0.9783121869687279
0.9777450597116831
0.9775265708022484
0.9780868171778426
0.9786392524333946
0.9791813952618350
0.9797114970113914
0.9802282957189714
0.9807308823023969
0.9812186153472655
0.9816910618198613
0.9821479534717279
0.9825891535736805
0.9830146308693332
0.9834244388034507
0.9838186987292464
0.9841975861950257
0.9845613196592039
0.9849101511474641
0.9852443584820549
0.9855642387952832
0.9858701031001916
0.9861622717345837
0.9864410705340562
0.9867068276124777
0.9869598706523388
0.9872005246242356
0.9874291098681439
0.9876459404801269
0.9878513229583549
0.9880455550679957
0.9882289248930813
0.9884017100455457
0.9885641770093995
0.9887165805981748
0.9888591635088702
0.9889921559582143
0.9891157753871246
0.9892302262235957
0.9893356996942287
0.9894323736758467
0.9895204125812571
0.9895999672722227
0.9896711749947595
0.9897341593326112
0.9897890301749116
0.9898358836944940
0.9898748023337767
0.9899058547988479
0.9899290960545101
0.9899445673237102
0.9899522960881276
0.9899522960881276
0.9899445673237102
0.9899290960545085
0.9899058547988479
0.9898748023337756
0.9898358836944940
0.9897890301749116
0.9897341593326170
0.9896711749947543
0.9895999672722227
0.9895204125812571
0.9894323736758467
0.9893356996942287
0.9892302262235957
0.9891157753871246
0.9889921559582143
0.9888591635088702
0.9887165805981748
0.9885641770093995
0.9884017100455457
0.9882289248930763
0.9880455550679957
0.9878513229583549
0.9876459404801269
0.9874291098681548
0.9872005246242356
0.9869598706523388
0.9867068276124777
0.9864410705340562
0.9861622717345837
0.9858701031001916
0.9855642387952830
0.9852443584820549
0.9849101511474641
0.9845613196592045
0.9841975861950257
0.9838186987292464
0.9834244388034507
0.9830146308693388
0.9825891535736805
0.9821479534717279
0.9816910618198613
0.9812186153472655
0.9807308823023969
0.9802282957189714
0.9797114970113910
0.9791813952618350
0.9786392524333946
0.9780868171778426
0.9775265708022484
0.9772990266219226
0.9778519957212017
0.9783971968747629
0.9789321702339107
0.9794551878159840
0.9799650071001039
0.9804607368988449
0.9809417519229747
0.9814076333600703
0.9818581252226165
0.9822931010896750
0.9827125381237813
0.9831164963995166
0.9835051022412468
0.9838785346557617
0.9842370142027717
0.9845807938082126
0.9849101511474665
0.9852253823043856
0.9855267964781197
0.9858147115533784
0.9860894503877163
0.9863513376942299
0.9866006974241146
0.9868378505673741
0.9870631133050810
0.9872767954591017
0.9874791991918203
0.9876706179189441
0.9878513354013079
0.9880216249892111
0.9881817489960882
0.9883319581819193
0.9884724913282881
0.9886035748933827
0.9887254227311497
0.9888382358674427
0.9889422023224618
0.9890374969706585
0.9891242814346320
0.9892027040032780
0.9892728995728133
0.9893349896033912
0.9893890820904935
0.9894352715454882
0.9894736389839162
0.9895042519204420
0.9895271643657000
0.9895424168262595
0.9895500363057629
0.9895500363057704
0.9895424168262595
0.9895271643657000
0.9895042519204420
0.9894736389839162
0.9894352715454882
0.9893890820904935
0.9893349896033912
0.9892728995728111
0.9892027040032780
0.9891242814346320
0.9890374969706585
0.9889422023224618
0.9888382358674516
0.9887254227311497
0.9886035748933827
0.9884724913282881
0.9883319581819193
0.9881817489960882
0.9880216249892111
0.9878513354013079
0.9876706179189441
0.9874791991918203
0.9872767954591017
0.9870631133050780
0.9868378505673741
0.9866006974241146
0.9863513376942299
0.9860894503877163
0.9858147115533781
0.9855267964781197
0.9852253823043859
0.9849101511474665
0.9845807938082126
0.9842370142027717
0.9838785346557617
0.9835051022412468
0.9831164963995166
0.9827125381237813
0.9822931010896753
0.9818581252226165
0.9814076333600738
0.9809417519229718
0.9804607368988449
0.9799650071001039
0.9794551878159834
0.9789321702339102
0.9783971968747629
0.9778519957212017
0.9772990266219226
0.9770623029261200
0.9776075786058088
0.9781451338369394
0.9786725327756446
0.9791880704331005
0.9796905257637220
0.9801790271756217
0.9806529668537536
0.9811119412071522
0.9815557071788695
0.9819841490295599
0.9823972524530868
0.9827950840492795
0.9831777748312120
0.9835455068442815
0.9838985022250792
0.9842370142027717
0.9845613196592039
0.9848717129564669
0.9851685007952999
0.9854519979254732
0.9857225235560483
0.9859803983491500
0.9862259418992420
0.9864594706183372
0.9866812959629315
0.9868917229455391
0.9870910488915927
0.9872795623974410
0.9874575424627119
0.9876252577692942
0.9877829660826842
0.9879309137603822
0.9880693353473118
0.9881984532467566
0.9883184774549263
0.9884296053479275
0.9885320215133614
0.9886258976191201
0.9887113923122844
0.9887886511431216
0.9888578065097560
0.9889189776180383
0.9889722704551133
0.9890177777719894
0.9890555790739490
0.9890857406151602
0.9891083153973538
0.9891233431700742
0.9891308504318497
0.9891308504318497
0.9891233431700742
0.9891083153973538
0.9890857406151602
0.9890555790739490
0.9890177777719894
0.9889722704551133
0.9889189776180383
0.9888578065097560
0.9887886511431216
0.9887113923122844
0.9886258976191201
0.9885320215133505
0.9884296053479275
0.9883184774549263
0.9881984532467566
0.9880693353473118
0.9879309137603822
0.9877829660826842
0.9876252577692942
0.9874575424627043
0.9872795623974410
0.9870910488915927
0.9868917229455391
0.9866812959629315
0.9864594706183372
0.9862259418992420
0.9859803983491515
0.9857225235560483
0.9854519979254732
0.9851685007952999
0.9848717129564669
0.9845613196592039
0.9842370142027717
0.9838985022250792
0.9835455068442815
0.9831777748312120
0.9827950840492857
0.9823972524530868
0.9819841490295599
0.9815557071788695
0.9811119412071522
0.9806529668537536
0.9801790271756217
0.9796905257637220
0.9791880704331005
0.9786725327756446
0.9781451338369339
0.9776075786058088
0.9770623029261200
0.9768162906293656
0.9773534359257342
0.9778829132280531
0.9784023136249095
0.9789099577604939
0.9794046483348603
0.9798855352042646
0.9803520294487503
0.9808037436996295
0.9812404484446207
0.9816620388981252
0.9820685092694027
0.9824599324319611
0.9828364436528064
0.9831982274423750
0.9835455068442815
0.9838785346557551
0.9841975861950257
0.9845029533159217
0.9847949394376329
0.9850738554052889
0.9853400160343889
0.9855937372207796
0.9858353335215181
0.9860651161269657
0.9862833911624984
0.9864904582652196
0.9866866093935942
0.9868721278326203
0.9870472873645779
0.9872123515800987
0.9873675733079543
0.9875131941441158
0.9876494440672045
0.9877765411243986
0.9878946911781420
0.9880040877029713
0.9881049116261890
0.9881973312020662
0.9882815019160663
0.9883575664130269
0.9884256544441757
0.9884858828299609
0.9885383554348524
0.9885831631508226
0.9886203838890049
0.9886500825744529
0.9886723111454854
0.9886871085539026
0.9886945007666560
0.9886945007666585
0.9886871085539026
0.9886723111454854
0.9886500825744529
0.9886203838890049
0.9885831631508226
0.9885383554348524
0.9884858828299609
0.9884256544441737
0.9883575664130269
0.9882815019160663
0.9881973312020662
0.9881049116261890
0.9880040877029713
0.9878946911781420
0.9877765411243986
0.9876494440672047
0.9875131941441191
0.9873675733079543
0.9872123515800987
0.9870472873645779
0.9868721278326203
0.9866866093935943
0.9864904582652196
0.9862833911624984
0.9860651161269657
0.9858353335215181
0.9855937372207796
0.9853400160343889
0.9850738554052889
0.9847949394376329
0.9845029533159217
0.9841975861950257
0.9838785346557617
0.9835455068442815
0.9831982274423750
0.9828364436528064
0.9824599324319611
0.9820685092694027
0.9816620388981252
0.9812404484446207
0.9808037436996138
0.9803520294487510
0.9798855352042646
0.9794046483348603
0.9789099577604939
0.9784023136248916
0.9778829132280531
0.9773534359257342
0.9768162906293656
0.9765608994194765
0.9770894554340189
0.9776104016405922
0.9781213594441442
0.9786206781287378
0.9791071866712683
0.9795800583820460
0.9800387247084712
0.9804828154718004
0.9809121152188703
0.9813265302446146
0.9817260630836914
0.9821107924456468
0.9824808572279032
0.9828364436528064
0.9831777748312120
0.9835051022412512
0.9838186987292319
0.9841188527354905
0.9844058635095250
0.9846800371338680
0.9849416832093971
0.9851911120869787
0.9854286325523175
0.9856545498861006
0.9858691642412344
0.9860727692820597
0.9862656510474045
0.9864480869991737
0.9866203452309129
0.9867826838078353
0.9869353502227662
0.9870785809451156
0.9872126010525285
0.9873376239301870
0.9874538510284551
0.9875614716678964
0.9876606628856797
0.9877515893157721
0.9878344030959330
0.9879092437990959
0.9879762383817391
0.9880355011486345
0.9880871337273616
0.9881312250532306
0.9881678513604272
0.9881970761768797
0.9882189503235786
0.9882335119146269
0.9882407863581962
0.9882407863581978
0.9882335119146048
0.9882189503235786
0.9881970761768797
0.9881678513604272
0.9881312250532306
0.9880871337273616
0.9880355011486314
0.9879762383817391
0.9879092437990959
0.9878344030959330
0.9877515893157721
0.9876606628856797
0.9875614716678964
0.9874538510284551
0.9873376239302000
0.9872126010525285
0.9870785809451156
0.9869353502227662
0.9867826838078353
0.9866203452309129
0.9864480869991727
0.9862656510474045
0.9860727692820597
0.9858691642412335
0.9856545498861006
0.9854286325523175
0.9851911120869721
0.9849416832093962
0.9846800371338680
0.9844058635095250
0.9841188527354885
0.9838186987292319
0.9835051022412329
0.9831777748312120
0.9828364436528064
0.9824808572279032
0.9821107924456509
0.9817260630836914
0.9813265302446225
0.9809121152188703
0.9804828154718004
0.9800387247084712
0.9795800583820460
0.9791071866712683
0.9786206781287378
0.9781213594441442
0.9776104016405922
0.9770894554340189
0.9765608994194765
0.9762960619809987
0.9768155467254946
0.9773274865357571
0.9778295370676818
0.9783200796800591
0.9787979724434780
0.9792624142706917
0.9797128584656192
0.9801489529208731
0.9805704965979225
0.9809774067937056
0.9813696939502718
0.9817474419411846
0.9821107924456484
0.9824599324319611
0.9827950840492795
0.9831164963995046
0.9834244388034507
0.9837191952565317
0.9840010598448647
0.9842703329417787
0.9845273180390277
0.9847723191035593
0.9850056383665848
0.9852275744722431
0.9854384209274570
0.9856384648023353
0.9858279856431754
0.9860072545629837
0.9861765334832125
0.9863360745023629
0.9864861193722095
0.9866268990662381
0.9867586334242981
0.9868815308634877
0.9869957881433765
0.9871015901780075
0.9871991098867969
0.9872885080776562
0.9873699333562227
0.9874435220591018
0.9875093982019439
0.9875676734449658
0.9876184470670162
0.9876618059507397
0.9876978245717134
0.9877265649939748
0.9877480768681434
0.9877623974312888
0.9877695515069891
0.9877695515069891
0.9877623974312888
0.9877480768681437
0.9877265649939748
0.9876978245717253
0.9876618059507397
0.9876184470670162
0.9875676734449658
0.9875093982019616
0.9874435220591018
0.9873699333562221
0.9872885080776562
0.9871991098867969
0.9871015901780075
0.9869957881433765
0.9868815308634877
0.9867586334242981
0.9866268990662381
0.9864861193722095
0.9863360745023629
0.9861765334832125
0.9860072545629837
0.9858279856431754
0.9856384648023353
0.9854384209274570
0.9852275744722431
0.9850056383665848
0.9847723191035590
0.9845273180390277
0.9842703329417786
0.9840010598448647
0.9837191952565317
0.9834244388034507
0.9831164963995046
0.9827950840492857
0.9824599324319611
0.9821107924456484
0.9817474419411846
0.9813696939502718
0.9809774067937056
0.9805704965979298
0.9801489529208731
0.9797128584656192
0.9792624142706917
0.9787979724434780
0.9783200796800525
0.9778295370676818
0.9773274865357571
0.9768155467254946
0.9762960619809987
0.9760217389567970
0.9765316461613539
0.9770340811893617
0.9775267385539405
0.9780080356198991
0.9784768626709153
0.9789324464859896
0.9793742636713686
0.9798019809111966
0.9802154116967853
0.9806144839674837
0.9809992153592337
0.9813696939502653
0.9817260630836914
0.9820685092694027
0.9823972524530812
0.9827125381237813
0.9830146308693385
0.9833038090824530
0.9835803605882317
0.9838445790183714
0.9840967607936870
0.9843372026037193
0.9845661992998820
0.9847840421292946
0.9849910172545108
0.9851874045108117
0.9853734763662603
0.9855494970491645
0.9857157218200565
0.9858723963644370
0.9860197562873165
0.9861580266967975
0.9862874218594622
0.9864081449196032
0.9865203876703273
0.9866243303698362
0.9867201415948839
0.9868079781252991
0.9868879848537548
0.9869602947188935
0.9870250286530424
0.9870822955460187
0.9871321922190833
0.9871748034072821
0.9872102017492054
0.9872384477798161
0.9872595899281531
0.9872736645153996
0.9872806957555853
0.9872806957555853
0.9872736645153996
0.9872595899281531
0.9872384477798228
0.9872102017492017
0.9871748034072821
0.9871321922190833
0.9870822955460167
0.9870250286530424
0.9869602947188935
0.9868879848537548
0.9868079781253002
0.9867201415948839
0.9866243303698371
0.9865203876703273
0.9864081449196032
0.9862874218594622
0.9861580266967933
0.9860197562873165
0.9858723963644449
0.9857157218200565
0.9855494970491626
0.9853734763662603
0.9851874045108141
0.9849910172545108
0.9847840421292946
0.9845661992998820
0.9843372026037193
0.9840967607936870
0.9838445790183730
0.9835803605882317
0.9833038090824522
0.9830146308693385
0.9827125381237813
0.9823972524530868
0.9820685092694027
0.9817260630836914
0.9813696939502653
0.9809992153592315
0.9806144839674837
0.9802154116967853
0.9798019809112001
0.9793742636713686
0.9789324464859896
0.9784768626709153
0.9780080356198991
0.9775267385539405
0.9770340811893617
0.9765316461613539
0.9760217389567970
0.9757379248195402
0.9762377227093498
0.9767301305860769
0.9772128872492674
0.9776844505758580
0.9781437464856313
0.9785900319442629
0.9790228081682254
0.9794417610810991
0.9798467184720251
0.9802376181860177
0.9806144839674837
0.9809774067937056
0.9813265302446256
0.9816620388981252
0.9819841490295577
0.9822931010896750
0.9825891535736805
0.9828725779898044
0.9831436547058189
0.9834026695041970
0.9836499107121176
0.9838856668039434
0.9841102243919528
0.9843238665419812
0.9845268713563949
0.9847195107842632
0.9849020496224529
0.9850747446758982
0.9852378440547609
0.9853915865870981
0.9855362013284303
0.9856719071560019
0.9857989124323936
0.9859174147297722
0.9860276006047778
0.9861296454160721
0.9862237131783630
0.9863099564465694
0.9863885162252017
0.9864595218979191
0.9865230911753452
0.9865793300557127
0.9866283327967768
0.9866701818959533
0.9867049480778758
0.9867326902861248
0.9867534556781654
0.9867672796230736
0.9867741857007080
0.9867741857007070
0.9867672796230736
0.9867534556781654
0.9867326902861248
0.9867049480778758
0.9866701818959533
0.9866283327967768
0.9865793300557127
0.9865230911753378
0.9864595218979191
0.9863885162252017
0.9863099564465694
0.9862237131783630
0.9861296454160721
0.9860276006047798
0.9859174147297722
0.9857989124324121
0.9856719071560019
0.9855362013284303
0.9853915865870981
0.9852378440547609
0.9850747446758982
0.9849020496224529
0.9847195107842632
0.9845268713563949
0.9843238665419812
0.9841102243919528
0.9838856668039434
0.9836499107121189
0.9834026695041970
0.9831436547058189
0.9828725779898044
0.9825891535736805
0.9822931010896750
0.9819841490295643
0.9816620388981252
0.9813265302446256
0.9809774067937056
0.9806144839674837
0.9802376181860177
0.9798467184720251
0.9794417610810828
0.9790228081682254
0.9785900319442649
0.9781437464856313
0.9776844505758580
0.9772128872492674
0.9767301305860669
0.9762377227093498
0.9757379248195402
0.9754446548767862
0.9759337849311321
0.9764156185116795
0.9768879451534658
0.9773492684029788
0.9777985535114825
0.9782350899009482
0.9786584044185809
0.9790682022491823
0.9794643247593899
0.9798467184720251
0.9802154116967853
0.9805704965979298
0.9809121152188810
0.9812404484446207
0.9815557071788695
0.9818581252226080
0.9821479534717279
0.9824254551559212
0.9826909019038920
0.9829445704763993
0.9831867400390476
0.9834176898796049
0.9836376974913525
0.9838470369598055
0.9840459776050059
0.9842347828359471
0.9844137091871545
0.9845830055048638
0.9847429122657404
0.9848936610035035
0.9850354738291296
0.9851685630325168
0.9852931307501755
0.9854093686917994
0.9855174579158892
0.9856175686461380
0.9857098601240828
0.9857944804907303
0.9858715666929850
0.9859412444103088
0.9860036279988607
0.9860588204490293
0.9861069133541931
0.9861479868876423
0.9861821097877348
0.9862093393462810
0.9862297214024787
0.9862432903378359
0.9862500690749529
0.9862500690749529
0.9862432903378359
0.9862297214024854
0.9862093393462589
0.9861821097877348
0.9861479868876423
0.9861069133541931
0.9860588204490293
0.9860036279988607
0.9859412444103088
0.9858715666929850
0.9857944804907303
0.9857098601240828
0.9856175686461380
0.9855174579158810
0.9854093686917994
0.9852931307501755
0.9851685630325168
0.9850354738291296
0.9848936610035035
0.9847429122657404
0.9845830055048638
0.9844137091871545
0.9842347828359471
0.9840459776050059
0.9838470369598055
0.9836376974913525
0.9834176898796049
0.9831867400390403
0.9829445704763951
0.9826909019038920
0.9824254551559212
0.9821479534717279
0.9818581252226165
0.9815557071788695
0.9812404484446207
0.9809121152188810
0.9805704965979298
0.9802154116967853
0.9798467184720363
0.9794643247593944
0.9790682022491823
0.9786584044185809
0.9782350899009482
0.9777985535114825
0.9773492684029788
0.9768879451534658
0.9764156185116795
0.9759337849311321
0.9754446548767862
0.9751420137218019
0.9756198894349415
0.9760905761969114
0.9765519219951090
0.9770024819188050
0.9774412644225287
0.9778675934101989
0.9782810218701786
0.9786812736295974
0.9790682022491823
0.9794417610810828
0.9798019809111966
0.9801489529208731
0.9804828154718004
0.9808037436996295
0.9811119412071522
0.9814076333600738
0.9816910618198613
0.9819624800485978
0.9822221495882124
0.9824703369598827
0.9827073110709561
0.9829333410353480
0.9831486943389032
0.9833536352885822
0.9835484237039229
0.9837333138085000
0.9839085532929679
0.9840743825232592
0.9842310338714576
0.9843787311533384
0.9845176891545417
0.9846481132338663
0.9847701989930427
0.9848841320014922
0.9849900875693437
0.9850882305616634
0.9851787152457235
0.9852616851690603
0.9853372730610785
0.9854056007552421
0.9854667791279305
0.9855209080520434
0.9855680763616084
0.9856083618243046
0.9856418311235010
0.9856685398433861
0.9856885324601260
0.9857018423352870
0.9857084917119395
0.9857084917119395
0.9857018423352870
0.9856885324601260
0.9856685398433861
0.9856418311235010
0.9856083618243046
0.9855680763616200
0.9855209080520434
0.9854667791279307
0.9854056007552421
0.9853372730610664
0.9852616851690603
0.9851787152457235
0.9850882305616634
0.9849900875693437
0.9848841320014922
0.9847701989930427
0.9846481132338663
0.9845176891545417
0.9843787311533384
0.9842310338714576
0.9840743825232592
0.9839085532929679
0.9837333138085000
0.9835484237039229
0.9833536352885822
0.9831486943389027
0.9829333410353480
0.9827073110709554
0.9824703369598827
0.9822221495882156
0.9819624800485978
0.9816910618198613
0.9814076333600738
0.9811119412071522
0.9808037436996295
0.9804828154718004
0.9801489529208731
0.9798019809111966
0.9794417610810828
0.9790682022491823
0.9786812736295900
0.9782810218701786
0.9778675934101979
0.9774412644225287
0.9770024819188050
0.9765519219951090
0.9760905761969065
0.9756198894349415
0.9751420137218019
0.9748301455607475
0.9752961512465741
0.9757550930244050
0.9762048866353897
0.9766441453062864
0.9770719245278204
0.9774875841425394
0.9778907029461212
0.9782810218701786
0.9786584044185803
0.9790228081682254
0.9793742636713686
0.9797128584656192
0.9800387247084712
0.9803520294487509
0.9806529668537536
0.9809417519229736
0.9812186153472655
0.9814837992681056
0.9817375537524378
0.9819801338441954
0.9822117970883788
0.9824328014413843
0.9826434035027140
0.9828438570181177
0.9830344116060974
0.9832153116783972
0.9833867955222336
0.9835490945205175
0.9837024324916812
0.9838470251300285
0.9839830795332475
0.9841107938050146
0.9842303567198558
0.9843419474454922
0.9844457353095069
0.9845418796071829
0.9846305294441891
0.9847118236068062
0.9847858904577459
0.9848528478518027
0.9849128030697023
0.9849658527647653
0.9850120829229992
0.9850515688315152
0.9850843750545226
0.9851105554168400
0.9851301529905256
0.9851432000865480
0.9851497182481634
0.9851497182481634
0.9851432000865428
0.9851301529905256
0.9851105554168387
0.9850843750545226
0.9850515688315152
0.9850120829230042
0.9849658527647653
0.9849128030697135
0.9848528478518106
0.9847858904577459
0.9847118236068062
0.9846305294441891
0.9845418796071829
0.9844457353095069
0.9843419474454922
0.9842303567198496
0.9841107938050146
0.9839830795332475
0.9838470251300285
0.9837024324916812
0.9835490945205175
0.9833867955222336
0.9832153116783972
0.9830344116060993
0.9828438570181177
0.9826434035027140
0.9824328014413837
0.9822117970883788
0.9819801338441954
0.9817375537524412
0.9814837992681056
0.9812186153472655
0.9809417519229715
0.9806529668537536
0.9803520294487343
0.9800387247084712
0.9797128584656192
0.9793742636713686
0.9790228081682254
0.9786584044185803
0.9782810218701786
0.9778907029461212
0.9774875841425394
0.9770719245278204
0.9766441453062864
0.9762048866353956
0.9757550930244070
0.9752961512465741
0.9748301455607500
0.9745092670506074
0.9749627567648125
0.9754093300867214
0.9758469817632393
0.9762743903457273
0.9766906617079111
0.9770951919877685
0.9774875841425394
0.9778675934101989
0.9782350899009482
0.9785900319442629
0.9789324464859896
0.9792624142706917
0.9795800583820460
0.9798855352042646
0.9801790271756217
0.9804607368988449
0.9807308823023969
0.9809896926269017
0.9812374050719381
0.9814742619762858
0.9817005084388094
0.9819163902994623
0.9821221524244991
0.9823180372449700
0.9825042835113699
0.9826811252294864
0.9828487907538234
0.9830075020126318
0.9831574738489852
0.9832989134593361
0.9834320199167548
0.9835569837672488
0.9836739866893442
0.9837832012067337
0.9838847904477092
0.9839789079454961
0.9840656974705934
0.9841452928942632
0.9842178180760142
0.9842833867711801
0.9843421025579312
0.9843940587772343
0.9844393384867397
0.9844780144234323
0.9845101489751545
0.9845357941594906
0.9845549916070865
0.9845677725505050
0.9845741578150697
0.9845741578150697
0.9845677725505050
0.9845549916070865
0.9845357941594906
0.9845101489751545
0.9844780144234292
0.9844393384867397
0.9843940587772343
0.9843421025579312
0.9842833867711854
0.9842178180760142
0.9841452928942632
0.9840656974705934
0.9839789079454961
0.9838847904477092
0.9837832012067337
0.9836739866893442
0.9835569837672488
0.9834320199167548
0.9832989134593280
0.9831574738489852
0.9830075020126318
0.9828487907538234
0.9826811252294864
0.9825042835113640
0.9823180372449700
0.9821221524244992
0.9819163902994623
0.9817005084388074
0.9814742619762858
0.9812374050719381
0.9809896926269017
0.9807308823023969
0.9804607368988449
0.9801790271756211
0.9798855352042646
0.9795800583820460
0.9792624142706917
0.9789324464859896
0.9785900319442629
0.9782350899009482
0.9778675934101979
0.9774875841425394
0.9770951919877685
0.9766906617079111
0.9762743903457273
0.9758469817632393
0.9754093300867214
0.9749627567648125
0.9745092670506074
0.9741796836141997
0.9746199803481332
0.9750535378640269
0.9754784434889022
0.9758934483957358
0.9762977108478710
0.9766906617079111
0.9770719245278204
0.9774412644225287
0.9777985535114825
0.9781437464856313
0.9784768626709154
0.9787979724434769
0.9791071866712683
0.9794046483348603
0.9796905257637220
0.9799650071001039
0.9802282957189714
0.9804806064037408
0.9807221621314804
0.9809531913541909
0.9811739256899908
0.9813845979562099
0.9815854404881511
0.9817766837005333
0.9819585548548665
0.9821312770022361
0.9822950680771151
0.9824501401208362
0.9825966986159888
0.9827349419179499
0.9828650607688990
0.9829872378848089
0.9831016476029446
0.9832084555852876
0.9833078185666368
0.9833998841428964
0.9834847905953814
0.9835626667422575
0.9836336318169046
0.9836977953676885
0.9837552571744612
0.9838061071830185
0.9838504254506010
0.9838882821023193
0.9839197372985944
0.9839448412073254
0.9839636339844620
0.9839761457591041
0.9839823966226934
0.9839823966226934
0.9839761457591041
0.9839636339844620
0.9839448412073254
0.9839197372985944
0.9838882821023193
0.9838504254506010
0.9838061071830185
0.9837552571744612
0.9836977953676885
0.9836336318169046
0.9835626667422575
0.9834847905953814
0.9833998841428989
0.9833078185666368
0.9832084555852876
0.9831016476029446
0.9829872378848112
0.9828650607688990
0.9827349419179499
0.9825966986159888
0.9824501401208362
0.9822950680771151
0.9821312770022361
0.9819585548548665
0.9817766837005333
0.9815854404881452
0.9813845979562099
0.9811739256899860
0.9809531913541929
0.9807221621314804
0.9804806064037408
0.9802282957189714
0.9799650071001039
0.9796905257637220
0.9794046483348603
0.9791071866712683
0.9787979724434769
0.9784768626709154
0.9781437464856313
0.9777985535114825
0.9774412644225287
0.9770719245278204
0.9766906617079111
0.9762977108478710
0.9758934483957358
0.9754784434889022
0.9750535378640269
0.9746199803481332
0.9741796836142040
0.9738418107861211
0.9742682062620585
0.9746880802594007
0.9750996286899549
0.9755016814792938
0.9758934483957358
0.9762743903457273
0.9766441453062864
0.9770024819188050
0.9773492684029788
0.9776844505758580
0.9780080356198991
0.9783200796800525
0.9786206781287361
0.9789099577604939
0.9791880704331005
0.9794551878159834
0.9797114970113910
0.9799571968714996
0.9801924948813664
0.9804176045089448
0.9806327429407761
0.9808381291427531
0.9810339821956389
0.9812205198637255
0.9813979573619315
0.9815665062954451
0.9817263737449431
0.9818777614801472
0.9820208652821613
0.9821558743623566
0.9822829708624670
0.9824023294274785
0.9825141168399231
0.9826184917088272
0.9827156042043413
0.9828055958343722
0.9828885992549737
0.9829647381110276
0.9830341269035527
0.9830968708790931
0.9831530659373413
0.9832027985563249
0.9832461457302671
0.9832831749200974
0.9833139440126394
0.9833385012902227
0.9833568854051614
0.9833691253617536
0.9833752405032693
0.9833752405032693
0.9833691253617536
0.9833568854051614
0.9833385012902227
0.9833139440126394
0.9832831749200974
0.9832461457302671
0.9832027985563249
0.9831530659373413
0.9830968708790958
0.9830341269035527
0.9829647381110276
0.9828885992549737
0.9828055958343740
0.9827156042043413
0.9826184917088348
0.9825141168399231
0.9824023294274942
0.9822829708624670
0.9821558743623566
0.9820208652821613
0.9818777614801472
0.9817263737449431
0.9815665062954451
0.9813979573619315
0.9812205198637255
0.9810339821956389
0.9808381291427531
0.9806327429407761
0.9804176045089448
0.9801924948813664
0.9799571968714932
0.9797114970113910
0.9794551878159834
0.9791880704331005
0.9789099577604939
0.9786206781287378
0.9783200796800525
0.9780080356198991
0.9776844505758580
0.9773492684029788
0.9770024819188050
0.9766441453062864
0.9762743903457273
0.9758934483957358
0.9755016814792938
0.9750996286899549
0.9746880802594007
0.9742682062620586
0.9738418107861211
0.9734962032908480
0.9739079591597439
0.9743134693082773
0.9747110556110449
0.9750996286899549
0.9754784434889014
0.9758469817632393
0.9762048866353897
0.9765519219951090
0.9768879451534658
0.9772128872492685
0.9775267385539405
0.9778295370676818
0.9781213594441442
0.9784023136248916
0.9786725327756446
0.9789321702339102
0.9791813952618350
0.9794203894520023
0.9796493436660163
0.9798684554169695
0.9800779266236678
0.9802779616779933
0.9804687657778334
0.9806505434888347
0.9808234975002298
0.9809878275497967
0.9811437294934796
0.9812913945020665
0.9814310083653565
0.9815627508934616
0.9816867953998155
0.9818033082552586
0.9819124485067192
0.9820143675493217
0.9821092088456513
0.9821971076874804
0.9822781909921953
0.9823525771307570
0.9824203757823081
0.9824816878131432
0.9825366051733342
0.9825852108124075
0.9826275786101464
0.9826637733176028
0.9826938505120189
0.9827178565587618
0.9827358285824547
0.9827477944448622
0.9827537727290760
0.9827537727290760
0.9827477944448622
0.9827358285824548
0.9827178565587618
0.9826938505120189
0.9826637733176028
0.9826275786101483
0.9825852108124075
0.9825366051733342
0.9824816878131432
0.9824203757823081
0.9823525771307570
0.9822781909922186
0.9821971076874804
0.9821092088456513
0.9820143675493217
0.9819124485067192
0.9818033082552586
0.9816867953998155
0.9815627508934616
0.9814310083653630
0.9812913945020665
0.9811437294934796
0.9809878275497967
0.9808234975002209
0.9806505434888347
0.9804687657778332
0.9802779616779933
0.9800779266236678
0.9798684554169695
0.9796493436660163
0.9794203894520023
0.9791813952618350
0.9789321702339102
0.9786725327756446
0.9784023136248916
0.9781213594441442
0.9778295370676818
0.9775267385539405
0.9772128872492674
0.9768879451534658
0.9765519219951090
0.9762048866353888
0.9758469817632393
0.9754784434889022
0.9750996286899549
0.9747110556110449
0.9743134693082773
0.9739079591597540
0.9734962032908480
0.9731435970189480
0.9735399497135345
0.9739304200303347
0.9743134693082773
0.9746880802594007
0.9750535378640269
0.9754093300867214
0.9757550930244070
0.9760905761969114
0.9764156185116921
0.9767301305860669
0.9770340811893617
0.9773274865357577
0.9776104016405922
0.9778829132280531
0.9781451338369394
0.9783971968747629
0.9786392524334027
0.9788714637283663
0.9790940040529221
0.9793070541620101
0.9795108000187382
0.9797054308484779
0.9798911374541355
0.9800681107577841
0.9802365405343866
0.9803966143145739
0.9805485164311768
0.9806924271926369
0.9808285221653760
0.9809569715530404
0.9810779396573771
0.9811915844141137
0.9812980569904777
0.9813975014391182
0.9814900544015799
0.9815758448517253
0.9816549938783771
0.9817276144983020
0.9817938114986081
0.9818536813019437
0.9819073118542793
0.9819547825294037
0.9819961640504608
0.9820315184241832
0.9820608988879878
0.9820843498663087
0.9821019069370642
0.9821135968052148
0.9821194372844682
0.9821194372844682
0.9821135968052148
0.9821019069370642
0.9820843498663087
0.9820608988879861
0.9820315184241832
0.9819961640504608
0.9819547825294037
0.9819073118542789
0.9818536813019437
0.9817938114986273
0.9817276144983020
0.9816549938783771
0.9815758448517253
0.9814900544015799
0.9813975014391182
0.9812980569904777
0.9811915844141137
0.9810779396573771
0.9809569715530404
0.9808285221653760
0.9806924271926369
0.9805485164311768
0.9803966143145739
0.9802365405343866
0.9800681107577841
0.9798911374541355
0.9797054308484779
0.9795108000187382
0.9793070541620101
0.9790940040529222
0.9788714637283663
0.9786392524333947
0.9783971968747629
0.9781451338369394
0.9778829132280531
0.9776104016405922
0.9773274865357577
0.9770340811893617
0.9767301305860669
0.9764156185116755
0.9760905761969065
0.9757550930244091
0.9754093300867214
0.9750535378640269
0.9746880802594007
0.9743134693082773
0.9739304200303347
0.9735399497135345
0.9731435970189480
0.9727849753567404
0.9731651523857029
0.9735399497135345
0.9739079591597540
0.9742682062620586
0.9746199803481332
0.9749627567648125
0.9752961512465741
0.9756198894349415
0.9759337849311321
0.9762377227093498
0.9765316461613536
0.9768155467254946
0.9770894554340189
0.9773534359257328
0.9776075786058088
0.9778519957212017
0.9780868171778426
0.9783121869687279
0.9785282601082539
0.9787351999917562
0.9789331761145972
0.9791223620961539
0.9793029339659715
0.9794750686743126
0.9796389427970270
0.9797947314080508
0.9799426070985607
0.9800827391224464
0.9802152926533897
0.9803404281382779
0.9804583007351584
0.9805690598260886
0.9806728485940764
0.9807698036569268
0.9808600547514428
0.9809437244603547
0.9810209279786255
0.9810917729105061
0.9811563590996082
0.9812147784801996
0.9812671149538259
0.9813134442841294
0.9813538340075655
0.9813883433610237
0.9814170232204311
0.9814399160520119
0.9814570558729537
0.9814684682213108
0.9814741701344852
0.9814741701344953
0.9814684682213108
0.9814570558729533
0.9814399160520109
0.9814170232204307
0.9813883433610237
0.9813538340075655
0.9813134442841294
0.9812671149538259
0.9812147784802018
0.9811563590996082
0.9810917729105061
0.9810209279786255
0.9809437244603547
0.9808600547514431
0.9807698036569268
0.9806728485940764
0.9805690598260886
0.9804583007351536
0.9803404281382764
0.9802152926533897
0.9800827391224470
0.9799426070985607
0.9797947314080508
0.9796389427970270
0.9794750686743151
0.9793029339659716
0.9791223620961539
0.9789331761145972
0.9787351999917562
0.9785282601082539
0.9783121869687279
0.9780868171778426
0.9778519957212017
0.9776075786058088
0.9773534359257328
0.9770894554340189
0.9768155467254946
0.9765316461613539
0.9762377227093498
0.9759337849311321
0.9756198894349415
0.9752961512465741
0.9749627567648125
0.9746199803481332
0.9742682062620585
0.9739079591597540
0.9735399497135345
0.9731651523857029
0.9727849753567394
0.9724216919804809
0.9727849753567404
0.9731435970189480
0.9734962032908480
0.9738418107861166
0.9741796836142040
0.9745092670506119
0.9748301455607475
0.9751420137218068
0.9754446548767862
0.9757379248195402
0.9760217389567970
0.9762960619809987
0.9765608994194765
0.9768162906293698
0.9770623029261053
0.9772990266219226
0.9775265708022420
0.9777450597116831
0.9779546296463096
0.9781554262717477
0.9783476023008317
0.9785313154782348
0.9787067268286006
0.9788739991307310
0.9790332955872533
0.9791847786641803
0.9793286090780979
0.9794649449118346
0.9795939408433696
0.9797157474717485
0.9798305107311087
0.9799383713781515
0.9800394645481130
0.9801339193674852
0.9802218586180261
0.9803033984469635
0.9803786481148669
0.9804477097790596
0.9805106783076256
0.9805676411192467
0.9806186780469484
0.9806638612223476
0.9807032549777143
0.9807369157638645
0.9807648920827036
0.9807872244311467
0.9808039452573152
0.9808150789260086
0.9808206416942854
0.9808206416942854
0.9808150789260086
0.9808039452573148
0.9807872244311485
0.9807648920827036
0.9807369157638645
0.9807032549777143
0.9806638612223476
0.9806186780469484
0.9805676411192467
0.9805106783076256
0.9804477097790596
0.9803786481148669
0.9803033984469635
0.9802218586180261
0.9801339193674852
0.9800394645481130
0.9799383713781503
0.9798305107311087
0.9797157474717485
0.9795939408433696
0.9794649449118346
0.9793286090780979
0.9791847786641803
0.9790332955872533
0.9788739991307310
0.9787067268286006
0.9785313154782348
0.9783476023008317
0.9781554262717477
0.9779546296463096
0.9777450597116831
0.9775265708022423
0.9772990266219226
0.9770623029261200
0.9768162906293656
0.9765608994194765
0.9762960619809987
0.9760217389567970
0.9757379248195402
0.9754446548767862
0.9751420137218068
0.9748301455607475
0.9745092670506074
0.9741796836141994
0.9738418107861166
0.9734962032908480
0.9731435970189480
0.9727849753567404
0.9724216919804809
